District,candidate_name,expenditure_amount,expenditure_date,recipient,city,state,zip,expenditure_type,explanation
House District 01,"MABREY, JAVIER",5.0,2025-01-02 00:00:00,First Bank,Lakewood,CO,80235,Bank Fees,
House District 01,"MABREY, JAVIER",42.16,2025-01-06 00:00:00,Go Daddy,Scottsdale,AZ,85260,Office Equipment & Supplies,
House District 01,"MABREY, JAVIER",31.53,2025-01-06 00:00:00,Go Daddy,Scottsdale,AZ,85260,Office Equipment & Supplies,
House District 01,"MABREY, JAVIER",35.92,2025-01-06 00:00:00,Walnut Cafe,Boulder,CO,80305,"Food, Beverages and Meals",
House District 01,"MABREY, JAVIER",38.38,2025-01-08 00:00:00,Mailchimp,Atlanta,GA,30308,Office Equipment & Supplies,
House District 01,"MABREY, JAVIER",415.63,2025-01-08 00:00:00,Yummy Hot Pot,Denver,CO,80219,"Food, Beverages and Meals",
House District 01,"MABREY, JAVIER",31.53,2025-01-13 00:00:00,Go Daddy,Scottsdale,AZ,85260,Office Equipment & Supplies,
House District 01,"MABREY, JAVIER",107.17,2025-01-22 00:00:00,Donn Bruns,Arvada,CO,80005,Miscellaneous,
House District 01,"MABREY, JAVIER",47.99,2025-01-29 00:00:00,Go Daddy,Scottsdale,AZ,85260,Office Equipment & Supplies,
House District 01,"MABREY, JAVIER",56.17,2025-01-31 00:00:00,Santiago Mexican Restuarant,Denver,CO,80260,"Food, Beverages and Meals",
House District 01,"MABREY, JAVIER",2.0,2025-01-31 00:00:00,First Bank,Lakewood,CO,80235,Bank Fees,
House District 01,"MABREY, JAVIER",5.0,2025-02-03 00:00:00,First Bank,Lakewood,CO,80235,Bank Fees,
House District 01,"MABREY, JAVIER",27.12,2025-02-10 00:00:00,Winchell'S Donut,Denver,CO,80219,"Food, Beverages and Meals",
House District 01,"MABREY, JAVIER",31.53,2025-02-25 00:00:00,Go Daddy,Scottsdale,AZ,85260,Office Equipment & Supplies,
House District 01,"MABREY, JAVIER",38.38,2025-02-28 00:00:00,Mailchimp,Atlanta,GA,30308,Office Equipment & Supplies,
House District 01,"MABREY, JAVIER",2.0,2025-02-28 00:00:00,First Bank,Lakewood,CO,80235,Bank Fees,
House District 01,"MABREY, JAVIER",5.0,2025-03-03 00:00:00,First Bank,Lakewood,CO,80235,Bank Fees,
House District 01,"MABREY, JAVIER",2000.0,2025-03-17 00:00:00,Dan  Cao,Berkeley,CA,94704,Consultant & Professional Services,
House District 01,"MABREY, JAVIER",31.53,2025-03-28 00:00:00,Go Daddy,Scottsdale,AZ,85260,Office Equipment & Supplies,
House District 01,"MABREY, JAVIER",1500.0,2025-03-28 00:00:00,Colorado Women'S Hall Of Fame,Denver,CO,80111,Contributions,
House District 01,"MABREY, JAVIER",2.0,2025-03-31 00:00:00,First Bank,Lakewood,CO,80235,Bank Fees,
House District 01,"MABREY, JAVIER",5.0,2025-04-01 00:00:00,First Bank,Lakewood,CO,80235,Bank Fees,
House District 01,"MABREY, JAVIER",154.4,2025-04-02 00:00:00,The Bronze Empire,Denver,CO,80222,"Food, Beverages and Meals",
House District 01,"MABREY, JAVIER",180.66,2025-04-07 00:00:00,The Bronze Empire,Denver,CO,80222,"Food, Beverages and Meals",
House District 01,"MABREY, JAVIER",53.46,2025-04-14 00:00:00,Einstein'S Bagels,Lakewood,CO,80226,"Food, Beverages and Meals",
House District 01,"MABREY, JAVIER",50.0,2025-04-14 00:00:00,Veterans Of Foreign Wars Denver,Denver,CO,80227,Rent & Utilities,
House District 01,"MABREY, JAVIER",30.0,2025-04-18 00:00:00,The Irish Rover,Denver,CO,80209,"Food, Beverages and Meals",
House District 01,"MABREY, JAVIER",151.45,2025-04-21 00:00:00,Com Nha Kitchen & Bar,Denver,CO,80227,"Food, Beverages and Meals",
House District 01,"MABREY, JAVIER",31.53,2025-04-25 00:00:00,Go Daddy,Scottsdale,AZ,85260,Office Equipment & Supplies,
House District 01,"MABREY, JAVIER",38.38,2025-04-28 00:00:00,Mailchimp,Atlanta,GA,30308,Office Equipment & Supplies,
House District 01,"MABREY, JAVIER",400.0,2025-04-28 00:00:00,Colorado Secretary Of State,Denver,CO,80290,Other,Campaign Finance Late Filing Penalty
House District 01,"MABREY, JAVIER",115.86,2025-04-30 00:00:00,The Bronze Empire,Denver,CO,80222,"Food, Beverages and Meals",
House District 01,"MABREY, JAVIER",2.0,2025-04-30 00:00:00,First Bank,Lakewood,CO,80235,Bank Fees,
House District 01,"MABREY, JAVIER",5.0,2025-05-01 00:00:00,First Bank,Lakewood,CO,80235,Bank Fees,
House District 01,"MABREY, JAVIER",33.7,2025-05-05 00:00:00,Ratio Beerworks,Denver,CO,80205,"Food, Beverages and Meals",
House District 01,"MABREY, JAVIER",121.52,2025-05-05 00:00:00,Barcelona Wine Bar,Denver,CO,80205,"Food, Beverages and Meals",
House District 01,"MABREY, JAVIER",331.03,2025-05-15 00:00:00,The Asian Cajun,Denver,CO,80223,"Food, Beverages and Meals",
House District 01,"MABREY, JAVIER",31.53,2025-05-27 00:00:00,Go Daddy,Scottsdale,AZ,85260,Office Equipment & Supplies,
House District 01,"MABREY, JAVIER",38.38,2025-05-28 00:00:00,Mailchimp,Atlanta,GA,30308,Office Equipment & Supplies,
House District 01,"MABREY, JAVIER",5.0,2025-05-30 00:00:00,First Bank,Lakewood,CO,80235,Bank Fees,
House District 01,"MABREY, JAVIER",2.0,2025-06-02 00:00:00,First Bank,Lakewood,CO,80235,Bank Fees,
House District 01,"MABREY, JAVIER",61.62,2025-06-09 00:00:00,Com Nha Kitchen & Bar,Denver,CO,80227,"Food, Beverages and Meals",
House District 01,"MABREY, JAVIER",1000.0,2025-06-23 00:00:00,Karen  Valenzuela,Denver,CO,80222,Consultant & Professional Services,
House District 01,"MABREY, JAVIER",46.66,2025-06-25 00:00:00,Ratio Beerworks,Denver,CO,80205,"Food, Beverages and Meals",
House District 01,"MABREY, JAVIER",31.53,2025-06-25 00:00:00,Go Daddy,Scottsdale,AZ,85260,Office Equipment & Supplies,
House District 01,"MABREY, JAVIER",38.38,2025-06-26 00:00:00,Mailchimp,Atlanta,GA,30308,Office Equipment & Supplies,
House District 01,"MABREY, JAVIER",5.93,2025-06-29 00:00:00,Actblue,Somerville,MA,02144,Fundraising Expenses,
House District 01,"MABREY, JAVIER",54.06,2025-06-30 00:00:00,Com Nha Kitchen & Bar,Denver,CO,80227,"Food, Beverages and Meals",
House District 01,"MABREY, JAVIER",2.0,2025-06-30 00:00:00,First Bank,Lakewood,CO,80235,Bank Fees,
House District 01,"MABREY, JAVIER",5.0,2025-07-01 00:00:00,First Bank,Lakewood,CO,80235,Bank Fees,
House District 01,"MABREY, JAVIER",31.53,2025-07-27 00:00:00,Godaddy .Com,Scottsdale,AZ,85260,Office Equipment & Supplies,
House District 01,"MABREY, JAVIER",38.38,2025-07-28 00:00:00,Mailchimp,Atlanta,GA,30308,Office Equipment & Supplies,
House District 01,"MABREY, JAVIER",2.0,2025-07-30 00:00:00,First Bank,Lakewood,CO,80235,Bank Fees,
House District 01,"MABREY, JAVIER",105.0,2025-08-01 00:00:00,Westwood Community Center,Denver,CO,80219,Other,Renting Space For A Town Hall
House District 01,"MABREY, JAVIER",5.0,2025-08-01 00:00:00,First Bank,Lakewood,CO,80235,Bank Fees,
House District 01,"MABREY, JAVIER",82.5,2025-08-04 00:00:00,Dirty Duck Bar,Denver,CO,80222,"Food, Beverages and Meals",
House District 01,"MABREY, JAVIER",1000.0,2025-08-07 00:00:00,Colorado Democratic Party Political Committee,Denver,CO,80203,Contributions,
House District 01,"MABREY, JAVIER",1500.0,2025-08-07 00:00:00,Dan  Cao,Berkeley,CA,94704,Consultant & Professional Services,
House District 01,"MABREY, JAVIER",15.6,2025-08-11 00:00:00,Oasis Panaderia,Denver,CO,80227,"Food, Beverages and Meals",
House District 01,"MABREY, JAVIER",31.53,2025-08-25 00:00:00,Godaddy .Com,Scottsdale,AZ,85260,Office Equipment & Supplies,
House District 01,"MABREY, JAVIER",38.38,2025-08-28 00:00:00,Mailchimp,Atlanta,GA,30308,Office Equipment & Supplies,
House District 01,"MABREY, JAVIER",2.0,2025-08-29 00:00:00,First Bank,Lakewood,CO,80235,Bank Fees,
House District 01,"MABREY, JAVIER",5.0,2025-09-02 00:00:00,First Bank,Lakewood,CO,80235,Bank Fees,
House District 01,"MABREY, JAVIER",43.81,2025-09-08 00:00:00,Las Dos Americas Tortilleria,Denver,CO,80022,"Food, Beverages and Meals",
House District 01,"MABREY, JAVIER",441.9,2025-09-09 00:00:00,Office Depot,Lakewood,CO,80226,Office Equipment & Supplies,
House District 01,"MABREY, JAVIER",61.25,2025-09-09 00:00:00,Office Depot,Lakewood,CO,80226,Office Equipment & Supplies,
House District 01,"MABREY, JAVIER",250.0,2025-09-13 00:00:00,National Hispanic Conference Of State Legislators,Washington,DC,20005,Miscellaneous,
House District 01,"MABREY, JAVIER",145.0,2025-09-17 00:00:00,Margaret  Gomez,Denver,CO,80205,Consultant & Professional Services,
House District 01,"MABREY, JAVIER",35.0,2025-09-18 00:00:00,Grand Hyatt,Vail,CO,81657,Travel & Lodging,
House District 01,"MABREY, JAVIER",1300.0,2025-09-18 00:00:00,Com Nha Kitchen & Bar,Denver,CO,80227,"Food, Beverages and Meals",
House District 01,"MABREY, JAVIER",31.53,2025-09-27 00:00:00,Godaddy .Com,Scottsdale,AZ,85260,Office Equipment & Supplies,
House District 01,"MABREY, JAVIER",305.01,2025-09-28 00:00:00,Actblue,Somerville,MA,02144,Fundraising Expenses,
House District 01,"MABREY, JAVIER",38.38,2025-09-28 00:00:00,Mailchimp,Atlanta,GA,30308,Office Equipment & Supplies,
House District 01,"MABREY, JAVIER",5.0,2025-09-30 00:00:00,First Bank,Lakewood,CO,80235,Bank Fees,
House District 01,"MABREY, JAVIER",6.49,2024-12-09 00:00:00,Canva,Austin,TX,78701,Office Equipment & Supplies,
House District 01,"MABREY, JAVIER",2.0,2024-12-31 00:00:00,First Bank,Lakewood,CO,80235,Bank Fees,
House District 01,"MABREY, JAVIER",5.0,2025-10-01 00:00:00,First Bank,Lakewood,CO,80235,Bank Fees,
House District 01,"MABREY, JAVIER",450.0,2025-10-10 00:00:00,Margaret  Gomez,Denver,CO,80205,Consultant & Professional Services,
House District 01,"MABREY, JAVIER",2000.0,2025-10-24 00:00:00,Colorado Democratic Party,Denver,CO,80203,Contributions,
House District 01,"MABREY, JAVIER",31.53,2025-10-27 00:00:00,Go Daddy,Scottsdale,AZ,85260,Office Equipment & Supplies,
House District 01,"MABREY, JAVIER",38.38,2025-10-28 00:00:00,Mailchimp,Atlanta,GA,30308,Office Equipment & Supplies,
House District 01,"MABREY, JAVIER",5.0,2025-11-03 00:00:00,First Bank,Lakewood,CO,80235,Bank Fees,
House District 01,"MABREY, JAVIER",143.04,2025-11-24 00:00:00,Iron Star Bbq,Oklahoma City,OK,73118,"Food, Beverages and Meals",
House District 01,"MABREY, JAVIER",31.53,2025-11-27 00:00:00,Godaddy .Com,Scottsdale,AZ,85260,Office Equipment & Supplies,
House District 01,"MABREY, JAVIER",38.38,2025-11-28 00:00:00,Mailchimp,Atlanta,GA,30308,Office Equipment & Supplies,
House District 01,"MABREY, JAVIER",2.0,2025-11-28 00:00:00,First Bank,Lakewood,CO,80235,Bank Fees,
House District 01,"MABREY, JAVIER",5.0,2025-12-01 00:00:00,First Bank,Lakewood,CO,80235,Bank Fees,
House District 01,"MABREY, JAVIER",700.0,2025-12-09 00:00:00,Karen  Valenzuela,Denver,CO,80222,Consultant & Professional Services,
House District 01,"MABREY, JAVIER",500.0,2025-12-09 00:00:00,Colorado Latino Leadership Advocacy & Research Organization,Denver,CO,80204,Contributions,
House District 01,"MABREY, JAVIER",2500.0,2025-12-12 00:00:00,Colorado House Democrats Petty Cash Fund,Denver,CO,80203,Contributions,
House District 01,"MABREY, JAVIER",30.87,2025-12-12 00:00:00,Actblue,Somerville,MA,02144,Fundraising Expenses,
House District 01,"MABREY, JAVIER",31.53,2025-12-26 00:00:00,Godaddy .Com,Scottsdale,AZ,85260,Office Equipment & Supplies,
House District 01,"MABREY, JAVIER",38.38,2025-12-29 00:00:00,Mailchimp,Atlanta,GA,30308,Office Equipment & Supplies,
House District 01,"MABREY, JAVIER",2.0,2025-12-31 00:00:00,First Bank,Lakewood,CO,80235,Bank Fees,
House District 01,"MABREY, JAVIER",31.6,2025-12-31 00:00:00,Office Depot,Lakewood,CO,80226,Office Equipment & Supplies,
House District 01,"MONTOYA, JOSEPH",,,,,,,,
House District 02,"BALDERMANN, SCOTT",,,,,,,,
House District 02,"NEIL, MICHAEL",95.49,2025-08-18 00:00:00,Act Blue Inc.,Somerville,MA,02144,Bank Fees,
House District 02,"NEIL, MICHAEL",98.88,2025-08-26 00:00:00,Act Blue Inc.,Somerville,MA,02144,Bank Fees,
House District 02,"NEIL, MICHAEL",37.13,2025-09-04 00:00:00,Act Blue Inc.,Somerville,MA,02144,Bank Fees,
House District 02,"NEIL, MICHAEL",186.9,2025-09-07 00:00:00,Coblue Llc,Denver,CO,80218,Other,Software
House District 02,"NEIL, MICHAEL",500.0,2025-09-07 00:00:00,Coblue Llc,Denver,CO,80218,Consultant & Professional Services,Campaign Launch
House District 02,"NEIL, MICHAEL",500.0,2025-09-08 00:00:00,Jane  Ringer,Littleton,CO,80120,Consultant & Professional Services,Campaign Finance Launch
House District 02,"NEIL, MICHAEL",27.69,2025-09-10 00:00:00,Act Blue Inc.,Somerville,MA,02144,Bank Fees,
House District 02,"NEIL, MICHAEL",38.14,2025-09-15 00:00:00,Act Blue Inc.,Somerville,MA,02144,Bank Fees,
House District 02,"NEIL, MICHAEL",49.21,2025-09-25 00:00:00,Act Blue Inc.,Somerville,MA,02144,Bank Fees,
House District 02,"NEIL, MICHAEL",432.85,2025-09-29 00:00:00,Colorado Democratic Party,Denver,CO,80203,Other,Software-Van
House District 02,"NEIL, MICHAEL",32.51,2025-09-30 00:00:00,Act Blue Inc.,Somerville,MA,02144,Bank Fees,
House District 02,"NEIL, MICHAEL",16.41,2025-09-30 00:00:00,Act Blue Inc.,Somerville,MA,02144,Bank Fees,
House District 02,"NEIL, MICHAEL",1.98,2025-10-05 00:00:00,Actblue Technical Services,Boston,MA,02196,Bank Fees,Service Fee On Direct Deposit Of $50 In Contributions (Total Deposit Was $48.02)
House District 02,"NEIL, MICHAEL",3.95,2025-10-12 00:00:00,Actblue Technical Services,Boston,MA,02196,Bank Fees,Actblue Service Fee Charged On Direct Deposit Of $100 (Net Deposit Was $96.05)
House District 02,"NEIL, MICHAEL",9.71,2025-10-19 00:00:00,Actblue Technical Services,Boston,MA,02196,Bank Fees,Actblue Service Fee Charged On Direct Deposit Of $245 (Net Deposit Was $235.29). Listed Account/Reference Number Is Actblue'S Direct Deposit Number.
House District 02,"NEIL, MICHAEL",9.29,2025-10-26 00:00:00,Actblue Technical Services,Boston,MA,02196,Bank Fees,Actblue Service Fee On $235 Deposit (Net Deposit $225.71)
House District 02,"NEIL, MICHAEL",111.83,2025-10-27 00:00:00,Gamino Printing Company,Denver,CO,80223,Office Equipment & Supplies,Business Cards
House District 02,"NEIL, MICHAEL",4.76,2025-11-02 00:00:00,Actblue Technical Services,Boston,MA,02196,Bank Fees,Actblue Service Fee On $120 Deposit (Net Deposit $115.24)
House District 02,"NEIL, MICHAEL",3.41,2025-11-09 00:00:00,Actblue Technical Services,Boston,MA,02196,Bank Fees,Actblue Service Fee On $86 Deposit (Net Deposit $82.59)
House District 02,"NEIL, MICHAEL",696.38,2025-11-14 00:00:00,Serene Cuisine Of India,Denver,CO,80210,"Food, Beverages and Meals",Event Space And Food For Kickoff Event.
House District 02,"NEIL, MICHAEL",68.65,2025-11-16 00:00:00,Actblue Technical Services,Boston,MA,02196,Bank Fees,"Actblue Service Fee On $1,735.00 Deposit (Net Deposit $1,666.35)"
House District 02,"NEIL, MICHAEL",810.63,2025-11-18 00:00:00,Serene Cuisine Of India,Denver,CO,80210,"Food, Beverages and Meals",Food For Kickoff Event.
House District 02,"NEIL, MICHAEL",35.58,2025-11-23 00:00:00,Actblue Technical Services,Boston,MA,02196,Bank Fees,Actblue Service Fee On $900 Deposit (Net Deposit $864.42)
House District 02,"NEIL, MICHAEL",10.09,2025-11-30 00:00:00,Actblue Technical Services,Boston,MA,02196,Bank Fees,Actblue Service Fee On $255 Deposit (Net Deposit $244.91)
House District 02,"NEIL, MICHAEL",22.54,2025-12-14 00:00:00,Actblue Technical Services,Boston,MA,02196,Bank Fees,Actblue Service Fee On $570 Deposit (Net Deposit $547.46)
House District 02,"NEIL, MICHAEL",10.47,2025-12-21 00:00:00,Actblue Technical Services,Boston,MA,02196,Bank Fees,Actblue Service Fee On $265 Deposit (Net Deposit $254.53)
House District 02,"NEIL, MICHAEL",22.53,2025-12-28 00:00:00,Actblue Technical Services,Boston,MA,02196,Bank Fees,Actblue Service Fee On $570 Deposit (Net Deposit $547.47).
House District 02,"NEIL, MICHAEL",39.38,2025-12-31 00:00:00,Actblue Technical Services,Boston,MA,02196,Bank Fees,Actblue Service Fee On $996 Deposit (Net Deposit $956.62).
House District 02,"WINCHESTER, TRACY",106.86,2025-12-12 00:00:00,Gamino Printing,Denver,CO,80223,Fundraising Expenses,Business Cards
House District 02,"WINCHESTER, TRACY",17.78,2025-12-16 00:00:00,Act Blue,Somerville,MA,02144,Bank Fees,
House District 02,"WINCHESTER, TRACY",1.98,2025-12-17 00:00:00,Act Blue,Somerville,CO,02144,Bank Fees,
House District 02,"WINCHESTER, TRACY",15.8,2025-12-17 00:00:00,Act Blue,Somerville,CO,02144,Bank Fees,
House District 02,"WINCHESTER, TRACY",9.88,2025-12-17 00:00:00,Act Blue,Somerville,CO,02144,Bank Fees,
House District 02,"WINCHESTER, TRACY",17.78,2025-12-18 00:00:00,Act Blue,Somerville,CO,02144,Bank Fees,
House District 02,"WINCHESTER, TRACY",3.95,2025-12-18 00:00:00,Act Blue,Somerville,CO,02144,Bank Fees,
House District 02,"WINCHESTER, TRACY",17.78,2025-12-19 00:00:00,Act Blue,Somerville,CO,02144,Bank Fees,
House District 02,"WINCHESTER, TRACY",9.88,2025-12-28 00:00:00,Act Blue,Somerville,CO,02144,Bank Fees,
House District 03,"BARLOW-ROACH, MICHAEL",24.0,2025-04-12 00:00:00,Kapwing,San Francisco,CA,94102,Miscellaneous,
House District 03,"BARLOW-ROACH, MICHAEL",119.93,2025-05-23 00:00:00,Vista,Waltham,MA,02451,Advertising,
House District 03,"BARLOW-ROACH, MICHAEL",33.6,2025-06-02 00:00:00,Google Llc,Mountain View,CA,94043,Advertising,
House District 03,"BARLOW-ROACH, MICHAEL",19.47,2025-06-11 00:00:00,Wix Inc.,Los Angeles,CA,90028,Advertising,
House District 03,"BARLOW-ROACH, MICHAEL",16.8,2025-07-30 00:00:00,Google Llc,Mountain View,CA,94043,Advertising,
House District 03,"BARLOW-ROACH, MICHAEL",400.0,2025-08-11 00:00:00,Ngp Van,Washington,DC,20005,Consultant & Professional Services,
House District 03,"BARLOW-ROACH, MICHAEL",129.93,2025-08-27 00:00:00,Amazon,Seattle,WA,98108,Miscellaneous,Canopy
House District 03,"BARLOW-ROACH, MICHAEL",252.75,2025-08-27 00:00:00,Tablecoversnow,Stafford,TX,77477,Miscellaneous,Table Cover
House District 03,"BARLOW-ROACH, MICHAEL",16.8,2025-08-30 00:00:00,Google Llc,Mountain View,CA,94043,Advertising,
House District 03,"BARLOW-ROACH, MICHAEL",116.73,2025-08-30 00:00:00,Nextdayflyers,Los Angeles,CA,91406,Advertising,Posters
House District 03,"BARLOW-ROACH, MICHAEL",36.64,2025-08-31 00:00:00,Amazon,Seattle,WA,98108,Miscellaneous,Tablecloth
House District 03,"BARLOW-ROACH, MICHAEL",15.0,2025-09-07 00:00:00,Canva,Austin,TX,78702,Office Equipment & Supplies,Graphic Design
House District 03,"BARLOW-ROACH, MICHAEL",20.76,2025-09-11 00:00:00,Mailchimp,Atlanta,GA,30308,Advertising,Mailing Service
House District 03,"BARLOW-ROACH, MICHAEL",16.8,2025-09-30 00:00:00,Google Llc,Mountain View,CA,94043,Advertising,
House District 03,"BARLOW-ROACH, MICHAEL",369.88,2025-10-08 00:00:00,Vistaprint,Lexington,MA,02421,Advertising,"Flyers, Postcards, Printed Handouts"
House District 03,"BARLOW-ROACH, MICHAEL",90.0,2025-10-09 00:00:00,Englewood Recreation Center,Englewood,CO,80110,Fundraising Expenses,Fundraising Event Space Rental
House District 03,"BARLOW-ROACH, MICHAEL",155.5,2025-10-22 00:00:00,Costco,Englewood,CO,80110,Office Equipment & Supplies,"Stamps, Halloween Candy For Fundraising Events"
House District 03,"BARLOW-ROACH, MICHAEL",450.0,2025-11-17 00:00:00,Lgbtq+ Victory Institute,Washington,DC,20005,Consultant & Professional Services,Candidate Training
House District 03,"OZOLS, GENA",32.0,2025-03-04 00:00:00,Ionos,Philadelphia,PA,19103,Consultant & Professional Services,Domain Registration
House District 03,"OZOLS, GENA",8.0,2025-05-08 00:00:00,Neverbounce,Vancouver,WA,98660,Consultant & Professional Services,
House District 03,"OZOLS, GENA",3.1,2025-05-08 00:00:00,Fedex,Denver,CO,80202,Advertising,
House District 03,"OZOLS, GENA",4.9,2025-05-13 00:00:00,Office Depot,Denver,CO,80222,Advertising,
House District 03,"OZOLS, GENA",300.0,2025-05-21 00:00:00,Mims  Photo Arts,Merryfield,VA,22116,Consultant & Professional Services,
House District 03,"OZOLS, GENA",77.85,2025-05-22 00:00:00,Mailchimp,Atlanta,GA,30312,Miscellaneous,
House District 03,"OZOLS, GENA",544.19,2025-06-05 00:00:00,Act Blue,Somerville,CO,02144,Bank Fees,Credit Card Fees 4/1-6/4
House District 03,"OZOLS, GENA",94.0,2025-06-05 00:00:00,United States Postal Service,Englewood,CO,80110,Other,Post Office Box
House District 03,"OZOLS, GENA",10.5,2025-06-14 00:00:00,Office Depot,Denver,CO,80222,Advertising,
House District 03,"OZOLS, GENA",8.0,2025-06-15 00:00:00,Neverbounce,Vancouver,WA,98660,Consultant & Professional Services,
House District 03,"OZOLS, GENA",8.0,2025-06-15 00:00:00,Neverbounce,Vancouver,WA,98660,Consultant & Professional Services,
House District 03,"OZOLS, GENA",619.83,2025-06-20 00:00:00,Corazon Printing,Broomfield,CO,80020,Advertising,
House District 03,"OZOLS, GENA",200.0,2025-07-29 00:00:00,City Of Englewood,Englewood,CO,80110,Advertising,Sheridan Celebrates
House District 03,"OZOLS, GENA",116.93,2025-08-07 00:00:00,Corazon Printing,Broomfield,CO,80020,Office Equipment & Supplies,Printing Thank You Cards For Donors
House District 03,"OZOLS, GENA",1250.0,2025-08-08 00:00:00,Eris Consulting,Englewood,CO,80110,Consultant & Professional Services,Campaign And Financial Planning Work
House District 03,"OZOLS, GENA",225.0,2025-08-08 00:00:00,City Of Englewood,Englewood,CO,80110,Advertising,Englewood Block Party
House District 03,"OZOLS, GENA",4000.0,2025-08-19 00:00:00,Henery  Standard,Denver,CO,80203,Employee Services,Salary For Staff Support
House District 03,"OZOLS, GENA",120.25,2025-09-23 00:00:00,Amazon,Seattle,WA,98109-5210,Office Equipment & Supplies,Popcorn Bag Label Materials
House District 03,"OZOLS, GENA",321.59,2025-09-23 00:00:00,Denver Democratic Party:,Denver,CO,80231,Advertising,Advertising
House District 03,"OZOLS, GENA",100.69,2025-09-25 00:00:00,Amazon,Seattle,WA,98109-5210,Office Equipment & Supplies,Popcorn Bags For Sheridan Celebrates
House District 03,"OZOLS, GENA",432.85,2025-11-17 00:00:00,Colorado Democratic Party,Denver,CO,80203,Fundraising Expenses,Access To Colorado Van
House District 03,"OZOLS, GENA",188.0,2025-11-24 00:00:00,Usps,Englewood,CO,80110,Rent & Utilities,Po Box Renewals
House District 03,"OZOLS, GENA",24.0,2025-11-30 00:00:00,Wix,New York,NY,10014,Other,Website
House District 03,"OZOLS, GENA",24.0,2025-12-02 00:00:00,Wix,New York,NY,10014,Other,Website
House District 03,"OZOLS, GENA",58.93,2025-12-09 00:00:00,Office Depot,Denver,CO,80222,Fundraising Expenses,
House District 03,"OZOLS, GENA",390.0,2025-12-09 00:00:00,Usps,Englewood,CO,80110,Fundraising Expenses,Postage
House District 03,"OZOLS, GENA",224.64,2025-12-10 00:00:00,Access Printing,Englewood,CO,80113,Fundraising Expenses,Printing - Holiday Fundraising Letter
House District 03,"OZOLS, GENA",46.71,2025-12-18 00:00:00,Mailchimp,Atlanta,GA,30308,Fundraising Expenses,Email List
House District 03,"OZOLS, GENA",514.4,2025-12-31 00:00:00,Act Blue,Somerville,MA,02144-3132,Other,Act Blue Fees
House District 03,"WILLIAMS, DAVON",,,,,,,,
House District 03,"WINEGAR, REBECCA",,,,,,,,
House District 04,"ESPENOZA, CECELIA",45.28,2025-01-02 00:00:00,Google Llc,Mountian View,CA,94046,Office Equipment & Supplies,Subscription For Campaign Related Technology
House District 04,"ESPENOZA, CECELIA",5.0,2025-01-02 00:00:00,Firstbank,Lakewood,CO,80215,Bank Fees,Bank Fee
House District 04,"ESPENOZA, CECELIA",41.92,2025-01-06 00:00:00,Zenpayroll Inc (Dba Gusto),San Francisco,CA,94107,Employee Services,
House District 04,"ESPENOZA, CECELIA",47.32,2025-01-15 00:00:00,Mailchimp,Atlanta,GA,30308,Office Equipment & Supplies,
House District 04,"ESPENOZA, CECELIA",247.0,2025-01-17 00:00:00,Pinnacol Assurance,Denver,CO,80230,Employee Services,Workers' Compensation Insurance
House District 04,"ESPENOZA, CECELIA",4.0,2025-01-31 00:00:00,Firstbank,Lakewood,CO,80215,Bank Fees,
House District 04,"ESPENOZA, CECELIA",45.42,2025-02-03 00:00:00,Google Llc,Mountian View,CA,94046,Office Equipment & Supplies,
House District 04,"ESPENOZA, CECELIA",5.0,2025-02-03 00:00:00,Firstbank,Lakewood,CO,80215,Bank Fees,
House District 04,"ESPENOZA, CECELIA",42.06,2025-02-05 00:00:00,Zenpayroll Inc (Dba Gusto),San Francisco,CA,94107,Employee Services,
House District 04,"ESPENOZA, CECELIA",47.32,2025-02-18 00:00:00,Mailchimp,Atlanta,GA,30308,Office Equipment & Supplies,
House District 04,"ESPENOZA, CECELIA",4.0,2025-02-28 00:00:00,Firstbank,Lakewood,CO,80215,Bank Fees,
House District 04,"ESPENOZA, CECELIA",45.42,2025-03-03 00:00:00,Google Llc,Mountian View,CA,94046,Office Equipment & Supplies,
House District 04,"ESPENOZA, CECELIA",4.0,2025-03-03 00:00:00,Firstbank,Lakewood,CO,80215,Bank Fees,
House District 04,"ESPENOZA, CECELIA",42.06,2025-03-05 00:00:00,Zenpayroll Inc (Dba Gusto),San Francisco,CA,94107,Employee Services,
House District 04,"ESPENOZA, CECELIA",47.32,2025-03-17 00:00:00,Mailchimp,Atlanta,GA,30308,Office Equipment & Supplies,
House District 04,"ESPENOZA, CECELIA",5.0,2025-03-31 00:00:00,Firstbank,Lakewood,CO,80215,Bank Fees,
House District 04,"ESPENOZA, CECELIA",5.0,2025-04-01 00:00:00,Firstbank,Lakewood,CO,80215,Bank Fees,Bank Fee
House District 04,"ESPENOZA, CECELIA",45.42,2025-04-02 00:00:00,Google Llc,Mountian View,CA,94046,Office Equipment & Supplies,Gsuite Subscription
House District 04,"ESPENOZA, CECELIA",51.52,2025-04-03 00:00:00,Zenpayroll Inc (Dba Gusto),San Francisco,CA,94107,Employee Services,Payroll Services
House District 04,"ESPENOZA, CECELIA",4.0,2025-04-08 00:00:00,Zenpayroll Inc (Dba Gusto),San Francisco,CA,94107,Employee Services,Tax
House District 04,"ESPENOZA, CECELIA",47.32,2025-04-15 00:00:00,Mailchimp,Atlanta,GA,30308,Office Equipment & Supplies,Email Communication Subscription
House District 04,"ESPENOZA, CECELIA",4.0,2025-04-30 00:00:00,Firstbank,Lakewood,CO,80215,Bank Fees,Business Card Fee
House District 04,"ESPENOZA, CECELIA",6.93,2025-04-30 00:00:00,Actblue Technical Services,Somerville,MA,02144,Fundraising Expenses,
House District 04,"ESPENOZA, CECELIA",5.0,2025-05-01 00:00:00,Firstbank,Lakewood,CO,80215,Bank Fees,
House District 04,"ESPENOZA, CECELIA",45.42,2025-05-02 00:00:00,Google Llc,Mountian View,CA,94046,Office Equipment & Supplies,
House District 04,"ESPENOZA, CECELIA",51.52,2025-05-05 00:00:00,Zenpayroll Inc (Dba Gusto),San Francisco,CA,94107,Employee Services,Payroll Services
House District 04,"ESPENOZA, CECELIA",4.0,2025-05-07 00:00:00,Zenpayroll Inc (Dba Gusto),San Francisco,CA,94107,Employee Services,Tax
House District 04,"ESPENOZA, CECELIA",37.36,2025-05-09 00:00:00,City And County Of Denver Department Of Treasury Finance Division,Dallas,TX,75266,Other,Denver Payroll Tax
House District 04,"ESPENOZA, CECELIA",47.32,2025-05-15 00:00:00,Mailchimp,Atlanta,GA,30308,Office Equipment & Supplies,Email Communication Service
House District 04,"ESPENOZA, CECELIA",4.0,2025-05-30 00:00:00,Firstbank,Lakewood,CO,80215,Bank Fees,
House District 04,"ESPENOZA, CECELIA",6.75,2025-05-30 00:00:00,Actblue Technical Services,Somerville,MA,02144,Fundraising Expenses,
House District 04,"ESPENOZA, CECELIA",5.0,2025-06-02 00:00:00,Firstbank,Lakewood,CO,80215,Bank Fees,
House District 04,"ESPENOZA, CECELIA",45.42,2025-06-02 00:00:00,Google Llc,Mountian View,CA,94046,Office Equipment & Supplies,Gsuite
House District 04,"ESPENOZA, CECELIA",500.0,2025-06-02 00:00:00,Mia  Frederico,Denver,CO,80212,Gifts,Internship Stipend
House District 04,"ESPENOZA, CECELIA",51.52,2025-06-04 00:00:00,Zenpayroll Inc (Dba Gusto),San Francisco,CA,94107,Employee Services,Payroll Services
House District 04,"ESPENOZA, CECELIA",90.0,2025-06-09 00:00:00,One Colorado Pac,Denver,CO,80203,Contributions,Contribution To Support Lgbtqia+ Advocacy (Pink Party)
House District 04,"ESPENOZA, CECELIA",4.0,2025-06-09 00:00:00,Zenpayroll Inc (Dba Gusto),San Francisco,CA,94107,Employee Services,Tax
House District 04,"ESPENOZA, CECELIA",47.32,2025-06-16 00:00:00,Mailchimp,Atlanta,GA,30308,Office Equipment & Supplies,Email Communication Services
House District 04,"ESPENOZA, CECELIA",187.0,2025-06-17 00:00:00,Gilchrist For Colorado,Redacted By Sos,CO,99999,Other,Unexpended Funds Used To Reimburse Representative Gilchrist For Post Legislative Session Joint Town Hall With Representatives Gilcrist And Camacho.  (Rented A Room At The Denver Zoo)
House District 04,"ESPENOZA, CECELIA",1.98,2025-06-29 00:00:00,Actblue Technical Services,Somerville,MA,02144,Fundraising Expenses,
House District 04,"ESPENOZA, CECELIA",4.0,2025-06-30 00:00:00,Firstbank,Lakewood,CO,80215,Bank Fees,Business Card Fee
House District 04,"ESPENOZA, CECELIA",5.0,2025-07-01 00:00:00,Firstbank,Lakewood,CO,80215,Bank Fees,
House District 04,"ESPENOZA, CECELIA",45.42,2025-07-02 00:00:00,Google Llc,Mountian View,CA,94046,Office Equipment & Supplies,
House District 04,"ESPENOZA, CECELIA",51.52,2025-07-07 00:00:00,Zenpayroll Inc (Dba Gusto),San Francisco,CA,94107,Employee Services,
House District 04,"ESPENOZA, CECELIA",4.0,2025-07-08 00:00:00,Zenpayroll Inc (Dba Gusto),San Francisco,CA,94107,Employee Services,Tax
House District 04,"ESPENOZA, CECELIA",47.32,2025-07-15 00:00:00,Mailchimp,Atlanta,GA,30308,Office Equipment & Supplies,
House District 04,"ESPENOZA, CECELIA",192.0,2025-07-16 00:00:00,United States Post Office,Denver,CO,80212,Office Equipment & Supplies,
House District 04,"ESPENOZA, CECELIA",700.2,2025-07-30 00:00:00,Zenpayroll Inc (Dba Gusto),San Francisco,CA,94107,Employee Services,
House District 04,"ESPENOZA, CECELIA",190.2,2025-07-30 00:00:00,Zenpayroll Inc (Dba Gusto),San Francisco,CA,94107,Employee Services,Payroll Tax
House District 04,"ESPENOZA, CECELIA",4.0,2025-07-31 00:00:00,Firstbank,Lakewood,CO,80215,Bank Fees,
House District 04,"ESPENOZA, CECELIA",5.0,2025-08-01 00:00:00,Firstbank,Lakewood,CO,80215,Bank Fees,
House District 04,"ESPENOZA, CECELIA",1.98,2025-08-03 00:00:00,Actblue Technical Services,Somerville,MA,02144,Fundraising Expenses,
House District 04,"ESPENOZA, CECELIA",52.9,2025-08-04 00:00:00,Google Llc,Mountian View,CA,94046,Office Equipment & Supplies,
House District 04,"ESPENOZA, CECELIA",57.83,2025-08-05 00:00:00,Zenpayroll Inc (Dba Gusto),San Francisco,CA,94107,Employee Services,
House District 04,"ESPENOZA, CECELIA",4.0,2025-08-07 00:00:00,Zenpayroll Inc (Dba Gusto),San Francisco,CA,94107,Employee Services,Tax
House District 04,"ESPENOZA, CECELIA",47.32,2025-08-15 00:00:00,Mailchimp,Atlanta,GA,30308,Office Equipment & Supplies,
House District 04,"ESPENOZA, CECELIA",19.76,2025-08-17 00:00:00,Actblue Technical Services,Somerville,MA,02144,Fundraising Expenses,
House District 04,"ESPENOZA, CECELIA",756.47,2025-08-28 00:00:00,Zenpayroll Inc (Dba Gusto),San Francisco,CA,94107,Employee Services,
House District 04,"ESPENOZA, CECELIA",210.13,2025-08-28 00:00:00,Zenpayroll Inc (Dba Gusto),San Francisco,CA,94107,Employee Services,
House District 04,"ESPENOZA, CECELIA",4.0,2025-08-29 00:00:00,Firstbank,Lakewood,CO,80215,Bank Fees,
House District 04,"ESPENOZA, CECELIA",35.56,2025-08-31 00:00:00,Actblue Technical Services,Somerville,MA,02144,Fundraising Expenses,
House District 04,"ESPENOZA, CECELIA",55.52,2025-09-02 00:00:00,Google Llc,Mountian View,CA,94046,Office Equipment & Supplies,
House District 04,"ESPENOZA, CECELIA",5.0,2025-09-02 00:00:00,Firstbank,Lakewood,CO,80215,Bank Fees,
House District 04,"ESPENOZA, CECELIA",57.83,2025-09-04 00:00:00,Zenpayroll Inc (Dba Gusto),San Francisco,CA,94107,Employee Services,
House District 04,"ESPENOZA, CECELIA",48.41,2025-09-07 00:00:00,Actblue Technical Services,Somerville,MA,02144,Fundraising Expenses,
House District 04,"ESPENOZA, CECELIA",25.07,2025-09-14 00:00:00,Actblue Technical Services,Somerville,MA,02144,Fundraising Expenses,
House District 04,"ESPENOZA, CECELIA",47.32,2025-09-15 00:00:00,Mailchimp,Atlanta,GA,30308,Office Equipment & Supplies,
House District 04,"ESPENOZA, CECELIA",178.2,2025-09-18 00:00:00,Weglot,Denver,CO,80212,Office Equipment & Supplies,Translation Services
House District 04,"ESPENOZA, CECELIA",5.35,2025-09-18 00:00:00,Firstbank,Lakewood,CO,80215,Bank Fees,
House District 04,"ESPENOZA, CECELIA",94.04,2025-09-21 00:00:00,Actblue Technical Services,Somerville,MA,02144,Fundraising Expenses,
House District 04,"ESPENOZA, CECELIA",33.58,2025-09-28 00:00:00,Actblue Technical Services,Somerville,MA,02144,Fundraising Expenses,
House District 04,"ESPENOZA, CECELIA",4.0,2025-09-30 00:00:00,Firstbank,Lakewood,CO,80215,Bank Fees,
House District 04,"ESPENOZA, CECELIA",758.47,2025-09-30 00:00:00,Zenpayroll Inc (Dba Gusto),San Francisco,CA,94107,Employee Services,
House District 04,"ESPENOZA, CECELIA",210.13,2025-09-30 00:00:00,Zenpayroll Inc (Dba Gusto),San Francisco,CA,94107,Employee Services,Payroll Tax
House District 04,"ESPENOZA, CECELIA",27857.03,2024-12-06 00:00:00,Cecelia4Colorado,Denver,CO,80212,Other,End Of Election Cycle -Rolling Over Funds To 2026 Cycle (Rule2.2.4)
House District 04,"ESPENOZA, CECELIA",562.21,2024-12-11 00:00:00,Corazon Printing,Broomfield,CO,80020,Miscellaneous,Holiday Cards/Postage
House District 04,"ESPENOZA, CECELIA",47.16,2024-12-16 00:00:00,Mailchimp,Atlanta,GA,30308,Office Equipment & Supplies,Email And Internet Related Services
House District 04,"ESPENOZA, CECELIA",4.0,2024-12-31 00:00:00,Firstbank,Lakewood,CO,80215,Bank Fees,Bank Fee
House District 04,"ESPENOZA, CECELIA",5.0,2025-10-01 00:00:00,Firstbank,Lakewood,CO,80215,Bank Fees,
House District 04,"ESPENOZA, CECELIA",200.0,2025-10-01 00:00:00,Naleo,Los Angeles,CA,90015,Other,Annual Dues For Naleo
House District 04,"ESPENOZA, CECELIA",55.52,2025-10-02 00:00:00,Google Llc,Mountian View,CA,94046,Office Equipment & Supplies,
House District 04,"ESPENOZA, CECELIA",57.83,2025-10-03 00:00:00,Zenpayroll Inc (Dba Gusto),San Francisco,CA,94107,Employee Services,
House District 04,"ESPENOZA, CECELIA",4.0,2025-10-07 00:00:00,Zenpayroll Inc (Dba Gusto),San Francisco,CA,94107,Employee Services,
House District 04,"ESPENOZA, CECELIA",3.95,2025-10-12 00:00:00,Actblue Technical Services,Somerville,MA,02144,Fundraising Expenses,
House District 04,"ESPENOZA, CECELIA",47.32,2025-10-15 00:00:00,Mailchimp,Atlanta,GA,30308,Office Equipment & Supplies,
House District 04,"ESPENOZA, CECELIA",1980.0,2025-10-20 00:00:00,Colorado Opportunity Caucus,Denver,CO,80202,Other,Colorado Opportunity Caucus Dues
House District 04,"ESPENOZA, CECELIA",110.26,2025-10-23 00:00:00,Go Union Printing,St. Petersburg,FL,33704,Office Equipment & Supplies,
House District 04,"ESPENOZA, CECELIA",29.63,2025-10-26 00:00:00,Actblue Technical Services,Somerville,MA,02144,Fundraising Expenses,
House District 04,"ESPENOZA, CECELIA",964.6,2025-10-30 00:00:00,Zenpayroll Inc (Dba Gusto),San Francisco,CA,94107,Employee Services,
House District 04,"ESPENOZA, CECELIA",4.0,2025-10-31 00:00:00,Firstbank,Lakewood,CO,80215,Bank Fees,
House District 04,"ESPENOZA, CECELIA",55.52,2025-11-03 00:00:00,Google Llc,Mountian View,CA,94046,Office Equipment & Supplies,
House District 04,"ESPENOZA, CECELIA",5.0,2025-11-03 00:00:00,Firstbank,Lakewood,CO,80215,Bank Fees,
House District 04,"ESPENOZA, CECELIA",57.83,2025-11-05 00:00:00,Zenpayroll Inc (Dba Gusto),San Francisco,CA,94107,Employee Services,
House District 04,"ESPENOZA, CECELIA",17.78,2025-11-16 00:00:00,Actblue Technical Services,Somerville,MA,02144,Fundraising Expenses,
House District 04,"ESPENOZA, CECELIA",47.32,2025-11-17 00:00:00,Mailchimp,Atlanta,GA,30308,Office Equipment & Supplies,
House District 04,"ESPENOZA, CECELIA",4.0,2025-11-28 00:00:00,Firstbank,Lakewood,CO,80215,Bank Fees,
House District 04,"ESPENOZA, CECELIA",5.0,2025-12-01 00:00:00,Firstbank,Lakewood,CO,80215,Bank Fees,
House District 04,"ESPENOZA, CECELIA",968.6,2025-12-01 00:00:00,Zenpayroll Inc (Dba Gusto),San Francisco,CA,94107,Employee Services,
House District 04,"ESPENOZA, CECELIA",55.52,2025-12-02 00:00:00,Google Llc,Mountian View,CA,94046,Office Equipment & Supplies,
House District 04,"ESPENOZA, CECELIA",162.98,2025-12-02 00:00:00,Zenpayroll Inc (Dba Gusto),San Francisco,CA,94107,Employee Services,
House District 04,"ESPENOZA, CECELIA",35.56,2025-12-07 00:00:00,Actblue Technical Services,Somerville,MA,02144,Fundraising Expenses,
House District 04,"ESPENOZA, CECELIA",47.32,2025-12-15 00:00:00,Mailchimp,Atlanta,GA,30308,Office Equipment & Supplies,
House District 04,"ESPENOZA, CECELIA",17.78,2025-12-21 00:00:00,Actblue Technical Services,Somerville,MA,02144,Fundraising Expenses,
House District 04,"ESPENOZA, CECELIA",35.56,2025-12-28 00:00:00,Actblue Technical Services,Somerville,MA,02144,Fundraising Expenses,
House District 04,"ESPENOZA, CECELIA",730.07,2025-12-30 00:00:00,Corazon Printing,Broomfield,CO,80020,Other,Holiday Greeting (Print And Postage)
House District 04,"ESPENOZA, CECELIA",3.85,2025-12-31 00:00:00,Actblue Technical Services,Somerville,MA,02144,Fundraising Expenses,
House District 04,"ESPENOZA, CECELIA",4.0,2025-12-31 00:00:00,Firstbank,Lakewood,CO,80215,Bank Fees,
House District 05,"JOHNSON, JOHNNIE",,,,,,,,
House District 05,"SANDOVAL, JUSTINE",107.4,2025-09-30 00:00:00,Act Blue,Somerville,MA,02144,Fundraising Expenses,
House District 05,"SANDOVAL, JUSTINE",1000.0,2025-11-01 00:00:00,Eris Consulting,Englewood,CO,80110,Consultant & Professional Services,Eris Consulting- Campaign Plan
House District 05,"SANDOVAL, JUSTINE",244.0,2025-11-20 00:00:00,Usps,Denver,CO,80216,Rent & Utilities,Usps Po Box
House District 05,"SANDOVAL, JUSTINE",371.64,2025-12-31 00:00:00,Act Blue,Somerville,MA,02144,Fundraising Expenses,
House District 05,"SIMMS, STERLING",,,,,,,,
House District 06,"CAMACHO, SEAN",4.0,2025-01-03 00:00:00,"Gusto, Inc",San Francisco,CA,94107,Other,Denver Payroll Tax
House District 06,"CAMACHO, SEAN",141.95,2025-01-04 00:00:00,Mailchimp.Com,Atlanta,GA,30308,Other,Monthly Email Provider Service Fee
House District 06,"CAMACHO, SEAN",41.92,2025-01-06 00:00:00,"Gusto, Inc",San Francisco,CA,94107,Other,Monthly Service Fee
House District 06,"CAMACHO, SEAN",23.98,2025-01-10 00:00:00,"Domain.Com, Inc.",Boulder City,NV,89005,Other,Microsoft 365 Monthly Fee
House District 06,"CAMACHO, SEAN",70.6,2025-01-14 00:00:00,United States Postal Service,Denver,CO,80220,Other,Postage
House District 06,"CAMACHO, SEAN",100.0,2025-01-22 00:00:00,Henry  Standard,Denver,CO,80226,Consultant & Professional Services,Professional Services
House District 06,"CAMACHO, SEAN",95.0,2025-01-26 00:00:00,Campaign Verify,Washington,DC,20007,Other,Text Messaging Annual Certification Fee
House District 06,"CAMACHO, SEAN",213.0,2025-01-27 00:00:00,Pinnacol Assurance,Denver,CO,80256,Consultant & Professional Services,Workers Compensation Annual Premium
House District 06,"CAMACHO, SEAN",141.95,2025-02-05 00:00:00,Mailchimp.Com,Atlanta,GA,30308,Other,Monthly Email Service Fee
House District 06,"CAMACHO, SEAN",42.06,2025-02-05 00:00:00,"Gusto, Inc",San Francisco,CA,94107,Other,Monthly Service Fee
House District 06,"CAMACHO, SEAN",4.0,2025-02-07 00:00:00,"Gusto, Inc",San Francisco,CA,94107,Other,Denver Payroll Tax
House District 06,"CAMACHO, SEAN",23.98,2025-02-10 00:00:00,"Domain.Com, Inc.",Boulder City,NV,89005,Other,Micorsoft 365 Monhtly Fee
House District 06,"CAMACHO, SEAN",392.36,2025-02-18 00:00:00,Henry  Standard,Denver,CO,80226,"Food, Beverages and Meals",Food For Hd6 Day At The Capitol (Qdoba)
House District 06,"CAMACHO, SEAN",42.06,2025-02-28 00:00:00,"Gusto, Inc",San Francisco,CA,94107,Other,Monthly Service Fee
House District 06,"CAMACHO, SEAN",141.95,2025-03-04 00:00:00,Mailchimp.Com,Atlanta,GA,30308,Other,Monthly Fee For Email
House District 06,"CAMACHO, SEAN",4.0,2025-03-07 00:00:00,"Gusto, Inc",San Francisco,CA,94107,Other,Payroll Tax
House District 06,"CAMACHO, SEAN",23.98,2025-03-10 00:00:00,"Domain.Com, Inc.",Boulder City,NV,89005,Other,Microsoft 365
House District 06,"CAMACHO, SEAN",250.0,2025-03-30 00:00:00,Colorado Democratic Party,Denver,CO,80203,"Food, Beverages and Meals",Ticket For Seat At Hd6 Table At Obama Dinner
House District 06,"CAMACHO, SEAN",51.52,2025-04-03 00:00:00,"Gusto, Inc",San Francisco,CA,94107,Other,Monthly Service Fee.
House District 06,"CAMACHO, SEAN",141.95,2025-04-05 00:00:00,Mailchimp.Com,Atlanta,GA,30308,Other,Monthly Fee For Email Service
House District 06,"CAMACHO, SEAN",4.0,2025-04-08 00:00:00,"Gusto, Inc",San Francisco,CA,94107,Other,Payroll Tax
House District 06,"CAMACHO, SEAN",23.98,2025-04-10 00:00:00,"Domain.Com, Inc.",Boulder City,NV,89005,Other,Microsoft 365
House District 06,"CAMACHO, SEAN",51.52,2025-05-03 00:00:00,"Gusto, Inc",San Francisco,CA,94107,Other,Monthly Service Fee
House District 06,"CAMACHO, SEAN",141.95,2025-05-05 00:00:00,Mailchimp.Com,Atlanta,GA,30308,Other,Monthly Fee For Email
House District 06,"CAMACHO, SEAN",4.0,2025-05-07 00:00:00,"Gusto, Inc",San Francisco,CA,94107,Other,Payroll Tax
House District 06,"CAMACHO, SEAN",23.98,2025-05-10 00:00:00,"Domain.Com, Inc.",Boulder City,NV,89005,Other,Microsoft 365
House District 06,"CAMACHO, SEAN",17.78,2025-05-18 00:00:00,"Actblue Technical Services, Inc.",Somerville,MA,02144,Fundraising Expenses,Actblue Service Fee
House District 06,"CAMACHO, SEAN",247.2,2025-05-21 00:00:00,Lowry Printing Llc,Denver,CO,80230,Other,Annual Fee For Mailbox
House District 06,"CAMACHO, SEAN",17.78,2025-05-25 00:00:00,"Actblue Technical Services, Inc.",Somerville,MA,02144,Fundraising Expenses,Actblue Service Fee
House District 06,"CAMACHO, SEAN",187.0,2025-05-27 00:00:00,Sean  Camacho,Denver,CO,80230,Other,Town Hall Rental Space At The Denver Zoo (Reimbursement To Sean Camacho)
House District 06,"CAMACHO, SEAN",51.52,2025-06-05 00:00:00,"Gusto, Inc",San Francisco,CA,94107,Other,Monthly Service Fee
House District 06,"CAMACHO, SEAN",141.95,2025-06-05 00:00:00,Mailchimp.Com,Atlanta,GA,30308,Other,Monthly Fee For Email
House District 06,"CAMACHO, SEAN",4.0,2025-06-09 00:00:00,"Gusto, Inc",San Francisco,CA,94107,Other,Payroll Tax
House District 06,"CAMACHO, SEAN",23.98,2025-06-10 00:00:00,"Domain.Com, Inc.",Boulder City,NV,89005,Other,Microsoft 365
House District 06,"CAMACHO, SEAN",141.95,2025-07-05 00:00:00,Mailchimp.Com,Atlanta,GA,30308,Other,Monthly Email Service Fee
House District 06,"CAMACHO, SEAN",51.52,2025-07-07 00:00:00,"Gusto, Inc",San Francisco,CA,94107,Other,Gusto Service Fee
House District 06,"CAMACHO, SEAN",4.0,2025-07-08 00:00:00,"Gusto, Inc",San Francisco,CA,94107,Other,Gusto
House District 06,"CAMACHO, SEAN",23.98,2025-07-10 00:00:00,"Domain.Com, Inc.",Boulder City,NV,89005,Other,Microsoft 365
House District 06,"CAMACHO, SEAN",287.76,2025-07-11 00:00:00,"Domain.Com, Inc.",Boulder City,NV,89005,Office Equipment & Supplies,Microsoft 365 Yearly
House District 06,"CAMACHO, SEAN",69.76,2025-07-13 00:00:00,"Actblue Technical Services, Inc.",Somerville,MA,02144,Fundraising Expenses,
House District 06,"CAMACHO, SEAN",51.52,2025-08-05 00:00:00,"Gusto, Inc",San Francisco,CA,94107,Other,Gusto
House District 06,"CAMACHO, SEAN",141.95,2025-08-05 00:00:00,Mailchimp.Com,Atlanta,GA,30308,Other,Monthly Email Service
House District 06,"CAMACHO, SEAN",4.0,2025-08-07 00:00:00,"Gusto, Inc",San Francisco,CA,94107,Other,Gusto
House District 06,"CAMACHO, SEAN",0.99,2025-08-10 00:00:00,"Actblue Technical Services, Inc.",Somerville,MA,02144,Fundraising Expenses,
House District 06,"CAMACHO, SEAN",7.9,2025-08-24 00:00:00,"Actblue Technical Services, Inc.",Somerville,MA,02144,Fundraising Expenses,
House District 06,"CAMACHO, SEAN",51.52,2025-09-04 00:00:00,"Gusto, Inc",San Francisco,CA,94107,Other,Gusto
House District 06,"CAMACHO, SEAN",141.95,2025-09-05 00:00:00,Mailchimp.Com,Atlanta,GA,30308,Other,Mail Chimp
House District 06,"CAMACHO, SEAN",51.77,2025-09-07 00:00:00,"Actblue Technical Services, Inc.",Somerville,MA,02144,Fundraising Expenses,
House District 06,"CAMACHO, SEAN",39.18,2025-09-09 00:00:00,"Domain.Com, Inc.",Boulder City,NV,89005,Other,Domain
House District 06,"CAMACHO, SEAN",4.0,2025-09-09 00:00:00,"Gusto, Inc",San Francisco,CA,94107,Other,Gusto
House District 06,"CAMACHO, SEAN",1.39,2025-09-14 00:00:00,"Actblue Technical Services, Inc.",Somerville,MA,02144,Fundraising Expenses,
House District 06,"CAMACHO, SEAN",570.15,2025-09-15 00:00:00,Henry  Standard,Denver,CO,80226,Consultant & Professional Services,Professional Services
House District 06,"CAMACHO, SEAN",24.7,2025-09-21 00:00:00,"Actblue Technical Services, Inc.",Somerville,MA,02144,Fundraising Expenses,
House District 06,"CAMACHO, SEAN",51.77,2025-09-28 00:00:00,"Actblue Technical Services, Inc.",Somerville,MA,02144,Fundraising Expenses,
House District 06,"CAMACHO, SEAN",47.49,2025-09-29 00:00:00,Matt Ball For Colorado,Denver,CO,80203,Other,Reimbursement For Food For Joint Town Hall
House District 06,"CAMACHO, SEAN",96.5,2025-09-29 00:00:00,Matt Ball For Colorado,Denver,CO,80203,Rent & Utilities,Reimbursement For Joint Town Hall Space
House District 06,"CAMACHO, SEAN",37.54,2025-09-30 00:00:00,"Actblue Technical Services, Inc.",Somerville,MA,02144,Fundraising Expenses,
House District 06,"CAMACHO, SEAN",2500.0,2024-12-05 00:00:00,House Democrat Party Cash Fund,Denver,CO,80203,Other,Caucus Dues
House District 06,"CAMACHO, SEAN",19494.05,2024-12-06 00:00:00,Camacho For Colorado,Redacted By Sos,CO,99999,Other,2026 Campaign Account Rollover
House District 06,"CAMACHO, SEAN",266.22,2024-12-08 00:00:00,"Squarespace, Inc.",New York,NY,10014,Other,Annual Website Hosting Fee
House District 06,"CAMACHO, SEAN",23.98,2024-12-10 00:00:00,"Domain.Com, Inc.",Boulder City,NV,89005,Office Equipment & Supplies,Monthly Microsoft 365 Fee
House District 06,"CAMACHO, SEAN",4.0,2024-12-11 00:00:00,"Gusto, Inc",San Francisco,CA,94107,Other,Denver Payroll Tax
House District 06,"CAMACHO, SEAN",51.52,2025-10-03 00:00:00,"Gusto, Inc",San Francisco,CA,94107,Bank Fees,
House District 06,"CAMACHO, SEAN",1000.0,2025-10-04 00:00:00,Colorado Opportunity Caucus,Denver,CO,80202,Other,Membership Dues
House District 06,"CAMACHO, SEAN",13.83,2025-10-05 00:00:00,"Actblue Technical Services, Inc.",Somerville,MA,02144,Fundraising Expenses,Disbursement Fee
House District 06,"CAMACHO, SEAN",141.95,2025-10-05 00:00:00,"Squarespace, Inc.",New York,NY,10014,Consultant & Professional Services,
House District 06,"CAMACHO, SEAN",4.0,2025-10-07 00:00:00,"Gusto, Inc",San Francisco,CA,94107,Bank Fees,
House District 06,"CAMACHO, SEAN",3.37,2025-10-12 00:00:00,"Actblue Technical Services, Inc.",Somerville,MA,02144,Fundraising Expenses,Disbursement Fee
House District 06,"CAMACHO, SEAN",3875.0,2025-10-13 00:00:00,House Majority Project,Denver,CO,80203,Contributions,Contribution To House Majority Project
House District 06,"CAMACHO, SEAN",206.98,2025-10-25 00:00:00,Corazon Printing,Broomfield,CO,80020,Office Equipment & Supplies,
House District 06,"CAMACHO, SEAN",772.87,2025-10-26 00:00:00,Henry  Standard,Denver,CO,80203-3037,Employee Services,
House District 06,"CAMACHO, SEAN",37.54,2025-10-26 00:00:00,"Actblue Technical Services, Inc.",Somerville,MA,02144,Fundraising Expenses,
House District 06,"CAMACHO, SEAN",122.0,2025-10-27 00:00:00,United States Postal Service- Glendale,Denver,CO,80246,Office Equipment & Supplies,
House District 06,"CAMACHO, SEAN",51.52,2025-11-05 00:00:00,"Gusto, Inc",San Francisco,CA,94107,Bank Fees,
House District 06,"CAMACHO, SEAN",141.95,2025-11-05 00:00:00,"Squarespace, Inc.",New York,NY,10014,Consultant & Professional Services,
House District 06,"CAMACHO, SEAN",4.0,2025-11-07 00:00:00,"Gusto, Inc",San Francisco,CA,94107,Consultant & Professional Services,
House District 06,"CAMACHO, SEAN",11.27,2025-11-09 00:00:00,"Actblue Technical Services, Inc.",Somerville,MA,02144,Fundraising Expenses,Disbursement Fee
House District 06,"CAMACHO, SEAN",3.0,2025-11-11 00:00:00,Pinnacol Assurance,Denver,CO,80230,Bank Fees,
House District 06,"CAMACHO, SEAN",1.98,2025-11-16 00:00:00,"Actblue Technical Services, Inc.",Somerville,MA,02144,Fundraising Expenses,
House District 06,"CAMACHO, SEAN",31.92,2025-11-24 00:00:00,Amazon,Seattle,WA,98109,Office Equipment & Supplies,
House District 06,"CAMACHO, SEAN",81.78,2025-11-25 00:00:00,Amazon,Seattle,WA,98109,Office Equipment & Supplies,
House District 06,"CAMACHO, SEAN",51.52,2025-12-01 00:00:00,Gusto Inc.,Denver,CO,80202,Bank Fees,
House District 06,"CAMACHO, SEAN",60.3,2025-12-01 00:00:00,Amazon,Seattle,WA,98109,Office Equipment & Supplies,
House District 06,"CAMACHO, SEAN",141.95,2025-12-04 00:00:00,Mailchimp.Com,Atlanta,GA,30308,Consultant & Professional Services,
House District 06,"CAMACHO, SEAN",35.96,2025-12-07 00:00:00,"Actblue Technical Services, Inc.",Somerville,MA,02144,Fundraising Expenses,
House District 06,"CAMACHO, SEAN",290.21,2025-12-08 00:00:00,"Squarespace, Inc.",New York,NY,10014,Consultant & Professional Services,
House District 06,"CAMACHO, SEAN",4.0,2025-12-09 00:00:00,"Gusto, Inc",San Francisco,CA,94107,Bank Fees,
House District 06,"CAMACHO, SEAN",6.92,2025-12-14 00:00:00,"Actblue Technical Services, Inc.",Somerville,MA,02144,Fundraising Expenses,Disbursement Fee
House District 06,"CAMACHO, SEAN",7.9,2025-12-21 00:00:00,"Actblue Technical Services, Inc.",Somerville,MA,02144,Fundraising Expenses,Disbursement Fee
House District 06,"CAMACHO, SEAN",17.78,2025-12-31 00:00:00,"Actblue Technical Services, Inc.",Somerville,MA,02144,Fundraising Expenses,
House District 06,"HALPERN, IRIS",,,,,,,,
House District 07,"BACON, JENNIFER",47.32,2025-01-08 00:00:00,Mailchimp C/O The Rocket Science Group Llc,Atlanta,CO,30319,Other,Newsletter
House District 07,"BACON, JENNIFER",230.84,2025-01-08 00:00:00,Uber Technologies,San Fransisco,CA,94103,"Food, Beverages and Meals",Committee Member Lunch
House District 07,"BACON, JENNIFER",374.63,2025-01-12 00:00:00,Costco Wholesale,Denver,CO,80239,"Food, Beverages and Meals",Office Supplies - Volunteer/Intern Snacks
House District 07,"BACON, JENNIFER",91.25,2025-01-16 00:00:00,Shish Kabob Grill,Denver,CO,80203,"Food, Beverages and Meals",
House District 07,"BACON, JENNIFER",6.5,2025-01-22 00:00:00,,,,,Other,Wix.Com Website
House District 07,"BACON, JENNIFER",750.0,2025-01-23 00:00:00,Marisa  Olivas,Denver,CO,80203,Consultant & Professional Services,Stipend - Legal Intern
House District 07,"BACON, JENNIFER",101.07,2025-01-25 00:00:00,Nu Car Rental,Denver,CO,80022,Travel & Lodging,San Luis Valley
House District 07,"BACON, JENNIFER",38.14,2025-01-27 00:00:00,Phillips 66 Ta Express,Walsenburg,CO,81089,Travel & Lodging,Gas - San Luis Valley
House District 07,"BACON, JENNIFER",43.4,2025-01-27 00:00:00,Murphy Express,Denver,CO,80249,Travel & Lodging,Gas - San Luis Valley
House District 07,"BACON, JENNIFER",600.0,2025-01-29 00:00:00,Quintavis  Styles,Denver,CO,80203,Consultant & Professional Services,Office Staff (10 Hrs/Wk)
House District 07,"BACON, JENNIFER",114.64,2025-01-31 00:00:00,Uber Technologies,San Fransisco,CA,94103,Travel & Lodging,Trips January
House District 07,"BACON, JENNIFER",2.0,2025-01-31 00:00:00,,,,,Bank Fees,Card Fees 1Stbank
House District 07,"BACON, JENNIFER",128.96,2025-02-05 00:00:00,Fedex,Denver,CO,80207,Office Equipment & Supplies,
House District 07,"BACON, JENNIFER",188.61,2025-02-07 00:00:00,Uber Technologies,San Fransisco,CA,94103,Travel & Lodging,Bhm Guest Transportation
House District 07,"BACON, JENNIFER",47.32,2025-02-10 00:00:00,Mailchimp C/O The Rocket Science Group Llc,Atlanta,CO,30319,Other,Newsletter
House District 07,"BACON, JENNIFER",80.98,2025-02-12 00:00:00,Amazon,Seattle,WA,98109,"Food, Beverages and Meals",Legislative Gumbo Event
House District 07,"BACON, JENNIFER",628.0,2025-02-18 00:00:00,Quintavis  Styles,Denver,CO,80203,Consultant & Professional Services,
House District 07,"BACON, JENNIFER",456.28,2025-02-21 00:00:00,Costco Wholesale,Denver,CO,80239,Office Equipment & Supplies,
House District 07,"BACON, JENNIFER",6.5,2025-02-24 00:00:00,,,,,Other,Wix.Com - Website
House District 07,"BACON, JENNIFER",40.91,2025-02-27 00:00:00,Uber Technologies,San Fransisco,CA,94103,Travel & Lodging,
House District 07,"BACON, JENNIFER",258.78,2025-02-27 00:00:00,Walmart,Aurora,CO,80011,"Food, Beverages and Meals",House Mardi Gras - Gumbo
House District 07,"BACON, JENNIFER",2.0,2025-02-28 00:00:00,,,,,Bank Fees,Card Fee - 1Stbank
House District 07,"BACON, JENNIFER",39.99,2025-03-03 00:00:00,Rocket Lawyer,San Francisco,CA,94105,Consultant & Professional Services,
House District 07,"BACON, JENNIFER",90.0,2025-03-05 00:00:00,Denver International Airport Parking,Denver,CO,80249,Travel & Lodging,Dia Parking
House District 07,"BACON, JENNIFER",47.32,2025-03-10 00:00:00,Mailchimp C/O The Rocket Science Group Llc,Atlanta,CO,30319,Other,Newsletter
House District 07,"BACON, JENNIFER",1200.0,2025-03-14 00:00:00,Quintavis  Styles,Denver,CO,80203,Consultant & Professional Services,
House District 07,"BACON, JENNIFER",150.0,2025-03-15 00:00:00,Canva Us Inc,Austin,TX,78702,Consultant & Professional Services,Canva - Online Publishing Annual
House District 07,"BACON, JENNIFER",215.4,2025-03-15 00:00:00,Zoom,San Jose,CA,95113,Consultant & Professional Services,Annual
House District 07,"BACON, JENNIFER",4242.14,2025-03-17 00:00:00,United Airlines,Chicago,IL,60606,Travel & Lodging,
House District 07,"BACON, JENNIFER",8.4,2025-03-24 00:00:00,,,,,Other,Wix.Com - Website
House District 07,"BACON, JENNIFER",276.58,2025-03-27 00:00:00,Miss Peabody;S Southern Tea Cakes,Denver,CO,80239,"Food, Beverages and Meals",Black History Month Event
House District 07,"BACON, JENNIFER",194.64,2025-03-31 00:00:00,Uber Technologies,San Fransisco,CA,94103,"Food, Beverages and Meals",Committee Dinner
House District 07,"BACON, JENNIFER",225.0,2025-03-31 00:00:00,African Chamber O Commerce,Aurora,CO,,Other,Sponsorship
House District 07,"BACON, JENNIFER",2.0,2025-03-31 00:00:00,,,,,Bank Fees,Card Fee - 1Stbank
House District 07,"BACON, JENNIFER",39.99,2025-04-03 00:00:00,Rocket Lawyer,San Francisco,CA,94105,Consultant & Professional Services,
House District 07,"BACON, JENNIFER",148.31,2025-04-08 00:00:00,Costco Wholesale,Denver,CO,80239,Office Equipment & Supplies,"Office Moving 
Floor/Office Snacks"
House District 07,"BACON, JENNIFER",600.0,2025-04-08 00:00:00,Quintavis  Styles,Denver,CO,80203,Consultant & Professional Services,Legislative Staff
House District 07,"BACON, JENNIFER",47.32,2025-04-08 00:00:00,Mailchimp C/O The Rocket Science Group Llc,Atlanta,CO,30319,Other,Newsletter
House District 07,"BACON, JENNIFER",17.45,2025-04-08 00:00:00,Zoom,San Jose,CA,95113,Other,Zoom
House District 07,"BACON, JENNIFER",120.0,2025-04-15 00:00:00,Canva Us Inc,Austin,TX,78702,Other,Canva
House District 07,"BACON, JENNIFER",600.0,2025-04-17 00:00:00,Quintavis  Styles,Denver,CO,80203,Consultant & Professional Services,
House District 07,"BACON, JENNIFER",45.0,2025-04-18 00:00:00,African American Young Ladies Youth Summit,Denver,CO,,Other,African American Young Ladies Summit Vendor
House District 07,"BACON, JENNIFER",8.4,2025-04-22 00:00:00,,,,,Other,Wix - Website
House District 07,"BACON, JENNIFER",200.0,2025-04-29 00:00:00,Co House Petty Cash,Denver,CO,80204,Other,Co House Auction Fundraiser
House District 07,"BACON, JENNIFER",600.0,2025-04-30 00:00:00,Quintavis  Styles,Denver,CO,80203,Consultant & Professional Services,
House District 07,"BACON, JENNIFER",2.0,2025-04-30 00:00:00,,,,,Bank Fees,First Bank - Card Fees
House District 07,"BACON, JENNIFER",20.0,2025-05-02 00:00:00,,,,,"Food, Beverages and Meals",Rep Reimbursement For Dinner (Committee)
House District 07,"BACON, JENNIFER",47.32,2025-05-08 00:00:00,Mailchimp C/O The Rocket Science Group Llc,Atlanta,CO,30319,Other,Newsletter
House District 07,"BACON, JENNIFER",17.45,2025-05-09 00:00:00,Zoom,San Jose,CA,95113,Other,Zoom
House District 07,"BACON, JENNIFER",111.03,2025-05-12 00:00:00,Stueben'S Uptown,Denver,CO,80203,"Food, Beverages and Meals",End Of The Session Celebration
House District 07,"BACON, JENNIFER",65.86,2025-05-12 00:00:00,Jelly Cafe,Denver,CO,80210,"Food, Beverages and Meals",End Of The Year Celebration
House District 07,"BACON, JENNIFER",42.16,2025-05-19 00:00:00,Go Daddy,Scottsdale,CO,85260,Other,Website
House District 07,"BACON, JENNIFER",8.4,2025-05-22 00:00:00,,,,,Other,Wix - Website
House District 07,"BACON, JENNIFER",2.0,2025-05-30 00:00:00,,,,,Bank Fees,Bank Card Fee - 1Stbank
House District 07,"BACON, JENNIFER",76.74,2025-05-30 00:00:00,Uber Technologies,San Fransisco,CA,94103,Travel & Lodging,
House District 07,"BACON, JENNIFER",47.32,2025-06-02 00:00:00,Mailchimp C/O The Rocket Science Group Llc,Atlanta,CO,30319,Other,Newsletter
House District 07,"BACON, JENNIFER",18.54,2025-06-09 00:00:00,,,,,Other,Zoom Subscription - Zoom
House District 07,"BACON, JENNIFER",62.04,2025-06-09 00:00:00,Amazon,Seattle,WA,98109,Office Equipment & Supplies,
House District 07,"BACON, JENNIFER",48.78,2025-06-24 00:00:00,Uber Technologies,San Fransisco,CA,94103,Travel & Lodging,
House District 07,"BACON, JENNIFER",2.0,2025-06-30 00:00:00,,,,,Bank Fees,Bank Card Fee - 1Stbank
House District 07,"BACON, JENNIFER",54.43,2025-07-07 00:00:00,Uber Technologies,San Fransisco,CA,94103,"Food, Beverages and Meals",
House District 07,"BACON, JENNIFER",47.32,2025-07-08 00:00:00,Mailchimp C/O The Rocket Science Group Llc,Atlanta,CO,30319,Other,Newsletter
House District 07,"BACON, JENNIFER",18.54,2025-07-09 00:00:00,Zoom,San Jose,CA,95113,Other,Web Series
House District 07,"BACON, JENNIFER",8.4,2025-07-22 00:00:00,,,,,Other,Wix- Website Host
House District 07,"BACON, JENNIFER",2.0,2025-07-31 00:00:00,,,,,Bank Fees,Bank Card Fee
House District 07,"BACON, JENNIFER",230.04,2025-08-05 00:00:00,Mare,Boston,MA,,"Food, Beverages and Meals",Ncsl
House District 07,"BACON, JENNIFER",27.49,2025-08-07 00:00:00,Uber Technologies,San Fransisco,CA,94103,Travel & Lodging,Ncsl
House District 07,"BACON, JENNIFER",47.32,2025-08-08 00:00:00,Mailchimp C/O The Rocket Science Group Llc,Atlanta,CO,30319,Other,Newsletter
House District 07,"BACON, JENNIFER",18.54,2025-08-11 00:00:00,Zoom,San Jose,CA,95113,Other,Online Meetings
House District 07,"BACON, JENNIFER",72.22,2025-08-11 00:00:00,Parking Spot,Aurora,CO,80019,Travel & Lodging,
House District 07,"BACON, JENNIFER",100.0,2025-08-11 00:00:00,Arapahoe County Democratic Party,Aurora,CO,80014,Other,Sponsorship
House District 07,"BACON, JENNIFER",84.21,2025-08-14 00:00:00,Costco Wholesale,Denver,CO,80239,Office Equipment & Supplies,
House District 07,"BACON, JENNIFER",10.0,2025-08-18 00:00:00,Cu Law School Boulder,Boulder,CO,80309,Travel & Lodging,Parking
House District 07,"BACON, JENNIFER",21.02,2025-08-18 00:00:00,Google Llc,Mountain View,CA,94043,Other,Google Storage
House District 07,"BACON, JENNIFER",18.39,2025-08-18 00:00:00,Uber Technologies,San Fransisco,CA,94103,Travel & Lodging,
House District 07,"BACON, JENNIFER",32.24,2025-08-18 00:00:00,Clark Family Farm Orchard,Palisade,CO,81526,"Food, Beverages and Meals",
House District 07,"BACON, JENNIFER",12.0,2025-08-19 00:00:00,Doubletree Hotel Grand Junction,Grand Junction,CO,81506,Travel & Lodging,
House District 07,"BACON, JENNIFER",8.4,2025-08-22 00:00:00,Wix,San Fransico,CA,91909,Other,Website
House District 07,"BACON, JENNIFER",2.0,2025-08-29 00:00:00,,,,,Bank Fees,Card Fee
House District 07,"BACON, JENNIFER",47.32,2025-09-08 00:00:00,Mailchimp C/O The Rocket Science Group Llc,Atlanta,CO,30319,Other,Newsletter
House District 07,"BACON, JENNIFER",18.54,2025-09-09 00:00:00,Zoom,San Jose,CA,95113,Other,Web Meeting Host
House District 07,"BACON, JENNIFER",8.4,2025-09-22 00:00:00,Wix,San Fransico,CA,91909,Other,Website
House District 07,"BACON, JENNIFER",39.17,2025-09-30 00:00:00,Parking Spot,Aurora,CO,80019,Travel & Lodging,Cbcf - D.C.
House District 07,"BACON, JENNIFER",122.24,2025-09-30 00:00:00,Uber Technologies,San Fransisco,CA,94103,Travel & Lodging,Cbcf- D.C.
House District 07,"BACON, JENNIFER",250.0,2024-12-06 00:00:00,K Tones Cares Foundation,Denver,CO,80239,Other,Sponsorship
House District 07,"BACON, JENNIFER",47.15,2024-12-09 00:00:00,Mailchimp C/O The Rocket Science Group Llc,Atlanta,CO,30319,Other,Newsletter
House District 07,"BACON, JENNIFER",150.83,2024-12-11 00:00:00,Uber Technologies,San Fransisco,CA,94103,Travel & Lodging,Uber 12/24
House District 07,"BACON, JENNIFER",25.19,2024-12-13 00:00:00,Etsy,Brooklyn,NY,11201,Miscellaneous,"Etsy - Session Materials (Mlk, Blk History Month)"
House District 07,"BACON, JENNIFER",50.0,2024-12-18 00:00:00,Southwest Airlines,Dallas,TX,75235,Travel & Lodging,
House District 07,"BACON, JENNIFER",100.0,2024-12-23 00:00:00,Athletics & Beyond,Denver,CO,80239,Other,Sponsorship
House District 07,"BACON, JENNIFER",6.5,2024-12-23 00:00:00,,,,,Other,Wix - Website
House District 07,"BACON, JENNIFER",100.0,2024-12-24 00:00:00,Colorado State Firefighter Foundation,Sterling,CO,80751,Other,Sponsorship
House District 07,"BACON, JENNIFER",2.0,2024-12-31 00:00:00,,,,,Bank Fees,Card Fees - 1Stbank
House District 07,"BACON, JENNIFER",12.26,2025-10-01 00:00:00,Uber Technologies,San Fransisco,CA,94103,Travel & Lodging,
House District 07,"BACON, JENNIFER",13.22,2025-10-02 00:00:00,Uber Technologies,San Fransisco,CA,94103,Travel & Lodging,
House District 07,"BACON, JENNIFER",200.0,2025-10-06 00:00:00,Colorado Black Women For Political Action,Denver,CO,80205,Other,Cbwpa Luncheon
House District 07,"BACON, JENNIFER",47.32,2025-10-08 00:00:00,Mailchimp C/O The Rocket Science Group Llc,Atlanta,CO,30319,Other,Mailchimp
House District 07,"BACON, JENNIFER",18.54,2025-10-09 00:00:00,Zoom,San Jose,CA,95113,Other,Zoom
House District 07,"BACON, JENNIFER",77.96,2025-10-16 00:00:00,Frontier Airlines,Denver,CO,80239,Travel & Lodging,Flight
House District 07,"BACON, JENNIFER",8.4,2025-10-20 00:00:00,Wix,San Fransico,CA,91909,Other,Wix
House District 07,"BACON, JENNIFER",52.94,2025-10-22 00:00:00,Uber Technologies,San Fransisco,CA,94103,Travel & Lodging,Ncsl Jobs Summit San Jose
House District 07,"BACON, JENNIFER",90.98,2025-10-24 00:00:00,Uber Technologies,San Fransisco,CA,94103,Travel & Lodging,Ncsl Jobs Summit
House District 07,"BACON, JENNIFER",28.25,2025-10-27 00:00:00,Uber Technologies,San Fransisco,CA,94103,"Food, Beverages and Meals",Csg West - Dinner
House District 07,"BACON, JENNIFER",36.02,2025-10-27 00:00:00,Uber Technologies,San Fransisco,CA,94103,Travel & Lodging,Csg West-Sacramento
House District 07,"BACON, JENNIFER",92.98,2025-10-27 00:00:00,Frontier Airlines,Denver,CO,80239,Travel & Lodging,
House District 07,"BACON, JENNIFER",29.92,2025-10-27 00:00:00,Uber Technologies,San Fransisco,CA,94103,Travel & Lodging,
House District 07,"BACON, JENNIFER",266.18,2025-10-28 00:00:00,Southwest Airlines,Dallas,TX,75235,Travel & Lodging,National Black Caucus Of State Legislators Annual Convention - Biloxi
House District 07,"BACON, JENNIFER",58.47,2025-10-28 00:00:00,Uber Technologies,San Fransisco,CA,94103,Travel & Lodging,Ncel Salt Lake City
House District 07,"BACON, JENNIFER",750.0,2025-10-29 00:00:00,National Black Caucus Of State Legislators,Washington,DC,20001,Other,Nbcsl Registration
House District 07,"BACON, JENNIFER",69.34,2025-10-30 00:00:00,Uber Technologies,San Fransisco,CA,94103,Travel & Lodging,Ncel
House District 07,"BACON, JENNIFER",2.0,2025-10-30 00:00:00,,,,,Bank Fees,First Bank Card Fee
House District 07,"BACON, JENNIFER",284.17,2025-11-10 00:00:00,Marriott - The Elizabeth,Ft Collins,CO,80524,Travel & Lodging,Caucus Retreat
House District 07,"BACON, JENNIFER",47.32,2025-11-10 00:00:00,Mailchimp C/O The Rocket Science Group Llc,Atlanta,CO,30319,Other,Newsletter
House District 07,"BACON, JENNIFER",18.54,2025-11-10 00:00:00,Zoom,San Jose,CA,95113,Other,Webinar
House District 07,"BACON, JENNIFER",57.63,2025-11-18 00:00:00,Uber Technologies,San Fransisco,CA,94103,Travel & Lodging,Ncsl Capitol Forum - D.C.
House District 07,"BACON, JENNIFER",41.47,2025-11-20 00:00:00,Uber Technologies,San Fransisco,CA,94103,Travel & Lodging,Ncsl - Dc
House District 07,"BACON, JENNIFER",50.0,2025-11-21 00:00:00,Co Center On Law And Policy,Denver,CO,80203,Other,Sponsorship
House District 07,"BACON, JENNIFER",8.4,2025-11-24 00:00:00,,,,,Other,Wix - Website
House District 07,"BACON, JENNIFER",2.0,2025-11-28 00:00:00,,,,,Bank Fees,First Bank Card Fees
House District 07,"BACON, JENNIFER",47.32,2025-12-08 00:00:00,Mailchimp C/O The Rocket Science Group Llc,Atlanta,CO,30319,Other,Newsletter
House District 07,"BACON, JENNIFER",76.78,2025-12-08 00:00:00,Uber Technologies,San Fransisco,CA,94103,Travel & Lodging,"Nbcsl - Ms
Airport Dinner"
House District 07,"BACON, JENNIFER",18.54,2025-12-09 00:00:00,Zoom,San Jose,CA,95113,Other,Webinar
House District 07,"BACON, JENNIFER",54.37,2025-12-12 00:00:00,Uber Technologies,San Fransisco,CA,94103,Travel & Lodging,Nbcsl - Ms-Dia
House District 07,"BACON, JENNIFER",8.4,2025-12-22 00:00:00,,,,,Other,Website - Wix
House District 07,"BACON, JENNIFER",2.0,2025-12-31 00:00:00,,,,,Bank Fees,Firstbank Card Fees
House District 08,"GILCHRIST, LINDSAY",103.0,2025-01-02 00:00:00,Spot Hero,Chicago,IL,60601,Miscellaneous,Parking Fee
House District 08,"GILCHRIST, LINDSAY",30.19,2025-01-02 00:00:00,Googlesuite,Mountain View,CA,94043,Consultant & Professional Services,
House District 08,"GILCHRIST, LINDSAY",115.67,2025-01-08 00:00:00,"Mailchimp / The Rocket Science Group, Llc",Atlanta,GA,30308,Consultant & Professional Services,
House District 08,"GILCHRIST, LINDSAY",25.25,2025-01-08 00:00:00,Spot Hero,Chicago,IL,60601,Miscellaneous,Parking Fee
House District 08,"GILCHRIST, LINDSAY",56.21,2025-01-08 00:00:00,Etsy,Brooklyn,NY,11201,Office Equipment & Supplies,
House District 08,"GILCHRIST, LINDSAY",56.21,2025-01-09 00:00:00,"Amazon.Com, Inc.",Seattle,WA,98109,Office Equipment & Supplies,
House District 08,"GILCHRIST, LINDSAY",26.48,2025-01-09 00:00:00,"Amazon.Com, Inc.",Seattle,WA,98109,Office Equipment & Supplies,
House District 08,"GILCHRIST, LINDSAY",286.11,2025-01-10 00:00:00,"Amazon.Com, Inc.",Seattle,WA,98109,Office Equipment & Supplies,
House District 08,"GILCHRIST, LINDSAY",157.84,2025-01-16 00:00:00,"Amazon.Com, Inc.",Seattle,WA,98109,Office Equipment & Supplies,
House District 08,"GILCHRIST, LINDSAY",134.2,2025-01-17 00:00:00,"Amazon.Com, Inc.",Seattle,WA,98109,Office Equipment & Supplies,
House District 08,"GILCHRIST, LINDSAY",96.6,2025-01-21 00:00:00,"Amazon.Com, Inc.",Seattle,WA,98109,Office Equipment & Supplies,
House District 08,"GILCHRIST, LINDSAY",39.38,2025-01-22 00:00:00,Snarf'S Sandwiches,Denver,CO,80218,"Food, Beverages and Meals",
House District 08,"GILCHRIST, LINDSAY",181.88,2025-01-24 00:00:00,Bruns  Don,Denver,CO,80203,Consultant & Professional Services,
House District 08,"GILCHRIST, LINDSAY",2381.59,2025-01-29 00:00:00,Shop The Shop,Denver,CO,80220,Office Equipment & Supplies,
House District 08,"GILCHRIST, LINDSAY",2.0,2025-01-30 00:00:00,1St Bank,Denver,CO,80218,Bank Fees,
House District 08,"GILCHRIST, LINDSAY",30.28,2025-02-03 00:00:00,Googlesuite,Mountain View,CA,94043,Consultant & Professional Services,
House District 08,"GILCHRIST, LINDSAY",400.0,2025-02-04 00:00:00,Wallin  Jonna,San Diego,CA,92104,Consultant & Professional Services,
House District 08,"GILCHRIST, LINDSAY",25.0,2025-02-04 00:00:00,Grant  Williams,Westminster,CO,80031,Consultant & Professional Services,
House District 08,"GILCHRIST, LINDSAY",17.87,2025-02-07 00:00:00,"Amazon.Com, Inc.",Seattle,WA,98109,Office Equipment & Supplies,
House District 08,"GILCHRIST, LINDSAY",60.64,2025-02-07 00:00:00,Parkwell,Denver,CO,80211,Miscellaneous,Parking Fees
House District 08,"GILCHRIST, LINDSAY",115.67,2025-02-10 00:00:00,"Mailchimp / The Rocket Science Group, Llc",Atlanta,GA,30308,Consultant & Professional Services,
House District 08,"GILCHRIST, LINDSAY",12.87,2025-02-25 00:00:00,Spot Hero,Chicago,IL,60601,Miscellaneous,
House District 08,"GILCHRIST, LINDSAY",2.0,2025-02-27 00:00:00,1St Bank,Denver,CO,80218,Bank Fees,
House District 08,"GILCHRIST, LINDSAY",30.28,2025-03-03 00:00:00,Googlesuite,Mountain View,CA,94043,Consultant & Professional Services,
House District 08,"GILCHRIST, LINDSAY",133.5,2025-03-03 00:00:00,Parkwell,Denver,CO,80211,Miscellaneous,Parking Fees
House District 08,"GILCHRIST, LINDSAY",400.0,2025-03-04 00:00:00,Wallin  Jonna,San Diego,CA,92104,Consultant & Professional Services,
House District 08,"GILCHRIST, LINDSAY",108.0,2025-03-05 00:00:00,Denver Parks And Rec,Denver,CO,80202,Rent & Utilities,
House District 08,"GILCHRIST, LINDSAY",100.0,2025-03-07 00:00:00,Cormac  Brett,Denver,CO,80211,Consultant & Professional Services,
House District 08,"GILCHRIST, LINDSAY",100.0,2025-03-07 00:00:00,Megan  Troxel,Denver,CO,80203,Consultant & Professional Services,
House District 08,"GILCHRIST, LINDSAY",115.67,2025-03-10 00:00:00,"Mailchimp / The Rocket Science Group, Llc",Atlanta,GA,30308,Consultant & Professional Services,
House District 08,"GILCHRIST, LINDSAY",209.55,2025-03-17 00:00:00,Bruns  Don,Denver,CO,80203,Consultant & Professional Services,
House District 08,"GILCHRIST, LINDSAY",2.17,2025-03-21 00:00:00,"Amazon.Com, Inc.",Seattle,WA,98109,Office Equipment & Supplies,
House District 08,"GILCHRIST, LINDSAY",15.55,2025-03-21 00:00:00,"Amazon.Com, Inc.",Seattle,WA,98109,Office Equipment & Supplies,
House District 08,"GILCHRIST, LINDSAY",203.05,2025-03-24 00:00:00,Insomnia,Denver,CO,80202,"Food, Beverages and Meals",
House District 08,"GILCHRIST, LINDSAY",367.09,2025-03-27 00:00:00,Rosenbergs Bagels And Delicatessen,Denver,CO,80205,"Food, Beverages and Meals",
House District 08,"GILCHRIST, LINDSAY",-367.09,2025-03-27 00:00:00,Rosenbergs Bagels And Delicatessen,Denver,CO,80205,"Food, Beverages and Meals",Offset Due To Update Of Filed Item
House District 08,"GILCHRIST, LINDSAY",183.09,2025-03-27 00:00:00,Rosenbergs Bagels And Delicatessen,Denver,CO,80205,"Food, Beverages and Meals",
House District 08,"GILCHRIST, LINDSAY",2.0,2025-03-28 00:00:00,1St Bank,Denver,CO,80218,Bank Fees,
House District 08,"GILCHRIST, LINDSAY",250.0,2025-03-28 00:00:00,Colorado Democratic Party Political Committee,Denver,CO,80203,Contributions,
House District 08,"GILCHRIST, LINDSAY",100.0,2025-03-28 00:00:00,Cormac  Brett,Denver,CO,80211,Consultant & Professional Services,
House District 08,"GILCHRIST, LINDSAY",400.0,2025-04-01 00:00:00,Jonna  Wallin,San Diego,CA,92104,Consultant & Professional Services,
House District 08,"GILCHRIST, LINDSAY",10.73,2025-04-01 00:00:00,Spot Hero,Chicago,IL,60601,Travel & Lodging,Parking
House District 08,"GILCHRIST, LINDSAY",30.28,2025-04-02 00:00:00,Googlesuite,Mountain View,CA,94043,Consultant & Professional Services,
House District 08,"GILCHRIST, LINDSAY",133.5,2025-04-03 00:00:00,Parkwell,Denver,CO,80211,Travel & Lodging,Parking
House District 08,"GILCHRIST, LINDSAY",500.0,2025-04-07 00:00:00,Justin  Bressler,Denver,CO,80207,Advertising,Park Hill Parade Sponsorship
House District 08,"GILCHRIST, LINDSAY",115.67,2025-04-08 00:00:00,"Mailchimp / The Rocket Science Group, Llc",Atlanta,GA,30308,Consultant & Professional Services,
House District 08,"GILCHRIST, LINDSAY",100.0,2025-04-10 00:00:00,Megan  Troxel,Denver,CO,80203,Consultant & Professional Services,
House District 08,"GILCHRIST, LINDSAY",13.0,2025-04-15 00:00:00,Spot Hero,Chicago,IL,60601,Travel & Lodging,
House District 08,"GILCHRIST, LINDSAY",50.0,2025-04-16 00:00:00,Colorado Secretary Of State,Denver,CO,80290,Other,Late Filing Penalty
House District 08,"GILCHRIST, LINDSAY",11.18,2025-04-22 00:00:00,Spot Hero,Chicago,IL,60601,Travel & Lodging,
House District 08,"GILCHRIST, LINDSAY",40.79,2025-04-22 00:00:00,Snarf'S Sandwiches,Denver,CO,80218,"Food, Beverages and Meals",
House District 08,"GILCHRIST, LINDSAY",67.96,2025-04-25 00:00:00,Illeagle Pete'S,Denver,CO,80206,"Food, Beverages and Meals",
House District 08,"GILCHRIST, LINDSAY",400.0,2025-04-29 00:00:00,Jonna  Wallin,San Diego,CA,92104,Consultant & Professional Services,
House District 08,"GILCHRIST, LINDSAY",2.0,2025-04-29 00:00:00,Firstbank,Lakewood,CO,80215,Bank Fees,
House District 08,"GILCHRIST, LINDSAY",30.28,2025-05-02 00:00:00,Googlesuite,Mountain View,CA,94043,Consultant & Professional Services,
House District 08,"GILCHRIST, LINDSAY",25.74,2025-05-06 00:00:00,Spot Hero,Chicago,IL,60601,Travel & Lodging,
House District 08,"GILCHRIST, LINDSAY",115.16,2025-05-08 00:00:00,"Mailchimp / The Rocket Science Group, Llc",Atlanta,GA,30308,Consultant & Professional Services,
House District 08,"GILCHRIST, LINDSAY",81.75,2025-05-08 00:00:00,Denver Democratic Central Committee,Denver,CO,80205,Entertainment,
House District 08,"GILCHRIST, LINDSAY",100.0,2025-05-12 00:00:00,Megan  Troxel,Denver,CO,80203,Consultant & Professional Services,
House District 08,"GILCHRIST, LINDSAY",520.24,2025-05-15 00:00:00,Denver Democratic Central Committee,Denver,CO,80205,Entertainment,
House District 08,"GILCHRIST, LINDSAY",12.87,2025-05-23 00:00:00,Spot Hero,Chicago,IL,60601,Travel & Lodging,Parking
House District 08,"GILCHRIST, LINDSAY",1000.0,2025-05-28 00:00:00,Colorado Democratic Party,Denver,CO,80203,Entertainment,
House District 08,"GILCHRIST, LINDSAY",186.0,2025-05-28 00:00:00,Denver Zoo,Denver,CO,80205,Rent & Utilities,
House District 08,"GILCHRIST, LINDSAY",2.0,2025-05-29 00:00:00,Firstbank,Lakewood,CO,80215,Bank Fees,
House District 08,"GILCHRIST, LINDSAY",30.28,2025-07-01 00:00:00,Googlesuite,Mountain View,CA,94043,Consultant & Professional Services,
House District 08,"GILCHRIST, LINDSAY",115.67,2025-07-01 00:00:00,"Mailchimp / The Rocket Science Group, Llc",Atlanta,GA,30308,Consultant & Professional Services,
House District 08,"GILCHRIST, LINDSAY",273.11,2025-07-01 00:00:00,"Amazon.Com, Inc.",Seattle,WA,98109,Office Equipment & Supplies,
House District 08,"GILCHRIST, LINDSAY",264.0,2025-07-09 00:00:00,The Ups Store,Denver,CO,80220,Office Equipment & Supplies,
House District 08,"GILCHRIST, LINDSAY",275.0,2025-07-21 00:00:00,Grant  Williams,Westminster,CO,80031,Consultant & Professional Services,
House District 08,"GILCHRIST, LINDSAY",2.0,2025-07-27 00:00:00,Firstbank,Lakewood,CO,80215,Bank Fees,
House District 08,"GILCHRIST, LINDSAY",30.28,2025-08-01 00:00:00,Googlesuite,Mountain View,CA,94043,Consultant & Professional Services,
House District 08,"GILCHRIST, LINDSAY",115.67,2025-08-01 00:00:00,"Mailchimp / The Rocket Science Group, Llc",Atlanta,GA,30308,Consultant & Professional Services,
House District 08,"GILCHRIST, LINDSAY",400.0,2025-08-03 00:00:00,Jonna  Wallin,San Diego,CA,92104,Consultant & Professional Services,
House District 08,"GILCHRIST, LINDSAY",30.28,2025-09-01 00:00:00,Googlesuite,Mountain View,CA,94043,Consultant & Professional Services,
House District 08,"GILCHRIST, LINDSAY",115.67,2025-09-01 00:00:00,"Mailchimp / The Rocket Science Group, Llc",Atlanta,GA,30308,Consultant & Professional Services,
House District 08,"GILCHRIST, LINDSAY",400.0,2025-09-03 00:00:00,Jonna  Wallin,San Diego,CA,92104,Consultant & Professional Services,
House District 08,"GILCHRIST, LINDSAY",428.19,2025-09-23 00:00:00,Denver Democratic Central Committee,Denver,CO,80205,Entertainment,
House District 08,"GILCHRIST, LINDSAY",100.0,2025-09-23 00:00:00,Grant  Kramer,Denver,CO,80218,Consultant & Professional Services,
House District 08,"GILCHRIST, LINDSAY",435.24,2025-09-23 00:00:00,Kalen  Jesse,Denver,CO,80204,Consultant & Professional Services,
House District 08,"GILCHRIST, LINDSAY",2.0,2025-09-27 00:00:00,Firstbank,Lakewood,CO,80215,Bank Fees,
House District 08,"GILCHRIST, LINDSAY",181.78,2025-09-30 00:00:00,Actblue Technical Services,Somerville,MA,02144,Bank Fees,
House District 08,"GILCHRIST, LINDSAY",115.0,2024-12-09 00:00:00,"Mailchimp / The Rocket Science Group, Llc",Atlanta,GA,30308,Consultant & Professional Services,
House District 08,"GILCHRIST, LINDSAY",2.0,2024-12-10 00:00:00,1St Bank,Denver,CO,80218,Bank Fees,
House District 08,"GILCHRIST, LINDSAY",180.0,2024-12-31 00:00:00,Wallin  Jonna,San Diego,CA,92104,Consultant & Professional Services,
House District 08,"GILCHRIST, LINDSAY",1.98,2024-12-31 00:00:00,Actblue Technical Services,Somerville,MA,02144,Bank Fees,
House District 08,"GILCHRIST, LINDSAY",400.0,2025-10-02 00:00:00,Jonna  Wallin,San Diego,CA,92104,Consultant & Professional Services,
House District 08,"GILCHRIST, LINDSAY",115.87,2025-10-02 00:00:00,"Mailchimp / The Rocket Science Group, Llc",Atlanta,GA,30308,Consultant & Professional Services,
House District 08,"GILCHRIST, LINDSAY",30.28,2025-10-02 00:00:00,Googlesuite,Mountain View,CA,94043,Consultant & Professional Services,
House District 08,"GILCHRIST, LINDSAY",2.0,2025-10-02 00:00:00,Firstbank,Lakewood,CO,80215,Bank Fees,
House District 08,"GILCHRIST, LINDSAY",3875.0,2025-10-06 00:00:00,Colorado Democratic Party,Denver,CO,80203,Office Equipment & Supplies,Contribution To The House Majority Project
House District 08,"GILCHRIST, LINDSAY",100.0,2025-10-07 00:00:00,Nora  Krause,Denver,CO,80218,Consultant & Professional Services,
House District 08,"GILCHRIST, LINDSAY",167.5,2025-10-15 00:00:00,Sydney  Marler,Longmont,CO,80504,Consultant & Professional Services,
House District 08,"GILCHRIST, LINDSAY",211.75,2025-10-27 00:00:00,Kyndred,Denver,CO,80207,Gifts,
House District 08,"GILCHRIST, LINDSAY",211.75,2025-10-27 00:00:00,,,,,Contributions,
House District 08,"GILCHRIST, LINDSAY",38.08,2025-10-27 00:00:00,Spinelli'S Bar And Wine,Denver,CO,80207,Gifts,
House District 08,"GILCHRIST, LINDSAY",38.05,2025-10-27 00:00:00,,,,,Contributions,
House District 08,"GILCHRIST, LINDSAY",284.17,2025-11-01 00:00:00,Marriot Fort Collins,Bethsida,MD,20814,Travel & Lodging,
House District 08,"GILCHRIST, LINDSAY",400.0,2025-11-02 00:00:00,Jonna  Wallin,San Diego,CA,92104,Consultant & Professional Services,
House District 08,"GILCHRIST, LINDSAY",115.67,2025-11-02 00:00:00,"Mailchimp / The Rocket Science Group, Llc",Atlanta,GA,30308,Consultant & Professional Services,
House District 08,"GILCHRIST, LINDSAY",30.28,2025-11-02 00:00:00,Googlesuite,Mountain View,CA,94043,Consultant & Professional Services,
House District 08,"GILCHRIST, LINDSAY",2.0,2025-11-02 00:00:00,Firstbank,Lakewood,CO,80215,Bank Fees,
House District 08,"GILCHRIST, LINDSAY",250.0,2025-11-04 00:00:00,"Colorado Legislative Services, Llc",Denver,CO,80203,Advertising,
House District 08,"GILCHRIST, LINDSAY",407.88,2025-11-23 00:00:00,United Airlines,Chicago,IL,60606,Travel & Lodging,
House District 08,"GILCHRIST, LINDSAY",400.0,2025-12-01 00:00:00,Jonna  Wallin,San Diego,CA,92104,Consultant & Professional Services,
House District 08,"GILCHRIST, LINDSAY",115.67,2025-12-01 00:00:00,"Mailchimp / The Rocket Science Group, Llc",Atlanta,GA,30308,Consultant & Professional Services,
House District 08,"GILCHRIST, LINDSAY",30.28,2025-12-01 00:00:00,Googlesuite,Mountain View,CA,94043,Consultant & Professional Services,
House District 08,"GILCHRIST, LINDSAY",2.0,2025-12-01 00:00:00,Firstbank,Lakewood,CO,80215,Bank Fees,
House District 08,"GILCHRIST, LINDSAY",103.98,2025-12-01 00:00:00,Spoon Full Of Comfort,Salt Lake Cikty,UT,84119,Gifts,
House District 08,"GILCHRIST, LINDSAY",99.98,2025-12-01 00:00:00,Spoon Full Of Comfort,Salt Lake Cikty,UT,84119,Gifts,
House District 08,"GILCHRIST, LINDSAY",400.0,2025-12-03 00:00:00,Jonna  Wallin,San Diego,CA,92104,Consultant & Professional Services,
House District 08,"GILCHRIST, LINDSAY",2.0,2025-12-03 00:00:00,Firstbank,Lakewood,CO,80215,Bank Fees,
House District 08,"GILCHRIST, LINDSAY",1416.0,2025-12-08 00:00:00,Minted Llc,San Francisco,CA,94111,Advertising,
House District 08,"GILCHRIST, LINDSAY",154.5,2025-12-18 00:00:00,Spot Hero,Chicago,IL,60601,Travel & Lodging,
House District 08,"GILCHRIST, LINDSAY",270.0,2025-12-23 00:00:00,Sydney  Marler,Longmont,CO,80504,Consultant & Professional Services,
House District 08,"GILCHRIST, LINDSAY",461.02,2025-12-29 00:00:00,Postal Centers Usa,Denver,CO,80220,Advertising,
House District 08,"GILCHRIST, LINDSAY",300.0,2025-12-31 00:00:00,Florangel  Mendez,Arvada,CO,80005,Other,Refund For Over-The-Limit Contribution
House District 08,"GILCHRIST, LINDSAY",327.97,2025-12-31 00:00:00,Actblue Technical Services,Somerville,MA,02144,Bank Fees,
House District 09,"VANBUSKIRK, MONICA",123.04,2025-09-07 00:00:00,Act Blue,Somerville,MA,02144,Fundraising Expenses,Fees Paid For Disbursed Contributions On Check Number: 401693657
House District 09,"VANBUSKIRK, MONICA",171.52,2025-09-14 00:00:00,Act Blue,Somerville,MA,02144,Fundraising Expenses,Fees Paid For Disbursement Of Campaign Contributions From Act Blue On Check # 401704547
House District 09,"VANBUSKIRK, MONICA",38.52,2025-09-21 00:00:00,Act Blue,Somerville,MA,02144,Fundraising Expenses,Fees Due For Disbursement Of Campaign Contributions With Act Blue On Check Number 401711035
House District 09,"VANBUSKIRK, MONICA",47.09,2025-09-28 00:00:00,Act Blue,Somerville,MA,02144,Fundraising Expenses,Fees For Disbursed Contributions With Act Blue On Check Number 401714573
House District 09,"VANBUSKIRK, MONICA",295.56,2025-09-30 00:00:00,Act Blue,Somerville,MA,02144,Fundraising Expenses,Fess For Disbursed Contributions Through Act Blue Check Number 401723871
House District 09,"VANBUSKIRK, MONICA",48.38,2025-10-05 00:00:00,Act Blue,Somerville,MA,02144,Fundraising Expenses,Fees Paid On Contribution Disbursement Number: 401725232
House District 09,"VANBUSKIRK, MONICA",93.6,2025-10-09 00:00:00,United States Postal Service,Denver,CO,80220,Office Equipment & Supplies,Stamps
House District 09,"VANBUSKIRK, MONICA",36.75,2025-10-12 00:00:00,Act Blue,Somerville,MA,02144,Fundraising Expenses,Fees Paid On Contribution Disbursement Number: 401733372
House District 09,"VANBUSKIRK, MONICA",0.88,2025-10-19 00:00:00,Act Blue,Somerville,MA,02144,Fundraising Expenses,Fees Paid On Contribution Disbursement Number: 401739716
House District 09,"VANBUSKIRK, MONICA",3000.0,2025-10-22 00:00:00,Eris Consulting Llc,Englewood,CO,80110,Consultant & Professional Services,Campaign Consulting
House District 09,"VANBUSKIRK, MONICA",4.2,2025-10-26 00:00:00,Act Blue,Somerville,MA,02144,Fundraising Expenses,Fees Paid On Contribution Disbursement Number: 401746931
House District 09,"VANBUSKIRK, MONICA",16.45,2025-11-02 00:00:00,Act Blue,Somerville,MA,02144,Fundraising Expenses,Fees Paid On Check Disbursement Number: 401756429
House District 09,"VANBUSKIRK, MONICA",10.0,2025-11-03 00:00:00,1St Bank,Lakewood,CO,80215,Bank Fees,Internet Banking Fee
House District 09,"VANBUSKIRK, MONICA",25.18,2025-11-03 00:00:00,Name.Com,Denver,CO,80202,Fundraising Expenses,Campaign Website Costs
House District 09,"VANBUSKIRK, MONICA",6.18,2025-11-09 00:00:00,Act Blue,Somerville,MA,02144,Fundraising Expenses,Fees On Contribution Disbursement Number: 401761508
House District 09,"VANBUSKIRK, MONICA",432.85,2025-11-12 00:00:00,Colorado Democratic Party,Denver,CO,80203,Consultant & Professional Services,Voter File Access
House District 09,"VANBUSKIRK, MONICA",89.97,2025-11-16 00:00:00,Act Blue,Somerville,MA,02144,Fundraising Expenses,Fees On Contribution Disbursement Number: 401767699
House District 09,"VANBUSKIRK, MONICA",8.7,2025-11-23 00:00:00,Act Blue,Somerville,MA,02144,Fundraising Expenses,Fees On Contribution Disbursement Number: 401774939
House District 09,"VANBUSKIRK, MONICA",117.29,2025-11-29 00:00:00,Ebay,San Jose,CA,95125,Office Equipment & Supplies,Stamps. 22.92 And 94.37 One Total Purchase
House District 09,"VANBUSKIRK, MONICA",72.57,2025-11-30 00:00:00,Act Blue,Somerville,MA,02144,Fundraising Expenses,Fees Paid On Contribution Disbursement Number: 401780294
House District 09,"VANBUSKIRK, MONICA",12.53,2025-12-07 00:00:00,Act Blue,Somerville,MA,02144,Fundraising Expenses,Fees Paid On Contribution Disbursement Number: 401788256
House District 09,"VANBUSKIRK, MONICA",58.1,2025-12-14 00:00:00,Act Blue,Somerville,MA,02144,Fundraising Expenses,Fees Paid On Contribution Disbursement Number: 401794444
House District 09,"VANBUSKIRK, MONICA",18.38,2025-12-21 00:00:00,Act Blue,Somerville,MA,02144,Fundraising Expenses,Fees Paid On Contribution Disbursement Number: 401800663
House District 09,"VANBUSKIRK, MONICA",3.95,2025-12-28 00:00:00,Act Blue,Somerville,MA,02144,Fundraising Expenses,Fees Paid On Contribution Disbursement Number: 401809966
House District 09,"VANBUSKIRK, MONICA",191.47,2025-12-31 00:00:00,Act Blue,Somerville,MA,02144,Fundraising Expenses,Fees Paid On Contribution Disbursement Number: 401813893
House District 09,"WALIA, NEAL",15.75,2025-10-12 00:00:00,Act Blue,Somerville,MA,02144,Fundraising Expenses,Act Blue Service Fee
House District 09,"WALIA, NEAL",44.8,2025-10-19 00:00:00,Act Blue,Somerville,MA,02144,Fundraising Expenses,Act Blue Service Fee
House District 09,"WALIA, NEAL",49.7,2025-10-26 00:00:00,Act Blue,Somerville,MA,02144,Fundraising Expenses,Act Blue Service Fee
House District 09,"WALIA, NEAL",45.82,2025-11-02 00:00:00,Act Blue,Somerville,MA,02144,Fundraising Expenses,Act Blue Service Fee
House District 09,"WALIA, NEAL",50.75,2025-11-09 00:00:00,Act Blue,Somerville,MA,02144,Fundraising Expenses,Act Blue Service Fee
House District 09,"WALIA, NEAL",165.98,2025-11-17 00:00:00,Gamino Print Shop,Denver,CO,80223,Advertising,Print Services For Signs
House District 09,"WALIA, NEAL",1901.0,2025-11-18 00:00:00,Taste Of India,Denver,CO,80224,"Food, Beverages and Meals",Food And Room Rental Expenses For Campaign Launch
House District 09,"WALIA, NEAL",432.85,2025-12-05 00:00:00,Demlaunch Van,Denver,CO,80250,Other,Van Platform Payment
House District 09,"WALIA, NEAL",84.12,2025-12-18 00:00:00,Mailchimp,Atlanta,GA,30308,Other,Mailchimp Email - Upgrade Subscription
House District 09,"WALIA, NEAL",105.15,2025-12-29 00:00:00,Mailchimp,Atlanta,GA,30308,Other,Mailchimp Email Subscription
House District 10,"JOSEPH, JUNIE",102.59,2025-01-02 00:00:00,Google Inc,Mountain View,CA,94043,Advertising,Google Ads
House District 10,"JOSEPH, JUNIE",326.3,2025-01-03 00:00:00,Prairie Mountain Media,Boulder,CO,80303,Advertising,Daily Camera Ads
House District 10,"JOSEPH, JUNIE",200.0,2025-01-03 00:00:00,Boulder Weekly,Boulder,CO,80303,Advertising,Ads In Boulder Weekly
House District 10,"JOSEPH, JUNIE",238.88,2025-01-03 00:00:00,Mailchimp,"Atlanta,",GA,30308,Office Equipment & Supplies,Mailchimp Office Subscription
House District 10,"JOSEPH, JUNIE",6.0,2025-01-06 00:00:00,Du Parking And Mobility Services,Denver,CO,80208,Other,Event Parking
House District 10,"JOSEPH, JUNIE",14.99,2025-01-07 00:00:00,Prairie Mountain Media,Boulder,CO,80303,Office Equipment & Supplies,Daily Camera Subscription For Office
House District 10,"JOSEPH, JUNIE",32.3,2025-01-07 00:00:00,Big Daddy'S Bagel,Boulder,CO,80303,"Food, Beverages and Meals",Bagels For Meeting
House District 10,"JOSEPH, JUNIE",94.29,2025-01-07 00:00:00,Bolder Boulder,Boulder,CO,80301,Other,Event Registration
House District 10,"JOSEPH, JUNIE",6.0,2025-01-08 00:00:00,Du Parking And Mobility Services,Denver,CO,80208,Other,Event Parking
House District 10,"JOSEPH, JUNIE",26.13,2025-01-08 00:00:00,King Soopers,Boulder,CO,80303,"Food, Beverages and Meals",Food For Meeting
House District 10,"JOSEPH, JUNIE",12.1,2025-01-09 00:00:00,King Soopers,Boulder,CO,80303,"Food, Beverages and Meals",Food For Meeting
House District 10,"JOSEPH, JUNIE",-282.4,2025-01-13 00:00:00,United Airlines,Chicago,IL,60606,Returned Expenditure,I Attended An Ncel Conference Back In December And I Paid For The Airline Flight. They Reimbursed That Amount Back To Me.
House District 10,"JOSEPH, JUNIE",49.99,2025-01-13 00:00:00,Mailmeteor Sas,Paris,FR,00000,Office Equipment & Supplies,Email Service
House District 10,"JOSEPH, JUNIE",1.5,2025-01-13 00:00:00,1St Bank,Boulder,CO,80303,Bank Fees,Bank Fees
House District 10,"JOSEPH, JUNIE",5.45,2025-01-13 00:00:00,Dollar Tree,Boulder,CO,80303,Office Equipment & Supplies,Office Supplies
House District 10,"JOSEPH, JUNIE",14.17,2025-01-13 00:00:00,King Soopers,Boulder,CO,80303,"Food, Beverages and Meals",Food For Meeting
House District 10,"JOSEPH, JUNIE",2.4,2025-01-14 00:00:00,Lowe'S,Mooresville,NC,28115,Office Equipment & Supplies,Office Supplies
House District 10,"JOSEPH, JUNIE",39.46,2025-01-14 00:00:00,Adobe,San Jose,CA,95110,Office Equipment & Supplies,Adobe Subscription For Office
House District 10,"JOSEPH, JUNIE",18.0,2025-01-15 00:00:00,Girl Scouts Of The United States Of America,New York,NY,10018,Office Equipment & Supplies,Girls Scout Cookies For Office
House District 10,"JOSEPH, JUNIE",8.04,2025-01-15 00:00:00,King Soopers,Boulder,CO,80303,"Food, Beverages and Meals",Food For Meeting
House District 10,"JOSEPH, JUNIE",6.0,2025-01-22 00:00:00,King Soopers,Boulder,CO,80303,"Food, Beverages and Meals",Food For Meeting
House District 10,"JOSEPH, JUNIE",28.25,2025-01-23 00:00:00,Dairy Center For The Arts,Boulder,CO,80302,Other,Ticket For Event
House District 10,"JOSEPH, JUNIE",300.0,2025-01-24 00:00:00,Boulder Weekly,Boulder,CO,80303,Advertising,Ad In Boulder Weekly
House District 10,"JOSEPH, JUNIE",170.94,2025-01-27 00:00:00,Walmart,Broomfield,CO,80021,Office Equipment & Supplies,Office Supplies
House District 10,"JOSEPH, JUNIE",13.2,2025-01-29 00:00:00,Uber Technologies,San Fransisco,CO,94103,Other,Uber For Meeting
House District 10,"JOSEPH, JUNIE",7.4,2025-01-29 00:00:00,Actblue Llc,Cambridge,MA,02138,Other,Actblue Fees
House District 10,"JOSEPH, JUNIE",2.0,2025-01-31 00:00:00,1St Bank,Boulder,CO,80303,Bank Fees,Bank Fees
House District 10,"JOSEPH, JUNIE",270.9,2025-02-03 00:00:00,Google Inc,Mountain View,CA,94043,Advertising,Google Ads
House District 10,"JOSEPH, JUNIE",148.14,2025-02-03 00:00:00,Costco,Issaquah,WA,98027,Office Equipment & Supplies,Office Equipment
House District 10,"JOSEPH, JUNIE",8.0,2025-02-03 00:00:00,Walmart,Broomfield,CO,80021,Office Equipment & Supplies,Office Supplies
House District 10,"JOSEPH, JUNIE",18.32,2025-02-03 00:00:00,Hobby Lobby,Lakewood,CO,80226,Office Equipment & Supplies,Office Supplies
House District 10,"JOSEPH, JUNIE",238.88,2025-02-03 00:00:00,Mailchimp,"Atlanta,",GA,30308,Office Equipment & Supplies,Mailchimp Subscription For Office
House District 10,"JOSEPH, JUNIE",14.99,2025-02-06 00:00:00,Prairie Mountain Media,Boulder,CO,80303,Office Equipment & Supplies,Daily Camera Subscription For Office
House District 10,"JOSEPH, JUNIE",30.0,2025-02-12 00:00:00,Girl Scouts Of The United States Of America,New York,NY,10018,"Food, Beverages and Meals",Cookies For Office
House District 10,"JOSEPH, JUNIE",1.27,2025-02-12 00:00:00,Actblue Llc,Cambridge,MA,02138,Other,Act Blue Fees
House District 10,"JOSEPH, JUNIE",39.46,2025-02-14 00:00:00,Adobe,San Jose,CA,95110,Office Equipment & Supplies,Adobe Subscription For Office
House District 10,"JOSEPH, JUNIE",300.0,2025-02-21 00:00:00,Boulder Weekly,Boulder,CO,80303,Advertising,Ad In Boulder Weekly Magazine
House District 10,"JOSEPH, JUNIE",67.44,2025-02-26 00:00:00,Jimmy Johns,Denver,CO,80202,"Food, Beverages and Meals",Food For Meeting
House District 10,"JOSEPH, JUNIE",300.0,2025-02-26 00:00:00,Canva Inc,Austin,TX,78701,Office Equipment & Supplies,Canva Office Subscription
House District 10,"JOSEPH, JUNIE",500.0,2025-02-27 00:00:00,Black Democratic Legislative Caucus,Denver,CO,80203,Other,Caucus Dues
House District 10,"JOSEPH, JUNIE",2.0,2025-02-28 00:00:00,1St Bank,Boulder,CO,80303,Bank Fees,Bank Fees
House District 10,"JOSEPH, JUNIE",317.57,2025-03-03 00:00:00,Google Inc,Mountain View,CA,94043,Advertising,Google Ads
House District 10,"JOSEPH, JUNIE",238.88,2025-03-03 00:00:00,Mailchimp,"Atlanta,",GA,30308,Office Equipment & Supplies,Mailchimp Subscription For Office
House District 10,"JOSEPH, JUNIE",171.03,2025-03-06 00:00:00,Amazon,"Seattle,",WA,98109,Office Equipment & Supplies,Office Supplies
House District 10,"JOSEPH, JUNIE",14.99,2025-03-10 00:00:00,Prairie Mountain Media,Boulder,CO,80303,Office Equipment & Supplies,Daily Camera Subscription For Office
House District 10,"JOSEPH, JUNIE",4.0,2025-03-13 00:00:00,Denver Arts Complex Parking,Denver,CO,80204,Other,Parking At Cultural Center For An Event
House District 10,"JOSEPH, JUNIE",39.46,2025-03-14 00:00:00,Adobe,San Jose,CA,95110,Office Equipment & Supplies,Adobe Subscription For Office
House District 10,"JOSEPH, JUNIE",4.0,2025-03-14 00:00:00,City And County Of Denver Parking Administration,"Denver,",CO,80201-6500,Other,Parking For Event
House District 10,"JOSEPH, JUNIE",201.08,2024-03-15 00:00:00,Artist Proof Collective,Denver,CO,80204,Advertising,"Campaign Literature- Paid For By Candidate, Seeks Reimbursement"
House District 10,"JOSEPH, JUNIE",-201.08,2024-03-15 00:00:00,Artist Proof Collective,Denver,CO,80204,Advertising,"Offset Due To Update Of Filed Item - Campaign Literature- Paid For By Candidate, Seeks Reimbursement"
House District 10,"JOSEPH, JUNIE",201.08,2024-03-15 00:00:00,Artist Proof Collective,Denver,CO,80204,Advertising,"Campaign Literature- Paid For By Candidate, Seeks Reimbursement"
House District 10,"JOSEPH, JUNIE",25.85,2024-03-17 00:00:00,South Side Walnut Cafe,Boulder,CO,80305,"Food, Beverages and Meals",Meeting With Constituents/Volunteer To Discuss Campaign And Bought Her Lunch.
House District 10,"JOSEPH, JUNIE",4.0,2025-03-18 00:00:00,City And County Of Denver Parking Administration,"Denver,",CO,80201-6500,Other,Parking At Event
House District 10,"JOSEPH, JUNIE",-25.85,2024-03-19 00:00:00,South Side Walnut Cafe,Boulder,CO,80305,"Food, Beverages and Meals",Offset Due To Update Of Filed Item - Meeting With Constituents
House District 10,"JOSEPH, JUNIE",1.31,2025-03-19 00:00:00,Actblue Llc,Cambridge,MA,02138,Other,Act Blue Fees
House District 10,"JOSEPH, JUNIE",300.0,2025-03-21 00:00:00,Boulder Weekly,Boulder,CO,80303,Advertising,Boulder Weekly Ad
House District 10,"JOSEPH, JUNIE",5.24,2025-03-24 00:00:00,City Of Boulder Parking,Boulder,CO,80302,Other,Parking At Event
House District 10,"JOSEPH, JUNIE",-113.59,2023-03-26 00:00:00,Tasty Thai,Denver,CO,80203,"Food, Beverages and Meals",Food While At The Capitol- Paid Personally Ñ Not A Campaign Expense
House District 10,"JOSEPH, JUNIE",-113.59,2023-03-26 00:00:00,Tasty Thai,Denver,CO,80203,"Food, Beverages and Meals",Food While At The Capitol- Paid Personally Ñ Not A Campaign Expense
House District 10,"JOSEPH, JUNIE",200.0,2025-03-31 00:00:00,Colorado Democratic Party,Denver,CO,80203,Other,Ticket To 8Th Annual Obama Dinner
House District 10,"JOSEPH, JUNIE",2.0,2025-03-31 00:00:00,1St Bank,Boulder,CO,80303,Bank Fees,Bank Fees
House District 10,"JOSEPH, JUNIE",102.78,2025-03-31 00:00:00,Donn Bruns Llc,"Arvada,",CO,80005,Other,Commemorative Picture Of The Capital For The Office
House District 10,"JOSEPH, JUNIE",-82.08,2023-04-01 00:00:00,Pho Natic,Denver,CO,80203,"Food, Beverages and Meals",Office Food While At The Capitol- Paid Personally Ñ Not A Campaign Expense
House District 10,"JOSEPH, JUNIE",-82.08,2023-04-01 00:00:00,Pho Natic,Denver,CO,80203,"Food, Beverages and Meals",Office Food While At The Capitol- Paid Personally Ñ Not A Campaign Expense
House District 10,"JOSEPH, JUNIE",2000.0,2025-04-01 00:00:00,Colorado Democratic Party,Denver,CO,80203,Other,Table At Event- Dems Fest
House District 10,"JOSEPH, JUNIE",257.84,2025-04-02 00:00:00,Google Inc,Mountain View,CA,94043,Advertising,Google Ads
House District 10,"JOSEPH, JUNIE",-36.37,2023-04-03 00:00:00,Modern Market,Denver,CO,80202,"Food, Beverages and Meals",Paid For Food While At The Capitol -Paid Personally Ñ Not A Campaign Expense
House District 10,"JOSEPH, JUNIE",-36.37,2023-04-03 00:00:00,Modern Market,Denver,CO,80202,"Food, Beverages and Meals",Paid For Food While At The Capitol -Paid Personally Ñ Not A Campaign Expense
House District 10,"JOSEPH, JUNIE",238.88,2025-04-04 00:00:00,Mailchimp,"Atlanta,",GA,30308,Other,Email Subscription Service
House District 10,"JOSEPH, JUNIE",200.0,2025-04-04 00:00:00,Boulder County Democratic Party,Boulder,CO,80303,Other,Event Fee
House District 10,"JOSEPH, JUNIE",-19.0,2023-04-05 00:00:00,Chipotle,Denver,CO,80202,"Food, Beverages and Meals","Food Paid Out Of Pocket, Paid Personally Ñ Not A Campaign Expense"
House District 10,"JOSEPH, JUNIE",200.0,2025-04-05 00:00:00,Rocky Mountain Equality,Boulder,CO,80301,Other,Event Fee
House District 10,"JOSEPH, JUNIE",14.99,2025-04-08 00:00:00,Prairie Mountain Media,Boulder,CO,80303,Office Equipment & Supplies,Daily Camera Subscription
House District 10,"JOSEPH, JUNIE",226.72,2025-04-08 00:00:00,Jimmy Johns,Denver,CO,80202,"Food, Beverages and Meals",Food For Event- Human Trafficking Awareness Event
House District 10,"JOSEPH, JUNIE",250.0,2025-04-13 00:00:00,Cottillion Beautillion Internation,Aurora,CO,80017,Other,Event Fee
House District 10,"JOSEPH, JUNIE",39.46,2025-04-14 00:00:00,Adobe,San Jose,CA,95110,Other,Adobe Subscription For Office
House District 10,"JOSEPH, JUNIE",84.0,2025-04-16 00:00:00,Wix,Denver,CO,80202,Other,Website Service Subscription
House District 10,"JOSEPH, JUNIE",-38.66,2023-04-18 00:00:00,Level Up Chicken: Bbq Chicken,Denver,CO,80203,Returned Expenditure,Paid Personally Ñ Not A Campaign Expense
House District 10,"JOSEPH, JUNIE",-38.66,2025-04-18 00:00:00,Level Up Chicken: Bbq Chicken,Denver,CO,80203,Returned Expenditure,Paid Personally Ñ Not A Campaign Expense
House District 10,"JOSEPH, JUNIE",38.66,2025-04-18 00:00:00,Level Up Chicken: Bbq Chicken,Denver,CO,80203,Returned Expenditure,Paid Personally Ñ Not A Campaign Expense
House District 10,"JOSEPH, JUNIE",-36.83,2023-04-20 00:00:00,Chipotle,Denver,CO,80202,"Food, Beverages and Meals",Food While At The Capitol-Paid Personally Ñ Not A Campaign Expense
House District 10,"JOSEPH, JUNIE",-36.83,2023-04-20 00:00:00,Chipotle,Denver,CO,80202,"Food, Beverages and Meals",Food While At The Capitol-Paid Personally Ñ Not A Campaign Expense
House District 10,"JOSEPH, JUNIE",0.04,2025-04-23 00:00:00,Actblue Llc,Cambridge,MA,02138,Other,Act Blue Transaction Fees
House District 10,"JOSEPH, JUNIE",64.19,2025-04-24 00:00:00,Imprint,Houston,TX,77083,Office Equipment & Supplies,Office Supplies
House District 10,"JOSEPH, JUNIE",263.97,2025-04-25 00:00:00,Amazon,"Seattle,",WA,98109,Office Equipment & Supplies,Food & Office Supplies- For Boulder Bolder Booth- Gatorade And Cups.
House District 10,"JOSEPH, JUNIE",156.13,2025-04-25 00:00:00,Amazon,"Seattle,",WA,98109,"Food, Beverages and Meals",Supplies For Boulder Bolder Booth- Candy/ Lollipops.
House District 10,"JOSEPH, JUNIE",300.0,2025-04-25 00:00:00,Boulder Weekly,Boulder,CO,80303,Advertising,Advertising In The Boulder Weekly
House District 10,"JOSEPH, JUNIE",-24.03,2023-04-28 00:00:00,Potbelly Sandwich Works,"Denver,",CO,80202,Returned Expenditure,Paid Personally Ñ Not A Campaign Expense
House District 10,"JOSEPH, JUNIE",81.7,2025-04-30 00:00:00,Amazon,"Seattle,",WA,98109,Office Equipment & Supplies,Supplies For Team-Building And Collaborative Engagement (Session Close-Out).
House District 10,"JOSEPH, JUNIE",2.0,2025-04-30 00:00:00,1St Bank,Boulder,CO,80303,Bank Fees,Bank Fees
House District 10,"JOSEPH, JUNIE",-81.7,2025-04-30 00:00:00,Amazon,"Seattle,",WA,98109,Office Equipment & Supplies,Offset Due To Update Of Filed Item - Supplies For Team-Building And Collaborative Engagement (Session Close-Out).
House District 10,"JOSEPH, JUNIE",81.7,2025-04-30 00:00:00,Amazon,"Seattle,",WA,98109,"Food, Beverages and Meals",Candy For Team Building And Collaborative Engagement (Session Close Out).
House District 10,"JOSEPH, JUNIE",25.55,2025-05-01 00:00:00,Amazon,"Seattle,",WA,98109,Office Equipment & Supplies,Office Supplies
House District 10,"JOSEPH, JUNIE",-46.41,2024-05-02 00:00:00,Target,Boulder,CO,80301,Office Equipment & Supplies,Offset Due To Update Of Filed Item - Office Supplies
House District 10,"JOSEPH, JUNIE",46.41,2024-05-02 00:00:00,Target,Boulder,CO,80301,Office Equipment & Supplies,Chocolate/ Candy Bought For Sine Die- Last Day Of Work At The Capitol.
House District 10,"JOSEPH, JUNIE",121.31,2025-05-02 00:00:00,Google Inc,Mountain View,CA,94043,Advertising,Google Ads
House District 10,"JOSEPH, JUNIE",0.99,2025-05-02 00:00:00,Actblue,Somerville,MA,02144,Other,Act Blue Transaction Fees
House District 10,"JOSEPH, JUNIE",1.39,2025-05-05 00:00:00,Actblue Llc,Cambridge,MA,02138,Other,Act Blue Fees
House District 10,"JOSEPH, JUNIE",238.88,2025-05-05 00:00:00,Mailchimp,"Atlanta,",GA,30308,Other,Email Subscription Service
House District 10,"JOSEPH, JUNIE",-29.18,2024-05-07 00:00:00,Target,Boulder,CO,80301,Office Equipment & Supplies,Offset Due To Update Of Filed Item - Office Supplies
House District 10,"JOSEPH, JUNIE",29.18,2024-05-07 00:00:00,Target,Boulder,CO,80301,"Food, Beverages and Meals",Chocolate/ Candy Bought For Sine Die- Last Day Of Work At The Capitol.
House District 10,"JOSEPH, JUNIE",33.09,2025-05-07 00:00:00,Breanna  Miracle,Lakewood,CO,80228,Office Equipment & Supplies,Reimburse For Office Supplies Expenditure
House District 10,"JOSEPH, JUNIE",-33.09,2025-05-07 00:00:00,Breanna  Miracle,Lakewood,CO,80228,Office Equipment & Supplies,Offset Due To Update Of Filed Item - Reimburse For Office Supplies Expenditure
House District 10,"JOSEPH, JUNIE",33.09,2025-05-07 00:00:00,Breanna  Miracle,Lakewood,CO,80228,"Food, Beverages and Meals",Reimburse For Office Staff Treats Expenditure
House District 10,"JOSEPH, JUNIE",14.99,2025-05-08 00:00:00,Prairie Mountain Media,Boulder,CO,80303,Office Equipment & Supplies,Daily Camera Subscription
House District 10,"JOSEPH, JUNIE",27.55,2025-05-11 00:00:00,Actblue,Somerville,MA,02144,Other,Act Blue Transaction Fees
House District 10,"JOSEPH, JUNIE",-2992.28,2024-05-13 00:00:00,Artist Proof Collective,Denver,CO,80204,Advertising,Offset Due To Update Of Filed Item - Campaign Flyers - This Expenditure Was Paid Out-Of-Pocket By The Candidate And Will Be Reimbursed By The Campai
House District 10,"JOSEPH, JUNIE",2992.28,2024-05-13 00:00:00,Artist Proof Collective,Denver,CO,80204,Advertising,Campaign Flyers - This Expenditure Was Paid Out-Of-Pocket By The Candidate And Will Be Reimbursed By The Campaign.
House District 10,"JOSEPH, JUNIE",39.46,2025-05-14 00:00:00,Adobe,San Jose,CA,95110,Other,Adobe Subscription For The Office
House District 10,"JOSEPH, JUNIE",23.36,2025-05-18 00:00:00,Actblue,Somerville,MA,02144,Other,Act Blue Transaction Fees
House District 10,"JOSEPH, JUNIE",1.98,2025-05-19 00:00:00,Actblue,Somerville,MA,02144,Other,Act Blue Transaction Fees
House District 10,"JOSEPH, JUNIE",1341.62,2024-05-21 00:00:00,Prairie Mountain Media,Boulder,CO,80303,Advertising,Ads In The Daily Camera- Paid By The Candidate And Sought Reimbursement.
House District 10,"JOSEPH, JUNIE",100.0,2025-05-21 00:00:00,New Era Colorado,Denver,CO,80204,Other,Event Fee
House District 10,"JOSEPH, JUNIE",3.24,2025-05-23 00:00:00,City Of Boulder Parking,Boulder,CO,80302,Other,Parking
House District 10,"JOSEPH, JUNIE",-110.66,2023-05-25 00:00:00,Mount Fuiji Sushi Bar,"Denver,",CO,80203,"Food, Beverages and Meals",Food While At The Capitol-Paid Personally Ñ Not A Campaign Expense
House District 10,"JOSEPH, JUNIE",-44.0,2023-05-26 00:00:00,Mount Fuiji Sushi Bar,"Denver,",CO,80203,"Food, Beverages and Meals",Food While At The Capitol-Paid Personally Ñ Not A Campaign Expense
House District 10,"JOSEPH, JUNIE",300.0,2025-05-27 00:00:00,Boulder Weekly,Boulder,CO,80303,Advertising,Ads In Boulder Weekly
House District 10,"JOSEPH, JUNIE",50.0,2025-05-27 00:00:00,Latino Chamber,"Longmont,",CO,80501,Other,Membership Dues: Membership To Latino Chambers For Campaign-Related Community Engagement And Networking.
House District 10,"JOSEPH, JUNIE",27.0,2025-05-29 00:00:00,Alamo Plaza Garage Am,Denver,CO,80204,Travel & Lodging,Alamo Plaza Garage Parking For Speaking Engagement Event... Paid Out Of Pocket.
House District 10,"JOSEPH, JUNIE",2.0,2025-05-30 00:00:00,1St Bank,Boulder,CO,80303,Bank Fees,Bank Fees
House District 10,"JOSEPH, JUNIE",48.41,2025-05-31 00:00:00,Actblue,Somerville,MA,02144,Other,Actblue Transaction Fees
House District 10,"JOSEPH, JUNIE",241.92,2025-05-31 00:00:00,Hyatt Regence Denver,Denver,CO,80202,Travel & Lodging,Lodging While Attending Dems Fest And Dems Gala Event In Denver Two Days Event & One Colorado.
House District 10,"JOSEPH, JUNIE",18.44,2025-06-02 00:00:00,Dunkin',Boulder,CO,80301,"Food, Beverages and Meals",Food For Event- Advisory Committee Meeting.
House District 10,"JOSEPH, JUNIE",1.63,2025-06-02 00:00:00,City Of Boulder Parking,Boulder,CO,80302,Other,Parking In Downtown Boulder- Advisory Committee Meetings- Boulder Library
House District 10,"JOSEPH, JUNIE",210.0,2025-06-02 00:00:00,Rocky Mountain Equality,Boulder,CO,80301,Other,Event Fee
House District 10,"JOSEPH, JUNIE",250.0,2025-06-02 00:00:00,Boulder County Democratic Party,Boulder,CO,80303,Other,Event Fee
House District 10,"JOSEPH, JUNIE",2.75,2025-06-02 00:00:00,City Of Boulder Parking,Boulder,CO,80302,Other,Parking For Event
House District 10,"JOSEPH, JUNIE",34.0,2025-06-02 00:00:00,Denver Arts Complex Parking,Denver,CO,80204,Other,Parking- For Dems Event- Annual Gala
House District 10,"JOSEPH, JUNIE",383.42,2025-06-02 00:00:00,Google Inc,Mountain View,CA,94043,Advertising,Google Ads
House District 10,"JOSEPH, JUNIE",291.85,2025-06-04 00:00:00,Mailchimp,"Atlanta,",GA,30308,Other,Email Subscription Service
House District 10,"JOSEPH, JUNIE",3.75,2025-06-06 00:00:00,City Of Boulder Parking,Boulder,CO,80302,Other,Parking
House District 10,"JOSEPH, JUNIE",5.35,2025-06-06 00:00:00,Twitter,San Francisco,CA,94103,Advertising,Twitter On-Line Ads
House District 10,"JOSEPH, JUNIE",72.31,2025-06-08 00:00:00,Actblue,Somerville,MA,02144,Other,Actblue Transaction Fees
House District 10,"JOSEPH, JUNIE",14.99,2025-06-09 00:00:00,Prairie Mountain Media,Boulder,CO,80303,Office Equipment & Supplies,Daily Camera Subscription For Office
House District 10,"JOSEPH, JUNIE",18.1,2025-06-15 00:00:00,Actblue,Somerville,MA,02144,Other,Actblue Transaction Fees
House District 10,"JOSEPH, JUNIE",39.46,2025-06-16 00:00:00,Adobe,San Jose,CA,95110,Other,Adobe Subscription For Office
House District 10,"JOSEPH, JUNIE",84.08,2025-06-16 00:00:00,Twitter,San Francisco,CA,94103,Advertising,Twitter On-Line Ads
House District 10,"JOSEPH, JUNIE",21.34,2025-06-17 00:00:00,Qdoba,Boulder,CO,80301,"Food, Beverages and Meals",Food For Volunteers- Pride Event.
House District 10,"JOSEPH, JUNIE",275.0,2025-06-20 00:00:00,Boulder Weekly,Boulder,CO,80303,Advertising,Boulder Weekly Ads
House District 10,"JOSEPH, JUNIE",38.86,2025-06-22 00:00:00,Actblue,Somerville,MA,02144,Other,Actblue Transaction Fees
House District 10,"JOSEPH, JUNIE",3.0,2025-06-23 00:00:00,Du Parking And Mobility Services,Denver,CO,80208,Other,Parking For Lwv Speaking Engagement
House District 10,"JOSEPH, JUNIE",114.43,2025-06-29 00:00:00,Actblue,Somerville,MA,02144,Other,Actblue Transaction Fees
House District 10,"JOSEPH, JUNIE",2.0,2025-06-30 00:00:00,1St Bank,Boulder,CO,80303,Bank Fees,Bank Fees
House District 10,"JOSEPH, JUNIE",56.31,2025-06-30 00:00:00,Actblue,Somerville,MA,02144,Other,Actblue Transaction Fees
House District 10,"JOSEPH, JUNIE",150.0,2025-07-01 00:00:00,Breanna  Miracle,Lakewood,CO,80228,Miscellaneous,Refund For Expenditure
House District 10,"JOSEPH, JUNIE",401.91,2025-07-01 00:00:00,Google Inc,Mountain View,CA,94043,Advertising,Internet Ads
House District 10,"JOSEPH, JUNIE",20.34,2025-07-04 00:00:00,Actblue,Somerville,MA,02144,Other,Act Blue Transaction Fees
House District 10,"JOSEPH, JUNIE",291.85,2025-07-07 00:00:00,Mailchimp,"Atlanta,",GA,30308,Other,Mailchimp Subscription
House District 10,"JOSEPH, JUNIE",4.5,2025-07-07 00:00:00,City Of Boulder Parking,Boulder,CO,80302,Other,Parking In Boulder
House District 10,"JOSEPH, JUNIE",616.0,2025-07-07 00:00:00,Boulder Weekly,Boulder,CO,80303,Advertising,Ad In Boulder Weekly
House District 10,"JOSEPH, JUNIE",14.99,2025-07-08 00:00:00,Prairie Mountain Media,Boulder,CO,80303,Other,Daily Camera Subscription
House District 10,"JOSEPH, JUNIE",132.5,2025-07-10 00:00:00,Twitter,San Francisco,CA,94103,Advertising,Twitter Ads
House District 10,"JOSEPH, JUNIE",7.2,2025-07-11 00:00:00,Actblue,Somerville,MA,02144,Other,Actblue Transaction Fees
House District 10,"JOSEPH, JUNIE",110.0,2025-07-11 00:00:00,Douglas County Democratic Party,Highlands Ranch,CO,80130,Other,Event Fee
House District 10,"JOSEPH, JUNIE",100.0,2025-07-12 00:00:00,Sister-To-Sister Int'L Network Of Prof. African American Women Inc.,Denver,CO,80205,Other,Event Fee
House District 10,"JOSEPH, JUNIE",4.0,2025-07-14 00:00:00,Denver Arts Complex Parking,Denver,CO,80204,Other,Parking In Denver
House District 10,"JOSEPH, JUNIE",8.45,2025-07-14 00:00:00,7Th Street Parking,Denver,CO,80204,Other,Auraria Parking
House District 10,"JOSEPH, JUNIE",39.46,2025-07-14 00:00:00,Adobe,San Jose,CA,95110,Other,Adobe Monthly Subscription
House District 10,"JOSEPH, JUNIE",0.04,2025-07-15 00:00:00,Actblue,Somerville,MA,02144,Other,Actblue Transaction Fees
House District 10,"JOSEPH, JUNIE",800.0,2025-07-15 00:00:00,Rachel  Isaacson,Boulder,CO,80304,Employee Services,Campaign Work
House District 10,"JOSEPH, JUNIE",89.55,2025-07-15 00:00:00,Wix,Denver,CO,80202,Other,Website Subscription
House District 10,"JOSEPH, JUNIE",2.75,2025-07-21 00:00:00,City Of Boulder Parking,Boulder,CO,80302,Other,Parking - City Of Boulder
House District 10,"JOSEPH, JUNIE",259.1,2025-07-21 00:00:00,Best Western Limon,Limon,CO,80828,Travel & Lodging,Conference Hotel
House District 10,"JOSEPH, JUNIE",37.54,2025-07-25 00:00:00,Actblue,Somerville,MA,02144,Other,Actblue Transaction Fees
House District 10,"JOSEPH, JUNIE",32.3,2025-07-30 00:00:00,Big Daddy'S Bagel,Boulder,CO,80303,"Food, Beverages and Meals",Food For Meeting
House District 10,"JOSEPH, JUNIE",348.0,2025-07-31 00:00:00,Wix,Denver,CO,80202,Other,Website Maintenance
House District 10,"JOSEPH, JUNIE",2.0,2025-07-31 00:00:00,1St Bank,Boulder,CO,80303,Bank Fees,Bank Fees
House District 10,"JOSEPH, JUNIE",333.0,2025-08-01 00:00:00,Google Inc,Mountain View,CA,94043,Advertising,Internet Ads
House District 10,"JOSEPH, JUNIE",2.18,2025-08-03 00:00:00,Actblue,Somerville,MA,02144,Other,Act Blue Transaction Fees
House District 10,"JOSEPH, JUNIE",238.88,2025-08-04 00:00:00,Mailchimp,"Atlanta,",GA,30308,Other,Email Subscription
House District 10,"JOSEPH, JUNIE",14.99,2025-08-07 00:00:00,Prairie Mountain Media,Boulder,CO,80303,Other,Daily Camera Subcription
House District 10,"JOSEPH, JUNIE",0.28,2025-08-09 00:00:00,Actblue,Somerville,MA,02144,Other,Actblue Transaction Fees
House District 10,"JOSEPH, JUNIE",100.0,2025-08-13 00:00:00,Colorado Independent Cattle Growers,Ordway,CO,81063,"Food, Beverages and Meals",Conference Lunch
House District 10,"JOSEPH, JUNIE",39.46,2025-08-14 00:00:00,Adobe,San Jose,CA,95110,Other,Adobe Subscription
House District 10,"JOSEPH, JUNIE",2.02,2025-08-15 00:00:00,Actblue,Somerville,MA,02144,Other,Actblue Transaction Fees
House District 10,"JOSEPH, JUNIE",25.0,2025-08-18 00:00:00,Hyatt Regence Denver,Denver,CO,80202,Other,Parking In Denver For Event
House District 10,"JOSEPH, JUNIE",3.95,2025-08-18 00:00:00,Actblue,Somerville,MA,02144,Other,Actblue Transaction Fees
House District 10,"JOSEPH, JUNIE",3.9,2025-08-26 00:00:00,1St Bank,Boulder,CO,80303,Bank Fees,International Transaction Fee
House District 10,"JOSEPH, JUNIE",-33.09,2025-08-29 00:00:00,Breanna  Miracle,Lakewood,CO,80228,Returned Expenditure,Reimbursement Non Campaign Related- Chocolate/ Candy Bought For Office Staff Sine Die.
House District 10,"JOSEPH, JUNIE",-81.7,2025-08-29 00:00:00,Amazon,"Seattle,",WA,98109,Returned Expenditure,Reimbursement Non Campaign Related- Chocolate/ Candy Bought For Sine Die- Last Day Of Work At The Capitol.
House District 10,"JOSEPH, JUNIE",-127.51,2025-08-29 00:00:00,Safeway,Boulder,CO,80303,Returned Expenditure,"Reimbursement Non Campaign Related- Chocolate/ Candy, Flower, Bought For Sine Die- Last Day Of Work At The Capitol."
House District 10,"JOSEPH, JUNIE",-30.45,2025-08-29 00:00:00,Target,"Fort Collins,",CO,80525,Returned Expenditure,Reimbursement Non Campaign Related- Chocolate/ Candy Bought For Sine Die- Last Day Of Work At The Capitol.
House District 10,"JOSEPH, JUNIE",-67.99,2025-08-29 00:00:00,King Soopers,Boulder,CO,80303,Returned Expenditure,Reimbursement Non Campaign Related- For Sine Die- Last Day Of Work At The Capitol.
House District 10,"JOSEPH, JUNIE",-46.41,2025-08-29 00:00:00,Target,Boulder,CO,80301,Returned Expenditure,Reimbursement Non Campaign Related- For Sine Die- Last Day Of Work At The Capitol.
House District 10,"JOSEPH, JUNIE",-29.18,2025-08-29 00:00:00,Target,Boulder,CO,80301,Returned Expenditure,Reimbursement Non Campaign Related- For Sine Die- Last Day Of Work At The Capitol.
House District 10,"JOSEPH, JUNIE",150.0,2025-08-29 00:00:00,Impact On Education,Louisville,CO,80027,Other,Event Fee
House District 10,"JOSEPH, JUNIE",586.93,2025-08-29 00:00:00,Artist Proof Collective,Denver,CO,80204,Other,Letters To Constituents
House District 10,"JOSEPH, JUNIE",2.0,2025-08-29 00:00:00,1St Bank,Boulder,CO,80303,Bank Fees,Bank Fee
House District 10,"JOSEPH, JUNIE",2.97,2025-08-30 00:00:00,Actblue,Somerville,MA,02144,Other,Actblue Transaction Fees
House District 10,"JOSEPH, JUNIE",200.0,2025-09-01 00:00:00,Congressional Black Caucus Foundation,Washington,DC,20005,Other,Registration For Congressional Black Caucus Foundation Conference In Washington Dc- Paid Out Of Pocket By The Candidate And Will Be Reimbursed In Total By The Campaign.
House District 10,"JOSEPH, JUNIE",219.06,2025-09-02 00:00:00,Google Inc,Mountain View,CA,94043,Advertising,Internet Ads
House District 10,"JOSEPH, JUNIE",75.0,2025-09-02 00:00:00,Larimer County Democrats,Fort Collins,CO,80524,Other,Event Fee
House District 10,"JOSEPH, JUNIE",238.88,2025-09-04 00:00:00,Mailchimp,"Atlanta,",GA,30308,Other,Email Subscription Service
House District 10,"JOSEPH, JUNIE",7.12,2025-09-06 00:00:00,Actblue,Somerville,MA,02144,Other,Actblue Transaction Fees
House District 10,"JOSEPH, JUNIE",14.99,2025-09-08 00:00:00,Prairie Mountain Media,Boulder,CO,80303,Other,Daily Camera Subscription For Office
House District 10,"JOSEPH, JUNIE",420.0,2025-09-08 00:00:00,Usps,Boulder,CO,80305,Rent & Utilities,P O Box Rental
House District 10,"JOSEPH, JUNIE",174.36,2025-09-09 00:00:00,Zoom Video Communications Inc,San Jose,CA,95113,Other,Zoom Subscription For Meetings
House District 10,"JOSEPH, JUNIE",70.0,2024-09-10 00:00:00,United Airlines,Chicago,IL,60606,Travel & Lodging,Difference In Flight Paid For Conference
House District 10,"JOSEPH, JUNIE",83.09,2025-09-12 00:00:00,Mailchimp,"Atlanta,",GA,30308,Other,Constituent Mailing
House District 10,"JOSEPH, JUNIE",1.47,2025-09-12 00:00:00,Actblue,Somerville,MA,02144,Other,Actblue Transaction Fees
House District 10,"JOSEPH, JUNIE",26.29,2024-09-13 00:00:00,Uber Technologies,San Fransisco,CO,94103,Travel & Lodging,Event Travel During Conference
House District 10,"JOSEPH, JUNIE",60.08,2024-09-13 00:00:00,Uber Technologies,San Fransisco,CO,94103,Travel & Lodging,Traveling From Airport To Hotel Conference Cbcf
House District 10,"JOSEPH, JUNIE",-22.59,2025-09-13 00:00:00,Tasty Thai,Denver,CO,80203,Returned Expenditure,Paid Personally Ñ Not A Campaign Expense
House District 10,"JOSEPH, JUNIE",-14.1,2025-09-13 00:00:00,Quiznos,Denver,CO,80203,Returned Expenditure,Paid Personally Ñ Not A Campaign Expense
House District 10,"JOSEPH, JUNIE",-12.24,2025-09-13 00:00:00,Quiznos,Denver,CO,80203,Returned Expenditure,Paid Personally Ñ Not A Campaign Expense
House District 10,"JOSEPH, JUNIE",-20.0,2025-09-13 00:00:00,Mattie'S Soul Food Bar & Lounge,"Denver,",CO,80220,Returned Expenditure,Paid Personally Ñ Not A Campaign Expense
House District 10,"JOSEPH, JUNIE",-20.0,2025-09-13 00:00:00,Mattie'S Soul Food Bar & Lounge,"Denver,",CO,80220,Returned Expenditure,Paid Personally Ñ Not A Campaign Expense
House District 10,"JOSEPH, JUNIE",-51.16,2025-09-13 00:00:00,Tasty Thai,Denver,CO,80203,Returned Expenditure,Paid Personally Ñ Not A Campaign Expense
House District 10,"JOSEPH, JUNIE",-17.84,2025-09-13 00:00:00,Quiznos,Denver,CO,80203,Returned Expenditure,Paid Personally Ñ Not A Campaign Expense
House District 10,"JOSEPH, JUNIE",-8.0,2025-09-13 00:00:00,Jlr Burritos,"Denver,",CO,80203,Returned Expenditure,Paid Personally Ñ Not A Campaign Expense
House District 10,"JOSEPH, JUNIE",-29.07,2025-09-13 00:00:00,Tasty Thai,Denver,CO,80203,Returned Expenditure,Paid Personally Ñ Not A Campaign Expense
House District 10,"JOSEPH, JUNIE",-22.15,2025-09-13 00:00:00,Jimmy Johns,Denver,CO,80202,Returned Expenditure,Paid Personally Ñ Not A Campaign Expense
House District 10,"JOSEPH, JUNIE",-16.6,2025-09-13 00:00:00,Jimmy Johns,Denver,CO,80202,Returned Expenditure,Paid Personally Ñ Not A Campaign Expense
House District 10,"JOSEPH, JUNIE",-40.91,2025-09-13 00:00:00,Tasty Thai,Denver,CO,80203,Returned Expenditure,Paid Personally Ñ Not A Campaign Expense
House District 10,"JOSEPH, JUNIE",-16.5,2025-09-13 00:00:00,Jimmy Johns,Denver,CO,80202,Returned Expenditure,Paid Personally Ñ Not A Campaign Expense
House District 10,"JOSEPH, JUNIE",-17.43,2025-09-13 00:00:00,Subway,Denver,CO,80203,Returned Expenditure,Paid Personally Ñ Not A Campaign Expense
House District 10,"JOSEPH, JUNIE",-19.44,2025-09-13 00:00:00,Barbed Wire Reef Gourmexican,"Denver,",CO,80212,Returned Expenditure,Paid Personally Ñ Not A Campaign Expense
House District 10,"JOSEPH, JUNIE",-17.27,2025-09-13 00:00:00,Obento,Denver,CO,80202,Returned Expenditure,Paid Personally Ñ Not A Campaign Expense
House District 10,"JOSEPH, JUNIE",-28.84,2025-09-13 00:00:00,Pho Natic,Denver,CO,80203,Returned Expenditure,Paid Personally Ñ Not A Campaign Expense
House District 10,"JOSEPH, JUNIE",-18.12,2025-09-13 00:00:00,Pho Natic,Denver,CO,80203,Returned Expenditure,Paid Personally Ñ Not A Campaign Expense
House District 10,"JOSEPH, JUNIE",-38.71,2025-09-13 00:00:00,Cheba Hut,"Denver,",CO,80203,Returned Expenditure,Paid Personally Ñ Not A Campaign Expense
House District 10,"JOSEPH, JUNIE",-5.54,2025-09-13 00:00:00,Pablo,Denver,CO,80203,Returned Expenditure,Paid Personally Ñ Not A Campaign Expense
House District 10,"JOSEPH, JUNIE",5.54,2025-09-13 00:00:00,Pablo,Denver,CO,80203,Returned Expenditure,Paid Personally Ñ Not A Campaign Expense
House District 10,"JOSEPH, JUNIE",-5.54,2025-09-13 00:00:00,Pablo,Denver,CO,80203,Returned Expenditure,Paid Personally Ñ Not A Campaign Expense
House District 10,"JOSEPH, JUNIE",12.98,2024-09-14 00:00:00,Uber Technologies,San Fransisco,CO,94103,Travel & Lodging,Travel To Event
House District 10,"JOSEPH, JUNIE",40.94,2024-09-14 00:00:00,Uber Technologies,San Fransisco,CO,94103,Travel & Lodging,Traveling To Event
House District 10,"JOSEPH, JUNIE",-19.0,2025-09-14 00:00:00,Chipotle,Denver,CO,80202,"Food, Beverages and Meals","Food Paid Out Of Pocket, Paid Personally Ñ Not A Campaign Expense"
House District 10,"JOSEPH, JUNIE",21.73,2024-09-15 00:00:00,Uber Technologies,San Fransisco,CO,94103,Travel & Lodging,Traveling To Event At Conference
House District 10,"JOSEPH, JUNIE",25.08,2024-09-16 00:00:00,Uber Technologies,San Fransisco,CO,94103,Travel & Lodging,Traveling To Events While At Conference Cbcf
House District 10,"JOSEPH, JUNIE",2.0,2025-09-17 00:00:00,City Of Boulder Parking,Boulder,CO,80302,Other,Parking
House District 10,"JOSEPH, JUNIE",21.19,2025-09-17 00:00:00,Uber Technologies,San Fransisco,CO,94103,Travel & Lodging,Transportation For Future Caucus Conference In Santa Fe
House District 10,"JOSEPH, JUNIE",105.99,2025-09-17 00:00:00,Uber Technologies,San Fransisco,CO,94103,Travel & Lodging,Transportation For Future Caucus Conference In Santa Fe
House District 10,"JOSEPH, JUNIE",37.58,2025-09-17 00:00:00,Actblue,Somerville,MA,02144,Other,Actblue Transaction Fees
House District 10,"JOSEPH, JUNIE",27.72,2025-09-25 00:00:00,Uber Technologies,San Fransisco,CO,94103,Travel & Lodging,Transportation At Congressional Black Caucus Foundation Conference In Washington Dc- Paid Out Of Pocket By The Candidate And Will Be Reimbursed In Total By The Campaign.
House District 10,"JOSEPH, JUNIE",49.16,2025-09-25 00:00:00,Uber Technologies,San Fransisco,CO,94103,Travel & Lodging,Transportation At Congressional Black Caucus Foundation Conference In Washington Dc- Paid Out Of Pocket By The Candidate And Will Be Reimbursed In Total By The Campaign.
House District 10,"JOSEPH, JUNIE",25.1,2025-09-29 00:00:00,Uber Technologies,San Fransisco,CO,94103,Travel & Lodging,Transportation At Congressional Black Caucus Foundation Conference In Washington Dc- Paid Out Of Pocket By The Candidate And Will Be Reimbursed In Total By The Campaign.
House District 10,"JOSEPH, JUNIE",10.0,2025-09-29 00:00:00,Dia Parking,Denver,CO,80249,Travel & Lodging,Parking For Congressional Black Caucus Foundation Conference In Washington Dc- Paid Out Of Pocket By The Candidate And Will Be Reimbursed In Total By The Campaign.
House District 10,"JOSEPH, JUNIE",2.0,2025-09-30 00:00:00,1St Bank,Boulder,CO,80303,Bank Fees,Bank Fees
House District 10,"JOSEPH, JUNIE",18.77,2025-09-30 00:00:00,Actblue,Somerville,MA,02144,Other,Actblue Transaction Fees
House District 10,"JOSEPH, JUNIE",34.88,2024-11-18 00:00:00,Uber Technologies,San Fransisco,CO,94103,Travel & Lodging,Travel To Conference
House District 10,"JOSEPH, JUNIE",14.99,2024-12-09 00:00:00,Prairie Mountain Media,Boulder,CO,80303,Office Equipment & Supplies,Daily Camera Subscription For Office
House District 10,"JOSEPH, JUNIE",10.0,2024-12-10 00:00:00,Dia Parking,Denver,CO,80249,Other,Parking At Dia
House District 10,"JOSEPH, JUNIE",35.05,2024-12-16 00:00:00,The Broadmoor Hotel,Colorado Springs,CO,80906,Travel & Lodging,Lodging At Meeting
House District 10,"JOSEPH, JUNIE",39.46,2024-12-16 00:00:00,Adobe,San Jose,CA,95110,Office Equipment & Supplies,Adobe Subscription For Office
House District 10,"JOSEPH, JUNIE",1.5,2024-12-17 00:00:00,City And County Of Denver Parking Administration,"Denver,",CO,80201-6500,Other,Parking At Meeting
House District 10,"JOSEPH, JUNIE",1.27,2024-12-18 00:00:00,Actblue Llc,Cambridge,MA,02138,Other,Act Blue Fees
House District 10,"JOSEPH, JUNIE",2500.0,2024-12-20 00:00:00,Colorado House Democrats,Denver,CO,80203,Other,Democratic Caucus Dues
House District 10,"JOSEPH, JUNIE",1190.61,2024-12-31 00:00:00,Artist Proof Collective,Denver,CO,80204,Other,Postcards Sent To Constituents And Other Democrats
House District 10,"JOSEPH, JUNIE",2.0,2024-12-31 00:00:00,1St Bank,Boulder,CO,80303,Bank Fees,Bank Fees
House District 10,"JOSEPH, JUNIE",195.95,2025-10-01 00:00:00,Google Inc,Mountain View,CA,94043,Advertising,Google Ads
House District 10,"JOSEPH, JUNIE",3.0,2025-10-06 00:00:00,Cu Parking,Boulder,CO,80309,Other,Parking At Cu For Event
House District 10,"JOSEPH, JUNIE",3.0,2025-10-06 00:00:00,Cu Parking,Boulder,CO,80309,Other,Parking At Cu For Event
House District 10,"JOSEPH, JUNIE",18.0,2025-10-06 00:00:00,Tez*Saltwatersocial,Denver,CO,80206,"Food, Beverages and Meals",Parking For Black Caucus Meeting/Event...
House District 10,"JOSEPH, JUNIE",321.97,2025-10-06 00:00:00,Mailchimp,"Atlanta,",GA,30308,Other,Email Subscription Service
House District 10,"JOSEPH, JUNIE",5.0,2025-10-06 00:00:00,Cu Parking,Boulder,CO,80309,Other,Parking At Cu For Event
House District 10,"JOSEPH, JUNIE",14.99,2025-10-07 00:00:00,Prairie Mountain Media,Boulder,CO,80303,Office Equipment & Supplies,Monthly Daily Camera Subscription
House District 10,"JOSEPH, JUNIE",0.4,2025-10-08 00:00:00,Actblue,Somerville,MA,02144,Other,Act Blue Transaction Fees
House District 10,"JOSEPH, JUNIE",0.28,2025-10-09 00:00:00,Actblue,Somerville,MA,02144,Other,Act Blue Transaction Fees
House District 10,"JOSEPH, JUNIE",5.0,2025-10-09 00:00:00,Cu Parking,Boulder,CO,80309,Other,Parking At Cu For Event
House District 10,"JOSEPH, JUNIE",8.0,2025-10-14 00:00:00,Denver Arts Complex Parking,Denver,CO,80204,Other,Parking In Downtown Denver For An Event
House District 10,"JOSEPH, JUNIE",2.02,2025-10-15 00:00:00,Actblue,Somerville,MA,02144,Other,Actblue Transaction Fees
House District 10,"JOSEPH, JUNIE",5.75,2025-10-20 00:00:00,City Of Boulder Parking,Boulder,CO,80302,Other,City Of Boulder Parking For An Event
House District 10,"JOSEPH, JUNIE",398.81,2025-10-21 00:00:00,Prairie Mountain Media,Boulder,CO,80303,Advertising,Ads In Daily Camera
House District 10,"JOSEPH, JUNIE",31.8,2025-10-27 00:00:00,Big Daddy'S Bagel,Boulder,CO,80303,"Food, Beverages and Meals",Food For Constituent Meeting
House District 10,"JOSEPH, JUNIE",10.0,2025-10-27 00:00:00,Rtd,Denver,CO,80202,Other,Parking At Boulder Park 'N Ride: Bus To Airport To Attend Conference.
House District 10,"JOSEPH, JUNIE",10.72,2025-10-31 00:00:00,Walmart,Broomfield,CO,80021,"Food, Beverages and Meals",Food For Meeting: Candy During Halloween For Coffee Meeting.
House District 10,"JOSEPH, JUNIE",2.0,2025-10-31 00:00:00,1St Bank,Boulder,CO,80303,Bank Fees,Bank Fees
House District 10,"JOSEPH, JUNIE",57.59,2025-11-02 00:00:00,Actblue,Somerville,MA,02144,Other,Actblue Transaction Fees
House District 10,"JOSEPH, JUNIE",290.13,2025-11-03 00:00:00,Google Inc,Mountain View,CA,94043,Advertising,Internet Google Ads
House District 10,"JOSEPH, JUNIE",321.97,2025-11-03 00:00:00,Mailchimp,"Atlanta,",GA,30308,Other,Email Subscription Service
House District 10,"JOSEPH, JUNIE",14.99,2025-11-06 00:00:00,Prairie Mountain Media,Boulder,CO,80303,Office Equipment & Supplies,Daily Camera Subscription
House District 10,"JOSEPH, JUNIE",261.17,2025-11-10 00:00:00,The Elizabeth Marriott,Ft. Collins,CO,80524,Travel & Lodging,Caucus Retreat Hotel
House District 10,"JOSEPH, JUNIE",33.63,2025-11-15 00:00:00,Actblue,Somerville,MA,02144,Other,Actblue Transaction Fees
House District 10,"JOSEPH, JUNIE",250.0,2025-11-20 00:00:00,Boulder County Democratic Party,Lafayette,CO,80026,Other,Event Fee
House District 10,"JOSEPH, JUNIE",200.0,2025-11-21 00:00:00,Family Learnling Center,Boulder,CO,80301,Other,Event Fee
House District 10,"JOSEPH, JUNIE",2.0,2025-11-28 00:00:00,1St Bank,Boulder,CO,80303,Bank Fees,Bank Fees
House District 10,"JOSEPH, JUNIE",10.87,2025-11-30 00:00:00,Actblue,Somerville,MA,02144,Other,Actblue Transaction Fees
House District 10,"JOSEPH, JUNIE",95.0,2025-12-01 00:00:00,Campaign Verify,Washington,DC,20007,Other,Campaign Services
House District 10,"JOSEPH, JUNIE",500.0,2025-12-01 00:00:00,Callhub,Walnut,CA,91789,Advertising,Texting Service
House District 10,"JOSEPH, JUNIE",165.84,2025-12-01 00:00:00,Google Inc,Mountain View,CA,94043,Advertising,Google Internet Ads
House District 10,"JOSEPH, JUNIE",321.97,2025-12-03 00:00:00,Mailchimp,"Atlanta,",GA,30308,Office Equipment & Supplies,Email Subscription Service
House District 10,"JOSEPH, JUNIE",11.75,2025-12-04 00:00:00,Bay Area Metro Center,San Francisco,CA,94105,Other,Clipper Card Fare For Conference
House District 10,"JOSEPH, JUNIE",0.99,2025-12-06 00:00:00,Actblue,Somerville,MA,02144,Other,Actblue Transaction Fees
House District 10,"JOSEPH, JUNIE",14.99,2025-12-08 00:00:00,Prairie Mountain Media,Boulder,CO,80303,Office Equipment & Supplies,Daily Camera Subscription For Office
House District 10,"JOSEPH, JUNIE",500.0,2025-12-09 00:00:00,Boulder County Democratic Party,Lafayette,CO,80026,Other,Event Fee
House District 10,"JOSEPH, JUNIE",57.17,2025-12-09 00:00:00,Democratic Women Of Boulder County,Boulder,CO,80302,Other,Event Fee
House District 10,"JOSEPH, JUNIE",42.74,2025-12-12 00:00:00,Uber Technologies,San Fransisco,CO,94103,Other,Transportation
House District 10,"JOSEPH, JUNIE",6.21,2025-12-13 00:00:00,Actblue,Somerville,MA,02144,Other,Actblue Transaction Fees
House District 10,"JOSEPH, JUNIE",21.77,2025-12-18 00:00:00,Actblue,Somerville,MA,02144,Other,Actblue Transaction Fees
House District 10,"JOSEPH, JUNIE",1.0,2025-12-18 00:00:00,City Of Boulder Parking,Boulder,CO,80302,Other,Parking For Meeting
House District 10,"JOSEPH, JUNIE",1.0,2025-12-19 00:00:00,City Of Boulder Parking,Boulder,CO,80302,Other,Parking For Meeting
House District 10,"JOSEPH, JUNIE",3.95,2025-12-28 00:00:00,Actblue,Somerville,MA,02144,Other,Actblue Transaction Fees
House District 10,"JOSEPH, JUNIE",5000.0,2025-12-29 00:00:00,Junie  Joseph,Boulder,CO,80303,Other,Campaign Reimbursement To Candidate For Expenses Paid Out Of Pocket
House District 10,"JOSEPH, JUNIE",10.87,2025-12-30 00:00:00,Actblue,Somerville,MA,02144,Other,Actblue Transaction Fees
House District 10,"JOSEPH, JUNIE",2.0,2025-12-31 00:00:00,1St Bank,Boulder,CO,80303,Bank Fees,Bank Fees
House District 10,"JOSEPH, JUNIE",250.0,2025-12-31 00:00:00,Nicole  Speer,Boulder,CO,80305,Other,Event Fee For Rmeq
House District 11,"MCCORMICK, KAREN",40.74,2025-01-06 00:00:00,Walgreens,Longmont,CO,80501,Office Equipment & Supplies,
House District 11,"MCCORMICK, KAREN",17.4,2025-01-06 00:00:00,Into The Wind,Boulder,CO,80302,Gifts,Staff Gift
House District 11,"MCCORMICK, KAREN",29.0,2025-01-08 00:00:00,Express Toll,Aurora,CO,80018,Travel & Lodging,
House District 11,"MCCORMICK, KAREN",31.43,2025-01-08 00:00:00,Qt Gas Station,Mead,CO,80504,Travel & Lodging,
House District 11,"MCCORMICK, KAREN",145.81,2025-01-10 00:00:00,Amazon,Seattle,WA,98108,Office Equipment & Supplies,
House District 11,"MCCORMICK, KAREN",26.75,2025-01-10 00:00:00,Express Toll,Aurora,CO,80018,Travel & Lodging,
House District 11,"MCCORMICK, KAREN",121.01,2025-01-10 00:00:00,City O City,Denver,CO,80203,"Food, Beverages and Meals",Staff Meal
House District 11,"MCCORMICK, KAREN",78.49,2025-01-13 00:00:00,Amazon,Seattle,WA,98108,Office Equipment & Supplies,
House District 11,"MCCORMICK, KAREN",3.0,2025-01-15 00:00:00,32 Market,Denver,CO,80203,"Food, Beverages and Meals",
House District 11,"MCCORMICK, KAREN",14.4,2025-01-15 00:00:00,Squarespace,New York,NY,10014,Office Equipment & Supplies,
House District 11,"MCCORMICK, KAREN",100.0,2025-01-16 00:00:00,Jennifer  Bolser,Boulder,CO,80302,Office Equipment & Supplies,Reimburse For Yard Signs
House District 11,"MCCORMICK, KAREN",26.5,2025-01-16 00:00:00,Mailchimp - The Rocket Science Group Llc,Atlanta,GA,30308,Office Equipment & Supplies,
House District 11,"MCCORMICK, KAREN",45.93,2025-01-21 00:00:00,Amazon,Seattle,WA,98108,Office Equipment & Supplies,
House District 11,"MCCORMICK, KAREN",9.0,2025-01-22 00:00:00,Boulder County Democratic Party,Boulder,CO,80303,"Food, Beverages and Meals",Lunch On Reorg Day
House District 11,"MCCORMICK, KAREN",74.7,2025-01-24 00:00:00,Donn Bruns Llc,Arvada,CO,80005,Office Equipment & Supplies,
House District 11,"MCCORMICK, KAREN",11.18,2025-01-29 00:00:00,Xcel Energy,Dallas,TX,75266,Travel & Lodging,
House District 11,"MCCORMICK, KAREN",38.82,2025-02-02 00:00:00,Qt Gas Station,Mead,CO,80504,Travel & Lodging,
House District 11,"MCCORMICK, KAREN",26.95,2025-02-03 00:00:00,Express Toll,Aurora,CO,80018,Travel & Lodging,
House District 11,"MCCORMICK, KAREN",51.1,2025-02-18 00:00:00,Express Toll,Aurora,CO,80018,Travel & Lodging,
House District 11,"MCCORMICK, KAREN",26.5,2025-02-18 00:00:00,Mailchimp - The Rocket Science Group Llc,Atlanta,GA,30308,Office Equipment & Supplies,
House District 11,"MCCORMICK, KAREN",89.31,2025-02-18 00:00:00,Amazon,Seattle,WA,98108,Office Equipment & Supplies,
House District 11,"MCCORMICK, KAREN",14.4,2025-02-18 00:00:00,Squarespace,New York,NY,10014,Office Equipment & Supplies,
House District 11,"MCCORMICK, KAREN",38.28,2025-02-24 00:00:00,Murphy Express,Longmont,CO,80501,Travel & Lodging,
House District 11,"MCCORMICK, KAREN",24.79,2025-02-24 00:00:00,City O City,Denver,CO,80203,"Food, Beverages and Meals",
House District 11,"MCCORMICK, KAREN",28.64,2025-02-24 00:00:00,Capitol Market,Denver,CO,80203,"Food, Beverages and Meals",
House District 11,"MCCORMICK, KAREN",24.86,2025-02-27 00:00:00,City O City,Denver,CO,80203,"Food, Beverages and Meals",
House District 11,"MCCORMICK, KAREN",166.3,2025-02-28 00:00:00,Xcel Energy,Dallas,TX,75266,Travel & Lodging,
House District 11,"MCCORMICK, KAREN",25.45,2025-03-03 00:00:00,Express Toll,Aurora,CO,80018,Travel & Lodging,
House District 11,"MCCORMICK, KAREN",18.5,2025-03-03 00:00:00,Meco Collective,Longmont,CO,80501,"Food, Beverages and Meals",
House District 11,"MCCORMICK, KAREN",8.24,2025-03-10 00:00:00,Pablo'S Coffee,Denver,CO,80203,"Food, Beverages and Meals",
House District 11,"MCCORMICK, KAREN",320.85,2025-03-11 00:00:00,Safeway,Longmont,CO,80501,Gifts,Gift Cards For Interns
House District 11,"MCCORMICK, KAREN",0.2,2025-03-17 00:00:00,Act Blue Llc,Somerville,MA,02144,Bank Fees,Act Blue Fee
House District 11,"MCCORMICK, KAREN",0.4,2025-03-17 00:00:00,Act Blue Llc,Somerville,MA,02144,Bank Fees,Act Blue Fee
House District 11,"MCCORMICK, KAREN",0.4,2025-03-17 00:00:00,Act Blue Llc,Somerville,MA,02144,Bank Fees,Act Blue Fee
House District 11,"MCCORMICK, KAREN",0.4,2025-03-17 00:00:00,Act Blue Llc,Somerville,MA,02144,Bank Fees,Act Blue Fee
House District 11,"MCCORMICK, KAREN",102.78,2025-03-17 00:00:00,Donn Bruns Llc,Arvada,CO,80005,Office Equipment & Supplies,General Assembly Photo
House District 11,"MCCORMICK, KAREN",14.4,2025-03-17 00:00:00,Squarespace,New York,NY,10014,Office Equipment & Supplies,
House District 11,"MCCORMICK, KAREN",36.27,2025-03-17 00:00:00,Sams Club,Longmont,CO,80501,Travel & Lodging,
House District 11,"MCCORMICK, KAREN",26.5,2025-03-17 00:00:00,Mailchimp - The Rocket Science Group Llc,Atlanta,GA,30308,Office Equipment & Supplies,
House District 11,"MCCORMICK, KAREN",23.06,2025-03-17 00:00:00,City O City,Denver,CO,80203,"Food, Beverages and Meals",
House District 11,"MCCORMICK, KAREN",23.86,2025-03-21 00:00:00,Pub On Penn,Denver,CO,80203,"Food, Beverages and Meals",
House District 11,"MCCORMICK, KAREN",500.0,2025-03-24 00:00:00,Anastasia  Steiner,Parker,CO,80134,Employee Services,Bonus For Aide
House District 11,"MCCORMICK, KAREN",238.99,2025-03-24 00:00:00,Amazon,Seattle,WA,98108,Office Equipment & Supplies,
House District 11,"MCCORMICK, KAREN",25.85,2025-03-26 00:00:00,Express Toll,Aurora,CO,80018,Travel & Lodging,
House District 11,"MCCORMICK, KAREN",115.98,2025-03-28 00:00:00,Rocky Mountain Promo,Grand Junction,CO,81501,Office Equipment & Supplies,
House District 11,"MCCORMICK, KAREN",164.75,2025-03-31 00:00:00,Xcel Energy,Dallas,TX,75266,Office Equipment & Supplies,
House District 11,"MCCORMICK, KAREN",37.55,2025-03-31 00:00:00,Phillips 66,Longmont,CO,80501,Travel & Lodging,
House District 11,"MCCORMICK, KAREN",16.59,2025-03-31 00:00:00,Amazon,Seattle,WA,98108,Office Equipment & Supplies,
House District 11,"MCCORMICK, KAREN",29.0,2025-03-31 00:00:00,Express Toll,Aurora,CO,80018,Travel & Lodging,
House District 11,"MCCORMICK, KAREN",28.65,2025-04-09 00:00:00,Express Toll,Aurora,CO,80018,Travel & Lodging,
House District 11,"MCCORMICK, KAREN",6.9,2025-04-10 00:00:00,Coffee Time,Denver,CO,80203,"Food, Beverages and Meals",
House District 11,"MCCORMICK, KAREN",6.0,2025-04-11 00:00:00,Coffee Time,Denver,CO,80203,"Food, Beverages and Meals",
House District 11,"MCCORMICK, KAREN",16.8,2025-04-15 00:00:00,Squarespace,New York,NY,10014,Office Equipment & Supplies,
House District 11,"MCCORMICK, KAREN",12.0,2025-04-15 00:00:00,Squarespace,New York,NY,10014,Office Equipment & Supplies,
House District 11,"MCCORMICK, KAREN",26.5,2025-04-17 00:00:00,Mailchimp - The Rocket Science Group Llc,Atlanta,GA,30308,Office Equipment & Supplies,
House District 11,"MCCORMICK, KAREN",72.0,2025-04-29 00:00:00,Xcel Energy,Dallas,TX,75266,Office Equipment & Supplies,
House District 11,"MCCORMICK, KAREN",192.0,2025-05-05 00:00:00,Squarespace,New York,NY,10014,Office Equipment & Supplies,
House District 11,"MCCORMICK, KAREN",495.0,2025-05-05 00:00:00,Avma,Schaumburg,IL,60173,Consultant & Professional Services,Conference In Dc
House District 11,"MCCORMICK, KAREN",73.39,2025-05-09 00:00:00,Shish Kabob,Denver,CO,80203,"Food, Beverages and Meals",
House District 11,"MCCORMICK, KAREN",16.8,2025-05-15 00:00:00,Squarespace,New York,NY,10014,Office Equipment & Supplies,
House District 11,"MCCORMICK, KAREN",40.06,2025-05-15 00:00:00,Phillips 66,Longmont,CO,80501,Travel & Lodging,
House District 11,"MCCORMICK, KAREN",6.98,2025-05-15 00:00:00,Sandys Coffee And Tea,Longmont,CO,80501,"Food, Beverages and Meals",
House District 11,"MCCORMICK, KAREN",188.0,2025-05-16 00:00:00,United States Postal Service,Hygiene,CO,80533,Office Equipment & Supplies,
House District 11,"MCCORMICK, KAREN",228.48,2025-05-19 00:00:00,United Airlines,Chicago,IL,60606,Travel & Lodging,Travel For Convention
House District 11,"MCCORMICK, KAREN",7.84,2025-05-19 00:00:00,Expedia,West Seattle,WA,98119,Travel & Lodging,Travel Fee For Convention
House District 11,"MCCORMICK, KAREN",223.48,2025-05-19 00:00:00,Delta Airline,Atlanta,GA,30354,Travel & Lodging,Travel For Conference
House District 11,"MCCORMICK, KAREN",26.5,2025-05-19 00:00:00,Mailchimp - The Rocket Science Group Llc,Atlanta,GA,30308,Office Equipment & Supplies,
House District 11,"MCCORMICK, KAREN",7.2,2025-05-20 00:00:00,Meco Collective,Longmont,CO,80501,"Food, Beverages and Meals",
House District 11,"MCCORMICK, KAREN",3.95,2025-05-26 00:00:00,Act Blue Llc,Somerville,MA,02144,Bank Fees,
House District 11,"MCCORMICK, KAREN",0.4,2025-05-26 00:00:00,Act Blue Llc,Somerville,MA,02144,Bank Fees,Act Blue Fees
House District 11,"MCCORMICK, KAREN",0.4,2025-05-26 00:00:00,Act Blue Llc,Somerville,MA,02144,Bank Fees,Act Blue Fee
House District 11,"MCCORMICK, KAREN",250.0,2025-05-27 00:00:00,Boulder County Democratic Party,Boulder,CO,80303,Advertising,
House District 11,"MCCORMICK, KAREN",7.21,2025-05-28 00:00:00,Juniper Goods,Longmont,CO,80501,"Food, Beverages and Meals",
House District 11,"MCCORMICK, KAREN",31.11,2025-06-02 00:00:00,Xcel Energy,Dallas,TX,75266,Office Equipment & Supplies,
House District 11,"MCCORMICK, KAREN",6.0,2025-06-02 00:00:00,Meco Collective,Longmont,CO,80501,"Food, Beverages and Meals",
House District 11,"MCCORMICK, KAREN",6.16,2025-06-03 00:00:00,Red Frog Coffee,Longmont,CO,80501,"Food, Beverages and Meals",
House District 11,"MCCORMICK, KAREN",7.0,2025-06-06 00:00:00,Brewing Market,Longmont,CO,80501,"Food, Beverages and Meals",
House District 11,"MCCORMICK, KAREN",16.8,2025-06-16 00:00:00,Squarespace,New York,NY,10014,Office Equipment & Supplies,
House District 11,"MCCORMICK, KAREN",26.5,2025-06-17 00:00:00,Mailchimp - The Rocket Science Group Llc,Atlanta,GA,30308,Office Equipment & Supplies,
House District 11,"MCCORMICK, KAREN",206.28,2025-06-23 00:00:00,Costco,Longmont,CO,80501,Fundraising Expenses,
House District 11,"MCCORMICK, KAREN",20.7,2025-06-24 00:00:00,Google Llc,Mountain View,CA,94043,Office Equipment & Supplies,
House District 11,"MCCORMICK, KAREN",103.52,2025-06-25 00:00:00,Microsoft,Redmond,WA,98052,Office Equipment & Supplies,
House District 11,"MCCORMICK, KAREN",17.36,2025-06-27 00:00:00,Spruce Confections,Longmont,CO,80503,"Food, Beverages and Meals",
House District 11,"MCCORMICK, KAREN",8.1,2025-06-30 00:00:00,Bakewell,Longmont,CO,80501,"Food, Beverages and Meals",
House District 11,"MCCORMICK, KAREN",135.49,2025-06-30 00:00:00,Park Dia,Aurora,CO,80019,Travel & Lodging,Travel To Conference Parking
House District 11,"MCCORMICK, KAREN",15.39,2025-07-02 00:00:00,Xcel Energy,Dallas,TX,75266,Office Equipment & Supplies,
House District 11,"MCCORMICK, KAREN",7.63,2025-07-02 00:00:00,Spruce Confections,Longmont,CO,80503,"Food, Beverages and Meals",
House District 11,"MCCORMICK, KAREN",5.19,2025-07-07 00:00:00,Spruce Confections,Longmont,CO,80503,"Food, Beverages and Meals",
House District 11,"MCCORMICK, KAREN",6.22,2025-07-07 00:00:00,Meco Collective,Longmont,CO,80501,"Food, Beverages and Meals",
House District 11,"MCCORMICK, KAREN",176.16,2025-07-14 00:00:00,Amazon,Seattle,WA,98108,Office Equipment & Supplies,
House District 11,"MCCORMICK, KAREN",16.8,2025-07-15 00:00:00,Squarespace,New York,NY,10014,Office Equipment & Supplies,
House District 11,"MCCORMICK, KAREN",26.5,2025-07-17 00:00:00,Mailchimp - The Rocket Science Group Llc,Atlanta,GA,30308,Fundraising Expenses,
House District 11,"MCCORMICK, KAREN",240.58,2025-07-18 00:00:00,City Tap,Washington,DC,20001,"Food, Beverages and Meals",Avma Convention Meals 4 Days
House District 11,"MCCORMICK, KAREN",17.03,2025-07-28 00:00:00,Xcel Energy,Dallas,TX,75266,Office Equipment & Supplies,
House District 11,"MCCORMICK, KAREN",12.0,2025-07-31 00:00:00,Vectra Bank Colorado,Longmont,CO,80501,Bank Fees,Monthly Service Charge
House District 11,"MCCORMICK, KAREN",16.8,2025-08-15 00:00:00,Squarespace,New York,NY,10014,Office Equipment & Supplies,
House District 11,"MCCORMICK, KAREN",26.5,2025-08-18 00:00:00,Mailchimp - The Rocket Science Group Llc,Atlanta,GA,30308,Office Equipment & Supplies,
House District 11,"MCCORMICK, KAREN",6.23,2025-08-19 00:00:00,Steamboat Grand Hotel,Steamboat Springs,CO,80487,"Food, Beverages and Meals",Water Congress Breakfast
House District 11,"MCCORMICK, KAREN",6.5,2025-08-20 00:00:00,Steamboat Grand Hotel,Steamboat Springs,CO,80487,"Food, Beverages and Meals",Water Congress Breakfast
House District 11,"MCCORMICK, KAREN",8.4,2025-08-21 00:00:00,Blue Sparrow,Denver,CO,80205,"Food, Beverages and Meals",
House District 11,"MCCORMICK, KAREN",23.36,2025-08-27 00:00:00,City O City,Denver,CO,80203,"Food, Beverages and Meals",
House District 11,"MCCORMICK, KAREN",19.89,2025-08-28 00:00:00,Las Palmeras,Longmont,CO,80501,"Food, Beverages and Meals",
House District 11,"MCCORMICK, KAREN",72.45,2025-08-29 00:00:00,Malwarebytes,Santa Clara,CA,95054,Office Equipment & Supplies,
House District 11,"MCCORMICK, KAREN",7.69,2025-08-29 00:00:00,Ozo Coffee,Longmont,CO,80501,"Food, Beverages and Meals",
House District 11,"MCCORMICK, KAREN",150.17,2025-09-02 00:00:00,Amazon,Seattle,WA,98108,Office Equipment & Supplies,
House District 11,"MCCORMICK, KAREN",5.35,2025-09-09 00:00:00,Cave Girl Coffee,Longmont,CO,80504,"Food, Beverages and Meals",
House District 11,"MCCORMICK, KAREN",6.0,2025-09-10 00:00:00,Longmont Times-Call,Boulder,CO,80303,Office Equipment & Supplies,
House District 11,"MCCORMICK, KAREN",4.99,2025-09-10 00:00:00,Amazon,Seattle,WA,98108,Office Equipment & Supplies,
House District 11,"MCCORMICK, KAREN",51.75,2025-09-11 00:00:00,New York Times,New York,NY,10018,Office Equipment & Supplies,
House District 11,"MCCORMICK, KAREN",51.84,2025-09-11 00:00:00,Amazon,Seattle,WA,98108,Office Equipment & Supplies,
House District 11,"MCCORMICK, KAREN",16.8,2025-09-15 00:00:00,Squarespace,New York,NY,10014,Office Equipment & Supplies,
House District 11,"MCCORMICK, KAREN",6.16,2025-09-16 00:00:00,Red Frog Coffee,Longmont,CO,80501,"Food, Beverages and Meals",
House District 11,"MCCORMICK, KAREN",173.83,2025-09-17 00:00:00,Zoom.Us,Denver,CO,80237,Office Equipment & Supplies,Zoom Subscription Renewed
House District 11,"MCCORMICK, KAREN",26.5,2025-09-17 00:00:00,Mailchimp - The Rocket Science Group Llc,Atlanta,GA,30308,Office Equipment & Supplies,
House District 11,"MCCORMICK, KAREN",1.98,2025-09-18 00:00:00,Act Blue Llc,Somerville,MA,02144,Bank Fees,Act Blue Fees
House District 11,"MCCORMICK, KAREN",1.98,2025-09-18 00:00:00,Act Blue Llc,Somerville,MA,02144,Bank Fees,Act Blue Fees
House District 11,"MCCORMICK, KAREN",1.31,2025-09-18 00:00:00,Act Blue Llc,Somerville,MA,02144,Bank Fees,Act Blue Fees
House District 11,"MCCORMICK, KAREN",-5000.0,2024-11-29 00:00:00,Karen A Mccormick,Redacted By Sos,CO,99999,Travel & Lodging,"Offset Due To Update Of Filed Item - Part One Reimbursement Of Miles Driven This Election Cycle 23-24 (60% Of 25,000 Miles X $0.67/Mi)"
House District 11,"MCCORMICK, KAREN",5000.0,2024-11-29 00:00:00,Karen A Mccormick,Redacted By Sos,CO,99999,Travel & Lodging,"Part One Reimbursement Of Miles Driven This Election Cycle 23-24 (Outside Of The 120 Day General Assembly Session)  (60% Of 25,000 Miles X $0.67/Mi)"
House District 11,"MCCORMICK, KAREN",-5000.0,2024-11-29 00:00:00,Karen A Mccormick,Redacted By Sos,CO,99999,Travel & Lodging,Offset Due To Update Of Filed Item - Part One Reimbursement Of Miles Driven This Election Cycle 23-24 (Outside Of The 120 Day General Assembly Sessi
House District 11,"MCCORMICK, KAREN",5000.0,2024-11-29 00:00:00,Karen A Mccormick,Redacted By Sos,CO,99999,Travel & Lodging,Part One Reimbursement Of Miles Driven This Election Cycle 22-24 (Outside Of The 120 Day General Assembly Session)  (14944 Miles X $0.67/Mi)
House District 11,"MCCORMICK, KAREN",14304.29,2024-12-06 00:00:00,Karen For Co,Redacted By Sos,CO,99999,Other,Unexpended Funds From Prior Election Cycle Rolled Over To Next Cycle (Rule 2.2.4(B)(3)
House District 11,"MCCORMICK, KAREN",43.01,2024-12-09 00:00:00,Amazon,Seattle,WA,98108,Office Equipment & Supplies,
House District 11,"MCCORMICK, KAREN",38.98,2024-12-09 00:00:00,Phillips 66,Longmont,CO,80501,Travel & Lodging,
House District 11,"MCCORMICK, KAREN",5000.0,2024-12-09 00:00:00,Karen A Mccormick,Redacted By Sos,CO,99999,Travel & Lodging,"Part Two Of Two Reimbursement Of Miles Driven This Election Cycle 23-24 (60% Of 25,000 Miles X $0.67/Mi)"
House District 11,"MCCORMICK, KAREN",-5000.0,2024-12-09 00:00:00,Karen A Mccormick,Redacted By Sos,CO,99999,Travel & Lodging,"Offset Due To Update Of Filed Item - Part Two Of Two Reimbursement Of Miles Driven This Election Cycle 23-24 (60% Of 25,000 Miles X $0.67/Mi)"
House District 11,"MCCORMICK, KAREN",5000.0,2024-12-09 00:00:00,Karen A Mccormick,Redacted By Sos,CO,99999,Travel & Lodging,"Part Two Of Two Reimbursement Of Miles Driven This Election Cycle 23-24 (Outside Of General Assembly Session Time) (60% Of 25,000 Miles X $0.67/Mi)"
House District 11,"MCCORMICK, KAREN",-5000.0,2024-12-09 00:00:00,Karen A Mccormick,Redacted By Sos,CO,99999,Travel & Lodging,Offset Due To Update Of Filed Item - Part Two Of Two Reimbursement Of Miles Driven This Election Cycle 23-24 (Outside Of General Assembly Session Ti
House District 11,"MCCORMICK, KAREN",5000.0,2024-12-09 00:00:00,Karen A Mccormick,Redacted By Sos,CO,99999,Travel & Lodging,Part Two Of Two Reimbursement Of Miles Driven This Election Cycle 22-24 (Outside Of General Assembly Session Time) (14944 Miles X $0.67/Mi)
House District 11,"MCCORMICK, KAREN",26.5,2024-12-16 00:00:00,Mailchimp - The Rocket Science Group Llc,Atlanta,GA,30308,Office Equipment & Supplies,
House District 11,"MCCORMICK, KAREN",30.0,2024-12-16 00:00:00,Longmont Area Democrats,Longmont,CO,80501,Advertising,Longmont Area Dems
House District 11,"MCCORMICK, KAREN",14.4,2024-12-16 00:00:00,Squarespace,New York,NY,10014,Office Equipment & Supplies,Website Hosting
House District 11,"MCCORMICK, KAREN",6.82,2024-12-20 00:00:00,Spruce Confections,Longmont,CO,80503,Entertainment,
House District 11,"MCCORMICK, KAREN",33.95,2024-12-23 00:00:00,Express Toll,Aurora,CO,80018,Travel & Lodging,
House District 11,"MCCORMICK, KAREN",5.21,2024-12-23 00:00:00,Qt Gas Station,Mead,CO,80504,"Food, Beverages and Meals",
House District 11,"MCCORMICK, KAREN",33.39,2024-12-23 00:00:00,Qt Gas Station,Mead,CO,80504,Travel & Lodging,
House District 11,"MCCORMICK, KAREN",12.25,2024-12-26 00:00:00,Xcel Energy,Dallas,TX,75266,Travel & Lodging,
House District 11,"MCCORMICK, KAREN",37.45,2024-12-31 00:00:00,Phillips 66,Longmont,CO,80501,Travel & Lodging,
House District 11,"MCCORMICK, KAREN",1000.0,2025-10-03 00:00:00,Opportunity Caucus,Denver,CO,80202,Other,Caucus Membership Dues
House District 11,"MCCORMICK, KAREN",20.0,2025-10-03 00:00:00,Opportunity Caucus,Denver,CO,80202,Other,Caucus Membership Dues
House District 11,"MCCORMICK, KAREN",6.98,2025-10-14 00:00:00,Brewing Market,Longmont,CO,80501,"Food, Beverages and Meals",Constituent Meeting
House District 11,"MCCORMICK, KAREN",16.8,2025-10-15 00:00:00,Squarespace,New York,NY,10014,Office Equipment & Supplies,
House District 11,"MCCORMICK, KAREN",7.26,2025-10-15 00:00:00,Juniper Goods,Longmont,CO,80501,"Food, Beverages and Meals",Constituent Meeting
House District 11,"MCCORMICK, KAREN",26.5,2025-10-17 00:00:00,Mailchimp - The Rocket Science Group Llc,Atlanta,GA,30308,Office Equipment & Supplies,
House District 11,"MCCORMICK, KAREN",14.1,2025-10-20 00:00:00,The Rayback Collective,Boulder,CO,80304,"Food, Beverages and Meals",Constituent Meeting
House District 11,"MCCORMICK, KAREN",241.71,2025-10-27 00:00:00,Costco,Longmont,CO,80501,Fundraising Expenses,Meet And Greet Expenses
House District 11,"MCCORMICK, KAREN",13.0,2025-10-28 00:00:00,Denver Parking,Denver,CO,80202,Travel & Lodging,Parking For Meeting
House District 11,"MCCORMICK, KAREN",7.21,2025-10-30 00:00:00,Blue Sparrow,Denver,CO,80205,"Food, Beverages and Meals",Meeting
House District 11,"MCCORMICK, KAREN",284.17,2025-11-10 00:00:00,The Elizabeth Marriott Fort Collins,Fort Collins,CO,80524,Travel & Lodging,Democratic Caucus Retreat
House District 11,"MCCORMICK, KAREN",6.69,2025-11-12 00:00:00,The Best Day Ever Coffee,Longmont,CO,80501,"Food, Beverages and Meals",Constituent Meeting
House District 11,"MCCORMICK, KAREN",7.0,2025-11-13 00:00:00,Focus Parking Lots,Denver,CO,80202,Travel & Lodging,Parking For Meeting
House District 11,"MCCORMICK, KAREN",10.0,2025-11-13 00:00:00,16 Market Square Parking,Denver,CO,80202,Travel & Lodging,Parking For Meeting
House District 11,"MCCORMICK, KAREN",17.45,2025-11-17 00:00:00,Squarespace,New York,NY,10014,Office Equipment & Supplies,
House District 11,"MCCORMICK, KAREN",501.72,2025-11-17 00:00:00,La Fonda On The Plaza,Santa Fe,NM,87501,Travel & Lodging,Colorado River Forum Csg West
House District 11,"MCCORMICK, KAREN",26.5,2025-11-17 00:00:00,Mailchimp - The Rocket Science Group Llc,Atlanta,GA,30308,Office Equipment & Supplies,
House District 11,"MCCORMICK, KAREN",7.2,2025-11-18 00:00:00,Meco Collective,Longmont,CO,80501,"Food, Beverages and Meals",Constituent Meeting
House District 11,"MCCORMICK, KAREN",0.99,2025-11-19 00:00:00,Act Blue Llc,Somerville,MA,02144,Bank Fees,Act Blue Fees
House District 11,"MCCORMICK, KAREN",0.32,2025-11-19 00:00:00,Act Blue Llc,Somerville,MA,02144,Bank Fees,Act Blue Fees
House District 11,"MCCORMICK, KAREN",7.81,2025-11-21 00:00:00,The Best Day Ever Coffee,Longmont,CO,80501,"Food, Beverages and Meals",Constituent Meeting
House District 11,"MCCORMICK, KAREN",0.32,2025-12-12 00:00:00,Act Blue Llc,Somerville,MA,02144,Bank Fees,
House District 11,"MCCORMICK, KAREN",0.4,2025-12-12 00:00:00,Act Blue Llc,Somerville,MA,02144,Bank Fees,
House District 11,"MCCORMICK, KAREN",0.32,2025-12-12 00:00:00,Act Blue Llc,Somerville,MA,02144,Bank Fees,
House District 11,"MCCORMICK, KAREN",7.44,2025-12-12 00:00:00,Ziggi'S,Longmont,CO,80503,"Food, Beverages and Meals",Constituent Meeting
House District 11,"MCCORMICK, KAREN",17.45,2025-12-15 00:00:00,Squarespace,New York,NY,10014,Office Equipment & Supplies,
House District 11,"MCCORMICK, KAREN",244.0,2025-12-15 00:00:00,United States Postal Service,Hygiene,CO,80533,Office Equipment & Supplies,Postcard Stamps For Mailers
House District 11,"MCCORMICK, KAREN",6.22,2025-12-16 00:00:00,Meco Collective,Longmont,CO,80501,"Food, Beverages and Meals",Constituent Meeting
House District 11,"MCCORMICK, KAREN",26.5,2025-12-16 00:00:00,Mailchimp - The Rocket Science Group Llc,Atlanta,GA,30308,Office Equipment & Supplies,
House District 11,"MCCORMICK, KAREN",391.66,2025-12-17 00:00:00,Demlaunch Van,Denver,CO,80203,Office Equipment & Supplies,Van Access For 2026
House District 11,"MCCORMICK, KAREN",9.5,2025-12-19 00:00:00,Bakewell,Longmont,CO,80501,"Food, Beverages and Meals",Constituent Meeting
House District 11,"MCCORMICK, KAREN",3.0,2025-12-19 00:00:00,Public Works Parking Denver,Denver,CO,80202,Travel & Lodging,Parking For Meeting
House District 11,"MCCORMICK, KAREN",257.82,2025-12-21 00:00:00,Act Blue Llc,Somerville,MA,02144,Bank Fees,Act Blue Fee
House District 11,"MCCORMICK, KAREN",500.0,2025-12-22 00:00:00,Anastasia  Steiner,Parker,CO,80134,Employee Services,Holiday Bonus For Staff
House District 11,"MCCORMICK, KAREN",54.33,2025-12-23 00:00:00,Act Blue Llc,Somerville,MA,02144,Bank Fees,Act Blue Fees
House District 11,"MCCORMICK, KAREN",192.05,2025-12-23 00:00:00,Act Blue Llc,Somerville,MA,02144,Bank Fees,Act Blue Fees
House District 11,"MCCORMICK, KAREN",92.27,2025-12-28 00:00:00,Act Blue Llc,Somerville,MA,02144,Bank Fees,Act Blue Fee
House District 11,"MCCORMICK, KAREN",43.78,2025-12-31 00:00:00,Act Blue Llc,Somerville,MA,02144,Bank Fees,Act Blue Fee
House District 12,"BROWN, KYLE",12.0,2025-01-02 00:00:00,Firstbank,Lakewood,CO,80215,Bank Fees,
House District 12,"BROWN, KYLE",23.42,2025-01-06 00:00:00,Costco,Superior,CO,80027,"Food, Beverages and Meals",
House District 12,"BROWN, KYLE",6.14,2025-01-07 00:00:00,Blue Sparrow Coffee,Denver,CO,80203,"Food, Beverages and Meals",
House District 12,"BROWN, KYLE",8.0,2025-01-08 00:00:00,Denver Cultural Center Parking Garage,Denver,CO,80204,Miscellaneous,Parking
House District 12,"BROWN, KYLE",5.41,2025-01-10 00:00:00,Bang Up To The Elephant,Denver,CO,80223,"Food, Beverages and Meals",
House District 12,"BROWN, KYLE",0.12,2025-01-12 00:00:00,Actblue,Somerville,MA,02144,Fundraising Expenses,
House District 12,"BROWN, KYLE",13.14,2025-01-16 00:00:00,Blue Sparrow Coffee,Denver,CO,80203,"Food, Beverages and Meals",
House District 12,"BROWN, KYLE",4.0,2025-01-21 00:00:00,Denver City And County Parking,Denver,CO,80202,Miscellaneous,
House District 12,"BROWN, KYLE",16.73,2025-01-27 00:00:00,Jimmy John'S,Louisville,CO,80027,"Food, Beverages and Meals",
House District 12,"BROWN, KYLE",34.85,2025-01-27 00:00:00,Ghost Box Pizza,Lafayette,CO,80026,"Food, Beverages and Meals",
House District 12,"BROWN, KYLE",21.03,2025-01-31 00:00:00,Mailchimp,Atlanta,GA,30308,Consultant & Professional Services,
House District 12,"BROWN, KYLE",2.0,2025-01-31 00:00:00,Firstbank,Lakewood,CO,80215,Bank Fees,
House District 12,"BROWN, KYLE",250.0,2025-02-03 00:00:00,Imagine Foundation,Lafayette,CO,80026,Other,Donation
House District 12,"BROWN, KYLE",23.66,2025-02-07 00:00:00,Subculture,Denver,CO,80203,"Food, Beverages and Meals",
House District 12,"BROWN, KYLE",0.12,2025-02-09 00:00:00,Actblue,Somerville,MA,02144,Fundraising Expenses,
House District 12,"BROWN, KYLE",6.75,2025-02-10 00:00:00,Paul'S Coffee And Tea,Louisville,CO,80027,"Food, Beverages and Meals",
House District 12,"BROWN, KYLE",250.0,2025-02-10 00:00:00,Boulder County Democratic Party,Boulder,CO,80303,Other,Donation
House District 12,"BROWN, KYLE",7.24,2025-02-24 00:00:00,32 Market,River Falls,WI,54022,"Food, Beverages and Meals",
House District 12,"BROWN, KYLE",2.0,2025-02-28 00:00:00,Firstbank,Lakewood,CO,80215,Bank Fees,
House District 12,"BROWN, KYLE",500.0,2025-03-03 00:00:00,Matt  Voss,Denver,CO,80203,Consultant & Professional Services,
House District 12,"BROWN, KYLE",3000.0,2025-03-03 00:00:00,House Dems Petty Cash Fund,Denver,CO,80203,Other,Caucus Dues
House District 12,"BROWN, KYLE",21.03,2025-03-03 00:00:00,Mailchimp,Atlanta,GA,30308,Consultant & Professional Services,
House District 12,"BROWN, KYLE",0.12,2025-03-09 00:00:00,Actblue,Somerville,MA,02144,Fundraising Expenses,
House District 12,"BROWN, KYLE",3.0,2025-03-11 00:00:00,Denver City And County Parking,Denver,CO,80202,Miscellaneous,
House District 12,"BROWN, KYLE",31.92,2025-03-28 00:00:00,Subculture,Denver,CO,80203,"Food, Beverages and Meals",
House District 12,"BROWN, KYLE",1026.58,2025-03-31 00:00:00,Tru Community Care,Lafayette,CO,80026,Other,Donation
House District 12,"BROWN, KYLE",21.03,2025-03-31 00:00:00,Mailchimp,Atlanta,GA,30308,Consultant & Professional Services,
House District 12,"BROWN, KYLE",2.0,2025-03-31 00:00:00,Firstbank,Lakewood,CO,80215,Bank Fees,
House District 12,"BROWN, KYLE",0.12,2025-04-06 00:00:00,Actblue,Somerville,MA,02144,Fundraising Expenses,
House District 12,"BROWN, KYLE",28.86,2025-04-07 00:00:00,Lamars Donuts,Louisville,CO,80027,"Food, Beverages and Meals",
House District 12,"BROWN, KYLE",18.94,2025-04-09 00:00:00,Subculture,Denver,CO,80203,"Food, Beverages and Meals",
House District 12,"BROWN, KYLE",40.61,2025-04-10 00:00:00,Subculture,Denver,CO,80203,"Food, Beverages and Meals",
House District 12,"BROWN, KYLE",16.47,2025-04-25 00:00:00,Subculture,Denver,CO,80203,"Food, Beverages and Meals",
House District 12,"BROWN, KYLE",2.0,2025-04-30 00:00:00,Firstbank,Lakewood,CO,80215,Bank Fees,
House District 12,"BROWN, KYLE",21.03,2025-05-01 00:00:00,Mailchimp,Atlanta,GA,30308,Office Equipment & Supplies,
House District 12,"BROWN, KYLE",15.32,2025-05-02 00:00:00,32 Market,River Falls,WI,54022,"Food, Beverages and Meals",
House District 12,"BROWN, KYLE",0.12,2025-05-11 00:00:00,Actblue,Somerville,MA,02144,Fundraising Expenses,
House District 12,"BROWN, KYLE",21.03,2025-06-02 00:00:00,Mailchimp,Atlanta,GA,30308,Office Equipment & Supplies,
House District 12,"BROWN, KYLE",250.0,2025-06-05 00:00:00,Boulder County Democratic Party,Boulder,CO,80303,Other,Tickets/Donation
House District 12,"BROWN, KYLE",0.12,2025-06-08 00:00:00,Actblue,Somerville,MA,02144,Fundraising Expenses,
House District 12,"BROWN, KYLE",250.0,2025-06-09 00:00:00,Boulder County Democratic Party,Boulder,CO,80303,Other,Tickets/Donation
House District 12,"BROWN, KYLE",14.64,2025-06-10 00:00:00,Sweet Bloom Coffee,Arvada,CO,80003,"Food, Beverages and Meals",
House District 12,"BROWN, KYLE",11.76,2025-06-12 00:00:00,Big Daddy Bagels,Boulder,CO,80303,"Food, Beverages and Meals",
House District 12,"BROWN, KYLE",6.96,2025-06-23 00:00:00,Sweet Bloom Coffee,Arvada,CO,80003,"Food, Beverages and Meals",
House District 12,"BROWN, KYLE",51.11,2025-06-26 00:00:00,Freedom Street Social,Arvada,CO,80007,"Food, Beverages and Meals",
House District 12,"BROWN, KYLE",2.0,2025-06-30 00:00:00,Firstbank,Lakewood,CO,80215,Bank Fees,
House District 12,"BROWN, KYLE",7.55,2025-07-01 00:00:00,Paul'S Coffee And Tea,Louisville,CO,80027,"Food, Beverages and Meals",
House District 12,"BROWN, KYLE",21.03,2025-07-01 00:00:00,Mailchimp,Atlanta,GA,30308,Office Equipment & Supplies,
House District 12,"BROWN, KYLE",0.12,2025-07-06 00:00:00,Actblue Technical Services,Boston,MA,02196,Fundraising Expenses,
House District 12,"BROWN, KYLE",7.55,2025-07-07 00:00:00,Paul'S Coffee And Tea,Louisville,CO,80027,"Food, Beverages and Meals",
House District 12,"BROWN, KYLE",6.43,2025-07-11 00:00:00,Moxie Bread Co,Louisville,CO,80027,"Food, Beverages and Meals",
House District 12,"BROWN, KYLE",9.39,2025-07-18 00:00:00,Blue Sparrow Coffee,Denver,CO,80203,"Food, Beverages and Meals",
House District 12,"BROWN, KYLE",6.45,2025-07-21 00:00:00,Relish Food Hall,Louisville,CO,80027,"Food, Beverages and Meals",
House District 12,"BROWN, KYLE",13.27,2025-07-23 00:00:00,Prodigy Coffeehouse,Denver,CO,80205,"Food, Beverages and Meals",
House District 12,"BROWN, KYLE",11.95,2025-07-28 00:00:00,Paul'S Coffee And Tea,Louisville,CO,80027,"Food, Beverages and Meals",
House District 12,"BROWN, KYLE",13.71,2025-07-28 00:00:00,Sweet Bloom Coffee,Arvada,CO,80003,"Food, Beverages and Meals",
House District 12,"BROWN, KYLE",21.03,2025-07-31 00:00:00,Mailchimp,Atlanta,GA,30308,Office Equipment & Supplies,
House District 12,"BROWN, KYLE",2.0,2025-07-31 00:00:00,Firstbank,Lakewood,CO,80215,Bank Fees,
House District 12,"BROWN, KYLE",0.12,2025-08-10 00:00:00,Actblue Technical Services,Boston,MA,02196,Fundraising Expenses,
House District 12,"BROWN, KYLE",256.64,2025-08-11 00:00:00,Tru Community Care,Lafayette,CO,80026,Contributions,
House District 12,"BROWN, KYLE",7.55,2025-08-12 00:00:00,Paul'S Coffee And Tea,Louisville,CO,80027,"Food, Beverages and Meals",
House District 12,"BROWN, KYLE",8.0,2025-08-12 00:00:00,Denver City And County Parking,Denver,CO,80202,Travel & Lodging,
House District 12,"BROWN, KYLE",9.75,2025-08-19 00:00:00,Paul'S Coffee And Tea,Louisville,CO,80027,"Food, Beverages and Meals",
House District 12,"BROWN, KYLE",10.02,2025-08-21 00:00:00,Blue Sparrow Coffee,Denver,CO,80203,"Food, Beverages and Meals",
House District 12,"BROWN, KYLE",13.36,2025-08-22 00:00:00,Blue Sparrow Coffee,Denver,CO,80203,"Food, Beverages and Meals",
House District 12,"BROWN, KYLE",26.5,2025-08-25 00:00:00,Subculture,Denver,CO,80203,"Food, Beverages and Meals",
House District 12,"BROWN, KYLE",6.0,2025-08-29 00:00:00,Daily Camera,Boulder,CO,80303,Office Equipment & Supplies,
House District 12,"BROWN, KYLE",2.0,2025-08-29 00:00:00,Firstbank,Lakewood,CO,80215,Bank Fees,
House District 12,"BROWN, KYLE",21.03,2025-09-02 00:00:00,Mailchimp,Atlanta,GA,30308,Office Equipment & Supplies,
House District 12,"BROWN, KYLE",6.45,2025-09-04 00:00:00,Relish Food Hall,Louisville,CO,80027,"Food, Beverages and Meals",
House District 12,"BROWN, KYLE",13.71,2025-09-05 00:00:00,Sweet Bloom Coffee,Arvada,CO,80003,"Food, Beverages and Meals",
House District 12,"BROWN, KYLE",0.12,2025-09-07 00:00:00,Actblue Technical Services,Boston,MA,02196,Fundraising Expenses,
House District 12,"BROWN, KYLE",7.54,2025-09-17 00:00:00,Bittersweet Cafe,Louisville,CO,80027,"Food, Beverages and Meals",
House District 12,"BROWN, KYLE",9.75,2025-09-17 00:00:00,Paul'S Coffee And Tea,Louisville,CO,80027,"Food, Beverages and Meals",
House District 12,"BROWN, KYLE",35.0,2025-09-18 00:00:00,Chair 20 Parking,Vail,CO,81657,Travel & Lodging,
House District 12,"BROWN, KYLE",5.1,2025-09-22 00:00:00,Honk Parking,Breckenridge,CO,80424,Travel & Lodging,
House District 12,"BROWN, KYLE",10.85,2025-09-22 00:00:00,Paul'S Coffee And Tea,Louisville,CO,80027,"Food, Beverages and Meals",
House District 12,"BROWN, KYLE",12.25,2025-09-25 00:00:00,Paul'S Coffee And Tea,Louisville,CO,80027,"Food, Beverages and Meals",
House District 12,"BROWN, KYLE",29.96,2025-09-25 00:00:00,Bagel Delicatessen Inc,Denver,CO,80222,"Food, Beverages and Meals",
House District 12,"BROWN, KYLE",5.8,2025-09-26 00:00:00,Relish Food Hall,Louisville,CO,80027,"Food, Beverages and Meals",
House District 12,"BROWN, KYLE",4.4,2025-09-29 00:00:00,Paul'S Coffee And Tea,Louisville,CO,80027,"Food, Beverages and Meals",
House District 12,"BROWN, KYLE",2.0,2025-09-30 00:00:00,Firstbank,Lakewood,CO,80215,Bank Fees,
House District 12,"BROWN, KYLE",3.32,2024-12-08 00:00:00,Actblue,Somerville,MA,02144,Fundraising Expenses,
House District 12,"BROWN, KYLE",21.03,2025-10-01 00:00:00,Mailchimp,Atlanta,GA,30308,Office Equipment & Supplies,
House District 12,"BROWN, KYLE",12.74,2025-10-02 00:00:00,Boxcar Coffee,Boulder,CO,80305,"Food, Beverages and Meals",
House District 12,"BROWN, KYLE",1.63,2025-10-02 00:00:00,Boulder Parking,Boulder,CO,80302,Travel & Lodging,
House District 12,"BROWN, KYLE",48.17,2025-10-03 00:00:00,The Huckleberry,Louisville,CO,80027,"Food, Beverages and Meals",
House District 12,"BROWN, KYLE",3.0,2025-10-03 00:00:00,Denver City And County Parking,Denver,CO,80202,Contributions,
House District 12,"BROWN, KYLE",6.26,2025-10-06 00:00:00,Blue Sparrow Coffee,Denver,CO,80203,"Food, Beverages and Meals",
House District 12,"BROWN, KYLE",3.0,2025-10-08 00:00:00,Laz Parking,Denver,CO,80202,Travel & Lodging,
House District 12,"BROWN, KYLE",2.0,2025-10-09 00:00:00,City And County Of Denver,Denver,CO,80201,Travel & Lodging,
House District 12,"BROWN, KYLE",0.12,2025-10-12 00:00:00,Actblue Technical Services,Boston,MA,02196,Fundraising Expenses,
House District 12,"BROWN, KYLE",10.5,2025-10-15 00:00:00,Blue Sparrow Coffee,Denver,CO,80203,"Food, Beverages and Meals",
House District 12,"BROWN, KYLE",8.0,2025-10-17 00:00:00,Laz Parking,Denver,CO,80202,Travel & Lodging,
House District 12,"BROWN, KYLE",8.79,2025-10-17 00:00:00,Prodigy Coffeehouse,Denver,CO,80205,"Food, Beverages and Meals",
House District 12,"BROWN, KYLE",75.0,2025-10-24 00:00:00,Colorado Solar And Storage Association,Denver,CO,80204,Contributions,
House District 12,"BROWN, KYLE",1.98,2025-10-26 00:00:00,Actblue Technical Services,Boston,MA,02196,Fundraising Expenses,
House District 12,"BROWN, KYLE",43.37,2025-10-27 00:00:00,Paul'S Coffee And Tea,Louisville,CO,80027,"Food, Beverages and Meals",
House District 12,"BROWN, KYLE",42.78,2025-10-29 00:00:00,B.O.B.S Diner,Louisville,CO,80027,"Food, Beverages and Meals",
House District 12,"BROWN, KYLE",1.63,2025-10-30 00:00:00,Boulder Parking,Boulder,CO,80302,Travel & Lodging,
House District 12,"BROWN, KYLE",1.75,2025-10-30 00:00:00,Denver City And County Parking,Denver,CO,80202,Travel & Lodging,
House District 12,"BROWN, KYLE",8.45,2025-10-30 00:00:00,Paul'S Coffee And Tea,Louisville,CO,80027,"Food, Beverages and Meals",
House District 12,"BROWN, KYLE",21.03,2025-10-30 00:00:00,Mailchimp,Atlanta,GA,30308,Office Equipment & Supplies,
House District 12,"BROWN, KYLE",2.0,2025-10-31 00:00:00,Firstbank,Lakewood,CO,80215,Bank Fees,
House District 12,"BROWN, KYLE",10.29,2025-11-02 00:00:00,Actblue Technical Services,Boston,MA,02196,Fundraising Expenses,
House District 12,"BROWN, KYLE",174.23,2025-11-03 00:00:00,Zoom,San Jose,CA,95113,Office Equipment & Supplies,
House District 12,"BROWN, KYLE",9.5,2025-11-04 00:00:00,Paul'S Coffee And Tea,Louisville,CO,80027,"Food, Beverages and Meals",
House District 12,"BROWN, KYLE",0.12,2025-11-09 00:00:00,Actblue Technical Services,Boston,MA,02196,Fundraising Expenses,
House District 12,"BROWN, KYLE",284.17,2025-11-10 00:00:00,The Elizabeth Hotel,Fort Collins,CO,80524,Travel & Lodging,
House District 12,"BROWN, KYLE",6.57,2025-11-10 00:00:00,Paul'S Coffee And Tea,Louisville,CO,80027,"Food, Beverages and Meals",
House District 12,"BROWN, KYLE",6.75,2025-11-12 00:00:00,Paul'S Coffee And Tea,Louisville,CO,80027,"Food, Beverages and Meals",
House District 12,"BROWN, KYLE",250.0,2025-11-12 00:00:00,Boulder County Democratic Party,Lafayette,CO,80026,Miscellaneous,
House District 12,"BROWN, KYLE",3.95,2025-11-16 00:00:00,Actblue Technical Services,Boston,MA,02196,Fundraising Expenses,
House District 12,"BROWN, KYLE",15.33,2025-11-17 00:00:00,Subculture,Denver,CO,80203,"Food, Beverages and Meals",
House District 12,"BROWN, KYLE",7.5,2025-11-18 00:00:00,Paul'S Coffee And Tea,Louisville,CO,80027,"Food, Beverages and Meals",
House District 12,"BROWN, KYLE",267.15,2025-11-24 00:00:00,Target,Superior,CO,80027,Office Equipment & Supplies,
House District 12,"BROWN, KYLE",2.0,2025-11-28 00:00:00,Firstbank,Lakewood,CO,80215,Bank Fees,
House District 12,"BROWN, KYLE",21.03,2025-12-01 00:00:00,Mailchimp,Atlanta,GA,30308,Office Equipment & Supplies,
House District 12,"BROWN, KYLE",500.0,2025-12-01 00:00:00,Jenifer  Engel,Englewood,CO,80111,Consultant & Professional Services,
House District 12,"BROWN, KYLE",12.39,2025-12-08 00:00:00,Paul'S Coffee And Tea,Louisville,CO,80027,"Food, Beverages and Meals",
House District 12,"BROWN, KYLE",12.39,2025-12-18 00:00:00,Blue Sparrow Coffee,Denver,CO,80203,"Food, Beverages and Meals",
House District 12,"BROWN, KYLE",6.75,2025-12-23 00:00:00,Paul'S Coffee And Tea,Louisville,CO,80027,"Food, Beverages and Meals",
House District 12,"BROWN, KYLE",21.03,2025-12-30 00:00:00,Mailchimp,Atlanta,GA,30308,Office Equipment & Supplies,
House District 12,"BROWN, KYLE",2.0,2025-12-31 00:00:00,Firstbank,Lakewood,CO,80215,Bank Fees,
House District 13,"FLOYD, CHRIS",31.61,2025-04-20 00:00:00,Actblue Technical Services,Boston,MA,02196,Fundraising Expenses,
House District 13,"FLOYD, CHRIS",30.63,2025-04-27 00:00:00,Actblue Technical Services,Boston,MA,02196,Fundraising Expenses,
House District 13,"FLOYD, CHRIS",0.68,2025-05-01 00:00:00,Google,Mountain View,CA,94043,Office Equipment & Supplies,Email Services (Prorated)
House District 13,"FLOYD, CHRIS",23.71,2025-05-04 00:00:00,Actblue Technical Services,Boston,MA,02196,Fundraising Expenses,Credit Card Processor Fees
House District 13,"FLOYD, CHRIS",0.99,2025-05-11 00:00:00,Actblue Technical Services,Boston,MA,02196,Fundraising Expenses,Credit Card Processor Fees
House District 13,"FLOYD, CHRIS",53.66,2025-05-12 00:00:00,B&B Shipping,Leadville,CO,80461,Advertising,Candidate Literature
House District 13,"FLOYD, CHRIS",27.66,2025-05-18 00:00:00,Actblue Technical Services,Boston,MA,02196,Fundraising Expenses,Credit Card Processor Fees
House District 13,"FLOYD, CHRIS",25.68,2025-05-25 00:00:00,Actblue Technical Services,Boston,MA,02196,Fundraising Expenses,Credit Card Processor Fees
House District 13,"FLOYD, CHRIS",8.4,2025-06-02 00:00:00,Google,Mountain View,CA,94043,Office Equipment & Supplies,Email Services
House District 13,"FLOYD, CHRIS",21.73,2025-06-08 00:00:00,Actblue Technical Services,Boston,MA,02196,Fundraising Expenses,Credit Card Processor Fees
House District 13,"FLOYD, CHRIS",75.07,2025-06-15 00:00:00,Actblue Technical Services,Boston,MA,02196,Fundraising Expenses,Credit Card Processor Fees
House District 13,"FLOYD, CHRIS",4.94,2025-06-22 00:00:00,Actblue Technical Services,Boston,MA,02196,Fundraising Expenses,Credit Card Processor Fees
House District 13,"FLOYD, CHRIS",103.72,2025-06-29 00:00:00,Actblue Technical Services,Boston,MA,02196,Fundraising Expenses,Credit Card Processor Fees
House District 13,"FLOYD, CHRIS",10.28,2025-06-30 00:00:00,Actblue Technical Services,Boston,MA,02196,Fundraising Expenses,Credit Card Processor Fees
House District 13,"FLOYD, CHRIS",8.4,2025-07-02 00:00:00,Google,Mountain View,CA,94043,Office Equipment & Supplies,Email Services
House District 13,"FLOYD, CHRIS",3.95,2025-07-06 00:00:00,Actblue Technical Services,Boston,MA,02196,Fundraising Expenses,Credit Card Processor Fees
House District 13,"FLOYD, CHRIS",2300.0,2025-07-14 00:00:00,Practical Campaign Services,Centennial,CO,80122,Consultant & Professional Services,Campaign Advisory Services
House District 13,"FLOYD, CHRIS",8.4,2025-08-04 00:00:00,Google,Mountain View,CA,94043,Office Equipment & Supplies,Email Services
House District 13,"FLOYD, CHRIS",438.0,2025-08-05 00:00:00,Colorado Democratic Party,Denver,CO,80203,Miscellaneous,Voter File Access
House District 13,"FLOYD, CHRIS",3.95,2025-08-10 00:00:00,Actblue Technical Services,Boston,MA,02196,Bank Fees,
House District 13,"FLOYD, CHRIS",27.92,2025-08-20 00:00:00,B&B Shipping,Leadville,CO,80461,Miscellaneous,Flyer Printing For Event
House District 13,"FLOYD, CHRIS",10.67,2025-08-24 00:00:00,Actblue Technical Services,Boston,MA,02196,Bank Fees,
House District 13,"FLOYD, CHRIS",0.4,2025-08-31 00:00:00,Actblue Technical Services,Boston,MA,02196,Bank Fees,
House District 13,"FLOYD, CHRIS",8.4,2025-09-02 00:00:00,Google,Mountain View,CA,94043,Office Equipment & Supplies,Email Services
House District 13,"FLOYD, CHRIS",3.95,2025-09-07 00:00:00,Actblue Technical Services,Boston,MA,02196,Bank Fees,
House District 13,"FLOYD, CHRIS",120.0,2025-09-08 00:00:00,Colorado Afl-Cio,Denver,CO,80237,Miscellaneous,Event Ticket
House District 13,"FLOYD, CHRIS",33.39,2025-09-14 00:00:00,Actblue Technical Services,Boston,MA,02196,Bank Fees,
House District 13,"FLOYD, CHRIS",71.33,2025-09-21 00:00:00,Actblue Technical Services,Boston,MA,02196,Bank Fees,
House District 13,"FLOYD, CHRIS",35.57,2025-09-28 00:00:00,Actblue Technical Services,Boston,MA,02196,Bank Fees,
House District 13,"FLOYD, CHRIS",103.12,2025-09-30 00:00:00,Actblue Technical Services,Boston,MA,02196,Bank Fees,
House District 13,"FLOYD, CHRIS",8.4,2025-10-02 00:00:00,Google,Mountain View,CA,94043,Office Equipment & Supplies,Google Mail Suite
House District 13,"FLOYD, CHRIS",1500.0,2025-10-09 00:00:00,Practical Campaign Services,Centennial,CO,80122,Consultant & Professional Services,Strategic Consulting
House District 13,"FLOYD, CHRIS",0.79,2025-10-12 00:00:00,Actblue Technical Services,Boston,MA,02196,Bank Fees,
House District 13,"FLOYD, CHRIS",7.91,2025-10-19 00:00:00,Actblue Technical Services,Boston,MA,02196,Bank Fees,Donor Processing Fees
House District 13,"FLOYD, CHRIS",87.93,2025-10-26 00:00:00,Actblue Technical Services,Boston,MA,02196,Bank Fees,Donor Processing Fees
House District 13,"FLOYD, CHRIS",1.39,2025-11-02 00:00:00,Actblue Technical Services,Boston,MA,02196,Fundraising Expenses,Donor Processing Fees
House District 13,"FLOYD, CHRIS",8.4,2025-11-03 00:00:00,Google,Mountain View,CA,94043,Office Equipment & Supplies,Google Mail Suite
House District 13,"FLOYD, CHRIS",39.32,2025-11-09 00:00:00,Actblue Technical Services,Boston,MA,02196,Fundraising Expenses,Donor Processing Fees
House District 13,"FLOYD, CHRIS",500.0,2025-11-12 00:00:00,Practical Campaign Services,Centennial,CO,80122,Consultant & Professional Services,Strategic Consulting
House District 13,"FLOYD, CHRIS",17.78,2025-11-16 00:00:00,Actblue Technical Services,Boston,MA,02196,Fundraising Expenses,Donor Processing Fees
House District 13,"FLOYD, CHRIS",3.96,2025-11-23 00:00:00,Actblue Technical Services,Boston,MA,02196,Fundraising Expenses,Donor Processing Fees
House District 13,"FLOYD, CHRIS",0.4,2025-11-30 00:00:00,Actblue Technical Services,Boston,MA,02196,Fundraising Expenses,Donor Processing Fees
House District 13,"FLOYD, CHRIS",8.4,2025-12-02 00:00:00,Google,Mountain View,CA,94043,Office Equipment & Supplies,Google Mail Suite
House District 13,"FLOYD, CHRIS",19.76,2025-12-07 00:00:00,Actblue Technical Services,Boston,MA,02196,Fundraising Expenses,Donor Processing Fees
House District 13,"FLOYD, CHRIS",500.0,2025-12-10 00:00:00,Practical Campaign Services,Centennial,CO,80122,Consultant & Professional Services,Strategic Consulting
House District 13,"FLOYD, CHRIS",0.79,2025-12-14 00:00:00,Actblue Technical Services,Boston,MA,02196,Fundraising Expenses,Donor Processing Fees
House District 13,"FLOYD, CHRIS",1.98,2025-12-21 00:00:00,Actblue Technical Services,Boston,MA,02196,Fundraising Expenses,Donor Processing Fees
House District 13,"FLOYD, CHRIS",28.85,2025-12-28 00:00:00,Actblue Technical Services,Boston,MA,02196,Fundraising Expenses,Donor Processing Fees
House District 13,"FLOYD, CHRIS",46.84,2025-12-31 00:00:00,Actblue Technical Services,Boston,MA,02196,Fundraising Expenses,Donor Processing Fees
House District 13,"MARTINEZ, MIGUEL",40.0,2025-09-27 00:00:00,Nusenda Credit Union,Albuquerque,NM,87198,Contributions,Deposit From Candidate Miguel Martinez To Open Checking Account For Vote Miguel Martinez Hd-13
House District 13,"MARTINEZ, MIGUEL",2500.0,2025-10-21 00:00:00,"Mcshane Llc, Dba: Rmc, Revolutionizing Microtargeted Campaigns",Las Vegas,NV,89117,Consultant & Professional Services,Prepare Website Miguel4Co.Com
House District 13,"REDHORSE, CONSUELO",75.6,2025-09-22 00:00:00,Consuelo  Redhorse,Silverthorne,CO,80497,Travel & Lodging,"Mileage Reimbursement For Candidate Introduction With Grand County Democrats, Granby (108Mi @ $0.70/Mi)"
House District 13,"REDHORSE, CONSUELO",50.4,2025-09-24 00:00:00,Consuelo  Redhorse,Silverthorne,CO,80497,Travel & Lodging,"Mileage Reimbursement For Candidate Introduction To Community Leaders, Leadville (72Mi @ $0.70/Mi)"
House District 13,"REDHORSE, CONSUELO",96.6,2025-09-25 00:00:00,Consuelo  Redhorse,Silverthorne,CO,80497,Travel & Lodging,"Mileage Reimbursement For Candidate Introduction With Chaffee County Democrats, Buena Vista (138Mi @ $0.70/Mi)"
House District 13,"REDHORSE, CONSUELO",50.4,2025-09-26 00:00:00,Consuelo  Redhorse,Silverthorne,CO,80497,Travel & Lodging,"Mileage Reimbursement For Candidate Introduction And Issue Discussions With Elected Leaders, Leadville (72Mi @ $0.70/Mi)"
House District 13,"REDHORSE, CONSUELO",174.0,2025-10-01 00:00:00,Wix.Com Ltd,New York,NY,10014,Advertising,Website Software Annual Subscription
House District 13,"REDHORSE, CONSUELO",12.9,2025-10-01 00:00:00,Wix.Com Ltd,New York,NY,10014,Advertising,Domain Name Voteredhorse.Com (Annual Billing)
House District 13,"REDHORSE, CONSUELO",3.68,2025-10-01 00:00:00,Before & After,Leadville,CO,80461,"Food, Beverages and Meals",Coffee With Local Leaders To Build Support For Campaign
House District 13,"REDHORSE, CONSUELO",15.75,2025-10-06 00:00:00,Actblue,Somerville,MA,02144,Fundraising Expenses,Processing Fee
House District 13,"REDHORSE, CONSUELO",1.75,2025-10-08 00:00:00,Actblue,Somerville,MA,02144,Fundraising Expenses,Processing Fee
House District 13,"REDHORSE, CONSUELO",7.64,2025-10-08 00:00:00,Before & After,Leadville,CO,80461,"Food, Beverages and Meals",Coffee With Elected Leader To Build Support For Campaign
House District 13,"REDHORSE, CONSUELO",61.36,2025-10-10 00:00:00,Copy Copy,Frisco,CO,80443,Office Equipment & Supplies,Business Cards (100 Ct)
House District 13,"REDHORSE, CONSUELO",432.85,2025-10-10 00:00:00,Colorado Democratic Party,Denver,CO,80203,Other,Voter File Access
House District 13,"REDHORSE, CONSUELO",3.5,2025-10-11 00:00:00,Actblue,Somerville,MA,02144,Fundraising Expenses,Processing Fee
House District 13,"REDHORSE, CONSUELO",0.18,2025-10-14 00:00:00,Actblue,Somerville,MA,02144,Fundraising Expenses,Processing Fee
House District 13,"REDHORSE, CONSUELO",0.88,2025-10-16 00:00:00,Actblue,Somerville,MA,02144,Fundraising Expenses,Processing Fee
House District 13,"REDHORSE, CONSUELO",8.75,2025-10-17 00:00:00,Actblue,Somerville,MA,02144,Fundraising Expenses,Processing Fee
House District 13,"REDHORSE, CONSUELO",1.98,2025-10-23 00:00:00,Actblue,Somerville,MA,02144,Fundraising Expenses,Processing Fee
House District 13,"REDHORSE, CONSUELO",36.55,2025-10-27 00:00:00,Actblue,Somerville,MA,02144,Fundraising Expenses,Processing Fee
House District 13,"REDHORSE, CONSUELO",51.92,2025-10-27 00:00:00,Copy Copy,Frisco,CO,80443,Office Equipment & Supplies,Business Cards (100 Ct)
House District 13,"REDHORSE, CONSUELO",17.78,2025-10-28 00:00:00,Actblue,Somerville,MA,02144,Fundraising Expenses,Processing Fee
House District 13,"REDHORSE, CONSUELO",30.0,2025-10-28 00:00:00,Canva Us Inc,Austin,TX,78702,Advertising,Monthly Software Subscription
House District 13,"REDHORSE, CONSUELO",7.9,2025-10-29 00:00:00,Actblue,Somerville,MA,02144,Fundraising Expenses,Processing Fee
House District 13,"REDHORSE, CONSUELO",1.5,2025-11-05 00:00:00,Town Of Breckenridge,Breckenridge,CO,80424,Travel & Lodging,Parking To Attend Local Organizatation Meeting And Build Support For Campaign
House District 13,"REDHORSE, CONSUELO",0.99,2025-11-07 00:00:00,Actblue,Somerville,MA,02144,Fundraising Expenses,Processing Fee
House District 13,"REDHORSE, CONSUELO",22.92,2025-11-13 00:00:00,Sorelle Delicatessen,Buena Vista,CO,81211,"Food, Beverages and Meals",Lunch With Elected Leader To Build Support For Campaign
House District 13,"REDHORSE, CONSUELO",50.0,2025-11-14 00:00:00,Colorado Secretary Of State,Denver,CO,80290,Other,Fee For Late Campaign Finance Filing
House District 13,"REDHORSE, CONSUELO",0.99,2025-11-16 00:00:00,Actblue,Somerville,MA,02144,Fundraising Expenses,Processing Fee
House District 13,"REDHORSE, CONSUELO",1.98,2025-11-17 00:00:00,Actblue,Somerville,MA,02144,Fundraising Expenses,Processing Fee
House District 13,"REDHORSE, CONSUELO",5.93,2025-11-24 00:00:00,Actblue,Somerville,MA,02144,Fundraising Expenses,Processing Fee
House District 13,"REDHORSE, CONSUELO",0.99,2025-11-25 00:00:00,Actblue,Somerville,MA,02144,Fundraising Expenses,Processing Fee
House District 13,"REDHORSE, CONSUELO",30.0,2025-11-28 00:00:00,Canva Us Inc,Austin,TX,78702,Advertising,Software Monthly Subscription
House District 13,"REDHORSE, CONSUELO",17.78,2025-12-03 00:00:00,Actblue,Somerville,MA,02144,Fundraising Expenses,Processing Fee
House District 13,"REDHORSE, CONSUELO",1.98,2025-12-14 00:00:00,Actblue,Somerville,MA,02144,Fundraising Expenses,Processing Fee
House District 13,"REDHORSE, CONSUELO",2.97,2025-12-15 00:00:00,Actblue,Somerville,MA,02144,Fundraising Expenses,Processing Fee
House District 13,"REDHORSE, CONSUELO",9.88,2025-12-16 00:00:00,Actblue,Somerville,MA,02144,Fundraising Expenses,Processing Fee
House District 13,"REDHORSE, CONSUELO",1.98,2025-12-17 00:00:00,Actblue,Somerville,MA,02144,Fundraising Expenses,Processing Fee
House District 13,"REDHORSE, CONSUELO",4.94,2025-12-23 00:00:00,Actblue,Somerville,MA,02144,Fundraising Expenses,Processing Fee
House District 13,"REDHORSE, CONSUELO",30.0,2025-12-27 00:00:00,Canva Us Inc,Austin,TX,78702,Advertising,Software Monthly Subscription
House District 13,"REDHORSE, CONSUELO",39.31,2025-12-30 00:00:00,Actblue,Somerville,MA,02144,Fundraising Expenses,Processing Fee
House District 13,"REDHORSE, CONSUELO",0.99,2025-12-31 00:00:00,Actblue,Somerville,MA,02144,Fundraising Expenses,Processing Fee
HOUSE DISTRICT 14,"EMERY, SARAH",,,,,,,,
HOUSE DISTRICT 14,"FLANELL, AVA",22.3,2025-10-25 00:00:00,Firstbank North,Arvada,CO,80006,Other,7214 ∑ Office Supplies
HOUSE DISTRICT 14,"FLANELL, AVA",12.3,2025-10-31 00:00:00,Anedot,New Orleans,LA,70117,Other,7820 ∑ Merchant Account Fees
HOUSE DISTRICT 14,"FLANELL, AVA",150.0,2025-10-31 00:00:00,Flywheel Digital,Baltimore,MD,21230,Other,6410 ∑ Registration & Hosting
HOUSE DISTRICT 14,"FLANELL, AVA",1.37,2025-10-31 00:00:00,Win-Red,Arlington,VA,22209,Other,7820 ∑ Merchant Account Fees
HOUSE DISTRICT 14,"FLANELL, AVA",18.3,2025-11-01 00:00:00,Anedot,New Orleans,LA,70117,Other,7820 ∑ Merchant Account Fees
HOUSE DISTRICT 14,"FLANELL, AVA",2.3,2025-11-02 00:00:00,Anedot,New Orleans,LA,70117,Other,7820 ∑ Merchant Account Fees
HOUSE DISTRICT 14,"FLANELL, AVA",0.49,2025-11-03 00:00:00,Win-Red,Arlington,VA,22209,Other,7820 ∑ Merchant Account Fees
HOUSE DISTRICT 14,"FLANELL, AVA",1.5,2025-11-04 00:00:00,Anedot,New Orleans,LA,70117,Other,7820 ∑ Merchant Account Fees
HOUSE DISTRICT 14,"FLANELL, AVA",0.49,2025-11-04 00:00:00,Win-Red,Arlington,VA,22209,Other,7820 ∑ Merchant Account Fees
HOUSE DISTRICT 14,"FLANELL, AVA",1.68,2025-11-07 00:00:00,Anedot,New Orleans,LA,70117,Other,7820 ∑ Merchant Account Fees
HOUSE DISTRICT 14,"FLANELL, AVA",12.41,2025-11-08 00:00:00,Anedot,New Orleans,LA,70117,Other,7820 ∑ Merchant Account Fees
HOUSE DISTRICT 14,"FLANELL, AVA",2.3,2025-11-09 00:00:00,Anedot,New Orleans,LA,70117,Other,7820 ∑ Merchant Account Fees
HOUSE DISTRICT 14,"FLANELL, AVA",4.3,2025-11-10 00:00:00,Anedot,New Orleans,LA,70117,Other,7820 ∑ Merchant Account Fees
HOUSE DISTRICT 14,"FLANELL, AVA",5.8,2025-11-14 00:00:00,Anedot,New Orleans,LA,70117,Other,7820 ∑ Merchant Account Fees
HOUSE DISTRICT 14,"FLANELL, AVA",28.6,2025-11-15 00:00:00,Anedot,New Orleans,LA,70117,Other,7820 ∑ Merchant Account Fees
HOUSE DISTRICT 14,"FLANELL, AVA",4.3,2025-11-17 00:00:00,Anedot,New Orleans,LA,70117,Other,7820 ∑ Merchant Account Fees
HOUSE DISTRICT 14,"FLANELL, AVA",50.0,2025-11-26 00:00:00,Dsigns By Janelle,Colorado Springs,CO,80918,Other,6640 ∑ Design & Layout
HOUSE DISTRICT 14,"FLANELL, AVA",64.11,2025-11-26 00:00:00,Fedex,Colorado Springs,CO,80822,Other,6615 ∑ Hang Cards
HOUSE DISTRICT 14,"FLANELL, AVA",18.81,2025-11-28 00:00:00,Anedot,New Orleans,LA,70117,Other,7820 ∑ Merchant Account Fees
HOUSE DISTRICT 14,"FLANELL, AVA",135.94,2025-11-28 00:00:00,Staples,Colorado Springs,CO,80218,Other,6612 ∑ Business Cards
HOUSE DISTRICT 14,"FLANELL, AVA",50.0,2025-11-28 00:00:00,Sunrise Republican Women,Colorado Springs,CO,80292,Other,6810 ∑ Registration Fees
HOUSE DISTRICT 14,"FLANELL, AVA",2.51,2025-11-29 00:00:00,Anedot,New Orleans,LA,70117,Other,7820 ∑ Merchant Account Fees
HOUSE DISTRICT 14,"FLANELL, AVA",4.6,2025-12-03 00:00:00,Anedot,New Orleans,LA,70117,Other,7820 ∑ Merchant Account Fees
HOUSE DISTRICT 14,"FLANELL, AVA",22.08,2025-12-03 00:00:00,Discount Rubber Stamps,Brookfield,WI,53005,Other,7214 ∑ Office Supplies
HOUSE DISTRICT 14,"FLANELL, AVA",22.08,2025-12-03 00:00:00,Discount Rubber Stamps,Brookfield,WI,53005,Other,7214 ∑ Office Supplies
HOUSE DISTRICT 14,"FLANELL, AVA",25.2,2025-12-05 00:00:00,Anedot,New Orleans,LA,70117,Other,7820 ∑ Merchant Account Fees
HOUSE DISTRICT 14,"FLANELL, AVA",2.3,2025-12-06 00:00:00,Anedot,New Orleans,LA,70117,Other,7820 ∑ Merchant Account Fees
HOUSE DISTRICT 14,"FLANELL, AVA",5.61,2025-12-08 00:00:00,Anedot,New Orleans,LA,70117,Other,7820 ∑ Merchant Account Fees
HOUSE DISTRICT 14,"FLANELL, AVA",4.3,2025-12-09 00:00:00,Anedot,New Orleans,LA,70117,Other,7820 ∑ Merchant Account Fees
HOUSE DISTRICT 14,"FLANELL, AVA",10.72,2025-12-09 00:00:00,Mailchimp,Atlanta,GA,30308,Other,7350 ∑ Email Service
HOUSE DISTRICT 14,"FLANELL, AVA",2.3,2025-12-10 00:00:00,Anedot,New Orleans,LA,70117,Other,7820 ∑ Merchant Account Fees
HOUSE DISTRICT 14,"FLANELL, AVA",0.7,2025-12-11 00:00:00,Anedot,New Orleans,LA,70117,Other,7820 ∑ Merchant Account Fees
HOUSE DISTRICT 14,"FLANELL, AVA",2.3,2025-12-12 00:00:00,Anedot,New Orleans,LA,70117,Other,7820 ∑ Merchant Account Fees
HOUSE DISTRICT 14,"FLANELL, AVA",15.2,2025-12-15 00:00:00,Anedot,New Orleans,LA,70117,Other,7820 ∑ Merchant Account Fees
HOUSE DISTRICT 14,"FLANELL, AVA",12.98,2025-12-15 00:00:00,Hobby Lobby,Colorado Springs,CO,80922,Other,5190 ∑ Other Event Expense
HOUSE DISTRICT 14,"FLANELL, AVA",93.6,2025-12-15 00:00:00,Walgreens,Colorado Springs,CO,80906,Other,7200 ∑ Office Expense
HOUSE DISTRICT 14,"FLANELL, AVA",1.5,2025-12-16 00:00:00,Anedot,New Orleans,LA,70117,Other,7820 ∑ Merchant Account Fees
HOUSE DISTRICT 14,"FLANELL, AVA",4.6,2025-12-17 00:00:00,Anedot,New Orleans,LA,70117,Other,7820 ∑ Merchant Account Fees
HOUSE DISTRICT 14,"FLANELL, AVA",50.11,2025-12-17 00:00:00,Hobby Lobby,Colorado Springs,CO,80922,Other,5190 ∑ Other Event Expense
HOUSE DISTRICT 14,"FLANELL, AVA",18.3,2025-12-18 00:00:00,Anedot,New Orleans,LA,70117,Other,7820 ∑ Merchant Account Fees
HOUSE DISTRICT 14,"FLANELL, AVA",85.02,2025-12-18 00:00:00,Costco,Colorado Springs,CO,80918,Other,5140 ∑ Event Food & Beverage
HOUSE DISTRICT 14,"FLANELL, AVA",28.72,2025-12-18 00:00:00,King Soopers,Colorado Springs,CO,80951,Other,5140 ∑ Event Food & Beverage
HOUSE DISTRICT 14,"FLANELL, AVA",21.8,2025-12-19 00:00:00,Anedot,New Orleans,LA,70117,Other,7820 ∑ Merchant Account Fees
HOUSE DISTRICT 14,"FLANELL, AVA",35.27,2025-12-19 00:00:00,Dollar Tree,Colorado Springs,CO,80916,Other,7214 ∑ Office Supplies
HOUSE DISTRICT 14,"FLANELL, AVA",2.3,2025-12-20 00:00:00,Anedot,New Orleans,LA,70117,Other,7820 ∑ Merchant Account Fees
HOUSE DISTRICT 14,"FLANELL, AVA",20.0,2025-12-22 00:00:00,Chatgpt,San Francisco,CA,94158,Other,6590 ∑ Other Research Expense
HOUSE DISTRICT 14,"FLANELL, AVA",625.0,2025-12-22 00:00:00,Dsigns By Janelle,Colorado Springs,CO,80918,Other,6420 ∑ Production & Design
HOUSE DISTRICT 14,"FLANELL, AVA",6.8,2025-12-23 00:00:00,Anedot,New Orleans,LA,70117,Other,7820 ∑ Merchant Account Fees
HOUSE DISTRICT 14,"FLANELL, AVA",24.3,2025-12-23 00:00:00,Firstbank North,Arvada,CO,80006,Other,7214 ∑ Office Supplies
HOUSE DISTRICT 14,"FLANELL, AVA",162.35,2025-12-23 00:00:00,Morrell Printing,Lafayette,CO,80026,Other,6611 ∑ Letterhead & Envelopes
HOUSE DISTRICT 14,"FLANELL, AVA",1.56,2025-12-24 00:00:00,,,,,Other,7214 ∑ Office Supplies
HOUSE DISTRICT 14,"FLANELL, AVA",27.85,2025-12-27 00:00:00,Amazon,N Seattle,WA,98109,Other,7214 ∑ Office Supplies
HOUSE DISTRICT 14,"FLANELL, AVA",2.97,2025-12-27 00:00:00,Fedex,Colorado Springs,CO,80822,Other,6211 ∑ Printing
HOUSE DISTRICT 14,"FLANELL, AVA",2.3,2025-12-28 00:00:00,Anedot,New Orleans,LA,70117,Other,7820 ∑ Merchant Account Fees
HOUSE DISTRICT 14,"FLANELL, AVA",58.15,2025-12-29 00:00:00,Anedot,New Orleans,LA,70117,Other,7820 ∑ Merchant Account Fees
HOUSE DISTRICT 14,"FLANELL, AVA",227.75,2025-12-29 00:00:00,Tri-Lakes Printing,Monument,CO,80132,Other,6615 ∑ Hang Cards
HOUSE DISTRICT 14,"FLANELL, AVA",30.31,2025-12-30 00:00:00,Anedot,New Orleans,LA,70117,Other,7820 ∑ Merchant Account Fees
HOUSE DISTRICT 14,"FLANELL, AVA",68.17,2025-12-30 00:00:00,Centennial Printing,Colorado Springs,CO,80903,Other,7214 ∑ Office Supplies
HOUSE DISTRICT 14,"FLANELL, AVA",20.84,2025-12-31 00:00:00,Anedot,New Orleans,LA,70117,Other,7820 ∑ Merchant Account Fees
HOUSE DISTRICT 14,"VANDERHULE, TROY",,,,,,,,
House District 15,"LIVINGSTON, JEFF",,,,,,,,
House District 15,"TIEGEN, PRICELLA",,,,,,,,
House District 16,"HAFFLEY, JILL",78.0,2025-12-18 00:00:00,United States Postal Service,Colorado Springs,CO,80909,Fundraising Expenses,Stamps
House District 16,"HAFFLEY, JILL",100.0,2025-12-23 00:00:00,Stephanie  Di Censo,Peyton,CO,80831,Consultant & Professional Services,"Head Shots
Ck #110"
House District 16,"HAFFLEY, JILL",379.0,2025-12-30 00:00:00,Marsh Advertising,Corsicana,TX,75110,Advertising,Logo
House District 16,"KOCH, JAMIE",,,,,,,,
House District 16,"VIGIL, STEPHANIE",10.3,2025-01-02 00:00:00,Google,Mountain View,CA,94043,Rent & Utilities,
House District 16,"VIGIL, STEPHANIE",403.4,2025-01-02 00:00:00,Colorado Democratic Party,Denver,CO,80203,Miscellaneous,Database Access
House District 16,"VIGIL, STEPHANIE",27.31,2025-01-16 00:00:00,Mailchimp,Atlanta,GA,30308,Rent & Utilities,
House District 16,"VIGIL, STEPHANIE",31.93,2025-01-26 00:00:00,Zazzle,Redwood City,CA,94063,Office Equipment & Supplies,
House District 16,"VIGIL, STEPHANIE",65.0,2025-02-01 00:00:00,Kweenwerk,Denver,CO,80249,Miscellaneous,Dei Training
House District 16,"VIGIL, STEPHANIE",10.3,2025-02-02 00:00:00,Google,Mountain View,CA,94043,Rent & Utilities,
House District 16,"VIGIL, STEPHANIE",19.35,2025-02-08 00:00:00,Wix,San Francisco,CA,94158,Rent & Utilities,
House District 16,"VIGIL, STEPHANIE",27.31,2025-02-16 00:00:00,Mailchimp,Atlanta,GA,30308,Rent & Utilities,
House District 16,"VIGIL, STEPHANIE",144.0,2025-03-01 00:00:00,Wix,San Francisco,CA,94158,Rent & Utilities,
House District 16,"VIGIL, STEPHANIE",10.3,2025-03-03 00:00:00,Google,Mountain View,CA,94043,Rent & Utilities,
House District 16,"VIGIL, STEPHANIE",151.5,2025-03-10 00:00:00,Pe Strategies,Colorado Springs,CO,80916,Consultant & Professional Services,Campaign Manager
House District 16,"VIGIL, STEPHANIE",27.31,2025-03-16 00:00:00,Mailchimp,Atlanta,GA,30308,Rent & Utilities,
House District 16,"VIGIL, STEPHANIE",1.03,2025-03-20 00:00:00,Square,San Francisco,CA,94103,Bank Fees,Processing Fee
House District 16,"VIGIL, STEPHANIE",92.45,2025-03-31 00:00:00,Actblue,Somervile,MA,02144,Bank Fees,Processing Fee
House District 16,"VIGIL, STEPHANIE",10.3,2025-04-03 00:00:00,Google,Mountain View,CA,94043,Rent & Utilities,
House District 16,"VIGIL, STEPHANIE",304.5,2025-04-03 00:00:00,Pe Strategies,Colorado Springs,CO,80916,Consultant & Professional Services,Campaign Manager
House District 16,"VIGIL, STEPHANIE",27.31,2025-04-16 00:00:00,Mailchimp,Atlanta,GA,30308,Rent & Utilities,
House District 16,"VIGIL, STEPHANIE",210.0,2025-04-27 00:00:00,Usps,Colorado Springs,CO,80909,Rent & Utilities,Po Box Rental
House District 16,"VIGIL, STEPHANIE",100.0,2025-04-30 00:00:00,Ryan  Macoubrie,Colorado Springs,CO,80909,Consultant & Professional Services,Photography
House District 16,"VIGIL, STEPHANIE",10.3,2025-05-03 00:00:00,Google,Mountain View,CA,94043,Rent & Utilities,
House District 16,"VIGIL, STEPHANIE",300.0,2025-05-12 00:00:00,Goat Patch Brewing,Colorado Springs,CO,80907,Other,Event Expenses
House District 16,"VIGIL, STEPHANIE",27.31,2025-05-16 00:00:00,Mailchimp,Atlanta,GA,30308,Rent & Utilities,
House District 16,"VIGIL, STEPHANIE",50.0,2025-05-21 00:00:00,Colorado Secretary Of State,Denver,CO,80290,Other,Late Fee
House District 16,"VIGIL, STEPHANIE",10.0,2025-06-01 00:00:00,Denver Arts Complex,Denver,CO,80204,"Food, Beverages and Meals",
House District 16,"VIGIL, STEPHANIE",17.0,2025-06-02 00:00:00,Denver Arts Complex,Denver,CO,80204,"Food, Beverages and Meals",
House District 16,"VIGIL, STEPHANIE",10.3,2025-06-03 00:00:00,Google,Mountain View,CA,94043,Rent & Utilities,
House District 16,"VIGIL, STEPHANIE",812.0,2025-06-12 00:00:00,Pe Strategies,Colorado Springs,CO,80916,Consultant & Professional Services,Campaign Manager
House District 16,"VIGIL, STEPHANIE",27.31,2025-06-16 00:00:00,Mailchimp,Atlanta,GA,30308,Rent & Utilities,
House District 16,"VIGIL, STEPHANIE",1446.85,2025-06-19 00:00:00,El Chapin,Colorado Springs,CO,80909,"Food, Beverages and Meals",Event Catering
House District 16,"VIGIL, STEPHANIE",42.85,2025-06-22 00:00:00,Goat Patch Brewing,Colorado Springs,CO,80907,Other,Event Expenses
House District 16,"VIGIL, STEPHANIE",700.85,2025-06-23 00:00:00,Goat Patch Brewing,Colorado Springs,CO,80907,Other,Event Expenses
House District 16,"VIGIL, STEPHANIE",290.48,2025-06-30 00:00:00,Actblue,Somervile,MA,02144,Bank Fees,Processing Fees
House District 16,"VIGIL, STEPHANIE",10.3,2025-07-03 00:00:00,Google,Mountain View,CA,94043,Rent & Utilities,
House District 16,"VIGIL, STEPHANIE",27.31,2025-07-16 00:00:00,Mailchimp,Atlanta,GA,30308,Rent & Utilities,
House District 16,"VIGIL, STEPHANIE",3045.0,2025-07-29 00:00:00,Pe Strategies,Colorado Springs,CO,80916,Consultant & Professional Services,Campaign Management
House District 16,"VIGIL, STEPHANIE",348.0,2025-08-01 00:00:00,Wix.Com 1191200493 Www.Wix.Com Ca 08/01/25 Card 4056 Visa Check,San Francisco,CA,,Rent & Utilities,
House District 16,"VIGIL, STEPHANIE",10.3,2025-08-02 00:00:00,Google,Mountain View,CA,94043,Rent & Utilities,
House District 16,"VIGIL, STEPHANIE",1.03,2025-08-08 00:00:00,Square,San Francisco,CA,94103,Bank Fees,Processing Fee
House District 16,"VIGIL, STEPHANIE",378.9,2025-08-11 00:00:00,Stephanie  Vigil,Colorado Springs,CO,80909,Fundraising Expenses,Reimbursement For Printing Expenses Paid Out Of Pocket
House District 16,"VIGIL, STEPHANIE",27.31,2025-08-16 00:00:00,Mailchimp,Atlanta,GA,30308,Rent & Utilities,
House District 16,"VIGIL, STEPHANIE",10.3,2025-09-02 00:00:00,Google,Mountain View,CA,94043,Rent & Utilities,
House District 16,"VIGIL, STEPHANIE",27.31,2025-09-16 00:00:00,Mailchimp,Atlanta,GA,30308,Rent & Utilities,
House District 16,"VIGIL, STEPHANIE",70.0,2025-09-19 00:00:00,University Of Colorado,Colorado Springs,CO,,Other,Event Ticket
House District 16,"VIGIL, STEPHANIE",183.22,2025-09-30 00:00:00,Actblue,Somervile,MA,02144,Bank Fees,Processing Fees
House District 16,"VIGIL, STEPHANIE",752.5,2024-12-10 00:00:00,Divergent Deliverables,Centennial,CO,80122,Consultant & Professional Services,Staff
House District 16,"VIGIL, STEPHANIE",11.47,2024-12-11 00:00:00,Civitech,San Antonio,TX,78258,Miscellaneous,Volunteer Management
House District 16,"VIGIL, STEPHANIE",3031.0,2024-12-14 00:00:00,Pe Strategies,Colorado Springs,CO,80916,Consultant & Professional Services,Campaign Manager
House District 16,"VIGIL, STEPHANIE",27.31,2024-12-16 00:00:00,Mailchimp,Atlanta,GA,30308,Rent & Utilities,
House District 16,"VIGIL, STEPHANIE",10.3,2025-10-02 00:00:00,Google,Mountain View,CA,94043,Office Equipment & Supplies,Online Office Suite
House District 16,"VIGIL, STEPHANIE",27.31,2025-10-16 00:00:00,Mailchimp,Atlanta,GA,30308,Office Equipment & Supplies,Newsletter
House District 16,"VIGIL, STEPHANIE",10.3,2025-11-02 00:00:00,Google,Mountain View,CA,94043,Office Equipment & Supplies,Online Office Suite
House District 16,"VIGIL, STEPHANIE",123.68,2025-11-14 00:00:00,Calendly Llc,Buford,GA,30518,Miscellaneous,Scheduling Software
House District 16,"VIGIL, STEPHANIE",27.31,2025-11-16 00:00:00,Mailchimp,Atlanta,GA,30308,Office Equipment & Supplies,Newsletter
House District 16,"VIGIL, STEPHANIE",95.0,2025-12-01 00:00:00,Campaign Verify,Washington,DC,20007,Miscellaneous,Id Verification For Sms
House District 16,"VIGIL, STEPHANIE",10.3,2025-12-02 00:00:00,Google,Mountain View,CA,94043,Office Equipment & Supplies,Online Office Suite
House District 16,"VIGIL, STEPHANIE",400.0,2025-12-07 00:00:00,"Canva Us, Inc.",Austin,TX,78702,Rent & Utilities,"Marketing, Graphics, And Print Services"
House District 16,"VIGIL, STEPHANIE",10.0,2025-12-07 00:00:00,Time Park Llc Lot 20,Denver,CO,80203,Travel & Lodging,Parking
House District 16,"VIGIL, STEPHANIE",27.31,2025-12-16 00:00:00,Mailchimp,Atlanta,GA,30308,Office Equipment & Supplies,Newsletter
House District 16,"VIGIL, STEPHANIE",70.0,2025-12-31 00:00:00,"Square, Inc.",San Francisco,CA,94103,Bank Fees,Processing Fees
House District 16,"VIGIL, STEPHANIE",182.68,2025-12-31 00:00:00,Actblue,Somervile,MA,02144,Bank Fees,Processing Fees
House District 17,"ENGLISH, REGINA",304.46,2025-01-02 00:00:00,Party City,Colorado Springs,CO,80922,Office Equipment & Supplies,Campaign Launch Supplies
House District 17,"ENGLISH, REGINA",430.95,2025-01-03 00:00:00,Party City,Colorado Springs,CO,80922,Office Equipment & Supplies,Chair And Table Rental
House District 17,"ENGLISH, REGINA",412.0,2025-01-06 00:00:00,Walmart,Fountain,CO,80817,"Food, Beverages and Meals",Campaign Launch Dinner Supplies
House District 17,"ENGLISH, REGINA",111.41,2025-01-06 00:00:00,King Chef Diner,Colorado Springs,CO,80903,"Food, Beverages and Meals",Campaign Launch Dinner
House District 17,"ENGLISH, REGINA",79.83,2025-01-06 00:00:00,Walmart Super Center,Colorado Springs,CO,80909,Office Equipment & Supplies,"Utensils, Paper Plates, Table Clothes For Campaign Launch"
House District 17,"ENGLISH, REGINA",38.52,2025-01-07 00:00:00,Party City,Colorado Springs,CO,80922,Office Equipment & Supplies,Launch Dinner Supplies
House District 17,"ENGLISH, REGINA",49.0,2025-01-09 00:00:00,Wix.Com Inc,San Francisco,CA,94158,Advertising,Website Services
House District 17,"ENGLISH, REGINA",3.95,2025-01-19 00:00:00,Act Blue,Sommerville,MA,02144,Bank Fees,Actblue Fee
House District 17,"ENGLISH, REGINA",20.61,2025-01-21 00:00:00,Mail Chimp,Atlanta,CO,30308,Office Equipment & Supplies,Email Services
House District 17,"ENGLISH, REGINA",0.99,2025-03-02 00:00:00,Act Blue,Sommerville,MA,02144,Contributions,Actblue Fee
House District 17,"ENGLISH, REGINA",174.0,2025-03-28 00:00:00,Wix.Com Inc,San Francisco,CA,94158,Advertising,Website Services
House District 17,"ENGLISH, REGINA",20.0,2025-04-18 00:00:00,Mail Chimp,Atlanta,CO,30308,Office Equipment & Supplies,Email Service
House District 17,"ENGLISH, REGINA",227.0,2025-05-13 00:00:00,United States Postal Service,Colorado Springs,CO,80903,Office Equipment & Supplies,Campaign Po Box
House District 17,"ENGLISH, REGINA",148.42,2025-05-15 00:00:00,Grammarly,San Francisco,CA,94104,Office Equipment & Supplies,Speech Editing Services
House District 17,"ENGLISH, REGINA",238.03,2025-05-18 00:00:00,Best Buy,Colorado Springs,CO,80920,Office Equipment & Supplies,Campaign Equipment
House District 17,"ENGLISH, REGINA",24.88,2025-05-18 00:00:00,Office Max,Colorado Springs,CO,80906,Office Equipment & Supplies,Office Supplies For Campaign
House District 17,"ENGLISH, REGINA",20.61,2025-05-19 00:00:00,Mail Chimp,Atlanta,CO,30308,Office Equipment & Supplies,Email Service
House District 17,"ENGLISH, REGINA",388.8,2025-05-19 00:00:00,National Alliance Black School Educators,Washinton,DC,20016,Consultant & Professional Services,Professional Development Conference
House District 17,"ENGLISH, REGINA",23.25,2025-05-20 00:00:00,Office Max,Colorado Springs,CO,80906,Office Equipment & Supplies,Office Supplies For Campaign Office
House District 17,"ENGLISH, REGINA",45.44,2025-05-21 00:00:00,Walmart Super Center,Colorado Springs,CO,80909,"Food, Beverages and Meals",Food For Campaign Event
House District 17,"ENGLISH, REGINA",59.49,2025-06-21 00:00:00,Best Buy,Colorado Springs,CO,80920,Office Equipment & Supplies,Campaign Supplies
House District 17,"ENGLISH, REGINA",20.61,2025-07-18 00:00:00,Mail Chimp,Atlanta,CO,30308,Advertising,Emails And Newsletters
House District 17,"ENGLISH, REGINA",169.0,2025-07-23 00:00:00,Trumpia,La Palma,CA,90623,Advertising,Constituent Text Messages
House District 17,"ENGLISH, REGINA",168.11,2025-08-12 00:00:00,"Zoom Video Communications, Inc",San Jose,CA,95113,Office Equipment & Supplies,Community Communication
House District 17,"ENGLISH, REGINA",20.61,2025-08-18 00:00:00,Mail Chimp,Atlanta,CO,30308,Advertising,Newsletters And Emails
House District 17,"ENGLISH, REGINA",169.0,2025-08-22 00:00:00,Trumpia,La Palma,CA,90623,Advertising,Text Campaign
House District 17,"ENGLISH, REGINA",59.59,2025-08-27 00:00:00,P F Chang'S,Colorado Springs,CO,80920,"Food, Beverages and Meals",Campaign Meeting Dinner
House District 17,"ENGLISH, REGINA",150.0,2025-09-05 00:00:00,Nobel Women,New York,NY,10001,Consultant & Professional Services,Leadership Conference
House District 17,"ENGLISH, REGINA",66.35,2025-09-15 00:00:00,Longhorn Staeakhouse,Colorado Springs,CO,80917,"Food, Beverages and Meals",Campaign Meeting Dinner
House District 17,"ENGLISH, REGINA",350.0,2025-09-15 00:00:00,Chelonda  Marshall,Colorado Springs,CO,80916,Employee Services,Campaign Manager Pay
House District 17,"ENGLISH, REGINA",206.28,2025-09-15 00:00:00,El Paso County Democratic Party,Colorado Springs,CO,80909,Contributions,El Paso County Democratic Gala
House District 17,"ENGLISH, REGINA",20.61,2025-09-18 00:00:00,Mail Chimp,Atlanta,CO,30308,Advertising,Emails And Newsletters
House District 17,"ENGLISH, REGINA",41.22,2025-09-22 00:00:00,Apple.Com,Cupertino,CA,95014,Consultant & Professional Services,Grammar Services
House District 17,"ENGLISH, REGINA",169.0,2025-09-22 00:00:00,Trumpia,La Palma,CA,90623,Advertising,Text Campaign
House District 17,"ENGLISH, REGINA",0.4,2024-10-16 00:00:00,Act Blue,Sommerville,MA,02144,Bank Fees,Act Blue Fee For Carolyn Stetson $10.00 Donation
House District 17,"ENGLISH, REGINA",1038.0,2024-10-24 00:00:00,Downtown Copy Experts,Colorado Springs,CO,80903,Advertising,Marketing
House District 17,"ENGLISH, REGINA",1120.0,2024-10-24 00:00:00,United States Postal Service,Colorado Springs,CO,80903,Office Equipment & Supplies,Postage For Donation Letters And Postcards
House District 17,"ENGLISH, REGINA",142.74,2024-10-25 00:00:00,Walmart Super Center,Colorado Springs,CO,80909,Office Equipment & Supplies,Campaign Supplies
House District 17,"ENGLISH, REGINA",350.0,2024-10-28 00:00:00,Sabrina'S Soul Food Kitchen,Colorado Springs,CO,80916,"Food, Beverages and Meals",Food Deposit For Community Conversation
House District 17,"ENGLISH, REGINA",419.0,2024-10-29 00:00:00,Bright Star Strategies,Bayfield,CO,81122,Advertising,Marketing Video For Campaign
House District 17,"ENGLISH, REGINA",11.85,2024-10-29 00:00:00,Act Blue,Sommerville,MA,02144,Bank Fees,Act Blue Bank Fee For Rep. Jennifer Bacon $300.00 Campaign Donation.
House District 17,"ENGLISH, REGINA",1500.0,2024-10-31 00:00:00,Eye Contact Media,Minneapolis,MN,55401,Advertising,Media Impressions For Campaign Video
House District 17,"ENGLISH, REGINA",14.6,2024-11-01 00:00:00,United States Postal Service,Colorado Springs,CO,80903,Office Equipment & Supplies,Postage For Donation Letters And Postcards
House District 17,"ENGLISH, REGINA",1000.0,2024-11-01 00:00:00,Tionna R Moss,Redacted By Sos,CO,99999,Employee Services,Campaign Phone Banking October 1-31St
House District 17,"ENGLISH, REGINA",0.99,2024-11-02 00:00:00,Act Blue,Sommerville,MA,02144,Bank Fees,Act Blue Fee For Kimberlee Noyes $25 Donation
House District 17,"ENGLISH, REGINA",15.8,2024-11-06 00:00:00,Act Blue,Sommerville,MA,02144,Bank Fees,Act Blue Fee For Rep. Jennifer Bacon Campaign Donation For New Cycle.
House District 17,"ENGLISH, REGINA",1250.0,2024-11-12 00:00:00,Lamonica  Adams,Redacted By Sos,CO,99999,Employee Services,"October1-November 5, 2024, Campaign Door Knocking And Phone Banking.
Check # 1149"
House District 17,"ENGLISH, REGINA",1000.0,2024-11-12 00:00:00,Sean  Hale,Redacted By Sos,CO,99999,Employee Services,October 1-30Th Campaign Work. Calling And Knocking On Doors.
House District 17,"ENGLISH, REGINA",16.54,2024-11-13 00:00:00,The Ups Store,Colorado Springs,CO,80906,Other,Mailed Joel Dyar Video Equipment Back From Campaign Video.
House District 17,"ENGLISH, REGINA",49.0,2024-11-15 00:00:00,Wix.Com Inc,San Francisco,CA,94158,Advertising,Campaign Website Monthly Fee
House District 17,"ENGLISH, REGINA",20.61,2024-11-18 00:00:00,Mail Chimp,Atlanta,CO,30308,Office Equipment & Supplies,Newsletter Platform
House District 17,"ENGLISH, REGINA",270.14,2024-11-18 00:00:00,Courtyard By Marriot Denver West Golden,Golden,CO,80401,Miscellaneous,Hotel Stay For Colorado Democrat Caucus Retreat
House District 17,"ENGLISH, REGINA",49.0,2024-12-09 00:00:00,Wix.Com Inc,San Francisco,CA,94158,Office Equipment & Supplies,Website Services
House District 17,"ENGLISH, REGINA",60.0,2024-12-13 00:00:00,Grammarly,San Francisco,CA,94104,Office Equipment & Supplies,Speech Editing Service
House District 17,"ENGLISH, REGINA",20.61,2024-12-18 00:00:00,Mail Chimp,Atlanta,CO,30308,Advertising,Email Services
House District 17,"ENGLISH, REGINA",800.0,2024-12-26 00:00:00,Lundyn  Jackson,Coloradosprings,CO,80916,Consultant & Professional Services,Consulting /Strategic Planning
House District 17,"ENGLISH, REGINA",800.0,2024-12-26 00:00:00,Lundyn  Jackson,Coloradosprings,CO,80916,Consultant & Professional Services,Consulting /Strategic Planning
House District 17,"ENGLISH, REGINA",4.94,2025-10-05 00:00:00,Act Blue Technical Services,Boston,MA,02196-2017,Bank Fees,Act Blue Processing Fees
House District 17,"ENGLISH, REGINA",41.49,2025-10-12 00:00:00,Act Blue Technical Services,Boston,MA,02196-2017,Bank Fees,Act Blue Processing Fees
House District 17,"ENGLISH, REGINA",20.61,2025-10-20 00:00:00,Mail Chimp,Atlanta,CO,30308,Advertising,Emails
House District 17,"ENGLISH, REGINA",225.0,2025-10-28 00:00:00,Guerilla Grafix,Porterville,CA,93257,Advertising,Literature And Graphics
House District 17,"ENGLISH, REGINA",125.0,2025-10-29 00:00:00,Guerilla Grafix,Porterville,CA,93257,Advertising,Literature And Graphics
House District 17,"ENGLISH, REGINA",17.78,2025-11-02 00:00:00,Act Blue Technical Services,Boston,MA,02196-2017,Bank Fees,Act Blue Processing Fees
House District 17,"ENGLISH, REGINA",40.0,2025-11-03 00:00:00,Guerilla Grafix,Porterville,CA,93257,Advertising,Flyer Design
House District 17,"ENGLISH, REGINA",69.48,2025-11-03 00:00:00,Bubba 'S 33,Colorado Springs,CO,80915,"Food, Beverages and Meals",Team Strategy Meeting
House District 17,"ENGLISH, REGINA",25.0,2025-11-05 00:00:00,National Caucus Of Black State Legislators,Washinton,DC,20001,Consultant & Professional Services,"Continuing Education, Training And Leadership Conference"
House District 17,"ENGLISH, REGINA",875.0,2025-11-07 00:00:00,National Caucus Of Black State Legislators,Washinton,DC,20001,Consultant & Professional Services,"Leadership, Training And Continuing Education Conference"
House District 17,"ENGLISH, REGINA",64.21,2025-11-10 00:00:00,Bucee'S,Bethoud,CO,80513,"Food, Beverages and Meals",Planning And Strategy Meeting
House District 17,"ENGLISH, REGINA",692.3,2025-11-10 00:00:00,The Elizabeth Hotel,Fort Collins,CO,80524,Travel & Lodging,Democrat Caucus Retreat
House District 17,"ENGLISH, REGINA",66.63,2025-11-12 00:00:00,Walmart Supercenter,Colorado,CO,80915,Office Equipment & Supplies,Campaign Supplies
House District 17,"ENGLISH, REGINA",20.61,2025-11-18 00:00:00,Mail Chimp,Atlanta,CO,30308,Advertising,Emails
House District 17,"ENGLISH, REGINA",2.99,2025-11-24 00:00:00,Apple.Com,Cupertino,CA,95014,Advertising,Campaign Ad
House District 17,"ENGLISH, REGINA",15.81,2025-12-07 00:00:00,Act Blue Technical Services,Boston,MA,02196-2017,Bank Fees,Act Blue Processing Fee
House District 17,"ENGLISH, REGINA",118.48,2025-12-08 00:00:00,Walmart Supercenter,Colorado,CO,80915,Office Equipment & Supplies,Campaign Supplies
House District 17,"ENGLISH, REGINA",45.0,2025-12-11 00:00:00,American Airlines,Dfw Airport,TX,75261-9616,Travel & Lodging,Conference Luggage
House District 17,"ENGLISH, REGINA",35.0,2025-12-11 00:00:00,American Airlines,Dfw Airport,TX,75261-9616,Travel & Lodging,Conferenvce Luggage
House District 17,"ENGLISH, REGINA",68.13,2025-12-11 00:00:00,Uber,San Francisco,CA,94158,Travel & Lodging,Conference Travel
House District 17,"ENGLISH, REGINA",10.0,2025-12-12 00:00:00,Uber,San Francisco,CA,94158,Travel & Lodging,Conference Travel
House District 17,"ENGLISH, REGINA",18.77,2025-12-14 00:00:00,Act Blue Technical Services,Boston,MA,02196-2017,Bank Fees,Act Blue Processing Fees
House District 17,"ENGLISH, REGINA",23.49,2025-12-15 00:00:00,Uber,San Francisco,CA,94158,Travel & Lodging,Conference Travel
House District 17,"ENGLISH, REGINA",103.68,2025-12-15 00:00:00,National Alliance Black School Educators,Washinton,DC,20016,Consultant & Professional Services,Nabse Gala
House District 17,"ENGLISH, REGINA",20.61,2025-12-18 00:00:00,Mail Chimp,Atlanta,CO,30308,Advertising,Emails
House District 17,"ENGLISH, REGINA",2.99,2025-12-24 00:00:00,Apple.Com,Cupertino,CA,95014,Advertising,Campaign Ad
House District 17,"ENGLISH, REGINA",8.89,2025-12-28 00:00:00,Act Blue Technical Services,Boston,MA,02196-2017,Bank Fees,Act Blue Processing Fees
House District 17,"JOHNSON, CHAUNCY",18.99,2025-07-07 00:00:00,Canva,Nsw 2010,AU,,Other,Website Domain For Hd-17
House District 17,"JOHNSON, CHAUNCY",33.62,2025-07-13 00:00:00,Actblue Technical Services,Boston,MA,02196-2017,Bank Fees,Service Fee
House District 17,"JOHNSON, CHAUNCY",150.0,2025-07-13 00:00:00,Britannty  Nash,Colorado Springs,CO,80910,Other,Design & Marketing
House District 17,"JOHNSON, CHAUNCY",45.5,2025-07-20 00:00:00,Actblue Technical Services,Boston,MA,02196-2017,Bank Fees,Processing Fee
House District 17,"JOHNSON, CHAUNCY",51.01,2025-07-27 00:00:00,Actblue Technical Services,Boston,MA,02196-2017,Bank Fees,Processing Fee
House District 17,"JOHNSON, CHAUNCY",432.85,2025-07-31 00:00:00,Colorado Democratic Party:,Denver,CO,80203,Other,Acess To Van Votebuilder
House District 17,"JOHNSON, CHAUNCY",4.76,2025-08-03 00:00:00,Actblue Technical Services,Boston,MA,02196-2017,Bank Fees,Service Fee
House District 17,"JOHNSON, CHAUNCY",1.39,2025-08-10 00:00:00,Actblue Technical Services,Boston,MA,02196-2017,Bank Fees,Service Fee
House District 17,"JOHNSON, CHAUNCY",150.0,2025-08-13 00:00:00,Britannty  Nash,Colorado Springs,CO,80910,Other,Design & Marketing
House District 17,"JOHNSON, CHAUNCY",1.39,2025-08-17 00:00:00,Actblue Technical Services,Boston,MA,02196-2017,Bank Fees,Service Fee
House District 17,"JOHNSON, CHAUNCY",2.38,2025-08-31 00:00:00,Actblue Technical Services,Boston,MA,02196-2017,Bank Fees,Service Fee
House District 17,"JOHNSON, CHAUNCY",4.94,2025-09-07 00:00:00,Actblue Technical Services,Boston,MA,02196-2017,Bank Fees,Service Fee
House District 17,"JOHNSON, CHAUNCY",150.0,2025-09-10 00:00:00,Britannty  Nash,Colorado Springs,CO,80910,Other,Design & Marketing
House District 17,"JOHNSON, CHAUNCY",12.27,2025-09-21 00:00:00,Actblue Technical Services,Boston,MA,02196-2017,Bank Fees,Service Fee
House District 17,"JOHNSON, CHAUNCY",35.0,2025-09-23 00:00:00,Meta,Menlo Park,CA,94025,Advertising,Advertisement- Boost Of A Post On Social Media
House District 17,"JOHNSON, CHAUNCY",21.76,2025-09-28 00:00:00,Actblue Technical Services,Boston,MA,02196-2017,Bank Fees,Service Fee
House District 17,"JOHNSON, CHAUNCY",13.84,2025-09-30 00:00:00,Actblue Technical Services,Boston,MA,02196-2017,Bank Fees,Service Fee
House District 17,"JOHNSON, CHAUNCY",1.39,2025-10-05 00:00:00,Actblue Technical Services,Boston,MA,02196-2017,Other,Processing Fee
House District 17,"JOHNSON, CHAUNCY",3.95,2025-10-12 00:00:00,Actblue Technical Services,Boston,MA,02196-2017,Other,Processing Fee
House District 17,"JOHNSON, CHAUNCY",750.0,2025-10-14 00:00:00,Britannty  Nash,Colorado Springs,CO,80910,Consultant & Professional Services,
House District 17,"JOHNSON, CHAUNCY",0.99,2025-10-19 00:00:00,Actblue Technical Services,Boston,MA,02196-2017,Other,Processing Fee
House District 17,"JOHNSON, CHAUNCY",8.89,2025-10-26 00:00:00,Actblue Technical Services,Boston,MA,02196-2017,Other,Processing Fee
House District 17,"JOHNSON, CHAUNCY",0.4,2025-11-02 00:00:00,Actblue Technical Services,Boston,MA,02196-2017,Other,Processing Fee
House District 17,"JOHNSON, CHAUNCY",150.0,2025-11-13 00:00:00,Britannty  Nash,Colorado Springs,CO,80910,Consultant & Professional Services,
House District 17,"JOHNSON, CHAUNCY",7.33,2025-11-16 00:00:00,Actblue Technical Services,Boston,MA,02196-2017,Other,Processing Fee
House District 17,"JOHNSON, CHAUNCY",5.94,2025-11-23 00:00:00,Actblue Technical Services,Boston,MA,02196-2017,Other,Processing Fee
House District 17,"JOHNSON, CHAUNCY",39.0,2025-11-26 00:00:00,Staples,Colorado Springs,CO,80922,Office Equipment & Supplies,Business Cards
House District 17,"JOHNSON, CHAUNCY",47.03,2025-11-30 00:00:00,Actblue Technical Services,Boston,MA,02196-2017,Other,Processing Fee
House District 17,"JOHNSON, CHAUNCY",14.88,2025-12-03 00:00:00,Zoom,San Jose,CA,95113,Office Equipment & Supplies,Meeting And Events
House District 17,"JOHNSON, CHAUNCY",41.22,2025-12-04 00:00:00,Linkdin,Sunnyvale,CA,94085,Advertising,Events And Advertisement
House District 17,"JOHNSON, CHAUNCY",59.29,2025-12-07 00:00:00,Actblue Technical Services,Boston,MA,02196-2017,Other,Processing Fee
House District 17,"JOHNSON, CHAUNCY",750.0,2025-12-14 00:00:00,Britannty  Nash,Colorado Springs,CO,80910,Consultant & Professional Services,Design And Marketing
House District 17,"JOHNSON, CHAUNCY",1.98,2025-12-14 00:00:00,Actblue Technical Services,Boston,MA,02196-2017,Other,Processing Fee
House District 17,"JOHNSON, CHAUNCY",4.35,2025-12-28 00:00:00,Actblue Technical Services,Boston,MA,02196-2017,Other,Processing Fee
House District 17,"MARTIN, LAURA",,,,,,,,
House District 18,"BOELENS, JAMES",,,,,,,,
House District 18,"CUVA, ADRIANA",,,,,,,,
House District 18,"PASCHAL, AMY",13.51,2025-01-02 00:00:00,Google Voice Inc.,Mountain View,CA,94043,Office Equipment & Supplies,
House District 18,"PASCHAL, AMY",13.4,2025-01-21 00:00:00,Intuit Mailchimp,Atlanta,GA,30308,Advertising,
House District 18,"PASCHAL, AMY",2.0,2025-01-22 00:00:00,First Bank,Colo Springs,CO,80903,Bank Fees,
House District 18,"PASCHAL, AMY",119.88,2025-01-28 00:00:00,Bitly,New York,NY,10001,Advertising,Qr Code
House District 18,"PASCHAL, AMY",3.6,2025-01-28 00:00:00,First Bank,Colo Springs,CO,80903,Bank Fees,
House District 18,"PASCHAL, AMY",13.55,2025-02-03 00:00:00,Google Voice Inc.,Mountain View,CA,94043,Office Equipment & Supplies,
House District 18,"PASCHAL, AMY",5.0,2025-02-05 00:00:00,Gusto Capital Llc,San Francisco,CA,94107,Bank Fees,
House District 18,"PASCHAL, AMY",13.4,2025-02-19 00:00:00,Intuit Mailchimp,Atlanta,GA,30308,Advertising,
House District 18,"PASCHAL, AMY",2.0,2025-02-20 00:00:00,First Bank,Colo Springs,CO,80903,Bank Fees,
House District 18,"PASCHAL, AMY",13.55,2025-03-03 00:00:00,Google Voice Inc.,Mountain View,CA,94043,Office Equipment & Supplies,
House District 18,"PASCHAL, AMY",36.07,2025-03-05 00:00:00,Gusto Capital Llc,San Francisco,CA,94107,Bank Fees,
House District 18,"PASCHAL, AMY",13.4,2025-03-18 00:00:00,Intuit Mailchimp,Atlanta,GA,30308,Advertising,
House District 18,"PASCHAL, AMY",2.0,2025-03-19 00:00:00,First Bank,Colo Springs,CO,80903,Bank Fees,
House District 18,"PASCHAL, AMY",13.55,2025-04-03 00:00:00,Google Voice Inc.,Mountain View,CA,94043,Office Equipment & Supplies,
House District 18,"PASCHAL, AMY",36.07,2025-04-03 00:00:00,Gusto Capital Llc,San Francisco,CA,94107,Employee Services,
House District 18,"PASCHAL, AMY",2.0,2025-04-17 00:00:00,First Bank,Colo Springs,CO,80903,Bank Fees,
House District 18,"PASCHAL, AMY",13.4,2025-04-21 00:00:00,Intuit Mailchimp,Atlanta,GA,30308,Advertising,
House District 18,"PASCHAL, AMY",13.55,2025-05-02 00:00:00,Google Voice Inc.,Mountain View,CA,94043,Office Equipment & Supplies,
House District 18,"PASCHAL, AMY",36.07,2025-05-05 00:00:00,Gusto Capital Llc,San Francisco,CA,94107,Employee Services,
House District 18,"PASCHAL, AMY",120.0,2025-05-16 00:00:00,Atlassian Corporation,San Francisco,CA,94104,Office Equipment & Supplies,Task Management Software
House District 18,"PASCHAL, AMY",2.0,2025-05-19 00:00:00,First Bank,Colo Springs,CO,80903,Bank Fees,
House District 18,"PASCHAL, AMY",13.4,2025-05-19 00:00:00,Intuit Mailchimp,Atlanta,GA,30308,Advertising,
House District 18,"PASCHAL, AMY",2.5,2025-05-21 00:00:00,"City Of Colorado Springs, Parking System Enterprise",Colo Springs,CO,80903,Travel & Lodging,Parking Meter
House District 18,"PASCHAL, AMY",101.41,2025-05-22 00:00:00,Costco Wholesale Corporation,Issaquah,WA,98027,"Food, Beverages and Meals",Food For Town Hall
House District 18,"PASCHAL, AMY",-25.44,2025-05-22 00:00:00,Costco Wholesale Corporation,Issaquah,WA,98027,Returned Expenditure,Reimbursement For Food From Marc Snyder For Shared Town Hall.
House District 18,"PASCHAL, AMY",27.9,2025-05-28 00:00:00,Intuit Mailchimp,Atlanta,GA,30308,Advertising,
House District 18,"PASCHAL, AMY",13.55,2025-06-02 00:00:00,Google Voice Inc.,Mountain View,CA,94043,Office Equipment & Supplies,
House District 18,"PASCHAL, AMY",2.0,2025-06-18 00:00:00,First Bank,Colo Springs,CO,80903,Bank Fees,
House District 18,"PASCHAL, AMY",300.0,2025-06-26 00:00:00,Canva Us Inc,Austin,TX,78702,Office Equipment & Supplies,Graphic Design Software
House District 18,"PASCHAL, AMY",13.27,2025-06-27 00:00:00,Jives Coffee Lounge,Colorado Springs,CO,80904,"Food, Beverages and Meals",
House District 18,"PASCHAL, AMY",8.94,2025-06-30 00:00:00,Actblue,Somerville,MA,02144,Bank Fees,
House District 18,"PASCHAL, AMY",13.57,2025-07-02 00:00:00,Google Voice Inc.,Mountain View,CA,94043,Office Equipment & Supplies,
House District 18,"PASCHAL, AMY",2.0,2025-07-21 00:00:00,"City Of Colorado Springs, Parking System Enterprise",Colo Springs,CO,80903,Travel & Lodging,Parking
House District 18,"PASCHAL, AMY",46.38,2025-07-21 00:00:00,Intuit Mailchimp,Atlanta,GA,30308,Advertising,
House District 18,"PASCHAL, AMY",6.0,2025-07-22 00:00:00,First Bank,Colo Springs,CO,80903,Bank Fees,Debit Cards
House District 18,"PASCHAL, AMY",13.57,2025-08-04 00:00:00,Google Voice Inc.,Mountain View,CA,94043,Office Equipment & Supplies,
House District 18,"PASCHAL, AMY",0.04,2025-08-06 00:00:00,Actblue,Somerville,MA,02144,Bank Fees,
House District 18,"PASCHAL, AMY",463.75,2025-08-15 00:00:00,El Paso County Democratic Party,Colorado Springs,CO,80909,Advertising,Gala Brochure Ad
House District 18,"PASCHAL, AMY",3.0,2025-08-18 00:00:00,"City Of Colorado Springs, Parking System Enterprise",Colo Springs,CO,80903,Travel & Lodging,Parking
House District 18,"PASCHAL, AMY",46.38,2025-08-19 00:00:00,Intuit Mailchimp,Atlanta,GA,30308,Advertising,
House District 18,"PASCHAL, AMY",6.0,2025-08-20 00:00:00,First Bank,Colo Springs,CO,80903,Bank Fees,Debit Cards
House District 18,"PASCHAL, AMY",10.0,2025-08-22 00:00:00,Food To Power,Colorado Springs,CO,80903,Contributions,Tickets To Non-Profit Event
House District 18,"PASCHAL, AMY",13.6,2025-09-02 00:00:00,Google Voice Inc.,Mountain View,CA,94043,Office Equipment & Supplies,
House District 18,"PASCHAL, AMY",20.0,2025-09-02 00:00:00,Food To Power,Colorado Springs,CO,80903,Other,Tickets For Non-Profit Event
House District 18,"PASCHAL, AMY",7.77,2025-09-05 00:00:00,Sweet Bloom Coffee,Westminster,CO,80031,"Food, Beverages and Meals",
House District 18,"PASCHAL, AMY",17.82,2025-09-10 00:00:00,Actblue,Somerville,MA,02144,Bank Fees,
House District 18,"PASCHAL, AMY",252.0,2025-09-16 00:00:00,Wix.Com Ltd,Tel Aviv,IS,6350671,Advertising,Website Renewal
House District 18,"PASCHAL, AMY",6.0,2025-09-18 00:00:00,First Bank,Colo Springs,CO,80903,Bank Fees,Debit Cards
House District 18,"PASCHAL, AMY",46.38,2025-09-19 00:00:00,Intuit Mailchimp,Atlanta,GA,30308,Advertising,
House District 18,"PASCHAL, AMY",77.22,2024-12-10 00:00:00,"Toskr, Inc  (Dba Getthru)",Beaverton,OR,97008,Advertising,
House District 18,"PASCHAL, AMY",2.0,2024-12-18 00:00:00,First Bank,Colo Springs,CO,80903,Bank Fees,
House District 18,"PASCHAL, AMY",13.4,2024-12-19 00:00:00,Intuit Mailchimp,Atlanta,GA,30308,Advertising,
House District 18,"PASCHAL, AMY",13.59,2025-10-02 00:00:00,Google Voice Inc.,Mountain View,CA,94043,Office Equipment & Supplies,
House District 18,"PASCHAL, AMY",1.0,2025-10-06 00:00:00,"City Of Colorado Springs, Parking System Enterprise",Colo Springs,CO,80903,Travel & Lodging,
House District 18,"PASCHAL, AMY",17.74,2025-10-12 00:00:00,Actblue,Somerville,MA,02144,Fundraising Expenses,
House District 18,"PASCHAL, AMY",1.5,2025-10-14 00:00:00,"City Of Colorado Springs, Parking System Enterprise",Colo Springs,CO,80903,Travel & Lodging,
House District 18,"PASCHAL, AMY",3.0,2025-10-14 00:00:00,"City Of Colorado Springs, Parking System Enterprise",Colo Springs,CO,80903,Travel & Lodging,
House District 18,"PASCHAL, AMY",8.89,2025-10-19 00:00:00,Actblue,Somerville,MA,02144,Fundraising Expenses,
House District 18,"PASCHAL, AMY",46.38,2025-10-20 00:00:00,Intuit Mailchimp,Atlanta,GA,30308,Office Equipment & Supplies,
House District 18,"PASCHAL, AMY",6.0,2025-10-21 00:00:00,First Bank,Colo Springs,CO,80903,Bank Fees,
House District 18,"PASCHAL, AMY",1.5,2025-10-23 00:00:00,"City Of Colorado Springs, Parking System Enterprise",Colo Springs,CO,80903,Travel & Lodging,
House District 18,"PASCHAL, AMY",8.89,2025-10-26 00:00:00,Actblue,Somerville,MA,02144,Fundraising Expenses,
House District 18,"PASCHAL, AMY",1.5,2025-10-27 00:00:00,"City Of Colorado Springs, Parking System Enterprise",Colo Springs,CO,80903,Travel & Lodging,
House District 18,"PASCHAL, AMY",13.66,2025-11-03 00:00:00,Google Voice Inc.,Mountain View,CA,94043,Office Equipment & Supplies,
House District 18,"PASCHAL, AMY",1.0,2025-11-06 00:00:00,"City Of Colorado Springs, Parking System Enterprise",Colo Springs,CO,80903,Travel & Lodging,
House District 18,"PASCHAL, AMY",62.24,2025-11-09 00:00:00,Actblue,Somerville,MA,02144,Fundraising Expenses,
House District 18,"PASCHAL, AMY",151.65,2025-11-16 00:00:00,Costco Wholesale Corporation,Issaquah,WA,98027,Fundraising Expenses,Food For Fundraiser
House District 18,"PASCHAL, AMY",122.69,2025-11-16 00:00:00,Actblue,Somerville,MA,02144,Fundraising Expenses,
House District 18,"PASCHAL, AMY",46.38,2025-11-18 00:00:00,Intuit Mailchimp,Atlanta,GA,30308,Office Equipment & Supplies,
House District 18,"PASCHAL, AMY",6.0,2025-11-19 00:00:00,First Bank,Colo Springs,CO,80903,Bank Fees,
House District 18,"PASCHAL, AMY",0.79,2025-11-23 00:00:00,Actblue,Somerville,MA,02144,Fundraising Expenses,
House District 18,"PASCHAL, AMY",13.66,2025-12-02 00:00:00,Google Voice Inc.,Mountain View,CA,94043,Office Equipment & Supplies,
House District 18,"PASCHAL, AMY",0.99,2025-12-07 00:00:00,Actblue,Somerville,MA,02144,Fundraising Expenses,
House District 18,"PASCHAL, AMY",6.0,2025-12-17 00:00:00,First Bank,Colo Springs,CO,80903,Bank Fees,
House District 18,"PASCHAL, AMY",55.0,2025-12-17 00:00:00,Elect Thomas Tony Exum,Redacted By Sos,CO,99999,"Food, Beverages and Meals","Food And Rental For Dec. 14 Town Hall
Rule 10.11 Cost Sharing By Candidates."
House District 18,"PASCHAL, AMY",46.38,2025-12-18 00:00:00,Intuit Mailchimp,Atlanta,GA,30308,Office Equipment & Supplies,
House District 18,"PASCHAL, AMY",0.79,2025-12-21 00:00:00,Actblue,Somerville,MA,02144,Fundraising Expenses,
House District 19,"JONJAK PLAHN, COLTON",22.5,2025-07-12 00:00:00,"Squarespace, Inc.",New York,NY,10014,Other,"Website Hosting Paid Personally By Candidate Before Campaign Account Opened.
(Payment Type: In-Kind)"
House District 19,"JONJAK PLAHN, COLTON",14.0,2025-07-12 00:00:00,Google Domains (Via Squarespace),Mountain View,CA,94043,Other,Domain Registration For Coltonforcolorado.Com Paid Personally By Candidate Before Campaign Account Opened. (Payment Type: In-Kind)
House District 19,"JONJAK PLAHN, COLTON",8.4,2025-07-12 00:00:00,Google Domains (Via Squarespace),Mountain View,CA,94043,Office Equipment & Supplies,Campaign Email Service Paid Personally By Candidate Before Campaign Account Opened. (Payment Type: In-Kind)
House District 19,"JONJAK PLAHN, COLTON",432.85,2025-08-07 00:00:00,"Ngp Van, Inc.",Washington,DC,20005,Consultant & Professional Services,Voter Database Access And Campaign Software Subscription (Votebuilder)
House District 19,"JONJAK PLAHN, COLTON",174.77,2025-08-11 00:00:00,"Fiverr, Inc.",New York,NY,10013-3020,Consultant & Professional Services,Fiver Design Services
House District 19,"JONJAK PLAHN, COLTON",25.0,2025-08-13 00:00:00,"Squarespace, Inc.",New York,NY,10014,Other,Monthly Website Hosting Subscription For Campaign Website.
House District 19,"JONJAK PLAHN, COLTON",8.4,2025-08-13 00:00:00,Google Domains (Via Squarespace),Mountain View,CA,94043,Other,Aug Squarespace Google Workspaces Email Subscription Paid Personally By Candidate Before Campaign Card Switch. (Payment Type: In-Kind)
House District 19,"JONJAK PLAHN, COLTON",197.41,2025-08-14 00:00:00,"Squarespace, Inc.",New York,NY,10014,Other,Squarespace Yearly Website Hosting
House District 19,"JONJAK PLAHN, COLTON",15.0,2025-08-15 00:00:00,"Canva, Inc.",San Francisco,CA,94108,Other,"Canva Subscription For Campaign Design Materials (Logos, Graphics, Templates), Operational."
House District 19,"JONJAK PLAHN, COLTON",2.0,2025-08-28 00:00:00,First Interstate Bank,Billings,MT,59101,Bank Fees,Monthly Paper Statement Fee For Campaign Bank Account
House District 19,"JONJAK PLAHN, COLTON",17.43,2025-09-03 00:00:00,Nametagwizard.Com,Jacksonville,FL,32207,Office Equipment & Supplies,Personalized Logo Name Tag For Candidate
House District 19,"JONJAK PLAHN, COLTON",61.2,2025-09-03 00:00:00,Vistaprint,Waltham,MA,02451,Office Equipment & Supplies,Custom Business Card Printing For Campaign Staff Identification
House District 19,"JONJAK PLAHN, COLTON",8.4,2025-09-14 00:00:00,Google Domains (Via Squarespace),Mountain View,CA,94043,Other,Sept Squarespace Google Workspaces Email Subscription Paid Personally By Candidate Before Campaign Card Switch. (Payment Type: In-Kind)
House District 19,"JONJAK PLAHN, COLTON",15.0,2025-09-15 00:00:00,"Canva, Inc.",San Francisco,CA,94108,Other,"Canva Subscription For Campaign Design Materials (Logos, Graphics, Templates)."
House District 19,"JONJAK PLAHN, COLTON",250.0,2025-09-18 00:00:00,Celia  Oechsle,Raleigh,NC,27608,Consultant & Professional Services,Political Outreach Director (Contractor: Celia Oechsle)
House District 19,"JONJAK PLAHN, COLTON",2.0,2025-09-29 00:00:00,First Interstate Bank,Billings,MT,59101,Bank Fees,Monthly Paper Statement Fee For Campaign Bank Account
House District 19,"JONJAK PLAHN, COLTON",8.4,2025-10-13 00:00:00,Google Domains (Via Squarespace),Mountain View,CA,94043,Other,"Oct Squarespace Google Workspace Payment, Personal Card (In-Kind). (Switched To Campagn Card After This)"
House District 19,"JONJAK PLAHN, COLTON",15.0,2025-10-16 00:00:00,"Canva, Inc.",San Francisco,CA,94108,Other,Xx6487 Debit Card 10/14 14:18 Canva* I04 669-58 Camdende 76457806 291646
House District 19,"JONJAK PLAHN, COLTON",2.0,2025-10-30 00:00:00,First Interstate Bank,Billings,MT,59101,Bank Fees,Paper Statement Fee
House District 19,"JONJAK PLAHN, COLTON",8.4,2025-11-13 00:00:00,"Squarespace, Inc.",New York,NY,10014,Other,Xx6487 Debit Card 11/12 15:08 Sqsp* Work Sp#209 New York Ny 05013005 045759
House District 19,"JONJAK PLAHN, COLTON",15.0,2025-11-17 00:00:00,"Canva, Inc.",San Francisco,CA,94108,Other,Xx6487 Debit Card 11/14 13:18 Canva I04 700-54 Camdende 75169074 373326
House District 19,"JONJAK PLAHN, COLTON",10.8,2025-11-18 00:00:00,"Squarespace, Inc.",New York,NY,10014,Other,Xx6487 Debit Card 11/17 14:34 Sqsp Cmpg Ns#209 New York Ny 70137022 819869
House District 19,"JONJAK PLAHN, COLTON",100.0,2025-11-19 00:00:00,Apex 5510,Boulder,CO,80301,Other,Apex 5510 Lounge Rental - Check #9999: Check
House District 19,"JONJAK PLAHN, COLTON",100.0,2025-11-24 00:00:00,Town Of Erie,Erie,CO,80516,Other,Erie Community C Erie Co 87830846 266550 Xx6487 Debitcard 11/21 13:29
House District 19,"JONJAK PLAHN, COLTON",2.0,2025-11-25 00:00:00,First Interstate Bank,Billings,MT,59101,Bank Fees,Paper Statement Fee
House District 19,"JONJAK PLAHN, COLTON",8.4,2025-12-15 00:00:00,"Squarespace, Inc.",New York,NY,10014,Other,Xx6487 Debit Card 12/12 15:09 Sqsp Work Sp#213 New York Ny 04527462 659412
House District 19,"JONJAK PLAHN, COLTON",15.0,2025-12-15 00:00:00,"Canva, Inc.",San Francisco,CA,94108,Other,Xx6487 Debit Card 12/14 13:18 Canva I04 730-43 Camdende 63183628 938033
House District 19,"JONJAK PLAHN, COLTON",12.0,2025-12-18 00:00:00,"Squarespace, Inc.",New York,NY,10014,Other,Xx6487 Debit Card 12/17 15:05 Sqsp Cmpg Ns#214 New York Ny 05496743 443778
House District 19,"JONJAK PLAHN, COLTON",2.0,2025-12-30 00:00:00,First Interstate Bank,Billings,MT,59101,Bank Fees,Paper Statement Fee (Cancelled - Last Fee)
House District 19,"MCMILLAN, JILLAIRE",208.45,2025-07-13 00:00:00,Act Blue Techinical Services,West Somerville,MA,2144,Fundraising Expenses,
House District 19,"MCMILLAN, JILLAIRE",49.54,2025-07-20 00:00:00,Act Blue Techinical Services,West Somerville,MA,2144,Fundraising Expenses,
House District 19,"MCMILLAN, JILLAIRE",35.59,2025-07-27 00:00:00,Act Blue Techinical Services,West Somerville,MA,2144,Fundraising Expenses,
House District 19,"MCMILLAN, JILLAIRE",34.58,2025-08-03 00:00:00,Act Blue Techinical Services,West Somerville,MA,2144,Fundraising Expenses,
House District 19,"MCMILLAN, JILLAIRE",9.59,2025-08-06 00:00:00,Office Max,Longmont,CO,80501,Fundraising Expenses,
House District 19,"MCMILLAN, JILLAIRE",100.0,2025-08-07 00:00:00,Weld County Democratic Party,Greeley,CO,80631,Other,2 Tickets For Weld County Democratic Party Annual Fundraising Dinner
House District 19,"MCMILLAN, JILLAIRE",8.0,2025-08-10 00:00:00,Act Blue Techinical Services,West Somerville,MA,2144,Fundraising Expenses,
House District 19,"MCMILLAN, JILLAIRE",288.75,2025-08-13 00:00:00,Emma  Moulton,Bountiful,UT,84010,Consultant & Professional Services,
House District 19,"MCMILLAN, JILLAIRE",1029.18,2025-08-15 00:00:00,Plumb Marketing,Englewood,CO,80110,Advertising,
House District 19,"MCMILLAN, JILLAIRE",29.8,2025-08-17 00:00:00,Act Blue Techinical Services,West Somerville,MA,2144,Fundraising Expenses,
House District 19,"MCMILLAN, JILLAIRE",22.33,2025-08-24 00:00:00,Act Blue Techinical Services,West Somerville,MA,2144,Fundraising Expenses,
House District 19,"MCMILLAN, JILLAIRE",52.04,2025-08-29 00:00:00,Corazon Printing,Broomfield,CO,80020,Office Equipment & Supplies,
House District 19,"MCMILLAN, JILLAIRE",64.22,2025-08-31 00:00:00,Act Blue Techinical Services,West Somerville,MA,2144,Fundraising Expenses,
House District 19,"MCMILLAN, JILLAIRE",20.75,2025-09-07 00:00:00,Act Blue Techinical Services,West Somerville,MA,2144,Fundraising Expenses,
House District 19,"MCMILLAN, JILLAIRE",833.45,2025-09-08 00:00:00,Plumb Marketing,Englewood,CO,80110,Fundraising Expenses,
House District 19,"MCMILLAN, JILLAIRE",7.21,2025-09-14 00:00:00,Act Blue Techinical Services,West Somerville,MA,2144,Fundraising Expenses,
House District 19,"MCMILLAN, JILLAIRE",104.19,2025-09-14 00:00:00,Custom Buttons Now,Sugar Land,TX,77479,Advertising,
House District 19,"MCMILLAN, JILLAIRE",100.0,2025-09-16 00:00:00,Chanel  Adams,Erie,CO,80516,Fundraising Expenses,
House District 19,"MCMILLAN, JILLAIRE",58.44,2025-09-21 00:00:00,Act Blue Techinical Services,West Somerville,MA,2144,Fundraising Expenses,
House District 19,"MCMILLAN, JILLAIRE",506.25,2025-09-23 00:00:00,Emma  Moulton,Bountiful,UT,84010,Consultant & Professional Services,
House District 19,"MCMILLAN, JILLAIRE",25.59,2025-09-24 00:00:00,Walmart,Longmont,CO,80504,Office Equipment & Supplies,
House District 19,"MCMILLAN, JILLAIRE",112.05,2025-09-28 00:00:00,Act Blue Techinical Services,West Somerville,MA,2144,Fundraising Expenses,
House District 19,"MCMILLAN, JILLAIRE",53.34,2025-09-30 00:00:00,Act Blue Techinical Services,West Somerville,MA,2144,Fundraising Expenses,
House District 19,"MCMILLAN, JILLAIRE",13.67,2025-10-05 00:00:00,Act Blue Technical Services,Somerville,MA,02144,Fundraising Expenses,
House District 19,"MCMILLAN, JILLAIRE",210.67,2025-10-07 00:00:00,Costco,Longmont,CO,80501,"Food, Beverages and Meals",
House District 19,"MCMILLAN, JILLAIRE",61.0,2025-10-09 00:00:00,Us Postal Service,Longmont,CO,80501,Office Equipment & Supplies,
House District 19,"MCMILLAN, JILLAIRE",6.62,2025-10-12 00:00:00,Act Blue Technical Services,Somerville,MA,02144,Fundraising Expenses,
House District 19,"MCMILLAN, JILLAIRE",65.55,2025-10-15 00:00:00,Costco,Longmont,CO,80501,"Food, Beverages and Meals",
House District 19,"MCMILLAN, JILLAIRE",25.82,2025-10-19 00:00:00,Act Blue Technical Services,Somerville,MA,02144,Fundraising Expenses,
House District 19,"MCMILLAN, JILLAIRE",6.79,2025-10-21 00:00:00,Dollar Tree,Longmont,CO,80501,Miscellaneous,
House District 19,"MCMILLAN, JILLAIRE",24.92,2025-10-26 00:00:00,Act Blue Technical Services,Somerville,MA,02144,Fundraising Expenses,
House District 19,"MCMILLAN, JILLAIRE",-180.58,2025-10-28 00:00:00,Costco,Longmont,CO,80501,Returned Expenditure,"Candy Not Used, Returned."
House District 19,"MCMILLAN, JILLAIRE",562.5,2025-10-30 00:00:00,Emma  Moulton,Bountiful,UT,84010,Consultant & Professional Services,
House District 19,"MCMILLAN, JILLAIRE",432.85,2025-10-30 00:00:00,Colorado Democratic Party,Denver,CO,80203,Fundraising Expenses,
House District 19,"MCMILLAN, JILLAIRE",65.79,2025-11-02 00:00:00,Act Blue Technical Services,Somerville,MA,02144,Fundraising Expenses,
House District 19,"MCMILLAN, JILLAIRE",143.78,2025-11-06 00:00:00,Raeanna  Roylance,Longmont,CO,80504,Fundraising Expenses,
House District 19,"MCMILLAN, JILLAIRE",20.25,2025-11-09 00:00:00,Act Blue Technical Services,Somerville,MA,02144,Fundraising Expenses,
House District 19,"MCMILLAN, JILLAIRE",18.5,2025-11-16 00:00:00,Act Blue Technical Services,Somerville,MA,02144,Fundraising Expenses,
House District 19,"MCMILLAN, JILLAIRE",29.85,2025-11-23 00:00:00,Act Blue Technical Services,Somerville,MA,02144,Fundraising Expenses,
House District 19,"MCMILLAN, JILLAIRE",36.0,2025-11-29 00:00:00,Wix.Com,New York,NY,10014,Consultant & Professional Services,
House District 19,"MCMILLAN, JILLAIRE",17.21,2025-11-30 00:00:00,Act Blue Technical Services,Somerville,MA,02144,Fundraising Expenses,
House District 19,"MCMILLAN, JILLAIRE",150.0,2025-12-01 00:00:00,Commuting Solutions,Boulder,CO,80301,Contributions,
House District 19,"MCMILLAN, JILLAIRE",23.13,2025-12-07 00:00:00,Act Blue Technical Services,Somerville,MA,02144,Fundraising Expenses,
House District 19,"MCMILLAN, JILLAIRE",27.84,2025-12-14 00:00:00,Act Blue Technical Services,Somerville,MA,02144,Fundraising Expenses,
House District 19,"MCMILLAN, JILLAIRE",8.91,2025-12-21 00:00:00,Act Blue Technical Services,Somerville,MA,02144,Fundraising Expenses,
House District 19,"MCMILLAN, JILLAIRE",87.3,2025-12-21 00:00:00,Amazon,Seattle,WA,98109,Office Equipment & Supplies,
House District 19,"MCMILLAN, JILLAIRE",442.5,2025-12-22 00:00:00,Emma  Moulton,Bountiful,UT,84010,Consultant & Professional Services,
House District 19,"MCMILLAN, JILLAIRE",500.0,2025-12-24 00:00:00,Co Secretary Of State,Denver,CO,80203,Other,
House District 19,"MCMILLAN, JILLAIRE",0.6,2025-12-28 00:00:00,Act Blue Technical Services,Somerville,MA,02144,Fundraising Expenses,
House District 19,"MCMILLAN, JILLAIRE",29.46,2025-12-31 00:00:00,Act Blue Technical Services,Somerville,MA,02144,Fundraising Expenses,
House District 19,"MCMILLAN, JILLAIRE",36.0,2025-12-31 00:00:00,Wix.Com,New York,NY,10014,Consultant & Professional Services,
House District 19,"MCMILLAN, JILLAIRE",27.75,2025-12-31 00:00:00,Amazon,Seattle,WA,98109,Office Equipment & Supplies,
House District 19,"PESARAMELLI, ANIL",310.0,2025-08-20 00:00:00,Haley  Sema,Erie,CO,80516,Advertising,
House District 19,"PESARAMELLI, ANIL",26.5,2025-08-26 00:00:00,Mailchimp,Atlanta,GA,30308,Advertising,
House District 19,"PESARAMELLI, ANIL",114.22,2025-08-27 00:00:00,Corozon Printing Llc,Broomfield,CO,80020,Advertising,
House District 19,"PESARAMELLI, ANIL",330.0,2025-09-06 00:00:00,Town Of Erie,Erie,CO,80516,Fundraising Expenses,Fundraising Kick Off
House District 19,"PESARAMELLI, ANIL",268.39,2025-09-06 00:00:00,Costco Thornton #629,Thornton,CO,80023,"Food, Beverages and Meals",
House District 19,"PESARAMELLI, ANIL",162.22,2025-09-15 00:00:00,Amazon.Com Sales,Seattle,WA,98109,Office Equipment & Supplies,
House District 19,"PESARAMELLI, ANIL",16.24,2025-09-22 00:00:00,Amazon.Com Sales,Seattle,WA,98109,Office Equipment & Supplies,
House District 19,"PESARAMELLI, ANIL",26.5,2025-09-23 00:00:00,Mailchimp,Atlanta,GA,30308,Advertising,
House District 19,"PESARAMELLI, ANIL",1500.0,2025-09-24 00:00:00,"Star Digital Media Solution, Llc.",Piscataway,NJ,08854,Consultant & Professional Services,
House District 19,"PESARAMELLI, ANIL",15.0,2025-10-10 00:00:00,Meta/Facebook,Menlo Park,CA,94025,Advertising,Facebook Advertising
House District 19,"PESARAMELLI, ANIL",64.64,2025-10-14 00:00:00,Getthru,Beaverton,OR,97008,Advertising,Text Messaging
House District 19,"PESARAMELLI, ANIL",0.28,2025-10-14 00:00:00,,,,,Miscellaneous,
House District 19,"PESARAMELLI, ANIL",450.0,2025-10-15 00:00:00,"Campaignalytics, Inc.,",Wellington,CO,80549,Advertising,
House District 19,"PESARAMELLI, ANIL",49.33,2025-10-22 00:00:00,Mailchimp,Atlanta,GA,30308,Advertising,Email Marketing
House District 19,"PESARAMELLI, ANIL",100.0,2025-10-23 00:00:00,Mailchimp,Atlanta,GA,30308,Advertising,Email Marketing
House District 19,"PESARAMELLI, ANIL",100.0,2025-11-25 00:00:00,Mailchimp,Atlanta,GA,30308,Advertising,Email Marketing
House District 19,"PESARAMELLI, ANIL",9.95,2025-12-03 00:00:00,,,,,Office Equipment & Supplies,Printing Paper
House District 19,"PESARAMELLI, ANIL",60.45,2025-12-04 00:00:00,Getthru,Beaverton,OR,97008,Advertising,
House District 19,"PESARAMELLI, ANIL",6.82,2025-12-08 00:00:00,,,,,Miscellaneous,Misc
House District 19,"PESARAMELLI, ANIL",35.0,2025-12-08 00:00:00,Datacept Technologies Private Limited,Bengaluru,KA,560043,Advertising,Mailchilmp Email Clean Up
House District 19,"PESARAMELLI, ANIL",16.56,2025-12-09 00:00:00,,,,,Office Equipment & Supplies,Printing Paper
House District 19,"PESARAMELLI, ANIL",250.0,2025-12-15 00:00:00,Haley  Sema,Erie,CO,80516,Advertising,Tshirts
House District 19,"PESARAMELLI, ANIL",1258.53,2025-12-17 00:00:00,Getthru,Beaverton,OR,97008,Advertising,Text Messaging
House District 19,"PESARAMELLI, ANIL",186.75,2025-12-23 00:00:00,Corozon Printing Llc,Broomfield,CO,80020,Other,Petition Packet Printing
House District 19,"PESARAMELLI, ANIL",119.0,2025-12-23 00:00:00,Mailchimp,Atlanta,GA,30308,Advertising,Email Marketing Mailchimp
House District 19,"PESARAMELLI, ANIL",540.0,2025-12-31 00:00:00,"Metricool Software, S.L.",Madrid,SP,28007,Advertising,Metricool Social Media
House District 19,"WOOG, DAN",6.51,2025-01-01 00:00:00,Starbucks,Lafayette,CO,80026,Other,7640 ∑ Meals
House District 19,"WOOG, DAN",23.16,2025-01-04 00:00:00,La Botana Mexican Restaurant,Thornton,CO,80229,Other,7640 ∑ Meals
House District 19,"WOOG, DAN",761.25,2025-01-06 00:00:00,"Sws Polifi, Llc",Fort Lupton,CO,80621,Other,7520 ∑ Accounting Fees
House District 19,"WOOG, DAN",1200.0,2025-01-08 00:00:00,House Republican Caucus,Denv Er,CO,80202,Other,7218 ∑ Dues And Subscriptions
House District 19,"WOOG, DAN",45.0,2025-01-09 00:00:00,Amazon,Seattle,WA,98109,Other,7214 ∑ Office Supplies
House District 19,"WOOG, DAN",29.0,2025-01-09 00:00:00,Salvaggios Italian Deli,Denver,CO,80203,Other,7640 ∑ Meals
House District 19,"WOOG, DAN",16.65,2025-01-10 00:00:00,Amazon,Seattle,WA,98109,Other,7214 ∑ Office Supplies
House District 19,"WOOG, DAN",14.75,2025-01-11 00:00:00,Amazon,Seattle,WA,98109,Other,7214 ∑ Office Supplies
House District 19,"WOOG, DAN",17.73,2025-01-13 00:00:00,Winred,Arlington,VA,22209,Other,7820 ∑ Merchant Account Fees
House District 19,"WOOG, DAN",56.39,2025-01-17 00:00:00,Hacienda Jalisco,Longmont,CO,80501,Other,6890 ∑ Other Meeting Expense
House District 19,"WOOG, DAN",27.2,2025-01-21 00:00:00,Shish Kabob Grill,Denver,CO,80203,Other,7640 ∑ Meals
House District 19,"WOOG, DAN",99.0,2025-01-24 00:00:00,Laz Parking,Denver,CO,80206,Other,7657 ∑ Vehicle Tolls And Parking
House District 19,"WOOG, DAN",4.0,2025-01-31 00:00:00,Firstbank North,Arvada,CO,80006,Other,7810 ∑ Service Charges
House District 19,"WOOG, DAN",36.46,2025-02-03 00:00:00,Amazon,Seattle,WA,98109,Other,7214 ∑ Office Supplies
House District 19,"WOOG, DAN",14.53,2025-02-04 00:00:00,Parking,Denver,CO,80203,Other,7229 ∑ Parking Expense
House District 19,"WOOG, DAN",13.0,2025-02-05 00:00:00,Gaylord Rockies,Aurora,CO,80019,Other,6890 ∑ Other Meeting Expense
House District 19,"WOOG, DAN",4.0,2025-02-05 00:00:00,,,,,Other,7229 ∑ Parking Expense
House District 19,"WOOG, DAN",84.18,2025-02-10 00:00:00,Shish Kabob Grill,Denver,CO,80203,Other,7640 ∑ Meals
House District 19,"WOOG, DAN",3.25,2025-02-21 00:00:00,,,,,Other,7657 ∑ Vehicle Tolls And Parking
House District 19,"WOOG, DAN",4.0,2025-02-28 00:00:00,Firstbank North,Arvada,CO,80006,Other,7810 ∑ Service Charges
House District 19,"WOOG, DAN",78.43,2025-03-03 00:00:00,Waposx Cantina,Erie,CO,80516,Other,7640 ∑ Meals
House District 19,"WOOG, DAN",4.0,2025-03-31 00:00:00,Firstbank North,Arvada,CO,80006,Other,7810 ∑ Service Charges
House District 19,"WOOG, DAN",120.0,2025-04-03 00:00:00,Canva,Austin,TX,78701,Other,6690 ∑ Other Promotional Expense
House District 19,"WOOG, DAN",17.73,2025-04-10 00:00:00,Anedot,Baton Rouge,LA,70808,Other,7820 ∑ Merchant Account Fees
House District 19,"WOOG, DAN",4.0,2025-04-30 00:00:00,Firstbank North,Arvada,CO,80006,Other,7810 ∑ Service Charges
House District 19,"WOOG, DAN",332.81,2025-05-14 00:00:00,Hideaway Steakhouse,Westminster,CO,80234,Other,6890 ∑ Other Meeting Expense
House District 19,"WOOG, DAN",98.21,2025-05-19 00:00:00,Clampitt Paper Company,Albuquerque,NM,87109,Other,7214 ∑ Office Supplies
House District 19,"WOOG, DAN",50.0,2025-05-22 00:00:00,"Sws Polifi, Llc",Fort Lupton,CO,80621,Other,7520 ∑ Accounting Fees
House District 19,"WOOG, DAN",201.25,2025-05-22 00:00:00,"Sws Polifi, Llc",Fort Lupton,CO,80621,Other,7520 ∑ Accounting Fees
House District 19,"WOOG, DAN",4.0,2025-05-30 00:00:00,Firstbank North,Arvada,CO,80006,Other,7810 ∑ Service Charges
House District 19,"WOOG, DAN",64.34,2025-06-14 00:00:00,Dick'S,Thornton,CO,80023,Other,7214 ∑ Office Supplies
House District 19,"WOOG, DAN",49.59,2025-06-16 00:00:00,Paperlink,London,NY,11111,Other,6611 ∑ Letterhead & Envelopes
House District 19,"WOOG, DAN",500.0,2025-06-17 00:00:00,Town Of Frederick,Frederick,CO,80530,Other,5190 ∑ Other Event Expense
House District 19,"WOOG, DAN",825.0,2025-06-20 00:00:00,American Legislative Council,Arlington,VA,22202,Other,6810 ∑ Registration Fees
House District 19,"WOOG, DAN",6.25,2025-06-26 00:00:00,,,,,Other,7229 ∑ Parking Expense
House District 19,"WOOG, DAN",4.0,2025-06-30 00:00:00,Firstbank North,Arvada,CO,80006,Other,7810 ∑ Service Charges
House District 19,"WOOG, DAN",21.94,2025-07-03 00:00:00,Gabe'S Cafe,Frederick,CO,80530,Other,6890 ∑ Other Meeting Expense
House District 19,"WOOG, DAN",106.63,2025-07-07 00:00:00,Walmart,Westminster,CO,80234,Other,5190 ∑ Other Event Expense
House District 19,"WOOG, DAN",1.97,2025-07-20 00:00:00,Winred,Arlington,VA,22209,Other,7820 ∑ Merchant Account Fees
House District 19,"WOOG, DAN",50.0,2025-07-22 00:00:00,"Sws Polifi, Llc",Fort Lupton,CO,80621,Other,7520 ∑ Accounting Fees
House District 19,"WOOG, DAN",97.57,2025-07-24 00:00:00,Morrell Printing,Lafayette,CO,80026,Other,6611 ∑ Letterhead & Envelopes
House District 19,"WOOG, DAN",42.44,2025-07-27 00:00:00,Mezcal Bar & Grill,Broomfield,CO,80023,Other,6800 ∑ Meeting Expense
House District 19,"WOOG, DAN",4.0,2025-07-31 00:00:00,Firstbank North,Arvada,CO,80006,Other,7810 ∑ Service Charges
House District 19,"WOOG, DAN",4.0,2025-08-31 00:00:00,Firstbank North,Arvada,CO,80006,Other,7810 ∑ Service Charges
House District 19,"WOOG, DAN",36.69,2025-09-05 00:00:00,Argonaut,De3Nver,CO,80203,Other,5140 ∑ Event Food & Beverage
House District 19,"WOOG, DAN",4.99,2025-09-05 00:00:00,King Soopers,Erie,CO,80516,Other,5140 ∑ Event Food & Beverage
House District 19,"WOOG, DAN",50.2,2025-09-10 00:00:00,Anedot,Baton Rouge,LA,70808,Other,7820 ∑ Merchant Account Fees
House District 19,"WOOG, DAN",25.4,2025-09-10 00:00:00,Costco,Thornton,CO,80023,Other,5140 ∑ Event Food & Beverage
House District 19,"WOOG, DAN",57.61,2025-09-10 00:00:00,King Soopers,Erie,CO,80516,Other,5140 ∑ Event Food & Beverage
House District 19,"WOOG, DAN",48.99,2025-09-10 00:00:00,Taste Of Philly,Thornton,CO,80023,Other,6890 ∑ Other Meeting Expense
House District 19,"WOOG, DAN",10.3,2025-09-11 00:00:00,Anedot,Baton Rouge,LA,70808,Other,7820 ∑ Merchant Account Fees
House District 19,"WOOG, DAN",118.67,2025-09-12 00:00:00,King Soopers,Erie,CO,80516,Other,7652 ∑ Vehicle Gas
House District 19,"WOOG, DAN",6.6,2025-09-15 00:00:00,Anedot,Baton Rouge,LA,70808,Other,7820 ∑ Merchant Account Fees
House District 19,"WOOG, DAN",37.2,2025-09-16 00:00:00,Anedot,Baton Rouge,LA,70808,Other,7820 ∑ Merchant Account Fees
House District 19,"WOOG, DAN",18.3,2025-09-17 00:00:00,Anedot,Baton Rouge,LA,70808,Other,7820 ∑ Merchant Account Fees
House District 19,"WOOG, DAN",4.3,2025-09-23 00:00:00,Anedot,Baton Rouge,LA,70808,Other,7820 ∑ Merchant Account Fees
House District 19,"WOOG, DAN",5.0,2025-09-30 00:00:00,Firstbank North,Arvada,CO,80006,Other,7810 ∑ Service Charges
House District 19,"WOOG, DAN",17.73,2024-12-11 00:00:00,Winred,Arlington,VA,22209,Other,7820 ∑ Merchant Account Fees
House District 19,"WOOG, DAN",38.87,2024-12-12 00:00:00,Gabe'S Cafe,Frederick,CO,80530,Other,6800 ∑ Meeting Expense
House District 19,"WOOG, DAN",163.08,2024-12-12 00:00:00,Steubens,Denver,CO,80203,Other,6890 ∑ Other Meeting Expense
House District 19,"WOOG, DAN",70.0,2024-12-13 00:00:00,Lincoln Club Of Colorado Political Committee,Denver,CO,80202,Other,7218 ∑ Dues And Subscriptions
House District 19,"WOOG, DAN",47.3,2024-12-20 00:00:00,La Pasadita Inn,Denver,CO,80218,Other,6800 ∑ Meeting Expense
House District 19,"WOOG, DAN",64.1,2024-12-30 00:00:00,Amazon,Seattle,WA,98109,Other,7214 ∑ Office Supplies
House District 19,"WOOG, DAN",4.0,2024-12-31 00:00:00,Firstbank North,Arvada,CO,80006,Other,7810 ∑ Service Charges
House District 19,"WOOG, DAN",20.0,2025-10-07 00:00:00,Chatgpt,San Francisco,CA,94110,Other,7218 ∑ Dues And Subscriptions
House District 19,"WOOG, DAN",22.6,2025-10-16 00:00:00,Anedot,Baton Rouge,LA,70808,Other,7820 ∑ Merchant Account Fees
House District 19,"WOOG, DAN",8.3,2025-10-26 00:00:00,Anedot,Baton Rouge,LA,70808,Other,7820 ∑ Merchant Account Fees
House District 19,"WOOG, DAN",78.0,2025-10-27 00:00:00,Us Postal Service,Frederick,CO,80530,Other,7215 ∑ Shipping & Postage
House District 19,"WOOG, DAN",50.0,2025-10-29 00:00:00,Weld County Republican Central Committee,Greeley,CO,80634,Other,6810 ∑ Registration Fees
House District 19,"WOOG, DAN",18.3,2025-10-30 00:00:00,Anedot,Baton Rouge,LA,70808,Other,7820 ∑ Merchant Account Fees
House District 19,"WOOG, DAN",4.0,2025-10-31 00:00:00,Firstbank North,Arvada,CO,80006,Other,7810 ∑ Service Charges
House District 19,"WOOG, DAN",2.13,2025-11-03 00:00:00,King Soopers,Erie,CO,80516,Other,7214 ∑ Office Supplies
House District 19,"WOOG, DAN",20.0,2025-11-07 00:00:00,Chatgpt,San Francisco,CA,94110,Other,7218 ∑ Dues And Subscriptions
House District 19,"WOOG, DAN",63.2,2025-11-12 00:00:00,Anedot,Baton Rouge,LA,70808,Other,7820 ∑ Merchant Account Fees
House District 19,"WOOG, DAN",4.3,2025-11-13 00:00:00,Anedot,Baton Rouge,LA,70808,Other,7820 ∑ Merchant Account Fees
House District 19,"WOOG, DAN",2.3,2025-11-14 00:00:00,Anedot,Baton Rouge,LA,70808,Other,7820 ∑ Merchant Account Fees
House District 19,"WOOG, DAN",25.0,2025-11-14 00:00:00,Cci,Denver,CO,80203,Other,7290 ∑ Other Office Expense
House District 19,"WOOG, DAN",78.7,2025-11-18 00:00:00,King Soopers,Erie,CO,80516,Other,7652 ∑ Vehicle Gas
House District 19,"WOOG, DAN",10.3,2025-11-24 00:00:00,Anedot,Baton Rouge,LA,70808,Other,7820 ∑ Merchant Account Fees
House District 19,"WOOG, DAN",50.0,2025-11-28 00:00:00,Cci,Denver,CO,80203,Other,7290 ∑ Other Office Expense
House District 19,"WOOG, DAN",6.0,2025-11-28 00:00:00,Firstbank North,Arvada,CO,80006,Other,7810 ∑ Service Charges
House District 19,"WOOG, DAN",20.0,2025-12-08 00:00:00,Chatgpt,San Francisco,CA,94110,Other,7218 ∑ Dues And Subscriptions
House District 19,"WOOG, DAN",12.3,2025-12-09 00:00:00,Anedot,Baton Rouge,LA,70808,Other,7820 ∑ Merchant Account Fees
House District 19,"WOOG, DAN",18.3,2025-12-31 00:00:00,Anedot,Baton Rouge,LA,70808,Other,7820 ∑ Merchant Account Fees
House District 19,"WOOG, DAN",4.0,2025-12-31 00:00:00,Firstbank North,Arvada,CO,80006,Other,7810 ∑ Service Charges
House District 20,"CALDWELL, TIMOTHY",39.25,2025-01-03 00:00:00,Mailchimp,Atlanta,GA,30308,Advertising,Campaign Email Distribution.
House District 20,"CALDWELL, TIMOTHY",12.99,2025-01-12 00:00:00,"Canva Us, Inc",Austin,TX,78702,Miscellaneous,Graphic Design Services
House District 20,"CALDWELL, TIMOTHY",1300.0,2025-01-15 00:00:00,House Republican Caucus,Denver,CO,80203,Other,Caucus Dues.
House District 20,"CALDWELL, TIMOTHY",36.0,2025-01-25 00:00:00,Wix.Com,San Francisco,CA,94158,Advertising,Campaign Website.
House District 20,"CALDWELL, TIMOTHY",39.25,2025-02-03 00:00:00,Mailchimp,Atlanta,GA,30308,Advertising,Campaign Email Distribution.
House District 20,"CALDWELL, TIMOTHY",12.99,2025-02-12 00:00:00,"Canva Us, Inc",Austin,TX,78702,Miscellaneous,Graphic Design Services
House District 20,"CALDWELL, TIMOTHY",84.0,2025-02-19 00:00:00,X Corp,San Francisco,CA,94103,Advertising,X.Com Subscription
House District 20,"CALDWELL, TIMOTHY",36.0,2025-02-25 00:00:00,Wix.Com,San Francisco,CA,94158,Advertising,Campaign Website.
House District 20,"CALDWELL, TIMOTHY",39.25,2025-03-03 00:00:00,Mailchimp,Atlanta,GA,30308,Advertising,Campaign Email Distribution.
House District 20,"CALDWELL, TIMOTHY",12.99,2025-03-12 00:00:00,"Canva Us, Inc",Austin,TX,78702,Miscellaneous,Graphic Design Services
House District 20,"CALDWELL, TIMOTHY",36.0,2025-03-25 00:00:00,Wix.Com,San Francisco,CA,94158,Advertising,Campaign Website.
House District 20,"CALDWELL, TIMOTHY",39.25,2025-04-03 00:00:00,Mailchimp,Atlanta,GA,30308,Advertising,Campaign Email Distribution.
House District 20,"CALDWELL, TIMOTHY",12.99,2025-04-12 00:00:00,"Canva Us, Inc",Austin,TX,78702,Miscellaneous,Graphic Design Services
House District 20,"CALDWELL, TIMOTHY",4.3,2025-04-19 00:00:00,Anedot Inc,New Orleans,LA,70112,Fundraising Expenses,Professional Services.
House District 20,"CALDWELL, TIMOTHY",36.0,2025-04-25 00:00:00,Wix.Com,San Francisco,CA,94158,Advertising,Campaign Website.
House District 20,"CALDWELL, TIMOTHY",39.25,2025-05-03 00:00:00,Mailchimp,Atlanta,GA,30308,Advertising,Campaign Email Distribution.
House District 20,"CALDWELL, TIMOTHY",12.99,2025-05-12 00:00:00,"Canva Us, Inc",Austin,TX,78702,Miscellaneous,Graphic Design Services
House District 20,"CALDWELL, TIMOTHY",36.0,2025-05-25 00:00:00,Wix.Com,San Francisco,CA,94158,Advertising,Campaign Website.
House District 20,"CALDWELL, TIMOTHY",39.25,2025-06-03 00:00:00,Mailchimp,Atlanta,GA,30308,Advertising,Campaign Email Distribution.
House District 20,"CALDWELL, TIMOTHY",12.99,2025-06-12 00:00:00,"Canva Us, Inc",Austin,TX,78702,Miscellaneous,Graphic Design Services
House District 20,"CALDWELL, TIMOTHY",36.0,2025-06-25 00:00:00,Wix.Com,San Francisco,CA,94158,Advertising,Campaign Website.
House District 20,"CALDWELL, TIMOTHY",39.25,2025-07-03 00:00:00,Mailchimp,Atlanta,GA,30308,Consultant & Professional Services,E-Mail Service
House District 20,"CALDWELL, TIMOTHY",12.99,2025-07-12 00:00:00,"Canva Us, Inc",Austin,TX,78702,Consultant & Professional Services,
House District 20,"CALDWELL, TIMOTHY",36.0,2025-07-25 00:00:00,Wix.Com,San Francisco,CA,94158,Advertising,Meeting Advertising Expense
House District 20,"CALDWELL, TIMOTHY",39.25,2025-08-03 00:00:00,Mailchimp,Atlanta,GA,30308,Consultant & Professional Services,E-Mail Service
House District 20,"CALDWELL, TIMOTHY",12.99,2025-08-12 00:00:00,"Canva Us, Inc",Austin,TX,78702,Consultant & Professional Services,
House District 20,"CALDWELL, TIMOTHY",36.0,2025-08-25 00:00:00,Wix.Com,San Francisco,CA,94158,Advertising,Meeting Advertising Expense
House District 20,"CALDWELL, TIMOTHY",39.25,2025-09-03 00:00:00,Mailchimp,Atlanta,GA,30308,Consultant & Professional Services,E-Mail Service
House District 20,"CALDWELL, TIMOTHY",12.99,2025-09-12 00:00:00,"Canva Us, Inc",Austin,TX,78702,Consultant & Professional Services,
House District 20,"CALDWELL, TIMOTHY",36.0,2025-09-25 00:00:00,Wix.Com,San Francisco,CA,94158,Advertising,Meeting Advertising Expense
House District 20,"CALDWELL, TIMOTHY",6.9,2024-12-09 00:00:00,Blue Sparrow Coffee,Denver,CO,80203,"Food, Beverages and Meals",Coffee Meeting
House District 20,"CALDWELL, TIMOTHY",50.0,2024-12-12 00:00:00,Steven  Ward,Englewood,CO,80110,Consultant & Professional Services,Professional Services.
House District 20,"CALDWELL, TIMOTHY",12.99,2024-12-12 00:00:00,"Canva Us, Inc",Austin,TX,78702,Miscellaneous,Graphic Design Services
House District 20,"CALDWELL, TIMOTHY",11.36,2024-12-12 00:00:00,Serranos Coffee Company,Monument,CO,80132,"Food, Beverages and Meals",Food And Beverage For Campaign Meeting.
House District 20,"CALDWELL, TIMOTHY",36.0,2024-12-25 00:00:00,Wix.Com,San Francisco,CA,94158,Advertising,Campaign Website.
House District 20,"CALDWELL, TIMOTHY",39.25,2025-10-03 00:00:00,Mailchimp,Atlanta,GA,30308,Other,7350 ∑ Email Service
House District 20,"CALDWELL, TIMOTHY",12.99,2025-10-12 00:00:00,"Canva Us, Inc",Austin,TX,78702,Other,6640 ∑ Design & Layout
House District 20,"CALDWELL, TIMOTHY",84.0,2025-10-17 00:00:00,X Corporation,Bastrop,TX,78602,Other,7390 ∑ Other Communications Expense
House District 20,"CALDWELL, TIMOTHY",36.0,2025-10-26 00:00:00,Wix,San Francisco,CA,94110,Other,6830 ∑ Advertising Expense
House District 20,"CALDWELL, TIMOTHY",8.3,2025-11-03 00:00:00,Anedot,New Orleans,LA,70117,Other,7820 ∑ Merchant Account Fees
House District 20,"CALDWELL, TIMOTHY",39.25,2025-11-03 00:00:00,Mailchimp,Atlanta,GA,30308,Other,7350 ∑ Email Service
House District 20,"CALDWELL, TIMOTHY",49.4,2025-11-09 00:00:00,Anedot,New Orleans,LA,70117,Other,7820 ∑ Merchant Account Fees
House District 20,"CALDWELL, TIMOTHY",2.3,2025-11-10 00:00:00,Anedot,New Orleans,LA,70117,Other,7820 ∑ Merchant Account Fees
House District 20,"CALDWELL, TIMOTHY",2.3,2025-11-11 00:00:00,Anedot,New Orleans,LA,70117,Other,7820 ∑ Merchant Account Fees
House District 20,"CALDWELL, TIMOTHY",12.99,2025-11-12 00:00:00,Canva,Austin,TX,78702,Other,6640 ∑ Design & Layout
House District 20,"CALDWELL, TIMOTHY",4.3,2025-11-14 00:00:00,Anedot,New Orleans,LA,70117,Other,7820 ∑ Merchant Account Fees
House District 20,"CALDWELL, TIMOTHY",18.3,2025-11-18 00:00:00,Anedot,New Orleans,LA,70117,Other,7820 ∑ Merchant Account Fees
House District 20,"CALDWELL, TIMOTHY",2.3,2025-11-21 00:00:00,Anedot,New Orleans,LA,70117,Other,7820 ∑ Merchant Account Fees
House District 20,"CALDWELL, TIMOTHY",36.0,2025-11-25 00:00:00,Wix,San Francisco,CA,94110,Other,6830 ∑ Advertising Expense
House District 20,"CALDWELL, TIMOTHY",2.6,2025-11-27 00:00:00,Anedot,New Orleans,LA,70117,Other,7820 ∑ Merchant Account Fees
House District 20,"CALDWELL, TIMOTHY",1.7,2025-12-02 00:00:00,Anedot,New Orleans,LA,70117,Other,7820 ∑ Merchant Account Fees
House District 20,"CALDWELL, TIMOTHY",18.3,2025-12-05 00:00:00,Anedot,New Orleans,LA,70117,Other,7820 ∑ Merchant Account Fees
House District 20,"CALDWELL, TIMOTHY",39.25,2025-12-05 00:00:00,Mailchimp,Atlanta,GA,30308,Other,7350 ∑ Email Service
House District 20,"CALDWELL, TIMOTHY",2.3,2025-12-06 00:00:00,Anedot,New Orleans,LA,70117,Other,7820 ∑ Merchant Account Fees
House District 20,"CALDWELL, TIMOTHY",8.6,2025-12-07 00:00:00,Anedot,New Orleans,LA,70117,Other,7820 ∑ Merchant Account Fees
House District 20,"CALDWELL, TIMOTHY",4.3,2025-12-08 00:00:00,Anedot,New Orleans,LA,70117,Other,7820 ∑ Merchant Account Fees
House District 20,"CALDWELL, TIMOTHY",2.3,2025-12-09 00:00:00,Anedot,New Orleans,LA,70117,Other,7820 ∑ Merchant Account Fees
House District 20,"CALDWELL, TIMOTHY",2.3,2025-12-10 00:00:00,Anedot,New Orleans,LA,70117,Other,7820 ∑ Merchant Account Fees
House District 20,"CALDWELL, TIMOTHY",22.6,2025-12-11 00:00:00,Anedot,New Orleans,LA,70117,Other,7820 ∑ Merchant Account Fees
House District 20,"CALDWELL, TIMOTHY",11.6,2025-12-12 00:00:00,Anedot,New Orleans,LA,70117,Other,7820 ∑ Merchant Account Fees
House District 20,"CALDWELL, TIMOTHY",12.99,2025-12-12 00:00:00,Canva,Austin,TX,78702,Other,6640 ∑ Design & Layout
House District 20,"CALDWELL, TIMOTHY",2.3,2025-12-15 00:00:00,Anedot,New Orleans,LA,70117,Other,7820 ∑ Merchant Account Fees
House District 20,"CALDWELL, TIMOTHY",50.11,2025-12-17 00:00:00,Hobby Lobby,Colorado Springs,CO,80918,Other,7214 ∑ Office Supplies
House District 20,"CALDWELL, TIMOTHY",147.37,2025-12-17 00:00:00,Morrell Printing,Lafayette,CO,80026,Other,6611 ∑ Letterhead & Envelopes
House District 20,"CALDWELL, TIMOTHY",19.42,2025-12-18 00:00:00,Anedot,New Orleans,LA,70117,Other,7820 ∑ Merchant Account Fees
House District 20,"CALDWELL, TIMOTHY",28.72,2025-12-18 00:00:00,King Soopers,Colorado Springs,CO,80920,Other,5140 ∑ Event Food & Beverage
House District 20,"CALDWELL, TIMOTHY",10.5,2025-12-19 00:00:00,Anedot,New Orleans,LA,70117,Other,7820 ∑ Merchant Account Fees
House District 20,"CALDWELL, TIMOTHY",85.02,2025-12-19 00:00:00,Costco,Colorado Springs,CO,80918,Other,7214 ∑ Office Supplies
House District 20,"CALDWELL, TIMOTHY",35.27,2025-12-19 00:00:00,Dollartree,Colorado Springs,CO,80920,Other,5190 ∑ Other Event Expense
House District 20,"CALDWELL, TIMOTHY",2.3,2025-12-20 00:00:00,Anedot,New Orleans,LA,70117,Other,7820 ∑ Merchant Account Fees
House District 20,"CALDWELL, TIMOTHY",4.3,2025-12-23 00:00:00,Anedot,New Orleans,LA,70117,Other,7820 ∑ Merchant Account Fees
House District 20,"CALDWELL, TIMOTHY",36.0,2025-12-25 00:00:00,Wix,San Francisco,CA,94110,Other,6830 ∑ Advertising Expense
House District 21,"AFRICA, ALEXANDER",,,,,,,,
House District 21,"BRADFIELD, MARY",10761.54,2025-01-08 00:00:00,Committee To Elect Mary Bradfield,Colorado Springs,CO,80911,Other,End Of Election Cycle - Zero Out To Report Unexpended Funds For The New Election Cycle
House District 21,"BRADFIELD, MARY",-20.0,2025-06-18 00:00:00,Cumulus - Colorado Springs,Colorado Springs,CO,80919,Returned Expenditure,Overpayment
House District 21,"MILLER, BRENDA",,,,,,,,
House District 21,"TWEED, MICHELLE",,,,,,,,
House District 22,"DEGRAAF, KENNETH",2.3,2025-01-06 00:00:00,Anedot,New Orleans,LA,70112,Bank Fees,
House District 22,"DEGRAAF, KENNETH",83.76,2025-01-17 00:00:00,Protonmail,Chemin Du Pre-Fleuri,SW,3 CH-1228,Consultant & Professional Services,
House District 22,"DEGRAAF, KENNETH",61.84,2025-01-18 00:00:00,Mail Chimp,Atlanta,CO,30308,Consultant & Professional Services,
House District 22,"DEGRAAF, KENNETH",700.0,2023-01-19 00:00:00,House Republican Caucus,Denver,CO,80203,Contributions,
House District 22,"DEGRAAF, KENNETH",900.0,2023-01-23 00:00:00,House Republican Caucus,Denver,CO,80203,Contributions,
House District 22,"DEGRAAF, KENNETH",750.0,2025-02-03 00:00:00,Out Of The Box Performance,Colorado Springs,CO,80909,Advertising,
House District 22,"DEGRAAF, KENNETH",67.15,2025-02-03 00:00:00,Donna  Labelle,Colorado Springs,CO,80918,Office Equipment & Supplies,
House District 22,"DEGRAAF, KENNETH",50.0,2023-02-05 00:00:00,Secretary Of State,Denver,CO,80290,Other,Sos Fee
House District 22,"DEGRAAF, KENNETH",61.84,2025-02-16 00:00:00,Mail Chimp,Atlanta,CO,30308,Consultant & Professional Services,
House District 22,"DEGRAAF, KENNETH",100.0,2025-03-10 00:00:00,2A Caucus,Denver,CO,80203,Other,Caucus Dues For 2Nd Amendment Caucus
House District 22,"DEGRAAF, KENNETH",47.88,2025-03-10 00:00:00,Protonmail,Chemin Du Pre-Fleuri,SW,3 CH-1228,Consultant & Professional Services,
House District 22,"DEGRAAF, KENNETH",61.84,2025-03-16 00:00:00,Mail Chimp,Atlanta,CO,30308,Consultant & Professional Services,
House District 22,"DEGRAAF, KENNETH",1090.0,2024-04-13 00:00:00,Amber  Rowley,Adel,IO,50003,Fundraising Expenses,
House District 22,"DEGRAAF, KENNETH",61.84,2025-04-16 00:00:00,Mail Chimp,Atlanta,GA,30308,Consultant & Professional Services,
House District 22,"DEGRAAF, KENNETH",61.84,2025-05-05 00:00:00,Mail Chimp,Atlanta,CO,30308,Consultant & Professional Services,
House District 22,"DEGRAAF, KENNETH",-61.84,2025-05-05 00:00:00,Mail Chimp,Atlanta,CO,30308,Consultant & Professional Services,Offset Due To Update Of Filed Item
House District 22,"DEGRAAF, KENNETH",61.84,2025-05-05 00:00:00,Mail Chimp,Atlanta,GA,30308,Consultant & Professional Services,
House District 22,"DEGRAAF, KENNETH",61.84,2025-05-16 00:00:00,Mail Chimp,Atlanta,GA,30308,Consultant & Professional Services,
House District 22,"DEGRAAF, KENNETH",3.27,2025-05-25 00:00:00,Ent,Colorado Springs,CO,80935,Bank Fees,
House District 22,"DEGRAAF, KENNETH",142.58,2025-05-28 00:00:00,Big Lake Promotions,Hudsonville,MI,49426,Consultant & Professional Services,2A Stickers
House District 22,"DEGRAAF, KENNETH",61.84,2025-06-16 00:00:00,Mail Chimp,Atlanta,CO,30308,Consultant & Professional Services,
House District 22,"DEGRAAF, KENNETH",660.02,2024-06-20 00:00:00,Express Printing,Colorado Springs,CO,80917,Consultant & Professional Services,Printing
House District 22,"DEGRAAF, KENNETH",3.27,2025-06-24 00:00:00,Ent,Colorado Springs,CO,80935,Bank Fees,Bank Fee
House District 22,"DEGRAAF, KENNETH",61.84,2025-08-16 00:00:00,Mail Chimp,Atlanta,GA,30308,Bank Fees,
House District 22,"DEGRAAF, KENNETH",212.5,2025-08-18 00:00:00,Colorado Secretary Of State,Denver,CO,80290,Other,Sos Settlement
House District 22,"DEGRAAF, KENNETH",3.27,2025-08-26 00:00:00,Ent,Colorado Springs,CO,80935,Bank Fees,
House District 22,"DEGRAAF, KENNETH",98.0,2023-09-02 00:00:00,Richard  Tatem,Bradenton,FL,34202,Gifts,Books
House District 22,"DEGRAAF, KENNETH",61.84,2025-09-16 00:00:00,Mail Chimp,Atlanta,GA,30308,Bank Fees,
House District 22,"DEGRAAF, KENNETH",3.27,2025-09-25 00:00:00,Ent,Colorado Springs,CO,80935,Bank Fees,
House District 22,"DEGRAAF, KENNETH",100.0,2024-10-05 00:00:00,Russ  Cotten,Monument,CO,80132,Office Equipment & Supplies,Supplies
House District 22,"DEGRAAF, KENNETH",1100.0,2024-10-05 00:00:00,House Republican Caucus,Denver,CO,80203,Contributions,
House District 22,"DEGRAAF, KENNETH",100.0,2024-10-06 00:00:00,Gustavo  Meza,Colorado Springs,CO,80919,Entertainment,Fundraiser Band
House District 22,"DEGRAAF, KENNETH",580.27,2024-10-17 00:00:00,Big Lake Promotions,Hudsonville,MI,49426,Advertising,
House District 22,"DEGRAAF, KENNETH",500.0,2024-11-04 00:00:00,Salem Media Group,Colorado Springs,CO,80920,Advertising,
House District 22,"DEGRAAF, KENNETH",212.5,2025-08-01 00:00:00,Secretary Of State,Denver,CO,80290,Other,Settlement Agreement
House District 22,"DEGRAAF, KENNETH",2.99,2025-10-25 00:00:00,Ent,Colorado Springs,CO,80935,Bank Fees,Service Fee
House District 22,"DEGRAAF, KENNETH",64.83,2025-11-16 00:00:00,Mail Chimp,Atlanta,GA,30308,Bank Fees,Bank Fees
House District 22,"DEGRAAF, KENNETH",61.84,2025-12-16 00:00:00,Mail Chimp,Atlanta,GA,30308,Bank Fees,
House District 22,"PIERSON, MICHAEL",98.82,2025-03-31 00:00:00,Michael  Pierson,Colorado Springs,CO,80923,Office Equipment & Supplies,Internet Domain Renewal
House District 22,"PIERSON, MICHAEL",98.42,2025-04-02 00:00:00,Godaddy Llc,,,,Miscellaneous,Annual Website Hosting Fee
House District 22,"PIERSON, MICHAEL",15.0,2025-04-10 00:00:00,Canva,Austin,TX,78701-3631,Office Equipment & Supplies,Digital Graphics Software Subscription
House District 22,"PIERSON, MICHAEL",15.0,2025-05-12 00:00:00,Canva,Austin,TX,78701-3631,Office Equipment & Supplies,Digital Graphic Art Software Subscription
House District 22,"PIERSON, MICHAEL",15.0,2025-07-10 00:00:00,Canva,Camden,DE,19934,Office Equipment & Supplies,Canva Subscription
House District 22,"PIERSON, MICHAEL",148.53,2025-07-16 00:00:00,Google,Mountain View,CA,94043,Office Equipment & Supplies,Search Engine Optimization For Pierson4Co.Com
House District 22,"PIERSON, MICHAEL",98.82,2025-07-16 00:00:00,Godaddy Llc,,,,Office Equipment & Supplies,Pierson4Co.Com Website Hosting Fee
House District 22,"PIERSON, MICHAEL",15.0,2025-08-11 00:00:00,Canva,Camden,DE,19934,Office Equipment & Supplies,Canva Subscription
House District 22,"PIERSON, MICHAEL",28.3,2025-08-15 00:00:00,Amazon.Com,,,,Office Equipment & Supplies,Campaign Name Tags X2
House District 22,"PIERSON, MICHAEL",177.29,2025-08-15 00:00:00,El Paso County Democratic Party,Colorado Springs,CO,80909,Miscellaneous,Annual Dems Gala Tickets X2
House District 22,"PIERSON, MICHAEL",52.67,2025-08-20 00:00:00,Uprinting,Van Nuys,CA,91406,Advertising,Business Cards
House District 22,"PIERSON, MICHAEL",14.07,2025-08-27 00:00:00,Office Depot,Colorado Springs,CO,80920,Advertising,Volunteer Flyers
House District 22,"PIERSON, MICHAEL",82.08,2025-09-02 00:00:00,Amazon.Com,,,,Office Equipment & Supplies,Books To Be Given Out To Donors >$300 And Volunteers
House District 22,"PIERSON, MICHAEL",43.55,2025-09-04 00:00:00,Amazon.Com,,,,Office Equipment & Supplies,Campaign Stationary
House District 22,"PIERSON, MICHAEL",2.5,2025-09-09 00:00:00,City Of Colorado Springs,Colorado Springs,CO,,Travel & Lodging,Parking For Team Dinner
House District 22,"PIERSON, MICHAEL",49.71,2025-09-10 00:00:00,Poor Richard'S Restaurant,Colorado Springs,CO,80903,"Food, Beverages and Meals",Dinner For Team
House District 22,"PIERSON, MICHAEL",15.0,2025-09-10 00:00:00,Canva,Camden,DE,19934,Office Equipment & Supplies,Monthly Canva Charge
House District 22,"PIERSON, MICHAEL",118.3,2025-09-11 00:00:00,El Paso County Democratic Party,Colorado Springs,CO,80909,Other,Gala Ticket
House District 22,"PIERSON, MICHAEL",50.0,2025-09-22 00:00:00,Canva,Nsw,AU,2010,Advertising,Printing Of 200 Invitation Post Cards For The Kickoff On 9 November.
House District 22,"PIERSON, MICHAEL",63.75,2025-09-27 00:00:00,United States Postal Service,Washington,DC,20260,Office Equipment & Supplies,"Vibrant Leaves Postcard Stamps, Coil Of 100"
House District 22,"PIERSON, MICHAEL",200.0,2025-10-03 00:00:00,Treehouse Cafe Cos,Colorado Springs,CO,80918,Other,Room Rental Fee For Jan Campaign Event
House District 22,"PIERSON, MICHAEL",2.0,2025-10-09 00:00:00,Meta Platforms Inc.,Menlo Park,CA,94025,Consultant & Professional Services,Facebook And Instagram Post Boosting
House District 22,"PIERSON, MICHAEL",1.19,2025-10-09 00:00:00,Meta Platforms Inc.,Menlo Park,CA,94025,Consultant & Professional Services,Facebook And Instagram Post Boosting
House District 22,"PIERSON, MICHAEL",2.0,2025-10-10 00:00:00,Meta Platforms Inc.,Menlo Park,CA,94025,Consultant & Professional Services,Facebook And Instagram Post Boosting
House District 22,"PIERSON, MICHAEL",2.0,2025-10-10 00:00:00,Meta Platforms Inc.,Menlo Park,CA,94025,Office Equipment & Supplies,Monthly Subscription
House District 22,"PIERSON, MICHAEL",15.0,2025-10-10 00:00:00,Canva,Camden,DE,19934,Office Equipment & Supplies,Canva Subscription
House District 22,"PIERSON, MICHAEL",2.14,2025-10-10 00:00:00,Meta Platforms Inc.,Menlo Park,CA,94025,Consultant & Professional Services,Facebook And Instagram Post Boosting
House District 22,"PIERSON, MICHAEL",4.0,2025-10-14 00:00:00,Meta Platforms Inc.,Menlo Park,CA,94025,Consultant & Professional Services,Facebook And Instagram Post Boosting
House District 22,"PIERSON, MICHAEL",4.32,2025-10-14 00:00:00,Meta Platforms Inc.,Menlo Park,CA,94025,Consultant & Professional Services,Facebook And Instagram Post Boosting
House District 22,"PIERSON, MICHAEL",5.9,2025-10-14 00:00:00,Meta Platforms Inc.,Menlo Park,CA,94025,Consultant & Professional Services,Facebook And Instagram Post Boosting
House District 22,"PIERSON, MICHAEL",3.4,2025-10-14 00:00:00,Meta Platforms Inc.,Menlo Park,CA,94025,Consultant & Professional Services,Facebook And Instagram Post Boosting
House District 22,"PIERSON, MICHAEL",246.75,2025-10-14 00:00:00,Usps.Com Postal Store,,,,Office Equipment & Supplies,Postcard Stamps
House District 22,"PIERSON, MICHAEL",85.0,2025-10-14 00:00:00,Canva,Camden,DE,19934,Office Equipment & Supplies,Post Cards For Kickoff
House District 22,"PIERSON, MICHAEL",2.85,2025-10-15 00:00:00,Meta Platforms Inc.,Menlo Park,CA,94025,Consultant & Professional Services,Instagram Post Boost
House District 22,"PIERSON, MICHAEL",42.47,2025-10-17 00:00:00,Amazon.Com,,,,Office Equipment & Supplies,Camera Stand With Cell Phone Holder
House District 22,"PIERSON, MICHAEL",45.44,2025-10-22 00:00:00,Staples,Colorado Springs,CO,80923,Office Equipment & Supplies,Hd 22 Postermount - Staples
House District 22,"PIERSON, MICHAEL",5.0,2025-10-23 00:00:00,Epc County,,CO,,Advertising,Hd22 Poster From El Paso County Clerk
House District 22,"PIERSON, MICHAEL",15.46,2025-10-24 00:00:00,Poor Richard'S Restaurant,Colorado Springs,CO,80903,"Food, Beverages and Meals",Progressive Vets Lunch
House District 22,"PIERSON, MICHAEL",10.81,2025-10-27 00:00:00,Staples,Colorado Springs,CO,80923,Office Equipment & Supplies,Office Supplies
House District 22,"PIERSON, MICHAEL",37.5,2025-11-07 00:00:00,Canva,Camden,DE,19934,Consultant & Professional Services,
House District 22,"PIERSON, MICHAEL",62.08,2025-11-10 00:00:00,Safeway,Colorado Springs,CO,,"Food, Beverages and Meals",
House District 22,"PIERSON, MICHAEL",15.0,2025-11-10 00:00:00,Canva,Camden,DE,19934,Consultant & Professional Services,
House District 22,"PIERSON, MICHAEL",62.13,2025-11-12 00:00:00,Safeway,Colorado Springs,CO,,"Food, Beverages and Meals",
House District 22,"PIERSON, MICHAEL",33.64,2025-12-01 00:00:00,Canva,Camden,DE,19934,Consultant & Professional Services,
House District 22,"PIERSON, MICHAEL",15.0,2025-12-10 00:00:00,Canva,Camden,DE,19934,Consultant & Professional Services,
House District 22,"PIERSON, MICHAEL",16.88,2025-12-12 00:00:00,Poor Richard'S Restaurant,Colorado Springs,CO,80903,"Food, Beverages and Meals",Progressive Veterans Lunch
House District 23,"HOFFKLING, ALEXIS",52.36,2025-04-20 00:00:00,Actblue,Somerville,MA,02144,Fundraising Expenses,Actblue Fee
House District 23,"HOFFKLING, ALEXIS",232.38,2025-04-27 00:00:00,Actblue,Somerville,MA,02144,Fundraising Expenses,Actblue Fee
House District 23,"HOFFKLING, ALEXIS",57.45,2025-05-02 00:00:00,Corazon Printing Llc,Broomfield,CO,80020,Office Equipment & Supplies,Business Cards
House District 23,"HOFFKLING, ALEXIS",75.88,2025-05-04 00:00:00,Actblue,Somerville,MA,02144,Fundraising Expenses,Actblue Fee
House District 23,"HOFFKLING, ALEXIS",438.0,2025-05-07 00:00:00,Colorado Democratic Party,Denver,CO,80203,Other,Van Demlaunch - Voter Data
House District 23,"HOFFKLING, ALEXIS",9.29,2025-05-11 00:00:00,Actblue,Somerville,MA,02144,Fundraising Expenses,Actblue Fee
House District 23,"HOFFKLING, ALEXIS",133.15,2025-05-15 00:00:00,Corazon Printing Llc,Broomfield,CO,80020,Office Equipment & Supplies,Business Cards And Postcards
House District 23,"HOFFKLING, ALEXIS",360.0,2025-05-18 00:00:00,Mhw Consulting Llc,Denver,CO,80223,Consultant & Professional Services,Website Work
House District 23,"HOFFKLING, ALEXIS",24.7,2025-05-18 00:00:00,Actblue,Somerville,MA,02144,Fundraising Expenses,Actblue Fee
House District 23,"HOFFKLING, ALEXIS",183.8,2025-05-19 00:00:00,Usps - Edgewater,Lakewood,CO,80214,Office Equipment & Supplies,Usps Postage
House District 23,"HOFFKLING, ALEXIS",282.83,2025-05-23 00:00:00,Br Printers,San Jose,CA,95133,Office Equipment & Supplies,Business Reply Envelopes
House District 23,"HOFFKLING, ALEXIS",43.79,2025-05-25 00:00:00,Actblue,Somerville,MA,02144,Fundraising Expenses,Actblue Fee
House District 23,"HOFFKLING, ALEXIS",34.0,2025-05-26 00:00:00,Squarespace,New York,NY,10014,Other,Squarespace
House District 23,"HOFFKLING, ALEXIS",68.0,2025-05-27 00:00:00,Squarespace,New York,NY,10014,Other,Web Domain
House District 23,"HOFFKLING, ALEXIS",84.0,2025-05-28 00:00:00,Squarespace,New York,NY,10014,Other,Web Domains
House District 23,"HOFFKLING, ALEXIS",84.0,2025-05-28 00:00:00,Squarespace,New York,NY,10014,Other,Web Domains
House District 23,"HOFFKLING, ALEXIS",165.77,2025-06-01 00:00:00,Actblue,Somerville,MA,02144,Fundraising Expenses,
House District 23,"HOFFKLING, ALEXIS",215.0,2025-06-02 00:00:00,Mountain Milk Coffee,Wheat Ridge,CO,80033,Fundraising Expenses,Deposit For Wheat Ridge Launch Party
House District 23,"HOFFKLING, ALEXIS",316.54,2025-06-05 00:00:00,Artist Proof Collective,Denver,CO,80204,Other,Tee Shirts
House District 23,"HOFFKLING, ALEXIS",67.0,2025-06-08 00:00:00,Actblue,Somerville,MA,02144,Fundraising Expenses,Actblue
House District 23,"HOFFKLING, ALEXIS",24.18,2025-06-10 00:00:00,Amazon,Seattle,WA,98109,Fundraising Expenses,Name Tags And  Markers
House District 23,"HOFFKLING, ALEXIS",56.0,2025-06-11 00:00:00,Celeste H Kling,Fort Collins,CO,80525,Office Equipment & Supplies,Reimb For Postcard Stamps
House District 23,"HOFFKLING, ALEXIS",15.0,2025-06-12 00:00:00,Canva Us Inc,Austin,TX,78702,Other,Software -- Canva
House District 23,"HOFFKLING, ALEXIS",174.3,2025-06-15 00:00:00,Actblue,Somerville,MA,02144,Fundraising Expenses,Actblue
House District 23,"HOFFKLING, ALEXIS",46.58,2025-06-16 00:00:00,Intuit Mailchimp,Atlanta,GA,30308,Fundraising Expenses,Mailchimp
House District 23,"HOFFKLING, ALEXIS",242.39,2025-06-22 00:00:00,Actblue,Somerville,MA,02144,Fundraising Expenses,Actblue
House District 23,"HOFFKLING, ALEXIS",360.0,2025-06-23 00:00:00,Mhw Consulting Llc,Denver,CO,80223,Consultant & Professional Services,Website Work
House District 23,"HOFFKLING, ALEXIS",56.0,2025-06-24 00:00:00,Celeste H Kling,Fort Collins,CO,80525,Office Equipment & Supplies,Postcard Stamps -- Via Zelle
House District 23,"HOFFKLING, ALEXIS",164.44,2025-06-24 00:00:00,Celeste H Kling,Fort Collins,CO,80525,Fundraising Expenses,Food For 6/21 Event -- Via Zelle
House District 23,"HOFFKLING, ALEXIS",102.68,2025-06-29 00:00:00,Actblue,Somerville,MA,02144,Fundraising Expenses,
House District 23,"HOFFKLING, ALEXIS",17.19,2025-06-30 00:00:00,Actblue,Somerville,MA,02144,Fundraising Expenses,
House District 23,"HOFFKLING, ALEXIS",34.79,2025-07-06 00:00:00,Actblue,Somerville,MA,02144,Fundraising Expenses,
House District 23,"HOFFKLING, ALEXIS",25.17,2025-07-10 00:00:00,Fedex,Memphis,TN,38125,Office Equipment & Supplies,Name Badges
House District 23,"HOFFKLING, ALEXIS",5.55,2025-07-13 00:00:00,Actblue,Somerville,MA,02144,Fundraising Expenses,
House District 23,"HOFFKLING, ALEXIS",15.0,2025-07-14 00:00:00,Canva Us Inc,Austin,TX,78702,Office Equipment & Supplies,
House District 23,"HOFFKLING, ALEXIS",46.35,2025-07-15 00:00:00,Intuit Mailchimp,Atlanta,GA,30308,Fundraising Expenses,Mailchimp
House District 23,"HOFFKLING, ALEXIS",208.55,2025-07-16 00:00:00,Br Printers,San Jose,CA,95133,Fundraising Expenses,Banner
House District 23,"HOFFKLING, ALEXIS",52.24,2025-07-20 00:00:00,Actblue,Somerville,MA,02144,Fundraising Expenses,
House District 23,"HOFFKLING, ALEXIS",360.0,2025-07-22 00:00:00,Mhw Consulting Llc,Denver,CO,80223,Consultant & Professional Services,Via Zelle
House District 23,"HOFFKLING, ALEXIS",150.0,2025-07-23 00:00:00,"The Carnation Festival, Inc",Wheat Ridge,CO,80033,Advertising,Carnation Festival Fee -- 501 C 3
House District 23,"HOFFKLING, ALEXIS",20.68,2025-07-27 00:00:00,Actblue,Somerville,MA,02144,Fundraising Expenses,
House District 23,"HOFFKLING, ALEXIS",21.74,2025-08-03 00:00:00,Actblue,Somerville,MA,02144,Fundraising Expenses,
House District 23,"HOFFKLING, ALEXIS",289.11,2025-08-06 00:00:00,Br Printers,San Jose,CA,95133,Advertising,Walk Cards
House District 23,"HOFFKLING, ALEXIS",27.07,2025-08-10 00:00:00,Actblue,Somerville,MA,02144,Fundraising Expenses,
House District 23,"HOFFKLING, ALEXIS",190.55,2025-08-12 00:00:00,Intuit Mailchimp,Atlanta,GA,30308,Fundraising Expenses,
House District 23,"HOFFKLING, ALEXIS",15.0,2025-08-12 00:00:00,Canva Us Inc,Austin,TX,78702,Office Equipment & Supplies,
House District 23,"HOFFKLING, ALEXIS",236.9,2025-08-15 00:00:00,Intuit Mailchimp,Atlanta,GA,30308,Fundraising Expenses,
House District 23,"HOFFKLING, ALEXIS",82.9,2025-08-17 00:00:00,Actblue,Somerville,MA,02144,Fundraising Expenses,
House District 23,"HOFFKLING, ALEXIS",19.59,2025-08-24 00:00:00,Actblue,Somerville,MA,02144,Fundraising Expenses,
House District 23,"HOFFKLING, ALEXIS",200.0,2025-08-28 00:00:00,Colorado Democratic Party,Denver,CO,80203,Advertising,Jdli Program Ad
House District 23,"HOFFKLING, ALEXIS",36.69,2025-08-31 00:00:00,Actblue,Somerville,MA,02144,Fundraising Expenses,
House District 23,"HOFFKLING, ALEXIS",49.14,2025-09-07 00:00:00,Actblue,Somerville,MA,02144,Fundraising Expenses,
House District 23,"HOFFKLING, ALEXIS",200.0,2025-09-12 00:00:00,Town Hall Collaborative,Denver,CO,80204,Fundraising Expenses,
House District 23,"HOFFKLING, ALEXIS",15.0,2025-09-12 00:00:00,Canva Us Inc,Austin,TX,78702,Office Equipment & Supplies,
House District 23,"HOFFKLING, ALEXIS",236.9,2025-09-15 00:00:00,Intuit Mailchimp,Atlanta,GA,30308,Fundraising Expenses,
House District 23,"HOFFKLING, ALEXIS",58.69,2025-09-17 00:00:00,Actblue,Somerville,MA,02144,Fundraising Expenses,
House District 23,"HOFFKLING, ALEXIS",93.49,2025-09-24 00:00:00,Actblue,Somerville,MA,02144,Fundraising Expenses,
House District 23,"HOFFKLING, ALEXIS",138.27,2025-09-28 00:00:00,Actblue,Somerville,MA,02144,Fundraising Expenses,
House District 23,"HOFFKLING, ALEXIS",52.94,2025-09-30 00:00:00,Actblue,Somerville,MA,02144,Fundraising Expenses,
House District 23,"HOFFKLING, ALEXIS",123.6,2025-10-05 00:00:00,Calendly,Buford,GA,30518,Office Equipment & Supplies,Calendly
House District 23,"HOFFKLING, ALEXIS",21.15,2025-10-05 00:00:00,Actblue,Somerville,MA,02144,Fundraising Expenses,
House District 23,"HOFFKLING, ALEXIS",156.0,2025-10-07 00:00:00,Usps - Montclair,Denver,CO,80220,Office Equipment & Supplies,Stamps
House District 23,"HOFFKLING, ALEXIS",10.55,2025-10-12 00:00:00,Actblue,Somerville,MA,02144,Fundraising Expenses,
House District 23,"HOFFKLING, ALEXIS",15.0,2025-10-14 00:00:00,Canva Us Inc,Austin,TX,78702,Office Equipment & Supplies,
House District 23,"HOFFKLING, ALEXIS",185.4,2025-10-15 00:00:00,Intuit Mailchimp,Atlanta,GA,30308,Fundraising Expenses,
House District 23,"HOFFKLING, ALEXIS",407.48,2025-10-15 00:00:00,Br Printers,San Jose,CA,95133,Office Equipment & Supplies,
House District 23,"HOFFKLING, ALEXIS",11.28,2025-10-19 00:00:00,Actblue,Somerville,MA,02144,Fundraising Expenses,
House District 23,"HOFFKLING, ALEXIS",35.73,2025-10-26 00:00:00,Actblue,Somerville,MA,02144,Fundraising Expenses,
House District 23,"HOFFKLING, ALEXIS",24.7,2025-11-02 00:00:00,Actblue,Somerville,MA,02144,Fundraising Expenses,
House District 23,"HOFFKLING, ALEXIS",13.84,2025-11-09 00:00:00,Actblue,Somerville,MA,02144,Fundraising Expenses,
House District 23,"HOFFKLING, ALEXIS",15.0,2025-11-12 00:00:00,Canva Us Inc,Austin,TX,78702,Office Equipment & Supplies,
House District 23,"HOFFKLING, ALEXIS",114.64,2025-11-16 00:00:00,Actblue,Somerville,MA,02144,Fundraising Expenses,
House District 23,"HOFFKLING, ALEXIS",185.4,2025-11-17 00:00:00,Intuit Mailchimp,Atlanta,GA,30308,Fundraising Expenses,
House District 23,"HOFFKLING, ALEXIS",2000.0,2025-11-19 00:00:00,Alexis P Hoffkling,Wheat Ridge,CO,80214,Advertising,Part 1 Reimbursement For Payment To Bright Star Strategies For Video Work; Part 2 On 11/24/2025
House District 23,"HOFFKLING, ALEXIS",31.64,2025-11-23 00:00:00,Actblue,Somerville,MA,02144,Fundraising Expenses,
House District 23,"HOFFKLING, ALEXIS",1059.0,2025-11-24 00:00:00,Alexis P Hoffkling,Wheat Ridge,CO,80214,Advertising,Part 2 Reimbursement For Payment To Bright Star Strategies For Video Work; Part 1 Was On 11/19/2025.
House District 23,"HOFFKLING, ALEXIS",20.76,2025-11-30 00:00:00,Actblue,Somerville,MA,02144,Fundraising Expenses,
House District 23,"HOFFKLING, ALEXIS",36.57,2025-12-07 00:00:00,Actblue,Somerville,MA,02144,Fundraising Expenses,
House District 23,"HOFFKLING, ALEXIS",15.0,2025-12-12 00:00:00,Canva Us Inc,Austin,TX,78702,Office Equipment & Supplies,
House District 23,"HOFFKLING, ALEXIS",45.04,2025-12-14 00:00:00,Actblue,Somerville,MA,02144,Fundraising Expenses,
House District 23,"HOFFKLING, ALEXIS",185.4,2025-12-15 00:00:00,Intuit Mailchimp,Atlanta,GA,30308,Fundraising Expenses,
House District 23,"HOFFKLING, ALEXIS",38.94,2025-12-21 00:00:00,Actblue,Somerville,MA,02144,Fundraising Expenses,
House District 23,"HOFFKLING, ALEXIS",122.0,2025-12-27 00:00:00,Celeste H Kling,Fort Collins,CO,80525,Office Equipment & Supplies,Reimb For 200 Postcarrd Stamps
House District 23,"HOFFKLING, ALEXIS",18.51,2025-12-28 00:00:00,Actblue,Somerville,MA,02144,Fundraising Expenses,
House District 23,"HOFFKLING, ALEXIS",7.51,2025-12-31 00:00:00,Actblue,Somerville,MA,02144,Fundraising Expenses,
House District 24,"FERET, LISA",0.4,2025-01-05 00:00:00,Actblue,Somerville,MA,02144,Bank Fees,
House District 24,"FERET, LISA",1.19,2025-01-12 00:00:00,Actblue,Somerville,MA,02144,Bank Fees,
House District 24,"FERET, LISA",50.0,2025-01-13 00:00:00,Actblue,Somerville,MA,02144,Bank Fees,
House District 24,"FERET, LISA",113.81,2025-01-14 00:00:00,Mailchimp,Atlanta,GA,30308,Miscellaneous,
House District 24,"FERET, LISA",2.0,2025-01-16 00:00:00,Firstbank,Lakewood,CO,80215,Bank Fees,
House District 24,"FERET, LISA",0.4,2025-02-09 00:00:00,Actblue,Somerville,MA,02144,Bank Fees,
House District 24,"FERET, LISA",113.81,2025-02-14 00:00:00,Mailchimp,Atlanta,GA,30308,Miscellaneous,
House District 24,"FERET, LISA",2.0,2025-02-14 00:00:00,Firstbank,Lakewood,CO,80215,Bank Fees,
House District 24,"FERET, LISA",90.43,2025-02-18 00:00:00,Office Max,Arvada,CO,80002,Office Equipment & Supplies,
House District 24,"FERET, LISA",205.17,2025-02-19 00:00:00,Amazon,Seattle,WA,98109,Office Equipment & Supplies,
House District 24,"FERET, LISA",150.0,2025-02-19 00:00:00,Arvada Chamber Of Commerce,Arvada,CO,80003,Gifts,
House District 24,"FERET, LISA",0.6,2025-03-09 00:00:00,Actblue,Somerville,MA,02144,Bank Fees,
House District 24,"FERET, LISA",113.81,2025-03-14 00:00:00,Mailchimp,Atlanta,GA,30308,Miscellaneous,
House District 24,"FERET, LISA",2.0,2025-03-14 00:00:00,Firstbank,Lakewood,CO,80215,Bank Fees,
House District 24,"FERET, LISA",21.76,2025-03-25 00:00:00,Costco,Arvada,CO,80002,"Food, Beverages and Meals",
House District 24,"FERET, LISA",143.5,2025-04-04 00:00:00,Parkwell,Denver,CO,80202,Travel & Lodging,
House District 24,"FERET, LISA",0.4,2025-04-06 00:00:00,Actblue,Somerville,MA,02144,Bank Fees,
House District 24,"FERET, LISA",100.0,2025-04-09 00:00:00,Lenger Design,Iowa City,IA,52240,Consultant & Professional Services,
House District 24,"FERET, LISA",0.2,2025-04-13 00:00:00,Actblue,Somerville,MA,02144,Bank Fees,
House District 24,"FERET, LISA",2.0,2025-04-14 00:00:00,First Bank,Lakewood,CO,80215,Bank Fees,
House District 24,"FERET, LISA",113.81,2025-04-15 00:00:00,Mailchimp,Atlanta,GA,30308,Miscellaneous,
House District 24,"FERET, LISA",50.0,2025-04-18 00:00:00,Colorado Secretary Of State,Denver,CO,80290,Miscellaneous,
House District 24,"FERET, LISA",1000.0,2025-04-28 00:00:00,Colorado Democratic Party,Denver,CO,80203,Miscellaneous,
House District 24,"FERET, LISA",0.4,2025-05-04 00:00:00,Actblue,Somerville,MA,02144,Bank Fees,
House District 24,"FERET, LISA",13.18,2025-05-05 00:00:00,Parkwell,Denver,CO,80202,Bank Fees,
House District 24,"FERET, LISA",0.2,2025-05-11 00:00:00,Actblue,Somerville,MA,02144,Bank Fees,
House District 24,"FERET, LISA",2.0,2025-05-14 00:00:00,Firstbank,Lakewood,CO,80215,Travel & Lodging,
House District 24,"FERET, LISA",113.81,2025-05-15 00:00:00,Mailchimp,Atlanta,GA,30308,Miscellaneous,
House District 24,"FERET, LISA",1000.0,2025-05-19 00:00:00,Alexa  Villasense,Denver,CO,80239,Employee Services,
House District 24,"FERET, LISA",1000.0,2025-05-30 00:00:00,Skyelar  Joos,Highlands Ranch,CO,80128,Employee Services,
House District 24,"FERET, LISA",0.6,2025-06-08 00:00:00,Actblue,Somerville,MA,02144,Bank Fees,
House District 24,"FERET, LISA",2.0,2025-06-13 00:00:00,Firstbank,Lakewood,CO,80215,Bank Fees,
House District 24,"FERET, LISA",10.0,2025-06-16 00:00:00,Actblue,Somerville,MA,02144,Bank Fees,
House District 24,"FERET, LISA",113.81,2025-06-16 00:00:00,Mailchimp,Atlanta,GA,30308,Miscellaneous,
House District 24,"FERET, LISA",250.0,2025-06-16 00:00:00,Danielle  Vard,Arvada,CO,80006,Gifts,
House District 24,"FERET, LISA",1000.0,2025-06-18 00:00:00,Mckenna  Lipson,Fort Collins,CO,80525,Employee Services,
House District 24,"FERET, LISA",113.81,2025-07-15 00:00:00,Mailchimp,Atlanta,GA,30308,Advertising,
House District 24,"FERET, LISA",2.0,2025-07-17 00:00:00,Firstbank,,,,Bank Fees,
House District 24,"FERET, LISA",0.2,2025-07-21 00:00:00,Google,,,,Bank Fees,
House District 24,"FERET, LISA",113.81,2025-08-15 00:00:00,Mailchimp,Atlanta,GA,30308,Advertising,
House District 24,"FERET, LISA",2.0,2025-08-15 00:00:00,Firstbank,,,,Bank Fees,
House District 24,"FERET, LISA",100.0,2025-08-18 00:00:00,Michael J Carter,Redacted By Sos,CO,99999,Contributions,
House District 24,"FERET, LISA",157.5,2025-08-19 00:00:00,Jefferson County Democratic Party,Lakewood,CO,80226,Contributions,Transferring Unexpended Funds From A Candidate Committee
House District 24,"FERET, LISA",100.0,2025-08-25 00:00:00,Jacqueline  Phillips,Redacted By Sos,CO,99999,Contributions,
House District 24,"FERET, LISA",157.5,2025-08-25 00:00:00,Jefferson County Democratic Party,Lakewood,CO,80226,Contributions,Transferring Unexpended Funds From A Candidate Committee
House District 24,"FERET, LISA",540.0,2025-09-03 00:00:00,Lula  Demars,Arvada,CO,80003,Employee Services,
House District 24,"FERET, LISA",8.72,2025-09-07 00:00:00,Actblue,,,,Bank Fees,
House District 24,"FERET, LISA",104.0,2025-09-12 00:00:00,Danielle  Varda,Arvada,CO,80006,Contributions,
House District 24,"FERET, LISA",113.81,2025-09-15 00:00:00,Mailchimp,Atlanta,GA,30308,Advertising,
House District 24,"FERET, LISA",2.0,2025-09-15 00:00:00,Firstbank,,,,Bank Fees,
House District 24,"FERET, LISA",100.0,2025-09-24 00:00:00,Women'S Fund Of Colorado,Denver,CO,80210,Contributions,Nonprofit
House District 24,"FERET, LISA",87.74,2025-09-26 00:00:00,King Soopers,Arvada,CO,80003,"Food, Beverages and Meals",
House District 24,"FERET, LISA",39.93,2025-09-29 00:00:00,Arvada Wine & Spirits,Arvada,CO,80003,"Food, Beverages and Meals",
House District 24,"FERET, LISA",128.0,2025-09-30 00:00:00,Lisa  Feret,Arvada,CO,80003,"Food, Beverages and Meals",Reimbursement For Food Expenses On Personal Card
House District 24,"FERET, LISA",1.59,2024-12-08 00:00:00,Actblue,Somerville,MA,02144,Bank Fees,
House District 24,"FERET, LISA",19.99,2024-12-09 00:00:00,Amazon,Seattle,WA,98109,Office Equipment & Supplies,
House District 24,"FERET, LISA",211.61,2024-12-09 00:00:00,Apple,Cupertino,CA,95014,Telephone,
House District 24,"FERET, LISA",970.85,2024-12-09 00:00:00,Apple,Cupertino,CA,95014,Office Equipment & Supplies,
House District 24,"FERET, LISA",175.0,2024-12-13 00:00:00,Arvada Chamber Of Commerce,Arvada,CO,80003,Gifts,
House District 24,"FERET, LISA",2.0,2024-12-13 00:00:00,Firstbank,Lakewood,CO,80215,Bank Fees,
House District 24,"FERET, LISA",6.96,2024-12-16 00:00:00,Phillips 66,Houston,TX,77242,Travel & Lodging,
House District 24,"FERET, LISA",352.49,2024-12-23 00:00:00,Target,Arvada,CO,80003,Office Equipment & Supplies,
House District 24,"FERET, LISA",112.28,2024-12-23 00:00:00,Nespresso,New York,NY,10120,Office Equipment & Supplies,
House District 24,"FERET, LISA",844.0,2024-12-24 00:00:00,Amazon,Seattle,WA,98109,Office Equipment & Supplies,
House District 24,"FERET, LISA",64.0,2024-12-27 00:00:00,Goodwill,Arvada,CO,80403,Office Equipment & Supplies,
House District 24,"FERET, LISA",100.0,2024-12-27 00:00:00,Lulo  Demars,Arvada,CO,80003,Employee Services,
House District 24,"FERET, LISA",3000.0,2024-12-30 00:00:00,"Feret & Associates, Llc",Arvada,CO,80003,Consultant & Professional Services,
House District 24,"FERET, LISA",40.94,2025-10-07 00:00:00,Homegrown Tap & Dough,Arvada,CO,80002,"Food, Beverages and Meals",
House District 24,"FERET, LISA",113.81,2025-10-15 00:00:00,Mailchimp,Atlanta,GA,30308,Advertising,
House District 24,"FERET, LISA",2.0,2025-10-16 00:00:00,Firstbank,Lakewood,CO,80215,Bank Fees,
House District 24,"FERET, LISA",276.0,2025-10-20 00:00:00,Squarespace,New York,NY,10014,Advertising,
House District 24,"FERET, LISA",47.48,2025-11-06 00:00:00,Cornerstone,Arvada,CO,80002,"Food, Beverages and Meals",
House District 24,"FERET, LISA",3.0,2025-11-06 00:00:00,Parkmobile,Atlanta,GA,30309,Travel & Lodging,
House District 24,"FERET, LISA",500.0,2025-11-07 00:00:00,King Soopers,Arvada,CO,80003,"Food, Beverages and Meals",
House District 24,"FERET, LISA",113.81,2025-11-14 00:00:00,Mailchimp,Atlanta,GA,30308,Advertising,
House District 24,"FERET, LISA",2.0,2025-11-14 00:00:00,Firstbank,Lakewood,CO,80215,Bank Fees,
House District 24,"FERET, LISA",1.8,2025-12-07 00:00:00,Actblue,Somerville,MA,02144,Bank Fees,
House District 24,"FERET, LISA",2.0,2025-12-12 00:00:00,Firstbank,Lakewood,CO,80215,Bank Fees,
House District 24,"FERET, LISA",113.81,2025-12-15 00:00:00,Mailchimp,Atlanta,GA,30308,Advertising,
House District 24,"FERET, LISA",175.0,2025-12-17 00:00:00,Greater Arvada Chamber Of Commerce,Arvada,CO,80003,Other,Chamber Of Commerce Membership Dues
House District 24,"JOHNSON, KRISTOPHER",,,,,,,,
House District 25,"HERZFELD, MARK",,,,,,,,
House District 25,"STORY, TAMMY",21.6,2025-01-02 00:00:00,Google Llc,Mountain View,CA,94043,Advertising,
House District 25,"STORY, TAMMY",46.0,2025-01-02 00:00:00,Gusto,Denver,CO,80202,Employee Services,
House District 25,"STORY, TAMMY",23.17,2025-01-17 00:00:00,"Godaddy.Com, Llc",Scottsdale,AZ,85260,Advertising,
House District 25,"STORY, TAMMY",10.0,2025-01-23 00:00:00,Action Network,Washington,DC,20036,Advertising,
House District 25,"STORY, TAMMY",21.6,2025-02-03 00:00:00,Google Llc,Mountain View,CA,94043,Advertising,
House District 25,"STORY, TAMMY",46.0,2025-02-03 00:00:00,Gusto,Denver,CO,80202,Employee Services,
House District 25,"STORY, TAMMY",12.0,2025-02-05 00:00:00,Firstbank,Conifer,CO,80433,Bank Fees,
House District 25,"STORY, TAMMY",53.45,2025-02-09 00:00:00,Target - Denver Sw,Littleton,CO,80123,Office Equipment & Supplies,
House District 25,"STORY, TAMMY",10.0,2025-02-24 00:00:00,Action Network,Washington,DC,20036,Advertising,
House District 25,"STORY, TAMMY",2.0,2025-02-28 00:00:00,Firstbank,Conifer,CO,80433,Bank Fees,
House District 25,"STORY, TAMMY",21.6,2025-03-03 00:00:00,Google Llc,Mountain View,CA,94043,Advertising,
House District 25,"STORY, TAMMY",46.0,2025-03-03 00:00:00,Gusto,Denver,CO,80202,Employee Services,
House District 25,"STORY, TAMMY",44.34,2025-03-08 00:00:00,"Godaddy.Com, Llc",Scottsdale,AZ,85260,Advertising,
House District 25,"STORY, TAMMY",0.4,2025-03-09 00:00:00,Actblue,Sommerville,MA,02144,Fundraising Expenses,
House District 25,"STORY, TAMMY",100.0,2025-03-18 00:00:00,Colorado Democrats - Education Initiative Dei,Denver,CO,80205,Contributions,
House District 25,"STORY, TAMMY",10.0,2025-03-23 00:00:00,Action Network,Washington,DC,20036,Advertising,
House District 25,"STORY, TAMMY",17.88,2025-04-02 00:00:00,Google Llc,Mountain View,CO,94043,Advertising,
House District 25,"STORY, TAMMY",49.0,2025-04-03 00:00:00,Gusto,Denver,CO,80202,Employee Services,
House District 25,"STORY, TAMMY",263.0,2025-04-14 00:00:00,Fairfield Inn & Suites,Lakewood,CO,80228,Travel & Lodging,
House District 25,"STORY, TAMMY",0.4,2025-04-16 00:00:00,Actblue,Sommerville,MA,02144,Fundraising Expenses,
House District 25,"STORY, TAMMY",-135.07,2025-04-18 00:00:00,Courtyard By Marriott,Lakewood,CO,80227,Returned Expenditure,Billed To Wrong Account
House District 25,"STORY, TAMMY",135.07,2025-04-18 00:00:00,Courtyard By Marriott,Lakewood,CO,80227,Returned Expenditure,Offset Due To Deletion Of Filed Item - Billed To Wrong Account
House District 25,"STORY, TAMMY",10.0,2025-04-23 00:00:00,Action Network,Washington,DC,20036,Advertising,
House District 25,"STORY, TAMMY",39.61,2025-04-29 00:00:00,King Soopers,Conifer,CO,80465,Office Equipment & Supplies,
House District 25,"STORY, TAMMY",22.75,2025-04-29 00:00:00,King Soopers,Conifer,CO,80465,"Food, Beverages and Meals",
House District 25,"STORY, TAMMY",2.0,2025-04-30 00:00:00,Firstbank,Conifer,CO,80433,Bank Fees,
House District 25,"STORY, TAMMY",14.92,2025-04-30 00:00:00,King Soopers,Conifer,CO,80465,Office Equipment & Supplies,
House District 25,"STORY, TAMMY",14.4,2025-05-02 00:00:00,Google Llc,Mountain View,CO,94043,Advertising,
House District 25,"STORY, TAMMY",120.0,2025-05-03 00:00:00,Tattered Cover,Denver,CO,80206,Gifts,
House District 25,"STORY, TAMMY",49.0,2025-05-05 00:00:00,Gusto,Denver,CO,80202,Employee Services,
House District 25,"STORY, TAMMY",165.15,2025-05-09 00:00:00,Hamptom Denver West,Lakewood,CO,80228,Travel & Lodging,
House District 25,"STORY, TAMMY",14.15,2025-05-12 00:00:00,Target - Lakewood,Lakewood,CO,80226,Office Equipment & Supplies,
House District 25,"STORY, TAMMY",0.4,2025-05-14 00:00:00,Actblue,Sommerville,MA,02144,Fundraising Expenses,
House District 25,"STORY, TAMMY",119.05,2025-05-14 00:00:00,Jelly Cafe,Denver,CO,80203,"Food, Beverages and Meals",
House District 25,"STORY, TAMMY",20.73,2025-05-22 00:00:00,Colorado Democratic Party,Denver,CO,80203,Other,Demfest Event Ticket
House District 25,"STORY, TAMMY",10.0,2025-05-23 00:00:00,Action Network,Washington,DC,20036,Advertising,
House District 25,"STORY, TAMMY",276.0,2025-05-29 00:00:00,"Squarespace, Inc",New York,NY,10014,Advertising,
House District 25,"STORY, TAMMY",2.0,2025-05-30 00:00:00,Firstbank,Conifer,CO,80433,Bank Fees,
House District 25,"STORY, TAMMY",26.89,2025-05-30 00:00:00,Chipotle,Denver,CO,80202,"Food, Beverages and Meals",
House District 25,"STORY, TAMMY",17.0,2025-05-31 00:00:00,Denver Arts Complex,Denver,CO,80202,Travel & Lodging,
House District 25,"STORY, TAMMY",0.05,2025-06-01 00:00:00,Actblue,Sommerville,MA,02144,Fundraising Expenses,
House District 25,"STORY, TAMMY",14.4,2025-06-02 00:00:00,Google Llc,Mountain View,CO,94043,Advertising,
House District 25,"STORY, TAMMY",49.0,2025-06-05 00:00:00,Gusto,Denver,CO,80202,Employee Services,
House District 25,"STORY, TAMMY",0.4,2025-06-14 00:00:00,Actblue,Sommerville,MA,02144,Fundraising Expenses,
House District 25,"STORY, TAMMY",15.0,2025-06-23 00:00:00,Action Network,Washington,DC,20036,Advertising,
House District 25,"STORY, TAMMY",2.0,2025-06-30 00:00:00,Firstbank,Conifer,CO,80433,Bank Fees,
House District 25,"STORY, TAMMY",14.4,2025-07-01 00:00:00,Google Llc,Mountain View,CA,94043,Advertising,
House District 25,"STORY, TAMMY",49.0,2025-07-07 00:00:00,Gusto,Denver,CO,80202,Employee Services,
House District 25,"STORY, TAMMY",10.28,2025-07-13 00:00:00,Actblue,Sommerville,MA,02144,Fundraising Expenses,
House District 25,"STORY, TAMMY",15.0,2025-07-23 00:00:00,Action Network,Washington,DC,20036,Advertising,
House District 25,"STORY, TAMMY",103.63,2025-07-23 00:00:00,Evergreen Sustainability Alliance,Evergreen,CO,80437,Other,Esa Event Ticket
House District 25,"STORY, TAMMY",2.0,2025-07-31 00:00:00,Firstbank,Conifer,CO,80433,Bank Fees,
House District 25,"STORY, TAMMY",16.17,2025-08-01 00:00:00,Google Llc,Mountain View,CA,94043,Advertising,
House District 25,"STORY, TAMMY",13.01,2025-08-01 00:00:00,Blue Sparrow Coffee,Denver,CO,80205,"Food, Beverages and Meals",
House District 25,"STORY, TAMMY",0.04,2025-08-03 00:00:00,Actblue,Sommerville,MA,02144,Fundraising Expenses,
House District 25,"STORY, TAMMY",49.0,2025-08-05 00:00:00,Gusto,Denver,CO,80202,Employee Services,
House District 25,"STORY, TAMMY",7.11,2025-08-06 00:00:00,Everbean Coffee Co,Evergreen,CO,80439,"Food, Beverages and Meals",
House District 25,"STORY, TAMMY",0.4,2025-08-07 00:00:00,Actblue,Sommerville,MA,02144,Fundraising Expenses,
House District 25,"STORY, TAMMY",0.4,2025-08-18 00:00:00,Actblue,Sommerville,MA,02144,Fundraising Expenses,
House District 25,"STORY, TAMMY",157.5,2025-08-18 00:00:00,Jefferson County Democratic Party,Lakewood,CO,80226,Other,Er Event Ticket
House District 25,"STORY, TAMMY",100.0,2025-08-20 00:00:00,Jefferson County Democratic Party,Lakewood,CO,80226,Advertising,
House District 25,"STORY, TAMMY",15.0,2025-08-25 00:00:00,Action Network,Washington,DC,20036,Advertising,
House District 25,"STORY, TAMMY",2.0,2025-08-29 00:00:00,Firstbank,Conifer,CO,80433,Bank Fees,
House District 25,"STORY, TAMMY",16.8,2025-09-02 00:00:00,Google Llc,Mountain View,CA,94043,Advertising,
House District 25,"STORY, TAMMY",24.99,2025-09-03 00:00:00,Wildflower Cafe,Evergreen,CO,80439,"Food, Beverages and Meals",
House District 25,"STORY, TAMMY",49.0,2025-09-04 00:00:00,Gusto,Denver,CO,80202,Employee Services,
House District 25,"STORY, TAMMY",65.0,2025-09-06 00:00:00,Jefferson County Democratic Party,Lakewood,CO,80226,Other,Jdli Event Ticket
House District 25,"STORY, TAMMY",0.44,2025-09-07 00:00:00,Actblue,Sommerville,MA,02144,Fundraising Expenses,
House District 25,"STORY, TAMMY",100.0,2025-09-07 00:00:00,Colo Education Assoc Foundation For Teacher Quality And Student Achievement,Littleton,CO,80203,Other,Non-Profit Event Ticket
House District 25,"STORY, TAMMY",40.0,2025-09-08 00:00:00,Jefferson County Democratic Party,Lakewood,CO,80226,Other,Jdli Event Ticket
House District 25,"STORY, TAMMY",15.0,2025-09-23 00:00:00,Action Network,Washington,DC,20036,Advertising,
House District 25,"STORY, TAMMY",7.05,2025-09-23 00:00:00,Blue Sparrow Coffee,Denver,CO,80205,"Food, Beverages and Meals",
House District 25,"STORY, TAMMY",13.29,2025-09-23 00:00:00,Vellichor Coffee Roasters,Littleton,CO,80128-5040,"Food, Beverages and Meals",
House District 25,"STORY, TAMMY",20.0,2025-09-29 00:00:00,Teamsters Local 455 - Horsemen Motorcyce Association Ch 3,Denver,CO,80212,Other,Event Ticket
House District 25,"STORY, TAMMY",2.0,2025-09-30 00:00:00,Firstbank,Conifer,CO,80433,Bank Fees,
House District 25,"STORY, TAMMY",2389.5,2024-11-05 00:00:00,The Sexton Group,Chicago,IL,60618,Advertising,Phone Banking
House District 25,"STORY, TAMMY",21.6,2024-12-02 00:00:00,Google Llc,Mountain View,CA,94043,Advertising,
House District 25,"STORY, TAMMY",52.0,2024-12-03 00:00:00,Gusto,Denver,CO,80202,Employee Services,
House District 25,"STORY, TAMMY",30.0,2024-12-09 00:00:00,Jefferson County Democratic Party,Lakewood,CO,80226,Other,Event Ticket
House District 25,"STORY, TAMMY",35.0,2024-12-11 00:00:00,Delta Airlines,Atlanta,GA,30354,Travel & Lodging,
House District 25,"STORY, TAMMY",54.0,2024-12-13 00:00:00,Denver International Airport,Denver,CO,80249,Travel & Lodging,
House District 25,"STORY, TAMMY",3.5,2024-12-13 00:00:00,Atlanta Rail - Marta,Atlanta,GA,30324,Travel & Lodging,
House District 25,"STORY, TAMMY",10.0,2024-12-23 00:00:00,Action Network,Washington,DC,20036,Advertising,
House District 25,"STORY, TAMMY",0.04,2024-12-29 00:00:00,Actblue,Sommerville,MA,02144,Fundraising Expenses,
House District 25,"STORY, TAMMY",16.8,2025-10-01 00:00:00,Google Llc,Mountain View,CA,94043,Advertising,
House District 25,"STORY, TAMMY",27.03,2025-10-02 00:00:00,Virgilo'S Wine Bar,Littleton,CO,80127,"Food, Beverages and Meals",
House District 25,"STORY, TAMMY",49.0,2025-10-03 00:00:00,Gusto,Denver,CO,80202,Employee Services,
House District 25,"STORY, TAMMY",37.0,2025-10-04 00:00:00,Catherine  Darrow,Evergreen,CO,80439,"Food, Beverages and Meals",
House District 25,"STORY, TAMMY",145.0,2025-10-06 00:00:00,Margaret Gomez,Denver,CO,80205,Consultant & Professional Services,
House District 25,"STORY, TAMMY",6.37,2025-10-08 00:00:00,Everbean Coffee Co,Evergreen,CO,80439,"Food, Beverages and Meals",
House District 25,"STORY, TAMMY",6.06,2025-10-08 00:00:00,Lynn'S Whistle Stop,Morrison,CO,80465,"Food, Beverages and Meals",
House District 25,"STORY, TAMMY",7.56,2025-10-10 00:00:00,Vellichor Coffee Roasters,Littleton,CO,80128-5040,"Food, Beverages and Meals",
House District 25,"STORY, TAMMY",10.24,2025-10-12 00:00:00,Actblue,Sommerville,MA,02144,Fundraising Expenses,
House District 25,"STORY, TAMMY",6.02,2025-10-13 00:00:00,Java Groove,Evergreen,CO,80439,"Food, Beverages and Meals",
House District 25,"STORY, TAMMY",17.78,2025-10-19 00:00:00,Actblue,Sommerville,MA,02144,Fundraising Expenses,
House District 25,"STORY, TAMMY",15.0,2025-10-23 00:00:00,Action Network,Washington,DC,20036,Advertising,
House District 25,"STORY, TAMMY",17.78,2025-10-26 00:00:00,Actblue,Sommerville,MA,02144,Fundraising Expenses,
House District 25,"STORY, TAMMY",16.8,2025-10-31 00:00:00,Google Llc,Mountain View,CA,94043,Advertising,
House District 25,"STORY, TAMMY",2.0,2025-10-31 00:00:00,Firstbank,Conifer,CO,80433,Bank Fees,
House District 25,"STORY, TAMMY",1.62,2025-11-02 00:00:00,Actblue,Sommerville,MA,02144,Fundraising Expenses,
House District 25,"STORY, TAMMY",42.05,2025-11-04 00:00:00,Costco - Littleton # 0443,Littleton,CO,80123,Travel & Lodging,
House District 25,"STORY, TAMMY",49.0,2025-11-05 00:00:00,Gusto,Denver,CO,80202,Employee Services,
House District 25,"STORY, TAMMY",0.4,2025-11-09 00:00:00,Actblue,Sommerville,MA,02144,Fundraising Expenses,
House District 25,"STORY, TAMMY",284.17,2025-11-10 00:00:00,Marriott - The Elizabeth,Ft. Collins,CO,80524,Travel & Lodging,
House District 25,"STORY, TAMMY",36.72,2025-11-18 00:00:00,Costco - Arvada,Arvada,CO,80002,Travel & Lodging,
House District 25,"STORY, TAMMY",50.0,2025-11-21 00:00:00,Colorado Secretary Of State,Denver,CO,80290,Other,Late Filing Fee
House District 25,"STORY, TAMMY",50.0,2025-11-21 00:00:00,Colorado Secretary Of State,Denver,CO,80290,Other,Late Filing Fee
House District 25,"STORY, TAMMY",15.0,2025-11-23 00:00:00,Action Network,Washington,DC,20036,Advertising,
House District 25,"STORY, TAMMY",2.0,2025-11-28 00:00:00,Firstbank,Conifer,CO,80433,Bank Fees,
House District 25,"STORY, TAMMY",16.8,2025-12-01 00:00:00,Google Llc,Mountain View,CA,94043,Advertising,
House District 25,"STORY, TAMMY",49.0,2025-12-03 00:00:00,Gusto,Denver,CO,80202,Employee Services,
House District 25,"STORY, TAMMY",0.4,2025-12-07 00:00:00,Actblue,Sommerville,MA,02144,Fundraising Expenses,
House District 25,"STORY, TAMMY",51.99,2025-12-09 00:00:00,Progressnow Colorado Education,Denver,CO,80202,Contributions,
House District 25,"STORY, TAMMY",5.94,2025-12-10 00:00:00,Blue Sparrow Coffee,Denver,CO,80205,"Food, Beverages and Meals",
House District 25,"STORY, TAMMY",0.04,2025-12-22 00:00:00,Actblue,Sommerville,MA,02144,Fundraising Expenses,
House District 25,"STORY, TAMMY",15.0,2025-12-23 00:00:00,Action Network,Washington,DC,20036,Advertising,
House District 25,"STORY, TAMMY",3.95,2025-12-29 00:00:00,Actblue,Sommerville,MA,02144,Fundraising Expenses,
House District 25,"STORY, TAMMY",2.0,2025-12-31 00:00:00,Firstbank,Conifer,CO,80433,Bank Fees,
House District 26,"DAVISON, SCOTT",,,,,,,,
House District 26,"LUKENS, MEGHAN",7.2,2025-01-02 00:00:00,Googleinc,Mountain View,CA,94043,Consultant & Professional Services,
House District 26,"LUKENS, MEGHAN",40.0,2025-01-06 00:00:00,Gusto,Denver,CO,80202,Employee Services,
House District 26,"LUKENS, MEGHAN",60.35,2025-01-13 00:00:00,Mailchimp,Atlanta,GA,30308,Advertising,
House District 26,"LUKENS, MEGHAN",7.2,2025-02-03 00:00:00,Googleinc,Mountain View,CA,94043,Consultant & Professional Services,
House District 26,"LUKENS, MEGHAN",225.0,2025-02-05 00:00:00,Gusto,Denver,CO,80202,Employee Services,
House District 26,"LUKENS, MEGHAN",-606.28,2025-02-10 00:00:00,Gusto,Denver,CO,80202,Returned Expenditure,Payroll Processor Return
House District 26,"LUKENS, MEGHAN",60.35,2025-02-11 00:00:00,Mailchimp,Atlanta,GA,30308,Advertising,
House District 26,"LUKENS, MEGHAN",188.0,2025-02-18 00:00:00,Usps,Steamboat Springs,CO,80487,Other,Annual Box Fee
House District 26,"LUKENS, MEGHAN",7.2,2025-03-03 00:00:00,Googleinc,Mountain View,CA,94043,Consultant & Professional Services,
House District 26,"LUKENS, MEGHAN",60.35,2025-03-11 00:00:00,Mailchimp,Atlanta,GA,30308,Advertising,
House District 26,"LUKENS, MEGHAN",7.2,2025-04-02 00:00:00,Googleinc,Mountain View,CA,94043,Consultant & Professional Services,
House District 26,"LUKENS, MEGHAN",60.35,2025-04-11 00:00:00,Mailchimp,Atlanta,GA,30308,Advertising,
House District 26,"LUKENS, MEGHAN",7.2,2025-05-02 00:00:00,Googleinc,Mountain View,CA,94043,Consultant & Professional Services,
House District 26,"LUKENS, MEGHAN",60.35,2025-05-12 00:00:00,Mailchimp,Atlanta,GA,30308,Advertising,
House District 26,"LUKENS, MEGHAN",7.2,2025-06-02 00:00:00,Googleinc,Mountain View,CA,94043,Consultant & Professional Services,
House District 26,"LUKENS, MEGHAN",60.35,2025-06-12 00:00:00,Mailchimp,Atlanta,GA,30308,Advertising,
House District 26,"LUKENS, MEGHAN",5.98,2025-06-30 00:00:00,Actbluetechnicalservices,Somerville,MA,02144,Fundraising Expenses,
House District 26,"LUKENS, MEGHAN",7.2,2025-07-02 00:00:00,Googleinc,Mountain View,CA,94043,Consultant & Professional Services,
House District 26,"LUKENS, MEGHAN",60.35,2025-07-14 00:00:00,Mailchimp,Atlanta,GA,30308,Consultant & Professional Services,
House District 26,"LUKENS, MEGHAN",0.04,2025-08-03 00:00:00,Actbluetechnicalservices,Somerville,MA,02144,Fundraising Expenses,
House District 26,"LUKENS, MEGHAN",8.08,2025-08-04 00:00:00,Googleinc,Mountain View,CA,94043,Consultant & Professional Services,
House District 26,"LUKENS, MEGHAN",60.35,2025-08-11 00:00:00,Mailchimp,Atlanta,GA,30308,Consultant & Professional Services,
House District 26,"LUKENS, MEGHAN",8.4,2025-09-02 00:00:00,Googleinc,Mountain View,CA,94043,Consultant & Professional Services,
House District 26,"LUKENS, MEGHAN",7.9,2025-09-07 00:00:00,Actbluetechnicalservices,Somerville,MA,02144,Fundraising Expenses,
House District 26,"LUKENS, MEGHAN",60.35,2025-09-11 00:00:00,Mailchimp,Atlanta,GA,30308,Consultant & Professional Services,
House District 26,"LUKENS, MEGHAN",71.12,2025-09-14 00:00:00,Actbluetechnicalservices,Somerville,MA,02144,Fundraising Expenses,
House District 26,"LUKENS, MEGHAN",87.0,2024-10-28 00:00:00,City Of Springboat Springs,Steamboat Springs,CO,80487,Miscellaneous,"Parking Fine, Staff On Committee Business."
House District 26,"LUKENS, MEGHAN",13.76,2024-11-29 00:00:00,Emi  Cooper,Steamboat Springs,CO,80487,Office Equipment & Supplies,Campaign Manager Reimbursement For Office Supplies.
House District 26,"LUKENS, MEGHAN",727.62,2024-11-29 00:00:00,Emi  Cooper,Steamboat Springs,CO,80487,Travel & Lodging,Campaign Manager Reimbursement For Travel (Gas).
House District 26,"LUKENS, MEGHAN",1500.0,2024-12-06 00:00:00,Gusto,Denver,CO,80202,Employee Services,
House District 26,"LUKENS, MEGHAN",1350.0,2024-12-06 00:00:00,Gusto,Denver,CO,80202,Employee Services,
House District 26,"LUKENS, MEGHAN",1178.95,2024-12-06 00:00:00,Gusto,Denver,CO,80202,Employee Services,
House District 26,"LUKENS, MEGHAN",1048.9,2024-12-06 00:00:00,Gusto,Denver,CO,80202,Employee Services,
House District 26,"LUKENS, MEGHAN",60.35,2024-12-11 00:00:00,Mailchimp,Atlanta,GA,30308,Advertising,
House District 26,"LUKENS, MEGHAN",-4.0,2024-12-17 00:00:00,Gusto,Denver,CO,80202,Returned Expenditure,Payroll Processor Return.
House District 26,"LUKENS, MEGHAN",322.27,2024-12-18 00:00:00,Usps,Steamboat Springs,CO,80487,Advertising,Electioneering Stamps -Reimburse Sophia
House District 26,"LUKENS, MEGHAN",2.1,2024-12-28 00:00:00,Actbluetechnicalservices,Somerville,MA,02144,Fundraising Expenses,Actblue Fee Correction
House District 26,"LUKENS, MEGHAN",8.4,2025-10-02 00:00:00,Googleinc,Mountain View,CA,94043,Consultant & Professional Services,
House District 26,"LUKENS, MEGHAN",61.35,2025-10-06 00:00:00,Myfamli (Colo Dept Of Labor And Employment),Denver,CO,80202,Employee Services,
House District 26,"LUKENS, MEGHAN",195.42,2025-10-12 00:00:00,Actbluetechnicalservices,Somerville,MA,02144,Fundraising Expenses,
House District 26,"LUKENS, MEGHAN",60.35,2025-10-14 00:00:00,Mailchimp,Atlanta,GA,30308,Consultant & Professional Services,
House District 26,"LUKENS, MEGHAN",50.0,2025-10-17 00:00:00,Colorado Secretary Of State,Denver,CO,80290,Miscellaneous,
House District 26,"LUKENS, MEGHAN",3.95,2025-10-19 00:00:00,Actbluetechnicalservices,Somerville,MA,02144,Fundraising Expenses,
House District 26,"LUKENS, MEGHAN",9.88,2025-10-26 00:00:00,Actbluetechnicalservices,Somerville,MA,02144,Fundraising Expenses,
House District 26,"LUKENS, MEGHAN",32.72,2025-11-02 00:00:00,Actbluetechnicalservices,Somerville,MA,02144,Fundraising Expenses,
House District 26,"LUKENS, MEGHAN",8.4,2025-11-03 00:00:00,Googleinc,Mountain View,CA,94043,Consultant & Professional Services,
House District 26,"LUKENS, MEGHAN",18.59,2025-11-09 00:00:00,Actbluetechnicalservices,Somerville,MA,02144,Fundraising Expenses,
House District 26,"LUKENS, MEGHAN",60.35,2025-11-12 00:00:00,Mailchimp,Atlanta,GA,30308,Consultant & Professional Services,
House District 26,"LUKENS, MEGHAN",114.26,2025-11-16 00:00:00,Actbluetechnicalservices,Somerville,MA,02144,Fundraising Expenses,
House District 26,"LUKENS, MEGHAN",10.38,2025-11-23 00:00:00,Actbluetechnicalservices,Somerville,MA,02144,Fundraising Expenses,
House District 26,"LUKENS, MEGHAN",4.35,2025-11-30 00:00:00,Actbluetechnicalservices,Somerville,MA,02144,Fundraising Expenses,
House District 26,"LUKENS, MEGHAN",8.4,2025-12-02 00:00:00,Googleinc,Mountain View,CA,94043,Consultant & Professional Services,
House District 26,"LUKENS, MEGHAN",2.18,2025-12-07 00:00:00,Actbluetechnicalservices,Somerville,MA,02144,Fundraising Expenses,
House District 26,"LUKENS, MEGHAN",124.75,2025-12-09 00:00:00,Usps,Steamboat Springs,CO,80487,Advertising,
House District 26,"LUKENS, MEGHAN",60.35,2025-12-11 00:00:00,Mailchimp,Atlanta,GA,30308,Advertising,
House District 26,"LUKENS, MEGHAN",49.99,2025-12-14 00:00:00,Actbluetechnicalservices,Somerville,MA,02144,Fundraising Expenses,
House District 26,"LUKENS, MEGHAN",58.28,2025-12-21 00:00:00,Actbluetechnicalservices,Somerville,MA,02144,Fundraising Expenses,
House District 26,"LUKENS, MEGHAN",10.28,2025-12-31 00:00:00,Actbluetechnicalservices,Somerville,MA,02144,Fundraising Expenses,
House District 26,"LUKENS, MEGHAN",3875.0,2025-12-31 00:00:00,Democratic House Majority Project,Denver,CO,80203,Contributions,Support For House Majority Project
House District 27,"BODENSTAB, ERIC",,,,,,,,
House District 27,"VARDA, DANIELLE",3.4,2025-04-10 00:00:00,"Stripe, Inc.",South San Francisco,CO,94080,Bank Fees,
House District 27,"VARDA, DANIELLE",68.97,2025-04-12 00:00:00,Act Blue,Cambridge,CO,02138,Bank Fees,
House District 27,"VARDA, DANIELLE",19.8,2025-04-15 00:00:00,Deluxe Corporation,Minneapolis,CO,55402,Office Equipment & Supplies,Checks
House District 27,"VARDA, DANIELLE",60.68,2025-04-20 00:00:00,Act Blue,Cambridge,CO,02138,Bank Fees,
House District 27,"VARDA, DANIELLE",396.81,2025-04-21 00:00:00,Colorado Democratic Party,Denver,CO,80203,Fundraising Expenses,Votebuilder Data Base
House District 27,"VARDA, DANIELLE",0.99,2025-04-24 00:00:00,Act Blue,Cambridge,CO,02138,Bank Fees,
House District 27,"VARDA, DANIELLE",27.66,2025-05-01 00:00:00,Act Blue,Cambridge,CO,02138,Bank Fees,
House District 27,"VARDA, DANIELLE",1.86,2025-05-05 00:00:00,Google,Mountain View,CA,94043,Office Equipment & Supplies,Gmail Account
House District 27,"VARDA, DANIELLE",24.5,2025-05-08 00:00:00,Act Blue,Cambridge,CO,02138,Bank Fees,
House District 27,"VARDA, DANIELLE",21.96,2025-05-18 00:00:00,Act Blue,Cambridge,CO,02138,Bank Fees,Includes Two Refunds Of $.01 And $.01
House District 27,"VARDA, DANIELLE",137.7,2025-05-19 00:00:00,Constant Contact,Waltham,CO,02451,Fundraising Expenses,
House District 27,"VARDA, DANIELLE",388.08,2025-05-23 00:00:00,Gambino Printing,Denver,CO,80223,Advertising,Campaign Literature Printing
House District 27,"VARDA, DANIELLE",23.52,2025-05-24 00:00:00,Act Blue,Cambridge,CO,02138,Bank Fees,
House District 27,"VARDA, DANIELLE",78.08,2025-06-01 00:00:00,Act Blue,Cambridge,CO,02138,Bank Fees,
House District 27,"VARDA, DANIELLE",420.12,2025-06-02 00:00:00,3 Margaritas,Wheat Ridge,CO,80033,Fundraising Expenses,Food For Campaign Kickoff
House District 27,"VARDA, DANIELLE",12.0,2025-06-03 00:00:00,1St Bank,Westminster,CO,80021,Bank Fees,Fee For Charge Back
House District 27,"VARDA, DANIELLE",7.24,2025-06-05 00:00:00,Google,Mountain View,CA,94043,Office Equipment & Supplies,Office Software
House District 27,"VARDA, DANIELLE",50.79,2025-06-06 00:00:00,Act Blue,Cambridge,CO,02138,Bank Fees,
House District 27,"VARDA, DANIELLE",112.0,2025-06-11 00:00:00,Usps,Arvada,CO,80004,Office Equipment & Supplies,Postage
House District 27,"VARDA, DANIELLE",57.63,2025-06-12 00:00:00,Act Blue,Cambridge,CO,02138,Bank Fees,
House District 27,"VARDA, DANIELLE",83.79,2025-06-21 00:00:00,Act Blue,Cambridge,CO,02138,Bank Fees,
House District 27,"VARDA, DANIELLE",148.59,2025-06-30 00:00:00,Act Blue,Cambridge,CO,02138,Bank Fees,
House District 27,"VARDA, DANIELLE",59.28,2025-06-30 00:00:00,Act Blue,Cambridge,CO,02138,Bank Fees,
House District 27,"VARDA, DANIELLE",31.44,2025-07-02 00:00:00,Act Blue,Cambridge,CO,02138,Bank Fees,
House District 27,"VARDA, DANIELLE",7.24,2025-07-07 00:00:00,Google,Mountain View,CA,94043,Office Equipment & Supplies,Software
House District 27,"VARDA, DANIELLE",2.22,2025-07-10 00:00:00,Act Blue,Cambridge,CO,02138,Bank Fees,
House District 27,"VARDA, DANIELLE",1.98,2025-07-18 00:00:00,Act Blue,Cambridge,CO,02138,Bank Fees,
House District 27,"VARDA, DANIELLE",89.89,2025-07-21 00:00:00,Corazon Printing,Broomfield,CO,80020,Fundraising Expenses,Printing
House District 27,"VARDA, DANIELLE",40.0,2025-07-25 00:00:00,Eventbrite,San Francisco,CA,94103,Consultant & Professional Services,Campaign Training
House District 27,"VARDA, DANIELLE",4.75,2025-07-27 00:00:00,Act Blue,Cambridge,CO,02138,Bank Fees,
House District 27,"VARDA, DANIELLE",5.34,2025-08-02 00:00:00,Act Blue,Cambridge,CO,02138,Bank Fees,
House District 27,"VARDA, DANIELLE",7.24,2025-08-05 00:00:00,Google,Mountain View,CA,94043,Office Equipment & Supplies,Financial Software
House District 27,"VARDA, DANIELLE",0.99,2025-08-10 00:00:00,Act Blue,Cambridge,CO,02138,Bank Fees,
House District 27,"VARDA, DANIELLE",2.38,2025-08-16 00:00:00,Act Blue,Cambridge,CO,02138,Bank Fees,
House District 27,"VARDA, DANIELLE",150.0,2025-08-18 00:00:00,Jefferson County Democratic Party,Lakewood,CO,80226,Advertising,Advertisement In Brunch Program
House District 27,"VARDA, DANIELLE",0.4,2025-08-24 00:00:00,Act Blue,Cambridge,CO,02138,Bank Fees,
House District 27,"VARDA, DANIELLE",11.07,2025-08-29 00:00:00,Act Blue,Cambridge,CO,02138,Bank Fees,
House District 27,"VARDA, DANIELLE",2.38,2025-09-02 00:00:00,Act Blue,Cambridge,CO,02138,Bank Fees,
House District 27,"VARDA, DANIELLE",7.24,2025-09-05 00:00:00,Google,Mountain View,CA,94043,Office Equipment & Supplies,Financial Software
House District 27,"VARDA, DANIELLE",18.18,2025-09-12 00:00:00,Act Blue,Cambridge,CO,02138,Bank Fees,
House District 27,"VARDA, DANIELLE",24.91,2025-09-18 00:00:00,Act Blue,Cambridge,CO,02138,Bank Fees,
House District 27,"VARDA, DANIELLE",35.96,2025-09-28 00:00:00,Act Blue,Cambridge,CO,02138,Bank Fees,
House District 27,"VARDA, DANIELLE",37.95,2025-10-03 00:00:00,Act Blue,Cambridge,CO,02138,Bank Fees,
House District 27,"VARDA, DANIELLE",225.0,2025-10-03 00:00:00,Caitlin  Fitzpatrick,Denver,CO,80215,Consultant & Professional Services,Campaign Manager
House District 27,"VARDA, DANIELLE",10.38,2025-10-06 00:00:00,Google,Mountain View,CA,94043,Office Equipment & Supplies,Financial Software
House District 27,"VARDA, DANIELLE",2.38,2025-10-08 00:00:00,Act Blue,Cambridge,CO,02138,Bank Fees,
House District 27,"VARDA, DANIELLE",2.38,2025-10-16 00:00:00,Act Blue,Cambridge,CO,02138,Bank Fees,
House District 27,"VARDA, DANIELLE",300.0,2025-10-20 00:00:00,Micah  Pistol,Arvada,CO,80004,Fundraising Expenses,Campaign Photography
House District 27,"VARDA, DANIELLE",10.87,2025-10-22 00:00:00,Act Blue,Cambridge,CO,02138,Bank Fees,
House District 27,"VARDA, DANIELLE",7.9,2025-10-24 00:00:00,Act Blue,Cambridge,CO,02138,Bank Fees,
House District 27,"VARDA, DANIELLE",1.59,2025-11-02 00:00:00,Act Blue,Cambridge,CO,02138,Bank Fees,
House District 27,"VARDA, DANIELLE",14.48,2025-11-05 00:00:00,Google,Mountain View,CA,94043,Office Equipment & Supplies,Financial Software
House District 27,"VARDA, DANIELLE",29.64,2025-11-07 00:00:00,Act Blue,Cambridge,CO,02138,Bank Fees,
House District 27,"VARDA, DANIELLE",26.08,2025-11-13 00:00:00,Act Blue,Cambridge,CO,02138,Bank Fees,
House District 27,"VARDA, DANIELLE",138.36,2025-11-18 00:00:00,Constant Contact,Waltham,CO,02451,Fundraising Expenses,Newsletter
House District 27,"VARDA, DANIELLE",20.75,2025-11-20 00:00:00,Act Blue,Cambridge,CO,02138,Bank Fees,
House District 27,"VARDA, DANIELLE",80.0,2025-11-21 00:00:00,Jefferson County Democratic Party,Lakewood,CO,80226,"Food, Beverages and Meals",Wine And Food
House District 27,"VARDA, DANIELLE",11.46,2025-11-30 00:00:00,Act Blue,Cambridge,CO,02138,Bank Fees,
House District 27,"VARDA, DANIELLE",1530.0,2025-12-02 00:00:00,Caitlin  Fitzpatrick,Denver,CO,80215,Consultant & Professional Services,Campaign Manager
House District 27,"VARDA, DANIELLE",19.31,2025-12-05 00:00:00,Google,Mountain View,CA,94043,Office Equipment & Supplies,Financial Softwary
House District 27,"VARDA, DANIELLE",31.63,2025-12-06 00:00:00,Act Blue,Cambridge,CO,02138,Bank Fees,
House District 27,"VARDA, DANIELLE",23.12,2025-12-13 00:00:00,Act Blue,Cambridge,CO,02138,Bank Fees,
House District 27,"VARDA, DANIELLE",2.97,2025-12-19 00:00:00,Act Blue,Cambridge,CO,02138,Bank Fees,
House District 28,"REIN, DAVID",15.59,2025-06-30 00:00:00,David  Rein,Littleton,CO,80162,Miscellaneous,"Reimburse Candidate For Purchase Of Name Badge From The Personal Touch, 9150 W Jewell Ave, Ste 1, Lakewood, Co  80232"
House District 28,"REIN, DAVID",83.0,2025-06-30 00:00:00,David  Rein,Littleton,CO,80162,Other,"Reimburse Candidate For Purchase Of Po Box From Usps 6698 S Iris St, Littleton, Co  80123"
House District 28,"REIN, DAVID",183.6,2025-06-30 00:00:00,David  Rein,Littleton,CO,80162,Other,"Reimburse Candidate For Purchase Of Campaign Website Hosting From Wix.Com Ltd, Yunitsman 5 Tel Aviv, Israel"
House District 28,"REIN, DAVID",231.82,2025-06-30 00:00:00,David  Rein,Littleton,CO,80162,Other,"Reimburse Candidate For Puchase Of Business Cards, Bre'S And Postcards From Corazon Printing, 6650 W 120Th Ave, Broomfield, Co  80020"
House District 28,"REIN, DAVID",3.95,2025-06-30 00:00:00,Actblue,Somerville,MA,02144,Fundraising Expenses,Actblue Fees
House District 28,"REIN, DAVID",2.0,2025-07-31 00:00:00,First Bank,Lakewood,CO,80226,Bank Fees,
House District 28,"REIN, DAVID",18.32,2025-09-30 00:00:00,David  Rein,Littleton,CO,80162,Other,"Reimburse Candidate For Cost Of Printing Sign-In Sheets At Fedex
17748 S Golden Rd
Golden, Co  80401"
House District 28,"REIN, DAVID",9.66,2025-09-30 00:00:00,David  Rein,Littleton,CO,80162,Other,"Reimburse Candidate For Name Tags Purchased From Office Depot
14375 W Colfax Ave
Golden, Co"
House District 28,"REIN, DAVID",45.8,2025-09-30 00:00:00,David  Rein,Littleton,CO,80162,Other,"Qr Card Lamination At Fedex
17748 S Golden Rd
Golden, Co  80401"
House District 28,"REIN, DAVID",50.0,2025-09-30 00:00:00,David  Rein,Littleton,CO,80162,Other,"Reimburse Candidate For Payment To Jefferson County Democratic Party, Jdli Initiative
363 S Harlan St, #103
Lakewood, Co  80226"
House District 28,"REIN, DAVID",150.0,2025-09-30 00:00:00,David  Rein,Littleton,CO,80162,Advertising,"Reimburse Candidate For The Advertisement In The Event Booklet At The Eleanor Roosevelt Fundraiser Event
Jefferson County Democratic Party
393 Harlan St,  #103
Lakewood, Co  80226"
House District 28,"REIN, DAVID",60.0,2025-09-30 00:00:00,David  Rein,Littleton,CO,80162,Other,"Reimburse Candidate For Payment To The Afl-Cio For The4Th Annual Labor Day Labor Champion Bbq
925 S Niagara St
Suite 600
Denver, Co 80224"
House District 28,"REIN, DAVID",333.53,2025-09-30 00:00:00,Actblue,Somerville,MA,02144,Fundraising Expenses,Contribution Processing Fees
House District 28,"REIN, DAVID",100.0,2025-09-30 00:00:00,Lucy  Preston,Lakewood,CO,80226,Consultant & Professional Services,Campaign Consulting (August)
House District 28,"REIN, DAVID",50.0,2025-10-03 00:00:00,David  Rein,Littleton,CO,80162,Other,Reimburse Candidate For Fcpa Penalty Fee Paid To Secretary Of State (Inv #2025E000412 )
House District 28,"REIN, DAVID",432.85,2025-10-13 00:00:00,David  Rein,Littleton,CO,80162,Other,"Reimburse Candidate For Payment To Colorado Democratic Party For Voter File Access For Rein For Colorado Election On 2026-11-05
789 Sherman St
Suite 110
Denver, Co 80203
Inv #9626339 2025 Co-2653"
House District 28,"REIN, DAVID",36.0,2025-12-05 00:00:00,David  Rein,Littleton,CO,80162,Other,Reimburse Candidate For Ticket To Democratic Party Fundraiser
House District 28,"REIN, DAVID",83.0,2025-12-16 00:00:00,David  Rein,Littleton,CO,80162,Miscellaneous,"Reimburse Candidate For Cost Of Po Box, Usps
6698 S Iris St
Littleton, Co  80123
Inv #91002990604039.00"
House District 28,"REIN, DAVID",4.27,2025-12-19 00:00:00,David  Rein,Littleton,CO,80162,"Food, Beverages and Meals","Reimburse Candidate For Cost Of Coffee For Campaign Meetiing At The French Press
7323 W Alaska Dr
Lakewood, Co 80226"
House District 28,"REIN, DAVID",166.04,2025-12-31 00:00:00,Actblue,Somerville,MA,02144,Fundraising Expenses,
House District 29,"GOLDSTEIN, LORI",23.71,2025-01-05 00:00:00,Actblue Technical Services,Somerville,MA,02144,Fundraising Expenses,Actblue Contribution Processing Fee
House District 29,"GOLDSTEIN, LORI",5.0,2025-01-06 00:00:00,Horizons North Credit Union,Westminster,CO,80234,Bank Fees,Credit Union Membership Fee
House District 29,"GOLDSTEIN, LORI",39.51,2025-01-12 00:00:00,Actblue Technical Services,Somerville,MA,02144,Fundraising Expenses,Actblue Contribution Processing Fee
House District 29,"GOLDSTEIN, LORI",182.0,2025-01-14 00:00:00,Us Post Office,Westminster,CO,80031,Other,Po Box
House District 29,"GOLDSTEIN, LORI",114.0,2025-01-17 00:00:00,Dr. Don'S Buttons,Glendale,AZ,85308,Miscellaneous,Stickers
House District 29,"GOLDSTEIN, LORI",60.16,2025-01-19 00:00:00,Actblue Technical Services,Somerville,MA,02144,Fundraising Expenses,Actblue Contribution Processing Fee
House District 29,"GOLDSTEIN, LORI",47.41,2025-01-26 00:00:00,Actblue Technical Services,Somerville,MA,02144,Fundraising Expenses,Actblue Contribution Processing Fee
House District 29,"GOLDSTEIN, LORI",670.04,2025-01-26 00:00:00,Gamino Printing,Denver,CO,80223,Consultant & Professional Services,Printing
House District 29,"GOLDSTEIN, LORI",543.58,2025-01-28 00:00:00,Westminster Brewing Company,Westminster,CO,80021,Other,Venue Rental
House District 29,"GOLDSTEIN, LORI",5.0,2025-01-31 00:00:00,Horizons North Credit Union,Westminster,CO,80234,Bank Fees,Withdrawal Analysis Fee
House District 29,"GOLDSTEIN, LORI",10.87,2025-02-02 00:00:00,Actblue Technical Services,Somerville,MA,02144,Fundraising Expenses,Actblue Contribution Processing Fee
House District 29,"GOLDSTEIN, LORI",53.56,2025-02-09 00:00:00,Actblue Technical Services,Somerville,MA,02144,Fundraising Expenses,Actblue Contribution Processing Fee
House District 29,"GOLDSTEIN, LORI",444.08,2025-02-13 00:00:00,Corazon Printing,Broomfield,CO,80021,Advertising,Signs
House District 29,"GOLDSTEIN, LORI",19.77,2025-02-16 00:00:00,Actblue Technical Services,Somerville,MA,02144,Fundraising Expenses,Actblue Contribution Processing Fee
House District 29,"GOLDSTEIN, LORI",403.4,2025-02-21 00:00:00,Colorado Democratic Party,Denver,CO,80203,Other,Access To Van
House District 29,"GOLDSTEIN, LORI",66.09,2025-02-23 00:00:00,Actblue Technical Services,Somerville,MA,02144,Fundraising Expenses,Actblue Contribution Processing Fee
House District 29,"GOLDSTEIN, LORI",5.0,2025-02-28 00:00:00,Horizons North Credit Union,Westminster,CO,80234,Bank Fees,Withdrawal Analysis Fee
House District 29,"GOLDSTEIN, LORI",222.72,2025-03-02 00:00:00,Actblue Technical Services,Somerville,MA,02144,Fundraising Expenses,Actblue Contribution Processing Fee
House District 29,"GOLDSTEIN, LORI",39.92,2025-03-09 00:00:00,Actblue Technical Services,Somerville,MA,02144,Fundraising Expenses,Actblue Contribution Processing Fee
House District 29,"GOLDSTEIN, LORI",6.92,2025-03-16 00:00:00,Actblue Technical Services,Somerville,MA,02144,Fundraising Expenses,Actblue Contribution Processing Fee
House District 29,"GOLDSTEIN, LORI",12.75,2025-03-23 00:00:00,Actblue Technical Services,Somerville,MA,02144,Fundraising Expenses,Actblue Contribution Processing Fee
House District 29,"GOLDSTEIN, LORI",23.12,2025-03-30 00:00:00,Actblue Technical Services,Somerville,MA,02144,Fundraising Expenses,Actblue Contribution Processing Fee
House District 29,"GOLDSTEIN, LORI",25.7,2025-03-31 00:00:00,Actblue Technical Services,Somerville,MA,02144,Fundraising Expenses,Actblue Contribution Processing Fee
House District 29,"GOLDSTEIN, LORI",5.0,2025-03-31 00:00:00,Horizons North Credit Union,Westminster,CO,80234,Bank Fees,Withdrawal Analysis Fee
House District 29,"GOLDSTEIN, LORI",13.64,2025-04-06 00:00:00,Actblue Technical Services,Somerville,MA,02144,Fundraising Expenses,Actblue Contribution Processing Fee
House District 29,"GOLDSTEIN, LORI",1.98,2025-04-13 00:00:00,Actblue Technical Services,Somerville,MA,02144,Fundraising Expenses,Actblue Contribution Processing Fee
House District 29,"GOLDSTEIN, LORI",0.89,2025-04-20 00:00:00,Actblue Technical Services,Somerville,MA,02144,Fundraising Expenses,Actblue Contribution Processing Fee
House District 29,"GOLDSTEIN, LORI",9.29,2025-04-27 00:00:00,Actblue Technical Services,Somerville,MA,02144,Fundraising Expenses,Actblue Contribution Processing Fee
House District 29,"GOLDSTEIN, LORI",5.0,2025-04-30 00:00:00,Horizons North Credit Union,Westminster,CO,80234,Bank Fees,Withdrawal Analysis Fee
House District 29,"GOLDSTEIN, LORI",6.14,2025-05-04 00:00:00,Actblue Technical Services,Somerville,MA,02144,Fundraising Expenses,Actblue Contribution Processing Fee
House District 29,"GOLDSTEIN, LORI",18.77,2025-05-11 00:00:00,Actblue Technical Services,Somerville,MA,02144,Fundraising Expenses,Actblue Contribution Processing Fee
House District 29,"GOLDSTEIN, LORI",326.04,2025-05-11 00:00:00,Gamino Printing,Denver,CO,80223,Advertising,Walk Pieces
House District 29,"GOLDSTEIN, LORI",17.78,2025-05-18 00:00:00,Actblue Technical Services,Somerville,MA,02144,Fundraising Expenses,Actblue Contribution Processing Fee
House District 29,"GOLDSTEIN, LORI",2.28,2025-05-25 00:00:00,Actblue Technical Services,Somerville,MA,02144,Fundraising Expenses,Actblue Contribution Processing Fee
House District 29,"GOLDSTEIN, LORI",5.0,2025-05-31 00:00:00,Horizons North Credit Union,Westminster,CO,80234,Bank Fees,Withdrawal Analysis Fee
House District 29,"GOLDSTEIN, LORI",8.69,2025-06-01 00:00:00,Actblue Technical Services,Somerville,MA,02144,Fundraising Expenses,Actblue Contribution Processing Fee
House District 29,"GOLDSTEIN, LORI",11.86,2025-06-08 00:00:00,Actblue Technical Services,Somerville,MA,02144,Fundraising Expenses,Actblue Contribution Processing Fee
House District 29,"GOLDSTEIN, LORI",1325.0,2025-06-12 00:00:00,Signrocket,St Paul Park,MN,55071,Advertising,Signs
House District 29,"GOLDSTEIN, LORI",17.79,2025-06-15 00:00:00,Actblue Technical Services,Somerville,MA,02144,Fundraising Expenses,Actblue Contribution Processing Fee
House District 29,"GOLDSTEIN, LORI",56.25,2025-06-22 00:00:00,Actblue Technical Services,Somerville,MA,02144,Fundraising Expenses,Actblue Contribution Processing Fee
House District 29,"GOLDSTEIN, LORI",18.19,2025-06-29 00:00:00,Actblue Technical Services,Somerville,MA,02144,Fundraising Expenses,Actblue Contribution Processing Fee
House District 29,"GOLDSTEIN, LORI",5.0,2025-06-30 00:00:00,Horizons North Credit Union,Westminster,CO,80234,Bank Fees,Withdrawal Analysis Fee
House District 29,"GOLDSTEIN, LORI",33.58,2025-06-30 00:00:00,Actblue Technical Services,Somerville,MA,02144,Fundraising Expenses,Actblue Contribution Processing Fee
House District 29,"GOLDSTEIN, LORI",18.58,2025-07-06 00:00:00,Actblue Technical Services,Somerville,MA,02144,Fundraising Expenses,Actblue Contribution Processing Fee
House District 29,"GOLDSTEIN, LORI",56.31,2025-07-13 00:00:00,Actblue Technical Services,Somerville,MA,02144,Fundraising Expenses,Actblue Contribution Processing Fee
House District 29,"GOLDSTEIN, LORI",37.17,2025-07-20 00:00:00,Actblue Technical Services,Somerville,MA,02144,Fundraising Expenses,Actblue Contribution Processing Fee
House District 29,"GOLDSTEIN, LORI",2.0,2025-07-23 00:00:00,Horizons North Credit Union,Westminster,CO,80234,Bank Fees,Withdrawal Starter Checks
House District 29,"GOLDSTEIN, LORI",1.39,2025-07-27 00:00:00,Actblue Technical Services,Somerville,MA,02144,Fundraising Expenses,Actblue Contribution Processing Fee
House District 29,"GOLDSTEIN, LORI",5.0,2025-07-31 00:00:00,Horizons North Credit Union,Westminster,CO,80234,Bank Fees,Withdrawal Analysis Fee
House District 29,"GOLDSTEIN, LORI",4.36,2025-08-03 00:00:00,Actblue Technical Services,Somerville,MA,02144,Fundraising Expenses,Actblue Contribution Processing Fee
House District 29,"GOLDSTEIN, LORI",1.98,2025-08-10 00:00:00,Actblue Technical Services,Somerville,MA,02144,Fundraising Expenses,Actblue Contribution Processing Fee
House District 29,"GOLDSTEIN, LORI",4.67,2025-08-17 00:00:00,Actblue Technical Services,Somerville,MA,02144,Fundraising Expenses,Actblue Contribution Processing Fee
House District 29,"GOLDSTEIN, LORI",9.78,2025-08-24 00:00:00,Actblue Technical Services,Somerville,MA,02144,Fundraising Expenses,Actblue Contribution Processing Fee
House District 29,"GOLDSTEIN, LORI",1.99,2025-08-31 00:00:00,Actblue Technical Services,Somerville,MA,02144,Fundraising Expenses,Actblue Contribution Processing Fee
House District 29,"GOLDSTEIN, LORI",5.0,2025-08-31 00:00:00,Horizons North Credit Union,Westminster,CO,80234,Bank Fees,Withdrawal Analysis Fee
House District 29,"GOLDSTEIN, LORI",4.75,2025-09-07 00:00:00,Actblue Technical Services,Somerville,MA,02144,Fundraising Expenses,Actblue Contribution Processing Fee
House District 29,"GOLDSTEIN, LORI",35.56,2025-09-14 00:00:00,Actblue Technical Services,Somerville,MA,02144,Fundraising Expenses,Actblue Contribution Processing Fee
House District 29,"GOLDSTEIN, LORI",39.15,2025-09-21 00:00:00,Actblue Technical Services,Somerville,MA,02144,Fundraising Expenses,Actblue Contribution Processing Fee
House District 29,"GOLDSTEIN, LORI",1.99,2025-09-28 00:00:00,Actblue Technical Services,Somerville,MA,02144,Fundraising Expenses,Actblue Contribution Processing Fee
House District 29,"GOLDSTEIN, LORI",5.0,2025-09-30 00:00:00,Horizons North Credit Union,Westminster,CO,80234,Bank Fees,Withdrawal Analysis Fee
House District 29,"GOLDSTEIN, LORI",6.74,2025-09-30 00:00:00,Actblue Technical Services,Somerville,MA,02144,Fundraising Expenses,Actblue Contribution Processing Fee
House District 29,"GOLDSTEIN, LORI",7.17,2025-10-05 00:00:00,Actblue Technical Services,Somerville,MA,02144,Fundraising Expenses,Actblue Contribution Processing Fee
House District 29,"GOLDSTEIN, LORI",5.56,2025-10-19 00:00:00,Actblue Technical Services,Somerville,MA,02144,Fundraising Expenses,Actblue Contribution Processing Fee
House District 29,"GOLDSTEIN, LORI",11.27,2025-10-26 00:00:00,Actblue Technical Services,Somerville,MA,02144,Fundraising Expenses,Actblue Contribution Processing Fee
House District 29,"GOLDSTEIN, LORI",5.0,2025-10-31 00:00:00,Horizons North Credit Union,Westminster,CO,80234,Bank Fees,Withdrawal Analysis Fee
House District 29,"GOLDSTEIN, LORI",1.39,2025-11-02 00:00:00,Actblue Technical Services,Somerville,MA,02144,Fundraising Expenses,Actblue Contribution Processing Fee
House District 29,"GOLDSTEIN, LORI",25.68,2025-11-09 00:00:00,Actblue Technical Services,Somerville,MA,02144,Fundraising Expenses,Actblue Contribution Processing Fee
House District 29,"GOLDSTEIN, LORI",4.67,2025-11-16 00:00:00,Actblue Technical Services,Somerville,MA,02144,Fundraising Expenses,Actblue Contribution Processing Fee
House District 29,"GOLDSTEIN, LORI",1.39,2025-11-30 00:00:00,Actblue Technical Services,Somerville,MA,02144,Fundraising Expenses,Actblue Contribution Processing Fee
House District 29,"GOLDSTEIN, LORI",5.0,2025-11-30 00:00:00,Horizons North Credit Union,Westminster,CO,80234,Bank Fees,Withdrawal Analysis Fee
House District 29,"GOLDSTEIN, LORI",22.33,2025-12-07 00:00:00,Actblue Technical Services,Somerville,MA,02144,Fundraising Expenses,Actblue Contrubition Processsing Fee
House District 29,"GOLDSTEIN, LORI",8.89,2025-12-14 00:00:00,Actblue Technical Services,Somerville,MA,02144,Fundraising Expenses,Actblue Contribution Processing Fee
House District 29,"GOLDSTEIN, LORI",22.45,2025-12-21 00:00:00,Actblue Technical Services,Somerville,MA,02144,Fundraising Expenses,Actblue Contribution Processing Fee
House District 29,"GOLDSTEIN, LORI",23.12,2025-12-28 00:00:00,Actblue Technical Services,Somerville,MA,02144,Fundraising Expenses,Actblue Contribution Processing Fee
House District 29,"GOLDSTEIN, LORI",22.92,2025-12-31 00:00:00,Actblue Technical Services,Somerville,MA,02144,Fundraising Expenses,Actblue Contribution Processing Fee
House District 29,"GOLDSTEIN, LORI",5.0,2025-12-31 00:00:00,Horizons North Credit Union,Westminster,CO,80234,Bank Fees,Withdrawal Analysis Fee
House District 29,"IRELAND, KRISTINE",,,,,,,,
House District 30,"STEWART, REBEKAH",7.42,2025-01-02 00:00:00,"Google, Llc",Mountain View,CA,94043,Other,Email
House District 30,"STEWART, REBEKAH",180.0,2025-01-07 00:00:00,Mailchimp,Atlanta,GA,30308,Other,Mailchimp
House District 30,"STEWART, REBEKAH",23.93,2025-01-10 00:00:00,Amazon,Seattle,WA,98108,Office Equipment & Supplies,
House District 30,"STEWART, REBEKAH",165.0,2025-01-17 00:00:00,Phoneburner,Laguna Beach,CA,92651,Telephone,Phoneburner
House District 30,"STEWART, REBEKAH",60.0,2025-01-27 00:00:00,Jefferson County Democratic Party,Lakewood,CO,80226,Other,Italian Feast Tickets
House District 30,"STEWART, REBEKAH",2.0,2025-01-31 00:00:00,First Bank,Lakewood,CO,80228,Bank Fees,Bank Card Fees
House District 30,"STEWART, REBEKAH",31.41,2025-01-31 00:00:00,Jimmy Johns,Denver,CO,80202,"Food, Beverages and Meals",
House District 30,"STEWART, REBEKAH",7.42,2025-02-03 00:00:00,"Google, Llc",Mountain View,CA,94043,Other,Email
House District 30,"STEWART, REBEKAH",23.75,2025-02-03 00:00:00,Efile4Biz,Lakewood,CO,80232,Employee Services,Taxes
House District 30,"STEWART, REBEKAH",180.0,2025-02-07 00:00:00,Mailchimp,Atlanta,GA,30308,Other,Mailchimp
House District 30,"STEWART, REBEKAH",2000.0,2025-02-13 00:00:00,Colorado Democratic Party,Denver,CO,80203,Other,Hmp Contribution
House District 30,"STEWART, REBEKAH",2.0,2025-02-18 00:00:00,Venmo,New York,NY,10014,Bank Fees,Venmo Recovery
House District 30,"STEWART, REBEKAH",165.0,2025-02-18 00:00:00,Phoneburner,Laguna Beach,CA,92651,Telephone,Phoneburner
House District 30,"STEWART, REBEKAH",2.0,2025-02-28 00:00:00,First Bank,Lakewood,CO,80228,Bank Fees,
House District 30,"STEWART, REBEKAH",2500.0,2025-03-03 00:00:00,Colorado Democratic Party,Denver,CO,80203,Other,Caucus Dues
House District 30,"STEWART, REBEKAH",7.42,2025-03-03 00:00:00,"Google, Llc",Mountain View,CA,94043,Other,Email
House District 30,"STEWART, REBEKAH",185.4,2025-03-07 00:00:00,Phoneburner,Laguna Beach,CA,92651,Other,Mailchimp
House District 30,"STEWART, REBEKAH",165.0,2025-03-17 00:00:00,Phoneburner,Laguna Beach,CA,92651,Telephone,Phoneburner
House District 30,"STEWART, REBEKAH",30.0,2025-03-18 00:00:00,Ash Kara Denver,Denver,CO,80211,"Food, Beverages and Meals",Dinner
House District 30,"STEWART, REBEKAH",14.46,2025-03-19 00:00:00,Doordash,San Francisco,CA,94107,"Food, Beverages and Meals",Dinner At Capitol
House District 30,"STEWART, REBEKAH",250.0,2025-03-20 00:00:00,Colorado Democratic Party,Denver,CO,80203,Other,Obama Dinner
House District 30,"STEWART, REBEKAH",70.32,2025-03-31 00:00:00,Godaddy,Tempe,AZ,85284,Miscellaneous,Website
House District 30,"STEWART, REBEKAH",2.0,2025-03-31 00:00:00,First Bank,Lakewood,CO,80228,Bank Fees,
House District 30,"STEWART, REBEKAH",7.42,2025-04-02 00:00:00,"Google, Llc",Mountain View,CA,94043,Other,Google
House District 30,"STEWART, REBEKAH",70.32,2025-04-03 00:00:00,"Godaddy, Llc",Tempe,AZ,85284,Other,Website
House District 30,"STEWART, REBEKAH",185.4,2025-04-07 00:00:00,Mailchimp,Atlanta,GA,30308,Other,Email
House District 30,"STEWART, REBEKAH",18.6,2025-04-17 00:00:00,Jimmy Johns,Denver,CO,80202,"Food, Beverages and Meals",
House District 30,"STEWART, REBEKAH",165.0,2025-04-24 00:00:00,Phoneburner,Laguna Beach,CA,92651,Telephone,Phoneburner
House District 30,"STEWART, REBEKAH",117.98,2025-04-24 00:00:00,Rocky Mountain Promotional Products,Grand Junction,CO,81501,Miscellaneous,
House District 30,"STEWART, REBEKAH",2.0,2025-04-30 00:00:00,First Bank,Lakewood,CO,80228,Bank Fees,
House District 30,"STEWART, REBEKAH",32.39,2025-04-30 00:00:00,Crumbl Edgewater,Edgewater,CO,80214,"Food, Beverages and Meals",Staff Appreciation
House District 30,"STEWART, REBEKAH",7.42,2025-05-02 00:00:00,"Google, Llc",Mountain View,CA,94043,Other,Google Email
House District 30,"STEWART, REBEKAH",185.4,2025-05-07 00:00:00,Mailchimp,Atlanta,GA,30308,Other,Mailchimp
House District 30,"STEWART, REBEKAH",165.0,2025-05-19 00:00:00,Phoneburner,Laguna Beach,CA,92651,Telephone,Phoneburner
House District 30,"STEWART, REBEKAH",2.0,2025-05-30 00:00:00,First Bank,Lakewood,CO,80228,Bank Fees,
House District 30,"STEWART, REBEKAH",7.42,2025-06-02 00:00:00,"Google, Llc",Mountain View,CA,94043,Other,Gmail
House District 30,"STEWART, REBEKAH",185.4,2025-06-09 00:00:00,Mailchimp,Atlanta,GA,30308,Other,Mailchimp
House District 30,"STEWART, REBEKAH",40.95,2025-06-12 00:00:00,Mr Oso,Denver,CO,80249,"Food, Beverages and Meals",Food For Legislative Conference Travel
House District 30,"STEWART, REBEKAH",42.26,2025-06-16 00:00:00,Vyne,Seattle,WA,98158,"Food, Beverages and Meals",Food For Legislative Conference Travel
House District 30,"STEWART, REBEKAH",165.0,2025-06-17 00:00:00,Phoneburner,Laguna Beach,CA,92651,Telephone,Phoneburner
House District 30,"STEWART, REBEKAH",30.0,2025-06-18 00:00:00,Jefferson County Democratic Party,Lakewood,CO,80226,Other,Noriega Picnic Ticket
House District 30,"STEWART, REBEKAH",9.08,2025-06-30 00:00:00,The French Press,Lakewood,CO,80226,"Food, Beverages and Meals",Meeting
House District 30,"STEWART, REBEKAH",2.0,2025-06-30 00:00:00,First Bank,Lakewood,CO,80228,Bank Fees,
House District 30,"STEWART, REBEKAH",6.68,2025-06-30 00:00:00,Actblue,Somerville,MA,02144,Fundraising Expenses,Actblue Fees
House District 30,"STEWART, REBEKAH",7.42,2025-07-02 00:00:00,"Google, Llc",Mountain View,CA,94043,Other,Google Email
House District 30,"STEWART, REBEKAH",185.4,2025-07-07 00:00:00,Mailchimp,Atlanta,GA,30308,Office Equipment & Supplies,Mailchimp
House District 30,"STEWART, REBEKAH",165.0,2025-07-17 00:00:00,Phoneburner,Laguna Beach,CA,92651,Telephone,
House District 30,"STEWART, REBEKAH",2.0,2025-07-31 00:00:00,First Bank,Lakewood,CO,80228,Bank Fees,
House District 30,"STEWART, REBEKAH",8.32,2025-08-04 00:00:00,"Google, Llc",Mountain View,CA,94043,Other,Google Email
House District 30,"STEWART, REBEKAH",185.4,2025-08-07 00:00:00,Mailchimp,Atlanta,GA,30308,Other,Mailchimp
House District 30,"STEWART, REBEKAH",175.0,2025-08-18 00:00:00,Phoneburner,Laguna Beach,CA,92651,Telephone,
House District 30,"STEWART, REBEKAH",175.0,2025-08-19 00:00:00,Jefferson County Democratic Party,Lakewood,CO,80226,Miscellaneous,Eleanor Roosevelt Dinner
House District 30,"STEWART, REBEKAH",2.0,2025-08-29 00:00:00,First Bank,Lakewood,CO,80228,Bank Fees,
House District 30,"STEWART, REBEKAH",8.65,2025-09-02 00:00:00,"Google, Llc",Mountain View,CA,94043,Other,Email
House District 30,"STEWART, REBEKAH",185.4,2025-09-08 00:00:00,Mailchimp,Atlanta,GA,30308,Other,Mailchimp
House District 30,"STEWART, REBEKAH",100.0,2025-09-12 00:00:00,Jefferson County Democratic Party,Lakewood,CO,80226,Miscellaneous,Eleanor Roosevelt Dinner Ad
House District 30,"STEWART, REBEKAH",165.0,2025-09-17 00:00:00,Phoneburner,Laguna Beach,CA,92651,Telephone,
House District 30,"STEWART, REBEKAH",55.0,2025-09-19 00:00:00,Parking Garage,Vail,CO,81657,Travel & Lodging,Parking
House District 30,"STEWART, REBEKAH",17.85,2025-09-25 00:00:00,Ballmer Peak Distillery,Lakewood,CO,80226,"Food, Beverages and Meals",Fundraiser Event
House District 30,"STEWART, REBEKAH",315.37,2025-09-30 00:00:00,Actblue,Somerville,MA,02144,Fundraising Expenses,Actblue Fees
House District 30,"STEWART, REBEKAH",2.0,2025-09-30 00:00:00,First Bank,Lakewood,CO,80228,Bank Fees,
House District 30,"STEWART, REBEKAH",180.0,2024-12-09 00:00:00,Mailchimp,Atlanta,GA,30308,Other,Mailchimp
House District 30,"STEWART, REBEKAH",200.0,2024-12-09 00:00:00,Rachel  Zenzinger,Arvada,CO,80005,Office Equipment & Supplies,Office Supplies Purchase
House District 30,"STEWART, REBEKAH",165.0,2024-12-17 00:00:00,Phoneburner,Laguna Beach,CA,92651,Telephone,Phoneburner
House District 30,"STEWART, REBEKAH",2.0,2024-12-31 00:00:00,First Bank,Lakewood,CO,80228,Bank Fees,Bank Fees
House District 30,"STEWART, REBEKAH",8.65,2025-10-02 00:00:00,"Google, Llc",Mountain View,CA,94043,Other,Email
House District 30,"STEWART, REBEKAH",20.0,2025-10-03 00:00:00,Colorado Opportunity Caucus,Denver,CO,80202,Other,Membership Dues Deposit
House District 30,"STEWART, REBEKAH",980.0,2025-10-03 00:00:00,Colorado Opportunity Caucus,Denver,CO,80202,Other,Membership Dues
House District 30,"STEWART, REBEKAH",210.0,2025-10-06 00:00:00,"Godaddy, Llc",Tempe,AZ,85284,Other,Website
House District 30,"STEWART, REBEKAH",185.4,2025-10-07 00:00:00,Mailchimp,Atlanta,GA,30308,Other,Mailchimp
House District 30,"STEWART, REBEKAH",1875.0,2025-10-07 00:00:00,Colorado Democratic Party,Denver,CO,80203,Other,Hmp
House District 30,"STEWART, REBEKAH",165.0,2025-10-17 00:00:00,Phoneburner,Laguna Beach,CA,92651,Telephone,
House District 30,"STEWART, REBEKAH",2.0,2025-10-31 00:00:00,First Bank,Lakewood,CO,80228,Bank Fees,
House District 30,"STEWART, REBEKAH",8.65,2025-11-03 00:00:00,"Google, Llc",Mountain View,CA,94043,Other,Email
House District 30,"STEWART, REBEKAH",185.4,2025-11-07 00:00:00,Mailchimp,Atlanta,GA,30308,Other,Mailchimp
House District 30,"STEWART, REBEKAH",284.17,2025-11-10 00:00:00,The Elizabeth Hotel,Fort Collins,CO,80524,Travel & Lodging,Caucus Retreat Room
House District 30,"STEWART, REBEKAH",165.0,2025-11-17 00:00:00,Phoneburner,Laguna Beach,CA,92651,Telephone,
House District 30,"STEWART, REBEKAH",100.0,2025-11-24 00:00:00,Lakewood Social House,Lakewood,CO,80226,Fundraising Expenses,Venue Rental For Fundraiser
House District 30,"STEWART, REBEKAH",2.0,2025-11-28 00:00:00,First Bank,Lakewood,CO,80228,Bank Fees,
House District 30,"STEWART, REBEKAH",8.65,2025-12-01 00:00:00,"Google, Llc",Mountain View,CA,94043,Other,Email
House District 30,"STEWART, REBEKAH",118.4,2025-12-01 00:00:00,Bevy'S Liquor World,Littleton,CO,80127,Fundraising Expenses,Drinks For Fundraiser
House District 30,"STEWART, REBEKAH",29.98,2025-12-08 00:00:00,Costco Wholesale,Littleton,CO,80123,Fundraising Expenses,Food For Fundraiser
House District 30,"STEWART, REBEKAH",185.4,2025-12-08 00:00:00,Mailchimp,Atlanta,GA,30308,Other,Mailchimp
House District 30,"STEWART, REBEKAH",1000.0,2025-12-08 00:00:00,The Buffalo Firm Llc,Denver,CO,80203,Consultant & Professional Services,Campaign Consulting
House District 30,"STEWART, REBEKAH",165.0,2025-12-17 00:00:00,Phoneburner,Laguna Beach,CA,92651,Telephone,
House District 30,"STEWART, REBEKAH",2.0,2025-12-31 00:00:00,First Bank,Lakewood,CO,80228,Bank Fees,
House District 30,"STEWART, REBEKAH",326.47,2025-12-31 00:00:00,Actblue,Somerville,MA,02144,Fundraising Expenses,Actblue Fees
House District 30,"SWITZER, WILLIAM",,,,,,,,
House District 31,"CERVANTES, GABRIEL",141.17,2025-06-08 00:00:00,Actblue Technical Services,Boston,MA,02196,Bank Fees,Actblue Fees
House District 31,"CERVANTES, GABRIEL",65.61,2025-06-15 00:00:00,Actblue Technical Services,Boston,MA,02196,Bank Fees,Actblue Fees
House District 31,"CERVANTES, GABRIEL",240.92,2025-06-20 00:00:00,Br Printers,Denver,CO,80229,Advertising,Lit
House District 31,"CERVANTES, GABRIEL",432.85,2025-06-22 00:00:00,Colorado Democratic Party,Denver,CO,80203,Other,Van / Voter File Access For Election On 2026-11-03
House District 31,"CERVANTES, GABRIEL",29.85,2025-06-22 00:00:00,Actblue Technical Services,Boston,MA,02196,Bank Fees,Actblue Fees
House District 31,"CERVANTES, GABRIEL",100.0,2025-06-24 00:00:00,Grassroots Analytics,Washington,DC,20001,Fundraising Expenses,Startup Fee For Fundraising Services
House District 31,"CERVANTES, GABRIEL",277.59,2025-06-26 00:00:00,Br Printers,Denver,CO,80229,Advertising,Rally Placards And Banner
House District 31,"CERVANTES, GABRIEL",41.97,2025-06-29 00:00:00,Actblue Technical Services,Boston,MA,02196,Bank Fees,Actblue Fees
House District 31,"CERVANTES, GABRIEL",95.14,2025-06-30 00:00:00,Tamales By La Casita,Denver,CO,80211,"Food, Beverages and Meals",Food For Launch Party
House District 31,"CERVANTES, GABRIEL",38.76,2025-06-30 00:00:00,Actblue Technical Services,Boston,MA,02196,Bank Fees,
House District 31,"CERVANTES, GABRIEL",28.86,2025-07-06 00:00:00,Actblue Technical Services,Boston,MA,02196,Bank Fees,
House District 31,"CERVANTES, GABRIEL",170.0,2025-07-07 00:00:00,Community Language Cooperative,Englewood,CO,80150,Fundraising Expenses,Translation Services For Launch Event
House District 31,"CERVANTES, GABRIEL",1.0,2025-07-07 00:00:00,Instagram,Menlo Park,CA,94025,Advertising,Instagram Verification
House District 31,"CERVANTES, GABRIEL",23.12,2025-07-13 00:00:00,Actblue Technical Services,Boston,MA,02196,Bank Fees,
House District 31,"CERVANTES, GABRIEL",46.69,2025-07-17 00:00:00,Intuit Mailchimp,Atlanta,GA,30308,Advertising,Email Services
House District 31,"CERVANTES, GABRIEL",26.48,2025-07-20 00:00:00,Actblue Technical Services,Boston,MA,02196,Bank Fees,
House District 31,"CERVANTES, GABRIEL",25.0,2025-07-21 00:00:00,"Squarespace, Inc",New York,NY,10014,Office Equipment & Supplies,Website License
House District 31,"CERVANTES, GABRIEL",80.75,2025-07-21 00:00:00,United States Postal Service,St Louis,MO,63180,Office Equipment & Supplies,Stamps
House District 31,"CERVANTES, GABRIEL",1.0,2025-07-24 00:00:00,First Bank,Thornton,CO,80233,Bank Fees,
House District 31,"CERVANTES, GABRIEL",0.99,2025-07-27 00:00:00,Actblue Technical Services,Boston,MA,02196,Bank Fees,
House District 31,"CERVANTES, GABRIEL",144.0,2025-07-28 00:00:00,Oneup,Cranberry Township,PA,16066,Advertising,Social Media Management Tool
House District 31,"CERVANTES, GABRIEL",171.39,2025-08-01 00:00:00,Raquel  Ramon,Thornton,CO,80229,"Food, Beverages and Meals","Reimbursement For Ingredients For Food And Drinks For Launch Event. Ingredients Purchased From Carniceria La Pradera, Sam'S Club + Mi Pueblo Latin Market. Drinks Bought From Walmart"
House District 31,"CERVANTES, GABRIEL",5.0,2025-08-01 00:00:00,First Bank,Thornton,CO,80233,Bank Fees,Internet Bill Pay
House District 31,"CERVANTES, GABRIEL",215.0,2025-08-05 00:00:00,Gabriel  Cervantes,Thornton,CO,80229,Other,Reimbursement For Thorntonfest Registration + Campaign Kickoff Event Rental Space. Both Paid To The City Of Thornton
House District 31,"CERVANTES, GABRIEL",73.33,2025-08-05 00:00:00,Br Printers,Denver,CO,80229,Advertising,Business Cards
House District 31,"CERVANTES, GABRIEL",14.99,2025-08-05 00:00:00,Facebook,Menlo Park,CA,94025,Advertising,Account Verification
House District 31,"CERVANTES, GABRIEL",32.03,2025-08-06 00:00:00,Actblue Technical Services,Boston,MA,02196,Bank Fees,
House District 31,"CERVANTES, GABRIEL",69.0,2025-08-07 00:00:00,City Of Thornton,Thornton,CO,80229,Other,Harvestfest Registration
House District 31,"CERVANTES, GABRIEL",3121.69,2025-08-12 00:00:00,Mjh Strategies,Lakewood,CO,80227,Consultant & Professional Services,Consultant Services
House District 31,"CERVANTES, GABRIEL",185.0,2025-08-13 00:00:00,Campaign Deputy,Louisville,KY,40204,Fundraising Expenses,Crm
House District 31,"CERVANTES, GABRIEL",20.78,2025-08-13 00:00:00,Actblue Technical Services,Boston,MA,02196,Bank Fees,
House District 31,"CERVANTES, GABRIEL",25.0,2025-08-19 00:00:00,"Squarespace, Inc",New York,NY,10014,Advertising,
House District 31,"CERVANTES, GABRIEL",29.07,2025-08-20 00:00:00,Actblue Technical Services,Boston,MA,02196,Bank Fees,
House District 31,"CERVANTES, GABRIEL",361.01,2025-08-21 00:00:00,Br Printers,Denver,CO,80229,Fundraising Expenses,Bres
House District 31,"CERVANTES, GABRIEL",1.0,2025-08-22 00:00:00,First Bank,Thornton,CO,80233,Bank Fees,
House District 31,"CERVANTES, GABRIEL",109.2,2025-08-25 00:00:00,Grassroots Analytics,Washington,DC,20001,Fundraising Expenses,
House District 31,"CERVANTES, GABRIEL",130.91,2025-08-25 00:00:00,Target,Minneapolis,MN,55403,Entertainment,Supplies For Community Event
House District 31,"CERVANTES, GABRIEL",150.0,2025-08-25 00:00:00,Adams County Democratic Party (A.C.D.C.C),Westminster,CO,80031,Advertising,Ad In Jfk Dinner Program
House District 31,"CERVANTES, GABRIEL",23.04,2025-08-27 00:00:00,Actblue Technical Services,Boston,MA,02196,Bank Fees,
House District 31,"CERVANTES, GABRIEL",3075.0,2025-08-29 00:00:00,Mjh Strategies,Lakewood,CO,80227,Consultant & Professional Services,
House District 31,"CERVANTES, GABRIEL",5.0,2025-09-02 00:00:00,First Bank,Thornton,CO,80233,Bank Fees,
House District 31,"CERVANTES, GABRIEL",185.0,2025-09-02 00:00:00,Campaign Deputy,Louisville,KY,40204,Fundraising Expenses,
House District 31,"CERVANTES, GABRIEL",25.75,2025-09-04 00:00:00,Actblue Technical Services,Boston,MA,02196,Bank Fees,
House District 31,"CERVANTES, GABRIEL",14.99,2025-09-05 00:00:00,Facebook,Menlo Park,CA,94025,Advertising,Account Verification
House District 31,"CERVANTES, GABRIEL",77.25,2025-09-09 00:00:00,Adams County Democratic Party (A.C.D.C.C),Westminster,CO,80031,Entertainment,Reserving A Table At Latino Fest
House District 31,"CERVANTES, GABRIEL",30.64,2025-09-10 00:00:00,Actblue Technical Services,Boston,MA,02196,Bank Fees,
House District 31,"CERVANTES, GABRIEL",3075.0,2025-09-17 00:00:00,Mjh Strategies,Lakewood,CO,80227,Consultant & Professional Services,
House District 31,"CERVANTES, GABRIEL",17.39,2025-09-17 00:00:00,Actblue Technical Services,Boston,MA,02196,Bank Fees,
House District 31,"CERVANTES, GABRIEL",25.0,2025-09-18 00:00:00,"Squarespace, Inc",New York,NY,10014,Advertising,
House District 31,"CERVANTES, GABRIEL",103.34,2025-09-23 00:00:00,Grassroots Analytics,Washington,DC,20001,Fundraising Expenses,
House District 31,"CERVANTES, GABRIEL",29.3,2025-09-24 00:00:00,Actblue Technical Services,Boston,MA,02196,Bank Fees,
House District 31,"CERVANTES, GABRIEL",12.37,2025-09-28 00:00:00,Actblue Technical Services,Boston,MA,02196,Bank Fees,
House District 31,"CERVANTES, GABRIEL",68.36,2025-09-30 00:00:00,Actblue Technical Services,Boston,MA,02196,Bank Fees,
House District 31,"CERVANTES, GABRIEL",5.0,2025-10-01 00:00:00,First Bank,Thornton,CO,80233,Bank Fees,
House District 31,"CERVANTES, GABRIEL",185.0,2025-10-02 00:00:00,Campaign Deputy,Louisville,KY,40204,Other,"Letterhead, Envelopes, &Postcards"
House District 31,"CERVANTES, GABRIEL",24.93,2025-10-04 00:00:00,Safeway,,CO,,Other,"Event Expenditures, Safeway"
House District 31,"CERVANTES, GABRIEL",7.71,2025-10-05 00:00:00,Actblue Technical Services,Boston,MA,02196,Bank Fees,"Bank Fees, Act Blue"
House District 31,"CERVANTES, GABRIEL",14.99,2025-10-06 00:00:00,Instagram,Menlo Park,CA,94025,Other,Instagram Verification
House District 31,"CERVANTES, GABRIEL",1525.0,2025-10-10 00:00:00,Mjh Strategies,Lakewood,CO,80227,Consultant & Professional Services,
House District 31,"CERVANTES, GABRIEL",10.89,2025-10-12 00:00:00,Actblue Technical Services,Boston,MA,02196,Bank Fees,
House District 31,"CERVANTES, GABRIEL",450.0,2025-10-16 00:00:00,Mjh Strategies,Lakewood,CO,80227,Consultant & Professional Services,
House District 31,"CERVANTES, GABRIEL",52.06,2025-10-17 00:00:00,Anthony'S Pizza,Thornton,CO,80233,Other,Anthony'S Pizza
House District 31,"CERVANTES, GABRIEL",16.06,2025-10-19 00:00:00,Actblue Technical Services,Boston,MA,02196,Bank Fees,
House District 31,"CERVANTES, GABRIEL",25.0,2025-10-20 00:00:00,"Squarespace, Inc",New York,NY,10014,Other,Squarespace
House District 31,"CERVANTES, GABRIEL",6.24,2025-10-26 00:00:00,Actblue Technical Services,Boston,MA,02196,Bank Fees,
House District 31,"CERVANTES, GABRIEL",32.42,2025-11-02 00:00:00,Actblue Technical Services,Boston,MA,02196,Bank Fees,
House District 31,"CERVANTES, GABRIEL",185.0,2025-11-03 00:00:00,Campaign Deputy,Louisville,KY,40204,Other,Campaign Deputy
House District 31,"CERVANTES, GABRIEL",5.0,2025-11-03 00:00:00,First Bank,Thornton,CO,80233,Bank Fees,
House District 31,"CERVANTES, GABRIEL",159.94,2025-11-04 00:00:00,Grassroots Analytics,Washington,DC,20001,Other,Data
House District 31,"CERVANTES, GABRIEL",14.99,2025-11-05 00:00:00,Instagram,Menlo Park,CA,94025,Other,Instagram Verification
House District 31,"CERVANTES, GABRIEL",61.06,2025-11-09 00:00:00,Actblue Technical Services,Boston,MA,02196,Bank Fees,
House District 31,"CERVANTES, GABRIEL",6.74,2025-11-16 00:00:00,Actblue Technical Services,Boston,MA,02196,Bank Fees,
House District 31,"CERVANTES, GABRIEL",25.94,2025-11-18 00:00:00,"Squarespace, Inc",New York,NY,10014,Other,Squarespace
House District 31,"CERVANTES, GABRIEL",7.13,2025-11-23 00:00:00,Actblue Technical Services,Boston,MA,02196,Bank Fees,
House District 31,"CERVANTES, GABRIEL",137.22,2025-11-24 00:00:00,Br Printers,Denver,CO,80229,Other,Literature
House District 31,"CERVANTES, GABRIEL",170.0,2025-11-28 00:00:00,Community Language Cooperative,Englewood,CO,80150,Other,Translation Service For Launch Event
House District 31,"CERVANTES, GABRIEL",27.18,2025-11-30 00:00:00,Actblue Technical Services,Boston,MA,02196,Bank Fees,Bank Fees
House District 31,"CERVANTES, GABRIEL",5.0,2025-12-01 00:00:00,First Bank,Thornton,CO,80233,Other,Fee For Internet Bill Pay For August
House District 31,"CERVANTES, GABRIEL",185.0,2025-12-02 00:00:00,Campaign Deputy,Louisville,KY,40204,Other,Crm
House District 31,"CERVANTES, GABRIEL",14.99,2025-12-05 00:00:00,Instagram,Menlo Park,CA,94025,Other,Instagram Verfication
House District 31,"CERVANTES, GABRIEL",10.53,2025-12-07 00:00:00,Actblue Technical Services,Boston,MA,02196,Bank Fees,Bank Fees
House District 31,"CERVANTES, GABRIEL",60.0,2025-12-08 00:00:00,Aflcio,,CO,,"Food, Beverages and Meals",Aflcio Bba
House District 31,"CERVANTES, GABRIEL",9.31,2025-12-14 00:00:00,Actblue Technical Services,Boston,MA,02196,Bank Fees,Bank Fess
House District 31,"CERVANTES, GABRIEL",105.5,2025-12-14 00:00:00,Grassroots Analytics,Washington,DC,20001,Other,Data
House District 31,"CERVANTES, GABRIEL",25.94,2025-12-18 00:00:00,Square Space,,CO,,Other,Website
House District 31,"CERVANTES, GABRIEL",15.09,2025-12-18 00:00:00,Prost Brewery,,CO,,"Food, Beverages and Meals",Lunch With Cauus Goer
House District 31,"PHILLIPS, JACQUELINE",2.0,2025-02-12 00:00:00,Firstbank,Thornton,CO,80233,Bank Fees,Debit Card Fee
House District 31,"PHILLIPS, JACQUELINE",800.0,2025-02-28 00:00:00,Practical Campaign Services,Centennial,CO,80122,Consultant & Professional Services,Compliance And Filing Services
House District 31,"PHILLIPS, JACQUELINE",50.0,2025-03-07 00:00:00,Colorado Secretary Of State,Denver,CO,80290,Other,Late Filing Fee From 2024 Inv 2025E000102
House District 31,"PHILLIPS, JACQUELINE",2.0,2025-03-12 00:00:00,Firstbank,Thornton,CO,80233,Bank Fees,Debit Card Fee
House District 31,"PHILLIPS, JACQUELINE",2.0,2025-04-10 00:00:00,Firstbank,Thornton,CO,80233,Bank Fees,Debit Card Fee
House District 31,"PHILLIPS, JACQUELINE",2.0,2025-05-12 00:00:00,Firstbank,Thornton,CO,80233,Bank Fees,Debit Card Fee
House District 31,"PHILLIPS, JACQUELINE",43.47,2025-06-08 00:00:00,Actblue Llc,Somerville,MA,02144,Bank Fees,
House District 31,"PHILLIPS, JACQUELINE",2.0,2025-06-11 00:00:00,Firstbank,Thornton,CO,80233,Bank Fees,Debit Card Fee
House District 31,"PHILLIPS, JACQUELINE",297.41,2025-06-11 00:00:00,One4Four Llc,Denver,CO,80203,Advertising,Web Hosting & Domain
House District 31,"PHILLIPS, JACQUELINE",65.2,2025-06-15 00:00:00,Actblue Llc,Somerville,MA,02144,Bank Fees,
House District 31,"PHILLIPS, JACQUELINE",1150.0,2025-06-17 00:00:00,Adams County Democratic Party (A.C.D.C.C),Westminster,CO,80031,"Food, Beverages and Meals",Jfk Dinner
House District 31,"PHILLIPS, JACQUELINE",57.29,2025-06-22 00:00:00,Actblue Llc,Somerville,MA,02144,Bank Fees,
House District 31,"PHILLIPS, JACQUELINE",67.18,2025-06-29 00:00:00,Actblue Llc,Somerville,MA,02144,Bank Fees,
House District 31,"PHILLIPS, JACQUELINE",11.85,2025-07-06 00:00:00,Actblue Llc,Somerville,MA,02144,Bank Fees,
House District 31,"PHILLIPS, JACQUELINE",2.0,2025-07-15 00:00:00,Firstbank,Thornton,CO,80233,Bank Fees,Fee For Bank Service
House District 31,"PHILLIPS, JACQUELINE",3.95,2025-07-23 00:00:00,Actblue Llc,Somerville,MA,02144,Bank Fees,Donor Processing Fee
House District 31,"PHILLIPS, JACQUELINE",439.77,2025-07-28 00:00:00,Gamino Printing Co,Denver,CO,80223,Advertising,Campaign Stickers For Distribution
House District 31,"PHILLIPS, JACQUELINE",132.36,2025-07-30 00:00:00,Actblue Llc,Somerville,MA,02144,Bank Fees,Donor Processing Fee
House District 31,"PHILLIPS, JACQUELINE",112.42,2025-08-06 00:00:00,Actblue Llc,Somerville,MA,02144,Bank Fees,Donor Processing Fee
House District 31,"PHILLIPS, JACQUELINE",100.0,2025-08-07 00:00:00,"40 North Advocacy, Llc",Ft Washington,PA,19034,Advertising,Graphic Design Services
House District 31,"PHILLIPS, JACQUELINE",86.03,2025-08-13 00:00:00,Actblue Llc,Somerville,MA,02144,Bank Fees,Donor Processing Fee
House District 31,"PHILLIPS, JACQUELINE",2.0,2025-08-13 00:00:00,Firstbank,Thornton,CO,80233,Bank Fees,Fee For Bank Service
House District 31,"PHILLIPS, JACQUELINE",77.0,2025-08-18 00:00:00,Trail Winds Recreation Center,Thronton,CO,80602,Advertising,Harvest Festival Event Fee
House District 31,"PHILLIPS, JACQUELINE",20.75,2025-08-20 00:00:00,Actblue Llc,Somerville,MA,02144,Bank Fees,Donor Processing Fee
House District 31,"PHILLIPS, JACQUELINE",25.68,2025-08-27 00:00:00,Actblue Llc,Somerville,MA,02144,Bank Fees,Donor Processing Fee
House District 31,"PHILLIPS, JACQUELINE",19.76,2025-09-04 00:00:00,Actblue Llc,Somerville,MA,02144,Bank Fees,Donor Processing Fee
House District 31,"PHILLIPS, JACQUELINE",225.0,2025-09-09 00:00:00,Evan Semon Photography Llc,Denver,CO,80218,Consultant & Professional Services,Candidate Photography Services
House District 31,"PHILLIPS, JACQUELINE",71.12,2025-09-10 00:00:00,Actblue Llc,Somerville,MA,02144,Bank Fees,Donor Processing Fee
House District 31,"PHILLIPS, JACQUELINE",2.0,2025-09-11 00:00:00,Firstbank,Thornton,CO,80233,Bank Fees,Fee For Bank Service
House District 31,"PHILLIPS, JACQUELINE",113.6,2025-09-17 00:00:00,Actblue Llc,Somerville,MA,02144,Bank Fees,Donor Processing Fee
House District 31,"PHILLIPS, JACQUELINE",39.51,2025-09-24 00:00:00,Actblue Llc,Somerville,MA,02144,Bank Fees,Donor Processing Fee
House District 31,"PHILLIPS, JACQUELINE",99.77,2025-09-28 00:00:00,Actblue Llc,Somerville,MA,02144,Bank Fees,Donor Processing Fee
House District 31,"PHILLIPS, JACQUELINE",17.78,2025-09-30 00:00:00,Actblue Llc,Somerville,MA,02144,Bank Fees,Donor Processing Fee
House District 31,"PHILLIPS, JACQUELINE",17.78,2025-10-05 00:00:00,Actblue Llc,Somerville,MA,02144,Fundraising Expenses,Donor Processing Fees
House District 31,"PHILLIPS, JACQUELINE",598.03,2025-10-06 00:00:00,Gamino Printing Co,Denver,CO,80223,Advertising,Literature Printing
House District 31,"PHILLIPS, JACQUELINE",1500.0,2025-10-09 00:00:00,Practical Campaign Services,Centennial,CO,80122,Consultant & Professional Services,Strategic Advisory
House District 31,"PHILLIPS, JACQUELINE",300.0,2025-10-09 00:00:00,Magic Matt Entertainment,Thornton,CO,80229,Entertainment,Campaign Event Magic Show
House District 31,"PHILLIPS, JACQUELINE",2250.0,2025-10-10 00:00:00,Joshua  Lee,Denver,CO,80237,Consultant & Professional Services,Campaign Management Services
House District 31,"PHILLIPS, JACQUELINE",11.86,2025-10-12 00:00:00,Actblue Llc,Somerville,MA,02144,Fundraising Expenses,Donor Processing Fees
House District 31,"PHILLIPS, JACQUELINE",2.0,2025-10-14 00:00:00,Firstbank,Thornton,CO,80233,Bank Fees,Bank Service Fees
House District 31,"PHILLIPS, JACQUELINE",1.0,2025-10-14 00:00:00,Firstbank,Thornton,CO,80233,Bank Fees,Bank Service Fees
House District 31,"PHILLIPS, JACQUELINE",26.68,2025-10-19 00:00:00,Actblue Llc,Somerville,MA,02144,Fundraising Expenses,Donor Processing Fees
House District 31,"PHILLIPS, JACQUELINE",1000.0,2025-10-20 00:00:00,Colorado Opportunity Caucus,Denver,CO,80202,Contributions,Caucus Membership Dues
House District 31,"PHILLIPS, JACQUELINE",53.34,2025-10-26 00:00:00,Actblue Llc,Somerville,MA,02144,Fundraising Expenses,Donor Processing Fees
House District 31,"PHILLIPS, JACQUELINE",43.46,2025-11-02 00:00:00,Actblue Llc,Somerville,MA,02144,Fundraising Expenses,Donor Processing Fees
House District 31,"PHILLIPS, JACQUELINE",100.0,2025-11-04 00:00:00,Adams County Democratic Party (A.C.D.C.C),Westminster,CO,80031,Advertising,Acdc Event Sponsor
House District 31,"PHILLIPS, JACQUELINE",1500.0,2025-11-12 00:00:00,Practical Campaign Services,Centennial,CO,80122,Consultant & Professional Services,Strategic Advisory
House District 31,"PHILLIPS, JACQUELINE",2.0,2025-11-12 00:00:00,Firstbank,Thornton,CO,80233,Bank Fees,Bank Service Fees
House District 31,"PHILLIPS, JACQUELINE",1.98,2025-11-16 00:00:00,Actblue Llc,Somerville,MA,02144,Fundraising Expenses,Donor Processing Fees
House District 31,"PHILLIPS, JACQUELINE",132.37,2025-11-23 00:00:00,Actblue Llc,Somerville,MA,02144,Fundraising Expenses,Donor Processing Fees
House District 31,"PHILLIPS, JACQUELINE",9.88,2025-11-30 00:00:00,Actblue Llc,Somerville,MA,02144,Fundraising Expenses,Donor Processing Fees
House District 31,"PHILLIPS, JACQUELINE",156.0,2025-12-09 00:00:00,Usps,Broomfield,CO,80021,Office Equipment & Supplies,Stamps
House District 31,"PHILLIPS, JACQUELINE",1500.0,2025-12-10 00:00:00,Practical Campaign Services,Centennial,CO,80122,Consultant & Professional Services,Strategic Advisory
House District 31,"PHILLIPS, JACQUELINE",1220.0,2025-12-10 00:00:00,Usps,Broomfield,CO,80021,Advertising,Campaign Literature Mailer In Support Of Jacque Phillips For Colorado State House District 31. In Excess Of 30 Days From A Primary Or General Election.
House District 31,"PHILLIPS, JACQUELINE",2.0,2025-12-10 00:00:00,Firstbank,Thornton,CO,80233,Bank Fees,Bank Service Fees
House District 31,"PHILLIPS, JACQUELINE",472.52,2025-12-12 00:00:00,Gamino Printing Co,Denver,CO,80223,Advertising,Literature Printing
House District 31,"PHILLIPS, JACQUELINE",1.98,2025-12-14 00:00:00,Actblue Llc,Somerville,MA,02144,Fundraising Expenses,Donor Processing Fees
House District 31,"PHILLIPS, JACQUELINE",77.05,2025-12-21 00:00:00,Actblue Llc,Somerville,MA,02144,Fundraising Expenses,Donor Processing Fees
House District 31,"PHILLIPS, JACQUELINE",1500.0,2025-12-22 00:00:00,Joshua  Lee,Denver,CO,80237,Consultant & Professional Services,Campaign Management Services
House District 31,"PHILLIPS, JACQUELINE",500.0,2025-12-22 00:00:00,Colorado Democratic Party,Denver,CO,80203,Advertising,Colorado Young Dems Event Sponsor
House District 31,"PHILLIPS, JACQUELINE",216.01,2025-12-24 00:00:00,Gamino Printing Co,Denver,CO,80223,Advertising,Literature Printing
House District 31,"PHILLIPS, JACQUELINE",17.78,2025-12-28 00:00:00,Actblue Llc,Somerville,MA,02144,Fundraising Expenses,Donor Processing Fees
House District 31,"PHILLIPS, JACQUELINE",283.77,2025-12-30 00:00:00,Alphagraphics,Denver,CO,80265,Advertising,Campaign Promotional Materials
House District 31,"PHILLIPS, JACQUELINE",511.65,2025-12-30 00:00:00,Rushordertees,Philadelphia,PA,19154,Advertising,Campaign Promotional T-Shirts
House District 32,"LEE, MICHELLE",,,,,,,,
House District 32,"SCORDO, DAMON",,,,,,,,
House District 32,"VANDIJK, CHRISTOPHER",17.73,2025-02-28 00:00:00,Google Llc,Mountain View,CA,94043,Other,Google Workspace
House District 32,"VANDIJK, CHRISTOPHER",27.59,2025-04-01 00:00:00,Google Llc,Mountain View,CA,94043,Other,Domain Name
House District 32,"VANDIJK, CHRISTOPHER",1550.0,2025-04-04 00:00:00,Run!,Brooklyn,NY,11201,Other,Web Site
House District 32,"VANDIJK, CHRISTOPHER",403.4,2025-04-15 00:00:00,Colorado Democratic Party,Denver,CO,80203,Consultant & Professional Services,
House District 32,"VANDIJK, CHRISTOPHER",45.0,2025-04-18 00:00:00,Mail Chimp,Atl,GA,30312,Advertising,
House District 32,"VANDIJK, CHRISTOPHER",27.59,2025-04-30 00:00:00,Google Llc,Mountain View,CA,94043,Other,Google Workspace
House District 32,"VANDIJK, CHRISTOPHER",50.0,2025-05-04 00:00:00,Run!,Brooklyn,NY,11201,Advertising,
House District 32,"VANDIJK, CHRISTOPHER",146.67,2025-05-06 00:00:00,Corazon Printing,Broomfield,CO,80020,Fundraising Expenses,Bre
House District 32,"VANDIJK, CHRISTOPHER",500.0,2025-05-06 00:00:00,40 North Advocacy,Fort Washington,PA,19034,Consultant & Professional Services,
House District 32,"VANDIJK, CHRISTOPHER",872.4,2025-05-16 00:00:00,Corazon Printing,Broomfield,CO,80020,Advertising,
House District 32,"VANDIJK, CHRISTOPHER",78.66,2025-05-17 00:00:00,Tasty Donuts,Commerce City,CO,80022,"Food, Beverages and Meals",Kick Off Food
House District 32,"VANDIJK, CHRISTOPHER",390.67,2025-05-17 00:00:00,Coffess Houses By Cup,Commerce City,CO,80022,"Food, Beverages and Meals",
House District 32,"VANDIJK, CHRISTOPHER",27.69,2025-05-18 00:00:00,Mail Chimp,Atl,GA,30312,Advertising,
House District 32,"VANDIJK, CHRISTOPHER",27.59,2025-05-31 00:00:00,Google Llc,Mountain View,CA,94043,Consultant & Professional Services,
House District 32,"VANDIJK, CHRISTOPHER",27.69,2025-06-18 00:00:00,Mailchimp,Atlanta,GA,30308,Consultant & Professional Services,
House District 32,"VANDIJK, CHRISTOPHER",258.31,2025-06-30 00:00:00,Act Blue,Somerville,MA,02144,Bank Fees,Cc Processing
House District 32,"VANDIJK, CHRISTOPHER",27.59,2025-06-30 00:00:00,Google Llc,Mountain View,CA,94043,Consultant & Professional Services,
House District 32,"VANDIJK, CHRISTOPHER",50.0,2025-07-04 00:00:00,Run!,Brooklyn,NY,11201,Consultant & Professional Services,
House District 32,"VANDIJK, CHRISTOPHER",250.0,2025-07-10 00:00:00,Adams County Democratic Party (A.C.D.C.C),Westminster,CO,80031,Advertising,Jfk Dinner Ad
House District 32,"VANDIJK, CHRISTOPHER",3.22,2025-07-16 00:00:00,Mail Chimp,Atl,GA,30312,Fundraising Expenses,Email Service
House District 32,"VANDIJK, CHRISTOPHER",47.03,2025-07-18 00:00:00,Mailchimp,Atlanta,GA,30308,Fundraising Expenses,E Mail Service
House District 32,"VANDIJK, CHRISTOPHER",140.31,2025-07-21 00:00:00,Corazon Printing,Broomfield,CO,80020,Consultant & Professional Services,
House District 32,"VANDIJK, CHRISTOPHER",50.0,2025-08-04 00:00:00,Run!,Brooklyn,NY,11201,Consultant & Professional Services,
House District 32,"VANDIJK, CHRISTOPHER",5.0,2025-08-10 00:00:00,Libra Labs,Falls Church,VA,22043,Telephone,
House District 32,"VANDIJK, CHRISTOPHER",174.08,2025-08-10 00:00:00,Custom Ink,Tyson,VA,22102,Consultant & Professional Services,Printing
House District 32,"VANDIJK, CHRISTOPHER",500.0,2025-08-14 00:00:00,Numero,Costa Mesa,CA,92626,Fundraising Expenses,
House District 32,"VANDIJK, CHRISTOPHER",329.0,2025-08-15 00:00:00,Numero,Costa Mesa,CA,92626,Fundraising Expenses,
House District 32,"VANDIJK, CHRISTOPHER",47.03,2025-08-18 00:00:00,Mail Chimp,Atl,GA,30312,Fundraising Expenses,
House District 32,"VANDIJK, CHRISTOPHER",27.59,2025-08-31 00:00:00,Google Llc,Mountain View,CA,94043,Consultant & Professional Services,
House District 32,"VANDIJK, CHRISTOPHER",429.0,2025-09-01 00:00:00,Numero,Costa Mesa,CA,92626,Fundraising Expenses,
House District 32,"VANDIJK, CHRISTOPHER",50.0,2025-09-04 00:00:00,Run!,Brooklyn,NY,11201,Consultant & Professional Services,
House District 32,"VANDIJK, CHRISTOPHER",450.0,2025-09-16 00:00:00,40 North Advocacy,Fort Washington,PA,19034,Consultant & Professional Services,
House District 32,"VANDIJK, CHRISTOPHER",53.82,2025-09-18 00:00:00,Mail Chimp,Atl,GA,30312,Fundraising Expenses,
House District 32,"VANDIJK, CHRISTOPHER",100.0,2025-09-18 00:00:00,Eagle Point Recreation Center,Commerce City,CO,80022,Advertising,
House District 32,"VANDIJK, CHRISTOPHER",171.49,2025-09-19 00:00:00,Table Covers Now,Staffprd,TX,77477,Advertising,
House District 32,"VANDIJK, CHRISTOPHER",215.0,2025-09-19 00:00:00,Canva,Austin,TX,78702,Consultant & Professional Services,
House District 32,"VANDIJK, CHRISTOPHER",128.8,2025-09-30 00:00:00,Act Blue,Somerville,MA,02144,Bank Fees,Cc Processing
House District 32,"VANDIJK, CHRISTOPHER",15.68,2025-10-01 00:00:00,Mailchimp,Atlanta,GA,30308,Fundraising Expenses,
House District 32,"VANDIJK, CHRISTOPHER",600.0,2025-10-01 00:00:00,Numero,Costa Mesa,CA,92626,Fundraising Expenses,
House District 32,"VANDIJK, CHRISTOPHER",50.0,2025-10-04 00:00:00,Run!,Brooklyn,NY,11201,Consultant & Professional Services,
House District 32,"VANDIJK, CHRISTOPHER",62.7,2025-10-18 00:00:00,Mail Chimp,Atl,GA,30312,Fundraising Expenses,
House District 32,"VANDIJK, CHRISTOPHER",27.59,2025-11-01 00:00:00,Google Llc,Mountain View,CA,94043,Office Equipment & Supplies,
House District 32,"VANDIJK, CHRISTOPHER",600.0,2025-11-01 00:00:00,Numero,Costa Mesa,CA,92626,Fundraising Expenses,
House District 32,"VANDIJK, CHRISTOPHER",50.0,2025-11-04 00:00:00,Run!,Brooklyn,NY,11201,Consultant & Professional Services,
House District 32,"VANDIJK, CHRISTOPHER",62.7,2025-11-17 00:00:00,Mailchimp,Atlanta,GA,30308,Fundraising Expenses,
House District 32,"VANDIJK, CHRISTOPHER",46.48,2025-11-20 00:00:00,Corazon Printing,Broomfield,CO,80020,Consultant & Professional Services,
House District 32,"VANDIJK, CHRISTOPHER",27.59,2025-12-01 00:00:00,Google Llc,Mountain View,CA,94043,Office Equipment & Supplies,
House District 32,"VANDIJK, CHRISTOPHER",50.0,2025-12-04 00:00:00,Run!,Brooklyn,NY,11201,Consultant & Professional Services,
House District 32,"VANDIJK, CHRISTOPHER",62.7,2025-12-17 00:00:00,Mail Chimp,Atl,GA,30312,Fundraising Expenses,
House District 32,"VANDIJK, CHRISTOPHER",173.58,2025-12-31 00:00:00,Act Blue,Somerville,MA,02144,Bank Fees,Cc Processing 10/1 Through 12/31 2025
House District 33,"DELGADILLO, PALOMA",54.0,2025-05-25 00:00:00,Squarespace,New York,NY,10014,Other,Purchase Of Website Domain; Originally Made On Personal Card And Reimbursed On 6/25/2025 Via Check
House District 33,"DELGADILLO, PALOMA",25.58,2025-05-25 00:00:00,Actblue,Boston,MA,02196,Fundraising Expenses,Actblue Processing Fee
House District 33,"DELGADILLO, PALOMA",54.01,2025-06-01 00:00:00,Actblue,Boston,MA,02196,Fundraising Expenses,Actblue Processing Fee
House District 33,"DELGADILLO, PALOMA",20.08,2025-06-08 00:00:00,Actblue,Boston,MA,02196,Fundraising Expenses,Actblue Processing Fee
House District 33,"DELGADILLO, PALOMA",6.84,2025-06-15 00:00:00,Actblue,Boston,MA,02196,Fundraising Expenses,Actblue Processing Fee
House District 33,"DELGADILLO, PALOMA",432.85,2025-06-17 00:00:00,Colorado Democratic Party,Denver,CO,80203,Other,Access To Van; Originally Made On Personal Credit Card And Reimbursed On 6/25/2025 Via Check
House District 33,"DELGADILLO, PALOMA",248.4,2025-06-17 00:00:00,Squarespace,New York,NY,10014,Other,Squarespace Website Expense; Originally Made On Personal Card And Reimbursed On 6/25/2025 Via Check
House District 33,"DELGADILLO, PALOMA",30.0,2025-06-21 00:00:00,Canva,Austin,TX,78701,Other,Canva Subscription; Originally Made On Personal Card And Reimbursed Via Check On 6/21/2025
House District 33,"DELGADILLO, PALOMA",19.09,2025-06-22 00:00:00,Actblue,Boston,MA,02196,Fundraising Expenses,Actblue Processing Fee
House District 33,"DELGADILLO, PALOMA",4.46,2025-06-29 00:00:00,Actblue,Boston,MA,02196,Fundraising Expenses,Actblue Processing Fee
House District 33,"DELGADILLO, PALOMA",30.0,2025-07-21 00:00:00,Canva,Austin,TX,78701,Other,Canva For Design
House District 33,"DELGADILLO, PALOMA",2.48,2025-07-27 00:00:00,Actblue,Boston,MA,02196,Other,Actblue Fee Using Deposit Number 401656443
House District 33,"DELGADILLO, PALOMA",0.99,2025-08-03 00:00:00,Actblue,Boston,MA,02196,Other,"Actblue Fee, Direct Deposit # 401664438"
House District 33,"DELGADILLO, PALOMA",30.0,2025-08-21 00:00:00,Canva,Austin,TX,78701,Other,Canva For Design
House District 33,"DELGADILLO, PALOMA",1.49,2025-08-24 00:00:00,Actblue,Boston,MA,02196,Other,"Actblue Fee, Direct Deposit # 401681871"
House District 33,"DELGADILLO, PALOMA",1.98,2025-08-31 00:00:00,Actblue,Boston,MA,02196,Other,"Actblue Fee, Direct Deposit # 401689978"
House District 33,"DELGADILLO, PALOMA",84.0,2025-09-08 00:00:00,Squarespace,New York,NY,10014,Other,Website Email Subscription Functionality On Square Space
House District 33,"DELGADILLO, PALOMA",34.43,2025-09-14 00:00:00,Actblue,Boston,MA,02196,Other,"Actblue Fee, Direct Deposit # 401703678"
House District 33,"DELGADILLO, PALOMA",16.27,2025-09-21 00:00:00,Actblue,Boston,MA,02196,Other,"Actblue Fee, Direct Deposit # 401708343"
House District 33,"DELGADILLO, PALOMA",30.0,2025-09-22 00:00:00,Canva,Austin,TX,78701,Other,Canva For Design
House District 33,"DELGADILLO, PALOMA",8.73,2025-09-28 00:00:00,Actblue,Boston,MA,02196,Other,"Actblue Fee, Direct Deposit # 401717371"
House District 33,"DELGADILLO, PALOMA",200.74,2025-09-29 00:00:00,Corazon Printing,Broomfield,CO,80020,Office Equipment & Supplies,"Business Cards And Envelopes, Invoice Number 25-133"
House District 33,"DELGADILLO, PALOMA",3.95,2025-09-30 00:00:00,Actblue,Boston,MA,02196,Other,"Actblue Fee, Direct Deposit # 401722881"
House District 33,"DELGADILLO, PALOMA",3.95,2025-10-05 00:00:00,Actblue,Boston,MA,02196,Other,Actblue Fee Direct Deposit 401729229
House District 33,"DELGADILLO, PALOMA",0.99,2025-10-19 00:00:00,Actblue,Boston,MA,02196,Other,Actblue Fee Direct Deposit 401740924
House District 33,"DELGADILLO, PALOMA",30.0,2025-10-21 00:00:00,Canva,Austin,TX,78701,Other,"Canva*I04676-11
Canva Software For Media And Flyers"
House District 33,"DELGADILLO, PALOMA",2.48,2025-10-26 00:00:00,Actblue,Boston,MA,02196,Other,Actblue Fee 401748922
House District 33,"DELGADILLO, PALOMA",4.95,2025-11-02 00:00:00,Actblue,Boston,MA,02196,Other,Actblue Direct Deposit Fee 401754500
House District 33,"DELGADILLO, PALOMA",100.0,2025-11-09 00:00:00,Actblue,Boston,MA,02196,Other,Actblue Fee Direct Deposit 401763749
House District 33,"DELGADILLO, PALOMA",4.94,2025-11-16 00:00:00,Actblue,Boston,MA,02196,Other,Actblue Fee Direct Deposit 401769506
House District 33,"DELGADILLO, PALOMA",30.0,2025-11-21 00:00:00,Canva,Austin,TX,78701,Other,Canva Software For Media
House District 33,"DELGADILLO, PALOMA",5.05,2025-11-30 00:00:00,Actblue,Boston,MA,02196,Other,Actblue Fee Direct Deposit 401781284
House District 33,"DELGADILLO, PALOMA",101.66,2025-12-08 00:00:00,Corazon Printing,Broomfield,CO,80020,Miscellaneous,Payment To Corazon Printing For Letterhead And Rally Signs
House District 33,"DELGADILLO, PALOMA",0.79,2025-12-14 00:00:00,Actblue,Boston,MA,02196,Other,Actblue Fee Direct Deposit 401796976
House District 33,"DELGADILLO, PALOMA",0.2,2025-12-21 00:00:00,Actblue,Boston,MA,02196,Other,Actblue Fee Direct Deposit 401803515
House District 33,"DELGADILLO, PALOMA",3.47,2025-12-28 00:00:00,Actblue,Boston,MA,02196,Other,Actblue Fee Direct Deposit 401809264
House District 33,"HENKEL, HEIDI",83.59,2025-06-01 00:00:00,Actblue Technical Services,Boston,MA,02196-2017,Bank Fees,
House District 33,"HENKEL, HEIDI",33.41,2025-06-08 00:00:00,Actblue Technical Services,Boston,MA,02196-2017,Bank Fees,
House District 33,"HENKEL, HEIDI",12.78,2025-06-15 00:00:00,Actblue Technical Services,Boston,MA,02196-2017,Bank Fees,
House District 33,"HENKEL, HEIDI",54.35,2025-06-22 00:00:00,Actblue Technical Services,Boston,MA,02196-2017,Bank Fees,
House District 33,"HENKEL, HEIDI",108.31,2025-06-29 00:00:00,Actblue Technical Services,Boston,MA,02196-2017,Bank Fees,
House District 33,"HENKEL, HEIDI",45.7,2025-06-30 00:00:00,Actblue Technical Services,Boston,MA,02196-2017,Bank Fees,
House District 33,"HENKEL, HEIDI",730.0,2025-07-01 00:00:00,Alex  Austin,Broomfield,CO,80023,Consultant & Professional Services,
House District 33,"HENKEL, HEIDI",44.15,2025-07-02 00:00:00,Wix.Com Inc,New York,NY,10014,Advertising,Wix-Website
House District 33,"HENKEL, HEIDI",46.87,2025-07-02 00:00:00,Mailchimp,Atlanta,GE,30308,Advertising,Mailchimp
House District 33,"HENKEL, HEIDI",216.0,2025-07-02 00:00:00,Wix.Com Inc,New York,NY,10014,Advertising,Wix-Website
House District 33,"HENKEL, HEIDI",432.85,2025-07-02 00:00:00,Ngp Van,Washington,DC,20005,Other,Van Access
House District 33,"HENKEL, HEIDI",33.6,2025-07-06 00:00:00,Actblue Technical Services,Boston,MA,02196-2017,Bank Fees,
House District 33,"HENKEL, HEIDI",21.0,2025-07-13 00:00:00,Actblue Technical Services,Boston,MA,02196-2017,Bank Fees,
House District 33,"HENKEL, HEIDI",60.41,2025-07-14 00:00:00,Mailchimp,Atlanta,GE,30308,Advertising,
House District 33,"HENKEL, HEIDI",6.66,2025-07-20 00:00:00,Actblue Technical Services,Boston,MA,02196-2017,Bank Fees,
House District 33,"HENKEL, HEIDI",0.99,2025-07-27 00:00:00,Actblue Technical Services,Boston,MA,02196-2017,Bank Fees,
House District 33,"HENKEL, HEIDI",15.62,2025-07-30 00:00:00,Mailchimp,Atlanta,GE,30308,Advertising,
House District 33,"HENKEL, HEIDI",24.31,2025-08-03 00:00:00,Actblue Technical Services,Boston,MA,02196-2017,Bank Fees,
House District 33,"HENKEL, HEIDI",3.8,2025-08-10 00:00:00,Actblue Technical Services,Boston,MA,02196-2017,Bank Fees,
House District 33,"HENKEL, HEIDI",62.49,2025-08-12 00:00:00,Mailchimp,Atlanta,GE,30308,Advertising,
House District 33,"HENKEL, HEIDI",4.94,2025-08-17 00:00:00,Actblue Technical Services,Boston,MA,02196-2017,Bank Fees,
House District 33,"HENKEL, HEIDI",126.0,2025-08-20 00:00:00,Alex  Austin,Broomfield,CO,80023,Consultant & Professional Services,Alex Austin- Cm
House District 33,"HENKEL, HEIDI",3.95,2025-08-24 00:00:00,Actblue Technical Services,Boston,MA,02196-2017,Bank Fees,
House District 33,"HENKEL, HEIDI",28.86,2025-08-31 00:00:00,Actblue Technical Services,Boston,MA,02196-2017,Bank Fees,
House District 33,"HENKEL, HEIDI",52.78,2025-09-07 00:00:00,Actblue Technical Services,Boston,MA,02196-2017,Bank Fees,
House District 33,"HENKEL, HEIDI",75.51,2025-09-12 00:00:00,Mailchimp,Atlanta,GE,30308,Advertising,
House District 33,"HENKEL, HEIDI",11.51,2025-09-14 00:00:00,Actblue Technical Services,Boston,MA,02196-2017,Bank Fees,
House District 33,"HENKEL, HEIDI",80.25,2025-09-18 00:00:00,Fastsigns,Northglenn,CO,80234,Advertising,
House District 33,"HENKEL, HEIDI",11.47,2025-09-21 00:00:00,Actblue Technical Services,Boston,MA,02196-2017,Bank Fees,
House District 33,"HENKEL, HEIDI",40.69,2025-09-22 00:00:00,Staples,Broomfield,CO,80020,Advertising,
House District 33,"HENKEL, HEIDI",97.24,2025-09-28 00:00:00,Actblue Technical Services,Boston,MA,02196-2017,Bank Fees,
House District 33,"HENKEL, HEIDI",156.2,2025-09-30 00:00:00,Actblue Technical Services,Boston,MA,02196-2017,Bank Fees,
House District 33,"HENKEL, HEIDI",6.34,2025-10-05 00:00:00,Actblue Technical Services,Boston,MA,02196-2017,Bank Fees,
House District 33,"HENKEL, HEIDI",1.23,2025-10-12 00:00:00,Actblue Technical Services,Boston,MA,02196-2017,Bank Fees,
House District 33,"HENKEL, HEIDI",88.53,2025-10-14 00:00:00,Mailchimp,Atlanta,GE,30308,Fundraising Expenses,
House District 33,"HENKEL, HEIDI",866.08,2025-10-14 00:00:00,Alex  Austin,Broomfield,CO,80023,Consultant & Professional Services,
House District 33,"HENKEL, HEIDI",18.78,2025-10-26 00:00:00,Actblue Technical Services,Boston,MA,02196-2017,Bank Fees,
House District 33,"HENKEL, HEIDI",200.0,2025-10-29 00:00:00,Bri  Williams,Denver,CO,80221,Consultant & Professional Services,
House District 33,"HENKEL, HEIDI",21.35,2025-11-02 00:00:00,Actblue Technical Services,Boston,MA,02196-2017,Bank Fees,
House District 33,"HENKEL, HEIDI",15.28,2025-11-09 00:00:00,Actblue Technical Services,Boston,MA,02196-2017,Bank Fees,
House District 33,"HENKEL, HEIDI",127.92,2025-11-10 00:00:00,Corazon Printing,Broomfield,CO,80020,Advertising,
House District 33,"HENKEL, HEIDI",7.14,2025-11-12 00:00:00,Starbucks,Seattle,WA,98134,"Food, Beverages and Meals",
House District 33,"HENKEL, HEIDI",12.92,2025-11-12 00:00:00,Tst Flora- Flora Cafe,Denver,CO,80204,"Food, Beverages and Meals",
House District 33,"HENKEL, HEIDI",56.42,2025-11-12 00:00:00,Yardhouse,Denver,CO,80202,"Food, Beverages and Meals",
House District 33,"HENKEL, HEIDI",101.55,2025-11-12 00:00:00,Mailchimp,Atlanta,GE,30308,Fundraising Expenses,
House District 33,"HENKEL, HEIDI",500.0,2025-11-14 00:00:00,Bri  Williams,Denver,CO,80221,Consultant & Professional Services,
House District 33,"HENKEL, HEIDI",45.31,2025-11-16 00:00:00,Actblue Technical Services,Boston,MA,02196-2017,Bank Fees,
House District 33,"HENKEL, HEIDI",120.0,2025-11-17 00:00:00,Alex  Austin,Broomfield,CO,80023,Consultant & Professional Services,
House District 33,"HENKEL, HEIDI",22.92,2025-11-23 00:00:00,Actblue Technical Services,Boston,MA,02196-2017,Bank Fees,
House District 33,"HENKEL, HEIDI",22.68,2025-11-26 00:00:00,First Watch,Bradenton,FL,34201,"Food, Beverages and Meals",
House District 33,"HENKEL, HEIDI",59.29,2025-11-30 00:00:00,Actblue Technical Services,Boston,MA,02196-2017,Bank Fees,
House District 33,"HENKEL, HEIDI",41.66,2025-12-01 00:00:00,Mailchimp,Atlanta,GE,30308,Fundraising Expenses,
House District 33,"HENKEL, HEIDI",10.89,2025-12-03 00:00:00,Ziggis,Broomfield,CO,80020,"Food, Beverages and Meals",
House District 33,"HENKEL, HEIDI",27.28,2025-12-07 00:00:00,Actblue Technical Services,Boston,MA,02196-2017,Bank Fees,
House District 33,"HENKEL, HEIDI",104.15,2025-12-12 00:00:00,Mailchimp,Atlanta,GE,30308,Fundraising Expenses,
House District 33,"HENKEL, HEIDI",40.76,2025-12-14 00:00:00,Actblue Technical Services,Boston,MA,02196-2017,Bank Fees,
House District 33,"HENKEL, HEIDI",25.0,2025-12-18 00:00:00,Edie  Mann,Broomfield,CO,80020,Consultant & Professional Services,
House District 33,"HENKEL, HEIDI",300.0,2025-12-18 00:00:00,Bri  Williams,Denver,CO,80221,Consultant & Professional Services,
House District 33,"HENKEL, HEIDI",51.98,2025-12-21 00:00:00,Actblue Technical Services,Boston,MA,02196-2017,Bank Fees,
House District 33,"HENKEL, HEIDI",225.0,2025-12-22 00:00:00,Alex  Austin,Broomfield,CO,80023,Consultant & Professional Services,
House District 33,"HENKEL, HEIDI",9.69,2025-12-28 00:00:00,Actblue Technical Services,Boston,MA,02196-2017,Bank Fees,
House District 33,"HENKEL, HEIDI",48.24,2025-12-31 00:00:00,Actblue Technical Services,Boston,MA,02196-2017,Bank Fees,
House District 33,"NGUYEN, KENNY",124.86,2025-06-13 00:00:00,Dnh Godaddy,Tempe,AR,85284,Advertising,Computer Network And Information Services
House District 33,"NGUYEN, KENNY",44.53,2025-06-13 00:00:00,Dnh Godaddy,Tempe,AR,85284,Advertising,Computer Network And Information Services
House District 33,"NGUYEN, KENNY",53.16,2025-06-16 00:00:00,Actblue,Boston,MA,02196,Bank Fees,Computer Network And Information Services
House District 33,"NGUYEN, KENNY",25.09,2025-07-01 00:00:00,Actblue,Boston,MA,02196,Bank Fees,
House District 33,"NGUYEN, KENNY",8.1,2025-08-01 00:00:00,Actblue,Boston,MA,02196,Bank Fees,
House District 33,"NGUYEN, KENNY",46.53,2025-09-01 00:00:00,Actblue,Boston,MA,02196,Bank Fees,
House District 33,"NGUYEN, KENNY",200.0,2025-09-17 00:00:00,Rails End Beer Company,Broomfield,CO,80020,Rent & Utilities,Reservation For Venue
House District 33,"NGUYEN, KENNY",114.22,2025-08-18 00:00:00,Coraz”N Printing,Broomfield,CO,80020,Advertising,
House District 33,"NGUYEN, KENNY",14.29,2025-10-01 00:00:00,Actblue,Boston,MA,02196,Bank Fees,
House District 33,"NGUYEN, KENNY",432.85,2025-11-20 00:00:00,Colorado Democratic Party,Denver,CO,80203,Miscellaneous,Van Access
House District 33,"NGUYEN, KENNY",268.32,2025-11-24 00:00:00,Coraz”N Printing,Broomfield,CO,80020,Advertising,
House District 33,"NGUYEN, KENNY",17.78,2025-12-21 00:00:00,Actblue,Boston,MA,02196,Bank Fees,
House District 33,"NGUYEN, KENNY",2.97,2025-12-28 00:00:00,Actblue,Boston,MA,02196,Bank Fees,
House District 33,"NGUYEN, KENNY",9.68,2025-12-31 00:00:00,Actblue,Boston,MA,02196,Bank Fees,
House District 34,"SULLIVAN, CRAIG",,,,,,,,
House District 34,"WILLFORD, JENNY",54.08,2025-07-10 00:00:00,Mailchimp,Atlanta,GA,30308,Office Equipment & Supplies,
House District 34,"WILLFORD, JENNY",0.28,2025-07-27 00:00:00,Actblue,Somerville,MA,02144,Fundraising Expenses,
House District 34,"WILLFORD, JENNY",54.08,2025-08-10 00:00:00,Mailchimp,Atlanta,GA,30308,Office Equipment & Supplies,
House District 34,"WILLFORD, JENNY",69.0,2025-08-21 00:00:00,City Of Thornton,Thornton,CO,80229,Miscellaneous,
House District 34,"WILLFORD, JENNY",59.07,2025-08-21 00:00:00,Target,Thornton,CO,80233,Miscellaneous,
House District 34,"WILLFORD, JENNY",19.14,2025-08-23 00:00:00,Jlr Burritos,Denver,CO,80223,"Food, Beverages and Meals",
House District 34,"WILLFORD, JENNY",0.28,2025-08-31 00:00:00,Actblue,Somerville,MA,02144,Fundraising Expenses,
House District 34,"WILLFORD, JENNY",3.95,2025-09-07 00:00:00,Actblue,Somerville,MA,02144,Fundraising Expenses,
House District 34,"WILLFORD, JENNY",54.08,2025-09-10 00:00:00,Mailchimp,Atlanta,GA,30308,Miscellaneous,
House District 34,"WILLFORD, JENNY",41.58,2025-09-18 00:00:00,Amazon,Seattle,WA,98109,Miscellaneous,
House District 34,"WILLFORD, JENNY",0.28,2025-09-28 00:00:00,Actblue,Somerville,MA,02144,Fundraising Expenses,
House District 34,"WILLFORD, JENNY",52.0,2025-10-10 00:00:00,Mailchimp,Atlanta,GA,30308,Office Equipment & Supplies,
House District 34,"WILLFORD, JENNY",8.18,2025-10-26 00:00:00,Actblue,Somerville,MA,02144,Fundraising Expenses,
House District 34,"WILLFORD, JENNY",284.17,2025-11-08 00:00:00,The Elizabeth Hotel,Fort Collins,CO,80524,Travel & Lodging,
House District 34,"WILLFORD, JENNY",54.08,2025-11-10 00:00:00,Mailchimp,Atlanta,GA,30308,Office Equipment & Supplies,
House District 34,"WILLFORD, JENNY",7.9,2025-12-07 00:00:00,Actblue,Somerville,MA,02144,Fundraising Expenses,
House District 34,"WILLFORD, JENNY",54.08,2025-12-10 00:00:00,Mailchimp,Atlanta,GA,30308,Office Equipment & Supplies,
House District 35,"GARCIA, LORENA",72.33,2025-01-06 00:00:00,Gusto,San Francisco,CA,94107,Bank Fees,
House District 35,"GARCIA, LORENA",15.99,2025-01-08 00:00:00,Blue Host,Jacksonville,FL,32256,Other,Webhosting
House District 35,"GARCIA, LORENA",2.0,2025-01-31 00:00:00,Firstbank,Denver,CO,80211,Bank Fees,
House District 35,"GARCIA, LORENA",324.42,2025-02-05 00:00:00,Gusto,San Fransisco,CO,94107,Employee Services,Payroll And Fees Through Gusto
House District 35,"GARCIA, LORENA",4.0,2025-02-07 00:00:00,Gusto,San Francisco,CA,94107,Bank Fees,
House District 35,"GARCIA, LORENA",15.99,2025-02-10 00:00:00,Bluehose,Jacksonville,FL,32256,Other,Webhosting For Website
House District 35,"GARCIA, LORENA",2.0,2025-02-28 00:00:00,Firstbank,Denver,CO,80211,Bank Fees,
House District 35,"GARCIA, LORENA",2500.0,2025-03-03 00:00:00,House Dems Petty Cash Fund,Denver,CO,80203,Contributions,House Dems Caucus Dues
House District 35,"GARCIA, LORENA",15.99,2025-03-10 00:00:00,Bluehost,Jacksonville,FL,32556,Other,Web Hosting
House District 35,"GARCIA, LORENA",30.0,2025-03-10 00:00:00,Firstbank,Denver,CO,80211,Bank Fees,
House District 35,"GARCIA, LORENA",2.0,2025-03-31 00:00:00,Firstbank,Denver,CO,80211,Bank Fees,
House District 35,"GARCIA, LORENA",15.99,2025-04-08 00:00:00,Bluehost,Jacksonville,FL,32556,Other,Website Hosting Fee
House District 35,"GARCIA, LORENA",2.0,2025-04-30 00:00:00,Firstbank,Denver,CO,80211,Bank Fees,Debit Card Fee
House District 35,"GARCIA, LORENA",15.99,2025-05-08 00:00:00,Bluehost,Jacksonville,FL,32256,Other,Web Hosting
House District 35,"GARCIA, LORENA",2.0,2025-05-30 00:00:00,Firstbank,Denver,CO,80211,Bank Fees,Debit Card Fee
House District 35,"GARCIA, LORENA",15.99,2025-06-09 00:00:00,Bluehost,Jacksonville,FL,32556,Other,Website Hosting
House District 35,"GARCIA, LORENA",2.0,2025-06-30 00:00:00,Firstbank,Denver,CO,80211,Bank Fees,Debit Card Fee
House District 35,"GARCIA, LORENA",0.99,2025-07-13 00:00:00,Actblue,Somerville,MA,02144,Bank Fees,
House District 35,"GARCIA, LORENA",15.99,2025-08-08 00:00:00,Bluehost,Jacksonville,FL,32556,Advertising,
House District 35,"GARCIA, LORENA",0.99,2025-08-10 00:00:00,Actblue,Somerville,MA,02144,Bank Fees,
House District 35,"GARCIA, LORENA",2.0,2025-08-29 00:00:00,Firstbank,Denver,CO,80211,Bank Fees,
House District 35,"GARCIA, LORENA",3.85,2025-09-05 00:00:00,Breck Park,Breckenrigde,CO,80424,Travel & Lodging,Parking For Library Association Event
House District 35,"GARCIA, LORENA",15.99,2025-09-08 00:00:00,Bluehost,Jacksonville,FL,32556,Advertising,
House District 35,"GARCIA, LORENA",0.99,2025-09-14 00:00:00,Actblue,Somerville,MA,02144,Bank Fees,
House District 35,"GARCIA, LORENA",215.0,2025-09-24 00:00:00,Usps,Denver,CO,80211,Rent & Utilities,Po Box Rental
House District 35,"GARCIA, LORENA",2.0,2025-09-30 00:00:00,Firstbank,Denver,CO,80211,Bank Fees,
House District 35,"GARCIA, LORENA",15.99,2024-12-09 00:00:00,Blue Host,Jacksonville,FL,32256,Other,Software For Constituent Communication
House District 35,"GARCIA, LORENA",304.17,2024-12-31 00:00:00,Gusto,San Francisco,CA,94107,Employee Services,Employee Taxes
House District 35,"GARCIA, LORENA",978.12,2024-12-31 00:00:00,Haley  Lindholm,Denver,CO,80227,Consultant & Professional Services,
House District 35,"GARCIA, LORENA",2.0,2024-12-31 00:00:00,Firstbank,Denver,CO,80211,Bank Fees,
House District 35,"GARCIA, LORENA",0.99,2025-10-12 00:00:00,Actblue,Somerville,MA,02144,Bank Fees,
House District 35,"GARCIA, LORENA",0.99,2025-10-12 00:00:00,Actblue,Somerville,MA,02144,Bank Fees,
House District 35,"GARCIA, LORENA",2.0,2025-10-31 00:00:00,Firstbank,Denver,CO,80211,Bank Fees,
House District 35,"GARCIA, LORENA",0.99,2025-11-09 00:00:00,Actblue,Somerville,MA,02144,Bank Fees,
House District 35,"GARCIA, LORENA",15.99,2025-11-10 00:00:00,Bluehost,Jacksonville,FL,32256,Fundraising Expenses,
House District 35,"GARCIA, LORENA",2.0,2025-11-28 00:00:00,Firstbank,Denver,CO,80211,Bank Fees,
House District 35,"GARCIA, LORENA",22.19,2025-11-28 00:00:00,Bluehost,Jacksonville,FL,32256,Fundraising Expenses,
House District 35,"GARCIA, LORENA",1.98,2025-11-30 00:00:00,Actblue,Somerville,MA,02144,Bank Fees,
House District 35,"GARCIA, LORENA",3.95,2025-12-07 00:00:00,Actblue,Somerville,MA,02144,Bank Fees,
House District 35,"GARCIA, LORENA",15.99,2025-12-08 00:00:00,Bluehost,Jacksonville,FL,32256,Fundraising Expenses,
House District 35,"GARCIA, LORENA",0.99,2025-12-14 00:00:00,Actblue,Somerville,MA,02144,Bank Fees,
House District 35,"GARCIA, LORENA",37.84,2025-12-28 00:00:00,Actblue,Somerville,MA,02144,Bank Fees,
House District 35,"GARCIA, LORENA",74.12,2025-12-31 00:00:00,Actblue,Somerville,MA,02144,Bank Fees,
House District 35,"GARCIA, LORENA",2.0,2025-12-31 00:00:00,Firstbank,Denver,CO,80211,Bank Fees,
House District 36,"ABBLETT, JOSHUA",,,,,,,,
House District 36,"CARTER, MICHAEL",129.48,2025-01-02 00:00:00,"Google, Inc.",Mountain View,CA,94043,Office Equipment & Supplies,"Google Apps For Work, Email"
House District 36,"CARTER, MICHAEL",65.0,2025-01-07 00:00:00,Constant Contact,Loveland,CO,80538,Advertising,Email Marketing
House District 36,"CARTER, MICHAEL",3.95,2023-01-08 00:00:00,Actblue Technical Services,Boston,MA,02196,Bank Fees,Donor Processor Fees
House District 36,"CARTER, MICHAEL",200.2,2025-01-09 00:00:00,Chili'S,Aurora,CO,80016,"Food, Beverages and Meals",Meal Incurred While Serving In Capacity As Colorado State Rep.
House District 36,"CARTER, MICHAEL",2.0,2025-01-13 00:00:00,The Denver Post,Denver,CO,80216,Office Equipment & Supplies,Newspaper Subscription
House District 36,"CARTER, MICHAEL",4.45,2025-01-17 00:00:00,Three Square Market,River Falls,WI,54022,"Food, Beverages and Meals",Meal Incurred While Serving In Capacity As Colorado State Rep.
House District 36,"CARTER, MICHAEL",0.46,2025-01-21 00:00:00,Wells Fargo,Aurora,CO,80013,Bank Fees,Bank Transaction Fee
House District 36,"CARTER, MICHAEL",4.45,2025-01-21 00:00:00,Three Square Market,River Falls,WI,54022,"Food, Beverages and Meals",Meal Incurred While Serving In Capacity As Colorado State Rep.
House District 36,"CARTER, MICHAEL",15.5,2025-01-21 00:00:00,Weglot,Paris,FR,75010,Advertising,Website Translation
House District 36,"CARTER, MICHAEL",62.16,2025-01-23 00:00:00,Shish Kabob Grill,Denver,CO,80203,"Food, Beverages and Meals",Meal Incurred While Serving In Capacity As Colorado State Rep.
House District 36,"CARTER, MICHAEL",214.35,2025-01-23 00:00:00,Donn Brunns Photography,Arvada,CO,80005,Advertising,
House District 36,"CARTER, MICHAEL",4.45,2025-01-24 00:00:00,Three Square Market,River Falls,WI,54022,"Food, Beverages and Meals",Meal Incurred While Serving In Capacity As Colorado State Rep.
House District 36,"CARTER, MICHAEL",42.64,2025-01-28 00:00:00,Ph?-Natic Vietnamese Restaurant,Denver,CO,80203,"Food, Beverages and Meals",Meal Incurred While Serving In Capacity As Colorado State Rep.
House District 36,"CARTER, MICHAEL",13.83,2023-01-29 00:00:00,Actblue Technical Services,Boston,MA,02196,Bank Fees,Donor Processor Fees
House District 36,"CARTER, MICHAEL",29.1,2025-01-29 00:00:00,Cheba Hut Toasted Subs,Aurora,CO,80012,"Food, Beverages and Meals",Meal Incurred While Serving In Capacity As Colorado State Rep.
House District 36,"CARTER, MICHAEL",296.0,2025-01-31 00:00:00,"Squarespace, Inc.",New York,NY,10014,Advertising,Website
House District 36,"CARTER, MICHAEL",0.72,2025-02-02 00:00:00,Actblue Technical Services,Boston,MA,02196,Bank Fees,Donor Processor Fees
House District 36,"CARTER, MICHAEL",119.83,2025-02-03 00:00:00,"Google, Inc.",Mountain View,CA,94043,Office Equipment & Supplies,"Google Apps For Work, Email"
House District 36,"CARTER, MICHAEL",65.0,2025-02-07 00:00:00,Constant Contact,Loveland,CO,80538,Advertising,Email Marketing
House District 36,"CARTER, MICHAEL",9.88,2023-02-12 00:00:00,Actblue Technical Services,Boston,MA,02196,Bank Fees,Donor Processor Fees
House District 36,"CARTER, MICHAEL",0.47,2025-02-19 00:00:00,Wells Fargo,Aurora,CO,80013,Bank Fees,Bank Transaction Fee
House District 36,"CARTER, MICHAEL",15.76,2025-02-19 00:00:00,Weglot,Paris,FR,75010,Advertising,Website Translation
House District 36,"CARTER, MICHAEL",39.62,2025-02-21 00:00:00,Sam'S No. 3 Denver,Denver,CO,80202,"Food, Beverages and Meals",Meal Incurred While Serving In Capacity As Colorado State Rep.
House District 36,"CARTER, MICHAEL",3.95,2025-02-23 00:00:00,Actblue Technical Services,Boston,MA,02196,Bank Fees,Donor Processor Fees
House District 36,"CARTER, MICHAEL",3.53,2025-02-24 00:00:00,7-Eleven,Aurora,CO,80015,Travel & Lodging,Gas Expenses Incurred While Serving In Capacity As Colorado State Rep.
House District 36,"CARTER, MICHAEL",21.44,2025-02-24 00:00:00,Snarf'S Sandwiches,Denver,CO,80218,"Food, Beverages and Meals",Meal Incurred While Serving In Capacity As Colorado State Rep.
House District 36,"CARTER, MICHAEL",36.43,2025-02-27 00:00:00,Bb.Q Chicken Village On The Park,Aurora,CO,80014,"Food, Beverages and Meals",Meal Incurred While Serving In Capacity As Colorado State Rep.
House District 36,"CARTER, MICHAEL",30.92,2025-02-27 00:00:00,Ph?-Natic Vietnamese Restaurant,Denver,CO,80203,"Food, Beverages and Meals",Meal Incurred While Serving In Capacity As Colorado State Rep.
House District 36,"CARTER, MICHAEL",6.68,2025-02-28 00:00:00,Three Square Market,River Falls,WI,54022,"Food, Beverages and Meals",Meal Incurred While Serving In Capacity As Colorado State Rep.
House District 36,"CARTER, MICHAEL",15.47,2025-02-28 00:00:00,Smiling Moose Deli,Englewood,CO,80112,"Food, Beverages and Meals",Meal Incurred While Serving In Capacity As Colorado State Rep.
House District 36,"CARTER, MICHAEL",119.88,2025-02-28 00:00:00,"Denso Wave, Inc.",Tokyo,JP,105-0,Advertising,Qr Code
House District 36,"CARTER, MICHAEL",0.72,2025-03-02 00:00:00,Actblue Technical Services,Boston,MA,02196,Bank Fees,Donor Processor Fees
House District 36,"CARTER, MICHAEL",29.88,2025-03-03 00:00:00,"Google, Inc.",Mountain View,CA,94043,Office Equipment & Supplies,"Google Apps For Work, Email"
House District 36,"CARTER, MICHAEL",65.0,2025-03-07 00:00:00,Constant Contact,Loveland,CO,80538,Advertising,Email Marketing
House District 36,"CARTER, MICHAEL",1.98,2025-03-16 00:00:00,Actblue Technical Services,Boston,MA,02196,Bank Fees,Donor Processor Fees
House District 36,"CARTER, MICHAEL",0.49,2025-03-19 00:00:00,Wells Fargo,Aurora,CO,80013,Bank Fees,Bank Transaction Fee
House District 36,"CARTER, MICHAEL",16.4,2025-03-19 00:00:00,Weglot,Paris,FR,75010,Advertising,Website Translation
House District 36,"CARTER, MICHAEL",4.46,2025-03-26 00:00:00,Three Square Market,River Falls,WI,54022,"Food, Beverages and Meals",Meal Incurred While Serving In Capacity As Colorado State Rep.
House District 36,"CARTER, MICHAEL",11.18,2025-03-28 00:00:00,"Amazon, Inc.",Seattle,WA,98109,Entertainment,Campaign Office Supplies
House District 36,"CARTER, MICHAEL",0.72,2025-03-30 00:00:00,Actblue Technical Services,Boston,MA,02196,Bank Fees,Donor Processor Fees
House District 36,"CARTER, MICHAEL",29.88,2025-04-02 00:00:00,"Google, Inc.",Mountain View,CA,94043,Office Equipment & Supplies,"Google Apps For Work, Email"
House District 36,"CARTER, MICHAEL",18.5,2025-04-04 00:00:00,Blue Sparrow Coffee,Denver,CO,80203,"Food, Beverages and Meals",Meal Incurred While Serving In Capacity As Colorado State Rep.
House District 36,"CARTER, MICHAEL",65.0,2025-04-07 00:00:00,Constant Contact,Loveland,CO,80538,Advertising,Email Marketing
House District 36,"CARTER, MICHAEL",3.95,2023-04-16 00:00:00,Actblue Technical Services,Boston,MA,02196,Bank Fees,Donor Processor Fees
House District 36,"CARTER, MICHAEL",9.24,2025-04-16 00:00:00,Three Square Market,River Falls,WI,54022,"Food, Beverages and Meals",Meal Incurred While Serving In Capacity As Colorado State Rep.
House District 36,"CARTER, MICHAEL",0.51,2025-04-21 00:00:00,Wells Fargo,Aurora,CO,80013,Bank Fees,Bank Transaction Fee
House District 36,"CARTER, MICHAEL",17.23,2025-04-21 00:00:00,"Amazon, Inc.",Seattle,WA,98109,Entertainment,Campaign Office Supplies
House District 36,"CARTER, MICHAEL",17.12,2025-04-21 00:00:00,Weglot,Paris,FR,75010,Advertising,Website Translation
House District 36,"CARTER, MICHAEL",8.89,2023-04-23 00:00:00,Actblue Technical Services,Boston,MA,02196,Bank Fees,Donor Processor Fees
House District 36,"CARTER, MICHAEL",130.1,2025-04-25 00:00:00,Rocky Mountain Promotional Products & Apparel,Grand Junction,CO,81501,Advertising,Campaign Promotional Materials
House District 36,"CARTER, MICHAEL",61.78,2025-04-25 00:00:00,Rocky Mountain Promotional Products & Apparel,Grand Junction,CO,81501,Advertising,Campaign Promotional Materials
House District 36,"CARTER, MICHAEL",135.75,2025-04-28 00:00:00,Donn Brunns Photography,Arvada,CO,80005,Advertising,
House District 36,"CARTER, MICHAEL",17.22,2025-04-30 00:00:00,Capitol Market,Denver,CO,80203,"Food, Beverages and Meals",Meal Incurred While Serving In Capacity As Colorado State Rep.
House District 36,"CARTER, MICHAEL",24.47,2025-04-30 00:00:00,Blue Pan Pizza,Denver,CO,80212,"Food, Beverages and Meals",Meal Incurred While Serving In Capacity As Colorado State Rep.
House District 36,"CARTER, MICHAEL",1560.48,2025-04-30 00:00:00,Xcel Energy,Minneapolis,MN,55401,Rent & Utilities,Office Annual Energy Bill
House District 36,"CARTER, MICHAEL",1500.0,2025-05-02 00:00:00,Vanessa  Reilly,Denver,CO,80203,Employee Services,Staff Expenses
House District 36,"CARTER, MICHAEL",29.88,2025-05-02 00:00:00,"Google, Inc.",Mountain View,CA,94043,Office Equipment & Supplies,"Google Apps For Work, Email"
House District 36,"CARTER, MICHAEL",0.72,2025-05-04 00:00:00,Actblue Technical Services,Boston,MA,02196,Bank Fees,Donor Processor Fees
House District 36,"CARTER, MICHAEL",37.0,2025-05-05 00:00:00,Call Your Mother Deli,Denver,CO,80205,"Food, Beverages and Meals",Meal Incurred While Serving In Capacity As Colorado State Rep.
House District 36,"CARTER, MICHAEL",12.18,2025-05-05 00:00:00,Capitol Market,Denver,CO,80203,"Food, Beverages and Meals",Meal Incurred While Serving In Capacity As Colorado State Rep.
House District 36,"CARTER, MICHAEL",0.99,2023-05-07 00:00:00,Actblue Technical Services,Boston,MA,02196,Bank Fees,Donor Processor Fees
House District 36,"CARTER, MICHAEL",65.0,2025-05-07 00:00:00,Constant Contact,Loveland,CO,80538,Advertising,Email Marketing
House District 36,"CARTER, MICHAEL",57.02,2025-05-09 00:00:00,Call Your Mother Deli,Denver,CO,80205,"Food, Beverages and Meals",Meal Incurred While Serving In Capacity As Colorado State Rep.
House District 36,"CARTER, MICHAEL",61.27,2025-05-12 00:00:00,Elita Specialty Market & Kitchen,Aurora,CO,80010,"Food, Beverages and Meals",Meal Incurred While Serving In Capacity As Colorado State Rep.
House District 36,"CARTER, MICHAEL",1348.0,2025-05-13 00:00:00,Murphy Creek,Aurora,CO,80017,Rent & Utilities,Greens Fees
House District 36,"CARTER, MICHAEL",0.5,2025-05-19 00:00:00,Wells Fargo,Aurora,CO,80013,Bank Fees,Bank Transaction Fee
House District 36,"CARTER, MICHAEL",16.83,2025-05-19 00:00:00,Weglot,Paris,FR,75010,Advertising,Website Translation
House District 36,"CARTER, MICHAEL",103.86,2025-05-20 00:00:00,The University Club Of Denver,Denver,CO,80203,"Food, Beverages and Meals",Meal Incurred While Serving In Capacity As Colorado State Rep.
House District 36,"CARTER, MICHAEL",51.36,2023-05-21 00:00:00,Actblue Technical Services,Boston,MA,02196,Bank Fees,Donor Processor Fees
House District 36,"CARTER, MICHAEL",559.46,2025-05-23 00:00:00,City Of Aurora,Aurora,CO,80012,Employee Services,Payroll Taxes
House District 36,"CARTER, MICHAEL",88.12,2023-05-28 00:00:00,Actblue Technical Services,Boston,MA,02196,Bank Fees,Donor Processor Fees
House District 36,"CARTER, MICHAEL",21.54,2025-05-30 00:00:00,"Amazon, Inc.",Seattle,WA,98109,Entertainment,Campaign Office Supplies
House District 36,"CARTER, MICHAEL",0.72,2025-06-01 00:00:00,Actblue Technical Services,Boston,MA,02196,Bank Fees,Donor Processor Fees
House District 36,"CARTER, MICHAEL",29.88,2025-06-02 00:00:00,"Google, Inc.",Mountain View,CA,94043,Office Equipment & Supplies,"Google Apps For Work, Email"
House District 36,"CARTER, MICHAEL",69.95,2023-06-04 00:00:00,Actblue Technical Services,Boston,MA,02196,Bank Fees,Donor Processor Fees
House District 36,"CARTER, MICHAEL",1.98,2025-06-08 00:00:00,Actblue Technical Services,Boston,MA,02196,Bank Fees,Donor Processor Fees
House District 36,"CARTER, MICHAEL",69.0,2025-06-09 00:00:00,Constant Contact,Loveland,CO,80538,Advertising,Email Marketing
House District 36,"CARTER, MICHAEL",28.66,2023-06-11 00:00:00,Actblue Technical Services,Boston,MA,02196,Bank Fees,Donor Processor Fees
House District 36,"CARTER, MICHAEL",1000.0,2025-06-16 00:00:00,Michael  Carter,Aurora,CO,80018,Travel & Lodging,Reimbursement For Travel
House District 36,"CARTER, MICHAEL",10.64,2025-06-17 00:00:00,Ph?-Natic Vietnamese Restaurant,Denver,CO,80203,"Food, Beverages and Meals",Meal Incurred While Serving In Capacity As Colorado State Rep.
House District 36,"CARTER, MICHAEL",71.13,2023-06-18 00:00:00,Actblue Technical Services,Boston,MA,02196,Bank Fees,Donor Processor Fees
House District 36,"CARTER, MICHAEL",0.52,2025-06-20 00:00:00,Wells Fargo,Aurora,CO,80013,Bank Fees,Bank Transaction Fee
House District 36,"CARTER, MICHAEL",300.0,2025-06-20 00:00:00,Kenra  Haftel,Grand Junction,CO,81507,Advertising,Campaign Photography
House District 36,"CARTER, MICHAEL",100.0,2025-06-20 00:00:00,The University Club Of Denver,Denver,CO,80203,"Food, Beverages and Meals",Meal Incurred While Serving In Capacity As Colorado State Rep.
House District 36,"CARTER, MICHAEL",17.37,2025-06-20 00:00:00,Weglot,Paris,FR,75010,Advertising,Website Translation
House District 36,"CARTER, MICHAEL",40.0,2025-06-23 00:00:00,Jaden  Carter,Aurora,CO,80018,Consultant & Professional Services,Data Entry Services
House District 36,"CARTER, MICHAEL",47.41,2023-06-25 00:00:00,Actblue Technical Services,Boston,MA,02196,Bank Fees,Donor Processor Fees
House District 36,"CARTER, MICHAEL",200.0,2025-06-26 00:00:00,Michael  Carter,Aurora,CO,80018,Travel & Lodging,Reimbursement For Travel
House District 36,"CARTER, MICHAEL",35.0,2025-06-26 00:00:00,Delta Air Lines,Atlanta,GA,30320,"Food, Beverages and Meals",Meal Incurred While Serving In Capacity As Colorado State Rep.
House District 36,"CARTER, MICHAEL",109.88,2023-06-30 00:00:00,Actblue Technical Services,Boston,MA,02196,Bank Fees,Donor Processor Fees
House District 36,"CARTER, MICHAEL",14.99,2025-06-30 00:00:00,The Denver Post,Denver,CO,80216,Office Equipment & Supplies,Newspaper Subscription
House District 36,"CARTER, MICHAEL",15.92,2025-06-30 00:00:00,&Pizza,Sterling,VA,20166,"Food, Beverages and Meals",Meal Incurred While Serving In Capacity As Colorado State Rep.
House District 36,"CARTER, MICHAEL",62.21,2025-06-30 00:00:00,Tivoli Tap House,Denver,CO,80249,"Food, Beverages and Meals",Meal Incurred While Serving In Capacity As Colorado State Rep.
House District 36,"CARTER, MICHAEL",3.02,2025-06-30 00:00:00,Capital Supply Co.,Dulles,VA,20166,"Food, Beverages and Meals",Meal Incurred While Serving In Capacity As Colorado State Rep.
House District 36,"CARTER, MICHAEL",26.21,2025-06-30 00:00:00,Uber Technologies,San Francisco,CA,94103,Travel & Lodging,Travel Incurred While Serving In Capacity As Colorado State Rep.
House District 36,"CARTER, MICHAEL",5.65,2025-06-30 00:00:00,Uber Technologies,San Francisco,CA,94103,Travel & Lodging,Travel Incurred While Serving In Capacity As Colorado State Rep.
House District 36,"CARTER, MICHAEL",40.0,2025-06-30 00:00:00,United Airlines,Chicago,IL,60606,Travel & Lodging,Travel Incurred While Serving In Capacity As Colorado State Rep.
House District 36,"CARTER, MICHAEL",36.18,2025-06-30 00:00:00,Uber Technologies,San Francisco,CA,94103,Travel & Lodging,Travel Incurred While Serving In Capacity As Colorado State Rep.
House District 36,"CARTER, MICHAEL",33.0,2025-06-30 00:00:00,Uber Technologies,San Francisco,CA,94103,Travel & Lodging,Travel Incurred While Serving In Capacity As Colorado State Rep.
House District 36,"CARTER, MICHAEL",3.93,2025-06-30 00:00:00,Uber Technologies,San Francisco,CA,94103,Travel & Lodging,Travel Incurred While Serving In Capacity As Colorado State Rep.
House District 36,"CARTER, MICHAEL",0.72,2025-06-30 00:00:00,Actblue Technical Services,Boston,MA,02196,Bank Fees,Donor Processor Fees
House District 36,"CARTER, MICHAEL",11.85,2023-07-02 00:00:00,Actblue Technical Services,Boston,MA,02196,Bank Fees,Donor Processor Fees
House District 36,"CARTER, MICHAEL",57.77,2025-07-02 00:00:00,"Google, Inc.",Mountain View,CA,94043,Office Equipment & Supplies,"Google Apps For Work, Email"
House District 36,"CARTER, MICHAEL",69.0,2025-07-07 00:00:00,Constant Contact,Loveland,CO,80538,Advertising,Email Marketing
House District 36,"CARTER, MICHAEL",6.93,2023-07-09 00:00:00,Actblue Technical Services,Boston,MA,02196,Bank Fees,Donor Processor Fees
House District 36,"CARTER, MICHAEL",3.95,2023-07-16 00:00:00,Actblue Technical Services,Boston,MA,02196,Bank Fees,Donor Processor Fees
House District 36,"CARTER, MICHAEL",11.85,2025-07-20 00:00:00,Actblue Technical Services,Boston,MA,02196,Bank Fees,Donor Processor Fees
House District 36,"CARTER, MICHAEL",0.52,2025-07-21 00:00:00,Wells Fargo,Aurora,CO,80013,Bank Fees,Bank Transaction Fee
House District 36,"CARTER, MICHAEL",17.47,2025-07-21 00:00:00,Weglot,Paris,FR,75010,Advertising,Website Translation
House District 36,"CARTER, MICHAEL",14.82,2023-07-23 00:00:00,Actblue Technical Services,Boston,MA,02196,Bank Fees,Donor Processor Fees
House District 36,"CARTER, MICHAEL",10.68,2025-07-27 00:00:00,Actblue Technical Services,Boston,MA,02196,Bank Fees,Donor Processor Fees
House District 36,"CARTER, MICHAEL",2.97,2024-07-28 00:00:00,Actblue Technical Services,Boston,MA,02196,Bank Fees,Donor Processor Fees
House District 36,"CARTER, MICHAEL",12.84,2023-07-30 00:00:00,Actblue Technical Services,Boston,MA,02196,Bank Fees,Donor Processor Fees
House District 36,"CARTER, MICHAEL",14.99,2025-07-30 00:00:00,The Denver Post,Denver,CO,80216,Office Equipment & Supplies,Newspaper Subscription
House District 36,"CARTER, MICHAEL",10.0,2025-07-31 00:00:00,Wells Fargo,Aurora,CO,80013,Bank Fees,Bank Service Fee
House District 36,"CARTER, MICHAEL",0.72,2025-08-03 00:00:00,Actblue Technical Services,Boston,MA,02196,Bank Fees,Donor Processor Fees
House District 36,"CARTER, MICHAEL",10.07,2024-08-04 00:00:00,Actblue Technical Services,Boston,MA,02196,Bank Fees,Donor Processor Fees
House District 36,"CARTER, MICHAEL",69.72,2025-08-04 00:00:00,"Google, Inc.",Mountain View,CA,94043,Office Equipment & Supplies,"Google Apps For Work, Email"
House District 36,"CARTER, MICHAEL",18.77,2023-08-06 00:00:00,Actblue Technical Services,Boston,MA,02196,Bank Fees,Donor Processor Fees
House District 36,"CARTER, MICHAEL",69.0,2025-08-07 00:00:00,Constant Contact,Loveland,CO,80538,Advertising,Email Marketing
House District 36,"CARTER, MICHAEL",102.74,2025-08-10 00:00:00,Actblue Technical Services,Boston,MA,02196,Bank Fees,Donor Processor Fees
House District 36,"CARTER, MICHAEL",9.29,2024-08-11 00:00:00,Actblue Technical Services,Boston,MA,02196,Bank Fees,Donor Processor Fees
House District 36,"CARTER, MICHAEL",12.84,2023-08-13 00:00:00,Actblue Technical Services,Boston,MA,02196,Bank Fees,Donor Processor Fees
House District 36,"CARTER, MICHAEL",25.68,2025-08-17 00:00:00,Actblue Technical Services,Boston,MA,02196,Bank Fees,Donor Processor Fees
House District 36,"CARTER, MICHAEL",21.4,2025-08-18 00:00:00,Maverik Gas Station,Centennial,CO,80112,Travel & Lodging,Gas Expenses Incurred While Serving In Capacity As Colorado State Rep.
House District 36,"CARTER, MICHAEL",426.07,2025-08-18 00:00:00,Texas De Brazil,Denver,CO,80238,"Food, Beverages and Meals",Meal Incurred While Serving In Capacity As Colorado State Rep.
House District 36,"CARTER, MICHAEL",14.19,2025-08-18 00:00:00,7-Eleven,Aurora,CO,80015,Travel & Lodging,Gas Expenses Incurred While Serving In Capacity As Colorado State Rep.
House District 36,"CARTER, MICHAEL",111.89,2025-08-18 00:00:00,"Target, Inc.",Lakewood,CO,80401,Entertainment,Campaign Office Supplies
House District 36,"CARTER, MICHAEL",113.27,2025-08-18 00:00:00,Woody'S Wood-Fired Pizza,Golden,CO,80401,"Food, Beverages and Meals",Meal Incurred While Serving In Capacity As Colorado State Rep.
House District 36,"CARTER, MICHAEL",72.25,2025-08-18 00:00:00,King Soopers,Aurora,CO,80011,"Food, Beverages and Meals",Campaign Event Food And Drink
House District 36,"CARTER, MICHAEL",0.52,2025-08-19 00:00:00,Wells Fargo,Aurora,CO,80013,Bank Fees,Bank Transaction Fee
House District 36,"CARTER, MICHAEL",20.0,2025-08-19 00:00:00,G & E Liquors,Aurora,CO,80013,"Food, Beverages and Meals",Campaign Event Beverages
House District 36,"CARTER, MICHAEL",105.14,2025-08-19 00:00:00,"Microsoft, Inc.",Redmond,WA,98052,Office Equipment & Supplies,Office Suite
House District 36,"CARTER, MICHAEL",17.57,2025-08-19 00:00:00,Weglot,Paris,FR,75010,Advertising,Website Translation
House District 36,"CARTER, MICHAEL",2.97,2023-08-20 00:00:00,Actblue Technical Services,Boston,MA,02196,Bank Fees,Donor Processor Fees
House District 36,"CARTER, MICHAEL",25.0,2025-08-20 00:00:00,"Amazon, Inc.",Seattle,WA,98109,Entertainment,Campaign Office Supplies
House District 36,"CARTER, MICHAEL",24.89,2025-08-21 00:00:00,"Amazon, Inc.",Seattle,WA,98109,Entertainment,Campaign Office Supplies
House District 36,"CARTER, MICHAEL",15.95,2025-08-21 00:00:00,Church'S Texas Chicken,Aurora,CO,80010,"Food, Beverages and Meals",Meal Incurred While Serving In Capacity As Colorado State Rep.
House District 36,"CARTER, MICHAEL",4.16,2025-08-21 00:00:00,The University Club Of Denver,Denver,CO,80203,"Food, Beverages and Meals",Meal Incurred While Serving In Capacity As Colorado State Rep.
House District 36,"CARTER, MICHAEL",13.6,2025-08-21 00:00:00,Twisters,Aurora,CO,80017,"Food, Beverages and Meals",Meal Incurred While Serving In Capacity As Colorado State Rep.
House District 36,"CARTER, MICHAEL",20.0,2025-08-22 00:00:00,G & E Liquors,Aurora,CO,80013,"Food, Beverages and Meals",Campaign Event Beverages
House District 36,"CARTER, MICHAEL",38.87,2025-08-22 00:00:00,Mc Liquor Aurora Co S585234141575420 Card 0014,Aurora,CO,80018,"Food, Beverages and Meals",Meal Incurred While Serving In Capacity As Colorado State Rep.
House District 36,"CARTER, MICHAEL",29.63,2025-08-24 00:00:00,Actblue Technical Services,Boston,MA,02196,Bank Fees,Donor Processor Fees
House District 36,"CARTER, MICHAEL",60.0,2025-08-25 00:00:00,Jamie  Jackson,Aurora,CO,80044,"Food, Beverages and Meals",Lunch Split
House District 36,"CARTER, MICHAEL",20.0,2025-08-25 00:00:00,Junie  Joseph,Aurora,CO,80303,"Food, Beverages and Meals",Lunch Split
House District 36,"CARTER, MICHAEL",30.0,2025-08-25 00:00:00,Lisa  Feret,Arvada,CO,80003,"Food, Beverages and Meals",Lunch Split
House District 36,"CARTER, MICHAEL",9.56,2025-08-25 00:00:00,Chick-Fil-A,Denver,CO,80249,"Food, Beverages and Meals",Meal Incurred While Serving In Capacity As Colorado State Rep.
House District 36,"CARTER, MICHAEL",40.67,2025-08-25 00:00:00,Shell,Aurora,CO,80014,Travel & Lodging,Gas Expenses Incurred While Serving In Capacity As Colorado State Rep.
House District 36,"CARTER, MICHAEL",46.03,2025-08-25 00:00:00,The Home Depot,Aurora,CO,80015,Office Equipment & Supplies,Field Canvassing Materials
House District 36,"CARTER, MICHAEL",20.72,2025-08-25 00:00:00,Uber Technologies,San Francisco,CA,94103,Travel & Lodging,Travel Incurred While Serving In Capacity As Colorado State Rep.
House District 36,"CARTER, MICHAEL",2.5,2025-08-25 00:00:00,Englewood Parking,Englewood,CO,80110,Travel & Lodging,Parking For Campaign Event
House District 36,"CARTER, MICHAEL",1.75,2025-08-25 00:00:00,Englewood Parking,Englewood,CO,80110,Travel & Lodging,Parking For Campaign Event
House District 36,"CARTER, MICHAEL",10.13,2025-08-25 00:00:00,Mcdonald'S,Aurora,CO,80014,"Food, Beverages and Meals",Meal Incurred While Serving In Capacity As Colorado State Rep.
House District 36,"CARTER, MICHAEL",23.5,2025-08-26 00:00:00,Bourbon Grill,Denver,CO,80203,"Food, Beverages and Meals",Meal Incurred While Serving In Capacity As Colorado State Rep.
House District 36,"CARTER, MICHAEL",44.46,2023-08-27 00:00:00,Actblue Technical Services,Boston,MA,02196,Bank Fees,Donor Processor Fees
House District 36,"CARTER, MICHAEL",23.03,2025-08-27 00:00:00,Sam'S No. 3 Glendale,Glendale,CO,80246,"Food, Beverages and Meals",Meal Incurred While Serving In Capacity As Colorado State Rep.
House District 36,"CARTER, MICHAEL",38.44,2025-08-27 00:00:00,7-Eleven,Aurora,CO,80015,Travel & Lodging,Gas Expenses Incurred While Serving In Capacity As Colorado State Rep.
House District 36,"CARTER, MICHAEL",39.15,2025-08-27 00:00:00,King Soopers,Glendale,CO,80246,"Food, Beverages and Meals",Campaign Event Food And Drink
House District 36,"CARTER, MICHAEL",14.99,2025-08-27 00:00:00,The Denver Post,Denver,CO,80216,Office Equipment & Supplies,Newspaper Subscription
House District 36,"CARTER, MICHAEL",13.02,2025-08-28 00:00:00,7-Eleven,Aurora,CO,80015,Travel & Lodging,Gas Expenses Incurred While Serving In Capacity As Colorado State Rep.
House District 36,"CARTER, MICHAEL",33.12,2025-08-29 00:00:00,Buc-Ee'S,Berthoud,CO,80513,"Food, Beverages and Meals",Meal Incurred While Serving In Capacity As Colorado State Rep.
House District 36,"CARTER, MICHAEL",20.8,2025-08-29 00:00:00,Buc-Ee'S,Berthoud,CO,80513,"Food, Beverages and Meals",Meal Incurred While Serving In Capacity As Colorado State Rep.
House District 36,"CARTER, MICHAEL",9.43,2025-08-29 00:00:00,Chick-Fil-A,Denver,CO,80249,"Food, Beverages and Meals",Meal Incurred While Serving In Capacity As Colorado State Rep.
House District 36,"CARTER, MICHAEL",17.96,2025-08-29 00:00:00,Schlotzsky'S,Greenwood Village,CO,80112,"Food, Beverages and Meals",Meal Incurred While Serving In Capacity As Colorado State Rep.
House District 36,"CARTER, MICHAEL",16.23,2025-08-29 00:00:00,Trail Head Tavern,Fort Collins,CO,80524,"Food, Beverages and Meals",Meal Incurred While Serving In Capacity As Colorado State Rep.
House District 36,"CARTER, MICHAEL",113.0,2025-08-29 00:00:00,United States Postal Service,Aurora,CO,80017,Office Equipment & Supplies,Stamps
House District 36,"CARTER, MICHAEL",0.72,2025-08-31 00:00:00,Actblue Technical Services,Boston,MA,02196,Bank Fees,Donor Processor Fees
House District 36,"CARTER, MICHAEL",3.69,2024-09-01 00:00:00,Actblue Technical Services,Boston,MA,02196,Bank Fees,Donor Processor Fees
House District 36,"CARTER, MICHAEL",100.0,2025-09-02 00:00:00,Murphy Creek Tavern,Aurora,CO,80018,"Food, Beverages and Meals",Meal Incurred While Serving In Capacity As Colorado State Rep.
House District 36,"CARTER, MICHAEL",113.45,2025-09-02 00:00:00,Safeway,Aurora,CO,80011,"Food, Beverages and Meals",Campaign Event Food And Drink
House District 36,"CARTER, MICHAEL",8.55,2025-09-02 00:00:00,"Amazon, Inc.",Seattle,WA,98109,Entertainment,Digital Video For Event
House District 36,"CARTER, MICHAEL",13.98,2025-09-02 00:00:00,Uber Technologies,San Francisco,CA,94103,Travel & Lodging,Travel Incurred While Serving In Capacity As Colorado State Rep.
House District 36,"CARTER, MICHAEL",94.87,2025-09-02 00:00:00,Safeway,Aurora,CO,80011,"Food, Beverages and Meals",Campaign Event Food And Drink
House District 36,"CARTER, MICHAEL",9.78,2025-09-02 00:00:00,Tortilleria La Amapola,Aurora,CO,80017,"Food, Beverages and Meals",Meal Incurred While Serving In Capacity As Colorado State Rep.
House District 36,"CARTER, MICHAEL",69.72,2025-09-02 00:00:00,"Google, Inc.",Mountain View,CA,94043,Office Equipment & Supplies,"Google Apps For Work, Email"
House District 36,"CARTER, MICHAEL",13.83,2023-09-03 00:00:00,Actblue Technical Services,Boston,MA,02196,Bank Fees,Donor Processor Fees
House District 36,"CARTER, MICHAEL",20.0,2025-09-04 00:00:00,7-Eleven,Aurora,CO,80015,Travel & Lodging,Gas Expenses Incurred While Serving In Capacity As Colorado State Rep.
House District 36,"CARTER, MICHAEL",19.53,2025-09-05 00:00:00,Uber Technologies,San Francisco,CA,94103,Travel & Lodging,Travel Incurred While Serving In Capacity As Colorado State Rep.
House District 36,"CARTER, MICHAEL",27.66,2025-09-07 00:00:00,Actblue Technical Services,Boston,MA,02196,Bank Fees,Donor Processor Fees
House District 36,"CARTER, MICHAEL",2.97,2024-09-08 00:00:00,Actblue Technical Services,Boston,MA,02196,Bank Fees,Donor Processor Fees
House District 36,"CARTER, MICHAEL",11.16,2025-09-08 00:00:00,Chick-Fil-A,Denver,CO,80249,"Food, Beverages and Meals",Meal Incurred While Serving In Capacity As Colorado State Rep.
House District 36,"CARTER, MICHAEL",27.6,2025-09-08 00:00:00,Domino'S Pizza,Aurora,CO,80014,"Food, Beverages and Meals",Meal Incurred While Serving In Capacity As Colorado State Rep.
House District 36,"CARTER, MICHAEL",29.15,2025-09-08 00:00:00,King Soopers,Glendale,CO,80246,"Food, Beverages and Meals",Campaign Event Food And Drink
House District 36,"CARTER, MICHAEL",17.05,2025-09-08 00:00:00,Loaf N Jug,Loveland,CO,80538,Travel & Lodging,Gas Expenses Incurred While Serving In Capacity As Colorado State Rep.
House District 36,"CARTER, MICHAEL",19.91,2025-09-08 00:00:00,Loaf N Jug,Loveland,CO,80538,Travel & Lodging,Gas Expenses Incurred While Serving In Capacity As Colorado State Rep.
House District 36,"CARTER, MICHAEL",69.0,2025-09-08 00:00:00,Constant Contact,Loveland,CO,80538,Advertising,Email Marketing
House District 36,"CARTER, MICHAEL",92.99,2025-09-09 00:00:00,Safeway,Aurora,CO,80011,"Food, Beverages and Meals",Campaign Event Food And Drink
House District 36,"CARTER, MICHAEL",10.79,2025-09-09 00:00:00,Shell,Aurora,CO,80014,Travel & Lodging,Gas Expenses Incurred While Serving In Capacity As Colorado State Rep.
House District 36,"CARTER, MICHAEL",14.83,2023-09-10 00:00:00,Actblue Technical Services,Boston,MA,02196,Bank Fees,Donor Processor Fees
House District 36,"CARTER, MICHAEL",12.98,2025-09-10 00:00:00,Popeyes Louisiana Kitchen,Aurora,CO,80015,"Food, Beverages and Meals",Meal Incurred While Serving In Capacity As Colorado State Rep.
House District 36,"CARTER, MICHAEL",3.0,2025-09-11 00:00:00,Wells Fargo,Aurora,CO,80013,Bank Fees,Bank Service Fee
House District 36,"CARTER, MICHAEL",43.5,2025-09-11 00:00:00,Wells Fargo,Aurora,CO,80013,Bank Fees,Donation Processor Fees
House District 36,"CARTER, MICHAEL",8.55,2025-09-11 00:00:00,Mobil,Denver,CO,80249,Travel & Lodging,Gas Expenses Incurred While Serving In Capacity As Colorado State Rep.
House District 36,"CARTER, MICHAEL",18.18,2025-09-11 00:00:00,"Amazon, Inc.",Seattle,WA,98109,Entertainment,Campaign Office Supplies
House District 36,"CARTER, MICHAEL",3.0,2025-09-12 00:00:00,Wells Fargo,Aurora,CO,80013,Bank Fees,Bank Service Fee
House District 36,"CARTER, MICHAEL",63.25,2025-09-12 00:00:00,Wells Fargo,Aurora,CO,80013,Bank Fees,Donation Processor Fees
House District 36,"CARTER, MICHAEL",12.0,2025-09-12 00:00:00,Glendale Youth Rugby,Glendale,CO,80246,Entertainment,Rugby Community Event Ticket
House District 36,"CARTER, MICHAEL",17.78,2025-09-14 00:00:00,Actblue Technical Services,Boston,MA,02196,Bank Fees,Donor Processor Fees
House District 36,"CARTER, MICHAEL",9.88,2024-09-15 00:00:00,Actblue Technical Services,Boston,MA,02196,Bank Fees,Donor Processor Fees
House District 36,"CARTER, MICHAEL",3.0,2025-09-15 00:00:00,Wells Fargo,Aurora,CO,80013,Bank Fees,Bank Service Fee
House District 36,"CARTER, MICHAEL",103.25,2025-09-15 00:00:00,Wells Fargo,Aurora,CO,80013,Bank Fees,Donation Processor Fees
House District 36,"CARTER, MICHAEL",72.6,2025-09-15 00:00:00,Safeway,Aurora,CO,80011,"Food, Beverages and Meals",Campaign Event Food And Drink
House District 36,"CARTER, MICHAEL",5.26,2025-09-15 00:00:00,King Soopers,Aurora,CO,80011,"Food, Beverages and Meals",Campaign Event Food And Drink
House District 36,"CARTER, MICHAEL",11.0,2025-09-15 00:00:00,Mcdonald'S,Castle Rock,CO,80104,"Food, Beverages and Meals",Meal Incurred While Serving In Capacity As Colorado State Rep.
House District 36,"CARTER, MICHAEL",53.37,2025-09-15 00:00:00,Uber Technologies,San Francisco,CA,94103,Travel & Lodging,Travel Incurred While Serving In Capacity As Colorado State Rep.
House District 36,"CARTER, MICHAEL",4.94,2023-09-17 00:00:00,Actblue Technical Services,Boston,MA,02196,Bank Fees,Donor Processor Fees
House District 36,"CARTER, MICHAEL",11.83,2025-09-18 00:00:00,In-N-Out Burger,Aurora,CO,80012,"Food, Beverages and Meals",Meal Incurred While Serving In Capacity As Colorado State Rep.
House District 36,"CARTER, MICHAEL",501.95,2025-09-18 00:00:00,City Of Aurora,Aurora,CO,80012,Employee Services,Payroll Taxes
House District 36,"CARTER, MICHAEL",0.53,2025-09-19 00:00:00,Wells Fargo,Aurora,CO,80013,Bank Fees,Bank Transaction Fee
House District 36,"CARTER, MICHAEL",17.88,2025-09-19 00:00:00,Weglot,Paris,FR,75010,Advertising,Website Translation
House District 36,"CARTER, MICHAEL",87.92,2025-09-21 00:00:00,Actblue Technical Services,Boston,MA,02196,Bank Fees,Donor Processor Fees
House District 36,"CARTER, MICHAEL",19.75,2024-09-22 00:00:00,Actblue Technical Services,Boston,MA,02196,Bank Fees,Donor Processor Fees
House District 36,"CARTER, MICHAEL",435.93,2025-09-22 00:00:00,Gaylord Rockies Resort,Aurora,CO,80019,Entertainment,Hotel Rental For Event
House District 36,"CARTER, MICHAEL",55.56,2025-09-22 00:00:00,Gaylord Rockies Resort,Aurora,CO,80019,Entertainment,Food For Event
House District 36,"CARTER, MICHAEL",17.0,2025-09-22 00:00:00,Denver Performing Arts Complex Parking Garage,"Denver,",CO,80202,Travel & Lodging,Parking For Campaign Event
House District 36,"CARTER, MICHAEL",16.18,2025-09-23 00:00:00,Mcdonald'S,Aurora,CO,80014,"Food, Beverages and Meals",Meal Incurred While Serving In Capacity As Colorado State Rep.
House District 36,"CARTER, MICHAEL",0.99,2023-09-24 00:00:00,Actblue Technical Services,Boston,MA,02196,Bank Fees,Donor Processor Fees
House District 36,"CARTER, MICHAEL",194.98,2025-09-24 00:00:00,Frontier Airlines,Denver,CO,80239,Travel & Lodging,Travel Incurred While Serving In Capacity As Colorado State Rep.
House District 36,"CARTER, MICHAEL",34.12,2025-09-24 00:00:00,Capitol Market,Denver,CO,80203,"Food, Beverages and Meals",Meal Incurred While Serving In Capacity As Colorado State Rep.
House District 36,"CARTER, MICHAEL",344.21,2025-09-25 00:00:00,"Priceline, Inc.",Norwalk,CT,06854,Travel & Lodging,Travel Incurred While Serving In Capacity As Colorado State Rep.
House District 36,"CARTER, MICHAEL",55.81,2025-09-25 00:00:00,King Soopers,Glendale,CO,80246,"Food, Beverages and Meals",Campaign Event Food And Drink
House District 36,"CARTER, MICHAEL",3.0,2025-09-26 00:00:00,Wells Fargo,Aurora,CO,80013,Bank Fees,Bank Service Fee
House District 36,"CARTER, MICHAEL",23.99,2025-09-26 00:00:00,Wells Fargo,Aurora,CO,80013,Bank Fees,Donation Processor Fees
House District 36,"CARTER, MICHAEL",388.49,2025-09-26 00:00:00,United Airlines,Chicago,IL,60606,Travel & Lodging,Travel Incurred While Serving In Capacity As Colorado State Rep.
House District 36,"CARTER, MICHAEL",7.5,2025-09-26 00:00:00,Safeway,Aurora,CO,80011,"Food, Beverages and Meals",Campaign Event Food And Drink
House District 36,"CARTER, MICHAEL",63.71,2025-09-26 00:00:00,Super In & Out Cleaners,Denver,CO,80203,Miscellaneous,
House District 36,"CARTER, MICHAEL",104.89,2025-09-26 00:00:00,Kim'S Cleaners & Alterations,Aurora,CO,80011,Miscellaneous,
House District 36,"CARTER, MICHAEL",16.08,2025-09-26 00:00:00,Popeyes Louisiana Kitchen,Aurora,CO,80015,"Food, Beverages and Meals",Meal Incurred While Serving In Capacity As Colorado State Rep.
House District 36,"CARTER, MICHAEL",43.68,2025-09-26 00:00:00,Uber Technologies,San Francisco,CA,94103,Travel & Lodging,Travel Incurred While Serving In Capacity As Colorado State Rep.
House District 36,"CARTER, MICHAEL",14.99,2025-09-26 00:00:00,The Denver Post,Denver,CO,80216,Office Equipment & Supplies,Newspaper Subscription
House District 36,"CARTER, MICHAEL",17.78,2025-09-28 00:00:00,Actblue Technical Services,Boston,MA,02196,Bank Fees,Donor Processor Fees
House District 36,"CARTER, MICHAEL",7.91,2024-09-29 00:00:00,Actblue Technical Services,Boston,MA,02196,Bank Fees,Donor Processor Fees
House District 36,"CARTER, MICHAEL",26.9,2025-09-29 00:00:00,Village Inn,Aurora,CO,80016,"Food, Beverages and Meals",Meal Incurred While Serving In Capacity As Colorado State Rep.
House District 36,"CARTER, MICHAEL",12.91,2025-09-29 00:00:00,Chick-Fil-A,Denver,CO,80249,"Food, Beverages and Meals",Meal Incurred While Serving In Capacity As Colorado State Rep.
House District 36,"CARTER, MICHAEL",70.0,2025-09-29 00:00:00,Uber Technologies,San Francisco,CA,94103,Travel & Lodging,Travel Incurred While Serving In Capacity As Colorado State Rep.
House District 36,"CARTER, MICHAEL",38.65,2025-09-29 00:00:00,Uber Technologies,San Francisco,CA,94103,Travel & Lodging,Travel Incurred While Serving In Capacity As Colorado State Rep.
House District 36,"CARTER, MICHAEL",40.0,2025-09-29 00:00:00,United Airlines,Chicago,IL,60606,Travel & Lodging,Travel Incurred While Serving In Capacity As Colorado State Rep.
House District 36,"CARTER, MICHAEL",54.0,2025-09-29 00:00:00,Frontier Airlines,Denver,CO,80239,Travel & Lodging,Travel Incurred While Serving In Capacity As Colorado State Rep.
House District 36,"CARTER, MICHAEL",41.03,2025-09-29 00:00:00,Uber Technologies,San Francisco,CA,94103,Travel & Lodging,Travel Incurred While Serving In Capacity As Colorado State Rep.
House District 36,"CARTER, MICHAEL",24.3,2025-09-29 00:00:00,Uber Technologies,San Francisco,CA,94103,Travel & Lodging,Travel Incurred While Serving In Capacity As Colorado State Rep.
House District 36,"CARTER, MICHAEL",76.8,2023-09-30 00:00:00,Actblue Technical Services,Boston,MA,02196,Bank Fees,Donor Processor Fees
House District 36,"CARTER, MICHAEL",0.72,2024-09-30 00:00:00,Actblue Technical Services,Boston,MA,02196,Bank Fees,Donor Processor Fees
House District 36,"CARTER, MICHAEL",4.44,2025-09-30 00:00:00,Dca Food Hall At Georgetown Market,Arlington,VA,22202,"Food, Beverages and Meals",Meal Incurred While Serving In Capacity As Colorado State Rep.
House District 36,"CARTER, MICHAEL",14.43,2025-09-30 00:00:00,Dca Food Hall At Georgetown Market,Arlington,VA,22202,"Food, Beverages and Meals",Meal Incurred While Serving In Capacity As Colorado State Rep.
House District 36,"CARTER, MICHAEL",9.93,2025-09-30 00:00:00,Twisters,Aurora,CO,80017,"Food, Beverages and Meals",Meal Incurred While Serving In Capacity As Colorado State Rep.
House District 36,"CARTER, MICHAEL",48.66,2025-09-30 00:00:00,King Soopers,Aurora,CO,80011,"Food, Beverages and Meals",Campaign Event Food And Drink
House District 36,"CARTER, MICHAEL",33.15,2025-09-30 00:00:00,Actblue Technical Services,Boston,MA,02196,Bank Fees,Donor Processor Fees
House District 36,"CARTER, MICHAEL",26.67,2024-10-06 00:00:00,Actblue Technical Services,Boston,MA,02196,Bank Fees,Donor Processor Fees
House District 36,"CARTER, MICHAEL",10.87,2023-10-08 00:00:00,Actblue Technical Services,Boston,MA,02196,Bank Fees,Donor Processor Fees
House District 36,"CARTER, MICHAEL",17.78,2024-10-13 00:00:00,Actblue Technical Services,Boston,MA,02196,Bank Fees,Donor Processor Fees
House District 36,"CARTER, MICHAEL",11.66,2023-10-15 00:00:00,Actblue Technical Services,Boston,MA,02196,Bank Fees,Donor Processor Fees
House District 36,"CARTER, MICHAEL",7.9,2023-10-22 00:00:00,Actblue Technical Services,Boston,MA,02196,Bank Fees,Donor Processor Fees
House District 36,"CARTER, MICHAEL",8.9,2024-10-27 00:00:00,Actblue Technical Services,Boston,MA,02196,Bank Fees,Donor Processor Fees
House District 36,"CARTER, MICHAEL",17.79,2023-10-29 00:00:00,Actblue Technical Services,Boston,MA,02196,Bank Fees,Donor Processor Fees
House District 36,"CARTER, MICHAEL",19.69,2024-11-03 00:00:00,Actblue Technical Services,Boston,MA,02196,Bank Fees,Donor Processor Fees
House District 36,"CARTER, MICHAEL",4.68,2023-11-05 00:00:00,Actblue Technical Services,Boston,MA,02196,Bank Fees,Donor Processor Fees
House District 36,"CARTER, MICHAEL",3.95,2024-11-05 00:00:00,Actblue Technical Services,Boston,MA,02196,Bank Fees,Donor Processor Fees
House District 36,"CARTER, MICHAEL",0.99,2023-11-12 00:00:00,Actblue Technical Services,Boston,MA,02196,Bank Fees,Donor Processor Fees
House District 36,"CARTER, MICHAEL",11.86,2023-11-19 00:00:00,Actblue Technical Services,Boston,MA,02196,Bank Fees,Donor Processor Fees
House District 36,"CARTER, MICHAEL",1.98,2024-11-24 00:00:00,Actblue Technical Services,Boston,MA,02196,Bank Fees,Donor Processor Fees
House District 36,"CARTER, MICHAEL",20.75,2023-11-26 00:00:00,Actblue Technical Services,Boston,MA,02196,Bank Fees,Donor Processor Fees
House District 36,"CARTER, MICHAEL",1.71,2024-12-01 00:00:00,Actblue Technical Services,Boston,MA,02196,Bank Fees,Donor Processor Fees
House District 36,"CARTER, MICHAEL",107.57,2024-12-02 00:00:00,"Google, Inc.",Mountain View,CA,94043,Office Equipment & Supplies,"Google Apps For Work, Email"
House District 36,"CARTER, MICHAEL",62.99,2023-12-03 00:00:00,Actblue Technical Services,Boston,MA,02196,Bank Fees,Donor Processor Fees
House District 36,"CARTER, MICHAEL",34.57,2023-12-10 00:00:00,Actblue Technical Services,Boston,MA,02196,Bank Fees,Donor Processor Fees
House District 36,"CARTER, MICHAEL",21.73,2023-12-17 00:00:00,Actblue Technical Services,Boston,MA,02196,Bank Fees,Donor Processor Fees
House District 36,"CARTER, MICHAEL",562.83,2024-12-19 00:00:00,City Of Aurora,Aurora,CO,80012,Employee Services,Payroll Taxes
House District 36,"CARTER, MICHAEL",0.47,2024-12-19 00:00:00,Wells Fargo,Aurora,CO,80013,Bank Fees,Bank Transaction Fee
House District 36,"CARTER, MICHAEL",15.8,2024-12-19 00:00:00,Weglot,Paris,FR,75010,Advertising,Website Translation
House District 36,"CARTER, MICHAEL",1.98,2023-12-24 00:00:00,Actblue Technical Services,Boston,MA,02196,Bank Fees,Donor Processor Fees
House District 36,"CARTER, MICHAEL",1.98,2024-12-29 00:00:00,Actblue Technical Services,Boston,MA,02196,Bank Fees,Donor Processor Fees
House District 36,"CARTER, MICHAEL",52.09,2023-12-31 00:00:00,Actblue Technical Services,Boston,MA,02196,Bank Fees,Donor Processor Fees
House District 36,"CARTER, MICHAEL",0.72,2024-12-31 00:00:00,Actblue Technical Services,Boston,MA,02196,Bank Fees,Donor Processor Fees
House District 36,"CARTER, MICHAEL",13.0,2025-10-01 00:00:00,Gaylord Hotel,Aurora,CO,80019,Travel & Lodging,
House District 36,"CARTER, MICHAEL",16.72,2025-10-02 00:00:00,Mcdonald'S,Aurora,CO,80014,"Food, Beverages and Meals",Meal Incurred While Serving In Capacity As Colorado State Rep.
House District 36,"CARTER, MICHAEL",7.7,2025-10-03 00:00:00,Logan House Coffee,Aurora,CO,80010,"Food, Beverages and Meals",Meal Incurred While Serving In Capacity As Colorado State Rep.
House District 36,"CARTER, MICHAEL",89.31,2025-10-03 00:00:00,Jiffy Lube,Aurora,CO,80013,Travel & Lodging,Vehicle Maintenance Supplies Incurred While Serving In Capacity As Colorado State Rep.
House District 36,"CARTER, MICHAEL",39.67,2025-10-03 00:00:00,Phillips 66,Aurora,CO,80012,Travel & Lodging,Gas Expenses Incurred While Serving In Capacity As Colorado State Rep.
House District 36,"CARTER, MICHAEL",39.67,2025-10-03 00:00:00,Twin Star Energy,Littleton,CO,80127,Travel & Lodging,
House District 36,"CARTER, MICHAEL",2.97,2025-10-05 00:00:00,Actblue Technical Services,Boston,MA,02196,Fundraising Expenses,Donor Processing Fees
House District 36,"CARTER, MICHAEL",29.15,2025-10-06 00:00:00,King Soopers,Glendale,CO,80246,"Food, Beverages and Meals",Campaign Event Food And Drink
House District 36,"CARTER, MICHAEL",11.27,2025-10-06 00:00:00,Carlís Jr.,Florence,CO,81226,"Food, Beverages and Meals",Meal Incurred While Serving In Capacity As Colorado State Rep.
House District 36,"CARTER, MICHAEL",5.47,2025-10-06 00:00:00,Delizioso,Vail,CO,81657,"Food, Beverages and Meals",Meal Incurred While Serving In Capacity As Colorado State Rep.
House District 36,"CARTER, MICHAEL",13.34,2025-10-06 00:00:00,Advance Auto Parts,Aurora,CO,80014,Travel & Lodging,Vehicle Maintenance Supplies Incurred While Serving In Capacity As Colorado State Rep.
House District 36,"CARTER, MICHAEL",11.27,2025-10-06 00:00:00,Carl'S Jr.,Aurora,CO,80014,"Food, Beverages and Meals",
House District 36,"CARTER, MICHAEL",49.05,2025-10-07 00:00:00,Beau Jo'S,Lone Tree,CO,80124,"Food, Beverages and Meals",
House District 36,"CARTER, MICHAEL",69.0,2025-10-07 00:00:00,Constant Contact,Waltham,MA,02451,Advertising,
House District 36,"CARTER, MICHAEL",2.97,2025-10-12 00:00:00,Actblue Technical Services,Boston,MA,02196,Fundraising Expenses,Donor Processing Fees
House District 36,"CARTER, MICHAEL",50.0,2025-10-14 00:00:00,Carol  Suffell,Tucson,AZ,85742-8022,Consultant & Professional Services,Data Entry Services
House District 36,"CARTER, MICHAEL",17.0,2025-10-14 00:00:00,Denver Performing Arts Complex Parking Garage,"Denver,",CO,80202,Travel & Lodging,Parking For Campaign Event
House District 36,"CARTER, MICHAEL",4.0,2025-10-14 00:00:00,Denver Street Parking,Denver,CO,80202,Travel & Lodging,Parking For Campaign Event
House District 36,"CARTER, MICHAEL",20.31,2025-10-14 00:00:00,Athenian Restaurant,Aurora,CO,80013,"Food, Beverages and Meals",Meal Incurred While Serving In Capacity As Colorado State Rep.
House District 36,"CARTER, MICHAEL",4.0,2025-10-14 00:00:00,Denver Parking,Denver,CO,80202,Travel & Lodging,
House District 36,"CARTER, MICHAEL",7.51,2025-10-14 00:00:00,Lost Coffee,Littleton,CO,80120,"Food, Beverages and Meals",
House District 36,"CARTER, MICHAEL",4.0,2025-10-15 00:00:00,Denver Parking,Denver,CO,80202,Travel & Lodging,
House District 36,"CARTER, MICHAEL",78.36,2025-10-15 00:00:00,Tupelo Honey Southern Kitchen & Bar,Denver,CO,80202,"Food, Beverages and Meals",
House District 36,"CARTER, MICHAEL",9.02,2025-10-16 00:00:00,Chick-Fil-A,Greenwood Village,CO,80112,"Food, Beverages and Meals",
House District 36,"CARTER, MICHAEL",17.6,2025-10-20 00:00:00,Weglot,Denver,CO,80290,Advertising,"Translation Services. French Address: 7 Cit… Paradis, 75010 Paris, France"
House District 36,"CARTER, MICHAEL",0.52,2025-10-20 00:00:00,Wells Fargo,Aurora,CO,80013,Bank Fees,
House District 36,"CARTER, MICHAEL",335.37,2025-10-21 00:00:00,United Airlines,Chicago,IL,60606,Travel & Lodging,
House District 36,"CARTER, MICHAEL",43.46,2025-10-26 00:00:00,Actblue Technical Services,Boston,MA,02196,Fundraising Expenses,Donor Processing Fees
House District 36,"CARTER, MICHAEL",32.91,2025-10-27 00:00:00,Lyft,San Francisco,CA,94107,Travel & Lodging,
House District 36,"CARTER, MICHAEL",14.99,2025-10-29 00:00:00,Denver Post,Denver,CO,80216,Miscellaneous,
House District 36,"CARTER, MICHAEL",17.78,2025-11-02 00:00:00,Actblue Technical Services,Boston,MA,02196,Fundraising Expenses,Donor Processing Fees
House District 36,"CARTER, MICHAEL",69.72,2025-11-03 00:00:00,Google,Mountain View,CA,94043,Office Equipment & Supplies,
House District 36,"CARTER, MICHAEL",69.0,2025-11-07 00:00:00,Constant Contact,Waltham,MA,02451,Advertising,
House District 36,"CARTER, MICHAEL",11.86,2025-11-09 00:00:00,Actblue Technical Services,Boston,MA,02196,Fundraising Expenses,Donor Processing Fees
House District 36,"CARTER, MICHAEL",0.2,2025-11-16 00:00:00,Actblue Technical Services,Boston,MA,02196,Fundraising Expenses,Donor Processing Fees
House District 36,"CARTER, MICHAEL",13.0,2025-11-17 00:00:00,Convention Center Parking,Denver,CO,80204,Travel & Lodging,
House District 36,"CARTER, MICHAEL",50.82,2025-11-17 00:00:00,Semion Barbers,Aurora,CO,80010,Miscellaneous,
House District 36,"CARTER, MICHAEL",5.58,2025-11-19 00:00:00,7-Eleven,Aurora,CO,80015,Travel & Lodging,
House District 36,"CARTER, MICHAEL",17.44,2025-11-19 00:00:00,Weglot,Denver,CO,80290,Advertising,"Translation Services. French Address: 7 Cit… Paradis, 75010 Paris, France"
House District 36,"CARTER, MICHAEL",0.52,2025-11-19 00:00:00,Wells Fargo,Aurora,CO,80013,Bank Fees,
House District 36,"CARTER, MICHAEL",17.78,2025-11-23 00:00:00,Actblue Technical Services,Boston,MA,02196,Fundraising Expenses,Donor Processing Fees
House District 36,"CARTER, MICHAEL",14.99,2025-11-26 00:00:00,Denver Post,Denver,CO,80216,Miscellaneous,
House District 36,"CARTER, MICHAEL",21.05,2025-11-28 00:00:00,Chick-Fil-A,Greenwood Village,CO,80112,"Food, Beverages and Meals",
House District 36,"CARTER, MICHAEL",270.0,2025-11-28 00:00:00,Carol  Suffell,Tucson,AZ,85742-8022,Consultant & Professional Services,Campaign Assistant
House District 36,"CARTER, MICHAEL",21.1,2025-12-01 00:00:00,Chick-Fil-A,Greenwood Village,CO,80112,"Food, Beverages and Meals",
House District 36,"CARTER, MICHAEL",69.72,2025-12-02 00:00:00,Google,Mountain View,CA,94043,Office Equipment & Supplies,
House District 36,"CARTER, MICHAEL",91.78,2025-12-02 00:00:00,Lowe'S,Aurora,CO,80012,Office Equipment & Supplies,
House District 36,"CARTER, MICHAEL",52.78,2025-12-07 00:00:00,Actblue Technical Services,Boston,MA,02196,Fundraising Expenses,Donor Processing Fees
House District 36,"CARTER, MICHAEL",69.0,2025-12-08 00:00:00,Constant Contact,Waltham,MA,02451,Advertising,
House District 36,"CARTER, MICHAEL",0.2,2025-12-14 00:00:00,Actblue Technical Services,Boston,MA,02196,Fundraising Expenses,Donor Processing Fees
House District 36,"CARTER, MICHAEL",88.01,2025-12-15 00:00:00,King Soopers,Aurora,CO,80013,"Food, Beverages and Meals",
House District 36,"CARTER, MICHAEL",16.0,2025-12-19 00:00:00,Cherry Creek Parking,Denver,CO,80206,Travel & Lodging,
House District 36,"CARTER, MICHAEL",20.0,2025-12-19 00:00:00,Convention Center Parking,Denver,CO,80204,Travel & Lodging,
House District 36,"CARTER, MICHAEL",104.35,2025-12-19 00:00:00,King Soopers,Aurora,CO,80013,"Food, Beverages and Meals",
House District 36,"CARTER, MICHAEL",17.64,2025-12-19 00:00:00,Weglot,Denver,CO,80290,Advertising,"Translation Services. French Address: 7 Cit… Paradis, 75010 Paris, France"
House District 36,"CARTER, MICHAEL",0.52,2025-12-19 00:00:00,Wells Fargo,Aurora,CO,80013,Bank Fees,
House District 36,"CARTER, MICHAEL",139.31,2025-12-21 00:00:00,Actblue Technical Services,Boston,MA,02196,Fundraising Expenses,Donor Processing Fees
House District 36,"CARTER, MICHAEL",45.88,2025-12-22 00:00:00,Aurora Parking,Aurora,CO,80012,Travel & Lodging,
House District 36,"CARTER, MICHAEL",42.62,2025-12-22 00:00:00,Berliner Haus,Denver,CO,80211,"Food, Beverages and Meals",
House District 36,"CARTER, MICHAEL",42.53,2025-12-22 00:00:00,Jersey Mike'S,Greenwood Village,CO,80112,"Food, Beverages and Meals",
House District 36,"CARTER, MICHAEL",32.57,2025-12-22 00:00:00,Kfc,Aurora,CO,80015,"Food, Beverages and Meals",
House District 36,"CARTER, MICHAEL",17.33,2025-12-22 00:00:00,King Soopers,Aurora,CO,80013,"Food, Beverages and Meals",
House District 36,"CARTER, MICHAEL",24.51,2025-12-22 00:00:00,Denver Christkindlmarket,Denver,CO,80204,"Food, Beverages and Meals",
House District 36,"CARTER, MICHAEL",38.9,2025-12-22 00:00:00,Mc Liquor,Aurora,CO,80018,Entertainment,
House District 36,"CARTER, MICHAEL",82.26,2025-12-22 00:00:00,Sheabeens Irish Pub,Aurora,CO,80014,"Food, Beverages and Meals",
House District 36,"CARTER, MICHAEL",24.72,2025-12-22 00:00:00,Styria Bakery Ii,Denver,CO,80216,"Food, Beverages and Meals",
House District 36,"CARTER, MICHAEL",6.6,2025-12-23 00:00:00,Denver Parking,Denver,CO,80202,Travel & Lodging,
House District 36,"CARTER, MICHAEL",252.2,2025-12-23 00:00:00,Veteran'S Carpet,Denver,CO,80223,Office Equipment & Supplies,
House District 36,"CARTER, MICHAEL",14.99,2025-12-26 00:00:00,Denver Post,Denver,CO,80216,Miscellaneous,
House District 36,"CARTER, MICHAEL",51.36,2025-12-28 00:00:00,Actblue Technical Services,Boston,MA,02196,Fundraising Expenses,Donor Processing Fees
House District 36,"CARTER, MICHAEL",36.6,2025-12-29 00:00:00,Usps,Washington,DC,20004,Office Equipment & Supplies,
House District 36,"CARTER, MICHAEL",16.83,2025-12-30 00:00:00,Amc Threaters,Aurora,CO,80016,Entertainment,
House District 36,"CARTER, MICHAEL",107.14,2025-12-30 00:00:00,Safeway,Aurora,CO,80017,"Food, Beverages and Meals",
House District 36,"CARTER, MICHAEL",72.79,2025-12-31 00:00:00,Actblue Technical Services,Boston,MA,02196,Fundraising Expenses,Donor Processing Fees
House District 36,"CARTER, MICHAEL",19.39,2025-12-31 00:00:00,El Chubby'S Restaurant,Aurora,CO,80012,"Food, Beverages and Meals",
House District 36,"CARTER, MICHAEL",8.0,2025-12-31 00:00:00,Michael'S,Aurora,CO,80012,Office Equipment & Supplies,
House District 36,"PARSONS, BRIENNA",,,,,,,,
House District 37,"CLIFFORD, CHARLES",464.0,2024-01-03 00:00:00,Coblue Llc,Denver,CO,80218,Consultant & Professional Services,
House District 37,"CLIFFORD, CHARLES",72.0,2024-01-03 00:00:00,Wix.Com,San Francisco,CO,94158,Miscellaneous,Software
House District 37,"CLIFFORD, CHARLES",36.0,2025-01-06 00:00:00,"Notion Labs, Inc.",San Francisco,CA,94110,Miscellaneous,Software
House District 37,"CLIFFORD, CHARLES",560.0,2025-01-15 00:00:00,Coblue Llc,Denver,CO,80218,Consultant & Professional Services,
House District 37,"CLIFFORD, CHARLES",193.79,2025-01-22 00:00:00,"Donn Bruns, Llc",Arvada,CO,80005,Consultant & Professional Services,Official Portrait
House District 37,"CLIFFORD, CHARLES",4.0,2025-01-31 00:00:00,First Bank,Littleton,CO,80129,Bank Fees,
House District 37,"CLIFFORD, CHARLES",72.0,2025-02-03 00:00:00,Wix.Com,San Francisco,CO,94158,Miscellaneous,Software
House District 37,"CLIFFORD, CHARLES",36.0,2025-02-06 00:00:00,"Notion Labs, Inc.",San Francisco,CA,94110,Miscellaneous,Software
House District 37,"CLIFFORD, CHARLES",4.0,2025-02-28 00:00:00,First Bank,Littleton,CO,80129,Bank Fees,
House District 37,"CLIFFORD, CHARLES",72.0,2025-03-03 00:00:00,Wix.Com,San Francisco,CO,94158,Miscellaneous,Software
House District 37,"CLIFFORD, CHARLES",7.91,2025-03-05 00:00:00,Act Blue Inc.,Somerville,MA,02144,Bank Fees,
House District 37,"CLIFFORD, CHARLES",36.0,2025-03-06 00:00:00,"Notion Labs, Inc.",San Francisco,CA,94110,Miscellaneous,Software
House District 37,"CLIFFORD, CHARLES",112.49,2025-03-09 00:00:00,"Hobby Lobby, Inc.",Lone Tree,CO,80124,Office Equipment & Supplies,
House District 37,"CLIFFORD, CHARLES",4.0,2025-03-31 00:00:00,First Bank,Littleton,CO,80129,Bank Fees,
House District 37,"CLIFFORD, CHARLES",84.0,2025-04-03 00:00:00,Wix.Com,San Francisco,CO,94158,Miscellaneous,Software
House District 37,"CLIFFORD, CHARLES",36.0,2025-04-07 00:00:00,"Notion Labs, Inc.",San Francisco,CA,94110,Miscellaneous,Software
House District 37,"CLIFFORD, CHARLES",4.0,2025-04-30 00:00:00,First Bank,Littleton,CO,80129,Bank Fees,
House District 37,"CLIFFORD, CHARLES",84.0,2025-05-05 00:00:00,Wix.Com,San Francisco,CO,94158,Miscellaneous,Software
House District 37,"CLIFFORD, CHARLES",36.0,2025-05-06 00:00:00,"Notion Labs, Inc.",San Francisco,CA,94110,Miscellaneous,Software
House District 37,"CLIFFORD, CHARLES",4.0,2025-06-02 00:00:00,First Bank,Littleton,CO,80129,Bank Fees,
House District 37,"CLIFFORD, CHARLES",370.24,2025-06-03 00:00:00,"Sunflower Sign Language Interpreting,  Llc",Longmont,CO,80504,Consultant & Professional Services,Sign Language Interpreter For Disability Bill Hb25-1017
House District 37,"CLIFFORD, CHARLES",84.0,2025-06-04 00:00:00,Wix.Com,San Francisco,CO,94158,Miscellaneous,Software
House District 37,"CLIFFORD, CHARLES",67.31,2025-06-04 00:00:00,Planned Parenthood Of The Rocky Mountains,Denver,CO,80207,Miscellaneous,Event Ticket
House District 37,"CLIFFORD, CHARLES",290.0,2025-06-04 00:00:00,"Visible Voices, Inc.",Aurora,CO,80047,Consultant & Professional Services,Disability Access For Press Conference On Disability Bill Hb25-1017
House District 37,"CLIFFORD, CHARLES",4.0,2025-06-30 00:00:00,First Bank,Littleton,CO,80129,Bank Fees,
House District 37,"CLIFFORD, CHARLES",1600.0,2025-07-02 00:00:00,Arapahoe County Democratic Party,Aurora,CO,80014,Miscellaneous,Event Tickets Pat Schroeder Dinner
House District 37,"CLIFFORD, CHARLES",77.55,2025-07-03 00:00:00,Colorado Criminal Justice Reform Coalition,Denver,CO,80205,Miscellaneous,Event Ticket
House District 37,"CLIFFORD, CHARLES",84.0,2025-07-03 00:00:00,Wix.Com,San Francisco,CO,94158,Miscellaneous,Software
House District 37,"CLIFFORD, CHARLES",154.5,2025-07-08 00:00:00,Arapahoe County Fair,Aurora,CO,80016,Miscellaneous,"Event Tickets, Boots Not Suits"
House District 37,"CLIFFORD, CHARLES",50.62,2025-07-08 00:00:00,Colorado Cross Disability Coalition,Denver,CO,80222,Miscellaneous,Event Ticket
House District 37,"CLIFFORD, CHARLES",4.0,2025-07-31 00:00:00,First Bank,Littleton,CO,80129,Bank Fees,
House District 37,"CLIFFORD, CHARLES",84.0,2025-08-04 00:00:00,Wix.Com,San Francisco,CO,94158,Miscellaneous,Software
House District 37,"CLIFFORD, CHARLES",4.0,2025-08-29 00:00:00,First Bank,Littleton,CO,80129,Bank Fees,
House District 37,"CLIFFORD, CHARLES",84.0,2025-09-03 00:00:00,Wix.Com,San Francisco,CO,94158,Other,Software
House District 37,"CLIFFORD, CHARLES",149.0,2025-09-22 00:00:00,Jennifer  Strobel,Austin,TX,78749,Employee Services,
House District 37,"CLIFFORD, CHARLES",298.0,2025-09-22 00:00:00,Jennifer  Strobel,Austin,TX,78749,Employee Services,
House District 37,"CLIFFORD, CHARLES",4.0,2025-09-30 00:00:00,First Bank,Littleton,CO,80129,Bank Fees,
House District 37,"CLIFFORD, CHARLES",516.0,2024-12-06 00:00:00,Coblue Llc,Denver,CO,80218,Consultant & Professional Services,Campaign Management
House District 37,"CLIFFORD, CHARLES",36.0,2024-12-06 00:00:00,"Notion Labs, Inc.",San Francisco,CA,94110,Other,Software
House District 37,"CLIFFORD, CHARLES",464.0,2024-12-16 00:00:00,Coblue Llc,Denver,CO,80218,Miscellaneous,Campaign Management
House District 37,"CLIFFORD, CHARLES",464.0,2024-12-20 00:00:00,Coblue Llc,Denver,CO,80218,Miscellaneous,Campaign Management
House District 37,"CLIFFORD, CHARLES",464.0,2024-12-27 00:00:00,Coblue Llc,Denver,CO,80218,Miscellaneous,Campaign Management
House District 37,"CLIFFORD, CHARLES",4.0,2024-12-31 00:00:00,First Bank,Littleton,CO,80129,Bank Fees,Debit Cards
House District 37,"CLIFFORD, CHARLES",84.0,2025-10-03 00:00:00,Wix.Com,San Francisco,CO,94158,Other,Software
House District 37,"CLIFFORD, CHARLES",326.0,2025-10-31 00:00:00,Jennifer  Strobel,Arvada,CO,80003,Employee Services,
House District 37,"CLIFFORD, CHARLES",4.0,2025-10-31 00:00:00,First Bank,Littleton,CO,80129,Bank Fees,
House District 37,"CLIFFORD, CHARLES",84.0,2025-11-03 00:00:00,Wix.Com,San Francisco,CO,94158,Miscellaneous,
House District 37,"CLIFFORD, CHARLES",1008.0,2025-11-13 00:00:00,Jennifer  Strobel,Arvada,CO,80003,Employee Services,
House District 37,"CLIFFORD, CHARLES",0.99,2025-11-13 00:00:00,Act Blue Inc.,Somerville,MA,02144,Bank Fees,
House District 37,"CLIFFORD, CHARLES",28.0,2025-11-22 00:00:00,Colorado Correctional Industries,Colorado Springs,CO,80910,Other,Flag For Ibew Local 68 Union Hall
House District 37,"CLIFFORD, CHARLES",10.0,2025-11-22 00:00:00,"State Of Colorado, Secretary Of State",Denver,CO,80290,Other,Flag Case
House District 37,"CLIFFORD, CHARLES",-28.0,2025-11-22 00:00:00,Colorado Correctional Industries,Colorado Springs,CO,80910,Other,Offset Due To Deletion Of Filed Item - Flag For Ibew Local 68 Union Hall
House District 37,"CLIFFORD, CHARLES",-10.0,2025-11-22 00:00:00,"State Of Colorado, Secretary Of State",Denver,CO,80290,Other,Offset Due To Deletion Of Filed Item - Flag Case
House District 37,"CLIFFORD, CHARLES",4.0,2025-11-28 00:00:00,First Bank,Littleton,CO,80129,Bank Fees,
House District 37,"CLIFFORD, CHARLES",13.23,2025-12-02 00:00:00,Amazon,Seattle,WA,98109,Office Equipment & Supplies,
House District 37,"CLIFFORD, CHARLES",84.0,2025-12-03 00:00:00,Wix.Com,San Francisco,CO,94158,Miscellaneous,Software
House District 37,"CLIFFORD, CHARLES",50.65,2025-12-03 00:00:00,Amazon,Seattle,WA,98109,Office Equipment & Supplies,
House District 37,"CLIFFORD, CHARLES",336.0,2025-12-04 00:00:00,Jennifer  Strobel,Arvada,CO,80003,Employee Services,
House District 37,"CLIFFORD, CHARLES",336.0,2025-12-14 00:00:00,Jennifer  Strobel,Arvada,CO,80003,Employee Services,
House District 37,"CLIFFORD, CHARLES",127.66,2025-12-15 00:00:00,The Varsity Inn,Centennial,CO,80122,"Food, Beverages and Meals",
House District 37,"CLIFFORD, CHARLES",39.51,2025-12-17 00:00:00,Act Blue Inc.,Somerville,MA,02144,Bank Fees,
House District 37,"CLIFFORD, CHARLES",45.66,2025-12-21 00:00:00,Act Blue Inc.,Somerville,MA,02144,Bank Fees,
House District 37,"CLIFFORD, CHARLES",206.0,2025-12-30 00:00:00,Parkade,Denver,CO,80210,Other,Parking
House District 37,"CLIFFORD, CHARLES",4.0,2025-12-31 00:00:00,First Bank,Littleton,CO,80129,Bank Fees,
House District 37,"HART, ALEX",,,,,,,,
House District 37,"THOMPSON, JILL",,,,,,,,
House District 38,"RYDIN, GRETCHEN",2.0,2025-01-23 00:00:00,1St Bank,Lakewood,CO,80215,Bank Fees,Fee For Using Credit Card
House District 38,"RYDIN, GRETCHEN",26.5,2025-01-27 00:00:00,Mail Chimp,Atlanta,GA,30312,Fundraising Expenses,Email The Newsletter
House District 38,"RYDIN, GRETCHEN",2.0,2025-02-21 00:00:00,1St Bank,Lakewood,CO,80215,Bank Fees,Cost Of Using Credit Card
House District 38,"RYDIN, GRETCHEN",26.5,2025-02-26 00:00:00,Mail Chimp,Atlanta,GA,,Fundraising Expenses,To Mail Newsleetter
House District 38,"RYDIN, GRETCHEN",-26.5,2025-02-26 00:00:00,Mail Chimp,Atlanta,GA,,Fundraising Expenses,Offset Due To Update Of Filed Item - To Mail Newsleetter
House District 38,"RYDIN, GRETCHEN",26.5,2025-02-26 00:00:00,Mail Chimp,Atlanta,GA,30312,Fundraising Expenses,To Mail Newsleetter
House District 38,"RYDIN, GRETCHEN",27.49,2025-03-02 00:00:00,Mail Chimp,Atlanta,GA,,Fundraising Expenses,Mail Newsletter
House District 38,"RYDIN, GRETCHEN",-27.49,2025-03-02 00:00:00,Mail Chimp,Atlanta,GA,,Fundraising Expenses,Offset Due To Update Of Filed Item - Mail Newsletter
House District 38,"RYDIN, GRETCHEN",27.49,2025-03-02 00:00:00,Mail Chimp,Atlanta,GA,30312,Fundraising Expenses,Mail Newsletter
House District 38,"RYDIN, GRETCHEN",2.0,2025-03-20 00:00:00,1St Bank,Lakewood,CO,80215,Bank Fees,Use Of Credit Card
House District 38,"RYDIN, GRETCHEN",2.0,2025-04-20 00:00:00,1St Bank,Lakewood,CO,80215,Bank Fees,Monthly Bank Charge
House District 38,"RYDIN, GRETCHEN",2.0,2025-05-20 00:00:00,1St Bank,Lakewood,CO,80215,Bank Fees,Bank Fees
House District 38,"RYDIN, GRETCHEN",27.49,2025-05-25 00:00:00,Mail Chimp,Atlanta,GA,30312,Fundraising Expenses,Advertising
House District 38,"RYDIN, GRETCHEN",2.0,2025-06-20 00:00:00,1St Bank,Lakewood,CO,80215,Bank Fees,Bank Fees
House District 38,"RYDIN, GRETCHEN",27.49,2025-06-25 00:00:00,Mail Chimp,Atlanta,GA,30312,Advertising,Advertising
House District 38,"RYDIN, GRETCHEN",24.3,2025-06-30 00:00:00,Actblue Nf,Summerville,MA,02144,Fundraising Expenses,Cost Of Donations
House District 38,"RYDIN, GRETCHEN",100.0,2025-07-11 00:00:00,Gretchen  Rydin,Littleton,CO,80120,Miscellaneous,To Put Money In New Account Rydin With Gretchen
House District 38,"RYDIN, GRETCHEN",25.0,2025-07-23 00:00:00,Secretary Of State Colorado,Denver,CO,80290,Miscellaneous,Filing Fee For Rydin With Gretchen
House District 38,"RYDIN, GRETCHEN",2.0,2025-07-23 00:00:00,E First Bank,Lakewood,CO,80215,Bank Fees,Monthly Fee For Business Cards
House District 38,"RYDIN, GRETCHEN",27.49,2025-07-25 00:00:00,Mail Chimp,Atlanta,GA,30312,Advertising,Advertising
House District 38,"RYDIN, GRETCHEN",2.0,2025-08-01 00:00:00,E First Bank,Lakewood,CO,80215,Bank Fees,Bank Fees For Business Cards
House District 38,"RYDIN, GRETCHEN",127.74,2025-08-13 00:00:00,Corazon Printing,Broomfield,CO,80020,Fundraising Expenses,Printing For New Account
House District 38,"RYDIN, GRETCHEN",94.15,2025-08-22 00:00:00,State Of Colorado,,CO,,Miscellaneous,Famil Employee Benefits Sent By Electronic Funds Transfer
House District 38,"RYDIN, GRETCHEN",27.49,2025-08-25 00:00:00,Mail Chimp,Atlanta,GA,30312,Fundraising Expenses,Advertising
House District 38,"RYDIN, GRETCHEN",192.0,2025-09-15 00:00:00,Squarespace,,CO,,Advertising,Website Address Cost
House District 38,"RYDIN, GRETCHEN",2.0,2025-09-19 00:00:00,1St Bank,Lakewood,CO,80215,Bank Fees,Bank Fees For Business Cards
House District 38,"RYDIN, GRETCHEN",27.49,2025-09-25 00:00:00,Mail Chimp,Atlanta,GA,30312,Advertising,Advertising
House District 38,"RYDIN, GRETCHEN",20.0,2025-09-27 00:00:00,Squarespace,,CO,,Advertising,Website Management Cost
House District 38,"RYDIN, GRETCHEN",2.0,2024-12-19 00:00:00,1St Bank,Lakewood,CO,80215,Bank Fees,Debit Cards Fees
House District 38,"RYDIN, GRETCHEN",26.5,2024-12-26 00:00:00,Mail Chimp,Atlanta,GA,30312,Fundraising Expenses,Email The Newsletter
House District 38,"RYDIN, GRETCHEN",27.49,2025-10-27 00:00:00,Mail Chimp,Atlanta,GA,30312,Fundraising Expenses,
House District 38,"RYDIN, GRETCHEN",188.0,2025-11-02 00:00:00,Uspost Office,Littleton,CO,80120,Fundraising Expenses,Postage
House District 38,"RYDIN, GRETCHEN",12.25,2025-11-24 00:00:00,Staples,Centennial,CO,80122,Office Equipment & Supplies,Paper For Office
House District 38,"RYDIN, GRETCHEN",177.0,2025-11-24 00:00:00,Grande Station,Littleton,CO,80120,"Food, Beverages and Meals",Food For Event
House District 38,"RYDIN, GRETCHEN",27.49,2025-11-25 00:00:00,Mail Chimp,Atlanta,GA,30312,Fundraising Expenses,Fundraising Expense
House District 38,"RYDIN, GRETCHEN",63.32,2025-12-12 00:00:00,Palenque,Littleton,CO,80120,"Food, Beverages and Meals",Food For Fundraiser
House District 38,"RYDIN, GRETCHEN",27.49,2025-12-24 00:00:00,Mail Chimp,Atlanta,GA,30312,Fundraising Expenses,Fundraising
House District 38,"RYDIN, GRETCHEN",185.78,2025-12-31 00:00:00,Act Blue Ne,Summerville,MA,02144,Fundraising Expenses,Fundraising Through Donations
House District 39,"BRADLEY, BRANDI",384.0,2025-01-06 00:00:00,Wix.Com,San Francisco,CA,94102,Other,6410 ∑ Registration & Hosting
House District 39,"BRADLEY, BRANDI",1100.0,2025-01-08 00:00:00,House Republican Caucus,Denver,CO,80203,Other,7218 ∑ Dues And Subscriptions
House District 39,"BRADLEY, BRANDI",617.0,2025-01-14 00:00:00,"Sws Polifi, Llc",Fort Lupton,CO,80621,Other,7520 ∑ Accounting Fees
House District 39,"BRADLEY, BRANDI",2.0,2025-01-17 00:00:00,Firstbank North,Arvada,CO,80006,Other,7810 ∑ Service Charges
House District 39,"BRADLEY, BRANDI",192.0,2025-02-03 00:00:00,Squarespace,New York,NY,10014,Other,6410 ∑ Registration & Hosting
House District 39,"BRADLEY, BRANDI",288.0,2025-02-03 00:00:00,Wix.Com,San Francisco,CA,94102,Other,6410 ∑ Registration & Hosting
House District 39,"BRADLEY, BRANDI",2.0,2025-02-18 00:00:00,Firstbank North,Arvada,CO,80006,Other,7810 ∑ Service Charges
House District 39,"BRADLEY, BRANDI",24.72,2025-02-27 00:00:00,Yamm.Com,None,CO,80701,Other,7223 ∑ Software Expense
House District 39,"BRADLEY, BRANDI",2.0,2025-03-17 00:00:00,Firstbank North,Arvada,CO,80006,Other,7810 ∑ Service Charges
House District 39,"BRADLEY, BRANDI",1.3,2025-06-09 00:00:00,Anedot,New Orleans,LA,70117,Bank Fees,
House District 39,"BRADLEY, BRANDI",6.0,2025-06-16 00:00:00,Firstbank North,Arvada,CO,80006,Bank Fees,"Service Charges For April, May And June"
House District 39,"BRADLEY, BRANDI",600.0,2025-07-16 00:00:00,Polifi Llc,Fort Lupton,CO,80621,Consultant & Professional Services,
House District 39,"BRADLEY, BRANDI",2.0,2025-07-18 00:00:00,Firstbank North,Arvada,CO,80006,Bank Fees,
House District 39,"BRADLEY, BRANDI",2.0,2025-08-18 00:00:00,Firstbank North,Arvada,CO,80006,Bank Fees,
House District 39,"BRADLEY, BRANDI",2.0,2025-09-30 00:00:00,Firstbank North,Arvada,CO,80006,Bank Fees,
House District 39,"BRADLEY, BRANDI",2.0,2024-12-16 00:00:00,Firstbank North,Arvada,CO,80006,Other,7810 ∑ Service Charges
House District 39,"BRADLEY, BRANDI",27.14,2024-12-24 00:00:00,Namecheap,Phoenix,AZ,90064,Other,6410 ∑ Registration & Hosting
House District 39,"BRADLEY, BRANDI",20.0,2025-10-27 00:00:00,,,,,Other,Meeting Registration Fee
House District 39,"BRADLEY, BRANDI",6.0,2025-12-15 00:00:00,Firstbank North,Arvada,CO,80006,Bank Fees,
House District 39,"BRADLEY, BRANDI",28.66,2025-12-24 00:00:00,Namecheap,Phoenix,AZ,90064,Consultant & Professional Services,Communications Expense
House District 39,"BRADLEY, BRANDI",468.0,2025-12-30 00:00:00,Wix.Com,San Francisco,CA,94110,Consultant & Professional Services,
House District 39,"BRADLEY, BRANDI",22.6,2025-12-31 00:00:00,Anedot,New Orleans,LA,70117,Bank Fees,
House District 39,"MULVEY, DEBORAH",,,,,,,,
House District 39,"SCHILDER, CHRISTIAN",54.0,2025-11-20 00:00:00,Squarespace,New York,NY,10014,Other,Domain
House District 39,"SCHILDER, CHRISTIAN",348.0,2025-11-21 00:00:00,Wix.Com Ltd,New York,NY,10014,Other,Website Hosting
House District 39,"SCHILDER, CHRISTIAN",17.5,2025-11-23 00:00:00,Act Blue,Somerville,MA,02144,Bank Fees,Processing Fee
House District 39,"SCHILDER, CHRISTIAN",12.77,2025-11-24 00:00:00,Ziggi'S,Castle Pines,CO,80108,"Food, Beverages and Meals",Volunteer Recruitment
House District 39,"SCHILDER, CHRISTIAN",31.85,2025-11-30 00:00:00,Act Blue,Somerville,MA,02144,Bank Fees,Processing Fee
House District 39,"SCHILDER, CHRISTIAN",1.75,2025-12-07 00:00:00,Act Blue,Somerville,MA,02144,Bank Fees,Processing Fee
House District 39,"SCHILDER, CHRISTIAN",14.0,2025-12-09 00:00:00,Squarespace,New York,NY,10014,Other,Domain
House District 39,"SCHILDER, CHRISTIAN",43.24,2025-12-09 00:00:00,Amazon,Seattle,WA,98108-1226,Miscellaneous,Campaign Apparel
House District 39,"SCHILDER, CHRISTIAN",7.71,2025-12-14 00:00:00,Act Blue,Somerville,MA,02144,Bank Fees,Processing Fee
House District 39,"SCHILDER, CHRISTIAN",0.74,2025-12-21 00:00:00,Act Blue,Somerville,MA,02144,Bank Fees,Processing Fee
House District 39,"SCHILDER, CHRISTIAN",219.83,2025-12-23 00:00:00,Vistaprint,Lexington,MA,02421,Office Equipment & Supplies,"Business Cards, Etc."
House District 39,"SCHILDER, CHRISTIAN",3.5,2025-12-28 00:00:00,Act Blue,Somerville,MA,02144,Bank Fees,Processing Fee
House District 40,"RICKS, NIKKI",,,,,,,,
House District 41,"JACKSON, JAMIE",166.0,2025-07-23 00:00:00,Usps,Aurora,CO,80012,Office Equipment & Supplies,
House District 41,"JACKSON, JAMIE",300.0,2025-08-06 00:00:00,"Upstream, Llc",Wheat Ridge,CO,80033,Consultant & Professional Services,
House District 41,"JACKSON, JAMIE",500.0,2025-08-07 00:00:00,"D.K. Global Consulting, Llc",Aurora,CO,80016,Consultant & Professional Services,
House District 41,"JACKSON, JAMIE",48.61,2025-08-08 00:00:00,Artistic Apparel,Aurora,CO,80012,Advertising,
House District 41,"JACKSON, JAMIE",105.0,2025-08-11 00:00:00,Arapahoe County Democratic Party,Aurora,CO,80014,Contributions,
House District 41,"JACKSON, JAMIE",200.0,2025-08-25 00:00:00,Congressional Black Caucus Foundation,Washington,DC,20005,Contributions,
House District 41,"JACKSON, JAMIE",359.0,2025-09-03 00:00:00,"D.K. Global Consulting, Llc",Aurora,CO,80016,Consultant & Professional Services,
House District 41,"JACKSON, JAMIE",9.71,2025-09-15 00:00:00,Office Depot,Aurora,CO,80014,Office Equipment & Supplies,
House District 41,"JACKSON, JAMIE",27.17,2025-09-15 00:00:00,Target,Aurora,CO,80012,Office Equipment & Supplies,
House District 41,"JACKSON, JAMIE",586.0,2025-09-16 00:00:00,El Tequileno Family Mexican Restaurant,Aurora,CO,80014,"Food, Beverages and Meals",
House District 41,"JACKSON, JAMIE",634.0,2025-09-19 00:00:00,"D.K. Global Consulting, Llc",Aurora,CO,80016,Consultant & Professional Services,
House District 41,"JACKSON, JAMIE",107.2,2025-09-22 00:00:00,Naloxone Project,Denver,CO,80202,Contributions,
House District 41,"JACKSON, JAMIE",50.0,2025-09-29 00:00:00,Danae  Edmonds,Denver,CO,80218,Consultant & Professional Services,
House District 41,"JACKSON, JAMIE",7.9,2025-07-06 00:00:00,Actblue Technical Services,Boston,MA,02196,Fundraising Expenses,
House District 41,"JACKSON, JAMIE",19.76,2025-07-13 00:00:00,Actblue Technical Services,Boston,MA,02196,Fundraising Expenses,
House District 41,"JACKSON, JAMIE",2.97,2025-07-20 00:00:00,Actblue Technical Services,Boston,MA,02196,Fundraising Expenses,
House District 41,"JACKSON, JAMIE",31.61,2025-08-03 00:00:00,Actblue Technical Services,Boston,MA,02196,Fundraising Expenses,
House District 41,"JACKSON, JAMIE",17.78,2025-08-10 00:00:00,Actblue Technical Services,Boston,MA,02196,Fundraising Expenses,
House District 41,"JACKSON, JAMIE",29.64,2025-08-17 00:00:00,Actblue Technical Services,Boston,MA,02196,Fundraising Expenses,
House District 41,"JACKSON, JAMIE",7.9,2025-08-24 00:00:00,Actblue Technical Services,Boston,MA,02196,Fundraising Expenses,
House District 41,"JACKSON, JAMIE",3.96,2025-08-31 00:00:00,Actblue Technical Services,Boston,MA,02196,Fundraising Expenses,
House District 41,"JACKSON, JAMIE",19.56,2025-09-07 00:00:00,Actblue Technical Services,Boston,MA,02196,Fundraising Expenses,
House District 41,"JACKSON, JAMIE",89.92,2025-09-14 00:00:00,Actblue Technical Services,Boston,MA,02196,Fundraising Expenses,
House District 41,"JACKSON, JAMIE",17.79,2025-09-21 00:00:00,Actblue Technical Services,Boston,MA,02196,Fundraising Expenses,
House District 41,"JACKSON, JAMIE",3.95,2025-09-30 00:00:00,Actblue Technical Services,Boston,MA,02196,Fundraising Expenses,
House District 41,"JACKSON, JAMIE",100.0,2025-10-06 00:00:00,The Access Mode,Denver,CO,80207,Contributions,Ticket To Fundraiser
House District 41,"JACKSON, JAMIE",103.0,2025-10-07 00:00:00,Urban Leadership Foundation,Denver,CO,80202,Contributions,Ticket To Fundraiser
House District 41,"JACKSON, JAMIE",30.0,2025-10-08 00:00:00,"D.K. Global Consulting, Llc",Aurora,CO,80016,Consultant & Professional Services,
House District 41,"JACKSON, JAMIE",14.35,2025-10-09 00:00:00,Tous Les Jours,Aurora,CO,80014,"Food, Beverages and Meals",
House District 41,"JACKSON, JAMIE",300.0,2025-10-11 00:00:00,Canva,Austin,TX,78702,Office Equipment & Supplies,
House District 41,"JACKSON, JAMIE",36.0,2025-10-12 00:00:00,Squarespace,New York,NY,10014,Office Equipment & Supplies,
House District 41,"JACKSON, JAMIE",92.86,2025-10-12 00:00:00,Actblue Technical Services,Boston,MA,02196,Fundraising Expenses,
House District 41,"JACKSON, JAMIE",1350.0,2025-10-15 00:00:00,"Upstream, Llc",Wheat Ridge,CO,80033,Consultant & Professional Services,
House District 41,"JACKSON, JAMIE",13.84,2025-10-19 00:00:00,Actblue Technical Services,Boston,MA,02196,Fundraising Expenses,
House District 41,"JACKSON, JAMIE",540.0,2025-10-21 00:00:00,"Kline Company, Llc",Denver,CO,80212,Consultant & Professional Services,
House District 41,"JACKSON, JAMIE",18.77,2025-11-02 00:00:00,Actblue Technical Services,Boston,MA,02196,Fundraising Expenses,
House District 41,"JACKSON, JAMIE",725.0,2025-11-04 00:00:00,"D.K. Global Consulting, Llc",Aurora,CO,80016,Consultant & Professional Services,
House District 41,"JACKSON, JAMIE",750.0,2025-11-04 00:00:00,"Upstream, Llc",Wheat Ridge,CO,80033,Consultant & Professional Services,
House District 41,"JACKSON, JAMIE",20.0,2025-11-05 00:00:00,Mailchimp,Atlanta,GA,30308,Office Equipment & Supplies,
House District 41,"JACKSON, JAMIE",37.35,2025-11-12 00:00:00,Squarespace,New York,NY,10014,Office Equipment & Supplies,
House District 41,"JACKSON, JAMIE",13.83,2025-11-16 00:00:00,Actblue Technical Services,Boston,MA,02196,Fundraising Expenses,
House District 41,"JACKSON, JAMIE",9.39,2025-11-17 00:00:00,Tous Les Jours,Aurora,CO,80014,"Food, Beverages and Meals",
House District 41,"JACKSON, JAMIE",33.58,2025-11-23 00:00:00,Actblue Technical Services,Boston,MA,02196,Fundraising Expenses,
House District 41,"JACKSON, JAMIE",423.85,2025-11-25 00:00:00,Colorado Democratic Party,Denver,CO,80203,Consultant & Professional Services,Van Access
House District 41,"JACKSON, JAMIE",29.64,2025-11-30 00:00:00,Actblue Technical Services,Boston,MA,02196,Fundraising Expenses,
House District 41,"JACKSON, JAMIE",20.0,2025-12-05 00:00:00,Mailchimp,Atlanta,GA,30308,Office Equipment & Supplies,
House District 41,"JACKSON, JAMIE",23.71,2025-12-07 00:00:00,Actblue Technical Services,Boston,MA,02196,Fundraising Expenses,
House District 41,"JACKSON, JAMIE",18.68,2025-12-08 00:00:00,"Namecheap, Inc",Phoenix,AZ,85034,Office Equipment & Supplies,
House District 41,"JACKSON, JAMIE",2302.63,2025-12-08 00:00:00,Jamie  Jackson,Redacted By Sos,CO,99999,Other,Reimbursement To Candidate For Congressional Black Caucus Foundation Training
House District 41,"JACKSON, JAMIE",125.0,2025-12-10 00:00:00,Lenlee  Davis,Denver,CO,80239,Consultant & Professional Services,
House District 41,"JACKSON, JAMIE",975.0,2025-12-10 00:00:00,Congressional Black Caucus Foundation,Washington,DC,20005,Other,Congressional Black Caucus
House District 41,"JACKSON, JAMIE",700.0,2025-12-11 00:00:00,Nubiz Solution,"Frederick,",MD,21702,Consultant & Professional Services,
House District 41,"JACKSON, JAMIE",37.35,2025-12-12 00:00:00,Squarespace,New York,NY,10014,Office Equipment & Supplies,
House District 41,"JACKSON, JAMIE",24.7,2025-12-14 00:00:00,Actblue Technical Services,Boston,MA,02196,Fundraising Expenses,
House District 41,"JACKSON, JAMIE",54.73,2025-12-21 00:00:00,Actblue Technical Services,Boston,MA,02196,Fundraising Expenses,
House District 41,"JACKSON, JAMIE",20.74,2025-12-23 00:00:00,Adobe,San Jose,CA,95110,Office Equipment & Supplies,
House District 41,"JACKSON, JAMIE",38.75,2025-12-23 00:00:00,Lost Dos Potrillos,Denver,CO,80222,"Food, Beverages and Meals",
House District 41,"JACKSON, JAMIE",16.79,2025-12-28 00:00:00,Actblue Technical Services,Boston,MA,02196,Fundraising Expenses,
House District 41,"JACKSON, JAMIE",600.0,2025-12-30 00:00:00,"Upstream, Llc",Wheat Ridge,CO,80033,Consultant & Professional Services,
House District 41,"JACKSON, JAMIE",95.0,2025-12-31 00:00:00,Campaign Verify,Washington,DC,20007,Other,Campaign Verify Token
House District 41,"JACKSON, JAMIE",56.14,2025-12-31 00:00:00,Actblue Technical Services,Boston,MA,02196,Fundraising Expenses,
House District 41,"JACKSON, JAMIE",1000.0,2025-12-31 00:00:00,Colorado House Democrats Petty Cash Fund,Denver,CO,80204,Other,Caucus Dues
House District 41,"KEKE, ANNE",,,,,,,,
House District 42,"LINDSAY, MANDY",,,,,,,,
House District 42,"WOODSON, SARAH",600.0,2025-12-15 00:00:00,Sarah  Woo,Aurora,CO,80011,Other,Website Development
House District 43,"MARSH, NATE",131.88,2025-10-23 00:00:00,Godaddy.Com Llc,Tempe,AZ,85281,Other,6420 ∑ Production & Design
House District 43,"MARSH, NATE",444.07,2025-10-30 00:00:00,Morrell Printing Solutions Llc,Lafayette,CO,80026,Other,6615 ∑ Hang Cards
House District 43,"MARSH, NATE",4.3,2025-11-02 00:00:00,Anedot,New Orleans,LA,70117,Other,7820 ∑ Merchant Account Fees
House District 43,"MARSH, NATE",2.3,2025-11-03 00:00:00,Anedot,New Orleans,LA,70117,Other,7820 ∑ Merchant Account Fees
House District 43,"MARSH, NATE",10.3,2025-11-04 00:00:00,Anedot,New Orleans,LA,70117,Other,7820 ∑ Merchant Account Fees
House District 43,"MARSH, NATE",22.3,2025-11-12 00:00:00,Firstbank North,Arvada,CO,80006,Other,7214 ∑ Office Supplies
House District 43,"MARSH, NATE",500.0,2025-11-13 00:00:00,India  Hargett,Fort Lupton,CO,80621,Other,6410 ∑ Registration & Hosting
House District 43,"MARSH, NATE",18.3,2025-11-15 00:00:00,Anedot,New Orleans,LA,70117,Other,7820 ∑ Merchant Account Fees
House District 43,"MARSH, NATE",8.3,2025-12-04 00:00:00,Anedot,New Orleans,LA,70117,Other,7820 ∑ Merchant Account Fees
House District 43,"MARSH, NATE",0.7,2025-12-08 00:00:00,Anedot,New Orleans,LA,70117,Other,7820 ∑ Merchant Account Fees
House District 43,"MARSH, NATE",4.3,2025-12-09 00:00:00,Anedot,New Orleans,LA,70117,Other,7820 ∑ Merchant Account Fees
House District 43,"MARSH, NATE",872.94,2025-12-15 00:00:00,Coast To Coast Culinary,Castle Rock,CO,80109,Other,5140 ∑ Event Food & Beverage
House District 43,"MARSH, NATE",275.0,2025-12-15 00:00:00,Highlands Ranch Senior Center,Highlands Ranch,CO,80126,Other,5120 ∑ Event Space Rental
House District 43,"MARSH, NATE",10.6,2025-12-16 00:00:00,Anedot,New Orleans,LA,70117,Other,7820 ∑ Merchant Account Fees
House District 43,"MARSH, NATE",1.1,2025-12-17 00:00:00,Anedot,New Orleans,LA,70117,Other,7820 ∑ Merchant Account Fees
House District 43,"MARSH, NATE",4.3,2025-12-20 00:00:00,Anedot,New Orleans,LA,70117,Other,7820 ∑ Merchant Account Fees
House District 43,"MARSH, NATE",18.3,2025-12-21 00:00:00,Anedot,New Orleans,LA,70117,Other,7820 ∑ Merchant Account Fees
House District 43,"MARSH, NATE",8.3,2025-12-23 00:00:00,Anedot,New Orleans,LA,70117,Other,7820 ∑ Merchant Account Fees
House District 43,"MARSH, NATE",12.0,2025-12-24 00:00:00,Firstbank North,Arvada,CO,80006,Other,7214 ∑ Office Supplies
House District 43,"MARSH, NATE",12.0,2025-12-24 00:00:00,Firstbank North,Arvada,CO,80006,Other,7214 ∑ Office Supplies
House District 43,"MARSH, NATE",4.3,2025-12-27 00:00:00,Anedot,New Orleans,LA,70117,Other,7820 ∑ Merchant Account Fees
House District 43,"MARSH, NATE",6.6,2025-12-29 00:00:00,Anedot,New Orleans,LA,70117,Other,7820 ∑ Merchant Account Fees
House District 43,"MARSH, NATE",1.3,2025-12-30 00:00:00,Anedot,New Orleans,LA,70117,Other,7820 ∑ Merchant Account Fees
House District 43,"MARSHALL, ROBERT",11.85,2025-01-05 00:00:00,Actblue,Somerville,MA,02144,Fundraising Expenses,
House District 43,"MARSHALL, ROBERT",2.0,2025-01-06 00:00:00,1Stbank,Littleton,CO,80129,Bank Fees,
House District 43,"MARSHALL, ROBERT",1.07,2025-01-12 00:00:00,Actblue,Somerville,MA,02144,Fundraising Expenses,
House District 43,"MARSHALL, ROBERT",499.0,2025-01-15 00:00:00,Colorado Community Media,Golden,CO,80401,Advertising,Issue Ad
House District 43,"MARSHALL, ROBERT",0.79,2025-01-19 00:00:00,Actblue,Somerville,MA,02144,Fundraising Expenses,
House District 43,"MARSHALL, ROBERT",0.79,2025-01-26 00:00:00,Actblue,Somerville,MA,02144,Fundraising Expenses,
House District 43,"MARSHALL, ROBERT",2.0,2025-02-04 00:00:00,1Stbank,Littleton,CO,80129,Bank Fees,
House District 43,"MARSHALL, ROBERT",1.07,2025-02-09 00:00:00,Actblue,Somerville,MA,02144,Fundraising Expenses,
House District 43,"MARSHALL, ROBERT",279.0,2025-02-20 00:00:00,Colorado Community Media,Golden,CO,80401,Advertising,Issue Ad In Local Paper
House District 43,"MARSHALL, ROBERT",2.18,2025-03-02 00:00:00,Actblue,Somerville,MA,02144,Fundraising Expenses,
House District 43,"MARSHALL, ROBERT",2.0,2025-03-04 00:00:00,1Stbank,Littleton,CO,80129,Bank Fees,
House District 43,"MARSHALL, ROBERT",1.07,2025-03-09 00:00:00,Actblue,Somerville,MA,02144,Fundraising Expenses,
House District 43,"MARSHALL, ROBERT",0.6,2025-03-16 00:00:00,Actblue,Somerville,MA,02144,Fundraising Expenses,
House District 43,"MARSHALL, ROBERT",7.9,2025-03-23 00:00:00,Actblue,Somerville,MA,02144,Fundraising Expenses,
House District 43,"MARSHALL, ROBERT",4.15,2025-03-30 00:00:00,Actblue,Somerville,MA,02144,Fundraising Expenses,
House District 43,"MARSHALL, ROBERT",2.0,2025-04-02 00:00:00,1Stbank,Littleton,CO,80129,Bank Fees,
House District 43,"MARSHALL, ROBERT",0.28,2025-04-06 00:00:00,Actblue,Somerville,MA,02144,Fundraising Expenses,
House District 43,"MARSHALL, ROBERT",0.6,2025-04-13 00:00:00,Actblue,Somerville,MA,02144,Fundraising Expenses,
House District 43,"MARSHALL, ROBERT",0.2,2025-04-27 00:00:00,Actblue,Somerville,MA,02144,Fundraising Expenses,
House District 43,"MARSHALL, ROBERT",2.0,2025-05-02 00:00:00,1Stbank,Littleton,CO,80129,Bank Fees,
House District 43,"MARSHALL, ROBERT",0.28,2025-05-11 00:00:00,Actblue,Somerville,MA,02144,Fundraising Expenses,
House District 43,"MARSHALL, ROBERT",279.0,2025-05-15 00:00:00,Colorado Community Media,Golden,CO,80401,Advertising,Ad For Townhall In Highlands Ranch Herald
House District 43,"MARSHALL, ROBERT",0.6,2025-05-18 00:00:00,Actblue,Somerville,MA,02144,Fundraising Expenses,
House District 43,"MARSHALL, ROBERT",0.2,2025-05-25 00:00:00,Actblue,Somerville,MA,02144,Fundraising Expenses,
House District 43,"MARSHALL, ROBERT",0.05,2025-06-01 00:00:00,Actblue,Somerville,MA,02144,Fundraising Expenses,
House District 43,"MARSHALL, ROBERT",2.0,2025-06-03 00:00:00,1Stbank,Littleton,CO,80129,Bank Fees,
House District 43,"MARSHALL, ROBERT",3.25,2025-06-08 00:00:00,Actblue,Somerville,MA,02144,Fundraising Expenses,
House District 43,"MARSHALL, ROBERT",0.6,2025-06-15 00:00:00,Actblue,Somerville,MA,02144,Fundraising Expenses,
House District 43,"MARSHALL, ROBERT",0.2,2025-06-29 00:00:00,Actblue,Somerville,MA,02144,Fundraising Expenses,
House District 43,"MARSHALL, ROBERT",0.4,2025-06-30 00:00:00,Actblue,Somerville,MA,02144,Fundraising Expenses,
House District 43,"MARSHALL, ROBERT",2.0,2025-07-02 00:00:00,1Stbank,Littleton,CO,80129,Bank Fees,
House District 43,"MARSHALL, ROBERT",0.28,2025-07-06 00:00:00,Actblue,Somerville,MA,02144,Fundraising Expenses,
House District 43,"MARSHALL, ROBERT",3.0,2025-07-23 00:00:00,Oasis Carwash,Littleton,CO,80126,Miscellaneous,
House District 43,"MARSHALL, ROBERT",2.0,2025-08-05 00:00:00,1Stbank,Littleton,CO,80129,Bank Fees,
House District 43,"MARSHALL, ROBERT",2.0,2025-09-03 00:00:00,1Stbank,Littleton,CO,80129,Bank Fees,
House District 43,"MARSHALL, ROBERT",6.88,2025-09-28 00:00:00,Actblue,Somerville,MA,02144,Fundraising Expenses,Total Expenses From 7/13/25 - 9/28/25
House District 43,"MARSHALL, ROBERT",-778.0,2024-10-25 00:00:00,Colorado Community Media,Golden,CO,80401,Advertising,Offset Due To Deletion Of Filed Item - Newspaper Ad
House District 43,"MARSHALL, ROBERT",-2935.0,2024-10-28 00:00:00,Effectv,Boston,MA,02241,Advertising,Offset Due To Update Of Filed Item - Tv Ads
House District 43,"MARSHALL, ROBERT",2724.25,2024-10-28 00:00:00,Effectv,Boston,MA,02241,Advertising,Tv Ads - Amended To Reflect Actual Cost (Was 2935.05). Refund Was Issues 12-20-24
House District 43,"MARSHALL, ROBERT",40.54,2024-12-06 00:00:00,Cobluellc,Denver,CO,80218,Advertising,Reverse Voicemail
House District 43,"MARSHALL, ROBERT",57.77,2024-12-08 00:00:00,Actblue,Somerville,MA,02144,Fundraising Expenses,
House District 43,"MARSHALL, ROBERT",279.0,2024-12-12 00:00:00,Colorado Community Media,Golden,CO,80401,Advertising,Issue Ad In Local Paper
House District 43,"MARSHALL, ROBERT",0.79,2024-12-15 00:00:00,Actblue,Somerville,MA,02144,Fundraising Expenses,
House District 43,"MARSHALL, ROBERT",0.99,2024-12-29 00:00:00,Actblue,Somerville,MA,02144,Fundraising Expenses,
House District 43,"MARSHALL, ROBERT",2.0,2025-10-02 00:00:00,1Stbank,Littleton,CO,80129,Bank Fees,
House District 43,"MARSHALL, ROBERT",164.35,2025-11-30 00:00:00,Actblue,Somerville,MA,02144,Fundraising Expenses,Expenses From 10/12/25 To 11/30/25
House District 43,"MARSHALL, ROBERT",4.0,2025-12-02 00:00:00,1Stbank,Littleton,CO,80129,Bank Fees,For Period 11/4-12/2
House District 43,"MARSHALL, ROBERT",174.06,2025-12-31 00:00:00,Actblue,Somerville,MA,02144,Fundraising Expenses,For The Period 12/7-12/31
HOUSE DISTRICT 44,"BOWNESS, RICHARD",,,,,,,,
HOUSE DISTRICT 44,"HARTSOOK, ANTHONY",25.75,2025-01-22 00:00:00,Microsoft Corp,Denver,CO,80237,Other,7218 ∑ Dues And Subscriptions
HOUSE DISTRICT 44,"HARTSOOK, ANTHONY",4.0,2025-01-31 00:00:00,Firstbank North,Arvada,CO,80006,Other,7810 ∑ Service Charges
HOUSE DISTRICT 44,"HARTSOOK, ANTHONY",50.16,2025-02-17 00:00:00,Cutter Consulting Llc,Alexandrai,FL,22303,Other,6410 ∑ Registration & Hosting
HOUSE DISTRICT 44,"HARTSOOK, ANTHONY",25.75,2025-02-24 00:00:00,Microsoft Corp,Denver,CO,80237,Other,7218 ∑ Dues And Subscriptions
HOUSE DISTRICT 44,"HARTSOOK, ANTHONY",4.0,2025-02-28 00:00:00,Firstbank North,Arvada,CO,80006,Other,7810 ∑ Service Charges
HOUSE DISTRICT 44,"HARTSOOK, ANTHONY",25.75,2025-03-24 00:00:00,Microsoft Corp,Denver,CO,80237,Other,7218 ∑ Dues And Subscriptions
HOUSE DISTRICT 44,"HARTSOOK, ANTHONY",4.0,2025-03-31 00:00:00,Firstbank North,Arvada,CO,80006,Other,7810 ∑ Service Charges
HOUSE DISTRICT 44,"HARTSOOK, ANTHONY",150.0,2025-04-11 00:00:00,Sws Polifi Llc,Fort Lupton,CO,80621,Consultant & Professional Services,
HOUSE DISTRICT 44,"HARTSOOK, ANTHONY",25.75,2025-04-22 00:00:00,Microsoft Corp,Denver,CO,80237,Consultant & Professional Services,
HOUSE DISTRICT 44,"HARTSOOK, ANTHONY",-36.9,2022-04-27 00:00:00,Anedot,New Orleans,LA,70112,Other,Offset Due To Update Of Filed Item - 7820 ∑ Merchant Account Fees
HOUSE DISTRICT 44,"HARTSOOK, ANTHONY",32.6,2022-04-27 00:00:00,Anedot,New Orleans,LA,70112,Other,7820 ∑ Merchant Account Fees
HOUSE DISTRICT 44,"HARTSOOK, ANTHONY",4.0,2025-04-30 00:00:00,Firstbank North,Arvada,CO,80006,Bank Fees,
HOUSE DISTRICT 44,"HARTSOOK, ANTHONY",25.75,2025-05-23 00:00:00,Microsoft Corp,Denver,CO,80237,Consultant & Professional Services,
HOUSE DISTRICT 44,"HARTSOOK, ANTHONY",-1049.0,2022-05-26 00:00:00,Parker Days Festival,Parkerr,CO,80138,Other,Offset Due To Update Of Filed Item - 6810 ∑ Registration Fees
HOUSE DISTRICT 44,"HARTSOOK, ANTHONY",1049.0,2022-05-26 00:00:00,Parker Days Festival,Parkerr,CO,80138,Other,"6810 ∑ Registration Fees
Candidate Expenses"
HOUSE DISTRICT 44,"HARTSOOK, ANTHONY",18.9,2024-05-29 00:00:00,Anedot,New Orleans,LA,70117,Bank Fees,
HOUSE DISTRICT 44,"HARTSOOK, ANTHONY",4.0,2025-05-30 00:00:00,Firstbank North,Arvada,CO,80006,Bank Fees,
HOUSE DISTRICT 44,"HARTSOOK, ANTHONY",25.75,2025-06-23 00:00:00,Microsoft Corp,Denver,CO,80237,Consultant & Professional Services,
HOUSE DISTRICT 44,"HARTSOOK, ANTHONY",4.0,2025-06-30 00:00:00,Firstbank North,Arvada,CO,80006,Bank Fees,
HOUSE DISTRICT 44,"HARTSOOK, ANTHONY",150.0,2025-07-18 00:00:00,Sws Polifi Llc,Fort Lupton,CO,80621,Consultant & Professional Services,
HOUSE DISTRICT 44,"HARTSOOK, ANTHONY",12.0,2024-12-10 00:00:00,Firstbank North,Arvada,CO,80006,Other,7810 ∑ Service Charges
HOUSE DISTRICT 44,"HARTSOOK, ANTHONY",25.75,2024-12-23 00:00:00,Microsoft Corp,Denver,CO,80237,Other,7218 ∑ Dues And Subscriptions
HOUSE DISTRICT 44,"HARTSOOK, ANTHONY",335.0,2024-12-27 00:00:00,"Sws Polifi, Llc",Fort Lupton,CO,80621,Other,7520 ∑ Accounting Fees
HOUSE DISTRICT 44,"HARTSOOK, ANTHONY",4.0,2024-12-31 00:00:00,Firstbank North,Arvada,CO,80006,Other,7810 ∑ Service Charges
HOUSE DISTRICT 44,"HARTSOOK, ANTHONY",150.0,2025-10-09 00:00:00,"Sws Polifi, Llc",Fort Lupton,CO,80621,Other,7520 ∑ Accounting Fees
HOUSE DISTRICT 44,"HARTSOOK, ANTHONY",18.3,2025-11-02 00:00:00,Anedot,New Orleans,LA,70112,Other,7820 ∑ Merchant Account Fees
HOUSE DISTRICT 44,"HARTSOOK, ANTHONY",1.3,2025-11-22 00:00:00,Anedot,New Orleans,LA,70112,Other,7820 ∑ Merchant Account Fees
HOUSE DISTRICT 44,"HARTSOOK, ANTHONY",140.67,2025-12-07 00:00:00,Cutter Consulting Llc,Alexandrai,FL,22303,Other,6615 ∑ Hang Cards
HOUSE DISTRICT 44,"HARTSOOK, ANTHONY",18.3,2025-12-09 00:00:00,Anedot,New Orleans,LA,70112,Other,7820 ∑ Merchant Account Fees
HOUSE DISTRICT 44,"HARTSOOK, ANTHONY",250.0,2025-12-10 00:00:00,Arena Mail & Digital,Salt Lake City,UT,84106,Other,6615 ∑ Hang Cards
HOUSE DISTRICT 44,"HARTSOOK, ANTHONY",0.9,2025-12-15 00:00:00,Anedot,New Orleans,LA,70112,Other,7820 ∑ Merchant Account Fees
HOUSE DISTRICT 44,"HARTSOOK, ANTHONY",14.6,2025-12-17 00:00:00,Anedot,New Orleans,LA,70112,Other,7820 ∑ Merchant Account Fees
HOUSE DISTRICT 44,"HARTSOOK, ANTHONY",18.3,2025-12-17 00:00:00,Anedot,New Orleans,LA,70112,Other,7820 ∑ Merchant Account Fees
HOUSE DISTRICT 44,"HARTSOOK, ANTHONY",101.06,2025-12-26 00:00:00,Wizbang Solutions Inc,Commerce City,CO,80022,Other,6611 ∑ Letterhead & Envelopes
House District 45,"BROOKS, MAX",590.0,2025-01-07 00:00:00,Lisa For Colorado Committee,Redacted By Sos,CO,99999,"Food, Beverages and Meals",Election Night Event
House District 45,"BROOKS, MAX",800.0,2025-01-15 00:00:00,House Republican Caucus,Denver,CO,80203,Contributions,
House District 45,"BROOKS, MAX",62.0,2025-05-16 00:00:00,Constant Contact,Waltham,MA,02451,Advertising,Subscription
House District 45,"BROOKS, MAX",80.0,2025-06-16 00:00:00,Constant Contact,Waltham,MA,02451,Advertising,Subscription
House District 45,"BROOKS, MAX",36.0,2025-06-16 00:00:00,South State,Winter Haven,FL,33883,Bank Fees,
House District 45,"BROOKS, MAX",-36.0,2025-06-17 00:00:00,South State,Winter Haven,FL,33883,Returned Expenditure,Refund Of Bank Fee
House District 45,"BROOKS, MAX",18.37,2025-07-21 00:00:00,,,,,Miscellaneous,
House District 45,"BROOKS, MAX",72.0,2024-12-09 00:00:00,Squarespace,New York,NY,10014,Advertising,Website Hosting
House District 45,"BROOKS, MAX",270.0,2024-12-16 00:00:00,Constant Contact,Waltham,MA,02451,Advertising,Subscription Email Services
House District 45,"BROOKS, MAX",72.38,2025-10-20 00:00:00,Godaddy,Scottsdale,AZ,85260,Advertising,Domain Registration
House District 45,"BROOKS, MAX",84.0,2025-12-05 00:00:00,Squarespace,New York,NY,10014,Advertising,Domain Registration And Software
House District 45,"BROOKS, MAX",278.0,2025-12-05 00:00:00,Squarespace,New York,NY,10014,Advertising,Domain Registration And Website Renewal
House District 45,"CLARKSON, MICHAEL",,,,,,,,
House District 46,"MAURO, TISHA",980.0,2025-12-31 00:00:00,Colorado Opportunity Caucus,Denver,CO,80202,Other,Membership Dues
House District 46,"POST, JONATHAN",22.3,2025-07-08 00:00:00,Firstbank North,Arvada,CO,80006,Other,7214 ∑ Office Supplies
House District 46,"POST, JONATHAN",1000.0,2025-07-22 00:00:00,India  Hargett,Fort Lupton,CO,80621,Other,6410 ∑ Registration & Hosting
House District 46,"POST, JONATHAN",518.31,2025-07-22 00:00:00,Morrell Printing,Lafayette,CO,80026,Other,6613 ∑ Brochures
House District 46,"POST, JONATHAN",0.7,2025-08-05 00:00:00,Anedot,New Orleans,LA,70117,Other,7820 ∑ Merchant Account Fees
House District 46,"POST, JONATHAN",18.3,2025-08-06 00:00:00,Anedot,New Orleans,LA,70117,Other,7820 ∑ Merchant Account Fees
House District 46,"POST, JONATHAN",69.97,2025-08-06 00:00:00,Ume Custom Embroidery & Imprinting,Firestone,CO,80520,Other,6631 ∑ Apparel
House District 46,"POST, JONATHAN",1.3,2025-08-15 00:00:00,Anedot,New Orleans,LA,70117,Other,7820 ∑ Merchant Account Fees
House District 46,"POST, JONATHAN",1.3,2025-08-20 00:00:00,Anedot,New Orleans,LA,70117,Other,7820 ∑ Merchant Account Fees
House District 46,"POST, JONATHAN",2.3,2025-08-21 00:00:00,Anedot,New Orleans,LA,70117,Other,7820 ∑ Merchant Account Fees
House District 46,"POST, JONATHAN",100.0,2025-08-22 00:00:00,Colorado Secretary Of State,Denver,CO,80290,Other,7720 ∑ Licenses & Fees
House District 46,"POST, JONATHAN",2.3,2025-08-30 00:00:00,Anedot,New Orleans,LA,70117,Other,7820 ∑ Merchant Account Fees
House District 46,"POST, JONATHAN",5.6,2025-09-01 00:00:00,Anedot,New Orleans,LA,70117,Other,7820 ∑ Merchant Account Fees
House District 46,"POST, JONATHAN",2.3,2025-09-10 00:00:00,Anedot,New Orleans,LA,70117,Other,7820 ∑ Merchant Account Fees
House District 46,"POST, JONATHAN",99.62,2025-09-20 00:00:00,Toni And Joes Pizzeria,Pueblo,CO,81006,Other,5140 ∑ Event Food & Beverage
House District 46,"POST, JONATHAN",6.2,2025-09-22 00:00:00,Anedot,New Orleans,LA,70117,Other,7820 ∑ Merchant Account Fees
House District 46,"POST, JONATHAN",70.67,2025-09-22 00:00:00,Morrell Printing,Lafayette,CO,80026,Other,6612 ∑ Business Cards
House District 46,"POST, JONATHAN",435.81,2025-09-22 00:00:00,Morrell Printing,Lafayette,CO,80026,Other,6613 ∑ Brochures
House District 46,"POST, JONATHAN",800.0,2025-09-22 00:00:00,"Sws Polifi, Llc",Lafayette,CO,80026,Other,7540 ∑ List Management Fees
House District 46,"POST, JONATHAN",9.2,2025-09-24 00:00:00,Anedot,New Orleans,LA,70117,Other,7820 ∑ Merchant Account Fees
House District 46,"POST, JONATHAN",1.3,2025-09-26 00:00:00,Anedot,New Orleans,LA,70117,Other,7820 ∑ Merchant Account Fees
House District 46,"POST, JONATHAN",8.3,2025-09-27 00:00:00,Anedot,New Orleans,LA,70117,Other,7820 ∑ Merchant Account Fees
House District 46,"POST, JONATHAN",800.0,2025-09-29 00:00:00,"Sws Polifi, Llc",Lafayette,CO,80026,Other,7540 ∑ List Management Fees
House District 46,"POST, JONATHAN",2.3,2025-10-07 00:00:00,Anedot,New Orleans,LA,70117,Other,7820 ∑ Merchant Account Fees
House District 46,"POST, JONATHAN",1050.0,2025-10-26 00:00:00,"Sws Polifi, Llc",Lafayette,CO,80026,Other,7540 ∑ List Management Fees
House District 46,"POST, JONATHAN",1.3,2025-11-05 00:00:00,Anedot,New Orleans,LA,70117,Other,7820 ∑ Merchant Account Fees
House District 46,"POST, JONATHAN",4.3,2025-11-13 00:00:00,Anedot,New Orleans,LA,70117,Other,7820 ∑ Merchant Account Fees
House District 47,"MEYERS, VIC",,,,,,,,
House District 47,"WINTER, TY",11.0,2025-01-02 00:00:00,Hi Lo Llc,Trinidad,CO,81082,Other,5100 ∑ Event Expense
House District 47,"WINTER, TY",1600.0,2025-01-06 00:00:00,Colorado House Republican Caucus,Denver,CO,80203,Other,7218 ∑ Dues And Subscriptions
House District 47,"WINTER, TY",2.0,2025-01-31 00:00:00,Firstbank North,Arvada,CO,80006,Other,7810 ∑ Service Charges
House District 47,"WINTER, TY",11.0,2025-02-03 00:00:00,Hi Lo Llc,Trinidad,CO,81082,Other,5100 ∑ Event Expense
House District 47,"WINTER, TY",600.0,2025-02-05 00:00:00,"Sws Polifi, Llc",Fort Lupton,CO,80621,Other,7410 ∑ General Consultants
House District 47,"WINTER, TY",600.0,2025-02-10 00:00:00,"Sws Polifi, Llc",Fort Lupton,CO,80621,Other,7410 ∑ General Consultants
House District 47,"WINTER, TY",605.0,2025-02-17 00:00:00,Pinmart,Elk Grove Village,IL,60007,Other,6640 ∑ Design & Layout
House District 47,"WINTER, TY",600.0,2025-02-28 00:00:00,"Sws Polifi, Llc",Fort Lupton,CO,80621,Other,7410 ∑ General Consultants
House District 47,"WINTER, TY",2.0,2025-02-28 00:00:00,Firstbank North,Arvada,CO,80006,Other,7810 ∑ Service Charges
House District 47,"WINTER, TY",3.01,2025-03-03 00:00:00,,,,,Other,7640 ∑ Meals
House District 47,"WINTER, TY",600.0,2025-03-31 00:00:00,"Sws Polifi, Llc",Fort Lupton,CO,80621,Other,7410 ∑ General Consultants
House District 47,"WINTER, TY",2.0,2025-03-31 00:00:00,Firstbank North,Arvada,CO,80006,Other,7810 ∑ Service Charges
House District 47,"WINTER, TY",114.99,2025-04-07 00:00:00,X Corporation,San Francisco,CA,94103,Other,7390 ∑ Other Communications Expense
House District 47,"WINTER, TY",600.0,2025-04-11 00:00:00,"Sws Polifi, Llc",Fort Lupton,CO,80621,Other,7410 ∑ General Consultants
House District 47,"WINTER, TY",726.27,2025-04-11 00:00:00,"Sws Polifi, Llc",Fort Lupton,CO,80621,Other,7410 ∑ General Consultants
House District 47,"WINTER, TY",150.0,2025-04-14 00:00:00,"Sws Polifi, Llc",Fort Lupton,CO,80621,Other,7410 ∑ General Consultants
House District 47,"WINTER, TY",80.0,2025-04-17 00:00:00,Otero County Republican Central Committee,La Junta,CO,81050,Entertainment,Lincoln Day Dinner Tickets
House District 47,"WINTER, TY",2.0,2025-04-30 00:00:00,Firstbank North,Arvada,CO,80006,Other,7810 ∑ Service Charges
House District 47,"WINTER, TY",600.0,2025-05-12 00:00:00,"Sws Polifi, Llc",Fort Lupton,CO,80621,Other,7410 ∑ General Consultants
House District 47,"WINTER, TY",11.0,2025-05-19 00:00:00,Hi Lo Llc,Trinidad,CO,81082,Other,5100 ∑ Event Expense
House District 47,"WINTER, TY",2.0,2025-05-30 00:00:00,Firstbank North,Arvada,CO,80006,Other,7810 ∑ Service Charges
House District 47,"WINTER, TY",229.02,2025-06-05 00:00:00,Morrell Printing,Lafayette,CO,80026,Other,6623 ∑ Banners
House District 47,"WINTER, TY",11.0,2025-06-06 00:00:00,Hi Lo Llc,Trinidad,CO,81082,Other,5100 ∑ Event Expense
House District 47,"WINTER, TY",11.32,2025-06-16 00:00:00,Morrell Printing,Lafayette,CO,80026,Other,7215 ∑ Shipping & Postage
House District 47,"WINTER, TY",100.1,2025-06-26 00:00:00,F&C Sawaya Wholesale,Trinidad,CO,81082,Other,5190 ∑ Other Event Expense
House District 47,"WINTER, TY",16.41,2025-06-27 00:00:00,,,,,Other,5140 ∑ Event Food & Beverage
House District 47,"WINTER, TY",2.0,2025-06-30 00:00:00,Firstbank North,Arvada,CO,80006,Other,7810 ∑ Service Charges
House District 47,"WINTER, TY",750.0,2025-07-15 00:00:00,"Sws Polifi, Llc",Fort Lupton,CO,80621,Other,7410 ∑ General Consultants
House District 47,"WINTER, TY",913.1,2025-07-23 00:00:00,F&C Sawaya Wholesale,Trinidad,CO,81082,Other,5190 ∑ Other Event Expense
House District 47,"WINTER, TY",677.86,2025-07-24 00:00:00,Morrell Printing,Lafayette,CO,80026,Other,6615 ∑ Hang Cards
House District 47,"WINTER, TY",10.0,2025-07-28 00:00:00,Hi Lo Llc,Trinidad,CO,81082,Other,7214 ∑ Office Supplies
House District 47,"WINTER, TY",2.0,2025-07-31 00:00:00,Firstbank North,Arvada,CO,80006,Other,7810 ∑ Service Charges
House District 47,"WINTER, TY",996.2,2025-08-05 00:00:00,F&C Sawaya Wholesale,Trinidad,CO,81082,Other,5190 ∑ Other Event Expense
House District 47,"WINTER, TY",245.31,2025-08-06 00:00:00,Ume Custom Embroidery,Firestone,CO,80520,Other,6631 ∑ Apparel
House District 47,"WINTER, TY",11.0,2025-08-06 00:00:00,Us Postal Service,Trinidad,CO,81082,Other,7215 ∑ Shipping & Postage
House District 47,"WINTER, TY",10.0,2025-08-06 00:00:00,X Treme H20 Ltd,Lajuntas,CO,81050,Other,5140 ∑ Event Food & Beverage
House District 47,"WINTER, TY",2.0,2025-08-31 00:00:00,Firstbank North,Arvada,CO,80006,Other,7810 ∑ Service Charges
House District 47,"WINTER, TY",10.0,2025-09-15 00:00:00,X Corporation,San Francisco,CA,94103,Other,7390 ∑ Other Communications Expense
House District 47,"WINTER, TY",4.3,2025-09-25 00:00:00,Anedot,New Orleans,LA,70112,Other,7820 ∑ Merchant Account Fees
House District 47,"WINTER, TY",147.37,2025-09-25 00:00:00,Morrell Printing,Lafayette,CO,80026,Other,6611 ∑ Letterhead & Envelopes
House District 47,"WINTER, TY",70.58,2025-09-25 00:00:00,Tammy  Klein,Fort Lupton,CO,80621,Other,5140 ∑ Event Food & Beverage
House District 47,"WINTER, TY",197.18,2025-09-25 00:00:00,Ume Custom Embroidery,Firestone,CO,80520,Other,6631 ∑ Apparel
House District 47,"WINTER, TY",200.0,2025-09-29 00:00:00,Ryan  Winger,Frederick,CO,80504,Other,7350 ∑ Email Service
House District 47,"WINTER, TY",23.9,2025-09-30 00:00:00,Anedot,New Orleans,LA,70112,Other,7820 ∑ Merchant Account Fees
House District 47,"WINTER, TY",2.0,2025-09-30 00:00:00,Firstbank North,Arvada,CO,80006,Other,7810 ∑ Service Charges
House District 47,"WINTER, TY",350.0,2025-09-30 00:00:00,Rocky Ford Country Club,Rocky Ford,CO,81067,Other,5120 ∑ Event Space Rental
House District 47,"WINTER, TY",251.7,2024-12-11 00:00:00,Embroidery Plus,Pueblo,CO,81003,Other,6631 ∑ Apparel
House District 47,"WINTER, TY",600.0,2024-12-12 00:00:00,"Sws Polifi, Llc",Fort Lupton,CO,80621,Other,7410 ∑ General Consultants
House District 47,"WINTER, TY",443.5,2024-12-27 00:00:00,"Sws Polifi, Llc",Fort Lupton,CO,80621,Other,7520 ∑ Accounting Fees
House District 47,"WINTER, TY",151.25,2024-12-27 00:00:00,"Sws Polifi, Llc",Fort Lupton,CO,80621,Other,7520 ∑ Accounting Fees
House District 47,"WINTER, TY",2.0,2024-12-31 00:00:00,Firstbank North,Arvada,CO,80006,Other,7810 ∑ Service Charges
House District 47,"WINTER, TY",-646.23,2023-08-02 00:00:00,F&C Sawaya Wholesale,Trinidad,CO,81082,Other,Offset Due To Update Of Filed Item - 5190 ∑ Other Event Expense
House District 47,"WINTER, TY",646.23,2023-08-02 00:00:00,F&C Sawaya Wholesale,Trinidad,CO,81082,Other,"5190 ∑ Other Event Expense

Candidate Expense"
House District 47,"WINTER, TY",13.7,2025-10-01 00:00:00,Anedot,New Orleans,LA,70112,Other,7820 ∑ Merchant Account Fees
House District 47,"WINTER, TY",75.0,2025-10-02 00:00:00,Loaf & Jug,Pueblo,CO,81003,Other,7652 ∑ Vehicle Gas
House District 47,"WINTER, TY",11.9,2025-10-06 00:00:00,Us Postal Service,Trinidad,CO,81082,Other,7215 ∑ Shipping & Postage
House District 47,"WINTER, TY",4.3,2025-10-09 00:00:00,Anedot,New Orleans,LA,70112,Other,7820 ∑ Merchant Account Fees
House District 47,"WINTER, TY",453.31,2025-10-09 00:00:00,"Sws Polifi, Llc",Fort Lupton,CO,80621,Other,7410 ∑ General Consultants
House District 47,"WINTER, TY",4.3,2025-10-14 00:00:00,Anedot,New Orleans,LA,70112,Other,7820 ∑ Merchant Account Fees
House District 47,"WINTER, TY",57.05,2025-10-16 00:00:00,Pass Key,Pueblo,CO,81001,Other,5120 ∑ Event Space Rental
House District 47,"WINTER, TY",11.9,2025-10-27 00:00:00,Us Postal Service,Trinidad,CO,81082,Other,7215 ∑ Shipping & Postage
House District 47,"WINTER, TY",200.0,2025-10-29 00:00:00,India  Hargett,Fort Lupton,CO,80621,Other,6410 ∑ Registration & Hosting
House District 47,"WINTER, TY",2.0,2025-10-31 00:00:00,Firstbank North,Arvada,CO,80006,Other,7810 ∑ Service Charges
House District 47,"WINTER, TY",98.99,2025-11-03 00:00:00,Amazon,Seattle,WA,98109,Other,6631 ∑ Apparel
House District 47,"WINTER, TY",97.8,2025-11-06 00:00:00,Las Animas County Republican Party,Trinidad,CO,81082,Other,5140 ∑ Event Food & Beverage
House District 47,"WINTER, TY",240.83,2025-11-26 00:00:00,Wal-Mart,Trrinidad,CO,81082,Other,5190 ∑ Other Event Expense
House District 47,"WINTER, TY",14.0,2025-11-30 00:00:00,Firstbank North,Arvada,CO,80006,Other,7810 ∑ Service Charges
House District 47,"WINTER, TY",14.0,2025-12-01 00:00:00,Hi Lo Llc,Trinidad,CO,81082,Other,7214 ∑ Office Supplies
House District 47,"WINTER, TY",218.94,2025-12-08 00:00:00,Ume Custom Embroidery,Firestone,CO,80520,Other,6631 ∑ Apparel
House District 47,"WINTER, TY",538.24,2025-12-09 00:00:00,Morrell Printing,Lafayette,CO,80026,Other,6615 ∑ Hang Cards
House District 47,"WINTER, TY",153.72,2025-12-09 00:00:00,Us Postal Service,Trinidad,CO,81082,Other,7215 ∑ Shipping & Postage
House District 47,"WINTER, TY",22.3,2025-12-16 00:00:00,Firstbank North,Arvada,CO,80006,Other,7214 ∑ Office Supplies
House District 47,"WINTER, TY",11.9,2025-12-22 00:00:00,Us Postal Service,Trinidad,CO,81082,Other,7215 ∑ Shipping & Postage
House District 47,"WINTER, TY",37.76,2025-12-26 00:00:00,Wal-Mart,Trrinidad,CO,81082,Other,5190 ∑ Other Event Expense
House District 47,"WINTER, TY",17.5,2025-12-30 00:00:00,Anedot,New Orleans,LA,70112,Other,7820 ∑ Merchant Account Fees
House District 47,"WINTER, TY",27.2,2025-12-31 00:00:00,Anedot,New Orleans,LA,70112,Other,7820 ∑ Merchant Account Fees
House District 47,"WINTER, TY",2.0,2025-12-31 00:00:00,Firstbank North,Arvada,CO,80006,Other,7810 ∑ Service Charges
House District 48,"BARRON, CARLOS",1300.0,2025-01-03 00:00:00,House Republican Caucus,Denver,CO,80203,Other,7218 ∑ Dues And Subscriptions
House District 48,"BARRON, CARLOS",69.29,2025-01-06 00:00:00,Costco,Thornton,CO,80023,Other,7214 ∑ Office Supplies
House District 48,"BARRON, CARLOS",350.0,2025-01-06 00:00:00,City Of Denver,Denver,CO,80202,Other,7229 ∑ Parking Expense
House District 48,"BARRON, CARLOS",50.0,2025-01-06 00:00:00,Safeway,Fort Lupton,CO,80621,Other,7652 ∑ Vehicle Gas
House District 48,"BARRON, CARLOS",46.0,2025-01-13 00:00:00,7-Eleven,Fort Lupton,CO,80621,Other,7652 ∑ Vehicle Gas
House District 48,"BARRON, CARLOS",55.01,2025-01-17 00:00:00,7-Eleven,Fort Lupton,CO,80621,Other,7652 ∑ Vehicle Gas
House District 48,"BARRON, CARLOS",438.45,2025-01-23 00:00:00,Donn Bruns Llc,Arvada,CO,80005,Other,6300 ∑ Photography Expense
House District 48,"BARRON, CARLOS",55.0,2025-01-27 00:00:00,7-Eleven,Fort Lupton,CO,80621,Other,7652 ∑ Vehicle Gas
House District 48,"BARRON, CARLOS",100.0,2025-01-29 00:00:00,Second Amendment Caucus,Fort Lupton,CO,80621,Miscellaneous,
House District 48,"BARRON, CARLOS",4.0,2025-01-31 00:00:00,Firstbank North,Arvada,CO,80006,Other,7810 ∑ Service Charges
House District 48,"BARRON, CARLOS",51.0,2025-02-04 00:00:00,Safeway,Fort Lupton,CO,80621,Other,7652 ∑ Vehicle Gas
House District 48,"BARRON, CARLOS",500.0,2025-02-05 00:00:00,"Sws Polifi, Llc",Fort Lupton,CO,80621,Other,7410 ∑ General Consultants
House District 48,"BARRON, CARLOS",62.0,2025-02-10 00:00:00,Safeway,Fort Lupton,CO,80621,Other,7652 ∑ Vehicle Gas
House District 48,"BARRON, CARLOS",57.0,2025-02-14 00:00:00,Safeway,Fort Lupton,CO,80621,Other,7652 ∑ Vehicle Gas
House District 48,"BARRON, CARLOS",126.02,2025-02-20 00:00:00,The University Club,Denver,CO,80203,Other,6890 ∑ Other Meeting Expense
House District 48,"BARRON, CARLOS",55.0,2025-02-24 00:00:00,Safeway,Fort Lupton,CO,80621,Other,7652 ∑ Vehicle Gas
House District 48,"BARRON, CARLOS",60.0,2025-02-24 00:00:00,7-Eleven,Fort Lupton,CO,80621,Other,7652 ∑ Vehicle Gas
House District 48,"BARRON, CARLOS",500.0,2025-02-28 00:00:00,"Sws Polifi, Llc",Fort Lupton,CO,80621,Other,7410 ∑ General Consultants
House District 48,"BARRON, CARLOS",55.0,2025-02-28 00:00:00,7-Eleven,Fort Lupton,CO,80621,Other,7652 ∑ Vehicle Gas
House District 48,"BARRON, CARLOS",4.0,2025-02-28 00:00:00,Firstbank North,Arvada,CO,80006,Other,7810 ∑ Service Charges
House District 48,"BARRON, CARLOS",135.75,2025-03-05 00:00:00,Donn Bruns Llc,Arvada,CO,80005,Other,6300 ∑ Photography Expense
House District 48,"BARRON, CARLOS",135.75,2025-03-05 00:00:00,Donn Bruns Llc,Arvada,CO,80005,Other,6300 ∑ Photography Expense
House District 48,"BARRON, CARLOS",135.75,2025-03-06 00:00:00,Donn Bruns Llc,Arvada,CO,80005,Other,6300 ∑ Photography Expense
House District 48,"BARRON, CARLOS",59.0,2025-03-10 00:00:00,Safeway,Fort Lupton,CO,80621,Other,7652 ∑ Vehicle Gas
House District 48,"BARRON, CARLOS",59.0,2025-03-17 00:00:00,Safeway,Fort Lupton,CO,80621,Other,7652 ∑ Vehicle Gas
House District 48,"BARRON, CARLOS",53.0,2025-03-19 00:00:00,7-Eleven,Fort Lupton,CO,80621,Other,7652 ∑ Vehicle Gas
House District 48,"BARRON, CARLOS",121.72,2025-03-20 00:00:00,The University Club,Denver,CO,80203,Other,6890 ∑ Other Meeting Expense
House District 48,"BARRON, CARLOS",-104.0,2025-03-24 00:00:00,Denver Parking,Commerce City,CO,80022,Returned Expenditure,Alec Reimbursement For D.C Trip
House District 48,"BARRON, CARLOS",-41.54,2025-03-24 00:00:00,Grand Hyatt,Washington,DC,20001,Returned Expenditure,Alec Reimbursement For D.C Trip
House District 48,"BARRON, CARLOS",-79.0,2025-03-24 00:00:00,Frontier Airlines,Denver,CO,80202,Returned Expenditure,Alec Reimbursement For D.C Trip
House District 48,"BARRON, CARLOS",-79.0,2025-03-24 00:00:00,Frontier Airlines,Denver,CO,80202,Returned Expenditure,Alec Reimbursement For D.C Trip
House District 48,"BARRON, CARLOS",-41.8,2025-03-24 00:00:00,Expedia,Bellevue,WA,98004,Returned Expenditure,Alec Reimbursement For D.C Trip
House District 48,"BARRON, CARLOS",500.0,2025-03-27 00:00:00,"Sws Polifi, Llc",Fort Lupton,CO,80621,Other,7410 ∑ General Consultants
House District 48,"BARRON, CARLOS",47.0,2025-03-27 00:00:00,Safeway,Fort Lupton,CO,80621,Other,7652 ∑ Vehicle Gas
House District 48,"BARRON, CARLOS",34.0,2025-03-31 00:00:00,Safeway,Fort Lupton,CO,80621,Other,7652 ∑ Vehicle Gas
House District 48,"BARRON, CARLOS",4.0,2025-03-31 00:00:00,Firstbank North,Arvada,CO,80006,Other,7810 ∑ Service Charges
House District 48,"BARRON, CARLOS",56.0,2025-04-01 00:00:00,7-Eleven,Fort Lupton,CO,80621,Other,7652 ∑ Vehicle Gas
House District 48,"BARRON, CARLOS",56.06,2025-04-07 00:00:00,7-Eleven,Fort Lupton,CO,80621,Other,7652 ∑ Vehicle Gas
House District 48,"BARRON, CARLOS",54.0,2025-04-15 00:00:00,Safeway,Fort Lupton,CO,80621,Other,7652 ∑ Vehicle Gas
House District 48,"BARRON, CARLOS",200.0,2025-04-15 00:00:00,"Sws Polifi, Llc",Fort Lupton,CO,80621,Other,7520 ∑ Accounting Fees
House District 48,"BARRON, CARLOS",57.0,2025-04-21 00:00:00,Safeway,Fort Lupton,CO,80621,Other,7652 ∑ Vehicle Gas
House District 48,"BARRON, CARLOS",293.26,2025-04-22 00:00:00,The University Club,Denver,CO,80203,Other,6890 ∑ Other Meeting Expense
House District 48,"BARRON, CARLOS",63.0,2025-04-29 00:00:00,Shell Oil,Fort Lupton,CO,80621,Other,7652 ∑ Vehicle Gas
House District 48,"BARRON, CARLOS",4.0,2025-04-30 00:00:00,Firstbank North,Arvada,CO,80006,Other,7810 ∑ Service Charges
House District 48,"BARRON, CARLOS",56.0,2025-05-05 00:00:00,Safeway,Fort Lupton,CO,80621,Other,7652 ∑ Vehicle Gas
House District 48,"BARRON, CARLOS",60.0,2025-05-12 00:00:00,Safeway,Fort Lupton,CO,80621,Other,7652 ∑ Vehicle Gas
House District 48,"BARRON, CARLOS",500.0,2025-05-12 00:00:00,"Sws Polifi, Llc",Fort Lupton,CO,80621,Other,7410 ∑ General Consultants
House District 48,"BARRON, CARLOS",244.59,2025-05-19 00:00:00,The University Club,Denver,CO,80203,Other,6890 ∑ Other Meeting Expense
House District 48,"BARRON, CARLOS",55.0,2025-05-22 00:00:00,Safeway,Fort Lupton,CO,80621,Other,7652 ∑ Vehicle Gas
House District 48,"BARRON, CARLOS",4.3,2025-05-29 00:00:00,Anedot,New Orleans,LA,70112,Other,7820 ∑ Merchant Account Fees
House District 48,"BARRON, CARLOS",500.0,2025-05-29 00:00:00,"Sws Polifi, Llc",Fort Lupton,CO,80621,Other,7410 ∑ General Consultants
House District 48,"BARRON, CARLOS",4.0,2025-05-30 00:00:00,Firstbank North,Arvada,CO,80006,Other,7810 ∑ Service Charges
House District 48,"BARRON, CARLOS",46.0,2025-06-02 00:00:00,Safeway,Fort Lupton,CO,80621,Other,7652 ∑ Vehicle Gas
House District 48,"BARRON, CARLOS",59.0,2025-06-06 00:00:00,Safeway,Fort Lupton,CO,80621,Other,7652 ∑ Vehicle Gas
House District 48,"BARRON, CARLOS",57.0,2025-06-17 00:00:00,Safeway,Fort Lupton,CO,80621,Other,7652 ∑ Vehicle Gas
House District 48,"BARRON, CARLOS",206.15,2025-06-20 00:00:00,The University Club,Denver,CO,80203,Other,6890 ∑ Other Meeting Expense
House District 48,"BARRON, CARLOS",49.0,2025-06-25 00:00:00,7-Eleven,Fort Lupton,CO,80621,Other,7652 ∑ Vehicle Gas
House District 48,"BARRON, CARLOS",263.96,2025-06-25 00:00:00,Morrell Printing Solutions Llc,Lafayette,CO,80026,Other,6611 ∑ Letterhead & Envelopes
House District 48,"BARRON, CARLOS",677.86,2025-06-25 00:00:00,Morrell Printing Solutions Llc,Lafayette,CO,80026,Other,6615 ∑ Hang Cards
House District 48,"BARRON, CARLOS",4.0,2025-06-30 00:00:00,Firstbank North,Arvada,CO,80006,Other,7810 ∑ Service Charges
House District 48,"BARRON, CARLOS",200.0,2025-07-17 00:00:00,"Sws Polifi, Llc",Fort Lupton,CO,80621,Other,7500 ∑ Legal & Accounting
House District 48,"BARRON, CARLOS",9.19,2025-07-17 00:00:00,The University Club,Denver,CO,80203,Other,6890 ∑ Other Meeting Expense
House District 48,"BARRON, CARLOS",4.0,2025-07-31 00:00:00,Firstbank North,Arvada,CO,80006,Other,7810 ∑ Service Charges
House District 48,"BARRON, CARLOS",279.89,2025-08-06 00:00:00,Ume Custom Embroidery & Imprinting,Firestone,CO,80520,Other,6631 ∑ Apparel
House District 48,"BARRON, CARLOS",4.0,2025-08-29 00:00:00,Firstbank North,Arvada,CO,80006,Other,7810 ∑ Service Charges
House District 48,"BARRON, CARLOS",1500.0,2025-08-29 00:00:00,"Sws Polifi, Llc",Fort Lupton,CO,80621,Other,7410 ∑ General Consultants
House District 48,"BARRON, CARLOS",90.0,2025-09-02 00:00:00,Hard Bean,Fort Lupton,CO,80621,Other,5140 ∑ Event Food & Beverage
House District 48,"BARRON, CARLOS",27.6,2025-09-10 00:00:00,Anedot,New Orleans,LA,70112,Other,7820 ∑ Merchant Account Fees
House District 48,"BARRON, CARLOS",10.3,2025-09-11 00:00:00,Anedot,New Orleans,LA,70112,Other,7820 ∑ Merchant Account Fees
House District 48,"BARRON, CARLOS",4.3,2025-09-12 00:00:00,Anedot,New Orleans,LA,70112,Other,7820 ∑ Merchant Account Fees
House District 48,"BARRON, CARLOS",6.6,2025-09-15 00:00:00,Anedot,New Orleans,LA,70112,Other,7820 ∑ Merchant Account Fees
House District 48,"BARRON, CARLOS",60.0,2025-09-15 00:00:00,Safeway,Fort Lupton,CO,80621,Other,7652 ∑ Vehicle Gas
House District 48,"BARRON, CARLOS",24.9,2025-09-16 00:00:00,Anedot,New Orleans,LA,70112,Other,7820 ∑ Merchant Account Fees
House District 48,"BARRON, CARLOS",18.3,2025-09-17 00:00:00,Anedot,New Orleans,LA,70112,Other,7820 ∑ Merchant Account Fees
House District 48,"BARRON, CARLOS",50.0,2025-09-19 00:00:00,Colorado Secretary Of State,Denver,CO,80200,Other,7780 ∑ State Fees
House District 48,"BARRON, CARLOS",18.3,2025-09-24 00:00:00,Anedot,New Orleans,LA,70112,Other,7820 ∑ Merchant Account Fees
House District 48,"BARRON, CARLOS",60.0,2025-09-25 00:00:00,Safeway,Fort Lupton,CO,80621,Other,7652 ∑ Vehicle Gas
House District 48,"BARRON, CARLOS",4.0,2025-09-30 00:00:00,Firstbank North,Arvada,CO,80006,Other,7810 ∑ Service Charges
House District 48,"BARRON, CARLOS",79.0,2024-12-06 00:00:00,Frontier Airlines,Denver,CO,80202,Other,7610 ∑ Air/Bus/Train Travel
House District 48,"BARRON, CARLOS",41.54,2024-12-06 00:00:00,Grand Hyatt,Washington,DC,20001,Other,7630 ∑ Lodging
House District 48,"BARRON, CARLOS",104.0,2024-12-06 00:00:00,Denver Parking,Commerce City,CO,80022,Other,7657 ∑ Vehicle Tolls And Parking
House District 48,"BARRON, CARLOS",50.0,2024-12-09 00:00:00,Stinker,Denver,CO,80221,Other,7652 ∑ Vehicle Gas
House District 48,"BARRON, CARLOS",58.0,2024-12-18 00:00:00,Th'S Express,Fort Lupton,CO,80621,Other,7652 ∑ Vehicle Gas
House District 48,"BARRON, CARLOS",619.97,2024-12-20 00:00:00,Embroidery Plus,Pueblo,CO,81003,Other,6631 ∑ Apparel
House District 48,"BARRON, CARLOS",200.0,2024-12-27 00:00:00,"Sws Polifi, Llc",Fort Lupton,CO,80621,Other,7520 ∑ Accounting Fees
House District 48,"BARRON, CARLOS",-500.0,2024-12-30 00:00:00,Frontier Airlines,Denver,CO,80202,Returned Expenditure,Alec Reimbursement
House District 48,"BARRON, CARLOS",313.78,2024-12-31 00:00:00,Costco,Thornton,CO,80023,Other,7214 ∑ Office Supplies
House District 48,"BARRON, CARLOS",4.0,2024-12-31 00:00:00,Firstbank North,Arvada,CO,80006,Other,7810 ∑ Service Charges
House District 48,"BARRON, CARLOS",284.63,2025-10-03 00:00:00,Morrell Printing Solutions Llc,Lafayette,CO,80026,Other,6611 ∑ Letterhead & Envelopes
House District 48,"BARRON, CARLOS",170.0,2025-10-08 00:00:00,Weld County Republican Central Committee,Greeley,CO,80634,Other,6410 ∑ Registration & Hosting
House District 48,"BARRON, CARLOS",298.5,2025-10-09 00:00:00,"Sws Polifi, Llc",Fort Lupton,CO,80621,Other,7520 ∑ Accounting Fees
House District 48,"BARRON, CARLOS",4.3,2025-10-26 00:00:00,Anedot,New Orleans,LA,70112,Other,7820 ∑ Merchant Account Fees
House District 48,"BARRON, CARLOS",488.0,2025-10-29 00:00:00,India  Hargett,Fort Lupton,CO,80621,Other,6420 ∑ Production & Design
House District 48,"BARRON, CARLOS",4.0,2025-10-31 00:00:00,Firstbank North,Arvada,CO,80006,Other,7810 ∑ Service Charges
House District 48,"BARRON, CARLOS",10.3,2025-11-03 00:00:00,Anedot,New Orleans,LA,70112,Other,7820 ∑ Merchant Account Fees
House District 48,"BARRON, CARLOS",10.3,2025-11-03 00:00:00,Anedot,New Orleans,LA,70112,Other,7820 ∑ Merchant Account Fees
House District 48,"BARRON, CARLOS",1500.0,2025-11-10 00:00:00,"Sws Polifi, Llc",Fort Lupton,CO,80621,Other,7590 ∑ Other Legal & Acctng Expense
House District 48,"BARRON, CARLOS",45.0,2025-11-13 00:00:00,7-Eleven,Fort Lupton,CO,80621,Other,7652 ∑ Vehicle Gas
House District 48,"BARRON, CARLOS",4.0,2025-11-28 00:00:00,Firstbank North,Arvada,CO,80006,Other,7810 ∑ Service Charges
House District 48,"BARRON, CARLOS",44.0,2025-12-05 00:00:00,7-Eleven,Fort Lupton,CO,80621,Other,7652 ∑ Vehicle Gas
House District 48,"BARRON, CARLOS",46.0,2025-12-09 00:00:00,7-Eleven,Fort Lupton,CO,80621,Other,7652 ∑ Vehicle Gas
House District 48,"BARRON, CARLOS",500.0,2025-12-17 00:00:00,"Sws Polifi, Llc",Fort Lupton,CO,80621,Other,7520 ∑ Accounting Fees
House District 48,"BARRON, CARLOS",1200.0,2025-12-19 00:00:00,House Republican Caucus,Denver,CO,80203,Other,7218 ∑ Dues And Subscriptions
House District 48,"BARRON, CARLOS",8.3,2025-12-30 00:00:00,Anedot,New Orleans,LA,70112,Other,7820 ∑ Merchant Account Fees
House District 48,"BARRON, CARLOS",18.3,2025-12-31 00:00:00,Anedot,New Orleans,LA,70112,Other,7820 ∑ Merchant Account Fees
House District 48,"BARRON, CARLOS",4.0,2025-12-31 00:00:00,Firstbank North,Arvada,CO,80006,Other,7810 ∑ Service Charges
House District 49,"SMITH, LESLEY",7.2,2025-01-04 00:00:00,Squarespace,New York City,NY,01010,Office Equipment & Supplies,
House District 49,"SMITH, LESLEY",2100.74,2025-02-02 00:00:00,Mary Beth  Gentry,Denver,CO,80223,Consultant & Professional Services,Legislative Aide Salary
House District 49,"SMITH, LESLEY",7.2,2025-02-04 00:00:00,Squarespace,New York City,NY,01010,Office Equipment & Supplies,
House District 49,"SMITH, LESLEY",0.4,2025-02-08 00:00:00,Actblue Technical Services,Somerville,MA,02144,Fundraising Expenses,
House District 49,"SMITH, LESLEY",103.86,2025-02-09 00:00:00,Mailchimp,Atlanta,GA,30308,Office Equipment & Supplies,
House District 49,"SMITH, LESLEY",118.2,2025-02-23 00:00:00,Hilltop Public Solutions,Washington,DC,20007,Consultant & Professional Services,
House District 49,"SMITH, LESLEY",823.1,2025-02-23 00:00:00,Mary Beth  Gentry,Denver,CO,80223,Consultant & Professional Services,Legislative Aide Pay
House District 49,"SMITH, LESLEY",199.89,2025-02-26 00:00:00,Colorado Politics,Boulder,CO,80301,Miscellaneous,Media Subscription
House District 49,"SMITH, LESLEY",7.2,2025-03-04 00:00:00,Squarespace,New York City,NY,01010,Office Equipment & Supplies,
House District 49,"SMITH, LESLEY",103.86,2025-03-09 00:00:00,Mailchimp,Atlanta,GA,30308,Office Equipment & Supplies,
House District 49,"SMITH, LESLEY",240.0,2025-03-15 00:00:00,Pak Mail Center,Boulder,CO,80302,Office Equipment & Supplies,
House District 49,"SMITH, LESLEY",712.53,2025-04-01 00:00:00,Squarespace,New York City,NY,01010,Office Equipment & Supplies,Website
House District 49,"SMITH, LESLEY",284.4,2025-04-04 00:00:00,Mary Beth  Gentry,Denver,CO,80223,Consultant & Professional Services,Pay For Legislative Aide
House District 49,"SMITH, LESLEY",2.0,2025-04-08 00:00:00,Premier Members Credit Union,Broomfield,CO,80021,Bank Fees,Checks
House District 49,"SMITH, LESLEY",46.74,2025-04-09 00:00:00,Mailchimp,Atlanta,GA,30308,Office Equipment & Supplies,Mail System
House District 49,"SMITH, LESLEY",0.2,2025-05-03 00:00:00,Act Blue Technical Services,Somerville,MA,02144,Fundraising Expenses,Service Fee
House District 49,"SMITH, LESLEY",8.4,2025-05-04 00:00:00,Squarespace,New York City,NY,01010,Office Equipment & Supplies,Website
House District 49,"SMITH, LESLEY",46.74,2025-05-11 00:00:00,Mailchimp,Atlanta,GA,30308,Office Equipment & Supplies,Mail System
House District 49,"SMITH, LESLEY",1.98,2025-05-11 00:00:00,Actblue Technical Services,Somerville,MA,02144,Fundraising Expenses,
House District 49,"SMITH, LESLEY",153.21,2025-05-23 00:00:00,Fedex Office,Bouler,CO,80305,Office Equipment & Supplies,Handouts For Town Hall Meetings
House District 49,"SMITH, LESLEY",250.0,2025-05-25 00:00:00,Nadine  Ameer,Denver,CO,80210,Consultant & Professional Services,Intern Stipend/Appreciation
House District 49,"SMITH, LESLEY",250.0,2025-05-25 00:00:00,Rene  Dones,Denver,CO,80220,Consultant & Professional Services,Intern Stipend/Appreciation
House District 49,"SMITH, LESLEY",100.0,2025-05-30 00:00:00,City O City,Denver,CO,80203,Employee Services,Team Appreciation Lunch
House District 49,"SMITH, LESLEY",0.2,2025-06-01 00:00:00,Actblue Technical Services,Somerville,MA,02144,Fundraising Expenses,
House District 49,"SMITH, LESLEY",500.0,2025-06-03 00:00:00,Colorado Water Congress,Denver,CO,80216,Miscellaneous,Co Water Congress Conference Registration
House District 49,"SMITH, LESLEY",8.4,2025-06-04 00:00:00,Squarespace,New York City,NY,01010,Office Equipment & Supplies,Website
House District 49,"SMITH, LESLEY",46.74,2025-06-09 00:00:00,Mailchimp,Atlanta,GA,30308,Office Equipment & Supplies,Email System
House District 49,"SMITH, LESLEY",0.2,2025-06-30 00:00:00,Actblue Technical Services,Somerville,MA,02144,Fundraising Expenses,
House District 49,"SMITH, LESLEY",46.32,2025-07-03 00:00:00,Name.Com,Denver,CO,80202,Office Equipment & Supplies,
House District 49,"SMITH, LESLEY",46.74,2025-07-09 00:00:00,"Mailchimp C/O The Rocket Science Group, Llc",Atlanta,GA,30308,Office Equipment & Supplies,
House District 49,"SMITH, LESLEY",405.44,2025-07-15 00:00:00,Rebecca  Christensen,Superior,CO,80027,Consultant & Professional Services,
House District 49,"SMITH, LESLEY",49.0,2025-07-24 00:00:00,Busey Brews Smokehouse And Brewery,Nederland,CO,80466,"Food, Beverages and Meals",
House District 49,"SMITH, LESLEY",405.44,2025-07-25 00:00:00,Rebecca  Christensen,Superior,CO,80027,Consultant & Professional Services,
House District 49,"SMITH, LESLEY",405.44,2025-08-08 00:00:00,Rebecca  Christensen,Superior,CO,80027,Consultant & Professional Services,
House District 49,"SMITH, LESLEY",46.74,2025-08-11 00:00:00,"Mailchimp C/O The Rocket Science Group, Llc",Atlanta,GA,30308,Office Equipment & Supplies,
House District 49,"SMITH, LESLEY",365.4,2025-08-20 00:00:00,Gravity Haus,Steamboat Springs,CO,80487,Travel & Lodging,
House District 49,"SMITH, LESLEY",8.91,2025-08-20 00:00:00,Gravity Haus,Steamboat Springs,CO,80487,Travel & Lodging,
House District 49,"SMITH, LESLEY",405.44,2025-08-25 00:00:00,Rebecca  Christensen,Superior,CO,80027,Consultant & Professional Services,
House District 49,"SMITH, LESLEY",405.44,2025-09-05 00:00:00,Rebecca  Christensen,Superior,CO,80027,Consultant & Professional Services,
House District 49,"SMITH, LESLEY",46.74,2025-09-10 00:00:00,"Mailchimp C/O The Rocket Science Group, Llc",Atlanta,GA,30308,Office Equipment & Supplies,
House District 49,"SMITH, LESLEY",405.44,2025-09-19 00:00:00,Rebecca  Christensen,Superior,CO,80027,Consultant & Professional Services,
House District 49,"SMITH, LESLEY",0.2,2025-09-30 00:00:00,Actblue Technical Services,Somerville,MA,02144,Fundraising Expenses,Ab Fees For Period
House District 49,"SMITH, LESLEY",405.44,2025-10-09 00:00:00,Rebecca  Christensen,Superior,CO,80027,Employee Services,Salary
House District 49,"SMITH, LESLEY",46.74,2025-10-09 00:00:00,Mailchimp,Atlanta,GA,30308,Office Equipment & Supplies,
House District 49,"SMITH, LESLEY",50.0,2025-10-22 00:00:00,Colorado Secretary Of State,Denver,CO,80290,Other,Fine For Late Personal Financial Disclosure Filing
House District 49,"SMITH, LESLEY",46.74,2025-10-27 00:00:00,Mailchimp,Atlanta,GA,30308,Other,Newsletter
House District 49,"SMITH, LESLEY",405.44,2025-10-31 00:00:00,Rebecca  Christensen,Superior,CO,80027,Employee Services,
House District 49,"SMITH, LESLEY",405.44,2025-11-17 00:00:00,Rebecca  Christensen,Superior,CO,80027,Employee Services,
House District 49,"SMITH, LESLEY",150.0,2025-11-17 00:00:00,Hilltop Public Solutions,Washington,DC,20007,Consultant & Professional Services,
House District 49,"SMITH, LESLEY",405.44,2025-12-03 00:00:00,Rebecca  Christensen,Superior,CO,80027,Employee Services,
House District 49,"SMITH, LESLEY",7.2,2024-12-04 00:00:00,Squarespace,New York City,NY,01010,Office Equipment & Supplies,
House District 49,"SMITH, LESLEY",93.48,2025-12-09 00:00:00,Mailchimp,Atlanta,GA,30308,Office Equipment & Supplies,Newsletter Expense November And December 2025
House District 49,"SMITH, LESLEY",405.44,2025-12-13 00:00:00,Rebecca  Christensen,Superior,CO,80027,Employee Services,
House District 49,"SMITH, LESLEY",128.07,2025-12-13 00:00:00,Office Depot,Boulder,CO,80301,Office Equipment & Supplies,Office Supplies
House District 49,"SMITH, LESLEY",405.44,2025-12-29 00:00:00,Rebecca  Christensen,Superior,CO,80027,Employee Services,
House District 49,"SMITH, LESLEY",61.0,2025-12-31 00:00:00,United States Postal Service,Boulder,CO,80302,Other,Stamps
House District 49,"SMITH, LESLEY",215.95,2025-12-31 00:00:00,Actblue Technical Services,Somerville,MA,02144,Fundraising Expenses,Fundraising Fees For Reporting Period
House District 50,"BUTLER, TOMMY",17.78,2025-10-05 00:00:00,Act Blue,Cambridge,CO,02138,Fundraising Expenses,Act Blue Fee
House District 50,"BUTLER, TOMMY",146.44,2025-10-12 00:00:00,Act Blue,Cambridge,CO,02138,Fundraising Expenses,Act Blue Fee
House District 50,"BUTLER, TOMMY",105.96,2025-10-17 00:00:00,Copy Shoppe,Greeley,CO,80634,Fundraising Expenses,Bres
House District 50,"BUTLER, TOMMY",21.95,2025-10-19 00:00:00,Act Blue,Cambridge,CO,02138,Fundraising Expenses,Act Blue Fee
House District 50,"BUTLER, TOMMY",20.75,2025-10-26 00:00:00,Act Blue,Cambridge,CO,02138,Fundraising Expenses,Act Blue Fee
House District 50,"BUTLER, TOMMY",2.0,2025-10-31 00:00:00,First Bank,Greeley,CO,80631,Bank Fees,Atm Fee
House District 50,"BUTLER, TOMMY",14.82,2025-11-02 00:00:00,Act Blue,Cambridge,CO,02138,Fundraising Expenses,Act Blue Fee
House District 50,"BUTLER, TOMMY",169.57,2025-11-03 00:00:00,Squarespace,New York,NY,10014,Advertising,Website Costs
House District 50,"BUTLER, TOMMY",32.62,2025-11-09 00:00:00,Act Blue,Cambridge,CO,02138,Fundraising Expenses,Act Blue Fee
House District 50,"BUTLER, TOMMY",5.94,2025-11-16 00:00:00,Act Blue,Cambridge,CO,02138,Fundraising Expenses,Act Blue Fee
House District 50,"BUTLER, TOMMY",0.99,2025-11-23 00:00:00,Act Blue,Cambridge,CO,02138,Fundraising Expenses,Act Blue Fee
House District 50,"BUTLER, TOMMY",9.88,2025-11-30 00:00:00,Act Blue,Cambridge,CO,02138,Fundraising Expenses,Act Blue Fee
House District 50,"BUTLER, TOMMY",4.96,2025-12-07 00:00:00,Act Blue,Cambridge,CO,02138,Fundraising Expenses,Act Blue Fee
House District 50,"BUTLER, TOMMY",119.85,2025-12-11 00:00:00,Raven Sign Studio,Greeley,CO,80631,Fundraising Expenses,Signs For Fundraiser
House District 50,"BUTLER, TOMMY",46.44,2025-12-14 00:00:00,Act Blue,Cambridge,CO,02138,Fundraising Expenses,Act Blue Fee
House District 50,"BUTLER, TOMMY",5.93,2025-12-21 00:00:00,Act Blue,Cambridge,CO,02138,Fundraising Expenses,Act Blue Fee
House District 50,"BUTLER, TOMMY",28.06,2025-12-31 00:00:00,Act Blue,Cambridge,CO,02138,Fundraising Expenses,Act Blue Fee
House District 50,"GONZALEZ, RYAN",0.34,2025-01-02 00:00:00,Anedot,Baton Rouge,LA,70808,Other,7820 ∑ Merchant Account Fees
House District 50,"GONZALEZ, RYAN",135.0,2025-01-07 00:00:00,Mailchimp,Atlanta,GA,30308,Other,7350 ∑ Email Service
House District 50,"GONZALEZ, RYAN",128.39,2025-01-09 00:00:00,Amazon,N Seattle,WA,98109,Other,7214 ∑ Office Supplies
House District 50,"GONZALEZ, RYAN",203.6,2025-01-09 00:00:00,Amazon,N Seattle,WA,98109,Other,7214 ∑ Office Supplies
House District 50,"GONZALEZ, RYAN",109.3,2025-01-09 00:00:00,Amazon,N Seattle,WA,98109,Other,7214 ∑ Office Supplies
House District 50,"GONZALEZ, RYAN",47.75,2025-01-09 00:00:00,Chick-Fil-A,Denver,CO,80206,Other,7640 ∑ Meals
House District 50,"GONZALEZ, RYAN",1300.0,2025-01-13 00:00:00,Colorado House Republicans,Denver,CO,80203,Other,7218 ∑ Dues And Subscriptions
House District 50,"GONZALEZ, RYAN",94.88,2025-01-15 00:00:00,Name-Cheap.Com,Phoenix,AZ,85034,Other,6410 ∑ Registration & Hosting
House District 50,"GONZALEZ, RYAN",0.34,2025-01-20 00:00:00,Anedot,Baton Rouge,LA,70808,Other,7820 ∑ Merchant Account Fees
House District 50,"GONZALEZ, RYAN",9.99,2025-01-27 00:00:00,,,,,Other,7640 ∑ Meals
House District 50,"GONZALEZ, RYAN",172.13,2025-01-27 00:00:00,Ryan  Gonzalez,Greeley,CO,80634,Miscellaneous,Photography
House District 50,"GONZALEZ, RYAN",4.0,2025-01-31 00:00:00,Firstbank North,Arvada,CO,80006,Other,7214 ∑ Office Supplies
House District 50,"GONZALEZ, RYAN",0.34,2025-02-01 00:00:00,Anedot,Baton Rouge,LA,70808,Other,7820 ∑ Merchant Account Fees
House District 50,"GONZALEZ, RYAN",135.0,2025-02-07 00:00:00,Mailchimp,Atlanta,GA,30308,Other,7350 ∑ Email Service
House District 50,"GONZALEZ, RYAN",109.88,2025-02-24 00:00:00,The Broadmoor,Colorado Springs,CO,80906,Other,7640 ∑ Meals
House District 50,"GONZALEZ, RYAN",4.0,2025-02-26 00:00:00,Firstbank North,Arvada,CO,80006,Other,7214 ∑ Office Supplies
House District 50,"GONZALEZ, RYAN",9.99,2025-02-26 00:00:00,,,,,Other,7640 ∑ Meals
House District 50,"GONZALEZ, RYAN",0.34,2025-03-01 00:00:00,Anedot,Baton Rouge,LA,70808,Other,7820 ∑ Merchant Account Fees
House District 50,"GONZALEZ, RYAN",140.55,2025-03-07 00:00:00,Mailchimp,Atlanta,GA,30308,Other,7350 ∑ Email Service
House District 50,"GONZALEZ, RYAN",9.99,2025-03-26 00:00:00,,,,,Other,7640 ∑ Meals
House District 50,"GONZALEZ, RYAN",2.64,2025-03-28 00:00:00,Anedot,Baton Rouge,LA,70808,Other,7820 ∑ Merchant Account Fees
House District 50,"GONZALEZ, RYAN",4.0,2025-03-31 00:00:00,Firstbank North,Arvada,CO,80006,Other,7214 ∑ Office Supplies
House District 50,"GONZALEZ, RYAN",140.55,2025-04-07 00:00:00,Mailchimp,Atlanta,GA,30308,Other,7350 ∑ Email Service
House District 50,"GONZALEZ, RYAN",150.0,2025-04-10 00:00:00,"Sws Polifi, Llc",Fort Lupton,CO,80621,Other,7520 ∑ Accounting Fees
House District 50,"GONZALEZ, RYAN",9.99,2025-04-28 00:00:00,Doordash,San Francisco,CA,94107,Other,7218 ∑ Dues And Subscriptions
House District 50,"GONZALEZ, RYAN",4.0,2025-04-30 00:00:00,Firstbank North,Arvada,CO,80006,Other,7800 ∑ Banking Fees
House District 50,"GONZALEZ, RYAN",140.55,2025-05-06 00:00:00,Mailchimp,Atlanta,GA,30308,Other,7350 ∑ Email Service
House District 50,"GONZALEZ, RYAN",255.0,2025-05-23 00:00:00,National Conference Of State Legislatures,Denver,CO,80230,Other,6810 ∑ Registration Fees
House District 50,"GONZALEZ, RYAN",9.99,2025-05-27 00:00:00,Doordash,San Francisco,CA,94107,Other,7218 ∑ Dues And Subscriptions
House District 50,"GONZALEZ, RYAN",3.9,2025-05-29 00:00:00,Anedot,Baton Rouge,LA,70808,Other,7820 ∑ Merchant Account Fees
House District 50,"GONZALEZ, RYAN",4.0,2025-05-30 00:00:00,Firstbank North,Arvada,CO,80006,Other,7800 ∑ Banking Fees
House District 50,"GONZALEZ, RYAN",18.3,2025-05-31 00:00:00,Anedot,Baton Rouge,LA,70808,Other,7820 ∑ Merchant Account Fees
House District 50,"GONZALEZ, RYAN",4.3,2025-06-04 00:00:00,Anedot,Baton Rouge,LA,70808,Other,7820 ∑ Merchant Account Fees
House District 50,"GONZALEZ, RYAN",9.99,2025-06-26 00:00:00,Doordash,San Francisco,CA,94107,Other,7218 ∑ Dues And Subscriptions
House District 50,"GONZALEZ, RYAN",18.3,2025-06-28 00:00:00,Anedot,Baton Rouge,LA,70808,Other,7820 ∑ Merchant Account Fees
House District 50,"GONZALEZ, RYAN",4.0,2025-06-30 00:00:00,Firstbank North,Arvada,CO,80006,Other,7810 ∑ Service Charges
House District 50,"GONZALEZ, RYAN",134.75,2025-07-03 00:00:00,Sam'S Club,Evans,CO,80620,Other,6690 ∑ Other Promotional Expense
House District 50,"GONZALEZ, RYAN",150.0,2025-07-15 00:00:00,"Sws Polifi, Llc",Fort Lupton,CO,80621,Other,7520 ∑ Accounting Fees
House District 50,"GONZALEZ, RYAN",9.99,2025-07-28 00:00:00,,,,,Other,7640 ∑ Meals
House District 50,"GONZALEZ, RYAN",4.0,2025-07-31 00:00:00,Firstbank North,Arvada,CO,80006,Other,7810 ∑ Service Charges
House District 50,"GONZALEZ, RYAN",14.91,2025-08-04 00:00:00,Uber,San Francisco,CA,94158,Other,7680 ∑ Transportation Service
House District 50,"GONZALEZ, RYAN",15.92,2025-08-04 00:00:00,Uber,San Francisco,CA,94158,Other,7680 ∑ Transportation Service
House District 50,"GONZALEZ, RYAN",15.92,2025-08-04 00:00:00,Uber,San Francisco,CA,94158,Other,7680 ∑ Transportation Service
House District 50,"GONZALEZ, RYAN",21.9,2025-08-04 00:00:00,Uber,San Francisco,CA,94158,Other,7680 ∑ Transportation Service
House District 50,"GONZALEZ, RYAN",16.99,2025-08-04 00:00:00,Uber,San Francisco,CA,94158,Other,7680 ∑ Transportation Service
House District 50,"GONZALEZ, RYAN",5.6,2025-08-04 00:00:00,Uber,San Francisco,CA,94158,Other,7680 ∑ Transportation Service
House District 50,"GONZALEZ, RYAN",30.1,2025-08-04 00:00:00,Uber,San Francisco,CA,94158,Other,7680 ∑ Transportation Service
House District 50,"GONZALEZ, RYAN",35.0,2025-08-05 00:00:00,Southwest Airlines,Dallas,TX,75235,Other,7670 ∑ Travel Agency Fees
House District 50,"GONZALEZ, RYAN",2.0,2025-08-05 00:00:00,Uber,San Francisco,CA,94158,Other,7680 ∑ Transportation Service
House District 50,"GONZALEZ, RYAN",14.98,2025-08-05 00:00:00,Uber,San Francisco,CA,94158,Other,7680 ∑ Transportation Service
House District 50,"GONZALEZ, RYAN",9.9,2025-08-05 00:00:00,Uber,San Francisco,CA,94158,Other,7680 ∑ Transportation Service
House District 50,"GONZALEZ, RYAN",18.55,2025-08-06 00:00:00,Uber,San Francisco,CA,94158,Other,7680 ∑ Transportation Service
House District 50,"GONZALEZ, RYAN",34.36,2025-08-06 00:00:00,Uber,San Francisco,CA,94158,Other,7680 ∑ Transportation Service
House District 50,"GONZALEZ, RYAN",34.93,2025-08-06 00:00:00,Uber,San Francisco,CA,94158,Other,7680 ∑ Transportation Service
House District 50,"GONZALEZ, RYAN",22.91,2025-08-07 00:00:00,Uber,San Francisco,CA,94158,Other,7680 ∑ Transportation Service
House District 50,"GONZALEZ, RYAN",40.0,2025-08-08 00:00:00,United Airlines,Denver,CO,80249,Other,7670 ∑ Travel Agency Fees
House District 50,"GONZALEZ, RYAN",140.0,2025-08-11 00:00:00,Denver Public Parking,Denver,CO,80249,Other,7657 ∑ Vehicle Tolls And Parking
House District 50,"GONZALEZ, RYAN",4.0,2025-08-11 00:00:00,Uber,San Francisco,CA,94158,Other,7690 ∑ Other Travel Expense
House District 50,"GONZALEZ, RYAN",18.3,2025-08-13 00:00:00,Anedot,Baton Rouge,LA,70808,Other,7820 ∑ Merchant Account Fees
House District 50,"GONZALEZ, RYAN",71.88,2025-08-25 00:00:00,Name Cheap,Phoenix,AZ,85034,Other,6625 ∑ Body Badges
House District 50,"GONZALEZ, RYAN",9.99,2025-08-26 00:00:00,Doordash,San Francisco,CA,94107,Other,7218 ∑ Dues And Subscriptions
House District 50,"GONZALEZ, RYAN",4.0,2025-08-29 00:00:00,Firstbank North,Arvada,CO,80006,Other,7810 ∑ Service Charges
House District 50,"GONZALEZ, RYAN",50.0,2025-09-02 00:00:00,City Of Evans,Evans,CO,80620,Other,5120 ∑ Event Space Rental
House District 50,"GONZALEZ, RYAN",140.55,2025-09-08 00:00:00,Mailchimp,Atlanta,GA,30308,Other,7350 ∑ Email Service
House District 50,"GONZALEZ, RYAN",27.6,2025-09-10 00:00:00,Anedot,Baton Rouge,LA,70808,Other,7820 ∑ Merchant Account Fees
House District 50,"GONZALEZ, RYAN",271.11,2025-09-12 00:00:00,Sam'S Club,Evans,CO,80620,Other,5140 ∑ Event Food & Beverage
House District 50,"GONZALEZ, RYAN",6.6,2025-09-15 00:00:00,Anedot,Baton Rouge,LA,70808,Other,7820 ∑ Merchant Account Fees
House District 50,"GONZALEZ, RYAN",140.62,2025-09-15 00:00:00,Morrell Printing,Lafayette,CO,80026,Other,6611 ∑ Letterhead & Envelopes
House District 50,"GONZALEZ, RYAN",24.9,2025-09-16 00:00:00,Anedot,Baton Rouge,LA,70808,Other,7820 ∑ Merchant Account Fees
House District 50,"GONZALEZ, RYAN",18.3,2025-09-17 00:00:00,Anedot,Baton Rouge,LA,70808,Other,7820 ∑ Merchant Account Fees
House District 50,"GONZALEZ, RYAN",32.13,2025-09-22 00:00:00,Crack Taco Shop,San Diego,CA,92108,Other,7640 ∑ Meals
House District 50,"GONZALEZ, RYAN",23.44,2025-09-22 00:00:00,Doordash,San Francisco,CA,94107,Other,7218 ∑ Dues And Subscriptions
House District 50,"GONZALEZ, RYAN",47.91,2025-09-22 00:00:00,Kono'S Cafe,\Ssan Diego,CA,92109,Other,7640 ∑ Meals
House District 50,"GONZALEZ, RYAN",9.22,2025-09-22 00:00:00,,,,,Other,7640 ∑ Meals
House District 50,"GONZALEZ, RYAN",18.6,2025-09-22 00:00:00,,,,,Other,7640 ∑ Meals
House District 50,"GONZALEZ, RYAN",16.35,2025-09-22 00:00:00,,,,,Other,7640 ∑ Meals
House District 50,"GONZALEZ, RYAN",41.86,2025-09-22 00:00:00,Smash Burger,Denver,CO,80249,Other,7640 ∑ Meals
House District 50,"GONZALEZ, RYAN",35.0,2025-09-22 00:00:00,Southwest Airlines,Dallas,TX,75235,Other,7670 ∑ Travel Agency Fees
House District 50,"GONZALEZ, RYAN",73.87,2025-09-22 00:00:00,Uber,San Francisco,CA,94158,Other,7680 ∑ Transportation Service
House District 50,"GONZALEZ, RYAN",40.74,2025-09-22 00:00:00,Uber,San Francisco,CA,94158,Other,7680 ∑ Transportation Service
House District 50,"GONZALEZ, RYAN",40.75,2025-09-22 00:00:00,Uber,San Francisco,CA,94158,Other,7680 ∑ Transportation Service
House District 50,"GONZALEZ, RYAN",4.46,2025-09-23 00:00:00,,,,,Other,6130 ∑ Newspaper
House District 50,"GONZALEZ, RYAN",28.2,2025-09-23 00:00:00,San Peets Coffee,San Diego,CA,92103,Other,7640 ∑ Meals
House District 50,"GONZALEZ, RYAN",35.0,2025-09-23 00:00:00,Southwest Airlines,Dallas,TX,75235,Other,7670 ∑ Travel Agency Fees
House District 50,"GONZALEZ, RYAN",25.0,2025-09-24 00:00:00,7-11,Greeley,CO,80631,Other,7652 ∑ Vehicle Gas
House District 50,"GONZALEZ, RYAN",4.3,2025-09-24 00:00:00,Anedot,Baton Rouge,LA,70808,Other,7820 ∑ Merchant Account Fees
House District 50,"GONZALEZ, RYAN",2.3,2025-09-26 00:00:00,Anedot,Baton Rouge,LA,70808,Other,7820 ∑ Merchant Account Fees
House District 50,"GONZALEZ, RYAN",9.99,2025-09-26 00:00:00,Doordash,San Francisco,CA,94107,Other,7218 ∑ Dues And Subscriptions
House District 50,"GONZALEZ, RYAN",18.3,2025-09-30 00:00:00,Anedot,Baton Rouge,LA,70808,Other,7820 ∑ Merchant Account Fees
House District 50,"GONZALEZ, RYAN",4.0,2025-09-30 00:00:00,Firstbank North,Arvada,CO,80006,Other,7810 ∑ Service Charges
House District 50,"GONZALEZ, RYAN",104.0,2024-12-06 00:00:00,Frontier Airlines,Denver,CO,80249,Other,7610 ∑ Air/Bus/Train Travel
House District 50,"GONZALEZ, RYAN",45.54,2024-12-06 00:00:00,Uber,San Francisco,CA,94158,Other,7620 ∑ Car Rental
House District 50,"GONZALEZ, RYAN",16.44,2024-12-06 00:00:00,,,,,Other,7640 ∑ Meals
House District 50,"GONZALEZ, RYAN",23.1,2024-12-06 00:00:00,Custom Burgers,Alington,VA,22202,Other,7640 ∑ Meals
House District 50,"GONZALEZ, RYAN",47.54,2024-12-06 00:00:00,Grand Hyatt,Washington,DC,20001,Other,7640 ∑ Meals
House District 50,"GONZALEZ, RYAN",9.69,2024-12-06 00:00:00,,,,,Other,7640 ∑ Meals
House District 50,"GONZALEZ, RYAN",38.31,2024-12-09 00:00:00,Fire Restaurant,Denver,CO,80203,Other,6800 ∑ Meeting Expense
House District 50,"GONZALEZ, RYAN",135.0,2024-12-09 00:00:00,Mailchimp,Atlanta,GA,30308,Other,7350 ∑ Email Service
House District 50,"GONZALEZ, RYAN",350.72,2024-12-09 00:00:00,Curio Hotels,Denver,CO,80203,Other,7630 ∑ Lodging
House District 50,"GONZALEZ, RYAN",200.0,2024-12-11 00:00:00,Alec,Arlington,VA,22202,Other,6810 ∑ Registration Fees
House District 50,"GONZALEZ, RYAN",75.4,2024-12-13 00:00:00,Food King,Greeley,CO,80634,Other,7214 ∑ Office Supplies
House District 50,"GONZALEZ, RYAN",-26.35,2024-12-23 00:00:00,Effectv,Boston,MA,02241,Returned Expenditure,Over Payment
House District 50,"GONZALEZ, RYAN",176.4,2024-12-27 00:00:00,"Sws Polifi, Llc",Fort Lupton,CO,80621,Other,7520 ∑ Accounting Fees
House District 50,"GONZALEZ, RYAN",4.0,2024-12-31 00:00:00,Firstbank North,Arvada,CO,80006,Other,7214 ∑ Office Supplies
House District 50,"GONZALEZ, RYAN",367.3,2025-10-02 00:00:00,Karen  Plasencia,,,,Other,7630 ∑ Lodging
House District 50,"GONZALEZ, RYAN",1023.62,2025-10-03 00:00:00,Marquis Who'S Who,Uniondale,NY,11556,Other,6590 ∑ Other Research Expense
House District 50,"GONZALEZ, RYAN",326.75,2025-10-06 00:00:00,Hampton Inn,Alexandria,VA,22303,Other,7630 ∑ Lodging
House District 50,"GONZALEZ, RYAN",6.41,2025-10-07 00:00:00,Firstbank North,Arvada,CO,80006,Other,7810 ∑ Service Charges
House District 50,"GONZALEZ, RYAN",213.54,2025-10-07 00:00:00,Ly.Com,Rowland Heights,CA,91748,Other,7670 ∑ Travel Agency Fees
House District 50,"GONZALEZ, RYAN",140.55,2025-10-07 00:00:00,Mailchimp,Atlanta,GA,30308,Other,7350 ∑ Email Service
House District 50,"GONZALEZ, RYAN",316.5,2025-10-09 00:00:00,"Sws Polifi, Llc",Fort Lupton,CO,80621,Other,7520 ∑ Accounting Fees
House District 50,"GONZALEZ, RYAN",17.0,2025-10-10 00:00:00,Denver Arts Complex,Denver,CO,80204,Other,5190 ∑ Other Event Expense
House District 50,"GONZALEZ, RYAN",27.0,2025-10-10 00:00:00,,,,,Other,5100 ∑ Event Expense
House District 50,"GONZALEZ, RYAN",50.0,2025-10-13 00:00:00,Coloraado Secretary Of State,Denver,CO,80290,Other,7720 ∑ Licenses & Fees
House District 50,"GONZALEZ, RYAN",32.18,2025-10-20 00:00:00,Uber,San Francisco,CA,94158,Other,7680 ∑ Transportation Service
House District 50,"GONZALEZ, RYAN",34.73,2025-10-21 00:00:00,Doordash,San Francisco,CA,94107,Other,7640 ∑ Meals
House District 50,"GONZALEZ, RYAN",86.0,2025-10-21 00:00:00,Frontier Airlines,Denver,CO,80249,Other,7610 ∑ Air/Bus/Train Travel
House District 50,"GONZALEZ, RYAN",75.0,2025-10-21 00:00:00,Hampton Inn,Alexandria,VA,22303,Other,7630 ∑ Lodging
House District 50,"GONZALEZ, RYAN",33.89,2025-10-22 00:00:00,Wok And Roll,Denver,CO,80202,Other,7640 ∑ Meals
House District 50,"GONZALEZ, RYAN",114.0,2025-10-23 00:00:00,Frontier Airlines,Denver,CO,80249,Other,7610 ∑ Air/Bus/Train Travel
House District 50,"GONZALEZ, RYAN",71.85,2025-10-23 00:00:00,Uber,San Francisco,CA,94158,Other,7680 ∑ Transportation Service
House District 50,"GONZALEZ, RYAN",34.61,2025-10-24 00:00:00,Doordash,San Francisco,CA,94107,Other,7640 ∑ Meals
House District 50,"GONZALEZ, RYAN",14.04,2025-10-24 00:00:00,,,,,Other,7640 ∑ Meals
House District 50,"GONZALEZ, RYAN",3.0,2025-10-24 00:00:00,Uber,San Francisco,CA,94158,Other,7680 ∑ Transportation Service
House District 50,"GONZALEZ, RYAN",4.3,2025-10-26 00:00:00,Anedot,Baton Rouge,LA,70808,Other,7820 ∑ Merchant Account Fees
House District 50,"GONZALEZ, RYAN",105.0,2025-10-27 00:00:00,Denver Public Parking,Denver,CO,80249,Other,7657 ∑ Vehicle Tolls And Parking
House District 50,"GONZALEZ, RYAN",9.99,2025-10-27 00:00:00,Doordash,San Francisco,CA,94107,Other,7640 ∑ Meals
House District 50,"GONZALEZ, RYAN",16.35,2025-10-27 00:00:00,,,,,Other,7640 ∑ Meals
House District 50,"GONZALEZ, RYAN",9.04,2025-10-27 00:00:00,,,,,Other,7640 ∑ Meals
House District 50,"GONZALEZ, RYAN",75.0,2025-10-27 00:00:00,Weld County Republican Central Committee,Greeley,CO,80634,Other,6810 ∑ Registration Fees
House District 50,"GONZALEZ, RYAN",4.0,2025-10-31 00:00:00,Firstbank North,Arvada,CO,80006,Other,7810 ∑ Service Charges
House District 50,"GONZALEZ, RYAN",140.55,2025-11-07 00:00:00,Mailchimp,Atlanta,GA,30308,Other,7350 ∑ Email Service
House District 50,"GONZALEZ, RYAN",701.73,2025-11-07 00:00:00,Marquis Who'S Who,Uniondale,NY,11556,Other,6590 ∑ Other Research Expense
House District 50,"GONZALEZ, RYAN",20.0,2025-11-18 00:00:00,Maverick,Greeley,CO,80634,Other,7652 ∑ Vehicle Gas
House District 50,"GONZALEZ, RYAN",72.47,2025-11-24 00:00:00,Hungry House,Littleton,CO,80123,Other,7640 ∑ Meals
House District 50,"GONZALEZ, RYAN",478.96,2025-11-24 00:00:00,Southwest Airlines,Dallas,TX,75235,Other,7670 ∑ Travel Agency Fees
House District 50,"GONZALEZ, RYAN",575.0,2025-11-26 00:00:00,Alec,Arlington,VA,22202,Other,6810 ∑ Registration Fees
House District 50,"GONZALEZ, RYAN",9.99,2025-11-26 00:00:00,Doordash,San Francisco,CA,94107,Other,7218 ∑ Dues And Subscriptions
House District 50,"GONZALEZ, RYAN",4.0,2025-11-28 00:00:00,Firstbank North,Arvada,CO,80006,Other,7810 ∑ Service Charges
House District 50,"GONZALEZ, RYAN",614.04,2025-12-01 00:00:00,Doubletree By Hilton Fort Worth,Fort Worth,TX,76106,Other,7630 ∑ Lodging
House District 50,"GONZALEZ, RYAN",28.93,2025-12-01 00:00:00,Uber,San Francisco,CA,94158,Other,7680 ∑ Transportation Service
House District 50,"GONZALEZ, RYAN",63.74,2025-12-02 00:00:00,Uber,San Francisco,CA,94158,Other,7680 ∑ Transportation Service
House District 50,"GONZALEZ, RYAN",8.3,2025-12-03 00:00:00,Anedot,Baton Rouge,LA,70808,Other,7820 ∑ Merchant Account Fees
House District 50,"GONZALEZ, RYAN",35.0,2025-12-03 00:00:00,Southwest Airlines,Dallas,TX,75235,Other,7670 ∑ Travel Agency Fees
House District 50,"GONZALEZ, RYAN",17.95,2025-12-03 00:00:00,Uber,San Francisco,CA,94158,Other,7680 ∑ Transportation Service
House District 50,"GONZALEZ, RYAN",17.99,2025-12-03 00:00:00,Uber,San Francisco,CA,94158,Other,7680 ∑ Transportation Service
House District 50,"GONZALEZ, RYAN",99.21,2025-12-04 00:00:00,Uber,San Francisco,CA,94158,Other,7680 ∑ Transportation Service
House District 50,"GONZALEZ, RYAN",35.0,2025-12-05 00:00:00,Southwest Airlines,Dallas,TX,75235,Other,7670 ∑ Travel Agency Fees
House District 50,"GONZALEZ, RYAN",140.55,2025-12-08 00:00:00,Mailchimp,Atlanta,GA,30308,Other,7350 ∑ Email Service
House District 50,"GONZALEZ, RYAN",50.0,2025-12-11 00:00:00,Lincoln Club,Denver,CO,80201,Other,6810 ∑ Registration Fees
House District 50,"GONZALEZ, RYAN",50.0,2025-12-11 00:00:00,Music Garage,Denver,CO,80202,Other,7650 ∑ Vehicle Expense
House District 50,"GONZALEZ, RYAN",48.11,2025-12-14 00:00:00,Texas Roadhouse,Englewood,CO,80110,Other,6800 ∑ Meeting Expense
House District 50,"GONZALEZ, RYAN",22.0,2025-12-18 00:00:00,Maverick,Greeley,CO,80634,Other,7652 ∑ Vehicle Gas
House District 50,"GONZALEZ, RYAN",1.3,2025-12-19 00:00:00,Dean  Andersen,Greeley,CO,80631,Other,7820 ∑ Merchant Account Fees
House District 50,"GONZALEZ, RYAN",40.62,2025-12-22 00:00:00,Crystal Park Cantina,Manitou Springs,CO,80829,Other,7640 ∑ Meals
House District 50,"GONZALEZ, RYAN",39.93,2025-12-22 00:00:00,The Broadmoor,Colorado Springs,CO,80906,Other,7640 ∑ Meals
House District 50,"GONZALEZ, RYAN",180.0,2025-12-22 00:00:00,The Broadmoor,Colorado Springs,CO,80906,Other,7640 ∑ Meals
House District 50,"GONZALEZ, RYAN",20.0,2025-12-23 00:00:00,Maverick,Greeley,CO,80634,Other,7652 ∑ Vehicle Gas
House District 50,"GONZALEZ, RYAN",9.99,2025-12-26 00:00:00,Doordash,San Francisco,CA,94107,Other,7640 ∑ Meals
House District 50,"GONZALEZ, RYAN",14.34,2025-12-29 00:00:00,,,,,"Food, Beverages and Meals",Coffee
House District 50,"GONZALEZ, RYAN",18.3,2025-12-31 00:00:00,Anedot,Baton Rouge,LA,70808,Other,7820 ∑ Merchant Account Fees
House District 50,"GONZALEZ, RYAN",4.0,2025-12-31 00:00:00,Firstbank North,Arvada,CO,80006,Other,7810 ∑ Service Charges
House District 51,"MARSH, JACKI",,,,,,,,
House District 51,"PARKS, AMY",,,,,,,,
House District 51,"RUMFELT, NANCY",,,,,,,,
House District 52,"YURASH, STEPHEN",,,,,,,,
House District 52,"ZOKAIE, YARA",2.0,2025-01-07 00:00:00,Firstbank - Bank Fee,Lakewood,CO,80215,Bank Fees,
House District 52,"ZOKAIE, YARA",37.19,2025-01-10 00:00:00,Pita Fresh,Denver,CO,80202,"Food, Beverages and Meals",
House District 52,"ZOKAIE, YARA",7.45,2025-01-13 00:00:00,The Cake Bar,Denver,CO,80203,"Food, Beverages and Meals",
House District 52,"ZOKAIE, YARA",100.0,2025-01-14 00:00:00,"Jonah Salehi, Consultant",Fort Collins,CO,80526,Consultant & Professional Services,
House District 52,"ZOKAIE, YARA",70.5,2025-01-28 00:00:00,Mailchimp,Atlanta,GA,30308,Advertising,
House District 52,"ZOKAIE, YARA",2.0,2025-02-05 00:00:00,Firstbank - Bank Fee,Lakewood,CO,80215,Bank Fees,
House District 52,"ZOKAIE, YARA",240.0,2025-02-06 00:00:00,Jeanne Larson Day Care,Fort Collins,CO,80550,Other,
House District 52,"ZOKAIE, YARA",11.57,2025-02-14 00:00:00,32 Market Vending,River Falls,WI,84022,"Food, Beverages and Meals",
House District 52,"ZOKAIE, YARA",62.92,2025-02-14 00:00:00,Warwick Denver,Denver,CO,80203,"Food, Beverages and Meals",
House District 52,"ZOKAIE, YARA",240.0,2025-02-18 00:00:00,Jeanne Larson Day Care,Fort Collins,CO,80550,Other,
House District 52,"ZOKAIE, YARA",13.32,2025-02-20 00:00:00,32 Market Vending,River Falls,WI,84022,"Food, Beverages and Meals",
House District 52,"ZOKAIE, YARA",240.0,2025-02-21 00:00:00,Jeanne Larson Day Care,Fort Collins,CO,80550,Other,
House District 52,"ZOKAIE, YARA",70.5,2025-02-28 00:00:00,Mailchimp,Atlanta,GA,30308,Advertising,
House District 52,"ZOKAIE, YARA",240.0,2025-02-28 00:00:00,Jeanne Larson Day Care,Fort Collins,CO,80550,Other,
House District 52,"ZOKAIE, YARA",2500.0,2025-03-03 00:00:00,House Dems Petty Cash Fund,Denver,CO,80203,Other,Caucus Dues
House District 52,"ZOKAIE, YARA",12.6,2025-03-04 00:00:00,"Mugs, Old Town",Fort Collins,CO,80521,"Food, Beverages and Meals",
House District 52,"ZOKAIE, YARA",2.0,2025-03-05 00:00:00,Firstbank - Bank Fee,Lakewood,CO,80215,Bank Fees,
House District 52,"ZOKAIE, YARA",9.19,2025-03-05 00:00:00,32 Market Vending,River Falls,WI,84022,"Food, Beverages and Meals",
House District 52,"ZOKAIE, YARA",240.0,2025-03-07 00:00:00,Jeanne Larson Day Care,Fort Collins,CO,80550,Other,
House District 52,"ZOKAIE, YARA",240.0,2025-03-27 00:00:00,Jeanne Larson Day Care,Fort Collins,CO,80550,Other,
House District 52,"ZOKAIE, YARA",70.5,2025-03-28 00:00:00,Mailchimp,Atlanta,GA,30308,Advertising,
House District 52,"ZOKAIE, YARA",11.24,2025-03-29 00:00:00,32 Market Vending,River Falls,WI,84022,"Food, Beverages and Meals",
House District 52,"ZOKAIE, YARA",12753.56,2025-03-30 00:00:00,Yara For Colorado,Fort Collins,CO,80528,Other,Rollover
House District 52,"ZOKAIE, YARA",2.0,2025-04-03 00:00:00,Firstbank - Bank Fee,Lakewood,CO,80215,Bank Fees,
House District 52,"ZOKAIE, YARA",240.0,2025-04-07 00:00:00,Jeanne Larson Day Care,Fort Collins,CO,80550,Other,
House District 52,"ZOKAIE, YARA",240.0,2025-04-11 00:00:00,Jeanne Larson Day Care,Fort Collins,CO,80550,Other,
House District 52,"ZOKAIE, YARA",240.0,2025-04-18 00:00:00,Jeanne Larson Day Care,Fort Collins,CO,80550,Other,
House District 52,"ZOKAIE, YARA",28.81,2025-04-23 00:00:00,Tasty Thai Llc,Denver,CO,80203,"Food, Beverages and Meals",
House District 52,"ZOKAIE, YARA",240.0,2025-04-24 00:00:00,Jeanne Larson Day Care,Fort Collins,CO,80550,Other,
House District 52,"ZOKAIE, YARA",70.5,2025-04-28 00:00:00,Mailchimp,Atlanta,GA,30308,Advertising,
House District 52,"ZOKAIE, YARA",240.0,2025-05-01 00:00:00,Jeanne Larson Day Care,Fort Collins,CO,80550,Other,
House District 52,"ZOKAIE, YARA",27.71,2025-05-02 00:00:00,Great Wall Chinese Restaurant,Denver,CO,80203,"Food, Beverages and Meals",
House District 52,"ZOKAIE, YARA",2.0,2025-05-05 00:00:00,Firstbank - Bank Fee,Lakewood,CO,80215,Bank Fees,
House District 52,"ZOKAIE, YARA",63.43,2025-05-05 00:00:00,Champagne Tiger,Denver,CO,80203,"Food, Beverages and Meals",
House District 52,"ZOKAIE, YARA",240.0,2025-05-09 00:00:00,Jeanne Larson Day Care,Fort Collins,CO,80550,Other,
House District 52,"ZOKAIE, YARA",37.26,2025-05-12 00:00:00,"In-N-Out Burger, Loveland",Loveland,CO,80538,"Food, Beverages and Meals",
House District 52,"ZOKAIE, YARA",180.0,2025-05-16 00:00:00,Jeanne Larson Day Care,Fort Collins,CO,80550,Other,
House District 52,"ZOKAIE, YARA",240.0,2025-05-28 00:00:00,Jeanne Larson Day Care,Fort Collins,CO,80550,Other,
House District 52,"ZOKAIE, YARA",70.5,2025-05-28 00:00:00,Mailchimp,Atlanta,GA,30308,Advertising,
House District 52,"ZOKAIE, YARA",2.0,2025-06-04 00:00:00,Firstbank - Bank Fee,Lakewood,CO,80215,Bank Fees,
House District 52,"ZOKAIE, YARA",-1605.79,2024-06-28 00:00:00,Scale To Win,Santa Ana,CA,92703,Advertising,Offset Due To Deletion Of Filed Item
House District 52,"ZOKAIE, YARA",70.5,2025-06-30 00:00:00,Mailchimp,Atlanta,GA,30308,Advertising,
House District 52,"ZOKAIE, YARA",70.5,2024-09-30 00:00:00,Mailchimp,Atlanta,GA,30308,Advertising,
House District 52,"ZOKAIE, YARA",55.0,2024-10-03 00:00:00,Community Labor Admin Srvcs,Brooklyn,NY,11201,Advertising,
House District 52,"ZOKAIE, YARA",527.32,2024-10-03 00:00:00,Scale To Win,Santa Ana,CA,92703,Advertising,
House District 52,"ZOKAIE, YARA",45.0,2024-10-07 00:00:00,Jonah Salehi,Fort Collins,CO,80526,Consultant & Professional Services,
House District 52,"ZOKAIE, YARA",2.0,2024-10-07 00:00:00,Firstbank - Bank Fee,Lakewood,CO,80215,Bank Fees,
House District 52,"ZOKAIE, YARA",5000.0,2024-10-07 00:00:00,"Complete Digital, Llc",Washington,DC,20003,Advertising,
House District 52,"ZOKAIE, YARA",9666.0,2024-10-10 00:00:00,Black Opal Strat\C&D Print,Denver,CO,80229,Advertising,
House District 52,"ZOKAIE, YARA",40.0,2024-10-10 00:00:00,"Sanjay Chatnani, Graphics Consultant",Fort Collins,CO,80526,Consultant & Professional Services,
House District 52,"ZOKAIE, YARA",76.68,2024-10-13 00:00:00,Actblue,Somerville,MA,2144,Fundraising Expenses,
House District 52,"ZOKAIE, YARA",10.0,2024-10-16 00:00:00,Wire Transfer Fee,Lakewood,CO,80215,Bank Fees,
House District 52,"ZOKAIE, YARA",11.85,2024-10-20 00:00:00,Actblue,Somerville,MA,2144,Fundraising Expenses,
House District 52,"ZOKAIE, YARA",725.0,2024-10-23 00:00:00,Yara Leadership Fund,Fort Collins,CO,80528,Contributions,
House District 52,"ZOKAIE, YARA",179.89,2024-10-28 00:00:00,Noco Blue Llc,Fort Collins,C,80524,Consultant & Professional Services,
House District 52,"ZOKAIE, YARA",70.5,2024-10-28 00:00:00,Mailchimp,Atlanta,GA,30308,Advertising,
House District 52,"ZOKAIE, YARA",60.0,2024-10-28 00:00:00,Jonah Salehi,Fort Collins,CO,80526,Consultant & Professional Services,
House District 52,"ZOKAIE, YARA",819.22,2024-10-30 00:00:00,Scale To Win,Santa Ana,CA,92703,Advertising,
House District 52,"ZOKAIE, YARA",2000.0,2024-11-04 00:00:00,"Gregory Zoda, Consultant",Fort Collins,CO,80524,Consultant & Professional Services,
House District 52,"ZOKAIE, YARA",125.0,2024-11-04 00:00:00,Jonah Salehi,Fort Collins,CO,80526,Consultant & Professional Services,
House District 52,"ZOKAIE, YARA",2.0,2024-11-05 00:00:00,Firstbank - Bank Fee,Lakewood,CO,80215,Bank Fees,
House District 52,"ZOKAIE, YARA",1249.8,2024-11-07 00:00:00,Scale To Win,Santa Ana,CA,92703,Advertising,
House District 52,"ZOKAIE, YARA",250.0,2024-11-07 00:00:00,Co Secretary Of State,Denver,CO,80290,Other,
House District 52,"ZOKAIE, YARA",800.0,2024-11-12 00:00:00,Designed For Democracy Consulting,Loveland,CO,80538,Consultant & Professional Services,
House District 52,"ZOKAIE, YARA",70.5,2024-11-29 00:00:00,Mailchimp,Atlanta,GA,30308,Advertising,
House District 52,"ZOKAIE, YARA",771.96,2024-12-04 00:00:00,Scale To Win,Santa Ana,CA,92703,Advertising,
House District 52,"ZOKAIE, YARA",2.0,2024-12-04 00:00:00,Firstbank - Bank Fee,Lakewood,CO,80215,Bank Fees,
House District 52,"ZOKAIE, YARA",1000.0,2024-12-05 00:00:00,"Michael Stolz, Consultant",Fort Collins,CO,80526,Consultant & Professional Services,
House District 52,"ZOKAIE, YARA",486.08,2024-12-19 00:00:00,Amer Furn Warehouse,Thornton,CO,80229,Office Equipment & Supplies,
House District 52,"ZOKAIE, YARA",70.5,2024-12-30 00:00:00,Mailchimp,Atlanta,GA,30308,Advertising,
House District 53,"BOESENECKER, ANDREW",27.14,2025-01-02 00:00:00,Mailchimp,Atlanta,GA,30308,Office Equipment & Supplies,
House District 53,"BOESENECKER, ANDREW",25.55,2025-01-09 00:00:00,E470,Aurora,CO,80018,Travel & Lodging,
House District 53,"BOESENECKER, ANDREW",1.98,2025-01-12 00:00:00,Actblue Technical Services,Somerville,MA,02144,Bank Fees,
House District 53,"BOESENECKER, ANDREW",25.8,2025-01-13 00:00:00,E470,Aurora,CO,80018,Travel & Lodging,
House District 53,"BOESENECKER, ANDREW",161.28,2025-01-14 00:00:00,Amazon,Seattle,WA,98109,Office Equipment & Supplies,Printer For Office
House District 53,"BOESENECKER, ANDREW",29.45,2025-01-14 00:00:00,Amazon,Seattle,WA,98109,Office Equipment & Supplies,Office Supplies
House District 53,"BOESENECKER, ANDREW",11.35,2025-01-14 00:00:00,Civitech,San Antonio,TX,78258,Telephone,Texting
House District 53,"BOESENECKER, ANDREW",53.05,2025-01-14 00:00:00,Safeway,Fort Collins,CO,80526,Travel & Lodging,
House District 53,"BOESENECKER, ANDREW",2.08,2025-01-15 00:00:00,Google,Mountain View,CA,94043,Office Equipment & Supplies,
House District 53,"BOESENECKER, ANDREW",31.2,2025-01-16 00:00:00,E470,Aurora,CO,80018,Travel & Lodging,
House District 53,"BOESENECKER, ANDREW",28.35,2025-01-17 00:00:00,E470,Aurora,CO,80018,Travel & Lodging,
House District 53,"BOESENECKER, ANDREW",38.3,2025-01-21 00:00:00,E470,Aurora,CO,80018,Travel & Lodging,
House District 53,"BOESENECKER, ANDREW",52.76,2025-01-21 00:00:00,Safeway,Fort Collins,CO,80526,Travel & Lodging,Gas
House District 53,"BOESENECKER, ANDREW",20.86,2025-01-22 00:00:00,Adobe,San Jose,CO,95110,Office Equipment & Supplies,
House District 53,"BOESENECKER, ANDREW",27.45,2025-01-22 00:00:00,E470,Aurora,CO,80018,Travel & Lodging,
House District 53,"BOESENECKER, ANDREW",150.48,2025-01-23 00:00:00,Donn Bruns Llc,Arvada,CO,80005,Other,Official House Portrait
House District 53,"BOESENECKER, ANDREW",29.75,2025-01-23 00:00:00,E470,Aurora,CO,80018,Travel & Lodging,
House District 53,"BOESENECKER, ANDREW",49.96,2025-01-24 00:00:00,Safeway,Fort Collins,CO,80526,Travel & Lodging,
House District 53,"BOESENECKER, ANDREW",7.39,2025-01-27 00:00:00,Dazbog Coffee,Fort Collins,CO,80525,"Food, Beverages and Meals",Constituent Meeting
House District 53,"BOESENECKER, ANDREW",39.05,2025-01-27 00:00:00,E470,Aurora,CO,80018,Travel & Lodging,
House District 53,"BOESENECKER, ANDREW",25.75,2025-01-28 00:00:00,E470,Aurora,CO,80018,Travel & Lodging,
House District 53,"BOESENECKER, ANDREW",33.54,2025-01-28 00:00:00,Safeway,Fort Collins,CO,80526,Travel & Lodging,Gas
House District 53,"BOESENECKER, ANDREW",28.15,2025-01-30 00:00:00,E470,Aurora,CO,80018,Travel & Lodging,
House District 53,"BOESENECKER, ANDREW",34.15,2025-01-31 00:00:00,E470,Aurora,CO,80018,Travel & Lodging,
House District 53,"BOESENECKER, ANDREW",2.0,2025-01-31 00:00:00,1St Bank,Lakewood,CO,80215,Bank Fees,
House District 53,"BOESENECKER, ANDREW",17.28,2025-01-31 00:00:00,Zoom Video Communications Inc.,San Jose,CA,95113,Office Equipment & Supplies,
House District 53,"BOESENECKER, ANDREW",27.65,2025-02-03 00:00:00,E470,Aurora,CO,80018,Travel & Lodging,
House District 53,"BOESENECKER, ANDREW",27.14,2025-02-03 00:00:00,Mailchimp,Atlanta,GA,30308,Office Equipment & Supplies,
House District 53,"BOESENECKER, ANDREW",3875.0,2025-02-04 00:00:00,Colorado Democratic Party,Denver,CO,80203,Other,Contribution For The Current Campaign Cycle
House District 53,"BOESENECKER, ANDREW",32.89,2025-02-04 00:00:00,Safeway,Fort Collins,CO,80526,Travel & Lodging,
House District 53,"BOESENECKER, ANDREW",31.65,2025-02-05 00:00:00,E470,Aurora,CO,80018,Travel & Lodging,
House District 53,"BOESENECKER, ANDREW",33.5,2025-02-06 00:00:00,E470,Aurora,CO,80018,Travel & Lodging,
House District 53,"BOESENECKER, ANDREW",1.98,2025-02-09 00:00:00,Actblue Technical Services,Somerville,MA,02144,Bank Fees,
House District 53,"BOESENECKER, ANDREW",55.55,2025-02-10 00:00:00,E470,Aurora,CO,80018,Travel & Lodging,
House District 53,"BOESENECKER, ANDREW",52.31,2025-02-10 00:00:00,Safeway,Fort Collins,CO,80526,Travel & Lodging,
House District 53,"BOESENECKER, ANDREW",30.6,2025-02-12 00:00:00,E470,Aurora,CO,80018,Travel & Lodging,
House District 53,"BOESENECKER, ANDREW",25.8,2025-02-18 00:00:00,E470,Aurora,CO,80018,Travel & Lodging,
House District 53,"BOESENECKER, ANDREW",2.08,2025-02-18 00:00:00,Google,Mountain View,CA,94043,Office Equipment & Supplies,
House District 53,"BOESENECKER, ANDREW",30.15,2025-02-20 00:00:00,E470,Aurora,CO,80018,Travel & Lodging,
House District 53,"BOESENECKER, ANDREW",64.1,2025-02-21 00:00:00,E470,Aurora,CO,80018,Travel & Lodging,
House District 53,"BOESENECKER, ANDREW",55.87,2025-02-21 00:00:00,Safeway,Fort Collins,CO,80526,Travel & Lodging,Gas
House District 53,"BOESENECKER, ANDREW",20.86,2025-02-24 00:00:00,Adobe,San Jose,CO,95110,Office Equipment & Supplies,
House District 53,"BOESENECKER, ANDREW",27.85,2025-02-24 00:00:00,E470,Aurora,CO,80018,Travel & Lodging,
House District 53,"BOESENECKER, ANDREW",33.4,2025-02-27 00:00:00,E470,Aurora,CO,80018,Travel & Lodging,
House District 53,"BOESENECKER, ANDREW",31.85,2025-02-28 00:00:00,E470,Aurora,CO,80018,Travel & Lodging,
House District 53,"BOESENECKER, ANDREW",2.0,2025-02-28 00:00:00,1St Bank,Lakewood,CO,80215,Bank Fees,
House District 53,"BOESENECKER, ANDREW",26.45,2025-03-03 00:00:00,E470,Aurora,CO,80018,Travel & Lodging,
House District 53,"BOESENECKER, ANDREW",27.14,2025-03-03 00:00:00,Mailchimp,Atlanta,GA,30308,Office Equipment & Supplies,
House District 53,"BOESENECKER, ANDREW",17.28,2025-03-03 00:00:00,Zoom Video Communications Inc.,San Jose,CA,95113,Office Equipment & Supplies,
House District 53,"BOESENECKER, ANDREW",58.87,2025-03-04 00:00:00,Conoco,Longmont,CO,80504,Travel & Lodging,Gas
House District 53,"BOESENECKER, ANDREW",31.85,2025-03-06 00:00:00,E470,Aurora,CO,80018,Travel & Lodging,
House District 53,"BOESENECKER, ANDREW",1.98,2025-03-09 00:00:00,Actblue Technical Services,Somerville,MA,02144,Bank Fees,
House District 53,"BOESENECKER, ANDREW",27.35,2025-03-10 00:00:00,E470,Aurora,CO,80018,Travel & Lodging,
House District 53,"BOESENECKER, ANDREW",58.7,2025-03-11 00:00:00,Safeway,Fort Collins,CO,80526,Travel & Lodging,
House District 53,"BOESENECKER, ANDREW",59.87,2025-03-12 00:00:00,Conoco,Longmont,CO,80504,Travel & Lodging,Gas
House District 53,"BOESENECKER, ANDREW",126.51,2025-03-12 00:00:00,Warwick Hotel,Denver,CO,80203,Travel & Lodging,Lodging During Legislative Session
House District 53,"BOESENECKER, ANDREW",27.9,2025-03-13 00:00:00,E470,Aurora,CO,80018,Travel & Lodging,
House District 53,"BOESENECKER, ANDREW",38.85,2025-03-17 00:00:00,E470,Aurora,CO,80018,Travel & Lodging,
House District 53,"BOESENECKER, ANDREW",2.08,2025-03-17 00:00:00,Google,Mountain View,CA,94043,Office Equipment & Supplies,
House District 53,"BOESENECKER, ANDREW",43.1,2025-03-19 00:00:00,E470,Aurora,CO,80018,Travel & Lodging,
House District 53,"BOESENECKER, ANDREW",62.9,2025-03-20 00:00:00,E470,Aurora,CO,80018,Travel & Lodging,
House District 53,"BOESENECKER, ANDREW",32.3,2025-03-21 00:00:00,E470,Aurora,CO,80018,Travel & Lodging,
House District 53,"BOESENECKER, ANDREW",28.15,2025-03-24 00:00:00,E470,Aurora,CO,80018,Travel & Lodging,
House District 53,"BOESENECKER, ANDREW",51.07,2025-03-24 00:00:00,Safeway,Fort Collins,CO,80526,Travel & Lodging,
House District 53,"BOESENECKER, ANDREW",20.86,2025-03-24 00:00:00,Adobe,San Jose,CO,95110,Office Equipment & Supplies,
House District 53,"BOESENECKER, ANDREW",32.05,2025-03-26 00:00:00,E470,Aurora,CO,80018,Travel & Lodging,
House District 53,"BOESENECKER, ANDREW",60.0,2025-03-28 00:00:00,E470,Aurora,CO,80018,Travel & Lodging,
House District 53,"BOESENECKER, ANDREW",50.34,2025-03-28 00:00:00,Safeway,Fort Collins,CO,80526,Travel & Lodging,Gas
House District 53,"BOESENECKER, ANDREW",25.7,2025-03-31 00:00:00,E470,Aurora,CO,80018,Travel & Lodging,
House District 53,"BOESENECKER, ANDREW",2.0,2025-03-31 00:00:00,1St Bank,Lakewood,CO,80215,Bank Fees,
House District 53,"BOESENECKER, ANDREW",17.28,2025-03-31 00:00:00,Safeway,Fort Collins,CO,80526,Office Equipment & Supplies,
House District 53,"BOESENECKER, ANDREW",27.14,2025-04-02 00:00:00,Mailchimp,Atlanta,GA,30308,Office Equipment & Supplies,
House District 53,"BOESENECKER, ANDREW",33.3,2025-04-02 00:00:00,E470,Aurora,CO,80018,Travel & Lodging,
House District 53,"BOESENECKER, ANDREW",38.7,2025-04-04 00:00:00,E470,Aurora,CO,80018,Travel & Lodging,
House District 53,"BOESENECKER, ANDREW",57.63,2025-04-07 00:00:00,Everyday Store,Fort Collins,CO,80521,Travel & Lodging,Gas
House District 53,"BOESENECKER, ANDREW",41.9,2025-04-07 00:00:00,E470,Aurora,CO,80018,Travel & Lodging,
House District 53,"BOESENECKER, ANDREW",33.7,2025-04-08 00:00:00,E470,Aurora,CO,80018,Travel & Lodging,
House District 53,"BOESENECKER, ANDREW",46.0,2025-04-10 00:00:00,E470,Aurora,CO,80018,Travel & Lodging,
House District 53,"BOESENECKER, ANDREW",58.48,2025-04-10 00:00:00,Safeway,Fort Collins,CO,80526,Travel & Lodging,Gas
House District 53,"BOESENECKER, ANDREW",1.98,2025-04-13 00:00:00,Actblue Technical Services,Somerville,MA,02144,Bank Fees,
House District 53,"BOESENECKER, ANDREW",467.63,2025-04-14 00:00:00,Warwick Hotel,Denver,CO,80203,Travel & Lodging,
House District 53,"BOESENECKER, ANDREW",46.55,2025-04-14 00:00:00,E470,Aurora,CO,80018,Travel & Lodging,
House District 53,"BOESENECKER, ANDREW",2.08,2025-04-15 00:00:00,Google,Mountain View,CA,94043,Office Equipment & Supplies,
House District 53,"BOESENECKER, ANDREW",25.8,2025-04-17 00:00:00,E470,Aurora,CO,80018,Travel & Lodging,
House District 53,"BOESENECKER, ANDREW",65.38,2025-04-17 00:00:00,Conoco,Longmont,CO,80504,Travel & Lodging,Gas
House District 53,"BOESENECKER, ANDREW",27.15,2025-04-21 00:00:00,E470,Aurora,CO,80018,Travel & Lodging,
House District 53,"BOESENECKER, ANDREW",20.86,2025-04-24 00:00:00,Adobe,San Jose,CO,95110,Office Equipment & Supplies,
House District 53,"BOESENECKER, ANDREW",29.5,2025-04-24 00:00:00,E470,Aurora,CO,80018,Travel & Lodging,
House District 53,"BOESENECKER, ANDREW",49.5,2025-04-24 00:00:00,Safeway,Fort Collins,CO,80526,Travel & Lodging,Gas
House District 53,"BOESENECKER, ANDREW",20.7,2025-04-25 00:00:00,E470,Aurora,CO,80018,Travel & Lodging,
House District 53,"BOESENECKER, ANDREW",2.0,2025-04-30 00:00:00,1St Bank,Lakewood,CO,80215,Bank Fees,
House District 53,"BOESENECKER, ANDREW",41.4,2025-04-30 00:00:00,E470,Aurora,CO,80018,Travel & Lodging,
House District 53,"BOESENECKER, ANDREW",58.35,2025-04-30 00:00:00,Safeway,Fort Collins,CO,80526,Travel & Lodging,Gas
House District 53,"BOESENECKER, ANDREW",17.28,2025-05-01 00:00:00,Zoom Video Communications Inc.,San Jose,CA,95113,Office Equipment & Supplies,
House District 53,"BOESENECKER, ANDREW",27.14,2025-05-02 00:00:00,Mailchimp,Atlanta,GA,30308,Office Equipment & Supplies,
House District 53,"BOESENECKER, ANDREW",28.9,2025-05-02 00:00:00,E470,Aurora,CO,80018,Travel & Lodging,
House District 53,"BOESENECKER, ANDREW",54.05,2025-05-05 00:00:00,E470,Aurora,CO,80018,Travel & Lodging,
House District 53,"BOESENECKER, ANDREW",53.86,2025-05-05 00:00:00,Safeway,Fort Collins,CO,80526,Travel & Lodging,Gas
House District 53,"BOESENECKER, ANDREW",34.95,2025-05-06 00:00:00,E470,Aurora,CO,80018,Travel & Lodging,
House District 53,"BOESENECKER, ANDREW",61.45,2025-05-08 00:00:00,E470,Aurora,CO,80018,Travel & Lodging,
House District 53,"BOESENECKER, ANDREW",198.83,2025-05-09 00:00:00,Warwick Hotel,Denver,CO,80203,Travel & Lodging,
House District 53,"BOESENECKER, ANDREW",56.2,2025-05-12 00:00:00,E470,Aurora,CO,80018,Travel & Lodging,
House District 53,"BOESENECKER, ANDREW",2.08,2025-05-15 00:00:00,Google,Mountain View,CA,94043,Office Equipment & Supplies,
House District 53,"BOESENECKER, ANDREW",26.7,2025-05-20 00:00:00,E470,Aurora,CO,80018,Travel & Lodging,
House District 53,"BOESENECKER, ANDREW",20.86,2025-05-22 00:00:00,Adobe,San Jose,CO,95110,Office Equipment & Supplies,
House District 53,"BOESENECKER, ANDREW",2.0,2025-05-30 00:00:00,1St Bank,Lakewood,CO,80215,Bank Fees,
House District 53,"BOESENECKER, ANDREW",27.14,2025-06-02 00:00:00,Mailchimp,Atlanta,GA,30308,Office Equipment & Supplies,
House District 53,"BOESENECKER, ANDREW",17.28,2025-06-02 00:00:00,Zoom Video Communications Inc.,San Jose,CA,95113,Office Equipment & Supplies,
House District 53,"BOESENECKER, ANDREW",2.08,2025-06-16 00:00:00,Google,Mountain View,CA,94043,Office Equipment & Supplies,
House District 53,"BOESENECKER, ANDREW",31.0,2025-06-20 00:00:00,E470,Aurora,CO,80018,Travel & Lodging,
House District 53,"BOESENECKER, ANDREW",20.86,2025-06-23 00:00:00,Adobe,San Jose,CO,95110,Office Equipment & Supplies,
House District 53,"BOESENECKER, ANDREW",2.0,2025-06-30 00:00:00,1St Bank,Lakewood,CO,80215,Bank Fees,
House District 53,"BOESENECKER, ANDREW",18.36,2025-07-01 00:00:00,Zoom Video Communications Inc.,San Jose,CA,95113,Office Equipment & Supplies,
House District 53,"BOESENECKER, ANDREW",27.14,2025-07-02 00:00:00,Mailchimp,Atlanta,GA,30308,Office Equipment & Supplies,
House District 53,"BOESENECKER, ANDREW",2.08,2025-07-15 00:00:00,Google,Mountain View,CA,94043,Office Equipment & Supplies,
House District 53,"BOESENECKER, ANDREW",20.86,2025-07-21 00:00:00,Adobe,San Jose,CO,95110,Office Equipment & Supplies,
House District 53,"BOESENECKER, ANDREW",2.0,2025-07-31 00:00:00,1St Bank,Lakewood,CO,80215,Bank Fees,
House District 53,"BOESENECKER, ANDREW",26.0,2025-07-31 00:00:00,E470,Aurora,CO,80018,Travel & Lodging,
House District 53,"BOESENECKER, ANDREW",18.36,2025-07-31 00:00:00,Zoom Video Communications Inc.,San Jose,CA,95113,Office Equipment & Supplies,
House District 53,"BOESENECKER, ANDREW",27.14,2025-08-04 00:00:00,Mailchimp,Atlanta,GA,30308,Office Equipment & Supplies,
House District 53,"BOESENECKER, ANDREW",33.2,2025-08-05 00:00:00,E470,Aurora,CO,80018,Travel & Lodging,
House District 53,"BOESENECKER, ANDREW",27.55,2025-08-15 00:00:00,E470,Aurora,CO,80018,Travel & Lodging,
House District 53,"BOESENECKER, ANDREW",2.08,2025-08-15 00:00:00,Google,Mountain View,CA,94043,Office Equipment & Supplies,
House District 53,"BOESENECKER, ANDREW",0.99,2025-08-17 00:00:00,Actblue Technical Services,Somerville,MA,02144,Bank Fees,
House District 53,"BOESENECKER, ANDREW",20.86,2025-08-22 00:00:00,Adobe,San Jose,CO,95110,Office Equipment & Supplies,
House District 53,"BOESENECKER, ANDREW",27.5,2025-08-25 00:00:00,E470,Aurora,CO,80018,Travel & Lodging,
House District 53,"BOESENECKER, ANDREW",2.0,2025-08-29 00:00:00,1St Bank,Lakewood,CO,80215,Advertising,
House District 53,"BOESENECKER, ANDREW",120.0,2025-08-29 00:00:00,Calendly,Avondale Estates,GA,300002,Office Equipment & Supplies,
House District 53,"BOESENECKER, ANDREW",36.05,2025-09-02 00:00:00,E470,Aurora,CO,80018,Travel & Lodging,
House District 53,"BOESENECKER, ANDREW",27.14,2025-09-02 00:00:00,Mailchimp,Atlanta,GA,30308,Office Equipment & Supplies,
House District 53,"BOESENECKER, ANDREW",18.36,2025-09-02 00:00:00,Zoom Video Communications Inc.,San Jose,CA,95113,Office Equipment & Supplies,
House District 53,"BOESENECKER, ANDREW",5.93,2025-09-14 00:00:00,Actblue Technical Services,Somerville,MA,02144,Bank Fees,
House District 53,"BOESENECKER, ANDREW",2.08,2025-09-15 00:00:00,Google,Mountain View,CA,94043,Office Equipment & Supplies,
House District 53,"BOESENECKER, ANDREW",586.31,2025-09-18 00:00:00,Andrew  Boesenecker,Fort Collins,CO,80526,Travel & Lodging,Reimbursement For Travel And Lodging Expenses
House District 53,"BOESENECKER, ANDREW",35.0,2025-09-18 00:00:00,Chair 20 Parking,Vail,CO,81657,Travel & Lodging,Parking
House District 53,"BOESENECKER, ANDREW",82.76,2025-09-18 00:00:00,Austins American Grill,Fort Collins,CO,80524,"Food, Beverages and Meals",
House District 53,"BOESENECKER, ANDREW",33.6,2025-09-18 00:00:00,E470,Aurora,CO,80018,Travel & Lodging,
House District 53,"BOESENECKER, ANDREW",50.27,2025-09-19 00:00:00,Safeway,Fort Collins,CO,80526,Travel & Lodging,Gas
House District 53,"BOESENECKER, ANDREW",20.86,2025-09-22 00:00:00,Adobe,San Jose,CO,95110,Office Equipment & Supplies,
House District 53,"BOESENECKER, ANDREW",28.3,2025-09-22 00:00:00,E470,Aurora,CO,80018,Travel & Lodging,
House District 53,"BOESENECKER, ANDREW",1.98,2025-09-28 00:00:00,Actblue Technical Services,Somerville,MA,02144,Bank Fees,
House District 53,"BOESENECKER, ANDREW",6.08,2025-09-30 00:00:00,The Neighbor Fort Collins,Fort Collins,CO,80526,"Food, Beverages and Meals",
House District 53,"BOESENECKER, ANDREW",7.42,2025-09-30 00:00:00,Cups Community Coffee,Fort Collins,CO,80521,"Food, Beverages and Meals",
House District 53,"BOESENECKER, ANDREW",2.0,2025-09-30 00:00:00,1St Bank,Lakewood,CO,80215,Bank Fees,
House District 53,"BOESENECKER, ANDREW",-27.14,2024-12-02 00:00:00,Mailchimp,Atlanta,GA,30308,Office Equipment & Supplies,Offset Due To Update Of Filed Item
House District 53,"BOESENECKER, ANDREW",20500.0,2024-12-06 00:00:00,Andrew For Colorado,Redacted By Sos,CO,99999,Other,Retained Contributions From 2024 Cycle To Be Reported As Political Party Contributions In The 2026 Cycle (Rule 2.2.4 (B)).
House District 53,"BOESENECKER, ANDREW",514.02,2024-12-06 00:00:00,Andrew For Colorado,Redacted By Sos,CO,99999,Other,Retained Contributions From 2024 Cycle In Excess Of The Political Party Contribution Limit To Be Used As Unexpended Funds In The 2026 Cycle (Rule 2.2.4 (B)(3)).
House District 53,"BOESENECKER, ANDREW",1.98,2024-12-08 00:00:00,Actblue Technical Services,Somerville,MA,02144,Bank Fees,
House District 53,"BOESENECKER, ANDREW",11.74,2024-12-16 00:00:00,Cups Community Coffee,Fort Collins,CO,80521,"Food, Beverages and Meals",Constituent Meeting
House District 53,"BOESENECKER, ANDREW",2.08,2024-12-16 00:00:00,Google,Mountain View,CA,94043,Office Equipment & Supplies,
House District 53,"BOESENECKER, ANDREW",141.69,2024-12-23 00:00:00,Uhaul,Fort Collins,CO,80525,Other,Moving Van Rental For Moving Into Office
House District 53,"BOESENECKER, ANDREW",20.86,2024-12-23 00:00:00,Adobe,San Jose,CO,95110,Office Equipment & Supplies,
House District 53,"BOESENECKER, ANDREW",33.16,2024-12-23 00:00:00,Safeway,Fort Collins,CO,80526,Travel & Lodging,Gas
House District 53,"BOESENECKER, ANDREW",540.0,2024-12-24 00:00:00,Grammarly,San Francisco,CA,94104,Office Equipment & Supplies,
House District 53,"BOESENECKER, ANDREW",2.0,2024-12-31 00:00:00,1St Bank,Lakewood,CO,80215,Bank Fees,
House District 53,"BOESENECKER, ANDREW",17.28,2024-12-31 00:00:00,Zoom Video Communications Inc.,San Jose,CA,95113,Office Equipment & Supplies,
House District 53,"BOESENECKER, ANDREW",18.36,2025-10-01 00:00:00,Zoom Video Communications Inc.,San Jose,CA,95113,Office Equipment & Supplies,
House District 53,"BOESENECKER, ANDREW",27.14,2025-10-02 00:00:00,Mailchimp,Atlanta,GA,30308,Office Equipment & Supplies,
House District 53,"BOESENECKER, ANDREW",4.0,2025-10-06 00:00:00,Pay By Phone,Denver,CO,80204,Travel & Lodging,
House District 53,"BOESENECKER, ANDREW",26.05,2025-10-14 00:00:00,E470,Aurora,CO,80018,Travel & Lodging,
House District 53,"BOESENECKER, ANDREW",36.0,2025-10-14 00:00:00,Wix,Los Angeles,CA,90028,Office Equipment & Supplies,
House District 53,"BOESENECKER, ANDREW",2.08,2025-10-15 00:00:00,Google,Mountain View,CA,94043,Office Equipment & Supplies,
House District 53,"BOESENECKER, ANDREW",35.62,2025-10-17 00:00:00,Safeway,Fort Collins,CO,80526,Travel & Lodging,
House District 53,"BOESENECKER, ANDREW",20.86,2025-10-22 00:00:00,Adobe,San Jose,CO,95110,Office Equipment & Supplies,
House District 53,"BOESENECKER, ANDREW",31.9,2025-10-23 00:00:00,E470,Aurora,CO,80018,Travel & Lodging,
House District 53,"BOESENECKER, ANDREW",7.9,2025-10-26 00:00:00,Actblue Technical Services,Somerville,MA,02144,Bank Fees,
House District 53,"BOESENECKER, ANDREW",468.0,2025-10-27 00:00:00,Wix,Los Angeles,CA,90028,Miscellaneous,
House District 53,"BOESENECKER, ANDREW",6.05,2025-10-27 00:00:00,The Crooked Cup,Fort Collins,CO,80524,"Food, Beverages and Meals",
House District 53,"BOESENECKER, ANDREW",10.13,2025-10-27 00:00:00,The Crooked Cup,Fort Collins,CO,80524,"Food, Beverages and Meals",
House District 53,"BOESENECKER, ANDREW",50.9,2025-10-28 00:00:00,Safeway,Fort Collins,CO,80526,Travel & Lodging,
House District 53,"BOESENECKER, ANDREW",84.0,2025-10-30 00:00:00,Wix,Los Angeles,CA,90028,Office Equipment & Supplies,
House District 53,"BOESENECKER, ANDREW",239.98,2025-10-30 00:00:00,Trello,Ny,NY,10006,Office Equipment & Supplies,
House District 53,"BOESENECKER, ANDREW",2.0,2025-10-31 00:00:00,1St Bank,Lakewood,CO,80215,Bank Fees,
House District 53,"BOESENECKER, ANDREW",18.36,2025-10-31 00:00:00,Zoom Video Communications Inc.,San Jose,CA,95113,Office Equipment & Supplies,
House District 53,"BOESENECKER, ANDREW",33.4,2025-11-03 00:00:00,E470,Aurora,CO,80018,Travel & Lodging,
House District 53,"BOESENECKER, ANDREW",27.14,2025-11-03 00:00:00,Mailchimp,Atlanta,GA,30308,Office Equipment & Supplies,
House District 53,"BOESENECKER, ANDREW",48.0,2025-11-04 00:00:00,Mailchimp,Atlanta,GA,30308,Office Equipment & Supplies,
House District 53,"BOESENECKER, ANDREW",8.89,2025-11-09 00:00:00,Actblue Technical Services,Somerville,MA,02144,Bank Fees,
House District 53,"BOESENECKER, ANDREW",28.45,2025-11-10 00:00:00,E470,Aurora,CO,80018,Travel & Lodging,
House District 53,"BOESENECKER, ANDREW",261.17,2025-11-10 00:00:00,The Elizabeth Hotel,Fort Collins,CO,80524,Travel & Lodging,
House District 53,"BOESENECKER, ANDREW",57.5,2025-11-13 00:00:00,Safeway,Fort Collins,CO,80526,Travel & Lodging,
House District 53,"BOESENECKER, ANDREW",2.08,2025-11-14 00:00:00,Google,Mountain View,CA,94043,Office Equipment & Supplies,
House District 53,"BOESENECKER, ANDREW",3.95,2025-11-16 00:00:00,Actblue Technical Services,Somerville,MA,02144,Bank Fees,
House District 53,"BOESENECKER, ANDREW",27.9,2025-11-17 00:00:00,E470,Aurora,CO,80018,Telephone,
House District 53,"BOESENECKER, ANDREW",3.95,2025-11-23 00:00:00,Actblue Technical Services,Somerville,MA,02144,Bank Fees,
House District 53,"BOESENECKER, ANDREW",20.86,2025-11-24 00:00:00,Adobe,San Jose,CO,95110,Office Equipment & Supplies,
House District 53,"BOESENECKER, ANDREW",192.83,2025-11-24 00:00:00,Amazon,Seattle,WA,98109,Office Equipment & Supplies,
House District 53,"BOESENECKER, ANDREW",6.35,2025-11-28 00:00:00,Pay By Phone,Denver,CO,80204,Travel & Lodging,
House District 53,"BOESENECKER, ANDREW",2.0,2025-11-30 00:00:00,1St Bank,Lakewood,CO,80215,Bank Fees,
House District 53,"BOESENECKER, ANDREW",62.61,2025-12-02 00:00:00,Mailchimp,Atlanta,GA,30308,Office Equipment & Supplies,
House District 53,"BOESENECKER, ANDREW",200.0,2025-12-04 00:00:00,Esaias  Sanchez,Greeley,CO,80634,Consultant & Professional Services,
House District 53,"BOESENECKER, ANDREW",14.0,2025-12-05 00:00:00,Laz Parking,Denver,CO,80202,Travel & Lodging,
House District 53,"BOESENECKER, ANDREW",5.67,2025-12-05 00:00:00,Blue Sparrow Coffeee,Denver,CO,80206,"Food, Beverages and Meals",
House District 53,"BOESENECKER, ANDREW",26.05,2025-12-08 00:00:00,E470,Aurora,CO,80018,Travel & Lodging,
House District 53,"BOESENECKER, ANDREW",41.26,2025-12-08 00:00:00,Buc-Ee'S,Berthoud,CO,80213,Travel & Lodging,
House District 53,"BOESENECKER, ANDREW",10.45,2025-12-10 00:00:00,Cuppyís Coffee And Smoothies Of Fort Collins,Fort Collins,CO,80526,"Food, Beverages and Meals",
House District 53,"BOESENECKER, ANDREW",18.0,2025-12-12 00:00:00,Parkwell,Denver,CO,80206,Travel & Lodging,
House District 53,"BOESENECKER, ANDREW",5.67,2025-12-12 00:00:00,Blue Sparrow Coffeee,Denver,CO,80206,"Food, Beverages and Meals",
House District 53,"BOESENECKER, ANDREW",27.05,2025-12-15 00:00:00,E470,Aurora,CO,80018,Telephone,
House District 53,"BOESENECKER, ANDREW",2.08,2025-12-15 00:00:00,Google,Mountain View,CA,94043,Office Equipment & Supplies,
House District 53,"BOESENECKER, ANDREW",11.97,2025-12-15 00:00:00,Blue Sparrow Coffeee,Denver,CO,80206,"Food, Beverages and Meals",
House District 53,"BOESENECKER, ANDREW",9.79,2025-12-16 00:00:00,Cups Community Coffee,Fort Collins,CO,80521,"Food, Beverages and Meals",
House District 53,"BOESENECKER, ANDREW",4.89,2025-12-18 00:00:00,Cups Community Coffee,Fort Collins,CO,80521,"Food, Beverages and Meals",
House District 53,"BOESENECKER, ANDREW",6.08,2025-12-18 00:00:00,The Neighbor Fort Collins,Fort Collins,CO,80526,"Food, Beverages and Meals",
House District 53,"BOESENECKER, ANDREW",20.86,2025-12-22 00:00:00,Adobe,San Jose,CO,95110,Office Equipment & Supplies,
House District 53,"BOESENECKER, ANDREW",250.0,2025-12-23 00:00:00,Esaias  Sanchez,Greeley,CO,80634,Consultant & Professional Services,
House District 53,"BOESENECKER, ANDREW",540.0,2025-12-24 00:00:00,Grammarly,San Francisco,CA,94104,Office Equipment & Supplies,
House District 53,"BOESENECKER, ANDREW",48.16,2025-12-26 00:00:00,Safeway,Fort Collins,CO,80526,Travel & Lodging,
House District 53,"BOESENECKER, ANDREW",2.0,2025-12-31 00:00:00,1St Bank,Lakewood,CO,80215,Bank Fees,
House District 53,"FRICK, DANIEL",,,,,,,,
House District 53,"WALTER, DONNA",,,,,,,,
House District 54,"ANDERSON, NINA",93.11,2025-02-26 00:00:00,Vista Print,Lexington,MA,02421,Fundraising Expenses,
House District 54,"ANDERSON, NINA",1.03,2025-02-26 00:00:00,,,,,Bank Fees,Winred Fee
House District 54,"ANDERSON, NINA",65.59,2025-02-27 00:00:00,Vista Print,Lexington,MA,02421,Fundraising Expenses,
House District 54,"ANDERSON, NINA",493.49,2025-02-28 00:00:00,Super Cheap Signs,Cedar Park,TX,78613,Fundraising Expenses,
House District 54,"ANDERSON, NINA",156.0,2025-03-03 00:00:00,Morewithprint,Syracuse,NY,13211,Office Equipment & Supplies,
House District 54,"ANDERSON, NINA",74.0,2025-03-16 00:00:00,Anita Hix,Palisade,CO,81526,Fundraising Expenses,
House District 54,"ANDERSON, NINA",5.45,2025-03-17 00:00:00,Stop N Save,Clifton,CO,81520,Fundraising Expenses,
House District 54,"ANDERSON, NINA",2.05,2025-03-18 00:00:00,,,,,Bank Fees,Winred Payout Fee
House District 54,"ANDERSON, NINA",1000.0,2025-03-21 00:00:00,Colorado Local Politics,Grand Junction,CO,81507,Office Equipment & Supplies,
House District 54,"ANDERSON, NINA",150.0,2025-03-22 00:00:00,"Mesa County Republican Women, Inc.",Grand Junction,CO,81501,"Food, Beverages and Meals",
House District 54,"ANDERSON, NINA",15.54,2025-03-25 00:00:00,Family Dollar,Grand Junction,CO,81505,Fundraising Expenses,
House District 54,"ANDERSON, NINA",13.58,2025-03-25 00:00:00,The Trophy Case,Grand Junction,CO,81501,Office Equipment & Supplies,
House District 54,"ANDERSON, NINA",1.03,2025-03-26 00:00:00,,,,,Bank Fees,Winred Bank Fee
House District 54,"ANDERSON, NINA",20.0,2025-03-27 00:00:00,,,,,Travel & Lodging,Denver Parking
House District 54,"ANDERSON, NINA",20.0,2025-03-28 00:00:00,,,,,Travel & Lodging,Denver Parking
House District 54,"ANDERSON, NINA",14.6,2025-03-31 00:00:00,Usps,Grand Junction,CO,81504,Office Equipment & Supplies,
House District 54,"ANDERSON, NINA",2.05,2025-04-01 00:00:00,,,,,Bank Fees,Winred Payout Fee
House District 54,"ANDERSON, NINA",1.03,2025-04-28 00:00:00,,,,,Bank Fees,Winred Fee
House District 54,"ANDERSON, NINA",1.03,2025-05-29 00:00:00,,,,,Bank Fees,Winred Fee
House District 54,"ANDERSON, NINA",1.03,2025-06-26 00:00:00,,,,,Bank Fees,Winred Fee
House District 54,"ANDERSON, NINA",585.97,2025-06-27 00:00:00,Nina  Anderson,Grand Junction,CO,81504,Travel & Lodging,585.97 Miles
House District 54,"ANDERSON, NINA",30.0,2025-07-23 00:00:00,Delta County Republican Central Committee,Paonia,CO,81428,"Food, Beverages and Meals",
House District 54,"ANDERSON, NINA",11.7,2025-08-12 00:00:00,Zeffy.Com,Newark,DE,19713,Fundraising Expenses,
House District 54,"ANDERSON, NINA",78.44,2025-08-12 00:00:00,Delta County Republican Central Committee,Paonia,CO,81428,"Food, Beverages and Meals",
House District 54,"ANDERSON, NINA",117.11,2025-08-14 00:00:00,Vistaprint,Lexington,MA,02421,Office Equipment & Supplies,
House District 54,"ANDERSON, NINA",3.09,2025-09-26 00:00:00,,,,,Bank Fees,Winred Fee - Nina Loan
House District 54,"ANDERSON, NINA",26.33,2025-10-15 00:00:00,Colorado Motor Vehical,Denver,CO,80204,Travel & Lodging,Parking Fee
House District 54,"ANDERSON, NINA",50.0,2025-10-24 00:00:00,Colorado Sos,Denver,CO,80290,Other,Fcpa Penalty
House District 54,"ANDERSON, NINA",2.05,2025-11-08 00:00:00,,,,,Bank Fees,Winred Fee
House District 54,"ANDERSON, NINA",105.48,2025-12-08 00:00:00,Vistaprint,Lexington,MA,02421,Fundraising Expenses,
House District 54,"ANDERSON, NINA",193.35,2025-12-09 00:00:00,Super Cheap Signs,Cedar Park,TX,78613,Fundraising Expenses,
House District 54,"ANDERSON, NINA",156.0,2025-12-12 00:00:00,Usps,Grand Junction,CO,81501,Office Equipment & Supplies,
House District 54,"ANDERSON, NINA",3.09,2025-12-29 00:00:00,,,,,Bank Fees,Winred Fee - Nina Loan
House District 54,"BIAS, JASON",119.88,2025-08-09 00:00:00,"Godaddy.Com, Llc",Tempe,AZ,85281,Advertising,"Candidate Paid For Website, See Corresponding Non-Monetary Contribution."
House District 54,"BIAS, JASON",12.19,2025-08-09 00:00:00,"Godaddy.Com, Llc",Tempe,AZ,85281,Advertising,"Candidate Paid For Website Domain With Own Credit Card, See Corresponding Contribution."
House District 54,"BIAS, JASON",23.88,2025-08-11 00:00:00,"Godaddy.Com, Llc",Tempe,AZ,85281,Advertising,"Candidate Paid For Emailing Platform Through Website, See Corresponding Contribution."
House District 54,"BIAS, JASON",11.89,2025-08-11 00:00:00,"Godaddy.Com, Llc",Tempe,AZ,85281,Advertising,"Candidate Paid For Website Communication And Security, See Corresponding Non-Monetary Contribution."
House District 54,"BIAS, JASON",68.0,2025-09-10 00:00:00,Designcrowd Pty Ltd,Surry Hills,NE,2010,Advertising,Committee Paid For Business Cards.
House District 54,"BIAS, JASON",1.35,2025-09-13 00:00:00,Anedot Inc.,Dallas,TX,75206-5311,Bank Fees,"Anedot Fee, See Corresponding Contribution."
House District 54,"BIAS, JASON",340.61,2025-09-15 00:00:00,"Artisans Online, Llc",Sarasota,FL,34243,Advertising,Committee Paid For Yard Signs For Advertising.
House District 54,"BIAS, JASON",1.35,2025-09-22 00:00:00,Anedot Inc.,Dallas,TX,75206-5311,Bank Fees,"Anedot Fee, See Corresponding Contribution."
House District 54,"BIAS, JASON",4.3,2025-09-23 00:00:00,Anedot Inc.,Dallas,TX,75206-5311,Bank Fees,"Anedot Fee, See Corresponding Contribution."
House District 54,"BIAS, JASON",219.23,2025-10-01 00:00:00,Envelopes.Com,Northvale,NJ,07647,Fundraising Expenses,Committee Paid For Fundraising Envelopes To Accept Contributions.
House District 54,"BIAS, JASON",4.48,2025-10-06 00:00:00,Anedot Inc.,Dallas,TX,75206-5311,Bank Fees,"Anedot Transfer Fee, See Corresponding Contribution"
House District 54,"BIAS, JASON",2.4,2025-10-07 00:00:00,Anedot Inc.,Dallas,TX,75206-5311,Bank Fees,"Anedot Transfer Fee, See Corresponding Contribution"
House District 54,"BIAS, JASON",9.89,2025-10-30 00:00:00,Providence Engraving Llc,Tarpon Springs,FL,34689,Advertising,Name Tag For Candidate.
House District 54,"BIAS, JASON",60.0,2025-10-30 00:00:00,Designcrowd Pty Ltd,Surry Hills,NE,2010,Advertising,Purchased Logo For Marketing And Advertising.
House District 54,"BIAS, JASON",1.35,2025-11-12 00:00:00,Anedot Inc.,Dallas,TX,75206-5311,Bank Fees,"Anedot Fee, See Correlating Contribution"
House District 54,"BIAS, JASON",4.48,2025-11-22 00:00:00,Anedot Inc.,Dallas,TX,75206-5311,Bank Fees,"Anedot Fee, See Corresponding Contribution"
House District 54,"BIAS, JASON",1.35,2025-11-22 00:00:00,Anedot Inc.,Dallas,TX,75206-5311,Bank Fees,"Andeot Processing Fee, See Corresponding Contribution"
House District 54,"BIAS, JASON",100.01,2025-11-26 00:00:00,Canva Us Inc.,Austin,TX,78702,Advertising,Committee Paid For Infographics Through Canva
House District 54,"BIAS, JASON",1.35,2025-12-09 00:00:00,Anedot Inc.,Dallas,CO,75206-5311,Bank Fees,"Anedot Processing Fee, See Corresponding Contribution"
House District 54,"BIAS, JASON",4.48,2025-12-28 00:00:00,Anedot Inc.,Dallas,CO,75206-5311,Bank Fees,"Anedot Fee, See Corresponding Contribution"
House District 54,"MARTIN, MALLORY",,,,,,,,
House District 54,"TEDROW, WILLIAM",,,,,,,,
House District 55,"PACKARD, BRITTNI",,,,,,,,
House District 55,"TAGGART, JOHN",1300.0,2025-01-13 00:00:00,House Republican Caucus,Denver,CO,80203,Contributions,
House District 55,"TAGGART, JOHN",8.97,2025-01-21 00:00:00,,,,,Office Equipment & Supplies,
House District 55,"TAGGART, JOHN",1950.0,2025-01-30 00:00:00,Lauren  Pepin,Denver,CO,80230,Consultant & Professional Services,
House District 55,"TAGGART, JOHN",1950.0,2025-02-28 00:00:00,Lauren  Pepin,Denver,CO,80230,Consultant & Professional Services,
House District 55,"TAGGART, JOHN",1950.0,2025-03-28 00:00:00,Lauren  Pepin,Denver,CO,80230,Consultant & Professional Services,
House District 55,"TAGGART, JOHN",1500.0,2025-05-30 00:00:00,Kylie  Graham,Denver,CO,80238,Consultant & Professional Services,
House District 55,"TAGGART, JOHN",18.3,2025-06-24 00:00:00,,,,,Bank Fees,Credit Card Processing Fee Paid To Anedot
House District 55,"TAGGART, JOHN",1500.0,2025-06-30 00:00:00,Kylie  Graham,Denver,CO,80238,Consultant & Professional Services,
House District 55,"TAGGART, JOHN",1500.0,2025-07-30 00:00:00,Kylie  Graham,Denver,CO,80238,Consultant & Professional Services,
House District 55,"TAGGART, JOHN",10.3,2025-08-07 00:00:00,,,,,Other,Credit Card Processing Fee
House District 55,"TAGGART, JOHN",1500.0,2025-08-30 00:00:00,Kylie  Graham,Denver,CO,80238,Consultant & Professional Services,
House District 55,"TAGGART, JOHN",1500.0,2025-09-30 00:00:00,Kylie  Graham,Denver,CO,80238,Consultant & Professional Services,
House District 55,"TAGGART, JOHN",1200.0,2024-12-16 00:00:00,Strategic Compliance,Denver,CO,80205,Consultant & Professional Services,
House District 55,"TAGGART, JOHN",1950.0,2024-12-30 00:00:00,Lauren  Pepin,Denver,CO,80230,Consultant & Professional Services,
House District 55,"TAGGART, JOHN",1191.38,2025-10-04 00:00:00,John M Taggart,Grand Junction,CO,81507,Travel & Lodging,Travel Reimbusrement
House District 55,"TAGGART, JOHN",20.3,2025-10-16 00:00:00,Anedot,New Orleans,LA,70112,Other,Credit Card Processing
House District 55,"TAGGART, JOHN",1500.0,2025-10-30 00:00:00,Kylie  Graham,Denver,CO,80238,Consultant & Professional Services,
House District 55,"TAGGART, JOHN",1.94,2025-10-31 00:00:00,Anedot,New Orleans,LA,70112,Other,Credit Card Processing
House District 55,"TAGGART, JOHN",10.3,2025-11-03 00:00:00,Anedot,New Orleans,LA,70112,Other,Credit Card Processing
House District 55,"TAGGART, JOHN",479.55,2025-11-10 00:00:00,John M Taggart,Grand Junction,CO,81507,Travel & Lodging,Travel Reimbursement
House District 55,"TAGGART, JOHN",1500.0,2025-11-28 00:00:00,Kylie  Graham,Denver,CO,80238,Consultant & Professional Services,
House District 55,"TAGGART, JOHN",10.3,2025-12-01 00:00:00,Anedot,New Orleans,LA,70112,Other,Credit Card Processing
House District 55,"TAGGART, JOHN",10.3,2025-12-01 00:00:00,Anedot,New Orleans,LA,70112,Other,Credit Card Processing
House District 55,"TAGGART, JOHN",10.3,2025-12-03 00:00:00,Anedot,New Orleans,LA,70112,Other,Credit Card Processing
House District 55,"TAGGART, JOHN",18.3,2025-12-03 00:00:00,Anedot,New Orleans,LA,70112,Other,Credit Card Processing
House District 55,"TAGGART, JOHN",2.3,2025-12-05 00:00:00,Anedot,New Orleans,LA,70112,Other,Credit Card Processing
House District 55,"TAGGART, JOHN",1.98,2025-12-08 00:00:00,Anedot,New Orleans,LA,70112,Other,Credit Card Processing
House District 55,"TAGGART, JOHN",353.28,2025-12-20 00:00:00,William  Wade,Grand Junction,CO,81507,Other,Reimbursement For Po Box Rental And Postage
House District 55,"TAGGART, JOHN",1500.0,2025-12-30 00:00:00,Kylie  Graham,Denver,CO,80238,Consultant & Professional Services,
House District 56,"RICHARDSON, CHRISTOPHER",11.43,2025-01-02 00:00:00,Google Llc,Mountain View,CA,94043,Advertising,Google Adds (Drive Traffic To Website)
House District 56,"RICHARDSON, CHRISTOPHER",43.2,2025-01-02 00:00:00,Google Llc,Mountain View,CA,94043,Consultant & Professional Services,Website/Email Hosting
House District 56,"RICHARDSON, CHRISTOPHER",150.0,2025-01-13 00:00:00,Colorado Farm Bureau,Centennial,CO,80112,Other,Colorado Farm Bureau Membership
House District 56,"RICHARDSON, CHRISTOPHER",300.0,2025-01-13 00:00:00,Lincoln Club Political Committee,Denver,CO,80224,"Food, Beverages and Meals",Lincoln Club Presidential Inaugural Ball
House District 56,"RICHARDSON, CHRISTOPHER",150.0,2025-01-14 00:00:00,Elbert County Republican Central Committee,Elizabeth,CO,80107,Other,Membership - Ecr Chairmans Club Dues
House District 56,"RICHARDSON, CHRISTOPHER",55.4,2025-01-21 00:00:00,"Ringcentral, Inc",Belmont,CA,94002,Telephone,Ip Phone Number
House District 56,"RICHARDSON, CHRISTOPHER",1500.0,2025-01-22 00:00:00,Colorado House Gop Caucus,Denver,CO,80203,Other,House Gop Caucus Dues
House District 56,"RICHARDSON, CHRISTOPHER",200.0,2025-01-22 00:00:00,Colorado House 2A Caucus,Denver,CO,80203,Other,2Nd Amendment Caucus Dues
House District 56,"RICHARDSON, CHRISTOPHER",129.45,2025-01-27 00:00:00,Walmart,Elizabeth,CO,80107,Miscellaneous,Misc Office Storage / Filing
House District 56,"RICHARDSON, CHRISTOPHER",234.36,2025-02-03 00:00:00,Canvas World,Playa Vista,CA,90094,Office Equipment & Supplies,Office Decor / Presidential Portraits
House District 56,"RICHARDSON, CHRISTOPHER",43.2,2025-02-03 00:00:00,Google Llc,Mountain View,CA,94043,Consultant & Professional Services,Website/Email Hosting
House District 56,"RICHARDSON, CHRISTOPHER",214.35,2025-02-04 00:00:00,"Donn Bruns, Llc",Arvada,CO,80005,Miscellaneous,Official Photos / 75Th Colorado General Assembly (House)
House District 56,"RICHARDSON, CHRISTOPHER",40.0,2025-02-18 00:00:00,Open Ai,San Francisco,CA,94110,Consultant & Professional Services,Open Ai Chat Gpt Pro Subscriptions
House District 56,"RICHARDSON, CHRISTOPHER",55.4,2025-02-19 00:00:00,"Ringcentral, Inc",Belmont,CA,94002,Telephone,Ip Phone Number
House District 56,"RICHARDSON, CHRISTOPHER",97.86,2025-02-25 00:00:00,Office Depot,Parker 80134,CO,80134,Office Equipment & Supplies,Printer Supplies
House District 56,"RICHARDSON, CHRISTOPHER",50.0,2025-02-27 00:00:00,Lincoln County Gop,Karval,CO,80823,"Food, Beverages and Meals",Lincoln County Lincoln Day Dinner
House District 56,"RICHARDSON, CHRISTOPHER",250.0,2025-02-27 00:00:00,Prairie Times Publishing,Beyers,CO,80103,Advertising,Mid-Session Message To Constituents
House District 56,"RICHARDSON, CHRISTOPHER",43.2,2025-03-03 00:00:00,Google Llc,Mountain View,CA,94043,Consultant & Professional Services,Website/Email Hosting
House District 56,"RICHARDSON, CHRISTOPHER",10.13,2025-03-05 00:00:00,Department Of Motor Vehicles,Denver,CO,80204,Miscellaneous,House Member License Plate
House District 56,"RICHARDSON, CHRISTOPHER",50.0,2025-03-18 00:00:00,Cssa,Littleton,CO,80120,Other,Membership - Colorado State Shooting Association
House District 56,"RICHARDSON, CHRISTOPHER",55.4,2025-03-19 00:00:00,"Ringcentral, Inc",Belmont,CA,94002,Telephone,Ip Phone Number
House District 56,"RICHARDSON, CHRISTOPHER",229.0,2025-03-21 00:00:00,"Bigvu, Inc",New York,NY,10020,Consultant & Professional Services,Video Editing Software Subscription
House District 56,"RICHARDSON, CHRISTOPHER",75.66,2025-03-24 00:00:00,Ihop,Limon,CO,80828,"Food, Beverages and Meals",Meal For Team / Cd4 Organizational Meeting
House District 56,"RICHARDSON, CHRISTOPHER",43.2,2025-04-01 00:00:00,Google Llc,Mountain View,CA,94043,Consultant & Professional Services,Website Hosting & Email Services (Google Workspace)
House District 56,"RICHARDSON, CHRISTOPHER",55.49,2025-04-10 00:00:00,Wondershare,Burnaby,BC,V5C?0E4,Miscellaneous,Video Editing Software License
House District 56,"RICHARDSON, CHRISTOPHER",20.0,2025-04-15 00:00:00,Open Ai,San Francisco,CA,94110,Miscellaneous,Ai Online Service (Chatgpt)
House District 56,"RICHARDSON, CHRISTOPHER",55.36,2025-04-21 00:00:00,"Ringcentral, Inc",Belmont,CA,94002,Telephone,Campaign Phone Number
House District 56,"RICHARDSON, CHRISTOPHER",43.2,2025-05-01 00:00:00,Google Llc,Mountain View,CA,94043,Consultant & Professional Services,Webhosting & Email Services (Google Workspace)
House District 56,"RICHARDSON, CHRISTOPHER",20.0,2025-05-15 00:00:00,Open Ai,San Francisco,CA,94110,Miscellaneous,Ai Online Service (Chatgpt)
House District 56,"RICHARDSON, CHRISTOPHER",55.36,2025-05-19 00:00:00,"Ringcentral, Inc",Belmont,CA,94002,Telephone,Campaign Phone Number
House District 56,"RICHARDSON, CHRISTOPHER",84.0,2025-05-19 00:00:00,"Twitter, Inc. (X.Com)",San Francisco,CA,94103,Miscellaneous,Verified X.Com Account
House District 56,"RICHARDSON, CHRISTOPHER",1372.8,2025-05-30 00:00:00,The I70 Scout,Strasburg,CO,80136,Advertising,Quarter Page Advertisements-I70 Scout
House District 56,"RICHARDSON, CHRISTOPHER",43.2,2025-06-02 00:00:00,Google Llc,Mountain View,CA,94043,Consultant & Professional Services,Webhosting & Email Services (Google Workspace)
House District 56,"RICHARDSON, CHRISTOPHER",20.0,2025-06-16 00:00:00,Open Ai,San Francisco,CA,94110,Miscellaneous,Ai Online Services (Chatgpt)
House District 56,"RICHARDSON, CHRISTOPHER",55.39,2025-06-20 00:00:00,"Ringcentral, Inc",Belmont,CA,94002,Telephone,Campaign Phone
House District 56,"RICHARDSON, CHRISTOPHER",43.2,2025-07-01 00:00:00,Google Llc,Mountain View,CA,94043,Other,Website Hosting
House District 56,"RICHARDSON, CHRISTOPHER",214.72,2025-07-02 00:00:00,48Hourprint,Van Nuys,CA,91406,Advertising,Trifold Brochures (2000)
House District 56,"RICHARDSON, CHRISTOPHER",135.42,2025-07-10 00:00:00,"Icon Company, Llc (Printdirtcheap.Com)",Bakersfield,CA,93301,Fundraising Expenses,Donation Envelopes (100)
House District 56,"RICHARDSON, CHRISTOPHER",20.0,2025-07-15 00:00:00,Open Ai,San Francisco,CA,94110,Miscellaneous,Ai Research/Graphics Tools
House District 56,"RICHARDSON, CHRISTOPHER",55.38,2025-07-21 00:00:00,"Ringcentral, Inc",Belmont,CA,94002,Telephone,Campaign Phone Number
House District 56,"RICHARDSON, CHRISTOPHER",43.2,2025-08-01 00:00:00,Google Llc,Mountain View,CA,94043,Other,Website Hosting
House District 56,"RICHARDSON, CHRISTOPHER",150.0,2025-08-12 00:00:00,El Paso County Republican Central Committee,Colorado Springs,CO,80919,"Food, Beverages and Meals",El Paso County Lincoln Day Dinner
House District 56,"RICHARDSON, CHRISTOPHER",21.05,2025-08-14 00:00:00,Amazon,Seattle,WA,98109,Advertising,Brochure And Card Holders
House District 56,"RICHARDSON, CHRISTOPHER",20.0,2025-08-15 00:00:00,Open Ai,San Francisco,CA,94110,Miscellaneous,Ai Research/Graphics Tools
House District 56,"RICHARDSON, CHRISTOPHER",55.38,2025-08-19 00:00:00,"Ringcentral, Inc",Belmont,CA,94002,Telephone,Campaign Phone/Text Service
House District 56,"RICHARDSON, CHRISTOPHER",26.4,2025-09-02 00:00:00,Google Llc,Mountain View,CA,94043,Other,Website Hosting
House District 56,"RICHARDSON, CHRISTOPHER",126.0,2025-09-03 00:00:00,"Mailerlite, Inc",Middletown,DE,19709,Other,Email Marketing Service Provider (Annual)
House District 56,"RICHARDSON, CHRISTOPHER",188.0,2025-09-04 00:00:00,Us Postal Service,Elizabeth,CO,80107,Miscellaneous,Post Office Box Rental (Annual)
House District 56,"RICHARDSON, CHRISTOPHER",197.59,2025-09-08 00:00:00,Amazon,Seattle,WA,98109,Office Equipment & Supplies,Router/Virtual Private Networking Device
House District 56,"RICHARDSON, CHRISTOPHER",200.0,2025-09-12 00:00:00,Colorado House Gop Caucus,Denver,CO,80203,Other,House Gop Caucus Fund
House District 56,"RICHARDSON, CHRISTOPHER",20.0,2025-09-15 00:00:00,Open Ai,San Francisco,CA,94110,Miscellaneous,Ai Research/Graphics Tools
House District 56,"RICHARDSON, CHRISTOPHER",55.38,2025-09-19 00:00:00,"Ringcentral, Inc",Belmont,CA,94002,Telephone,Campaign Phone/Text Service
House District 56,"RICHARDSON, CHRISTOPHER",39.75,2025-09-22 00:00:00,Amazon,Seattle,WA,98109,Office Equipment & Supplies,Uhf Wireless Microphone System
House District 56,"RICHARDSON, CHRISTOPHER",80.88,2025-09-22 00:00:00,Vistaprint,Lexington,MA,02421,Fundraising Expenses,Thank You Cards (100)
House District 56,"RICHARDSON, CHRISTOPHER",119.47,2024-12-17 00:00:00,E-Bay,San Jose,CA,95125,Office Equipment & Supplies,Office Supplies
House District 56,"RICHARDSON, CHRISTOPHER",406.32,2024-12-18 00:00:00,Amazon,Seattle,WA,98109,Office Equipment & Supplies,"Monitor Stand, Keyboard/Mouse, Keyboard Tray. Printer Stand, Misc Office Supplies"
House District 56,"RICHARDSON, CHRISTOPHER",55.46,2024-12-19 00:00:00,"Ringcentral, Inc",Belmont,CA,94002,Telephone,Ip Phone Number
House District 56,"RICHARDSON, CHRISTOPHER",5.0,2024-12-30 00:00:00,"Numinar, Inc",Arlington,VA,22209,Consultant & Professional Services,Voter Contact Service (Monthly)
House District 56,"RICHARDSON, CHRISTOPHER",26.4,2025-10-01 00:00:00,Google Llc,Mountain View,CA,94043,Miscellaneous,Website / Email Hosting
House District 56,"RICHARDSON, CHRISTOPHER",78.0,2025-10-06 00:00:00,Us Postal Service,Elizabeth,CO,80107,Miscellaneous,Postage Stamps
House District 56,"RICHARDSON, CHRISTOPHER",119.75,2025-10-06 00:00:00,Amazon,Seattle,WA,98109,Other,Campaign Attire
House District 56,"RICHARDSON, CHRISTOPHER",60.0,2025-10-06 00:00:00,The Fence Post,Belle Fourche,SD,57717,Miscellaneous,1 Year Subscription-The Fence Post (Ag News)
House District 56,"RICHARDSON, CHRISTOPHER",36.0,2025-10-07 00:00:00,State Of Colorado,Denver,CO,80203,Other,Colorado Flag - Presented At 100Th Birthday Of Constituent
House District 56,"RICHARDSON, CHRISTOPHER",150.0,2025-10-07 00:00:00,Colorado Farm Bureau,Centennial,CO,80112,Miscellaneous,Professional Membership
House District 56,"RICHARDSON, CHRISTOPHER",20.0,2025-10-15 00:00:00,Open Ai,San Francisco,CA,94110,Miscellaneous,Chat Gpt Ai Account
House District 56,"RICHARDSON, CHRISTOPHER",245.83,2025-10-20 00:00:00,Frontier Airlines,Denver,CO,80239,Travel & Lodging,Travel To/From Pro-Family Legislative Network Conf
House District 56,"RICHARDSON, CHRISTOPHER",55.44,2025-10-20 00:00:00,"Ringcentral, Inc",Belmont,CA,94002,Telephone,Campaign Virtual Phone/Text Number
House District 56,"RICHARDSON, CHRISTOPHER",26.4,2025-11-03 00:00:00,Google Llc,Mountain View,CA,94043,Consultant & Professional Services,Website/Email Service
House District 56,"RICHARDSON, CHRISTOPHER",56.85,2025-11-07 00:00:00,Vistaprint,Lexington,MA,02421,Office Equipment & Supplies,Business Cards - Replenish
House District 56,"RICHARDSON, CHRISTOPHER",47.49,2025-11-13 00:00:00,Park Dia,Aurora,CO,80019,Travel & Lodging,Airport Parking - Pro-Family Legislator Network Conf
House District 56,"RICHARDSON, CHRISTOPHER",20.0,2025-11-17 00:00:00,Open Ai,San Francisco,CA,94110,Miscellaneous,Chat Gpt Ai Account
House District 56,"RICHARDSON, CHRISTOPHER",33.53,2025-11-17 00:00:00,Dominos,Ann Arbor,MI,48105,"Food, Beverages and Meals",Meals/Pro-Family Legislator Network Conf
House District 56,"RICHARDSON, CHRISTOPHER",55.44,2025-11-19 00:00:00,"Ringcentral, Inc",Belmont,CA,94002,Telephone,Campaign Virtual Phone/Text Number
House District 56,"RICHARDSON, CHRISTOPHER",200.0,2025-11-24 00:00:00,Colorado Farm Bureau,Centennial,CO,80112,Miscellaneous,Annual Meeting/Silent Auction Item Donation
House District 56,"RICHARDSON, CHRISTOPHER",26.4,2025-12-01 00:00:00,Google Llc,Mountain View,CA,94043,Miscellaneous,Website/Email Service
House District 56,"RICHARDSON, CHRISTOPHER",8.84,2025-12-10 00:00:00,E-Bay,San Jose,CA,95125,Office Equipment & Supplies,Video Monitor Cable
House District 56,"RICHARDSON, CHRISTOPHER",58.44,2025-12-15 00:00:00,Amazon,Seattle,WA,98109,Office Equipment & Supplies,Office Storage
House District 56,"RICHARDSON, CHRISTOPHER",20.0,2025-12-16 00:00:00,Open Ai,San Francisco,CA,94110,Miscellaneous,Chat Gpt Ai Account
House District 56,"RICHARDSON, CHRISTOPHER",128.31,2025-12-16 00:00:00,Amazon,Seattle,WA,98109,Office Equipment & Supplies,Tablet Computer
House District 56,"RICHARDSON, CHRISTOPHER",55.44,2025-12-19 00:00:00,"Ringcentral, Inc",Belmont,CA,94002,Telephone,Campaign Virtual Phone/Text Number
House District 56,"RICHARDSON, CHRISTOPHER",104.01,2025-12-22 00:00:00,Top Media Ai,San Francisco,CA,94105,Office Equipment & Supplies,Audio/.Video Processing Subscription
House District 56,"RICHARDSON, CHRISTOPHER",94.72,2025-12-22 00:00:00,Amazon,Seattle,WA,98109,Office Equipment & Supplies,Office Bookcase
House District 56,"RICHARDSON, CHRISTOPHER",56.85,2025-12-23 00:00:00,Vistaprint,Lexington,MA,02421,Office Equipment & Supplies,Business Cards - Replenish
House District 56,"RICHARDSON, CHRISTOPHER",83.39,2025-12-24 00:00:00,Amazon,Seattle,WA,98109,Office Equipment & Supplies,Video Conference Camera
House District 57,"ANDREWS, RUSSELL",,,,,,,,
House District 57,"VELASCO, ELIZABETH",1.98,2025-01-05 00:00:00,Actblue Technical Services,Somerville,MA,02144-3132,Consultant & Professional Services,Actblue Fee
House District 57,"VELASCO, ELIZABETH",0.79,2025-01-12 00:00:00,Actblue Technical Services,Somerville,MA,02144-3132,Consultant & Professional Services,Actblue Fee
House District 57,"VELASCO, ELIZABETH",883.0,2025-01-13 00:00:00,Zoom Video Communications Inc,San Jose,CA,95113,Consultant & Professional Services,Zoom Account
House District 57,"VELASCO, ELIZABETH",97.58,2025-01-15 00:00:00,Tatsu Izakaya,Denver,CO,80210,"Food, Beverages and Meals",Work Meeting
House District 57,"VELASCO, ELIZABETH",1000.0,2025-01-21 00:00:00,Sophia Diamond Llc,Glenwood Springs,CO,81601,Consultant & Professional Services,Consultant
House District 57,"VELASCO, ELIZABETH",1000.0,2025-01-21 00:00:00,Isabela  Martinez,Denver,CO,80238,Consultant & Professional Services,Consultant
House District 57,"VELASCO, ELIZABETH",400.0,2025-01-21 00:00:00,Beatriz M Sanchez,Fort Collins,CO,80526,Consultant & Professional Services,Consultant
House District 57,"VELASCO, ELIZABETH",211.56,2025-01-22 00:00:00,Phonatic,Denver,CO,80203,"Food, Beverages and Meals",Work Meeting
House District 57,"VELASCO, ELIZABETH",362.67,2025-01-24 00:00:00,Donn Bruns Llc,Arvada,CO,80005,Consultant & Professional Services,Official Pictures
House District 57,"VELASCO, ELIZABETH",1.27,2025-02-02 00:00:00,Actblue Technical Services,Somerville,MA,02144-3132,Consultant & Professional Services,
House District 57,"VELASCO, ELIZABETH",162.64,2025-02-04 00:00:00,Phonatic,Denver,CO,80203,"Food, Beverages and Meals",Staff Meeting
House District 57,"VELASCO, ELIZABETH",1000.0,2025-02-05 00:00:00,Isabela  Martinez,Denver,CO,80238,Consultant & Professional Services,Consultant
House District 57,"VELASCO, ELIZABETH",0.99,2025-02-09 00:00:00,Actblue Technical Services,Somerville,MA,02144-3132,Consultant & Professional Services,Actblue Fee
House District 57,"VELASCO, ELIZABETH",1000.0,2025-02-11 00:00:00,Sophia Diamond Llc,Glenwood Springs,CO,81601,Consultant & Professional Services,Consultant
House District 57,"VELASCO, ELIZABETH",504.52,2025-02-12 00:00:00,Amazon,Seattle,WA,98109-5210,Office Equipment & Supplies,"Office Supplies, Table, And Rug For Office"
House District 57,"VELASCO, ELIZABETH",400.0,2025-02-12 00:00:00,Beatriz M Sanchez,Fort Collins,CO,80526,Consultant & Professional Services,Consultant
House District 57,"VELASCO, ELIZABETH",1000.0,2025-03-01 00:00:00,Sophia D Clark,Glenwood Springs,CO,81601,Consultant & Professional Services,Professional Services
House District 57,"VELASCO, ELIZABETH",2.26,2025-03-02 00:00:00,Actblue Technical Services,Somerville,MA,02144-3132,Consultant & Professional Services,Actblue Fee
House District 57,"VELASCO, ELIZABETH",120.44,2025-03-04 00:00:00,Phonatic,Denver,CO,80203,"Food, Beverages and Meals",Staff Meeting
House District 57,"VELASCO, ELIZABETH",39.25,2025-03-04 00:00:00,Mailchimp,Atlanta,GA,30308,Consultant & Professional Services,Email Service
House District 57,"VELASCO, ELIZABETH",1000.0,2025-03-11 00:00:00,Isabela  Martinez,Denver,CO,80238,Consultant & Professional Services,Consultant
House District 57,"VELASCO, ELIZABETH",162.33,2025-03-26 00:00:00,Phonatic,Denver,CO,80203,"Food, Beverages and Meals",Staff Meeting
House District 57,"VELASCO, ELIZABETH",0.28,2025-03-31 00:00:00,Actblue Technical Services,Somerville,MA,02144-3132,Consultant & Professional Services,Actblue Fee
House District 57,"VELASCO, ELIZABETH",1000.0,2025-04-01 00:00:00,Sophia D Clark,Glenwood Springs,CO,81601,Consultant & Professional Services,Professional Services
House District 57,"VELASCO, ELIZABETH",400.0,2025-04-03 00:00:00,Beatriz M Sanchez,Fort Collins,CO,80526,Consultant & Professional Services,Professional Services
House District 57,"VELASCO, ELIZABETH",39.25,2025-04-04 00:00:00,Mailchimp,Atlanta,GA,30308,Consultant & Professional Services,Email Service
House District 57,"VELASCO, ELIZABETH",1000.0,2025-04-11 00:00:00,Isabela  Martinez,Denver,CO,80238,Consultant & Professional Services,Professional Services
House District 57,"VELASCO, ELIZABETH",87.5,2025-04-23 00:00:00,Astrid  Recinos,Rifle,CO,81650,Consultant & Professional Services,"Language Access, Interpretation For Meeting On Zoom"
House District 57,"VELASCO, ELIZABETH",500.0,2025-04-25 00:00:00,Pitkin County Democratic Party,Aspen,CO,81611,Other,Event In Aspen
House District 57,"VELASCO, ELIZABETH",0.28,2025-05-04 00:00:00,Actblue Technical Services,Somerville,MA,02144-3132,Fundraising Expenses,Actblue Fee
House District 57,"VELASCO, ELIZABETH",39.25,2025-05-05 00:00:00,Mailchimp,Atlanta,GA,30308,Consultant & Professional Services,Email Services
House District 57,"VELASCO, ELIZABETH",1000.0,2025-05-09 00:00:00,Isabela  Martinez,Denver,CO,80238,Consultant & Professional Services,Professional Services
House District 57,"VELASCO, ELIZABETH",400.0,2025-05-11 00:00:00,Beatriz M Sanchez,Fort Collins,CO,80526,Consultant & Professional Services,Professional Services
House District 57,"VELASCO, ELIZABETH",0.28,2025-06-01 00:00:00,Actblue Technical Services,Somerville,MA,02144-3132,Fundraising Expenses,Actblue Fee
House District 57,"VELASCO, ELIZABETH",39.25,2025-06-04 00:00:00,Mailchimp,Atlanta,GA,30308,Consultant & Professional Services,Email Services
House District 57,"VELASCO, ELIZABETH",0.28,2025-06-30 00:00:00,Actblue Technical Services,Somerville,MA,02144-3132,Fundraising Expenses,Actblue Fee
House District 57,"VELASCO, ELIZABETH",39.25,2025-07-07 00:00:00,Mailchimp,Atlanta,GA,30308,Consultant & Professional Services,Mail Service
House District 57,"VELASCO, ELIZABETH",39.25,2025-08-04 00:00:00,Mailchimp,Atlanta,GA,30308,Consultant & Professional Services,Email Service
House District 57,"VELASCO, ELIZABETH",1000.0,2025-09-02 00:00:00,Viet  Nguyen,Aurora,CO,80010,Consultant & Professional Services,Fundraising Services
House District 57,"VELASCO, ELIZABETH",39.25,2025-09-04 00:00:00,Mailchimp,Atlanta,GA,30308,Consultant & Professional Services,Email Services
House District 57,"VELASCO, ELIZABETH",300.0,2025-09-05 00:00:00,Eagle County Democrats,Basalt,CO,81621,Other,Tickets For Event
House District 57,"VELASCO, ELIZABETH",500.0,2025-09-10 00:00:00,Amy  Tran,Grand Prairie,TE,75052,Consultant & Professional Services,Graphic Design
House District 57,"VELASCO, ELIZABETH",300.0,2025-09-18 00:00:00,Upstream Consulting,Wheat Ridge,CO,80033,Consultant & Professional Services,Fundraising
House District 57,"VELASCO, ELIZABETH",1200.0,2024-12-13 00:00:00,Sophia Diamond Llc,Glenwood Springs,CO,81601,Consultant & Professional Services,Consultant
House District 57,"VELASCO, ELIZABETH",0.79,2024-12-15 00:00:00,Actblue Technical Services,Somerville,MA,02144-3132,Consultant & Professional Services,Actblue Fee
House District 57,"VELASCO, ELIZABETH",39.25,2024-12-20 00:00:00,Mailchimp,Atlanta,GA,30308,Consultant & Professional Services,Email Service
House District 57,"VELASCO, ELIZABETH",348.0,2024-12-23 00:00:00,Wix,San Francisco,CA,94158,Consultant & Professional Services,Website Renewal
House District 57,"VELASCO, ELIZABETH",0.28,2024-12-31 00:00:00,Actblue Technical Services,Somerville,MA,02144-3132,Consultant & Professional Services,Actblue Fee
House District 57,"VELASCO, ELIZABETH",0.28,2025-08-03 00:00:00,Actblue Technical Services,Somerville,MA,02144-3132,Consultant & Professional Services,Actblue Fee
House District 57,"VELASCO, ELIZABETH",0.28,2025-08-31 00:00:00,Actblue Technical Services,Somerville,MA,02144-3132,Consultant & Professional Services,
House District 57,"VELASCO, ELIZABETH",19.76,2025-09-28 00:00:00,Actblue Technical Services,Somerville,MA,02144-3132,Consultant & Professional Services,
House District 57,"VELASCO, ELIZABETH",0.28,2025-09-30 00:00:00,Actblue Technical Services,Somerville,MA,02144-3132,Consultant & Professional Services,
House District 57,"VELASCO, ELIZABETH",300.0,2025-10-01 00:00:00,National Cosh (Council For Occupational Safety And Health),Austin,TX,78728,Other,Conference
House District 57,"VELASCO, ELIZABETH",1800.0,2025-10-01 00:00:00,Viet  Nguyen,Aurora,CO,80010,Consultant & Professional Services,Finance Director
House District 57,"VELASCO, ELIZABETH",39.25,2025-10-06 00:00:00,Mailchimp,Atlanta,GA,30308,Consultant & Professional Services,Email  Service
House District 57,"VELASCO, ELIZABETH",515.92,2025-10-08 00:00:00,United,Chicago,IL,60601,Travel & Lodging,Travel To Cosh Conference
House District 57,"VELASCO, ELIZABETH",783.47,2025-10-14 00:00:00,Crowne Plaza Chicago,Chicago,IL,60661,Travel & Lodging,Lodging For Cosh Conference
House District 57,"VELASCO, ELIZABETH",18.5,2025-10-15 00:00:00,Mailchimp,Atlanta,GA,30308,Consultant & Professional Services,Email Service
House District 57,"VELASCO, ELIZABETH",51.13,2025-10-19 00:00:00,Actblue Technical Services,Somerville,MA,02144-3132,Consultant & Professional Services,
House District 57,"VELASCO, ELIZABETH",13.24,2025-10-26 00:00:00,Actblue Technical Services,Somerville,MA,02144-3132,Consultant & Professional Services,
House District 57,"VELASCO, ELIZABETH",1800.0,2025-10-30 00:00:00,Viet  Nguyen,Aurora,CO,80010,Consultant & Professional Services,Financial Director
House District 57,"VELASCO, ELIZABETH",2000.0,2025-10-31 00:00:00,Colorado Democratic Party,Denver,CO,80203,Miscellaneous,
House District 57,"VELASCO, ELIZABETH",0.4,2025-11-02 00:00:00,Actblue Technical Services,Somerville,MA,02144-3132,Consultant & Professional Services,
House District 57,"VELASCO, ELIZABETH",45.0,2025-11-04 00:00:00,Mailchimp,Atlanta,GA,30308,Consultant & Professional Services,
House District 57,"VELASCO, ELIZABETH",1000.0,2025-11-06 00:00:00,Amy  Tran,Grand Prairie,TE,75052,Consultant & Professional Services,Graphic Design
House District 57,"VELASCO, ELIZABETH",261.17,2025-11-10 00:00:00,Marriott Fort Collins,Fort Collins,CO,80525,Travel & Lodging,Democratic Caucus Retreat
House District 57,"VELASCO, ELIZABETH",0.4,2025-11-23 00:00:00,Actblue Technical Services,Somerville,MA,02144-3132,Consultant & Professional Services,
House District 57,"VELASCO, ELIZABETH",1.27,2025-11-30 00:00:00,Actblue Technical Services,Somerville,MA,02144-3132,Consultant & Professional Services,
House District 57,"VELASCO, ELIZABETH",45.0,2025-12-04 00:00:00,Mailchimp,Atlanta,GA,30308,Consultant & Professional Services,Email Service
House District 57,"VELASCO, ELIZABETH",7.9,2025-12-07 00:00:00,Actblue Technical Services,Somerville,MA,02144-3132,Consultant & Professional Services,
House District 57,"VELASCO, ELIZABETH",1500.0,2025-12-08 00:00:00,Viet  Nguyen,Aurora,CO,80010,Consultant & Professional Services,Finance  Director
House District 57,"VELASCO, ELIZABETH",103.71,2025-12-14 00:00:00,Actblue Technical Services,Somerville,MA,02144-3132,Consultant & Professional Services,
House District 57,"VELASCO, ELIZABETH",1800.0,2025-12-18 00:00:00,Viet  Nguyen,Aurora,CO,80010,Consultant & Professional Services,Finance Director
House District 57,"VELASCO, ELIZABETH",348.0,2025-12-19 00:00:00,Wix,San Francisco,CA,94158,Consultant & Professional Services,Website Expense
House District 57,"VELASCO, ELIZABETH",61.24,2025-12-21 00:00:00,Actblue Technical Services,Somerville,MA,02144-3132,Consultant & Professional Services,
House District 57,"VELASCO, ELIZABETH",18.18,2025-12-28 00:00:00,Actblue Technical Services,Somerville,MA,02144-3132,Consultant & Professional Services,
House District 57,"VELASCO, ELIZABETH",53.62,2025-12-31 00:00:00,Actblue Technical Services,Somerville,MA,02144-3132,Consultant & Professional Services,
House District 57,"VELASCO, ELIZABETH",1875.0,2025-12-31 00:00:00,Colorado Democratic Party,Denver,CO,80203,Miscellaneous,
House District 58,"SUCKLA, LARRY",119.45,2024-01-12 00:00:00,Holiday Inn,Grand Junction,CO,81506,Travel & Lodging,Paid By Personal Credit Card Reimbursed March 2025
House District 58,"SUCKLA, LARRY",119.48,2024-01-27 00:00:00,Airbnb Inc,San Francisco,CA,94103,Travel & Lodging,Paid By Personal Credit Card Reimbursed March 2025
House District 58,"SUCKLA, LARRY",35.0,2024-02-19 00:00:00,The Montrose Mirror,Montrose,CO,81401,Advertising,Paid By Personal Credit Card. Reimbursed March 2025 Internet Advertising
House District 58,"SUCKLA, LARRY",-4.3,2024-02-29 00:00:00,Anedot,New Orleans,LA,70112,Other,Offset Due To Deletion Of Filed Item - Anedot Processing Fee Hamilton
House District 58,"SUCKLA, LARRY",4.3,2024-03-05 00:00:00,Anedot,New Orleans,LA,70112,Miscellaneous,S Hamilton Anedot Fee
House District 58,"SUCKLA, LARRY",103.46,2024-03-10 00:00:00,The Gunnison Inn,Gunnison,CO,81230,Travel & Lodging,Paid By Personal Credit Card Reimbursed March 2025
House District 58,"SUCKLA, LARRY",183.48,2024-04-22 00:00:00,Dri Next Day,Van Nuys,CA,91406,Advertising,
House District 58,"SUCKLA, LARRY",-35.0,2024-04-22 00:00:00,The Montrose Mirror,Montrose,CO,81401,Advertising,Offset Due To Update Of Filed Item
House District 58,"SUCKLA, LARRY",35.0,2024-04-22 00:00:00,The Montrose Mirror,Montrose,CO,81401,Advertising,Invoice #1722 Internet Advertising
House District 58,"SUCKLA, LARRY",2.3,2024-05-07 00:00:00,Anedot,New Orleans,LA,70112,Miscellaneous,Anedot Fee Filener
House District 58,"SUCKLA, LARRY",-575.28,2024-05-10 00:00:00,Townsquare Media,Montrose,CO,81401,Advertising,Offset Due To Update Of Filed Item
House District 58,"SUCKLA, LARRY",575.28,2024-05-10 00:00:00,Townsquare Media,Montrose,CO,81401,Advertising,"Paid By Personal Credit Card. Reimbursed March, 2025"
House District 58,"SUCKLA, LARRY",-575.28,2024-05-10 00:00:00,Townsquare Media,Montrose,CO,81401,Advertising,"Offset Due To Update Of Filed Item - Paid By Personal Credit Card. Reimbursed March, 2025"
House District 58,"SUCKLA, LARRY",575.28,2024-05-10 00:00:00,Townsquare Media,Montrose,CO,81401,Advertising,"Paid By Personal Credit Card. Reimbursed March, 2025 Radio Ad"
House District 58,"SUCKLA, LARRY",-4.5,2024-05-11 00:00:00,Anedot,New Orleans,LA,70112,Other,Offset Due To Deletion Of Filed Item - Anedot Processing Fee Nuttail
House District 58,"SUCKLA, LARRY",35.0,2024-05-14 00:00:00,The Montrose Mirror,Montrose,CO,81401,Advertising,"Paid By Personal Credit Card. Reimbursed March, 2025"
House District 58,"SUCKLA, LARRY",4.3,2024-05-15 00:00:00,Anedot,New Orleans,LA,70112,Miscellaneous,Nuttall Anedot Fee
House District 58,"SUCKLA, LARRY",1545.78,2024-05-20 00:00:00,Wizbang Solutions,Commerce City,CO,80022,Advertising,
House District 58,"SUCKLA, LARRY",-1545.78,2024-05-20 00:00:00,Wizbang Solutions,Commerce City,CO,80022,Advertising,Offset Due To Update Of Filed Item
House District 58,"SUCKLA, LARRY",1545.78,2024-05-20 00:00:00,Wizbang Solutions,Commerce City,CO,80022,Advertising,Signs Paid By Personal Credit Card Reimbursed Ck #96
House District 58,"SUCKLA, LARRY",35.0,2024-05-22 00:00:00,The Montrose Mirror,Montrose,CO,81401,Advertising,Invoice 1750 Internet Advertising
House District 58,"SUCKLA, LARRY",35.0,2024-05-23 00:00:00,The Montrose Mirror,Montrose,CO,81401,Advertising,
House District 58,"SUCKLA, LARRY",-35.0,2024-05-23 00:00:00,The Montrose Mirror,Montrose,CO,81401,Advertising,Offset Due To Update Of Filed Item
House District 58,"SUCKLA, LARRY",35.0,2024-05-28 00:00:00,The Montrose Mirror,Montrose,CO,81401,Advertising,
House District 58,"SUCKLA, LARRY",-35.0,2024-05-28 00:00:00,The Montrose Mirror,Montrose,CO,81401,Advertising,Offset Due To Update Of Filed Item
House District 58,"SUCKLA, LARRY",35.0,2024-05-28 00:00:00,The Montrose Mirror,Montrose,CO,81401,Advertising,Internet Advertising
House District 58,"SUCKLA, LARRY",699.72,2024-05-29 00:00:00,Townsquare Media,Montrose,CO,81401,Advertising,Personal Cc
House District 58,"SUCKLA, LARRY",-699.72,2024-05-29 00:00:00,Townsquare Media,Montrose,CO,81401,Advertising,Offset Due To Update Of Filed Item - Personal Cc
House District 58,"SUCKLA, LARRY",699.72,2024-05-29 00:00:00,Townsquare Media,Montrose,CO,81401,Advertising,Personal Cc Reimbursed March 2025
House District 58,"SUCKLA, LARRY",35.0,2024-06-03 00:00:00,The Montrose Mirror,Montrose,CO,81401,Advertising,
House District 58,"SUCKLA, LARRY",24.15,2024-06-07 00:00:00,Brand Central,Cortez,CO,81321,Advertising,
House District 58,"SUCKLA, LARRY",70.0,2024-06-10 00:00:00,The Montrose Mirror,Montrose,CO,81401,Advertising,
House District 58,"SUCKLA, LARRY",450.84,2024-06-10 00:00:00,Townsquare Media,Montrose,CO,81401,Advertising,Personal Cc
House District 58,"SUCKLA, LARRY",-70.0,2024-06-10 00:00:00,The Montrose Mirror,Montrose,CO,81401,Advertising,Offset Due To Update Of Filed Item
House District 58,"SUCKLA, LARRY",70.0,2024-06-10 00:00:00,The Montrose Mirror,Montrose,CO,81401,Advertising,Internet Advertising
House District 58,"SUCKLA, LARRY",-450.84,2024-06-10 00:00:00,Townsquare Media,Montrose,CO,81401,Advertising,Offset Due To Update Of Filed Item - Personal Cc
House District 58,"SUCKLA, LARRY",450.84,2024-06-10 00:00:00,Townsquare Media,Montrose,CO,81401,Advertising,Personal Cc Reimbursed Ckeck #96
House District 58,"SUCKLA, LARRY",48.31,2024-06-14 00:00:00,Brand Central,Cortez,CO,81321,Advertising,
House District 58,"SUCKLA, LARRY",-70.0,2024-06-18 00:00:00,The Montrose Mirror,Montrose,CO,81401,Advertising,Offset Due To Update Of Filed Item
House District 58,"SUCKLA, LARRY",70.0,2024-06-18 00:00:00,The Montrose Mirror,Montrose,CO,81401,Advertising,Internet Financing
House District 58,"SUCKLA, LARRY",383.52,2024-06-19 00:00:00,Townsquare Media,Montrose,CO,81401,Advertising,Personal Cc
House District 58,"SUCKLA, LARRY",-383.52,2024-06-19 00:00:00,Townsquare Media,Montrose,CO,81401,Advertising,Offset Due To Update Of Filed Item - Personal Cc
House District 58,"SUCKLA, LARRY",383.52,2024-06-19 00:00:00,Townsquare Media,Montrose,CO,81401,Advertising,Personal Cc Reimbursed Check #98
House District 58,"SUCKLA, LARRY",70.0,2024-06-20 00:00:00,The Montrose Mirror,Montrose,CO,81401,Advertising,
House District 58,"SUCKLA, LARRY",35.0,2024-06-25 00:00:00,The Montrose Mirror,Montrose,CO,81401,Advertising,Internet Advertising Paid By Personal Credit Card Reimbursed March 2025
House District 58,"SUCKLA, LARRY",35.0,2024-07-29 00:00:00,The Montrose Mirror,Montrose,CO,81401,Advertising,Paid By Personal Credit Card To Be Reimbursed
House District 58,"SUCKLA, LARRY",18.3,2024-07-31 00:00:00,Anedot,New Orleans,LA,70112,Other,Mccallen Anedot Fee
House District 58,"SUCKLA, LARRY",-69.73,2024-08-05 00:00:00,Build A Sign,Austin,TX,78758,Advertising,Offset Due To Update Of Filed Item
House District 58,"SUCKLA, LARRY",69.73,2024-08-05 00:00:00,Build A Sign,Austin,TX,78758,Advertising,Paid By Personal Credit Card. Reimb. Ck. #202
House District 58,"SUCKLA, LARRY",-766.49,2024-08-05 00:00:00,Brand Central,Cortez,CO,81321,Advertising,Offset Due To Update Of Filed Item
House District 58,"SUCKLA, LARRY",766.49,2024-08-05 00:00:00,Brand Central,Cortez,CO,81321,Advertising,Paid By Personal Cc Paid By Ck #99 Reimbursement
House District 58,"SUCKLA, LARRY",35.0,2024-08-05 00:00:00,The Montrose Mirror,Montrose,CO,81401,Advertising,Paid 9/19/24
House District 58,"SUCKLA, LARRY",-2.3,2024-08-06 00:00:00,Anedot,New Orleans,LA,70112,Miscellaneous,Offset Due To Update Of Filed Item - Anedot Transaction Fee
House District 58,"SUCKLA, LARRY",2.3,2024-08-06 00:00:00,Anedot,New Orleans,LA,70112,Miscellaneous,"Anedot Transaction Fee
P Hamilton"
House District 58,"SUCKLA, LARRY",-4.3,2024-08-06 00:00:00,Anedot,New Orleans,LA,70112,Miscellaneous,Offset Due To Update Of Filed Item - Anadot Transaction Fee
House District 58,"SUCKLA, LARRY",4.3,2024-08-06 00:00:00,Anedot,New Orleans,LA,70112,Miscellaneous,"Anadot Transaction Fee
Elkins"
House District 58,"SUCKLA, LARRY",-18.3,2024-08-06 00:00:00,Anedot,New Orleans,LA,70112,Miscellaneous,Offset Due To Update Of Filed Item - Anedot Transaction Fee
House District 58,"SUCKLA, LARRY",18.3,2024-08-06 00:00:00,Anedot,New Orleans,LA,70112,Miscellaneous,"Anedot Transaction Fee
S Hamilton"
House District 58,"SUCKLA, LARRY",-69.78,2024-08-08 00:00:00,Brand Central,Cortez,CO,81321,Advertising,Offset Due To Update Of Filed Item
House District 58,"SUCKLA, LARRY",69.78,2024-08-08 00:00:00,Brand Central,Cortez,CO,81321,Advertising,Paid By Personal Credit Card. Reimb. Ck#202
House District 58,"SUCKLA, LARRY",70.0,2024-08-13 00:00:00,The Montrose Mirror,Montrose,CO,81401,Advertising,Paid 8/21/24
House District 58,"SUCKLA, LARRY",-10.3,2024-08-14 00:00:00,Anedot,New Orleans,LA,70112,Miscellaneous,Offset Due To Update Of Filed Item - Anedot Transaction Fee
House District 58,"SUCKLA, LARRY",10.3,2024-08-14 00:00:00,Anedot,New Orleans,LA,70112,Miscellaneous,"Anedot Transaction Fee
P Mckee"
House District 58,"SUCKLA, LARRY",-4.3,2024-08-15 00:00:00,Anedot,New Orleans,LA,70112,Miscellaneous,Offset Due To Update Of Filed Item - Anedot Transaction Fee
House District 58,"SUCKLA, LARRY",4.3,2024-08-15 00:00:00,Anedot,New Orleans,LA,70112,Miscellaneous,"Anedot Transaction Fee
P Caloger"
House District 58,"SUCKLA, LARRY",-4.3,2024-08-15 00:00:00,Anedot,New Orleans,LA,70112,Miscellaneous,Offset Due To Deletion Of Filed Item - Anedot Transaction Fee
House District 58,"SUCKLA, LARRY",-4.3,2024-08-18 00:00:00,Anedot,New Orleans,LA,70112,Miscellaneous,Offset Due To Update Of Filed Item - Anedot Transaction Fee
House District 58,"SUCKLA, LARRY",4.3,2024-08-18 00:00:00,Anedot,New Orleans,LA,70112,Miscellaneous,"Anedot Transaction Fee
K. Elmont"
House District 58,"SUCKLA, LARRY",112.0,2024-08-20 00:00:00,Club 20,Grand Junction,CO,81502,Advertising,Paid By Personal Cc
House District 58,"SUCKLA, LARRY",70.0,2024-08-20 00:00:00,The Montrose Mirror,Montrose,CO,81401,Advertising,Paid By Personal Credit Card To Be Reimbursed
House District 58,"SUCKLA, LARRY",-70.0,2024-08-21 00:00:00,The Montrose Mirror,Montrose,CO,81401,Advertising,Offset Due To Update Of Filed Item
House District 58,"SUCKLA, LARRY",307.73,2024-08-23 00:00:00,Springhill Suites,Pueblo,CO,81002,Travel & Lodging,Paid By Personal Cc
House District 58,"SUCKLA, LARRY",70.0,2024-08-26 00:00:00,The Montrose Mirror,Montrose,CO,81401,Advertising,Paid 9/19/24
House District 58,"SUCKLA, LARRY",-8.3,2024-08-29 00:00:00,Anedot,New Orleans,LA,70112,Miscellaneous,Offset Due To Update Of Filed Item
House District 58,"SUCKLA, LARRY",8.3,2024-08-29 00:00:00,Anedot,New Orleans,LA,70112,Miscellaneous,Hogan
House District 58,"SUCKLA, LARRY",161.98,2024-08-31 00:00:00,Three Rivers Resort,Almont,CO,81210,Travel & Lodging,
House District 58,"SUCKLA, LARRY",-35.0,2024-09-02 00:00:00,The Montrose Mirror,Montrose,CO,81401,Advertising,Offset Due To Update Of Filed Item
House District 58,"SUCKLA, LARRY",35.0,2024-09-02 00:00:00,The Montrose Mirror,Montrose,CO,81401,Advertising,Internet Classified
House District 58,"SUCKLA, LARRY",-35.0,2024-09-09 00:00:00,The Montrose Mirror,Montrose,CO,81401,Advertising,Offset Due To Update Of Filed Item
House District 58,"SUCKLA, LARRY",35.0,2024-09-09 00:00:00,The Montrose Mirror,Montrose,CO,81401,Advertising,Internet Classified
House District 58,"SUCKLA, LARRY",-35.0,2024-09-16 00:00:00,The Montrose Mirror,Montrose,CO,81401,Advertising,Offset Due To Update Of Filed Item
House District 58,"SUCKLA, LARRY",35.0,2024-09-16 00:00:00,The Montrose Mirror,Montrose,CO,81401,Advertising,
House District 58,"SUCKLA, LARRY",-70.0,2024-09-20 00:00:00,The Montrose Mirror,Montrose,CO,81401,Advertising,Offset Due To Deletion Of Filed Item
House District 58,"SUCKLA, LARRY",-35.0,2024-09-20 00:00:00,The Montrose Mirror,Montrose,CO,81401,Advertising,Offset Due To Deletion Of Filed Item
House District 58,"SUCKLA, LARRY",656.88,2024-09-23 00:00:00,Townsquare Media,Montrose,CO,81401,Advertising,Paid By Personal Cc To Be Reimbursed
House District 58,"SUCKLA, LARRY",-35.0,2024-09-23 00:00:00,The Montrose Mirror,Montrose,CO,81401,Advertising,Offset Due To Update Of Filed Item
House District 58,"SUCKLA, LARRY",35.0,2024-09-23 00:00:00,The Montrose Mirror,Montrose,CO,81401,Advertising,
House District 58,"SUCKLA, LARRY",35.0,2024-09-30 00:00:00,The Montrose Mirror,Montrose,CO,81401,Advertising,Invoice #1889
House District 58,"SUCKLA, LARRY",-35.0,2024-09-30 00:00:00,The Montrose Mirror,Montrose,CO,81401,Advertising,Offset Due To Update Of Filed Item - Invoice #1889
House District 58,"SUCKLA, LARRY",35.0,2024-09-30 00:00:00,The Montrose Mirror,Montrose,CO,81401,Advertising,Invoice #1889 Internet Advertising
House District 58,"SUCKLA, LARRY",496.0,2024-10-01 00:00:00,Townsquare Media,Montrose,CO,81401,Advertising,Paid By Personal Cc To Be Reimbursed?
House District 58,"SUCKLA, LARRY",-112.0,2024-10-03 00:00:00,Gunnison Country Times,Gunnison,CO,81230,Advertising,Offset Due To Update Of Filed Item
House District 58,"SUCKLA, LARRY",112.0,2024-10-03 00:00:00,Gunnison Country Times,Gunnison,CO,81230,Advertising,
House District 58,"SUCKLA, LARRY",35.0,2024-10-07 00:00:00,The Montrose Mirror,Montrose,CO,81401,Advertising,Internet Advertising
House District 58,"SUCKLA, LARRY",-113.13,2024-10-07 00:00:00,In San Miguel,Tbe,CO,81321,Advertising,Offset Due To Update Of Filed Item
House District 58,"SUCKLA, LARRY",113.13,2024-10-07 00:00:00,In San Miguel,Tbe,CO,81321,Advertising,
House District 58,"SUCKLA, LARRY",-35.0,2024-10-09 00:00:00,The Montrose Mirror,Montrose,CO,81401,Advertising,Offset Due To Update Of Filed Item
House District 58,"SUCKLA, LARRY",-35.0,2024-10-09 00:00:00,The Montrose Mirror,Montrose,CO,81401,Advertising,Offset Due To Update Of Filed Item - Invoice #1889
House District 58,"SUCKLA, LARRY",166.0,2024-10-10 00:00:00,Alpenglow Pubishers Llc,Ridgeway,CO,81432,Advertising,
House District 58,"SUCKLA, LARRY",-798.0,2024-10-10 00:00:00,Montrose Daily Press,Dallas,TX,75267,Advertising,Offset Due To Deletion Of Filed Item
House District 58,"SUCKLA, LARRY",288.0,2024-10-12 00:00:00,Montrose Daily Press,Dallas,TX,75267,Advertising,Ad. #751023
House District 58,"SUCKLA, LARRY",288.0,2024-10-12 00:00:00,Montrose Daily Press,Dallas,TX,75267,Advertising,Ad. #751020
House District 58,"SUCKLA, LARRY",-288.0,2024-10-12 00:00:00,Montrose Daily Press,Dallas,TX,75267,Advertising,Offset Due To Update Of Filed Item - Ad. #751020
House District 58,"SUCKLA, LARRY",288.0,2024-10-12 00:00:00,Montrose Daily Press,Dallas,TX,75267,Advertising,Ad. #751020 Print Advertising
House District 58,"SUCKLA, LARRY",-288.0,2024-10-12 00:00:00,Montrose Daily Press,Dallas,TX,75267,Advertising,Offset Due To Update Of Filed Item - Ad. #751023
House District 58,"SUCKLA, LARRY",288.0,2024-10-12 00:00:00,Montrose Daily Press,Dallas,TX,75267,Advertising,Ad. #751023 Print Advertising
House District 58,"SUCKLA, LARRY",35.0,2024-10-14 00:00:00,The Montrose Mirror,Montrose,CO,81401,Advertising,
House District 58,"SUCKLA, LARRY",-35.0,2024-10-14 00:00:00,The Montrose Mirror,Montrose,CO,81401,Advertising,Offset Due To Update Of Filed Item
House District 58,"SUCKLA, LARRY",35.0,2024-10-14 00:00:00,The Montrose Mirror,Montrose,CO,81401,Advertising,Invoice 1907 Internet Advertising
House District 58,"SUCKLA, LARRY",971.36,2024-10-15 00:00:00,Townsquare Media,Montrose,CO,81401,Advertising,Actual Exp. 1071.00 Paid By Personal Cc
House District 58,"SUCKLA, LARRY",222.0,2024-10-17 00:00:00,Montrose Daily Press,Dallas,TX,75267,Advertising,Ad#751030
House District 58,"SUCKLA, LARRY",-35.0,2024-10-17 00:00:00,The Montrose Mirror,Montrose,CO,81401,Advertising,Offset Due To Update Of Filed Item
House District 58,"SUCKLA, LARRY",-2535.0,2024-10-17 00:00:00,Hutton Broadcasting,Sante Fe,NM,87505,Advertising,Offset Due To Update Of Filed Item
House District 58,"SUCKLA, LARRY",2535.0,2024-10-17 00:00:00,Hutton Broadcasting,Sante Fe,NM,87505,Advertising,
House District 58,"SUCKLA, LARRY",-2535.0,2024-10-17 00:00:00,Hutton Broadcasting,Sante Fe,NM,87505,Advertising,Offset Due To Update Of Filed Item
House District 58,"SUCKLA, LARRY",2535.0,2024-10-17 00:00:00,Hutton Broadcasting,Sante Fe,NM,87505,Advertising,Radio Advertising
House District 58,"SUCKLA, LARRY",-222.0,2024-10-17 00:00:00,Montrose Daily Press,Dallas,TX,75267,Advertising,Offset Due To Update Of Filed Item - Ad#751030
House District 58,"SUCKLA, LARRY",222.0,2024-10-17 00:00:00,Montrose Daily Press,Dallas,TX,75267,Advertising,Ad#751030 Print Advertising
House District 58,"SUCKLA, LARRY",35.0,2024-10-21 00:00:00,The Montrose Mirror,Montrose,CO,81401,Advertising,Invoice #1921
House District 58,"SUCKLA, LARRY",-35.0,2024-10-21 00:00:00,The Montrose Mirror,Montrose,CO,81401,Advertising,Offset Due To Update Of Filed Item - Invoice #1921
House District 58,"SUCKLA, LARRY",35.0,2024-10-21 00:00:00,The Montrose Mirror,Montrose,CO,81401,Advertising,Invoice #1921 Internet Advertising
House District 58,"SUCKLA, LARRY",2000.0,2024-10-23 00:00:00,Dawn  Brunson,Cortez,CO,81321,Consultant & Professional Services,Ck #200
House District 58,"SUCKLA, LARRY",-222.0,2024-10-23 00:00:00,Montrose Daily Press,Dallas,TX,75267,Advertising,Offset Due To Update Of Filed Item
House District 58,"SUCKLA, LARRY",-288.0,2024-10-23 00:00:00,Montrose Daily Press,Dallas,TX,75267,Advertising,Offset Due To Update Of Filed Item
House District 58,"SUCKLA, LARRY",288.0,2024-10-26 00:00:00,Montrose Daily Press,Dallas,TX,75267,Advertising,
House District 58,"SUCKLA, LARRY",-288.0,2024-10-26 00:00:00,Montrose Daily Press,Dallas,TX,75267,Advertising,Offset Due To Deletion Of Filed Item
House District 58,"SUCKLA, LARRY",1.3,2024-10-30 00:00:00,Anedot,New Orleans,LA,70112,Miscellaneous,Anedot Fee L Parker
House District 58,"SUCKLA, LARRY",222.0,2024-10-31 00:00:00,Montrose Daily Press,Dallas,TX,75267,Advertising,
House District 58,"SUCKLA, LARRY",-222.0,2024-10-31 00:00:00,Montrose Daily Press,Dallas,TX,75267,Advertising,Offset Due To Deletion Of Filed Item
House District 58,"SUCKLA, LARRY",2000.0,2024-11-04 00:00:00,Wizbang Solutions,Commerce City,CO,80022,Advertising,
House District 58,"SUCKLA, LARRY",2000.0,2024-11-07 00:00:00,Wizbang Solutions,Commerce City,CO,80022,Advertising,
House District 58,"SUCKLA, LARRY",2338.69,2024-11-07 00:00:00,Wizbang Solutions,Commerce City,CO,80022,Advertising,
House District 58,"SUCKLA, LARRY",-341.13,2024-11-18 00:00:00,The Ouray County Plaindealer,Ridgeway,CO,81432,Advertising,Offset Due To Deletion Of Filed Item
House District 58,"SUCKLA, LARRY",0.8,2024-11-19 00:00:00,Facebook,Menlo Park,CA,94025,Advertising,
House District 59,"RIESS, NAOMI",106.93,2025-09-15 00:00:00,U.S. Post Office,Durango,CO,81301,Office Equipment & Supplies,Postage And Office Mailing Supplies
House District 59,"RIESS, NAOMI",30.25,2025-09-25 00:00:00,Point To Point Graphics,Durango,CO,81303,Miscellaneous,Color Copies And Printing
House District 59,"RIESS, NAOMI",7000.0,2025-09-30 00:00:00,Paul Eckenrode 360 Durango,Durango,CO,81301,Consultant & Professional Services,"Start Up Of Riess For Colorado Campaign. Marketing And Media Professional Services And Campaign Supplies Purchased.
Candidate Paid With Personal Check $7,000.00. (See Loan)"
House District 59,"RIESS, NAOMI",-7000.0,2025-09-30 00:00:00,Paul Eckenrode 360 Durango,Durango,CO,81301,Consultant & Professional Services,Offset Due To Update Of Filed Item - Start Up Of Riess For Colorado Campaign. Marketing And Media Professional Services And Campaign Supplies Purcha
House District 59,"RIESS, NAOMI",7000.0,2025-09-30 00:00:00,Paul Eckenrode 360 Durango,Durango,CO,81301,Consultant & Professional Services,"Start Up Of Riess For Colorado Campaign. Marketing And Media Professional Services And Campaign Supplies Purchased.
Candidate Paid With Personal Check $7,000.00. (See Loan)"
House District 59,"RIESS, NAOMI",134.1,2025-09-30 00:00:00,Anedot,New Orleans,LA,70112,Bank Fees,Anedot Fees
House District 59,"RIESS, NAOMI",37.5,2025-10-01 00:00:00,Intuit Quickbooks,Mountain View,CA,94043,Other,Accounting Tools
House District 59,"RIESS, NAOMI",62.1,2025-10-06 00:00:00,Mailchimp,Atlanta,GA,30308,Advertising,Marketing Email Platform
House District 59,"RIESS, NAOMI",72.81,2025-10-08 00:00:00,Tbk Bank,Durango,CO,81301,Bank Fees,Checks For Committee Acct
House District 59,"RIESS, NAOMI",900.0,2025-10-08 00:00:00,La Plata County Republican Central Committee (Lpcrcc),Durango,CO,81303,Fundraising Expenses,Table At Lincoln Day Dinner
House District 59,"RIESS, NAOMI",210.0,2025-10-15 00:00:00,U.S. Post Office,Durango,CO,81301,Other,Candidate Paid For Po Box For Campaign - See Corresponding Loan
House District 59,"RIESS, NAOMI",2000.0,2025-10-17 00:00:00,Paul Eckenrode 360 Durango,Durango,CO,81301,Consultant & Professional Services,Campaign Consultant
House District 59,"RIESS, NAOMI",192.96,2025-10-20 00:00:00,4 Over International,Glendale,CA,91204,Advertising,Campaign Printing
House District 59,"RIESS, NAOMI",2000.0,2025-10-21 00:00:00,Paul Eckenrode 360 Durango,Durango,CO,81301,Consultant & Professional Services,Campaign Consultant
House District 59,"RIESS, NAOMI",37.5,2025-10-27 00:00:00,Intuit Quickbooks,Mountain View,CA,94043,Miscellaneous,Accounting Tool
House District 59,"RIESS, NAOMI",409.1,2025-10-30 00:00:00,"A.D. Design, Llc",Durango,CO,81303,Office Equipment & Supplies,Candidate Paid For Ad Design Expense. See Corresponding Loan
House District 59,"RIESS, NAOMI",62.1,2025-11-03 00:00:00,Mailchimp,Atlanta,GA,30308,Advertising,Marketing Email Platform
House District 59,"RIESS, NAOMI",790.5,2025-11-05 00:00:00,Noah  Camach,Durango,CO,81303,Consultant & Professional Services,Campaign Research And Consulting
House District 59,"RIESS, NAOMI",4865.0,2025-11-25 00:00:00,Paul Eckenrode 360 Durango,Durango,CO,81301,Consultant & Professional Services,Campaign Consultant
House District 59,"RIESS, NAOMI",37.5,2025-11-28 00:00:00,Intuit Quickbooks,Mountain View,CA,94043,Miscellaneous,Accounting Tool
House District 59,"RIESS, NAOMI",23.34,2025-11-29 00:00:00,Officemax,Durango,CO,81301,Miscellaneous,Mailing Labels - Candidate Paid For - See Corresponding Loan
House District 59,"RIESS, NAOMI",62.1,2025-12-03 00:00:00,Mailchimp,Atlanta,GA,30308,Advertising,Marketing Email Platform
House District 59,"RIESS, NAOMI",100.0,2025-12-10 00:00:00,Noah  Camach,Durango,CO,81303,Consultant & Professional Services,Campaign Research And Consulting
House District 59,"RIESS, NAOMI",24.73,2025-12-11 00:00:00,Walmart,Durango,CO,81303,Office Equipment & Supplies,Gop Meeting Supplies For Campaign - Candidate Paid - See Corresponding Loan
House District 59,"RIESS, NAOMI",78.0,2025-12-15 00:00:00,U.S. Post Office,Durango,CO,81301,Miscellaneous,Postage - Candidate Paid - See Corresponding Loan
House District 59,"RIESS, NAOMI",24.0,2025-12-15 00:00:00,Honeyville,Durango,CO,81301,Miscellaneous,Lunch Supplies For Meet And Greet - Candidate Paid For - See Corresponding Loan
House District 59,"RIESS, NAOMI",128.13,2025-12-17 00:00:00,Club 20,Grand Junction,CO,81502,Advertising,"Registration Fee For Club 20 Meeting To Campaign, Candidate Paid For - See Corresponding Loan"
House District 59,"RIESS, NAOMI",298.64,2025-12-17 00:00:00,Double Tree,Grand Junction,CO,81506,Travel & Lodging,Lodging For Club 20 Campaign Reservation - Candidate Paid For - See Corresponding Loan
House District 59,"RIESS, NAOMI",75.0,2025-12-29 00:00:00,Intuit Quickbooks,Mountain View,CA,94043,Miscellaneous,Accounting Tool
House District 59,"RIESS, NAOMI",1257.1,2025-12-31 00:00:00,Naomi E Riess,Durango,CO,81303,Travel & Lodging,"Cumulative Mileage For Campaign Related Mileage Total 10-01-25 Thru 12-31-25. Mileage Logs All Filed And Available In Tracer Documents. 1,995.4 Miles @ $0.63 Per Mile For $1,257.10. Candidate Paid - See Corresponding Loan"
House District 59,"RIESS, NAOMI",165.9,2025-12-31 00:00:00,Anedot,New Orleans,LA,70112,Bank Fees,Anedot Fees
House District 59,"STEWART, KATIE",40.0,2025-01-03 00:00:00,Gusto,San Francisco,CA,94107,Consultant & Professional Services,Fee
House District 59,"STEWART, KATIE",26.5,2025-01-06 00:00:00,Mailchimp,Atlanta,GA,30308-1884,Consultant & Professional Services,
House District 59,"STEWART, KATIE",1223.55,2025-01-08 00:00:00,Red Peak Properties,Denver,CO,80203,Rent & Utilities,
House District 59,"STEWART, KATIE",107.83,2025-01-24 00:00:00,Donn  Bruns,Arvada,CO,80005,Consultant & Professional Services,
House District 59,"STEWART, KATIE",26.5,2025-02-06 00:00:00,Mailchimp,Atlanta,GA,30308-1884,Consultant & Professional Services,
House District 59,"STEWART, KATIE",26.5,2025-03-06 00:00:00,Mailchimp,Atlanta,GA,30308-1884,Consultant & Professional Services,
House District 59,"STEWART, KATIE",27.43,2025-04-08 00:00:00,Mailchimp,Atlanta,GA,30308-1884,Consultant & Professional Services,
House District 59,"STEWART, KATIE",27.43,2025-05-08 00:00:00,Mailchimp,Atlanta,GA,30308-1884,Consultant & Professional Services,
House District 59,"STEWART, KATIE",27.43,2025-06-09 00:00:00,Mailchimp,Atlanta,GA,30308-1884,Consultant & Professional Services,
House District 59,"STEWART, KATIE",105.0,2025-06-18 00:00:00,Usps,Durango,CO,81301,Office Equipment & Supplies,
House District 59,"STEWART, KATIE",27.43,2025-07-08 00:00:00,Mailchimp,Atlanta,GA,30308-1884,Advertising,
House District 59,"STEWART, KATIE",49.39,2025-07-27 00:00:00,Actblue Technical Services,Somerville,MA,02144,Bank Fees,
House District 59,"STEWART, KATIE",50.0,2024-07-31 00:00:00,Colorado Secretary Of State,Denver,CO,80290,Other,Sos License Fee
House District 59,"STEWART, KATIE",2.34,2025-08-03 00:00:00,Actblue Technical Services,Somerville,MA,02144,Bank Fees,
House District 59,"STEWART, KATIE",27.43,2025-08-08 00:00:00,Mailchimp,Atlanta,GA,30308-1884,Advertising,
House District 59,"STEWART, KATIE",41.39,2024-08-14 00:00:00,City Market,Durango,CO,81301,"Food, Beverages and Meals",
House District 59,"STEWART, KATIE",17.82,2025-09-07 00:00:00,Actblue Technical Services,Somerville,MA,02144,Bank Fees,
House District 59,"STEWART, KATIE",27.43,2025-09-08 00:00:00,Mailchimp,Atlanta,GA,30308-1884,Advertising,
House District 59,"STEWART, KATIE",155.88,2025-09-12 00:00:00,Dreamhost,Brea,CA,92821,Advertising,
House District 59,"STEWART, KATIE",2.3,2025-09-21 00:00:00,Actblue Technical Services,Somerville,MA,02144,Bank Fees,
House District 59,"STEWART, KATIE",17.78,2025-09-28 00:00:00,Actblue Technical Services,Somerville,MA,02144,Bank Fees,
House District 59,"STEWART, KATIE",19.99,2025-09-29 00:00:00,Dreamhost,Brea,CA,92821,Advertising,
House District 59,"STEWART, KATIE",16.82,2025-09-30 00:00:00,Actblue Technical Services,Somerville,MA,02144,Bank Fees,
House District 59,"STEWART, KATIE",100.0,2024-11-20 00:00:00,Redevelopment Enterprises Inc,Denver,CO,80236,Rent & Utilities,
House District 59,"STEWART, KATIE",42.48,2024-12-01 00:00:00,Actblue Technical Services,Somerville,MA,02144,Bank Fees,
House District 59,"STEWART, KATIE",1326.71,2024-12-06 00:00:00,Red Peak Properties,Denver,CO,80203,Rent & Utilities,
House District 59,"STEWART, KATIE",26.5,2024-12-09 00:00:00,Mailchimp,Atlanta,GA,30308-1884,Advertising,
House District 59,"STEWART, KATIE",14.95,2025-10-01 00:00:00,Uber,San Francisco,CA,94158,Travel & Lodging,
House District 59,"STEWART, KATIE",17.78,2025-10-03 00:00:00,Actblue Technical Services,Somerville,MA,02144,Bank Fees,
House District 59,"STEWART, KATIE",20.0,2025-10-06 00:00:00,Opportunity Caucus,Arvada,CO,80002,Other,Caucus Dues
House District 59,"STEWART, KATIE",27.43,2025-10-08 00:00:00,Mailchimp,Atlanta,GA,30308-1884,Advertising,
House District 59,"STEWART, KATIE",113.27,2025-10-09 00:00:00,Office Depot,Durango,CO,81303,Office Equipment & Supplies,
House District 59,"STEWART, KATIE",16.82,2025-10-10 00:00:00,Actblue Technical Services,Somerville,MA,02144,Bank Fees,
House District 59,"STEWART, KATIE",5.01,2025-10-19 00:00:00,Actblue Technical Services,Somerville,MA,02144,Bank Fees,
House District 59,"STEWART, KATIE",25.68,2025-10-26 00:00:00,Actblue Technical Services,Somerville,MA,02144,Bank Fees,
House District 59,"STEWART, KATIE",17.78,2025-11-02 00:00:00,Actblue Technical Services,Somerville,MA,02144,Bank Fees,
House District 59,"STEWART, KATIE",27.43,2025-11-07 00:00:00,Mailchimp,Atlanta,GA,30308-1884,Advertising,
House District 59,"STEWART, KATIE",17.78,2025-11-09 00:00:00,Actblue Technical Services,Somerville,MA,02144,Bank Fees,
House District 59,"STEWART, KATIE",284.17,2025-11-10 00:00:00,The Elizabeth Hotel,Fort Collins,CO,80524,Travel & Lodging,
House District 59,"STEWART, KATIE",46.0,2025-11-10 00:00:00,The Elizabeth Hotel,Fort Collins,CO,80524,Travel & Lodging,Parking
House District 59,"STEWART, KATIE",2.34,2025-11-16 00:00:00,Actblue Technical Services,Somerville,MA,02144,Bank Fees,
House District 59,"STEWART, KATIE",980.0,2025-11-19 00:00:00,Opportunity Caucus,Arvada,CO,80002,Other,Caucus Dues
House District 59,"STEWART, KATIE",25.68,2025-11-23 00:00:00,Actblue Technical Services,Somerville,MA,02144,Bank Fees,
House District 59,"STEWART, KATIE",18.77,2025-11-30 00:00:00,Actblue Technical Services,Somerville,MA,02144,Bank Fees,
House District 59,"STEWART, KATIE",10.0,2025-12-05 00:00:00,Rtd,Denver,CO,80202,Travel & Lodging,
House District 59,"STEWART, KATIE",20.96,2025-12-05 00:00:00,Uber,San Francisco,CA,94158,Travel & Lodging,
House District 59,"STEWART, KATIE",143.23,2025-12-07 00:00:00,Actblue Technical Services,Somerville,MA,02144,Bank Fees,
House District 59,"STEWART, KATIE",10.0,2025-12-08 00:00:00,Rtd,Denver,CO,80202,Travel & Lodging,
House District 59,"STEWART, KATIE",12.93,2025-12-08 00:00:00,Uber,San Francisco,CA,94158,Travel & Lodging,
House District 59,"STEWART, KATIE",27.43,2025-12-08 00:00:00,Mailchimp,Atlanta,GA,30308-1884,Advertising,
House District 59,"STEWART, KATIE",16.17,2025-12-14 00:00:00,Actblue Technical Services,Somerville,MA,02144,Bank Fees,
House District 59,"STEWART, KATIE",17.32,2025-12-16 00:00:00,Art Supply House,Durango,CO,81301,Office Equipment & Supplies,
House District 59,"STEWART, KATIE",105.0,2025-12-17 00:00:00,Usps,Durango,CO,81301,Rent & Utilities,
House District 59,"STEWART, KATIE",26.67,2025-12-21 00:00:00,Actblue Technical Services,Somerville,MA,02144,Bank Fees,
House District 59,"STEWART, KATIE",31.2,2025-12-22 00:00:00,Usps,Durango,CO,81301,Office Equipment & Supplies,
House District 59,"STEWART, KATIE",17.78,2025-12-28 00:00:00,Actblue Technical Services,Somerville,MA,02144,Bank Fees,
House District 59,"STEWART, KATIE",7.5,2025-12-30 00:00:00,Canva,Austin,TX,78702,Consultant & Professional Services,
House District 59,"STEWART, KATIE",27.66,2025-12-31 00:00:00,Actblue Technical Services,Somerville,MA,02144,Bank Fees,
House District 60,"ALEXANDER, MATTHEW",17.25,2025-10-30 00:00:00,High Country Bank,Canon City,CO,81212,Bank Fees,Purchase Checks For Banking Account
House District 60,"ALEXANDER, MATTHEW",4.3,2025-11-07 00:00:00,Anedot,Dallas,TX,75206-5311,Bank Fees,
House District 60,"ALEXANDER, MATTHEW",125.0,2025-11-07 00:00:00,Pueblo County,Pueblo,CO,81003,Consultant & Professional Services,Voter Roll Records Request
House District 60,"ALEXANDER, MATTHEW",165.0,2025-11-10 00:00:00,Steeple Event And Conference Center,Canon City,CO,81212,Rent & Utilities,Rental Of Facility For Campaign Kickoff Event
House District 60,"ALEXANDER, MATTHEW",21.28,2025-11-12 00:00:00,Amazon.Com,Seattle,WA,98109,Advertising,Thank You Cards
House District 60,"ALEXANDER, MATTHEW",23.4,2025-11-12 00:00:00,United States Postal Service,Canon City,CO,81212,Fundraising Expenses,Stamps For Thank You Cards
House District 60,"ALEXANDER, MATTHEW",322.0,2025-11-13 00:00:00,Prairie Mountain Media,Boulder,CO,80301,Advertising,Shopper Ad
House District 60,"ALEXANDER, MATTHEW",6.17,2025-11-14 00:00:00,City Market,Canon City,CO,81212,Fundraising Expenses,Campaign Kickoff Event
House District 60,"ALEXANDER, MATTHEW",192.83,2025-11-14 00:00:00,Walmart,Canon City,CO,81212,Fundraising Expenses,Campaign Kickoff Event
House District 60,"ALEXANDER, MATTHEW",4.3,2025-11-19 00:00:00,Anedot,Dallas,TX,75206-5311,Bank Fees,
House District 60,"ALEXANDER, MATTHEW",8.3,2025-11-20 00:00:00,Anedot,Dallas,TX,75206-5311,Bank Fees,
House District 60,"ALEXANDER, MATTHEW",51.59,2025-11-20 00:00:00,Walmart,Canon City,CO,81212,Fundraising Expenses,Campaign Kickoff Event
House District 60,"ALEXANDER, MATTHEW",92.97,2025-11-20 00:00:00,Walmart,Canon City,CO,81212,Fundraising Expenses,Campaign Kickoff Event
House District 60,"ALEXANDER, MATTHEW",15.0,2025-11-22 00:00:00,Walmart,Canon City,CO,81212,Fundraising Expenses,Campaign Kickoff Event
House District 60,"ALEXANDER, MATTHEW",85.0,2025-11-22 00:00:00,Walmart,Canon City,CO,81212,Fundraising Expenses,Campaign Kickoff Event
House District 60,"ALEXANDER, MATTHEW",4.3,2025-11-26 00:00:00,Anedot,Dallas,TX,75206-5311,Bank Fees,
House District 60,"ALEXANDER, MATTHEW",2.3,2025-11-27 00:00:00,Anedot,Dallas,TX,75206-5311,Bank Fees,
House District 60,"ALEXANDER, MATTHEW",475.41,2025-12-03 00:00:00,Vistaprint,Lexington,MA,02421,Advertising,
House District 60,"ALEXANDER, MATTHEW",376.19,2025-12-05 00:00:00,Master Printers,Canon City,CO,81212,Advertising,Banners
House District 60,"ALEXANDER, MATTHEW",76.21,2025-12-05 00:00:00,Walmart,Canon City,CO,81212,Office Equipment & Supplies,
House District 60,"ALEXANDER, MATTHEW",2.3,2025-12-07 00:00:00,Anedot,Dallas,TX,75206-5311,Bank Fees,
House District 60,"ALEXANDER, MATTHEW",8.3,2025-12-31 00:00:00,Anedot,Dallas,TX,75206-5311,Bank Fees,
House District 60,"ALEXANDER, MATTHEW",18.3,2025-12-31 00:00:00,Anedot,Dallas,TX,75206-5311,Bank Fees,
House District 60,"GRAY, MICHELLE",10.75,2025-07-17 00:00:00,Staples,Pueblo,CO,81008,Other,7214 ∑ Office Supplies
House District 60,"GRAY, MICHELLE",2.3,2025-07-22 00:00:00,Anedot,New Orleans,LA,70112,Other,7820 ∑ Merchant Account Fees
House District 60,"GRAY, MICHELLE",13.9,2025-07-24 00:00:00,Anedot,New Orleans,LA,70112,Other,7820 ∑ Merchant Account Fees
House District 60,"GRAY, MICHELLE",2.3,2025-07-25 00:00:00,Anedot,New Orleans,LA,70112,Other,7820 ∑ Merchant Account Fees
House District 60,"GRAY, MICHELLE",22.3,2025-07-29 00:00:00,Deluxe Checks,Shoreview,MN,55126,Other,7214 ∑ Office Supplies
House District 60,"GRAY, MICHELLE",17.19,2025-07-30 00:00:00,Amazon,Seattle,WA,98109,Other,7214 ∑ Office Supplies
House District 60,"GRAY, MICHELLE",18.3,2025-07-30 00:00:00,Anedot,New Orleans,LA,70112,Other,7820 ∑ Merchant Account Fees
House District 60,"GRAY, MICHELLE",179.88,2025-08-01 00:00:00,Go Daddy,Tempe,AZ,85281,Other,6420 ∑ Production & Design
House District 60,"GRAY, MICHELLE",268.65,2025-08-01 00:00:00,Super Cheap Signs,Cedar Park,TX,78613,Other,6621 ∑ Yard Signs
House District 60,"GRAY, MICHELLE",103.76,2025-08-02 00:00:00,Morrell Printing,Lafayette,CO,,Other,6613 ∑ Brochures
House District 60,"GRAY, MICHELLE",276.0,2025-08-02 00:00:00,Morrell Printing,Lafayette,CO,,Other,6623 ∑ Banners
House District 60,"GRAY, MICHELLE",89.47,2025-08-02 00:00:00,Morrell Printing,Lafayette,CO,,Other,6611 ∑ Letterhead & Envelopes
House District 60,"GRAY, MICHELLE",1.3,2025-08-03 00:00:00,Anedot,New Orleans,LA,70112,Other,7820 ∑ Merchant Account Fees
House District 60,"GRAY, MICHELLE",16.14,2025-08-03 00:00:00,King Sooper,Pueblo,CO,81007,Other,7214 ∑ Office Supplies
House District 60,"GRAY, MICHELLE",3.6,2025-08-05 00:00:00,Anedot,New Orleans,LA,70112,Other,7820 ∑ Merchant Account Fees
House District 60,"GRAY, MICHELLE",0.34,2025-08-05 00:00:00,,,,,Other,6690 ∑ Other Promotional Expense
House District 60,"GRAY, MICHELLE",2.6,2025-08-07 00:00:00,Anedot,New Orleans,LA,70112,Other,7820 ∑ Merchant Account Fees
House District 60,"GRAY, MICHELLE",6.95,2025-08-07 00:00:00,Usps,Pueblo West,CO,81007,Other,7215 ∑ Shipping & Postage
House District 60,"GRAY, MICHELLE",3.6,2025-08-08 00:00:00,Anedot,New Orleans,LA,70112,Other,7820 ∑ Merchant Account Fees
House District 60,"GRAY, MICHELLE",5.6,2025-08-09 00:00:00,Anedot,New Orleans,LA,70112,Other,7820 ∑ Merchant Account Fees
House District 60,"GRAY, MICHELLE",1.5,2025-08-10 00:00:00,Anedot,New Orleans,LA,70112,Other,7820 ∑ Merchant Account Fees
House District 60,"GRAY, MICHELLE",5.9,2025-08-11 00:00:00,Anedot,New Orleans,LA,70112,Other,7820 ∑ Merchant Account Fees
House District 60,"GRAY, MICHELLE",3.6,2025-08-12 00:00:00,Anedot,New Orleans,LA,70112,Other,7820 ∑ Merchant Account Fees
House District 60,"GRAY, MICHELLE",4.3,2025-08-13 00:00:00,Anedot,New Orleans,LA,70112,Other,7820 ∑ Merchant Account Fees
House District 60,"GRAY, MICHELLE",4.3,2025-08-14 00:00:00,Anedot,New Orleans,LA,70112,Other,7820 ∑ Merchant Account Fees
House District 60,"GRAY, MICHELLE",5.6,2025-08-15 00:00:00,Anedot,New Orleans,LA,70112,Other,7820 ∑ Merchant Account Fees
House District 60,"GRAY, MICHELLE",9.3,2025-08-16 00:00:00,Anedot,New Orleans,LA,70112,Other,7820 ∑ Merchant Account Fees
House District 60,"GRAY, MICHELLE",33.94,2025-08-17 00:00:00,Wal-Mart,Pueblo West,CO,81007,Other,5140 ∑ Event Food & Beverage
House District 60,"GRAY, MICHELLE",4.3,2025-08-20 00:00:00,Anedot,New Orleans,LA,70112,Other,7820 ∑ Merchant Account Fees
House District 60,"GRAY, MICHELLE",2.7,2025-08-20 00:00:00,Anedot,New Orleans,LA,70112,Other,7820 ∑ Merchant Account Fees
House District 60,"GRAY, MICHELLE",31.77,2025-08-21 00:00:00,Liberty Pack & Ship,Puebo West,CO,81007,Other,6615 ∑ Hang Cards
House District 60,"GRAY, MICHELLE",0.5,2025-08-22 00:00:00,Anedot,New Orleans,LA,70112,Other,7820 ∑ Merchant Account Fees
House District 60,"GRAY, MICHELLE",6.41,2025-08-22 00:00:00,Hobby- Lobby,Pueblo,CO,81008,Other,5190 ∑ Other Event Expense
House District 60,"GRAY, MICHELLE",24.11,2025-08-22 00:00:00,Usps,Pueblo West,CO,81007,Other,7215 ∑ Shipping & Postage
House District 60,"GRAY, MICHELLE",25.52,2025-08-22 00:00:00,Wal-Mart,Pueblo West,CO,81007,Other,5190 ∑ Other Event Expense
House District 60,"GRAY, MICHELLE",18.3,2025-08-27 00:00:00,Anedot,New Orleans,LA,70112,Other,7820 ∑ Merchant Account Fees
House District 60,"GRAY, MICHELLE",164.44,2025-08-27 00:00:00,Sam'S Club,Pueblo,CO,81008,Other,5140 ∑ Event Food & Beverage
House District 60,"GRAY, MICHELLE",2.6,2025-08-28 00:00:00,Anedot,New Orleans,LA,70112,Other,7820 ∑ Merchant Account Fees
House District 60,"GRAY, MICHELLE",0.7,2025-08-28 00:00:00,Anedot,New Orleans,LA,70112,Other,7820 ∑ Merchant Account Fees
House District 60,"GRAY, MICHELLE",63.54,2025-08-29 00:00:00,Liberty Pack & Ship,Puebo West,CO,81007,Other,6221 ∑ Printing
House District 60,"GRAY, MICHELLE",18.72,2025-08-29 00:00:00,Usps,Pueblo West,CO,81007,Other,7215 ∑ Shipping & Postage
House District 60,"GRAY, MICHELLE",11.9,2025-08-31 00:00:00,Anedot,New Orleans,LA,70112,Other,7820 ∑ Merchant Account Fees
House District 60,"GRAY, MICHELLE",1.3,2025-09-01 00:00:00,Anedot,New Orleans,LA,70112,Other,7820 ∑ Merchant Account Fees
House District 60,"GRAY, MICHELLE",230.26,2025-09-02 00:00:00,Chick-Fil-A,Pueblo,CO,81008,Other,5140 ∑ Event Food & Beverage
House District 60,"GRAY, MICHELLE",10.7,2025-09-02 00:00:00,Usps,Pueblo West,CO,81007,Other,7215 ∑ Shipping & Postage
House District 60,"GRAY, MICHELLE",68.02,2025-09-08 00:00:00,Morrell Printing,Lafayette,CO,,Other,6612 ∑ Business Cards
House District 60,"GRAY, MICHELLE",8.6,2025-09-09 00:00:00,Anedot,New Orleans,LA,70112,Other,7820 ∑ Merchant Account Fees
House District 60,"GRAY, MICHELLE",2.0,2025-09-09 00:00:00,,,,,Other,6830 ∑ Advertising Expense
House District 60,"GRAY, MICHELLE",0.7,2025-09-11 00:00:00,Anedot,New Orleans,LA,70112,Other,7820 ∑ Merchant Account Fees
House District 60,"GRAY, MICHELLE",42.21,2025-09-11 00:00:00,Sam'S Club,Pueblo,CO,81008,Other,5140 ∑ Event Food & Beverage
House District 60,"GRAY, MICHELLE",26.89,2025-09-12 00:00:00,Staples,Pueblo,CO,81008,Other,7214 ∑ Office Supplies
House District 60,"GRAY, MICHELLE",1.9,2025-09-13 00:00:00,Anedot,New Orleans,LA,70112,Other,7820 ∑ Merchant Account Fees
House District 60,"GRAY, MICHELLE",7.5,2025-09-17 00:00:00,Anedot,New Orleans,LA,70112,Other,7820 ∑ Merchant Account Fees
House District 60,"GRAY, MICHELLE",175.0,2025-09-17 00:00:00,Pikes Peak Community Bldg,Divide,CO,80814,Other,5120 ∑ Event Space Rental
House District 60,"GRAY, MICHELLE",50.0,2025-09-17 00:00:00,Thom  Seehafer,Colorado Springs,CO,80907,"Food, Beverages and Meals",
House District 60,"GRAY, MICHELLE",5.0,2025-09-18 00:00:00,Anedot,New Orleans,LA,70112,Other,7820 ∑ Merchant Account Fees
House District 60,"GRAY, MICHELLE",2.6,2025-09-20 00:00:00,Anedot,New Orleans,LA,70112,Other,7820 ∑ Merchant Account Fees
House District 60,"GRAY, MICHELLE",1.1,2025-09-21 00:00:00,Anedot,New Orleans,LA,70112,Other,7820 ∑ Merchant Account Fees
House District 60,"GRAY, MICHELLE",2.7,2025-09-22 00:00:00,Anedot,New Orleans,LA,70112,Other,7820 ∑ Merchant Account Fees
House District 60,"GRAY, MICHELLE",1.3,2025-09-23 00:00:00,Anedot,New Orleans,LA,70112,Other,7820 ∑ Merchant Account Fees
House District 60,"GRAY, MICHELLE",7.0,2025-10-01 00:00:00,Facebook Meta,Menlo Park,CA,94025,Other,6141 ∑ Space Buys
House District 60,"GRAY, MICHELLE",90.13,2025-10-01 00:00:00,Facebook Meta,Menlo Park,CA,94025,Other,6141 ∑ Space Buys
House District 60,"GRAY, MICHELLE",1.3,2025-10-04 00:00:00,Anedot,New Orleans,LA,70112,Other,7820 ∑ Merchant Account Fees
House District 60,"GRAY, MICHELLE",9.13,2025-10-07 00:00:00,Facebook Meta,Menlo Park,CA,94025,Other,6141 ∑ Space Buys
House District 60,"GRAY, MICHELLE",14.78,2025-10-07 00:00:00,Wal-Mart,Pueblo West,CO,81007,Other,7214 ∑ Office Supplies
House District 60,"GRAY, MICHELLE",10.0,2025-10-09 00:00:00,Facebook Meta,Menlo Park,CA,94025,Other,6141 ∑ Space Buys
House District 60,"GRAY, MICHELLE",641.06,2025-10-09 00:00:00,"Sws Polifi, Llc",Lafayette,CO,80026,Other,7520 ∑ Accounting Fees
House District 60,"GRAY, MICHELLE",14.0,2025-10-10 00:00:00,Facebook Meta,Menlo Park,CA,94025,Other,6141 ∑ Space Buys
House District 60,"GRAY, MICHELLE",0.7,2025-10-13 00:00:00,Anedot,New Orleans,LA,70112,Other,7820 ∑ Merchant Account Fees
House District 60,"GRAY, MICHELLE",39.0,2025-10-14 00:00:00,Usps,Pueblo West,CO,81007,Other,7215 ∑ Shipping & Postage
House District 60,"GRAY, MICHELLE",2.3,2025-10-17 00:00:00,Anedot,New Orleans,LA,70112,Other,7820 ∑ Merchant Account Fees
House District 60,"GRAY, MICHELLE",0.7,2025-10-18 00:00:00,Anedot,New Orleans,LA,70112,Other,7820 ∑ Merchant Account Fees
House District 60,"GRAY, MICHELLE",69.12,2025-10-21 00:00:00,Sam'S Club,Pueblo,CO,81008,Other,5140 ∑ Event Food & Beverage
House District 60,"GRAY, MICHELLE",7.2,2025-10-22 00:00:00,Anedot,New Orleans,LA,70112,Other,7820 ∑ Merchant Account Fees
House District 60,"GRAY, MICHELLE",26.3,2025-10-24 00:00:00,Usps,Pueblo West,CO,81007,Other,7215 ∑ Shipping & Postage
House District 60,"GRAY, MICHELLE",0.5,2025-10-25 00:00:00,Anedot,New Orleans,LA,70112,Other,7820 ∑ Merchant Account Fees
House District 60,"GRAY, MICHELLE",16.13,2025-10-27 00:00:00,Staples,Pueblo,CO,81008,Other,7214 ∑ Office Supplies
House District 60,"GRAY, MICHELLE",280.0,2025-10-29 00:00:00,Canon City Parks,Canon City,CO,81212,Other,5120 ∑ Event Space Rental
House District 60,"GRAY, MICHELLE",12.53,2025-11-03 00:00:00,Wal-Mart,Pueblo West,CO,81007,Other,6611 ∑ Letterhead & Envelopes
House District 60,"GRAY, MICHELLE",1.3,2025-11-05 00:00:00,Anedot,New Orleans,LA,70112,Other,7820 ∑ Merchant Account Fees
House District 60,"GRAY, MICHELLE",78.0,2025-11-07 00:00:00,Usps,Pueblo West,CO,81007,Other,7215 ∑ Shipping & Postage
House District 60,"GRAY, MICHELLE",1.9,2025-11-08 00:00:00,Anedot,New Orleans,LA,70112,Other,7820 ∑ Merchant Account Fees
House District 60,"GRAY, MICHELLE",2.3,2025-11-17 00:00:00,Anedot,New Orleans,LA,70112,Other,7820 ∑ Merchant Account Fees
House District 60,"GRAY, MICHELLE",64.59,2025-11-17 00:00:00,Wal-Mart,Pueblo West,CO,81007,Other,7214 ∑ Office Supplies
House District 60,"GRAY, MICHELLE",12.0,2025-11-18 00:00:00,Firstbank North,Arvada,CO,80006,Other,7810 ∑ Service Charges
House District 60,"GRAY, MICHELLE",247.66,2025-11-19 00:00:00,Sam'S Club,Pueblo,CO,81008,Other,5140 ∑ Event Food & Beverage
House District 60,"GRAY, MICHELLE",93.6,2025-11-19 00:00:00,Usps,Pueblo West,CO,81007,Other,7215 ∑ Shipping & Postage
House District 60,"GRAY, MICHELLE",156.0,2025-11-24 00:00:00,Usps,Pueblo West,CO,81007,Other,7215 ∑ Shipping & Postage
House District 60,"GRAY, MICHELLE",10.9,2025-11-24 00:00:00,Usps,Pueblo West,CO,81007,Other,7215 ∑ Shipping & Postage
House District 60,"GRAY, MICHELLE",105.9,2025-11-25 00:00:00,Liberty Pack & Ship,Puebo West,CO,81007,Other,6615 ∑ Hang Cards
House District 60,"GRAY, MICHELLE",23.0,2025-11-26 00:00:00,Facebook Meta,Menlo Park,CA,94025,Other,6141 ∑ Space Buys
House District 60,"GRAY, MICHELLE",10.6,2025-12-01 00:00:00,Anedot,New Orleans,LA,70112,Other,7820 ∑ Merchant Account Fees
House District 60,"GRAY, MICHELLE",1.3,2025-12-05 00:00:00,Anedot,New Orleans,LA,70112,Other,7820 ∑ Merchant Account Fees
House District 60,"GRAY, MICHELLE",42.49,2025-12-05 00:00:00,Wal-Mart,Pueblo West,CO,81007,Other,"5150 ∑ Staging, Sound & Lighting"
House District 60,"GRAY, MICHELLE",2.3,2025-12-09 00:00:00,Anedot,New Orleans,LA,70112,Other,7820 ∑ Merchant Account Fees
House District 60,"GRAY, MICHELLE",8.4,2025-12-17 00:00:00,Anedot,New Orleans,LA,70112,Other,7820 ∑ Merchant Account Fees
House District 60,"GRAY, MICHELLE",6.2,2025-12-18 00:00:00,Anedot,New Orleans,LA,70112,Other,7820 ∑ Merchant Account Fees
House District 60,"GRAY, MICHELLE",0.5,2025-12-24 00:00:00,Anedot,New Orleans,LA,70112,Other,7820 ∑ Merchant Account Fees
House District 60,"GRAY, MICHELLE",1.3,2025-12-25 00:00:00,Anedot,New Orleans,LA,70112,Other,7820 ∑ Merchant Account Fees
House District 60,"GRAY, MICHELLE",14.8,2025-12-31 00:00:00,Anedot,New Orleans,LA,70112,Other,7820 ∑ Merchant Account Fees
House District 60,"GREEN, KATHRYN",106.0,2025-12-31 00:00:00,United States Post Office,Florence,CO,81226,Other,Purchase Po Box 713 For 2026  $106.00
House District 61,"HAMRICK, ELIZA",609.28,2025-01-03 00:00:00,C&D Printing,Denver,CO,80229,Advertising,Holiday/Thank You
House District 61,"HAMRICK, ELIZA",4.0,2025-01-15 00:00:00,First Bank,Aurora,CO,80015,Bank Fees,
House District 61,"HAMRICK, ELIZA",41.53,2025-01-15 00:00:00,Mailchimp,Atlanta,GA,30308,Advertising,
House District 61,"HAMRICK, ELIZA",4.0,2025-02-13 00:00:00,First Bank,Aurora,CO,80015,Bank Fees,
House District 61,"HAMRICK, ELIZA",41.53,2025-02-18 00:00:00,Mailchimp,Atlanta,GA,30308,Advertising,Email
House District 61,"HAMRICK, ELIZA",15.35,2025-02-27 00:00:00,Bradford Exchange Checks,Niles,IL,60714,Bank Fees,Check Order
House District 61,"HAMRICK, ELIZA",403.4,2025-03-03 00:00:00,Colorado Democratic Party,Denver,CO,80203,Miscellaneous,Van Access Hd61
House District 61,"HAMRICK, ELIZA",4.0,2025-03-13 00:00:00,First Bank,Aurora,CO,80015,Bank Fees,
House District 61,"HAMRICK, ELIZA",41.53,2025-03-17 00:00:00,Mailchimp,Atlanta,GA,30308,Other,Newsletter Service
House District 61,"HAMRICK, ELIZA",56.35,2025-03-20 00:00:00,Costco,Parker,CO,80138,"Food, Beverages and Meals","Water And Food For Townhall

Unexpended Funds"
House District 61,"HAMRICK, ELIZA",4.0,2025-04-11 00:00:00,First Bank,Aurora,CO,80015,Bank Fees,
House District 61,"HAMRICK, ELIZA",41.53,2025-04-16 00:00:00,Mailchimp,Atlanta,GA,30308,Other,Constituent Emails
House District 61,"HAMRICK, ELIZA",4.0,2025-05-13 00:00:00,First Bank,Aurora,CO,80015,Miscellaneous,
House District 61,"HAMRICK, ELIZA",41.53,2025-05-16 00:00:00,Mailchimp,Atlanta,GA,30308,Other,Constituent Newsletter
House District 61,"HAMRICK, ELIZA",25.0,2025-06-03 00:00:00,Colorado Sos,Denver,CO,80290,Miscellaneous,Sos Periodic Report (Non Campaign Expense)
House District 61,"HAMRICK, ELIZA",4.0,2025-06-12 00:00:00,First Bank,Aurora,CO,80015,Bank Fees,
House District 61,"HAMRICK, ELIZA",41.53,2025-06-16 00:00:00,Mailchimp,Atlanta,GA,30308,Miscellaneous,
House District 61,"HAMRICK, ELIZA",42.33,2025-06-30 00:00:00,Act Blue,Somerville,MA,02144,Bank Fees,
House District 61,"HAMRICK, ELIZA",41.53,2025-07-16 00:00:00,Mailchimp,Atlanta,GA,30308,Advertising,
House District 61,"HAMRICK, ELIZA",4.0,2025-07-16 00:00:00,First Bank,Aurora,CO,80015,Bank Fees,
House District 61,"HAMRICK, ELIZA",4.0,2025-08-14 00:00:00,First Bank,Aurora,CO,80015,Bank Fees,
House District 61,"HAMRICK, ELIZA",41.53,2025-08-18 00:00:00,Mailchimp,Atlanta,GA,30308,Advertising,
House District 61,"HAMRICK, ELIZA",4.0,2025-09-12 00:00:00,First Bank,Aurora,CO,80015,Bank Fees,
House District 61,"HAMRICK, ELIZA",41.53,2025-09-16 00:00:00,Mailchimp,Atlanta,GA,30308,Advertising,Email Service
House District 61,"HAMRICK, ELIZA",20.01,2025-09-30 00:00:00,Act Blue,Somerville,MA,02144,Bank Fees,Cc Processing 7/1/--9/30 2025
House District 61,"HAMRICK, ELIZA",20500.0,2024-12-06 00:00:00,Eliza For Colorado,Centennial,CO,80016,Other,Rollover Funds To 2026 Campaign (Per Rule 2.2.4B)
House District 61,"HAMRICK, ELIZA",32620.89,2024-12-06 00:00:00,Eliza For Colorado,Centennial,CO,80016,Other,Unexpended Roll Funds In Excess Of Party Limit Rule 2.2.4B (3)
House District 61,"HAMRICK, ELIZA",265.74,2024-12-12 00:00:00,Colorado Department Of Labor,Denver,CO,80202,Employee Services,Unemployment Insurance 2024 Campaign
House District 61,"HAMRICK, ELIZA",4.0,2024-12-12 00:00:00,First Bank,Aurora,CO,80015,Bank Fees,
House District 61,"HAMRICK, ELIZA",41.4,2024-12-16 00:00:00,Mailchimp,Atlanta,GA,30308,Consultant & Professional Services,
House District 61,"HAMRICK, ELIZA",4.0,2025-10-15 00:00:00,First Bank,Aurora,CO,80015,Bank Fees,
House District 61,"HAMRICK, ELIZA",41.53,2025-10-16 00:00:00,Mailchimp,Atlanta,GA,30308,Advertising,Mail Service
House District 61,"HAMRICK, ELIZA",4.0,2025-11-13 00:00:00,First Bank,Aurora,CO,80015,Bank Fees,
House District 61,"HAMRICK, ELIZA",41.53,2025-11-17 00:00:00,Mailchimp,Atlanta,GA,30308,Advertising,Email Service
House District 61,"HAMRICK, ELIZA",4.0,2025-12-11 00:00:00,First Bank,Aurora,CO,80015,Bank Fees,
House District 61,"HAMRICK, ELIZA",41.53,2025-12-15 00:00:00,Mailchimp,Atlanta,GA,30308,Advertising,Email Service
House District 61,"HAMRICK, ELIZA",67.22,2025-12-31 00:00:00,Act Blue,Somerville,MA,02144,Bank Fees,Cc Processing
House District 61,"SHAMBLIN, SCOTT",,,,,,,,
House District 62,"GONZALEZ, EVANS",,,,,,,,
House District 62,"MARTINEZ, MATTHEW",49.0,2025-01-31 00:00:00,Campaign Partner,Still River,MA,01467,Consultant & Professional Services,
House District 62,"MARTINEZ, MATTHEW",28.0,2025-02-10 00:00:00,Colorado Correctional Industries,Colorado Springs,CO,80910,Office Equipment & Supplies,Flag Request
House District 62,"MARTINEZ, MATTHEW",49.0,2025-02-28 00:00:00,Campaign Partner,Still River,MA,01467,Consultant & Professional Services,
House District 62,"MARTINEZ, MATTHEW",78.0,2025-03-11 00:00:00,Colorado Correctional Industries,Colorado Springs,CO,80910,Office Equipment & Supplies,Flag Request
House District 62,"MARTINEZ, MATTHEW",49.0,2025-03-28 00:00:00,Campaign Partner,Still River,MA,01467,Consultant & Professional Services,
House District 62,"MARTINEZ, MATTHEW",1000.0,2025-07-11 00:00:00,Courtney  Hocking,Englewood,CO,80113,Consultant & Professional Services,
House District 62,"MARTINEZ, MATTHEW",100.81,2024-12-27 00:00:00,Walmart,Alamosa,CO,81101,Office Equipment & Supplies,Mini Refrigerator For Office.
House District 62,"MARTINEZ, MATTHEW",343.0,2025-10-01 00:00:00,Campaign Partner,Still River,MA,01467,Consultant & Professional Services,
House District 62,"MARTINEZ, MATTHEW",226.5,2025-11-06 00:00:00,O&V Printing,Alamosa,CO,81101,Consultant & Professional Services,Programs
House District 62,"MARTINEZ, MATTHEW",1020.0,2025-12-18 00:00:00,Colorado Opportunity Caucus,Denver,CO,80202,Other,Opportunity Caucus Dues
House District 62,"MARTINEZ, MATTHEW",49.0,2025-12-30 00:00:00,Campaign Partner,Still River,MA,01467,Consultant & Professional Services,
House District 63,"JOHNSON, DUSTY",1100.0,2025-01-07 00:00:00,House Republican Caucus,Denver,CO,80203,Other,7218 ∑ Dues And Subscriptions
House District 63,"JOHNSON, DUSTY",51.45,2025-01-20 00:00:00,Logan County Republican Central Committee,Sterling,CO,80751,Other,6810 ∑ Registration Fees
House District 63,"JOHNSON, DUSTY",25.0,2025-01-20 00:00:00,Love'S Travel,Hudson,CO,80642,Other,7652 ∑ Vehicle Gas
House District 63,"JOHNSON, DUSTY",172.13,2025-01-23 00:00:00,Donn Bruns Llc,Arvada,CO,80005,Other,6300 ∑ Photography Expense
House District 63,"JOHNSON, DUSTY",25.25,2025-01-25 00:00:00,Safeway,Fort Morgan,CO,80701,Other,7652 ∑ Vehicle Gas
House District 63,"JOHNSON, DUSTY",14.5,2025-01-26 00:00:00,Rocket,Denver,CO,80220,Other,7652 ∑ Vehicle Gas
House District 63,"JOHNSON, DUSTY",27.0,2025-01-26 00:00:00,Stinker Station,Fort Morgan,CO,80706,Other,7652 ∑ Vehicle Gas
House District 63,"JOHNSON, DUSTY",25.45,2025-01-27 00:00:00,Conoco,Arvada,CO,80002,Other,7652 ∑ Vehicle Gas
House District 63,"JOHNSON, DUSTY",40.0,2025-01-31 00:00:00,Brush Area Chamber Of Commerce,Brush,CO,80723,Other,6810 ∑ Registration Fees
House District 63,"JOHNSON, DUSTY",33.0,2025-02-08 00:00:00,Quick Trip,Haxtun,CO,80731,Other,7652 ∑ Vehicle Gas
House District 63,"JOHNSON, DUSTY",25.35,2025-02-10 00:00:00,Rocket,Denver,CO,80220,Other,7652 ∑ Vehicle Gas
House District 63,"JOHNSON, DUSTY",60.0,2025-02-14 00:00:00,Morgan County Republican Central Committee,Weldona,CO,80653,Other,6810 ∑ Registration Fees
House District 63,"JOHNSON, DUSTY",20.0,2025-02-22 00:00:00,Washington County Republican Central Committee,Akron,CO,80720,Other,5190 ∑ Other Event Expense
House District 63,"JOHNSON, DUSTY",17.52,2025-02-23 00:00:00,Safeway,Fort Morgan,CO,80701,Other,7652 ∑ Vehicle Gas
House District 63,"JOHNSON, DUSTY",14.93,2025-03-01 00:00:00,My Country Cupboard,Holyoke,CO,80734,Other,7640 ∑ Meals
House District 63,"JOHNSON, DUSTY",34.5,2025-03-01 00:00:00,Stinker Station,Fort Morgan,CO,80706,Other,7652 ∑ Vehicle Gas
House District 63,"JOHNSON, DUSTY",30.0,2025-03-15 00:00:00,Phillips County Republicans,Amherst,CO,80721,Other,5190 ∑ Other Event Expense
House District 63,"JOHNSON, DUSTY",26.0,2025-03-16 00:00:00,Love'S Travel,Hudson,CO,80642,Other,7652 ∑ Vehicle Gas
House District 63,"JOHNSON, DUSTY",25.0,2025-03-16 00:00:00,Reata Travel Stop,Sterling,CO,80751,Other,7652 ∑ Vehicle Gas
House District 63,"JOHNSON, DUSTY",28.0,2025-03-23 00:00:00,Cf United Apro Llc-Fuel,Denver,CO,80220,Other,7652 ∑ Vehicle Gas
House District 63,"JOHNSON, DUSTY",218.92,2025-03-31 00:00:00,Rocky Mountain Promotional,Grand Junction,CO,81501,Other,6631 ∑ Apparel
House District 63,"JOHNSON, DUSTY",150.0,2025-04-14 00:00:00,"Sws Polifi, Llc",Fort Lupton,CO,80621,Other,7500 ∑ Legal & Accounting
House District 63,"JOHNSON, DUSTY",34.26,2025-05-20 00:00:00,Jd'S Quick Stop,Btrush,CO,80723,Other,7652 ∑ Vehicle Gas
House District 63,"JOHNSON, DUSTY",200.0,2025-05-21 00:00:00,Colorado Cattlemens Association,Lakewood,CO,80214,Other,7218 ∑ Dues And Subscriptions
House District 63,"JOHNSON, DUSTY",23.85,2025-05-21 00:00:00,Stinker Station,Fort Morgan,CO,80706,Other,7652 ∑ Vehicle Gas
House District 63,"JOHNSON, DUSTY",75.0,2025-05-23 00:00:00,Colorado Livestock Association,Aurora,CO,80114,Other,7218 ∑ Dues And Subscriptions
House District 63,"JOHNSON, DUSTY",37.0,2025-05-28 00:00:00,Circle K,Greeley,CO,80634,Other,7652 ∑ Vehicle Gas
House District 63,"JOHNSON, DUSTY",24.0,2025-06-07 00:00:00,Circle K,Greeley,CO,80634,Other,7652 ∑ Vehicle Gas
House District 63,"JOHNSON, DUSTY",33.5,2025-06-10 00:00:00,Davis Brother'S,Akron,CO,80720,Other,7652 ∑ Vehicle Gas
House District 63,"JOHNSON, DUSTY",24.02,2025-06-11 00:00:00,Stinker Station,Fort Morgan,CO,80706,Other,7652 ∑ Vehicle Gas
House District 63,"JOHNSON, DUSTY",27.01,2025-06-17 00:00:00,Safeway,Fort Morgan,CO,80701,Other,7652 ∑ Vehicle Gas
House District 63,"JOHNSON, DUSTY",600.0,2025-06-24 00:00:00,Digital Marketing Dude Llc,Westminster,CO,80234,Other,6410 ∑ Registration & Hosting
House District 63,"JOHNSON, DUSTY",17.51,2025-06-24 00:00:00,Midwest Gas,Fort Morgan,CO,80701,Other,7652 ∑ Vehicle Gas
House District 63,"JOHNSON, DUSTY",28.61,2025-06-30 00:00:00,Stinker Station,Fort Morgan,CO,80706,Other,7652 ∑ Vehicle Gas
House District 63,"JOHNSON, DUSTY",26.5,2025-07-02 00:00:00,Stinker Station,Fort Morgan,CO,80706,Other,7652 ∑ Vehicle Gas
House District 63,"JOHNSON, DUSTY",35.0,2025-07-07 00:00:00,Stinker Station,Fort Morgan,CO,80706,Other,7652 ∑ Vehicle Gas
House District 63,"JOHNSON, DUSTY",31.5,2025-07-12 00:00:00,Stinker Station,Fort Morgan,CO,80706,Other,7652 ∑ Vehicle Gas
House District 63,"JOHNSON, DUSTY",26.5,2025-07-17 00:00:00,Safeway,Fort Morgan,CO,80701,Other,7652 ∑ Vehicle Gas
House District 63,"JOHNSON, DUSTY",150.0,2025-07-21 00:00:00,"Sws Polifi, Llc",Fort Lupton,CO,80621,Other,7500 ∑ Legal & Accounting
House District 63,"JOHNSON, DUSTY",34.26,2025-07-24 00:00:00,Stinker Station,Fort Morgan,CO,80706,Other,7652 ∑ Vehicle Gas
House District 63,"JOHNSON, DUSTY",39.0,2025-07-27 00:00:00,Stinker Station,Fort Morgan,CO,80706,Other,7652 ∑ Vehicle Gas
House District 63,"JOHNSON, DUSTY",29.5,2025-08-03 00:00:00,Cenex,Sterling,CO,80751,Other,7652 ∑ Vehicle Gas
House District 63,"JOHNSON, DUSTY",30.76,2025-08-03 00:00:00,Stinker Station,Fort Morgan,CO,80706,Other,7652 ∑ Vehicle Gas
House District 63,"JOHNSON, DUSTY",38.39,2025-08-05 00:00:00,Stinker Station,Fort Morgan,CO,80706,Other,7652 ∑ Vehicle Gas
House District 63,"JOHNSON, DUSTY",35.55,2025-08-06 00:00:00,Stinker Station,Fort Morgan,CO,80706,Other,7652 ∑ Vehicle Gas
House District 63,"JOHNSON, DUSTY",12.01,2025-08-13 00:00:00,Safeway,Fort Morgan,CO,80701,Other,7652 ∑ Vehicle Gas
House District 63,"JOHNSON, DUSTY",28.5,2025-08-14 00:00:00,Stinker Station,Fort Morgan,CO,80706,Other,7652 ∑ Vehicle Gas
House District 63,"JOHNSON, DUSTY",30.3,2025-09-03 00:00:00,Cenex,Sterling,CO,80751,Other,7652 ∑ Vehicle Gas
House District 63,"JOHNSON, DUSTY",-60.0,2024-09-04 00:00:00,Dirt Road Drifter Llc,Sterling,CO,80751,Other,Offset Due To Deletion Of Filed Item - 5190 ∑ Other Event Expense
House District 63,"JOHNSON, DUSTY",25.3,2025-09-08 00:00:00,Safeway,Fort Morgan,CO,80701,Other,7652 ∑ Vehicle Gas
House District 63,"JOHNSON, DUSTY",30.6,2025-09-11 00:00:00,Stinker Station,Fort Morgan,CO,80706,Other,7652 ∑ Vehicle Gas
House District 63,"JOHNSON, DUSTY",105.75,2025-09-25 00:00:00,Morrell Printing,Lafayette,CO,80026,Other,6611 ∑ Letterhead & Envelopes
House District 63,"JOHNSON, DUSTY",24.48,2025-09-27 00:00:00,Safeway,Fort Morgan,CO,80701,Other,7652 ∑ Vehicle Gas
House District 63,"JOHNSON, DUSTY",15.5,2025-09-28 00:00:00,Stinker Station,Fort Morgan,CO,80706,Other,7652 ∑ Vehicle Gas
House District 63,"JOHNSON, DUSTY",30.5,2025-09-30 00:00:00,Safeway,Fort Morgan,CO,80701,Other,7652 ∑ Vehicle Gas
House District 63,"JOHNSON, DUSTY",25.0,2024-12-07 00:00:00,Safeway,Fort Morgan,CO,80701,Other,7652 ∑ Vehicle Gas
House District 63,"JOHNSON, DUSTY",26.5,2024-12-07 00:00:00,Sherman Market,Fort Morgan,CO,80701,Other,7652 ∑ Vehicle Gas
House District 63,"JOHNSON, DUSTY",10.27,2024-12-12 00:00:00,J&L Cafe,Sterling,CO,80751,Other,7640 ∑ Meals
House District 63,"JOHNSON, DUSTY",23.0,2024-12-12 00:00:00,Love'S Travel,Hudson,CO,80642,Other,7652 ∑ Vehicle Gas
House District 63,"JOHNSON, DUSTY",23.7,2024-12-13 00:00:00,Sherman Market,Fort Morgan,CO,80701,Other,7652 ∑ Vehicle Gas
House District 63,"JOHNSON, DUSTY",5.35,2024-12-18 00:00:00,Bun Appetit,Fort Morgan,CO,80701,Other,7640 ∑ Meals
House District 63,"JOHNSON, DUSTY",12.7,2024-12-18 00:00:00,Safeway,Fort Morgan,CO,80701,Other,7652 ∑ Vehicle Gas
House District 63,"JOHNSON, DUSTY",13.6,2024-12-20 00:00:00,Sherman Market,Fort Morgan,CO,80701,Other,7652 ∑ Vehicle Gas
House District 63,"JOHNSON, DUSTY",21.9,2024-12-20 00:00:00,Us Postmaster,Fort Morgan,CO,80701,Other,6223 ∑ Postage
House District 63,"JOHNSON, DUSTY",25.57,2024-12-21 00:00:00,Walmart,Fort Morgan,CO,80701,Other,7214 ∑ Office Supplies
House District 63,"JOHNSON, DUSTY",25.25,2024-12-23 00:00:00,Sherman Market,Fort Morgan,CO,80701,Other,7652 ∑ Vehicle Gas
House District 63,"JOHNSON, DUSTY",150.0,2024-12-27 00:00:00,"Sws Polifi, Llc",Fort Lupton,CO,80621,Other,7500 ∑ Legal & Accounting
House District 63,"JOHNSON, DUSTY",29.26,2025-10-01 00:00:00,Stinker Station,Fort Morgan,CO,80706,Other,7652 ∑ Vehicle Gas
House District 63,"JOHNSON, DUSTY",26.0,2025-10-07 00:00:00,Safeway,Fort Morgan,CO,80701,Other,7652 ∑ Vehicle Gas
House District 63,"JOHNSON, DUSTY",26.8,2025-10-09 00:00:00,Stinker Station,Fort Morgan,CO,80706,Other,7652 ∑ Vehicle Gas
House District 63,"JOHNSON, DUSTY",25.0,2025-10-12 00:00:00,Se Weld Chamber Of Commerce,Hudson,CO,80642,Other,6810 ∑ Registration Fees
House District 63,"JOHNSON, DUSTY",150.0,2025-10-16 00:00:00,"Sws Polifi, Llc",Fort Lupton,CO,80621,Other,7500 ∑ Legal & Accounting
House District 63,"JOHNSON, DUSTY",25.45,2025-10-18 00:00:00,Love'S Travel,Hudson,CO,80642,Other,7652 ∑ Vehicle Gas
House District 63,"JOHNSON, DUSTY",32.22,2025-10-21 00:00:00,Maverick,Berkley,CO,80221,Other,7652 ∑ Vehicle Gas
House District 63,"JOHNSON, DUSTY",33.25,2025-10-22 00:00:00,Safeway,Fort Morgan,CO,80701,Other,7652 ∑ Vehicle Gas
House District 63,"JOHNSON, DUSTY",136.32,2025-11-04 00:00:00,Logan County Republican Central Committee,Sterling,CO,80751,Other,5100 ∑ Event Expense
House District 63,"JOHNSON, DUSTY",31.25,2025-11-11 00:00:00,Circle K,Greeley,CO,80634,Other,7652 ∑ Vehicle Gas
House District 63,"JOHNSON, DUSTY",27.0,2025-11-16 00:00:00,Safeway,Fort Morgan,CO,80701,Other,7652 ∑ Vehicle Gas
House District 63,"JOHNSON, DUSTY",4.3,2025-11-19 00:00:00,Anedot,Baton Rouge,LA,70808,Other,7820 ∑ Merchant Account Fees
House District 63,"JOHNSON, DUSTY",31.7,2025-11-19 00:00:00,Safeway,Fort Morgan,CO,80701,Other,7652 ∑ Vehicle Gas
House District 63,"JOHNSON, DUSTY",70.0,2025-12-02 00:00:00,Colorado Ag Water Alliance,Littleton,CO,80127,Other,6810 ∑ Registration Fees
House District 63,"JOHNSON, DUSTY",23.25,2025-12-02 00:00:00,Safeway,Fort Morgan,CO,80701,Other,7652 ∑ Vehicle Gas
House District 63,"JOHNSON, DUSTY",50.0,2025-12-05 00:00:00,Ne Colorado Cattlemen'S Assn,Sterling,CO,80751,Other,6810 ∑ Registration Fees
House District 63,"JOHNSON, DUSTY",21.85,2025-12-06 00:00:00,Stinker Station,Fort Morgan,CO,80706,Other,7652 ∑ Vehicle Gas
House District 63,"JOHNSON, DUSTY",35.75,2025-12-11 00:00:00,Love'S Travel,Hudson,CO,80642,Other,7652 ∑ Vehicle Gas
House District 63,"JOHNSON, DUSTY",28.85,2025-12-11 00:00:00,Maverick,Berkley,CO,80221,Other,7652 ∑ Vehicle Gas
House District 63,"JOHNSON, DUSTY",19.0,2025-12-16 00:00:00,Maverick,Berkley,CO,80221,Other,7652 ∑ Vehicle Gas
House District 63,"JOHNSON, DUSTY",16.55,2025-12-20 00:00:00,Safeway,Fort Morgan,CO,80701,Other,7652 ∑ Vehicle Gas
House District 63,"JOHNSON, DUSTY",31.2,2025-12-22 00:00:00,Us Postmaster,Fort Morgan,CO,80701,Other,7215 ∑ Shipping & Postage
House District 63,"JOHNSON, DUSTY",26.43,2025-12-22 00:00:00,Walmart,Fort Morgan,CO,80701,Other,7214 ∑ Office Supplies
House District 63,"JOHNSON, DUSTY",18.3,2025-12-31 00:00:00,Anedot,Baton Rouge,LA,70808,Other,7820 ∑ Merchant Account Fees
House District 64,"DOWER, MAUREEN",,,,,,,,
House District 64,"SLAUGH, SCOTT",22.3,2025-07-08 00:00:00,Firstbank North,Arvada,CO,80006,Other,7214 ∑ Office Supplies
House District 64,"SLAUGH, SCOTT",4.3,2025-07-20 00:00:00,Anedot,New Orleans,LA,70117,Other,7820 ∑ Merchant Account Fees
House District 64,"SLAUGH, SCOTT",1000.0,2025-07-22 00:00:00,India  Hargett,Fort Lupton,CO,80621,Other,6410 ∑ Registration & Hosting
House District 64,"SLAUGH, SCOTT",469.23,2025-07-24 00:00:00,Morrell Printing,Lafayette,CO,80026,Other,6615 ∑ Hang Cards
House District 64,"SLAUGH, SCOTT",69.97,2025-08-06 00:00:00,Ume Custom Embroidery & Imprinting,Firestone,CO,80520,Other,6631 ∑ Apparel
House District 64,"SLAUGH, SCOTT",3.9,2025-08-11 00:00:00,Anedot,New Orleans,LA,70117,Other,7820 ∑ Merchant Account Fees
House District 64,"SLAUGH, SCOTT",8.3,2025-08-14 00:00:00,Anedot,New Orleans,LA,70117,Other,7820 ∑ Merchant Account Fees
House District 64,"SLAUGH, SCOTT",452.16,2025-08-28 00:00:00,Morrell Printing,Lafayette,CO,80026,Other,6615 ∑ Hang Cards
House District 64,"SLAUGH, SCOTT",4.3,2025-08-29 00:00:00,Anedot,New Orleans,LA,70117,Other,7820 ∑ Merchant Account Fees
House District 64,"SLAUGH, SCOTT",2400.0,2025-08-29 00:00:00,"Sws Polifi, Llc",Lafayette,CO,80026,Other,7500 ∑ Legal & Accounting
House District 64,"SLAUGH, SCOTT",2.3,2025-09-04 00:00:00,Anedot,New Orleans,LA,70117,Other,7820 ∑ Merchant Account Fees
House District 64,"SLAUGH, SCOTT",4.3,2025-09-06 00:00:00,Anedot,New Orleans,LA,70117,Other,7820 ∑ Merchant Account Fees
House District 64,"SLAUGH, SCOTT",18.3,2025-09-20 00:00:00,Anedot,New Orleans,LA,70117,Other,7820 ∑ Merchant Account Fees
House District 64,"SLAUGH, SCOTT",4.3,2025-09-29 00:00:00,Anedot,New Orleans,LA,70117,Other,7820 ∑ Merchant Account Fees
House District 64,"SLAUGH, SCOTT",800.0,2025-09-30 00:00:00,"Sws Polifi, Llc",Lafayette,CO,80026,Other,7500 ∑ Legal & Accounting
House District 64,"SLAUGH, SCOTT",18.3,2025-10-05 00:00:00,Anedot,New Orleans,LA,70117,Bank Fees,
House District 64,"SLAUGH, SCOTT",250.0,2025-10-26 00:00:00,Polifi Llc,Fort Lupton,CO,80621,Consultant & Professional Services,
House District 64,"SLAUGH, SCOTT",4.3,2025-11-03 00:00:00,Anedot,New Orleans,LA,70117,Bank Fees,
House District 64,"SLAUGH, SCOTT",800.0,2025-11-10 00:00:00,Polifi Llc,Fort Lupton,CO,80621,Consultant & Professional Services,
House District 64,"SLAUGH, SCOTT",700.0,2025-12-29 00:00:00,Polifi Llc,Fort Lupton,CO,80621,Consultant & Professional Services,
House District 64,"WHITLOW, COLLEEN",,,,,,,,
House District 65,"SANDER, LORI",1300.0,2025-01-02 00:00:00,House Republican Caucus,Denver,CO,80203,Other,7218 ∑ Dues And Subscriptions
House District 65,"SANDER, LORI",34.24,2025-01-03 00:00:00,Circle K,Eaton,CO,80615,Other,7652 ∑ Vehicle Gas
House District 65,"SANDER, LORI",423.4,2025-01-06 00:00:00,Hobby Lobby,Greeley,CO,80634,Other,5190 ∑ Other Event Expense
House District 65,"SANDER, LORI",13.0,2025-01-06 00:00:00,Mailchimp,Atlanta,GA,30312,Other,7350 ∑ Email Service
House District 65,"SANDER, LORI",108.89,2025-01-20 00:00:00,Walmart,Greeley,CO,80634,Other,7214 ∑ Office Supplies
House District 65,"SANDER, LORI",13.0,2025-02-05 00:00:00,Mailchimp,Atlanta,GA,30312,Other,7350 ∑ Email Service
House District 65,"SANDER, LORI",24.17,2025-02-09 00:00:00,Domain.Com,Jackssonville,FL,32256,Other,6400 ∑ Website Expense
House District 65,"SANDER, LORI",13.0,2025-03-05 00:00:00,Mailchimp,Atlanta,GA,30312,Other,7350 ∑ Email Service
House District 65,"SANDER, LORI",13.0,2025-04-07 00:00:00,Mailchimp,Atlanta,GA,30308,Consultant & Professional Services,
House District 65,"SANDER, LORI",31.47,2025-04-18 00:00:00,Current,Colorado Springs,CO,80920,Office Equipment & Supplies,
House District 65,"SANDER, LORI",300.0,2025-04-21 00:00:00,Polifi Llc,Fort Lupton,CO,80621,Consultant & Professional Services,
House District 65,"SANDER, LORI",13.0,2025-05-05 00:00:00,Mailchimp,Atlanta,GA,30308,Consultant & Professional Services,
House District 65,"SANDER, LORI",168.0,2025-06-04 00:00:00,Wix.Com,San Francisco,CA,94110,Consultant & Professional Services,
House District 65,"SANDER, LORI",13.0,2025-06-05 00:00:00,Mailchimp,Atlanta,GA,30308,Consultant & Professional Services,
House District 65,"SANDER, LORI",13.0,2025-07-07 00:00:00,Mailchimp,Atlanta,GA,30312,Other,7350 ∑ Email Service
House District 65,"SANDER, LORI",114.45,2025-07-10 00:00:00,Sam'S Club,Fort Collins,CO,80525,Other,5190 ∑ Other Event Expense
House District 65,"SANDER, LORI",13.0,2025-08-05 00:00:00,Mailchimp,Atlanta,GA,30312,Other,7350 ∑ Email Service
House District 65,"SANDER, LORI",297.88,2025-08-15 00:00:00,Office Depot,Greeley,CO,80634,Other,7214 ∑ Office Supplies
House District 65,"SANDER, LORI",13.0,2025-09-05 00:00:00,Mailchimp,Atlanta,GA,30312,Other,7350 ∑ Email Service
House District 65,"SANDER, LORI",250.0,2025-09-09 00:00:00,"Sws Polifi, Llc",Fort Lupton,CO,80621,Other,7520 ∑ Accounting Fees
House District 65,"SANDER, LORI",9.3,2025-09-10 00:00:00,Anedot,New Orleans,LA,70112,Other,7820 ∑ Merchant Account Fees
House District 65,"SANDER, LORI",24.9,2025-09-16 00:00:00,Anedot,New Orleans,LA,70112,Other,7820 ∑ Merchant Account Fees
House District 65,"SANDER, LORI",15.0,2024-12-08 00:00:00,Canva,Austin,TX,78702,Other,7218 ∑ Dues And Subscriptions
House District 65,"SANDER, LORI",66.51,2024-12-16 00:00:00,Domain.Com,Jackssonville,FL,32256,Other,6400 ∑ Website Expense
House District 65,"SANDER, LORI",250.0,2024-12-27 00:00:00,"Sws Polifi, Llc",Fort Lupton,CO,80621,Other,7520 ∑ Accounting Fees
House District 65,"SANDER, LORI",-500.0,2024-12-30 00:00:00,Frontier Airlines,Denver,CO,80239,Returned Expenditure,Alec Reimbursement For D.C Trip
House District 65,"SANDER, LORI",250.0,2024-12-31 00:00:00,"Sws Polifi, Llc",Fort Lupton,CO,80621,Other,7520 ∑ Accounting Fees
House District 65,"SANDER, LORI",18.3,2025-10-01 00:00:00,Anedot,New Orleans,LA,70112,Other,7820 ∑ Merchant Account Fees
House District 65,"SANDER, LORI",4.3,2025-10-13 00:00:00,Anedot,New Orleans,LA,70112,Other,7820 ∑ Merchant Account Fees
House District 65,"SANDER, LORI",13.0,2025-10-16 00:00:00,Mailchimp,Atlanta,GA,30312,Other,7350 ∑ Email Service
House District 65,"SANDER, LORI",13.0,2025-11-05 00:00:00,Mailchimp,Atlanta,GA,30312,Other,7350 ∑ Email Service
House District 65,"SANDER, LORI",300.0,2025-11-08 00:00:00,Wordpress,San Francisco,CA,94110,Other,6410 ∑ Registration & Hosting
House District 65,"SANDER, LORI",29.23,2025-11-10 00:00:00,Allianz Travel,Richmond,VA,23255,Other,7610 ∑ Air/Bus/Train Travel
House District 65,"SANDER, LORI",27.96,2025-11-10 00:00:00,American Airlines,Fort Worth,TX,76155,Other,7610 ∑ Air/Bus/Train Travel
House District 65,"SANDER, LORI",358.97,2025-11-10 00:00:00,American Airlines,Fort Worth,TX,76155,Other,7610 ∑ Air/Bus/Train Travel
House District 65,"SANDER, LORI",250.0,2025-11-10 00:00:00,"Sws Polifi, Llc",Fort Lupton,CO,80621,Other,7520 ∑ Accounting Fees
House District 65,"SANDER, LORI",436.23,2025-11-19 00:00:00,Web.Com,Jacksonville,FL,32256,Other,6410 ∑ Registration & Hosting
House District 65,"SANDER, LORI",19.6,2025-12-02 00:00:00,Anedot,New Orleans,LA,70112,Other,7820 ∑ Merchant Account Fees
House District 65,"SANDER, LORI",8.3,2025-12-03 00:00:00,Anedot,New Orleans,LA,70112,Other,7820 ∑ Merchant Account Fees
House District 65,"SANDER, LORI",10.6,2025-12-05 00:00:00,Anedot,New Orleans,LA,70112,Other,7820 ∑ Merchant Account Fees
House District 65,"SANDER, LORI",13.0,2025-12-05 00:00:00,Mailchimp,Atlanta,GA,30312,Other,7350 ∑ Email Service
House District 65,"SANDER, LORI",10.3,2025-12-06 00:00:00,Anedot,New Orleans,LA,70112,Other,7820 ∑ Merchant Account Fees
House District 65,"SANDER, LORI",5.6,2025-12-09 00:00:00,Anedot,New Orleans,LA,70112,Other,7820 ∑ Merchant Account Fees
House District 65,"SANDER, LORI",1380.0,2025-12-09 00:00:00,Mccarty'S,Eaton,CO,80615,Other,5140 ∑ Event Food & Beverage
House District 65,"SANDER, LORI",22.6,2025-12-10 00:00:00,Anedot,New Orleans,LA,70112,Other,7820 ∑ Merchant Account Fees
House District 65,"SANDER, LORI",74.57,2025-12-17 00:00:00,Domain.Com,Jackssonville,FL,32256,Other,6400 ∑ Website Expense
House District 65,"SANDER, LORI",88.36,2025-12-17 00:00:00,Safeway,Greeley,CO,80632,Other,5140 ∑ Event Food & Beverage
House District 65,"SANDER, LORI",2.3,2025-12-18 00:00:00,Anedot,New Orleans,LA,70112,Other,7820 ∑ Merchant Account Fees
House District 65,"SANDER, LORI",156.0,2025-12-23 00:00:00,Usps,Windsor,CO,80550,Other,7215 ∑ Shipping & Postage
House District 65,"SANDER, LORI",18.3,2025-12-31 00:00:00,Anedot,New Orleans,LA,70112,Other,7820 ∑ Merchant Account Fees
