District,candidate_name,Party,expenditure_amount,expenditure_date,recipient,city,state,zip,expenditure_type,explanation
Senate District 01,"PELTON, BYRON",Republican,500.0,2025-01-03 00:00:00,National Western Stpck Show Sale,Denver,CO,80216,Other,8100 ∑ Gifts & Donations
Senate District 01,"PELTON, BYRON",Republican,500.0,2025-01-03 00:00:00,Pera Parking,Denver,CO,80203,Other,7229 ∑ Parking Expense
Senate District 01,"PELTON, BYRON",Republican,700.0,2025-01-03 00:00:00,Senate Republican Caucus,Denver,CO,80203,Other,7218 ∑ Dues And Subscriptions
Senate District 01,"PELTON, BYRON",Republican,400.0,2025-01-03 00:00:00,"Sws Polifi, Llc",Fort Lupton,CO,80621,Other,7520 ∑ Accounting Fees
Senate District 01,"PELTON, BYRON",Republican,26.94,2025-01-06 00:00:00,Taco Bell,Fort Morgan,CO,80731,Other,7640 ∑ Meals
Senate District 01,"PELTON, BYRON",Republican,68.69,2025-01-08 00:00:00,Gasamat,Sterling,CO,80751,Other,7652 ∑ Vehicle Gas
Senate District 01,"PELTON, BYRON",Republican,6.76,2025-01-08 00:00:00,,,,,Other,7640 ∑ Meals
Senate District 01,"PELTON, BYRON",Republican,85.67,2025-01-13 00:00:00,7-11,Keenesburg,CO,80643,Other,7652 ∑ Vehicle Gas
Senate District 01,"PELTON, BYRON",Republican,54.76,2025-01-13 00:00:00,Safeway Fuel,Greeley,CO,80634,Other,7652 ∑ Vehicle Gas
Senate District 01,"PELTON, BYRON",Republican,52.88,2025-01-16 00:00:00,7-11,Keenesburg,CO,80643,Other,7652 ∑ Vehicle Gas
Senate District 01,"PELTON, BYRON",Republican,4.61,2025-01-16 00:00:00,Taco Bell,Fort Morgan,CO,80731,Other,7640 ∑ Meals
Senate District 01,"PELTON, BYRON",Republican,60.33,2025-01-21 00:00:00,7-11,Keenesburg,CO,80643,Other,7652 ∑ Vehicle Gas
Senate District 01,"PELTON, BYRON",Republican,22.97,2025-01-21 00:00:00,Starbucks,Sterling,CO,80751,Other,7640 ∑ Meals
Senate District 01,"PELTON, BYRON",Republican,23.27,2025-01-21 00:00:00,Ziggi'S Coffee,Fort Morgan,CO,80701,Other,7640 ∑ Meals
Senate District 01,"PELTON, BYRON",Republican,181.87,2025-01-22 00:00:00,Donn Bruns Llc,Arvada,CO,80005,Other,6300 ∑ Photography Expense
Senate District 01,"PELTON, BYRON",Republican,1.0,2025-01-23 00:00:00,,,,,Other,7229 ∑ Parking Expense
Senate District 01,"PELTON, BYRON",Republican,19.03,2025-01-27 00:00:00,7-11,Keenesburg,CO,80643,Other,7652 ∑ Vehicle Gas
Senate District 01,"PELTON, BYRON",Republican,36.22,2025-01-27 00:00:00,7-11,Keenesburg,CO,80643,Other,7652 ∑ Vehicle Gas
Senate District 01,"PELTON, BYRON",Republican,10.08,2025-01-27 00:00:00,Gasamat,Sterling,CO,80751,Other,7652 ∑ Vehicle Gas
Senate District 01,"PELTON, BYRON",Republican,13.7,2025-01-27 00:00:00,,,,,Other,7640 ∑ Meals
Senate District 01,"PELTON, BYRON",Republican,37.74,2025-01-27 00:00:00,Walmart,Sterling,CO,80751,Other,7214 ∑ Office Supplies
Senate District 01,"PELTON, BYRON",Republican,44.53,2025-01-28 00:00:00,Laloma,Denver,CO,80202,Other,7640 ∑ Meals
Senate District 01,"PELTON, BYRON",Republican,38.79,2025-01-30 00:00:00,Qt 4216,Bennett,CO,80102,Other,7652 ∑ Vehicle Gas
Senate District 01,"PELTON, BYRON",Republican,25.59,2025-01-31 00:00:00,7-11,Keenesburg,CO,80643,Other,7652 ∑ Vehicle Gas
Senate District 01,"PELTON, BYRON",Republican,1.75,2025-01-31 00:00:00,,,,,Other,7229 ∑ Parking Expense
Senate District 01,"PELTON, BYRON",Republican,26.28,2025-02-03 00:00:00,Gasamat,Sterling,CO,80751,Other,7652 ∑ Vehicle Gas
Senate District 01,"PELTON, BYRON",Republican,751.46,2025-02-03 00:00:00,Hampton By Hilton,Montrosed,CO,81401,Other,7630 ∑ Lodging
Senate District 01,"PELTON, BYRON",Republican,38.55,2025-02-04 00:00:00,Seiconoco,Brighton,CO,80601,Other,7652 ∑ Vehicle Gas
Senate District 01,"PELTON, BYRON",Republican,45.45,2025-02-06 00:00:00,Texas Roadhouse,Denver,CO,80238,Other,7640 ∑ Meals
Senate District 01,"PELTON, BYRON",Republican,90.89,2025-02-10 00:00:00,7-11,Keenesburg,CO,80643,Other,7652 ∑ Vehicle Gas
Senate District 01,"PELTON, BYRON",Republican,1.0,2025-02-12 00:00:00,City Of Denver Parking,Denver,CO,80249,Other,7657 ∑ Vehicle Tolls And Parking
Senate District 01,"PELTON, BYRON",Republican,9.76,2025-02-13 00:00:00,Wix,New York,NY,10014,Other,6410 ∑ Registration & Hosting
Senate District 01,"PELTON, BYRON",Republican,74.69,2025-02-18 00:00:00,Gasamat,Sterling,CO,80751,Other,7652 ∑ Vehicle Gas
Senate District 01,"PELTON, BYRON",Republican,12.14,2025-02-21 00:00:00,,,,,Other,7640 ∑ Meals
Senate District 01,"PELTON, BYRON",Republican,47.22,2025-02-24 00:00:00,Gasamat,Sterling,CO,80751,Other,7652 ∑ Vehicle Gas
Senate District 01,"PELTON, BYRON",Republican,10.71,2025-02-24 00:00:00,,,,,Other,7640 ∑ Meals
Senate District 01,"PELTON, BYRON",Republican,18.7,2025-02-27 00:00:00,Ziggi'S Coffee,Fort Morgan,CO,80701,Other,7640 ∑ Meals
Senate District 01,"PELTON, BYRON",Republican,85.57,2025-02-28 00:00:00,Conoco,Frisco,CO,80443,Other,7652 ∑ Vehicle Gas
Senate District 01,"PELTON, BYRON",Republican,10.45,2025-03-04 00:00:00,,,,,Other,7640 ∑ Meals
Senate District 01,"PELTON, BYRON",Republican,50.0,2025-03-06 00:00:00,Circle K,Greeley,CO,80634,Other,7652 ∑ Vehicle Gas
Senate District 01,"PELTON, BYRON",Republican,1471.07,2025-03-07 00:00:00,United Airlines,Chicago,IL,60606,Other,7610 ∑ Air/Bus/Train Travel
Senate District 01,"PELTON, BYRON",Republican,-1471.07,2025-03-07 00:00:00,United Airlines,Chicago,IL,60606,Other,Offset Due To Deletion Of Filed Item - 7610 ∑ Air/Bus/Train Travel
Senate District 01,"PELTON, BYRON",Republican,80.57,2025-03-08 00:00:00,Casa Dona,Eaton,CO,80615,Other,6890 ∑ Other Meeting Expense
Senate District 01,"PELTON, BYRON",Republican,11.51,2025-03-09 00:00:00,Taco Bell,Fort Morgan,CO,80731,Other,7640 ∑ Meals
Senate District 01,"PELTON, BYRON",Republican,9.76,2025-03-11 00:00:00,,,,,Other,7214 ∑ Office Supplies
Senate District 01,"PELTON, BYRON",Republican,69.33,2025-03-17 00:00:00,Bastiens,Denver,CO,80206,Other,7640 ∑ Meals
Senate District 01,"PELTON, BYRON",Republican,80.95,2025-03-17 00:00:00,Circle K,Greeley,CO,80634,Other,7652 ∑ Vehicle Gas
Senate District 01,"PELTON, BYRON",Republican,74.51,2025-03-18 00:00:00,Qt 4216,Bennett,CO,80102,Other,7652 ∑ Vehicle Gas
Senate District 01,"PELTON, BYRON",Republican,14.3,2025-03-21 00:00:00,Ziggi'S Coffee,Fort Morgan,CO,80701,Other,7640 ∑ Meals
Senate District 01,"PELTON, BYRON",Republican,22.21,2025-03-24 00:00:00,Shell Oil,Johnstown,CO,80634,Other,7652 ∑ Vehicle Gas
Senate District 01,"PELTON, BYRON",Republican,29.28,2025-03-25 00:00:00,Qt 4216,Bennett,CO,80102,Other,7652 ∑ Vehicle Gas
Senate District 01,"PELTON, BYRON",Republican,48.53,2025-03-26 00:00:00,Texas Roadhouse,Denver,CO,80238,Other,7640 ∑ Meals
Senate District 01,"PELTON, BYRON",Republican,39.25,2025-03-27 00:00:00,Gasamat,Sterling,CO,80751,Other,7652 ∑ Vehicle Gas
Senate District 01,"PELTON, BYRON",Republican,31.56,2025-03-31 00:00:00,Qt 4216,Bennett,CO,80102,Other,7652 ∑ Vehicle Gas
Senate District 01,"PELTON, BYRON",Republican,10.79,2025-04-07 00:00:00,,,,,Other,7640 ∑ Meals
Senate District 01,"PELTON, BYRON",Republican,25.49,2025-04-07 00:00:00,Starbucks,Sterling,CO,80751,Other,7640 ∑ Meals
Senate District 01,"PELTON, BYRON",Republican,1.0,2025-04-08 00:00:00,,,,,Other,7229 ∑ Parking Expense
Senate District 01,"PELTON, BYRON",Republican,76.42,2025-04-08 00:00:00,Qt 4216,Bennett,CO,80102,Other,7652 ∑ Vehicle Gas
Senate District 01,"PELTON, BYRON",Republican,6.84,2025-04-16 00:00:00,,,,,Other,7214 ∑ Office Supplies
Senate District 01,"PELTON, BYRON",Republican,87.37,2025-04-17 00:00:00,Bastiens,Denver,CO,80206,Other,7640 ∑ Meals
Senate District 01,"PELTON, BYRON",Republican,104.63,2025-04-22 00:00:00,Qt 4216,Bennett,CO,80102,Other,7652 ∑ Vehicle Gas
Senate District 01,"PELTON, BYRON",Republican,22.26,2025-04-25 00:00:00,Ziggi'S Coffee,Fort Morgan,CO,80701,Other,7640 ∑ Meals
Senate District 01,"PELTON, BYRON",Republican,75.3,2025-04-28 00:00:00,Food Mark,Sterling,CO,80751,Other,7214 ∑ Office Supplies
Senate District 01,"PELTON, BYRON",Republican,59.57,2025-04-28 00:00:00,Gasamat,Sterling,CO,80751,Other,7652 ∑ Vehicle Gas
Senate District 01,"PELTON, BYRON",Republican,62.77,2025-05-01 00:00:00,Asian Cajun,Denver,CO,80223,Other,7640 ∑ Meals
Senate District 01,"PELTON, BYRON",Republican,80.15,2025-05-02 00:00:00,Qt 4216,Bennett,CO,80102,Other,7652 ∑ Vehicle Gas
Senate District 01,"PELTON, BYRON",Republican,39.4,2025-05-06 00:00:00,Qt 4216,Bennett,CO,80102,Other,7652 ∑ Vehicle Gas
Senate District 01,"PELTON, BYRON",Republican,39.63,2025-05-08 00:00:00,Sam'S Club,Evans,CO,80620,Other,5140 ∑ Event Food & Beverage
Senate District 01,"PELTON, BYRON",Republican,250.0,2025-05-09 00:00:00,"Sws Polifi, Llc",Fort Lupton,CO,80621,Other,7520 ∑ Accounting Fees
Senate District 01,"PELTON, BYRON",Republican,19.31,2025-05-12 00:00:00,Pret-A-Manager,Los Angeles,CA,90067,Consultant & Professional Services,
Senate District 01,"PELTON, BYRON",Republican,36.98,2025-05-29 00:00:00,Love'S Travel,Brush,CO,80723,Other,7652 ∑ Vehicle Gas
Senate District 01,"PELTON, BYRON",Republican,38.66,2025-05-30 00:00:00,Gasamat,Sterling,CO,80751,Other,7652 ∑ Vehicle Gas
Senate District 01,"PELTON, BYRON",Republican,73.41,2025-06-09 00:00:00,Gasamat,Sterling,CO,80751,Other,7652 ∑ Vehicle Gas
Senate District 01,"PELTON, BYRON",Republican,17.78,2025-06-12 00:00:00,,,,,Other,7640 ∑ Meals
Senate District 01,"PELTON, BYRON",Republican,13.41,2025-06-16 00:00:00,Starbucks,Sterling,CO,80751,Other,7640 ∑ Meals
Senate District 01,"PELTON, BYRON",Republican,18.18,2025-06-16 00:00:00,Taco Bell,Fort Morgan,CO,80731,Other,7640 ∑ Meals
Senate District 01,"PELTON, BYRON",Republican,27.14,2025-06-20 00:00:00,Circle K,Greeley,CO,80634,Other,7652 ∑ Vehicle Gas
Senate District 01,"PELTON, BYRON",Republican,23.22,2025-06-20 00:00:00,Mccartys,Eaton,CO,80615,Other,7640 ∑ Meals
Senate District 01,"PELTON, BYRON",Republican,30.54,2025-06-23 00:00:00,7-11,Keenesburg,CO,80643,Other,7652 ∑ Vehicle Gas
Senate District 01,"PELTON, BYRON",Republican,66.37,2025-06-23 00:00:00,Blue Sky Cafe,Lakewood,CO,80401,"Food, Beverages and Meals",
Senate District 01,"PELTON, BYRON",Republican,193.4,2025-06-24 00:00:00,Best Western,Lakewood,CO,80227,Other,7630 ∑ Lodging
Senate District 01,"PELTON, BYRON",Republican,34.16,2025-06-24 00:00:00,Pilot Travel,Hudson,CO,80642,Other,7652 ∑ Vehicle Gas
Senate District 01,"PELTON, BYRON",Republican,20.19,2025-06-27 00:00:00,Gasamat,Sterling,CO,80751,Other,7652 ∑ Vehicle Gas
Senate District 01,"PELTON, BYRON",Republican,61.29,2025-06-30 00:00:00,Gasamat,Sterling,CO,80751,Other,7652 ∑ Vehicle Gas
Senate District 01,"PELTON, BYRON",Republican,79.97,2025-06-30 00:00:00,Love'S Travel,Brush,CO,80723,Other,7652 ∑ Vehicle Gas
Senate District 01,"PELTON, BYRON",Republican,29.61,2025-07-02 00:00:00,Arbys,Greeley,CO,80634,Other,7640 ∑ Meals
Senate District 01,"PELTON, BYRON",Republican,76.58,2025-07-02 00:00:00,Sam'S Club,Evans,CO,80620,Other,5140 ∑ Event Food & Beverage
Senate District 01,"PELTON, BYRON",Republican,100.0,2025-07-18 00:00:00,Colorado Secretary Of State,Denver,CO,80290,Other,"7790 ∑ Other Insur, Tax & Fees"
Senate District 01,"PELTON, BYRON",Republican,450.0,2025-07-18 00:00:00,"Sws Polifi, Llc",Fort Lupton,CO,80621,Other,7520 ∑ Accounting Fees
Senate District 01,"PELTON, BYRON",Republican,72.16,2025-07-21 00:00:00,Love'S Travel,Brush,CO,80723,Other,7652 ∑ Vehicle Gas
Senate District 01,"PELTON, BYRON",Republican,36.56,2025-07-22 00:00:00,Pilot Travel,Hudson,CO,80642,Other,7652 ∑ Vehicle Gas
Senate District 01,"PELTON, BYRON",Republican,45.97,2025-07-23 00:00:00,Love'S Travel,Brush,CO,80723,Other,7652 ∑ Vehicle Gas
Senate District 01,"PELTON, BYRON",Republican,27.11,2025-07-25 00:00:00,Walmart,Sterling,CO,80751,Other,5190 ∑ Other Event Expense
Senate District 01,"PELTON, BYRON",Republican,12.0,2025-07-25 00:00:00,,,,,"Food, Beverages and Meals",Meals
Senate District 01,"PELTON, BYRON",Republican,18.3,2025-07-29 00:00:00,Anedot,New Orleans,LA,70112,Other,7820 ∑ Merchant Account Fees
Senate District 01,"PELTON, BYRON",Republican,18.3,2025-07-30 00:00:00,Anedot,New Orleans,LA,70112,Other,7820 ∑ Merchant Account Fees
Senate District 01,"PELTON, BYRON",Republican,25.0,2025-07-31 00:00:00,Kwik Stop,Holyoke,CO,80734,Other,7652 ∑ Vehicle Gas
Senate District 01,"PELTON, BYRON",Republican,18.3,2025-08-05 00:00:00,Anedot,New Orleans,LA,70112,Other,7820 ∑ Merchant Account Fees
Senate District 01,"PELTON, BYRON",Republican,17.5,2025-08-11 00:00:00,Sam'S Club,Evans,CO,80620,Other,5140 ∑ Event Food & Beverage
Senate District 01,"PELTON, BYRON",Republican,49.18,2025-08-12 00:00:00,La'Mariposa,Greeley,CO,80634,Other,7640 ∑ Meals
Senate District 01,"PELTON, BYRON",Republican,29.73,2025-08-12 00:00:00,Pilot Travel,Hudson,CO,80642,Other,7652 ∑ Vehicle Gas
Senate District 01,"PELTON, BYRON",Republican,9.6,2025-08-14 00:00:00,In & Out Burger,Brighton,CO,80601,Other,7640 ∑ Meals
Senate District 01,"PELTON, BYRON",Republican,14.84,2025-08-15 00:00:00,Pi Kappas Cino Coffee,Sterling,CO,80751,Other,6890 ∑ Other Meeting Expense
Senate District 01,"PELTON, BYRON",Republican,31.4,2025-08-18 00:00:00,Gasamat,Sterling,CO,80751,Other,7652 ∑ Vehicle Gas
Senate District 01,"PELTON, BYRON",Republican,40.2,2025-08-18 00:00:00,Gasamat,Sterling,CO,80751,Other,7652 ∑ Vehicle Gas
Senate District 01,"PELTON, BYRON",Republican,12.01,2025-08-18 00:00:00,In & Out Burger,Brighton,CO,80601,Other,7640 ∑ Meals
Senate District 01,"PELTON, BYRON",Republican,5.81,2025-08-21 00:00:00,Mcdonalds,Silverthorne,CO,80498,Other,7640 ∑ Meals
Senate District 01,"PELTON, BYRON",Republican,18.52,2025-08-21 00:00:00,Mcdonalds,Silverthorne,CO,80498,Other,7640 ∑ Meals
Senate District 01,"PELTON, BYRON",Republican,34.6,2025-08-25 00:00:00,Loaf & Jug,Pueblo,CO,81008,Other,7652 ∑ Vehicle Gas
Senate District 01,"PELTON, BYRON",Republican,13.45,2025-08-25 00:00:00,Mcdonalds,Silverthorne,CO,80498,Other,7640 ∑ Meals
Senate District 01,"PELTON, BYRON",Republican,48.16,2025-08-25 00:00:00,Qt 4216,Bennett,CO,80102,Other,7652 ∑ Vehicle Gas
Senate District 01,"PELTON, BYRON",Republican,14.64,2025-08-27 00:00:00,In & Out Burger,Brighton,CO,80601,Other,7640 ∑ Meals
Senate District 01,"PELTON, BYRON",Republican,518.07,2025-09-02 00:00:00,University Club,Denver,CO,80203,Other,7640 ∑ Meals
Senate District 01,"PELTON, BYRON",Republican,43.28,2025-09-08 00:00:00,Love'S Travel,Brush,CO,80723,Other,7652 ∑ Vehicle Gas
Senate District 01,"PELTON, BYRON",Republican,11.01,2025-09-08 00:00:00,Mcdonalds,Silverthorne,CO,80498,Other,7640 ∑ Meals
Senate District 01,"PELTON, BYRON",Republican,56.2,2025-09-10 00:00:00,Anedot,New Orleans,LA,70112,Other,7820 ∑ Merchant Account Fees
Senate District 01,"PELTON, BYRON",Republican,6.6,2025-09-15 00:00:00,Anedot,New Orleans,LA,70112,Other,7820 ∑ Merchant Account Fees
Senate District 01,"PELTON, BYRON",Republican,6.58,2025-09-15 00:00:00,Pilot Travel,Hudson,CO,80642,Other,7652 ∑ Vehicle Gas
Senate District 01,"PELTON, BYRON",Republican,34.9,2025-09-16 00:00:00,Anedot,New Orleans,LA,70112,Other,7820 ∑ Merchant Account Fees
Senate District 01,"PELTON, BYRON",Republican,18.3,2025-09-17 00:00:00,Anedot,New Orleans,LA,70112,Other,7820 ∑ Merchant Account Fees
Senate District 01,"PELTON, BYRON",Republican,8.37,2025-09-17 00:00:00,Starbucks,Sterling,CO,80751,Other,7640 ∑ Meals
Senate District 01,"PELTON, BYRON",Republican,94.78,2025-09-22 00:00:00,Casa Dona  Casa Dona,Eaton,CO,80615,Other,6890 ∑ Other Meeting Expense
Senate District 01,"PELTON, BYRON",Republican,49.87,2025-09-22 00:00:00,Love'S Travel,Brush,CO,80723,Other,7652 ∑ Vehicle Gas
Senate District 01,"PELTON, BYRON",Republican,21.1,2025-09-22 00:00:00,Pilot Travel,Hudson,CO,80642,Other,7652 ∑ Vehicle Gas
Senate District 01,"PELTON, BYRON",Republican,14.18,2025-09-23 00:00:00,Pi Kappas Cino Coffee,Sterling,CO,80751,Other,6890 ∑ Other Meeting Expense
Senate District 01,"PELTON, BYRON",Republican,30.15,2025-09-23 00:00:00,Pilot Travel,Hudson,CO,80642,Other,7652 ∑ Vehicle Gas
Senate District 01,"PELTON, BYRON",Republican,19.06,2025-09-23 00:00:00,,,,,Office Equipment & Supplies,Office Supplies
Senate District 01,"PELTON, BYRON",Republican,38.95,2025-09-25 00:00:00,Fashion And Rations,Strerling,CO,80751,Other,7640 ∑ Meals
Senate District 01,"PELTON, BYRON",Republican,14.18,2025-09-25 00:00:00,Pi Kappas Cino Coffee,Sterling,CO,80751,Other,6890 ∑ Other Meeting Expense
Senate District 01,"PELTON, BYRON",Republican,70.35,2025-09-26 00:00:00,Gasamat,Sterling,CO,80751,Other,7652 ∑ Vehicle Gas
Senate District 01,"PELTON, BYRON",Republican,68.11,2025-09-26 00:00:00,Taco Bell,Fort Morgan,CO,80731,Other,7640 ∑ Meals
Senate District 01,"PELTON, BYRON",Republican,31.41,2025-09-29 00:00:00,Gasamat,Sterling,CO,80751,Other,7652 ∑ Vehicle Gas
Senate District 01,"PELTON, BYRON",Republican,52.27,2024-10-07 00:00:00,Love'S Travel,Brush,CO,80723,Other,7652 ∑ Vehicle Gas
Senate District 01,"PELTON, BYRON",Republican,46.09,2024-10-07 00:00:00,Sam'S Club,Evans,CO,80620,Other,5140 ∑ Event Food & Beverage
Senate District 01,"PELTON, BYRON",Republican,74.51,2024-10-08 00:00:00,Gasamat,Sterling,CO,80751,Other,7652 ∑ Vehicle Gas
Senate District 01,"PELTON, BYRON",Republican,53.33,2024-10-09 00:00:00,Love'S Travel,Brush,CO,80723,Other,7652 ∑ Vehicle Gas
Senate District 01,"PELTON, BYRON",Republican,44.44,2024-10-15 00:00:00,Love'S Travel,Brush,CO,80723,Other,7652 ∑ Vehicle Gas
Senate District 01,"PELTON, BYRON",Republican,41.61,2024-10-16 00:00:00,Gasamat,Sterling,CO,80751,Other,7652 ∑ Vehicle Gas
Senate District 01,"PELTON, BYRON",Republican,17.61,2024-10-16 00:00:00,Love'S Travel,Brush,CO,80723,Other,7652 ∑ Vehicle Gas
Senate District 01,"PELTON, BYRON",Republican,25.34,2024-10-17 00:00:00,Gasamat,Sterling,CO,80751,Other,7652 ∑ Vehicle Gas
Senate District 01,"PELTON, BYRON",Republican,19.25,2024-10-17 00:00:00,,,,,Other,7657 ∑ Vehicle Tolls And Parking
Senate District 01,"PELTON, BYRON",Republican,61.11,2024-10-21 00:00:00,Sam'S Club,Evans,CO,80620,Other,5140 ∑ Event Food & Beverage
Senate District 01,"PELTON, BYRON",Republican,89.11,2024-10-22 00:00:00,Gasamat,Sterling,CO,80751,Other,7652 ∑ Vehicle Gas
Senate District 01,"PELTON, BYRON",Republican,69.43,2024-10-22 00:00:00,Maverik,Fort Morgan,CO,80701,Other,7652 ∑ Vehicle Gas
Senate District 01,"PELTON, BYRON",Republican,12.9,2024-10-23 00:00:00,Mcdonalds,Silverthorne,CO,80498,Other,7640 ∑ Meals
Senate District 01,"PELTON, BYRON",Republican,8.3,2024-10-28 00:00:00,Anedot,New Orleans,LA,70112,Other,7820 ∑ Merchant Account Fees
Senate District 01,"PELTON, BYRON",Republican,83.51,2024-10-28 00:00:00,Gasamat,Sterling,CO,80751,Other,7652 ∑ Vehicle Gas
Senate District 01,"PELTON, BYRON",Republican,4.0,2024-10-28 00:00:00,,,,,Other,7657 ∑ Vehicle Tolls And Parking
Senate District 01,"PELTON, BYRON",Republican,101.33,2024-10-30 00:00:00,74 Xpress,Severance,CO,80550,Other,7652 ∑ Vehicle Gas
Senate District 01,"PELTON, BYRON",Republican,31.17,2024-10-30 00:00:00,Doordash,San Fraancisco,CA,94107,Other,7640 ∑ Meals
Senate District 01,"PELTON, BYRON",Republican,13.62,2024-10-30 00:00:00,,,,,Other,7640 ∑ Meals
Senate District 01,"PELTON, BYRON",Republican,42.32,2024-11-04 00:00:00,Gasamat,Sterling,CO,80751,Other,7652 ∑ Vehicle Gas
Senate District 01,"PELTON, BYRON",Republican,139.6,2024-11-04 00:00:00,Olive Garden,Gtreeley,CO,80631,Other,6890 ∑ Other Meeting Expense
Senate District 01,"PELTON, BYRON",Republican,31.67,2024-11-06 00:00:00,Love'S Travel,Brush,CO,80723,Other,7652 ∑ Vehicle Gas
Senate District 01,"PELTON, BYRON",Republican,97.27,2024-11-07 00:00:00,Love'S Travel,Brush,CO,80723,Other,7652 ∑ Vehicle Gas
Senate District 01,"PELTON, BYRON",Republican,80.31,2024-11-12 00:00:00,Love'S Travel,Brush,CO,80723,Other,7652 ∑ Vehicle Gas
Senate District 01,"PELTON, BYRON",Republican,63.63,2024-11-13 00:00:00,Maverik,Fort Morgan,CO,80701,Other,7652 ∑ Vehicle Gas
Senate District 01,"PELTON, BYRON",Republican,52.23,2024-11-14 00:00:00,Doordash,San Fraancisco,CA,94107,Other,7640 ∑ Meals
Senate District 01,"PELTON, BYRON",Republican,99.95,2024-11-15 00:00:00,Texas Roadhouse,Denver,CO,80238,Other,7640 ∑ Meals
Senate District 01,"PELTON, BYRON",Republican,86.37,2024-11-20 00:00:00,Gasamat,Sterling,CO,80751,Other,7652 ∑ Vehicle Gas
Senate District 01,"PELTON, BYRON",Republican,88.42,2024-11-25 00:00:00,Gasamat,Sterling,CO,80751,Other,7652 ∑ Vehicle Gas
Senate District 01,"PELTON, BYRON",Republican,10.0,2024-11-25 00:00:00,,,,,Other,7657 ∑ Vehicle Tolls And Parking
Senate District 01,"PELTON, BYRON",Republican,18.49,2024-11-27 00:00:00,Gasamat,Sterling,CO,80751,Other,7652 ∑ Vehicle Gas
Senate District 01,"PELTON, BYRON",Republican,59.51,2024-12-02 00:00:00,Maverik,Fort Morgan,CO,80701,Other,7652 ∑ Vehicle Gas
Senate District 01,"PELTON, BYRON",Republican,40.0,2024-12-03 00:00:00,Luca,Denver,CO,80203,Other,6890 ∑ Other Meeting Expense
Senate District 01,"PELTON, BYRON",Republican,34.84,2024-12-06 00:00:00,Biaggis,Colorado Springs,CO,80920,Other,6890 ∑ Other Meeting Expense
Senate District 01,"PELTON, BYRON",Republican,68.35,2024-12-09 00:00:00,Qt 4216,Bennett,CO,80102,Other,7652 ∑ Vehicle Gas
Senate District 01,"PELTON, BYRON",Republican,53.19,2024-12-12 00:00:00,Maverik,Fort Morgan,CO,80701,Other,7652 ∑ Vehicle Gas
Senate District 01,"PELTON, BYRON",Republican,66.15,2024-12-16 00:00:00,Maverik,Fort Morgan,CO,80701,Other,7652 ∑ Vehicle Gas
Senate District 01,"PELTON, BYRON",Republican,69.25,2024-12-17 00:00:00,Qt 4216,Bennett,CO,80102,Other,7652 ∑ Vehicle Gas
Senate District 01,"PELTON, BYRON",Republican,9.12,2024-12-18 00:00:00,Mcdonalds,Silverthorne,CO,80498,Other,7640 ∑ Meals
Senate District 01,"PELTON, BYRON",Republican,39.17,2025-10-01 00:00:00,Gasamat,Sterling,CO,80751,Other,7652 ∑ Vehicle Gas
Senate District 01,"PELTON, BYRON",Republican,40.85,2025-10-06 00:00:00,Gasamat,Sterling,CO,80751,Other,7652 ∑ Vehicle Gas
Senate District 01,"PELTON, BYRON",Republican,44.75,2025-10-08 00:00:00,Gasamat,Sterling,CO,80751,Other,7652 ∑ Vehicle Gas
Senate District 01,"PELTON, BYRON",Republican,35.59,2025-10-14 00:00:00,Love'S Travel,Brush,CO,80723,Other,7652 ∑ Vehicle Gas
Senate District 01,"PELTON, BYRON",Republican,42.44,2025-10-14 00:00:00,Maverik,Fort Morgan,CO,80701,Other,7652 ∑ Vehicle Gas
Senate District 01,"PELTON, BYRON",Republican,11.41,2025-10-14 00:00:00,Maverik,Fort Morgan,CO,80701,Other,7652 ∑ Vehicle Gas
Senate District 01,"PELTON, BYRON",Republican,15.07,2025-10-14 00:00:00,Starbucks,Sterling,CO,80751,Other,7640 ∑ Meals
Senate District 01,"PELTON, BYRON",Republican,26.62,2025-10-15 00:00:00,Pilot Travel,Hudson,CO,80642,Other,7652 ∑ Vehicle Gas
Senate District 01,"PELTON, BYRON",Republican,38.02,2025-10-16 00:00:00,Pilot Travel,Hudson,CO,80642,Other,7652 ∑ Vehicle Gas
Senate District 01,"PELTON, BYRON",Republican,9.71,2025-10-17 00:00:00,,,,,Other,7640 ∑ Meals
Senate District 01,"PELTON, BYRON",Republican,36.35,2025-10-20 00:00:00,Maverik,Fort Morgan,CO,80701,Other,7652 ∑ Vehicle Gas
Senate District 01,"PELTON, BYRON",Republican,12.84,2025-10-21 00:00:00,,,,,Other,7640 ∑ Meals
Senate District 01,"PELTON, BYRON",Republican,27.72,2025-10-24 00:00:00,Circle K,Greeley,CO,80634,Other,7652 ∑ Vehicle Gas
Senate District 01,"PELTON, BYRON",Republican,29.89,2025-10-24 00:00:00,Love'S Travel,Brush,CO,80723,Other,7652 ∑ Vehicle Gas
Senate District 01,"PELTON, BYRON",Republican,10.3,2025-10-27 00:00:00,Anedot,New Orleans,LA,70112,Other,7820 ∑ Merchant Account Fees
Senate District 01,"PELTON, BYRON",Republican,16.23,2025-10-27 00:00:00,Ben'S Brick Oven,Hudson,CO,80642,Other,7640 ∑ Meals
Senate District 01,"PELTON, BYRON",Republican,14.29,2025-10-30 00:00:00,Arbys,Greeley,CO,80634,Other,7640 ∑ Meals
Senate District 01,"PELTON, BYRON",Republican,34.61,2025-10-30 00:00:00,Circle K,Greeley,CO,80634,Other,7652 ∑ Vehicle Gas
Senate District 01,"PELTON, BYRON",Republican,38.96,2025-10-30 00:00:00,Gasamat,Sterling,CO,80751,Other,7652 ∑ Vehicle Gas
Senate District 01,"PELTON, BYRON",Republican,28.8,2025-10-30 00:00:00,Jd'S Quick Stop,Akron,CO,80720,Other,7652 ∑ Vehicle Gas
Senate District 01,"PELTON, BYRON",Republican,12.84,2025-10-30 00:00:00,,,,,Other,7640 ∑ Meals
Senate District 01,"PELTON, BYRON",Republican,77.95,2025-11-03 00:00:00,Gasamat,Sterling,CO,80751,Other,7652 ∑ Vehicle Gas
Senate District 01,"PELTON, BYRON",Republican,9.21,2025-11-04 00:00:00,Mcdonalds,Silverthorne,CO,80498,Other,7640 ∑ Meals
Senate District 01,"PELTON, BYRON",Republican,9.83,2025-11-06 00:00:00,Mcdonalds,Silverthorne,CO,80498,Other,7640 ∑ Meals
Senate District 01,"PELTON, BYRON",Republican,500.59,2025-11-13 00:00:00,E-470 Express,Aurora,CO,80018,Other,7657 ∑ Vehicle Tolls And Parking
Senate District 01,"PELTON, BYRON",Republican,13.14,2025-11-13 00:00:00,Mcdonalds,Silverthorne,CO,80498,Other,7640 ∑ Meals
Senate District 01,"PELTON, BYRON",Republican,148.16,2025-11-14 00:00:00,Embassy Suites,Denver,CO,80239,Other,7630 ∑ Lodging
Senate District 01,"PELTON, BYRON",Republican,63.42,2025-11-17 00:00:00,Pilot Travel,Hudson,CO,80642,Other,7652 ∑ Vehicle Gas
Senate District 01,"PELTON, BYRON",Republican,7.9,2025-11-18 00:00:00,Mcdonalds,Silverthorne,CO,80498,Other,7640 ∑ Meals
Senate District 01,"PELTON, BYRON",Republican,75.06,2025-11-20 00:00:00,Pilot Travel,Hudson,CO,80642,Other,7652 ∑ Vehicle Gas
Senate District 01,"PELTON, BYRON",Republican,48.41,2025-11-21 00:00:00,Las Delicias,Denver,CO,80203,Other,7640 ∑ Meals
Senate District 01,"PELTON, BYRON",Republican,14.18,2025-11-21 00:00:00,,,,,Other,7640 ∑ Meals
Senate District 01,"PELTON, BYRON",Republican,56.52,2025-12-09 00:00:00,7-11,Keenesburg,CO,80643,Other,7652 ∑ Vehicle Gas
Senate District 01,"PELTON, BYRON",Republican,65.01,2025-12-09 00:00:00,Gasamat,Sterling,CO,80751,Other,7652 ∑ Vehicle Gas
Senate District 01,"PELTON, BYRON",Republican,8.25,2025-12-09 00:00:00,,,,,Other,6890 ∑ Other Meeting Expense
Senate District 01,"PELTON, BYRON",Republican,1447.0,2025-12-15 00:00:00,El Al Airlines,Denver,CO,80111,Other,7610 ∑ Air/Bus/Train Travel
Senate District 01,"PELTON, BYRON",Republican,500.0,2025-12-15 00:00:00,Pera Parking,Denver,CO,80203,Other,7229 ∑ Parking Expense
Senate District 01,"PELTON, BYRON",Republican,740.0,2025-12-15 00:00:00,Senate Republican Caucus,Denver,CO,80203,Other,7218 ∑ Dues And Subscriptions
Senate District 01,"PELTON, BYRON",Republican,440.87,2025-12-15 00:00:00,"Sws Polifi, Llc",Fort Lupton,CO,80621,Other,7520 ∑ Accounting Fees
Senate District 01,"PELTON, BYRON",Republican,66.53,2025-12-18 00:00:00,7-11,Keenesburg,CO,80643,Other,7652 ∑ Vehicle Gas
Senate District 01,"PELTON, BYRON",Republican,9.09,2025-12-18 00:00:00,Mcdonalds,Silverthorne,CO,80498,Other,7640 ∑ Meals
Senate District 01,"PELTON, BYRON",Republican,14.18,2025-12-19 00:00:00,Pi Kappas Cino Coffee,Sterling,CO,80751,Other,6890 ∑ Other Meeting Expense
Senate District 01,"PELTON, BYRON",Republican,200.0,2023-01-11 00:00:00,Prairie Mountain Media,Boulder,CO,80301,Advertising,
Senate District 01,"PELTON, BYRON",Republican,92.87,2023-01-18 00:00:00,Love'S Travel,Brush,CO,80723,Travel & Lodging,
Senate District 01,"PELTON, BYRON",Republican,500.0,2023-01-23 00:00:00,National Western Stock Show,Denver,CO,80216,Gifts,
Senate District 01,"PELTON, BYRON",Republican,104.98,2023-01-25 00:00:00,Love'S Travel,Brush,CO,80723,Travel & Lodging,
Senate District 01,"PELTON, BYRON",Republican,74.0,2023-01-30 00:00:00,River Station,Sterling,CO,80751,Travel & Lodging,
Senate District 01,"PELTON, BYRON",Republican,73.25,2023-01-31 00:00:00,Gasamat,Sterling,CO,80751,Travel & Lodging,
Senate District 01,"PELTON, BYRON",Republican,102.08,2023-02-08 00:00:00,Gasamat,Sterling,CO,80751,Travel & Lodging,
Senate District 01,"PELTON, BYRON",Republican,259.15,2023-02-15 00:00:00,Precision Promotional Group,Grand Junction,CO,81501,Advertising,
Senate District 01,"PELTON, BYRON",Republican,90.46,2023-02-16 00:00:00,Love'S Travel,Brush,CO,80723,Travel & Lodging,
Senate District 01,"PELTON, BYRON",Republican,30.0,2023-02-21 00:00:00,,,,,"Food, Beverages and Meals",Meals
Senate District 01,"PELTON, BYRON",Republican,19.5,2023-02-22 00:00:00,Charlie Brown'S Bar & Grill,Denver,CO,80203,"Food, Beverages and Meals",
Senate District 01,"PELTON, BYRON",Republican,100.0,2023-02-24 00:00:00,Cenex,Holyoke,CO,80734,Travel & Lodging,
Senate District 01,"PELTON, BYRON",Republican,64.01,2023-03-06 00:00:00,Cosmo'S,Denver,CO,80203,"Food, Beverages and Meals",
Senate District 01,"PELTON, BYRON",Republican,42.28,2023-03-13 00:00:00,Texas Roadhouse,Denver,CO,80238,"Food, Beverages and Meals",
Senate District 01,"PELTON, BYRON",Republican,120.43,2023-03-13 00:00:00,Love'S Travel,Brush,CO,80723,Travel & Lodging,
Senate District 01,"PELTON, BYRON",Republican,204.88,2023-03-16 00:00:00,Texas Roadhouse,Denver,CO,80238,"Food, Beverages and Meals",
Senate District 01,"PELTON, BYRON",Republican,86.55,2023-03-20 00:00:00,Gasamat,Sterling,CO,80751,Travel & Lodging,
Senate District 01,"PELTON, BYRON",Republican,62.32,2023-03-24 00:00:00,Love'S Travel,Brush,CO,80723,Travel & Lodging,
Senate District 01,"PELTON, BYRON",Republican,70.86,2023-03-27 00:00:00,Precision Promotional Group,Grand Junction,CO,81501,Advertising,
Senate District 01,"PELTON, BYRON",Republican,16.77,2023-03-27 00:00:00,,,,,"Food, Beverages and Meals",Meals
Senate District 01,"PELTON, BYRON",Republican,74.0,2023-04-03 00:00:00,River Station,Sterling,CO,80751,Other,7652 ∑ Vehicle Gas
Senate District 01,"PELTON, BYRON",Republican,109.35,2023-04-14 00:00:00,Love'S Travel,Brush,CO,80723,Other,7652 ∑ Vehicle Gas
Senate District 01,"PELTON, BYRON",Republican,37.48,2023-04-18 00:00:00,Las Delicias,Denver,CO,80203,Other,6890 ∑ Other Meeting Expense
Senate District 01,"PELTON, BYRON",Republican,23.01,2023-04-25 00:00:00,Pablo'S Coffee,De3Nver,CO,80220,Other,6890 ∑ Other Meeting Expense
Senate District 01,"PELTON, BYRON",Republican,115.13,2023-04-28 00:00:00,Yard House,Denver,CO,80202,Other,6890 ∑ Other Meeting Expense
Senate District 01,"PELTON, BYRON",Republican,74.0,2023-05-01 00:00:00,River Station,Sterling,CO,80751,Other,7652 ∑ Vehicle Gas
Senate District 01,"PELTON, BYRON",Republican,75.0,2023-05-03 00:00:00,Kum & Go,Brighton,CO,80601,Other,7652 ∑ Vehicle Gas
Senate District 01,"PELTON, BYRON",Republican,96.34,2023-05-17 00:00:00,Gasamat,Sterling,CO,80751,Other,7652 ∑ Vehicle Gas
Senate District 01,"PELTON, BYRON",Republican,375.0,2023-05-26 00:00:00,"Sws Polifi, Llc",Fort Lupton,CO,80621,Other,7520 ∑ Accounting Fees
Senate District 01,"PELTON, BYRON",Republican,208.31,2023-05-27 00:00:00,Expedia,Seattle,WA,98119,Other,7630 ∑ Lodging
Senate District 01,"PELTON, BYRON",Republican,158.67,2023-05-30 00:00:00,Expedia,Seattle,WA,98119,Other,7630 ∑ Lodging
Senate District 01,"PELTON, BYRON",Republican,76.91,2023-05-30 00:00:00,Gasamat,Sterling,CO,80751,Other,7652 ∑ Vehicle Gas
Senate District 01,"PELTON, BYRON",Republican,80.19,2023-05-31 00:00:00,Doubletree,Vail,CO,81657,Other,7640 ∑ Meals
Senate District 01,"PELTON, BYRON",Republican,63.04,2023-05-31 00:00:00,Love'S Travel,Brush,CO,80723,Other,7652 ∑ Vehicle Gas
Senate District 01,"PELTON, BYRON",Republican,62.73,2023-06-01 00:00:00,Parisi,Denver,CO,80212,Other,7640 ∑ Meals
Senate District 01,"PELTON, BYRON",Republican,15.0,2023-06-01 00:00:00,,,,,Other,7657 ∑ Vehicle Tolls And Parking
Senate District 01,"PELTON, BYRON",Republican,-583.09,2022-06-02 00:00:00,Polifi Llc,Fort Lupton,CO,80621,Consultant & Professional Services,Offset Due To Deletion Of Filed Item
Senate District 01,"PELTON, BYRON",Republican,81.71,2023-06-05 00:00:00,Love'S Travel,Brush,CO,80723,Other,7652 ∑ Vehicle Gas
Senate District 01,"PELTON, BYRON",Republican,19.79,2023-06-07 00:00:00,,,,,Other,7640 ∑ Meals
Senate District 01,"PELTON, BYRON",Republican,58.61,2023-06-08 00:00:00,Love'S Travel,Brush,CO,80723,Other,7652 ∑ Vehicle Gas
Senate District 01,"PELTON, BYRON",Republican,14.17,2023-06-08 00:00:00,Mcdonalds,Silverthorne,CO,80498,Other,7640 ∑ Meals
Senate District 01,"PELTON, BYRON",Republican,82.49,2023-06-12 00:00:00,Gasamat,Sterling,CO,80751,Other,7652 ∑ Vehicle Gas
Senate District 01,"PELTON, BYRON",Republican,32.5,2023-06-12 00:00:00,Colorado Convention Center,Denver,CO,80202,Other,7657 ∑ Vehicle Tolls And Parking
Senate District 01,"PELTON, BYRON",Republican,15.0,2023-06-12 00:00:00,Colorado Convention Center,Denver,CO,80202,Other,7657 ∑ Vehicle Tolls And Parking
Senate District 01,"PELTON, BYRON",Republican,69.98,2023-06-13 00:00:00,Appaloosa Grill,Denver,CO,80202,Other,6890 ∑ Other Meeting Expense
Senate District 01,"PELTON, BYRON",Republican,150.0,2023-06-14 00:00:00,"Sws Polifi, Llc",Fort Lupton,CO,80621,Other,7520 ∑ Accounting Fees
Senate District 01,"PELTON, BYRON",Republican,42.0,2023-06-21 00:00:00,Maverik,Fort Morgan,CO,80701,Other,7652 ∑ Vehicle Gas
Senate District 01,"PELTON, BYRON",Republican,41.08,2023-06-21 00:00:00,Maverik,Fort Morgan,CO,80701,Other,7652 ∑ Vehicle Gas
Senate District 01,"PELTON, BYRON",Republican,74.0,2023-06-21 00:00:00,River Station,Sterling,CO,80751,Other,7652 ∑ Vehicle Gas
Senate District 01,"PELTON, BYRON",Republican,87.76,2023-06-23 00:00:00,Gasamat,Sterling,CO,80751,Other,7652 ∑ Vehicle Gas
Senate District 01,"PELTON, BYRON",Republican,1013.44,2023-06-26 00:00:00,Budget,Parsippany,NJ,07054,Other,7620 ∑ Car Rental
Senate District 01,"PELTON, BYRON",Republican,79.43,2023-06-26 00:00:00,Love'S Travel,Brush,CO,80723,Other,7652 ∑ Vehicle Gas
Senate District 01,"PELTON, BYRON",Republican,72.37,2023-07-03 00:00:00,River Station,Sterling,CO,80751,Other,7652 ∑ Vehicle Gas
Senate District 01,"PELTON, BYRON",Republican,4.0,2023-07-03 00:00:00,,,,,Other,7229 ∑ Parking Expense
Senate District 01,"PELTON, BYRON",Republican,100.1,2023-07-05 00:00:00,Gasamat,Sterling,CO,80751,Other,7652 ∑ Vehicle Gas
Senate District 01,"PELTON, BYRON",Republican,72.66,2023-07-10 00:00:00,Gasamat,Sterling,CO,80751,Other,7652 ∑ Vehicle Gas
Senate District 01,"PELTON, BYRON",Republican,75.03,2023-07-10 00:00:00,Gasamat,Sterling,CO,80751,Other,7652 ∑ Vehicle Gas
Senate District 01,"PELTON, BYRON",Republican,1975.0,2023-07-12 00:00:00,United Airlines,Chicago,IL,60606,Other,7610 ∑ Air/Bus/Train Travel
Senate District 01,"PELTON, BYRON",Republican,99.65,2023-07-12 00:00:00,Maverik,Fort Morgan,CO,80701,Other,7652 ∑ Vehicle Gas
Senate District 01,"PELTON, BYRON",Republican,524.11,2023-07-18 00:00:00,Doubletree,Vail,CO,81657,Other,7630 ∑ Lodging
Senate District 01,"PELTON, BYRON",Republican,296.56,2023-07-19 00:00:00,Hampton By Hilton,Montrosed,CO,81401,Other,7630 ∑ Lodging
Senate District 01,"PELTON, BYRON",Republican,108.85,2023-07-19 00:00:00,Love'S Travel,Brush,CO,80723,Other,7652 ∑ Vehicle Gas
Senate District 01,"PELTON, BYRON",Republican,168.0,2023-07-19 00:00:00,City Of Denver Parking,Denver,CO,80249,Other,7657 ∑ Vehicle Tolls And Parking
Senate District 01,"PELTON, BYRON",Republican,1057.0,2023-07-19 00:00:00,,,,,Other,7640 ∑ Meals
Senate District 01,"PELTON, BYRON",Republican,92.89,2023-07-20 00:00:00,Maverik,Fort Morgan,CO,80701,Other,7652 ∑ Vehicle Gas
Senate District 01,"PELTON, BYRON",Republican,89.92,2023-07-24 00:00:00,Gasamat,Sterling,CO,80751,Other,7652 ∑ Vehicle Gas
Senate District 01,"PELTON, BYRON",Republican,110.78,2023-07-26 00:00:00,Gasamat,Sterling,CO,80751,Other,7652 ∑ Vehicle Gas
Senate District 01,"PELTON, BYRON",Republican,17.43,2023-07-27 00:00:00,Ben'S Brick Oven,Hudson,CO,80642,Other,7640 ∑ Meals
Senate District 01,"PELTON, BYRON",Republican,49.39,2023-08-14 00:00:00,Gasamat,Sterling,CO,80751,Other,7652 ∑ Vehicle Gas
Senate District 01,"PELTON, BYRON",Republican,143.45,2023-08-14 00:00:00,Olive Garden,Gtreeley,CO,80631,Other,6890 ∑ Other Meeting Expense
Senate District 01,"PELTON, BYRON",Republican,67.35,2023-08-14 00:00:00,Walmart,Sterling,CO,80751,Other,5190 ∑ Other Event Expense
Senate District 01,"PELTON, BYRON",Republican,79.51,2023-08-14 00:00:00,Maverik,Fort Morgan,CO,80701,Other,7652 ∑ Vehicle Gas
Senate District 01,"PELTON, BYRON",Republican,35.91,2023-08-18 00:00:00,Roasty'S Cafe,Greeley,CO,80631,Other,6890 ∑ Other Meeting Expense
Senate District 01,"PELTON, BYRON",Republican,109.79,2023-08-22 00:00:00,Gasamat,Sterling,CO,80751,Other,7652 ∑ Vehicle Gas
Senate District 01,"PELTON, BYRON",Republican,124.2,2023-08-24 00:00:00,Love'S Travel,Brush,CO,80723,Other,7652 ∑ Vehicle Gas
Senate District 01,"PELTON, BYRON",Republican,64.65,2023-08-28 00:00:00,Love'S Travel,Brush,CO,80723,Other,7652 ∑ Vehicle Gas
Senate District 01,"PELTON, BYRON",Republican,115.18,2023-08-29 00:00:00,Gasamat,Sterling,CO,80751,Other,7652 ∑ Vehicle Gas
Senate District 01,"PELTON, BYRON",Republican,725.0,2023-09-05 00:00:00,Agriculture Pac,Fort Lupton,CO,80621,Other,8100 ∑ Gifts & Donations
Senate District 01,"PELTON, BYRON",Republican,99.62,2023-09-06 00:00:00,Love'S Travel,Brush,CO,80723,Other,7652 ∑ Vehicle Gas
Senate District 01,"PELTON, BYRON",Republican,125.73,2023-09-12 00:00:00,Gasamat,Sterling,CO,80751,Other,7652 ∑ Vehicle Gas
Senate District 01,"PELTON, BYRON",Republican,124.41,2023-09-20 00:00:00,Love'S Travel,Brush,CO,80723,Other,7652 ∑ Vehicle Gas
Senate District 01,"PELTON, BYRON",Republican,13.17,2023-09-21 00:00:00,,,,,Other,7640 ∑ Meals
Senate District 01,"PELTON, BYRON",Republican,17.08,2023-09-21 00:00:00,,,,,Other,7640 ∑ Meals
Senate District 01,"PELTON, BYRON",Republican,109.84,2023-09-22 00:00:00,Gasamat,Sterling,CO,80751,Other,7652 ∑ Vehicle Gas
Senate District 01,"PELTON, BYRON",Republican,95.26,2023-09-25 00:00:00,Gasamat,Sterling,CO,80751,Other,7652 ∑ Vehicle Gas
Senate District 01,"PELTON, BYRON",Republican,5.44,2023-09-25 00:00:00,,,,,Other,7640 ∑ Meals
Senate District 01,"PELTON, BYRON",Republican,19.43,2023-09-28 00:00:00,Ben'S Brick Oven,Hudson,CO,80642,Other,7640 ∑ Meals
Senate District 01,"PELTON, BYRON",Republican,123.27,2023-09-28 00:00:00,Love'S Travel,Brush,CO,80723,Other,7652 ∑ Vehicle Gas
Senate District 01,"PELTON, BYRON",Republican,47.0,2022-12-12 00:00:00,Curio,Denver,CO,80203,Travel & Lodging,
Senate District 01,"PELTON, BYRON",Republican,82.77,2022-12-12 00:00:00,Love'S Travel,Brush,CO,80723,Travel & Lodging,
Senate District 01,"PELTON, BYRON",Republican,81.13,2022-12-12 00:00:00,Gasamat,Sterling,CO,80751,Travel & Lodging,
Senate District 01,"PELTON, BYRON",Republican,6.0,2022-12-12 00:00:00,,,,,Miscellaneous,Parking
Senate District 01,"PELTON, BYRON",Republican,500.0,2022-12-15 00:00:00,Pera Parking,Denver,CO,80203,Miscellaneous,
Senate District 01,"PELTON, BYRON",Republican,18.3,2024-01-09 00:00:00,Anedot,New Orleans,LA,70112,Other,7820 ∑ Merchant Account Fees
Senate District 01,"PELTON, BYRON",Republican,15.95,2024-01-10 00:00:00,,,,,Other,7640 ∑ Meals
Senate District 01,"PELTON, BYRON",Republican,40.0,2024-01-11 00:00:00,Republican Women Of Weld,Fort Lupton,CO,80621,Other,Dues
Senate District 01,"PELTON, BYRON",Republican,66.14,2024-01-12 00:00:00,Qt 4216,Bennett,CO,80102,Other,7652 ∑ Vehicle Gas
Senate District 01,"PELTON, BYRON",Republican,500.0,2024-01-12 00:00:00,National Western Stpck Show Sale,Denver,CO,80216,Other,8100 ∑ Gifts & Donations
Senate District 01,"PELTON, BYRON",Republican,45.0,2024-01-23 00:00:00,Campaign Manager,Harvard,MA,01451,Other,7470 ∑ Office Consultants
Senate District 01,"PELTON, BYRON",Republican,4.0,2024-01-24 00:00:00,City Of Denver Parking,Denver,CO,80249,Other,7657 ∑ Vehicle Tolls And Parking
Senate District 01,"PELTON, BYRON",Republican,47.43,2024-01-25 00:00:00,Ball Arena Concessions,Denver,CO,80204,Other,7640 ∑ Meals
Senate District 01,"PELTON, BYRON",Republican,9.03,2024-01-25 00:00:00,,,,,Other,7640 ∑ Meals
Senate District 01,"PELTON, BYRON",Republican,6.55,2024-01-26 00:00:00,,,,,Other,7640 ∑ Meals
Senate District 01,"PELTON, BYRON",Republican,50.88,2024-01-29 00:00:00,Gasamat,Sterling,CO,80751,Other,7652 ∑ Vehicle Gas
Senate District 01,"PELTON, BYRON",Republican,70.13,2024-01-29 00:00:00,Seiconoco,Brighton,CO,80601,Other,7652 ∑ Vehicle Gas
Senate District 01,"PELTON, BYRON",Republican,10.3,2024-01-30 00:00:00,Taco Bell,Fort Morgan,CO,80731,Other,7640 ∑ Meals
Senate District 01,"PELTON, BYRON",Republican,80.19,2024-02-01 00:00:00,Love'S Travel,Brush,CO,80723,Other,7652 ∑ Vehicle Gas
Senate District 01,"PELTON, BYRON",Republican,250.0,2024-02-02 00:00:00,Weld County Republican Central Committee,Greeley,CO,80634,Other,6810 ∑ Registration Fees
Senate District 01,"PELTON, BYRON",Republican,228.1,2024-02-08 00:00:00,Bastiens,Denver,CO,80206,Other,7640 ∑ Meals
Senate District 01,"PELTON, BYRON",Republican,76.85,2024-02-20 00:00:00,Gasamat,Sterling,CO,80751,Other,7652 ∑ Vehicle Gas
Senate District 01,"PELTON, BYRON",Republican,56.15,2024-02-20 00:00:00,New Method Cleaners,Sterling,CO,80751,Other,6631 ∑ Apparel
Senate District 01,"PELTON, BYRON",Republican,73.69,2024-02-23 00:00:00,Qt 4216,Bennett,CO,80102,Other,7652 ∑ Vehicle Gas
Senate District 01,"PELTON, BYRON",Republican,500.0,2024-02-23 00:00:00,Senate Republican Caucus,Denver,CO,80203,Other,7218 ∑ Dues And Subscriptions
Senate District 01,"PELTON, BYRON",Republican,65.88,2024-02-26 00:00:00,Love'S Travel,Brush,CO,80723,Other,7652 ∑ Vehicle Gas
Senate District 01,"PELTON, BYRON",Republican,76.88,2024-03-07 00:00:00,Slice,Denver,CO,80203,Other,7640 ∑ Meals
Senate District 01,"PELTON, BYRON",Republican,89.39,2024-03-18 00:00:00,Gasamat,Sterling,CO,80751,Other,7652 ∑ Vehicle Gas
Senate District 01,"PELTON, BYRON",Republican,75.0,2024-03-21 00:00:00,Qt 4216,Bennett,CO,80102,Other,7652 ∑ Vehicle Gas
Senate District 01,"PELTON, BYRON",Republican,22.84,2024-03-22 00:00:00,Qt 4216,Bennett,CO,80102,Other,7652 ∑ Vehicle Gas
Senate District 01,"PELTON, BYRON",Republican,34.62,2024-03-26 00:00:00,Undici Ristorant,Englewood,CO,80113,Other,7640 ∑ Meals
Senate District 01,"PELTON, BYRON",Republican,38.9,2024-03-27 00:00:00,Texas Roadhouse,Denver,CO,80238,Other,7640 ∑ Meals
Senate District 01,"PELTON, BYRON",Republican,6.43,2024-03-28 00:00:00,Qt 4216,Bennett,CO,80102,Other,7640 ∑ Meals
Senate District 01,"PELTON, BYRON",Republican,50.05,2024-04-01 00:00:00,Qt 4216,Bennett,CO,80102,Other,7652 ∑ Vehicle Gas
Senate District 01,"PELTON, BYRON",Republican,88.12,2024-04-09 00:00:00,Qt 4216,Bennett,CO,80102,Other,7652 ∑ Vehicle Gas
Senate District 01,"PELTON, BYRON",Republican,4.0,2024-04-09 00:00:00,City Of Denver Parking,Denver,CO,80249,Other,7657 ∑ Vehicle Tolls And Parking
Senate District 01,"PELTON, BYRON",Republican,34.62,2024-04-11 00:00:00,Laloma,Denver,CO,80202,Other,7640 ∑ Meals
Senate District 01,"PELTON, BYRON",Republican,300.0,2024-04-12 00:00:00,"Sws Polifi, Llc",Fort Lupton,CO,80621,Other,7520 ∑ Accounting Fees
Senate District 01,"PELTON, BYRON",Republican,101.28,2024-04-15 00:00:00,Qt 4216,Bennett,CO,80102,Other,7652 ∑ Vehicle Gas
Senate District 01,"PELTON, BYRON",Republican,23.44,2024-04-18 00:00:00,The Original Rom,Greeley,CO,80631,Other,7640 ∑ Meals
Senate District 01,"PELTON, BYRON",Republican,74.05,2024-04-19 00:00:00,Love'S Travel,Brush,CO,80723,Other,7652 ∑ Vehicle Gas
Senate District 01,"PELTON, BYRON",Republican,50.0,2024-04-22 00:00:00,Gasamat,Sterling,CO,80751,Other,7652 ∑ Vehicle Gas
Senate District 01,"PELTON, BYRON",Republican,65.22,2024-04-22 00:00:00,Rio,Greeley,CO,80631,Other,7640 ∑ Meals
Senate District 01,"PELTON, BYRON",Republican,16.75,2024-04-24 00:00:00,Adobo,Denver,CO,80211,Other,7640 ∑ Meals
Senate District 01,"PELTON, BYRON",Republican,77.13,2024-04-25 00:00:00,Qt 4216,Bennett,CO,80102,Other,7652 ∑ Vehicle Gas
Senate District 01,"PELTON, BYRON",Republican,100.22,2024-05-17 00:00:00,Gasamat,Sterling,CO,80751,Other,7652 ∑ Vehicle Gas
Senate District 01,"PELTON, BYRON",Republican,57.95,2024-05-20 00:00:00,E-470 Express,Aurora,CO,80018,Other,7657 ∑ Vehicle Tolls And Parking
Senate District 01,"PELTON, BYRON",Republican,15.38,2024-05-20 00:00:00,Ziggi'S Coffee,Fort Morgan,CO,80701,Other,7640 ∑ Meals
Senate District 01,"PELTON, BYRON",Republican,24.17,2024-05-28 00:00:00,Gasamat,Sterling,CO,80751,Other,7652 ∑ Vehicle Gas
Senate District 01,"PELTON, BYRON",Republican,38.26,2024-05-28 00:00:00,Gasamat,Sterling,CO,80751,Other,7652 ∑ Vehicle Gas
Senate District 01,"PELTON, BYRON",Republican,22.25,2024-05-28 00:00:00,Love'S Travel,Brush,CO,80723,Other,7652 ∑ Vehicle Gas
Senate District 01,"PELTON, BYRON",Republican,40.12,2024-05-28 00:00:00,Love'S Travel,Brush,CO,80723,Other,7652 ∑ Vehicle Gas
Senate District 01,"PELTON, BYRON",Republican,29.25,2024-05-28 00:00:00,Ziggi'S Coffee,Fort Morgan,CO,80701,Other,7640 ∑ Meals
Senate District 01,"PELTON, BYRON",Republican,43.15,2024-05-28 00:00:00,Big D,Loveland,CO,80538,Other,7652 ∑ Vehicle Gas
Senate District 01,"PELTON, BYRON",Republican,66.23,2024-05-28 00:00:00,The Little Diner,Vail,CO,81657,Other,7640 ∑ Meals
Senate District 01,"PELTON, BYRON",Republican,43.15,2024-05-28 00:00:00,Yakl,Unknown,UN,UNKNOWN,Consultant & Professional Services,Website
Senate District 01,"PELTON, BYRON",Republican,53.74,2024-05-30 00:00:00,Conoco,Frisco,CO,80443,Other,7652 ∑ Vehicle Gas
Senate District 01,"PELTON, BYRON",Republican,11.51,2024-05-30 00:00:00,Mcdonalds,Silverthorne,CO,80498,Other,7640 ∑ Meals
Senate District 01,"PELTON, BYRON",Republican,6.44,2024-05-31 00:00:00,,,,,Other,7640 ∑ Meals
Senate District 01,"PELTON, BYRON",Republican,41.51,2024-06-03 00:00:00,Gasamat,Sterling,CO,80751,Other,7652 ∑ Vehicle Gas
Senate District 01,"PELTON, BYRON",Republican,45.85,2024-06-03 00:00:00,Love'S Travel,Brush,CO,80723,Other,7652 ∑ Vehicle Gas
Senate District 01,"PELTON, BYRON",Republican,66.47,2024-06-04 00:00:00,Gasamat,Sterling,CO,80751,Other,7652 ∑ Vehicle Gas
Senate District 01,"PELTON, BYRON",Republican,14.11,2024-06-04 00:00:00,Mcdonalds,Silverthorne,CO,80498,Other,7640 ∑ Meals
Senate District 01,"PELTON, BYRON",Republican,87.45,2024-06-06 00:00:00,Love'S Travel,Brush,CO,80723,Other,7652 ∑ Vehicle Gas
Senate District 01,"PELTON, BYRON",Republican,85.93,2024-06-11 00:00:00,King Soopers,Greeley,CO,80634,Other,7652 ∑ Vehicle Gas
Senate District 01,"PELTON, BYRON",Republican,43.8,2024-06-17 00:00:00,Love'S Travel,Brush,CO,80723,Other,7652 ∑ Vehicle Gas
Senate District 01,"PELTON, BYRON",Republican,33.65,2024-06-17 00:00:00,Big D,Loveland,CO,80538,Other,7652 ∑ Vehicle Gas
Senate District 01,"PELTON, BYRON",Republican,14.79,2024-06-20 00:00:00,Ziggi'S Coffee,Fort Morgan,CO,80701,Other,7640 ∑ Meals
Senate District 01,"PELTON, BYRON",Republican,14.57,2024-06-21 00:00:00,Mcdonalds,Silverthorne,CO,80498,Other,7640 ∑ Meals
Senate District 01,"PELTON, BYRON",Republican,42.44,2024-06-30 00:00:00,Gasamat,Sterling,CO,80751,Other,7652 ∑ Vehicle Gas
Senate District 01,"PELTON, BYRON",Republican,41.93,2024-07-05 00:00:00,Home Plate,Brush,CO,80723,Other,7640 ∑ Meals
Senate District 01,"PELTON, BYRON",Republican,48.21,2024-07-09 00:00:00,Gasamat,Sterling,CO,80751,Other,7652 ∑ Vehicle Gas
Senate District 01,"PELTON, BYRON",Republican,12.2,2024-07-12 00:00:00,Gasamat,Sterling,CO,80751,Other,7652 ∑ Vehicle Gas
Senate District 01,"PELTON, BYRON",Republican,58.78,2024-07-16 00:00:00,Gasamat,Sterling,CO,80751,Other,7652 ∑ Vehicle Gas
Senate District 01,"PELTON, BYRON",Republican,3.0,2024-07-17 00:00:00,,,,,Other,7640 ∑ Meals
Senate District 01,"PELTON, BYRON",Republican,106.59,2024-07-23 00:00:00,Gasamat,Sterling,CO,80751,Other,7652 ∑ Vehicle Gas
Senate District 01,"PELTON, BYRON",Republican,2.0,2024-07-24 00:00:00,,,,,Other,7229 ∑ Parking Expense
Senate District 01,"PELTON, BYRON",Republican,8.55,2024-07-25 00:00:00,,,,,Other,6800 ∑ Meeting Expense
Senate District 01,"PELTON, BYRON",Republican,80.98,2024-07-25 00:00:00,Gasamat,Sterling,CO,80751,Other,7652 ∑ Vehicle Gas
Senate District 01,"PELTON, BYRON",Republican,91.36,2024-07-26 00:00:00,Gasamat,Sterling,CO,80751,Other,7652 ∑ Vehicle Gas
Senate District 01,"PELTON, BYRON",Republican,47.83,2024-07-31 00:00:00,Gasamat,Sterling,CO,80751,Other,7652 ∑ Vehicle Gas
Senate District 01,"PELTON, BYRON",Republican,35.02,2024-08-06 00:00:00,Yuma County Fair,Yuma,CO,80759,Other,6810 ∑ Registration Fees
Senate District 01,"PELTON, BYRON",Republican,48.62,2024-08-12 00:00:00,Walmart,Sterling,CO,80751,Other,5190 ∑ Other Event Expense
Senate District 01,"PELTON, BYRON",Republican,46.59,2024-08-12 00:00:00,Gasamat,Sterling,CO,80751,Other,7652 ∑ Vehicle Gas
Senate District 01,"PELTON, BYRON",Republican,20.56,2024-08-22 00:00:00,Miguels Mexican Restr,Colorado Springs,CO,80906,Other,7640 ∑ Meals
Senate District 01,"PELTON, BYRON",Republican,37.78,2024-08-23 00:00:00,Maverik,Fort Morgan,CO,80701,Other,7652 ∑ Vehicle Gas
Senate District 01,"PELTON, BYRON",Republican,350.0,2024-08-24 00:00:00,Logan County Fair,Sterling,CO,80751,Other,8100 ∑ Gifts & Donations
Senate District 01,"PELTON, BYRON",Republican,33.35,2024-08-26 00:00:00,Greek Cafe,Colorado Springs,CO,80917,Other,7640 ∑ Meals
Senate District 01,"PELTON, BYRON",Republican,30.86,2024-08-26 00:00:00,Maverik,Fort Morgan,CO,80701,Other,7652 ∑ Vehicle Gas
Senate District 01,"PELTON, BYRON",Republican,45.34,2024-08-26 00:00:00,Maverik,Fort Morgan,CO,80701,Other,7652 ∑ Vehicle Gas
Senate District 01,"PELTON, BYRON",Republican,31.79,2024-08-26 00:00:00,76 Xpress,Severance,CO,80550,Travel & Lodging,
Senate District 01,"PELTON, BYRON",Republican,39.54,2024-08-27 00:00:00,Qt 4216,Bennett,CO,80102,Other,7652 ∑ Vehicle Gas
Senate District 01,"PELTON, BYRON",Republican,29.92,2024-08-29 00:00:00,The Jelly Cafe,Denver,CO,80203,Other,7640 ∑ Meals
Senate District 01,"PELTON, BYRON",Republican,46.4,2024-08-30 00:00:00,Maverik,Fort Morgan,CO,80701,Other,7652 ∑ Vehicle Gas
Senate District 01,"PELTON, BYRON",Republican,50.0,2024-09-04 00:00:00,Gasamat,Sterling,CO,80751,Other,7652 ∑ Vehicle Gas
Senate District 01,"PELTON, BYRON",Republican,97.94,2024-09-04 00:00:00,Circle K,Greeley,CO,80634,Other,7652 ∑ Vehicle Gas
Senate District 01,"PELTON, BYRON",Republican,59.89,2024-09-12 00:00:00,Angelo'S Tave,Denver,CO,80203,Other,7640 ∑ Meals
Senate District 01,"PELTON, BYRON",Republican,70.03,2024-09-16 00:00:00,Sam'S Club,Evans,CO,80620,Other,5140 ∑ Event Food & Beverage
Senate District 01,"PELTON, BYRON",Republican,41.96,2024-09-17 00:00:00,Gasamat,Sterling,CO,80751,Other,7652 ∑ Vehicle Gas
Senate District 01,"PELTON, BYRON",Republican,46.99,2024-09-18 00:00:00,Circle K,Greeley,CO,80634,Other,7652 ∑ Vehicle Gas
Senate District 01,"PELTON, BYRON",Republican,49.31,2024-09-20 00:00:00,Stubbs Gas & Oil,Wiggins,CO,80654,Other,7652 ∑ Vehicle Gas
Senate District 01,"PELTON, BYRON",Republican,36.83,2024-09-24 00:00:00,Gasamat,Sterling,CO,80751,Other,7652 ∑ Vehicle Gas
Senate District 01,"PELTON, BYRON",Republican,47.43,2024-09-25 00:00:00,Buc-Ees,Berthoud,CO,80513,Other,7652 ∑ Vehicle Gas
Senate District 01,"PELTON, BYRON",Republican,-1975.0,2023-10-01 00:00:00,United Airlines,Chicago,IL,60606,Returned Expenditure,Unable To Attend Trip To Israel
Senate District 01,"PELTON, BYRON",Republican,85.51,2023-10-02 00:00:00,Gasamat,Sterling,CO,80751,Other,7652 ∑ Vehicle Gas
Senate District 01,"PELTON, BYRON",Republican,32.52,2023-10-04 00:00:00,Steubens,Denver,CO,80203,Other,7640 ∑ Meals
Senate District 01,"PELTON, BYRON",Republican,99.61,2023-10-11 00:00:00,Safeway Fuel,Greeley,CO,80634,Other,7652 ∑ Vehicle Gas
Senate District 01,"PELTON, BYRON",Republican,3.5,2023-10-11 00:00:00,,,,,Other,7657 ∑ Vehicle Tolls And Parking
Senate District 01,"PELTON, BYRON",Republican,94.49,2023-10-23 00:00:00,Love'S Travel,Brush,CO,80723,Other,7652 ∑ Vehicle Gas
Senate District 01,"PELTON, BYRON",Republican,76.38,2023-10-24 00:00:00,Ben'S Brick Oven,Hudson,CO,80642,Other,7640 ∑ Meals
Senate District 01,"PELTON, BYRON",Republican,90.16,2023-10-25 00:00:00,Gasamat,Sterling,CO,80751,Other,7652 ∑ Vehicle Gas
Senate District 01,"PELTON, BYRON",Republican,106.09,2023-10-26 00:00:00,Gasamat,Sterling,CO,80751,Other,7652 ∑ Vehicle Gas
Senate District 01,"PELTON, BYRON",Republican,116.74,2023-10-31 00:00:00,Love'S Travel,Brush,CO,80723,Other,7652 ∑ Vehicle Gas
Senate District 01,"PELTON, BYRON",Republican,2.0,2023-10-31 00:00:00,,,,,Other,7657 ∑ Vehicle Tolls And Parking
Senate District 01,"PELTON, BYRON",Republican,85.28,2023-11-01 00:00:00,Cosmo'S,Denver,CO,80203,Other,7640 ∑ Meals
Senate District 01,"PELTON, BYRON",Republican,46.82,2023-11-02 00:00:00,Home Plate,Brush,CO,80723,Other,7640 ∑ Meals
Senate District 01,"PELTON, BYRON",Republican,114.07,2023-11-03 00:00:00,Love'S Travel,Brush,CO,80723,Other,7652 ∑ Vehicle Gas
Senate District 01,"PELTON, BYRON",Republican,86.54,2023-11-14 00:00:00,Gasamat,Sterling,CO,80751,Other,7652 ∑ Vehicle Gas
Senate District 01,"PELTON, BYRON",Republican,19.24,2023-11-16 00:00:00,Chipolte,Brighton,CO,80601,Other,7640 ∑ Meals
Senate District 01,"PELTON, BYRON",Republican,94.31,2023-11-20 00:00:00,Gasamat,Sterling,CO,80751,Other,7652 ∑ Vehicle Gas
Senate District 01,"PELTON, BYRON",Republican,98.46,2023-11-20 00:00:00,Love'S Travel,Brush,CO,80723,Other,7652 ∑ Vehicle Gas
Senate District 01,"PELTON, BYRON",Republican,7.73,2023-11-21 00:00:00,Love'S Travel,Brush,CO,80723,Other,7640 ∑ Meals
Senate District 01,"PELTON, BYRON",Republican,56.66,2023-11-24 00:00:00,J&L Cafe,Sterling,CO,80751,Other,7640 ∑ Meals
Senate District 01,"PELTON, BYRON",Republican,27.28,2023-11-30 00:00:00,Buffalo Wild Wing,Greeley,CO,80634,Other,7640 ∑ Meals
Senate District 01,"PELTON, BYRON",Republican,7.77,2023-11-30 00:00:00,,,,,Other,6890 ∑ Other Meeting Expense
Senate District 01,"PELTON, BYRON",Republican,95.39,2023-12-11 00:00:00,Gasamat,Sterling,CO,80751,Other,7652 ∑ Vehicle Gas
Senate District 01,"PELTON, BYRON",Republican,14.78,2023-12-11 00:00:00,,,,,Other,7640 ∑ Meals
Senate District 01,"PELTON, BYRON",Republican,80.74,2023-12-13 00:00:00,Gasamat,Sterling,CO,80751,Other,7652 ∑ Vehicle Gas
Senate District 01,"PELTON, BYRON",Republican,472.5,2023-12-18 00:00:00,"Sws Polifi, Llc",Fort Lupton,CO,80621,Other,7520 ∑ Accounting Fees
Senate District 01,"PELTON, BYRON",Republican,5.0,2023-12-21 00:00:00,,,,,Other,7810 ∑ Service Charges
Senate District 01,"PELTON, BYRON",Republican,31.56,2023-12-26 00:00:00,Gasamat,Sterling,CO,80751,Other,7652 ∑ Vehicle Gas
Senate District 01,"PELTON, BYRON",Republican,77.46,2023-12-26 00:00:00,Gasamat,Sterling,CO,80751,Other,7652 ∑ Vehicle Gas
Senate District 01,"PELTON, BYRON",Republican,500.0,2023-12-26 00:00:00,Pera Parking,Denver,CO,80203,Other,7229 ∑ Parking Expense
Senate District 03,"CHARLES, DANA",Republican,100.0,2025-02-25 00:00:00,Meta Facebook,Menlo Park,CA,94025,Other,6830 ∑ Advertising Expense
Senate District 03,"CHARLES, DANA",Republican,95.76,2025-02-27 00:00:00,Schusters Printing,Pueblo,CO,81008,Other,6613 ∑ Brochures
Senate District 03,"CHARLES, DANA",Republican,294.88,2025-02-27 00:00:00,Vista Print,Waltham,MA,02451,Other,6623 ∑ Banners
Senate District 03,"CHARLES, DANA",Republican,1.3,2025-03-03 00:00:00,Anedot,New Orleans,LA,70117,Other,7820 ∑ Merchant Account Fees
Senate District 03,"CHARLES, DANA",Republican,19.8,2025-03-04 00:00:00,Firstbank North,Arvada,CO,80006,Other,7214 ∑ Office Supplies
Senate District 03,"CHARLES, DANA",Republican,30.9,2025-03-15 00:00:00,Anedot,New Orleans,LA,70117,Other,7820 ∑ Merchant Account Fees
Senate District 03,"CHARLES, DANA",Republican,2000.0,2025-03-18 00:00:00,Hart Digital Media,Pueblo,CO,81003,Other,6410 ∑ Registration & Hosting
Senate District 03,"CHARLES, DANA",Republican,4.48,2025-03-20 00:00:00,Anedot,New Orleans,LA,70117,Other,7820 ∑ Merchant Account Fees
Senate District 03,"CHARLES, DANA",Republican,-4.48,2025-03-20 00:00:00,Anedot,New Orleans,LA,70117,Other,Offset Due To Deletion Of Filed Item - 7820 ∑ Merchant Account Fees
Senate District 03,"CHARLES, DANA",Republican,1.3,2025-04-01 00:00:00,Anedot,New Orleans,LA,70117,Other,7820 ∑ Merchant Account Fees
Senate District 03,"CHARLES, DANA",Republican,80.0,2025-04-01 00:00:00,Miss Pueblo County,Pueblo West,CO,81007,Other,6830 ∑ Advertising Expense
Senate District 03,"CHARLES, DANA",Republican,158.63,2025-04-01 00:00:00,Vista Print,Waltham,MA,02451,Other,6612 ∑ Business Cards
Senate District 03,"CHARLES, DANA",Republican,28.05,2025-04-01 00:00:00,Vista Print,Waltham,MA,02451,Other,7214 ∑ Office Supplies
Senate District 03,"CHARLES, DANA",Republican,700.0,2025-04-04 00:00:00,Bella Pasta And Seafood,Pueblo West,CO,81007,Other,5140 ∑ Event Food & Beverage
Senate District 03,"CHARLES, DANA",Republican,4.3,2025-04-08 00:00:00,Anedot,New Orleans,LA,70117,Other,7820 ∑ Merchant Account Fees
Senate District 03,"CHARLES, DANA",Republican,545.76,2025-04-10 00:00:00,"Sws Polifi, Llc",Lafayette,CO,80026,Other,7520 ∑ Accounting Fees
Senate District 03,"CHARLES, DANA",Republican,95.76,2025-04-23 00:00:00,Schusters Printing,Pueblo,CO,81008,Other,6613 ∑ Brochures
Senate District 03,"CHARLES, DANA",Republican,4.3,2025-04-30 00:00:00,Anedot,New Orleans,LA,70117,Other,7820 ∑ Merchant Account Fees
Senate District 03,"CHARLES, DANA",Republican,400.0,2025-05-06 00:00:00,Rocky Mountain Voice,Centennial,CO,80112,Other,6800 ∑ Meeting Expense
Senate District 03,"CHARLES, DANA",Republican,192.74,2025-05-10 00:00:00,Mailchimp,Atlanta,GA,30308,Other,7350 ∑ Email Service
Senate District 03,"CHARLES, DANA",Republican,119.67,2025-05-15 00:00:00,Sam'S Club,Pueblo,CO,81008,Other,7640 ∑ Meals
Senate District 03,"CHARLES, DANA",Republican,27.0,2025-05-16 00:00:00,Meta Facebook,Menlo Park,CA,94025,Other,6140 ∑ Online
Senate District 03,"CHARLES, DANA",Republican,2534.8,2025-05-23 00:00:00,Dana  Charles,Pueblo West,CO,81007,Other,Candidate Expenses Reimbursement
Senate District 03,"CHARLES, DANA",Republican,3.82,2025-06-16 00:00:00,Anedot,New Orleans,LA,70117,Other,7820 ∑ Merchant Account Fees
Senate District 03,"CHARLES, DANA",Republican,-3.82,2025-06-16 00:00:00,Anedot,New Orleans,LA,70117,Other,Offset Due To Update Of Filed Item - 7820 ∑ Merchant Account Fees
Senate District 03,"CHARLES, DANA",Republican,8.3,2025-06-16 00:00:00,Anedot,New Orleans,LA,70117,Other,7820 ∑ Merchant Account Fees
Senate District 03,"CHARLES, DANA",Republican,1.3,2025-06-30 00:00:00,Anedot,New Orleans,LA,70117,Other,7820 ∑ Merchant Account Fees
Senate District 03,"CHARLES, DANA",Republican,2.35,2025-07-01 00:00:00,Anedot,New Orleans,LA,70117,Other,7820 ∑ Merchant Account Fees
Senate District 03,"CHARLES, DANA",Republican,192.74,2025-07-07 00:00:00,Mailchimp,Atlanta,GA,30308,Other,7350 ∑ Email Service
Senate District 03,"CHARLES, DANA",Republican,320.0,2025-07-09 00:00:00,Greater Pueblo Chamber Of Commerce,Pueblo,CO,81003,Other,5120 ∑ Event Space Rental
Senate District 03,"CHARLES, DANA",Republican,523.76,2025-07-16 00:00:00,"Sws Polifi, Llc",Lafayette,CO,80026,Other,7520 ∑ Accounting Fees
Senate District 03,"CHARLES, DANA",Republican,250.0,2025-07-21 00:00:00,Hart Digital Media,Pueblo,CO,81003,Other,6640 ∑ Design & Layout
Senate District 03,"CHARLES, DANA",Republican,200.0,2025-07-25 00:00:00,Greater Pueblo Chamber Of Commerce,Pueblo,CO,81003,Other,5120 ∑ Event Space Rental
Senate District 03,"CHARLES, DANA",Republican,250.0,2025-08-04 00:00:00,Staci  Patterson,Colorado Springs,CO,80908,Other,7410 ∑ General Consultants
Senate District 03,"CHARLES, DANA",Republican,18.3,2025-08-07 00:00:00,Anedot,New Orleans,LA,70117,Other,7820 ∑ Merchant Account Fees
Senate District 03,"CHARLES, DANA",Republican,156.15,2025-08-07 00:00:00,Big Bear Wine & Liquor,Pueblo West,CO,81007,Other,5140 ∑ Event Food & Beverage
Senate District 03,"CHARLES, DANA",Republican,18.0,2025-08-07 00:00:00,Dollar Tree,Pueblo,CO,81007,Other,5190 ∑ Other Event Expense
Senate District 03,"CHARLES, DANA",Republican,9.0,2025-08-07 00:00:00,,,,,Other,5190 ∑ Other Event Expense
Senate District 03,"CHARLES, DANA",Republican,164.42,2025-08-07 00:00:00,Walmart,Pueblo West,CO,81007,Other,5140 ∑ Event Food & Beverage
Senate District 03,"CHARLES, DANA",Republican,9.3,2025-08-08 00:00:00,Anedot,New Orleans,LA,70117,Other,7820 ∑ Merchant Account Fees
Senate District 03,"CHARLES, DANA",Republican,74.9,2025-08-18 00:00:00,Big R,Pueblo West,CO,81007,Other,7230 ∑ Decorations
Senate District 03,"CHARLES, DANA",Republican,174.0,2025-08-18 00:00:00,Home Depot,Pueblo,CO,81008,Other,7230 ∑ Decorations
Senate District 03,"CHARLES, DANA",Republican,318.91,2025-08-18 00:00:00,Screened Effects,Pueblo,CO,81003,Other,6631 ∑ Apparel
Senate District 03,"CHARLES, DANA",Republican,287.24,2025-08-18 00:00:00,Vista Print,Waltham,MA,02451,Other,6623 ∑ Banners
Senate District 03,"CHARLES, DANA",Republican,63.54,2025-08-19 00:00:00,Hobby Lobby,Pueblo,CO,81009,Other,7230 ∑ Decorations
Senate District 03,"CHARLES, DANA",Republican,413.18,2025-08-20 00:00:00,High Res Imaging,Pueblo,CO,81003,Other,6623 ∑ Banners
Senate District 03,"CHARLES, DANA",Republican,99.36,2025-08-20 00:00:00,Home Depot,Pueblo,CO,81008,Other,7230 ∑ Decorations
Senate District 03,"CHARLES, DANA",Republican,18.3,2025-08-21 00:00:00,Anedot,New Orleans,LA,70117,Other,7820 ∑ Merchant Account Fees
Senate District 03,"CHARLES, DANA",Republican,100.0,2025-09-01 00:00:00,Latino Chamber Of Commerce,Pueblo,CO,81003,Other,7218 ∑ Dues And Subscriptions
Senate District 03,"CHARLES, DANA",Republican,10.0,2025-09-01 00:00:00,Latino Chamber Of Commerce,Pueblo,CO,81003,Other,7218 ∑ Dues And Subscriptions
Senate District 03,"CHARLES, DANA",Republican,1.3,2025-09-06 00:00:00,Anedot,New Orleans,LA,70117,Other,7820 ∑ Merchant Account Fees
Senate District 03,"CHARLES, DANA",Republican,1000.0,2025-09-19 00:00:00,Hart Digital Media,Pueblo,CO,81003,Other,6121 ∑ Time Buys
Senate District 03,"CHARLES, DANA",Republican,2.3,2025-09-21 00:00:00,Anedot,New Orleans,LA,70117,Other,7820 ∑ Merchant Account Fees
Senate District 03,"CHARLES, DANA",Republican,9.04,2025-10-06 00:00:00,,,,,Other,7231 ∑ Refreshments & Food
Senate District 03,"CHARLES, DANA",Republican,452.62,2025-10-09 00:00:00,"Sws Polifi, Llc",Lafayette,CO,80026,Other,7520 ∑ Accounting Fees
Senate District 03,"CHARLES, DANA",Republican,9.3,2025-10-10 00:00:00,Anedot,New Orleans,LA,70117,Other,7820 ∑ Merchant Account Fees
Senate District 03,"CHARLES, DANA",Republican,156.0,2025-10-15 00:00:00,Usps,Pueblo Wesst,CO,81007,Other,6223 ∑ Postage
Senate District 03,"CHARLES, DANA",Republican,18.3,2025-10-21 00:00:00,Anedot,New Orleans,LA,70117,Other,7820 ∑ Merchant Account Fees
Senate District 03,"CHARLES, DANA",Republican,72.78,2025-10-21 00:00:00,Walmart,Pueblo West,CO,81007,Other,7231 ∑ Refreshments & Food
Senate District 03,"CHARLES, DANA",Republican,18.3,2025-10-24 00:00:00,Anedot,New Orleans,LA,70117,Other,7820 ∑ Merchant Account Fees
Senate District 03,"CHARLES, DANA",Republican,4.3,2025-10-29 00:00:00,Anedot,New Orleans,LA,70117,Other,7820 ∑ Merchant Account Fees
Senate District 03,"CHARLES, DANA",Republican,46.3,2025-10-29 00:00:00,Savina'S Restaurant,Castle Rock,CO,80108,Other,5140 ∑ Event Food & Beverage
Senate District 03,"CHARLES, DANA",Republican,119.83,2025-11-04 00:00:00,My Friend The Printer,Pueblo,CO,81003,Other,6612 ∑ Business Cards
Senate District 03,"CHARLES, DANA",Republican,4.0,2025-11-10 00:00:00,,,,,Other,7657 ∑ Vehicle Tolls And Parking
Senate District 03,"CHARLES, DANA",Republican,17.3,2025-11-11 00:00:00,Anedot,New Orleans,LA,70117,Other,7820 ∑ Merchant Account Fees
Senate District 03,"CHARLES, DANA",Republican,14.54,2025-11-12 00:00:00,,,,,Other,6800 ∑ Meeting Expense
Senate District 03,"CHARLES, DANA",Republican,25.0,2025-11-14 00:00:00,City Of Colorado Springs,Colorado Springs,CO,80906,Other,7229 ∑ Parking Expense
Senate District 03,"CHARLES, DANA",Republican,62.61,2025-11-14 00:00:00,Mackenzie'S Chophouse Colorado Springs,Colorado Springs,CO,80903,Other,6800 ∑ Meeting Expense
Senate District 03,"CHARLES, DANA",Republican,1.3,2025-11-21 00:00:00,Anedot,New Orleans,LA,70117,Other,7820 ∑ Merchant Account Fees
Senate District 03,"CHARLES, DANA",Republican,27.0,2025-11-24 00:00:00,Denver Public Works,Denver,CO,80202,Other,7657 ∑ Vehicle Tolls And Parking
Senate District 03,"CHARLES, DANA",Republican,242.25,2025-12-10 00:00:00,Mailchimp,Atlanta,GA,30308,Other,7350 ∑ Email Service
Senate District 03,"CHARLES, DANA",Republican,105.45,2025-12-10 00:00:00,Schusters Printing,Pueblo,CO,81008,Other,6611 ∑ Letterhead & Envelopes
Senate District 03,"CHARLES, DANA",Republican,9.3,2025-12-10 00:00:00,Anedot,New Orleans,LA,70117,Other,7820 ∑ Merchant Account Fees
Senate District 03,"CHARLES, DANA",Republican,0.9,2025-12-19 00:00:00,Anedot,New Orleans,LA,70117,Other,7820 ∑ Merchant Account Fees
Senate District 03,"CHARLES, DANA",Republican,1.3,2025-12-22 00:00:00,Anedot,New Orleans,LA,70117,Other,7820 ∑ Merchant Account Fees
Senate District 03,"CHARLES, DANA",Republican,100.0,2025-12-29 00:00:00,Lara  Ross,Denver,CO,80231,Other,7410 ∑ General Consultants
Senate District 03,"CHARLES, DANA",Republican,1.3,2025-12-30 00:00:00,Anedot,New Orleans,LA,70117,Other,7820 ∑ Merchant Account Fees
Senate District 03,"CHARLES, DANA",Republican,18.3,2025-12-31 00:00:00,Anedot,New Orleans,LA,70117,Other,7820 ∑ Merchant Account Fees
Senate District 03,"GUTIERREZ, AARON",Democratic,37.66,2025-07-09 00:00:00,My Friend The Printer,Pueblo,CO,81003,Fundraising Expenses,Remit Envelopes
Senate District 03,"GUTIERREZ, AARON",Democratic,400.0,2025-07-18 00:00:00,David  Armenta,Pueblo,CO,81003,Other,Photography
Senate District 03,"GUTIERREZ, AARON",Democratic,84.48,2025-07-24 00:00:00,Corazon Printing,Broomfield,CO,80020,Advertising,Campaign Banner
Senate District 03,"GUTIERREZ, AARON",Democratic,450.0,2025-07-25 00:00:00,Ritchie  Archuleta,Pueblo,CO,81003,Miscellaneous,Bartender Fee
Senate District 03,"GUTIERREZ, AARON",Democratic,2500.0,2025-08-01 00:00:00,Perry Jacobson,Annapolis,MA,21401,Consultant & Professional Services,Consulting
Senate District 03,"GUTIERREZ, AARON",Democratic,125.0,2025-08-05 00:00:00,Joe  Delao,Pueblo,CO,81005,Miscellaneous,T Shirts
Senate District 03,"GUTIERREZ, AARON",Democratic,129.11,2025-08-22 00:00:00,Staples Pueblo,Pueblo,CO,81008,Office Equipment & Supplies,Supplies
Senate District 03,"GUTIERREZ, AARON",Democratic,15.69,2025-08-29 00:00:00,Dollar Tree,Pueblo,CO,81005,Miscellaneous,Campaign Supplies
Senate District 03,"GUTIERREZ, AARON",Democratic,2500.0,2025-09-01 00:00:00,Perry Jacobson,Annapolis,MA,21401,Consultant & Professional Services,Consultation Service
Senate District 03,"GUTIERREZ, AARON",Democratic,91.46,2025-09-02 00:00:00,Staples Pueblo,Pueblo,CO,81008,Advertising,Business Cards
Senate District 03,"GUTIERREZ, AARON",Democratic,18.7,2025-09-02 00:00:00,Anthony Paper Supples,Pueblo,CO,81006,Advertising,Campaign Stickers
Senate District 03,"GUTIERREZ, AARON",Democratic,15.0,2025-09-24 00:00:00,,,,,Advertising,Canva Online App Presentations Cc Payment
Senate District 03,"GUTIERREZ, AARON",Democratic,60.15,2025-09-29 00:00:00,Sacred Bean,Pueblo,CO,81003,Fundraising Expenses,Coffee / Sacred Bean
Senate District 03,"GUTIERREZ, AARON",Democratic,2525.0,2025-10-02 00:00:00,Perry Jacobson,Annapolis,MA,21401,Consultant & Professional Services,Consultant
Senate District 03,"GUTIERREZ, AARON",Democratic,15.0,2025-10-24 00:00:00,,,,,Other,Online Digital Canva
Senate District 03,"GUTIERREZ, AARON",Democratic,9.35,2025-10-27 00:00:00,,,,,Advertising,Misc. Expense  Intro Solutions
Senate District 03,"GUTIERREZ, AARON",Democratic,2525.0,2025-11-04 00:00:00,Perry Jacobson,Annapolis,MA,21401,Consultant & Professional Services,
Senate District 03,"GUTIERREZ, AARON",Democratic,58.61,2025-11-17 00:00:00,Walmart4080,Pueblo,CO,81005,Fundraising Expenses,Fundraising Expenses
Senate District 03,"GUTIERREZ, AARON",Democratic,20.0,2025-11-24 00:00:00,,,,,Other,Online Canva
Senate District 03,"GUTIERREZ, AARON",Democratic,20.0,2025-12-24 00:00:00,,,,,Other,Online Canva
Senate District 03,"VOSS, TAYLOR",Democratic,350.0,2025-07-18 00:00:00,Tyler  Shown,Denver,CO,80223,Advertising,Campaign Announcement Video.
Senate District 03,"VOSS, TAYLOR",Democratic,8.89,2025-07-20 00:00:00,Actblue Technical Services,Boston,MA,02196,Fundraising Expenses,Act Blue Service Fee.
Senate District 03,"VOSS, TAYLOR",Democratic,14.68,2025-08-04 00:00:00,Staples,Pueblo,CO,81008,Advertising,Name Tag.
Senate District 03,"VOSS, TAYLOR",Democratic,26.88,2025-08-04 00:00:00,Staples,Pueblo,CO,81008,Office Equipment & Supplies,Business Cards.
Senate District 03,"VOSS, TAYLOR",Democratic,80.0,2025-08-04 00:00:00,Greater Pueblo Chamber Of Commerce,Pueblo,CO,81003,Other,Greater Pueblo Chamber Of Commerce Legislative Bbq Ticket.
Senate District 03,"VOSS, TAYLOR",Democratic,25.18,2025-08-05 00:00:00,Amazon,Seattle,CO,98109,Other,Thank You Cards And Envelopes.
Senate District 03,"VOSS, TAYLOR",Democratic,3.95,2025-08-12 00:00:00,Actblue Technical Services,Boston,MA,02196,Other,Act Blue Service Fee.
Senate District 03,"VOSS, TAYLOR",Democratic,865.4,2025-08-13 00:00:00,Colorado Democratic Party,Denver,CO,80203,Other,Colorado Democratic Party Voter File Access.
Senate District 03,"VOSS, TAYLOR",Democratic,199.5,2025-08-20 00:00:00,Print Pros Inc.,Pueblo,CO,81004,Advertising,10 Double Sided Yard Signs.
Senate District 03,"VOSS, TAYLOR",Democratic,300.0,2025-08-27 00:00:00,Mommy Made Creations,Pueblo,CO,81005,Advertising,20 T-Shirts.
Senate District 03,"VOSS, TAYLOR",Democratic,70.3,2025-08-28 00:00:00,Dick'S Sporting Goods,Pueblo,CO,81008,Other,Polo T-Shirt.
Senate District 03,"VOSS, TAYLOR",Democratic,123.74,2025-08-29 00:00:00,Print Pros Inc.,Pueblo,CO,81004,Advertising,3X6 Banner.
Senate District 03,"VOSS, TAYLOR",Democratic,78.0,2025-09-02 00:00:00,United States Postal Service,Pueblo,CO,81008,Other,Postage For Thank You Cards.
Senate District 03,"VOSS, TAYLOR",Democratic,28.86,2025-09-07 00:00:00,Actblue Technical Services,Boston,MA,02196,Fundraising Expenses,Act Blue Service Fee.
Senate District 03,"VOSS, TAYLOR",Democratic,6.24,2025-09-08 00:00:00,United States Postal Service,Pueblo,CO,81008,Other,Postage For Thank You Cards.
Senate District 03,"VOSS, TAYLOR",Democratic,105.45,2025-09-25 00:00:00,Schusters Printing,Pueblo,CO,81008,Office Equipment & Supplies,100 Donation Envelopes.
Senate District 03,"VOSS, TAYLOR",Democratic,13.83,2025-10-05 00:00:00,Actblue Technical Services,Boston,MA,02196,Fundraising Expenses,Act Blue Service Fee.
Senate District 03,"VOSS, TAYLOR",Democratic,300.0,2025-10-11 00:00:00,Awetonic Llc,Pueblo,CO,81001,Consultant & Professional Services,Photo And Video Services For A Campaign Event.
Senate District 03,"VOSS, TAYLOR",Democratic,22.72,2025-10-12 00:00:00,Actblue Technical Services,Boston,MA,02196,Fundraising Expenses,Act Blue Service Fee.
Senate District 03,"VOSS, TAYLOR",Democratic,550.0,2025-10-13 00:00:00,Jacob  Rivera,Pueblo,CO,81003,Consultant & Professional Services,"The Total Cost For My Website Was $1,000. Jacob Made An In-Kind Donation Of $450 To Create The Website. This Expense Is Covering The Total Cost Of His Services."
Senate District 03,"VOSS, TAYLOR",Democratic,11.7,2025-10-21 00:00:00,United States Postal Service,Pueblo,CO,81008,Office Equipment & Supplies,Postage For Thank You Cards.
Senate District 03,"VOSS, TAYLOR",Democratic,15.8,2025-10-26 00:00:00,Actblue Technical Services,Boston,MA,02196,Fundraising Expenses,Act Blue Service Fee.
Senate District 03,"VOSS, TAYLOR",Democratic,19.75,2025-12-07 00:00:00,Actblue Technical Services,Boston,MA,02196,Fundraising Expenses,Act Blue Service Fee.
Senate District 03,"VOSS, TAYLOR",Democratic,71.12,2025-12-21 00:00:00,Actblue Technical Services,Boston,MA,02196,Fundraising Expenses,Act Blue Service Fee.
Senate District 03,"VOSS, TAYLOR",Democratic,57.29,2025-12-28 00:00:00,Actblue Technical Services,Boston,MA,02196,Fundraising Expenses,Act Blue Service Fee.
Senate District 03,"VOSS, TAYLOR",Democratic,88.9,2025-12-31 00:00:00,Actblue Technical Services,Boston,MA,02196,Fundraising Expenses,Act Blue Service Fee.
Senate District 04,"COLLINS III, TED (TEDDY)",Republican,46.02,2025-12-20 00:00:00,Ionos Instant Domain,Philadelphia,PA,19103,Other,6410 ∑ Registration & Hosting
Senate District 04,"COLLINS III, TED (TEDDY)",Republican,129.81,2025-12-26 00:00:00,Jcp Portrait,Colorado Springs,CO,80909,Other,6300 ∑ Photography Expense
Senate District 04,"COLLINS III, TED (TEDDY)",Republican,3.31,2025-12-29 00:00:00,Anedot,New Orleans,LA,70117,Other,7820 ∑ Merchant Account Fees
Senate District 04,"COLLINS III, TED (TEDDY)",Republican,35.5,2025-12-30 00:00:00,Anedot,New Orleans,LA,70117,Other,7820 ∑ Merchant Account Fees
Senate District 04,"COLLINS III, TED (TEDDY)",Republican,2.2,2025-12-31 00:00:00,Anedot,New Orleans,LA,70117,Other,7820 ∑ Merchant Account Fees
Senate District 04,"COLLINS III, TED (TEDDY)",Republican,89.0,2025-12-31 00:00:00,Usps,Larkspur,CO,80118,Other,7218 ∑ Dues And Subscriptions
Senate District 04,"CONRAD, KEVIN",Republican,8.3,2025-10-16 00:00:00,Anedot,New Orleans,LA,70112,Bank Fees,
Senate District 04,"CONRAD, KEVIN",Republican,4.3,2025-10-16 00:00:00,Anedot,New Orleans,LA,70112,Bank Fees,
Senate District 04,"CONRAD, KEVIN",Republican,8.3,2025-10-18 00:00:00,Anedot,New Orleans,LA,70112,Bank Fees,
Senate District 04,"CONRAD, KEVIN",Republican,4.3,2025-10-19 00:00:00,Anedot,New Orleans,LA,70112,Bank Fees,
Senate District 04,"CONRAD, KEVIN",Republican,2.3,2025-10-21 00:00:00,Anedot,New Orleans,LA,70112,Bank Fees,
Senate District 04,"CONRAD, KEVIN",Republican,1.3,2025-10-21 00:00:00,Anedot,New Orleans,LA,70112,Bank Fees,
Senate District 04,"CONRAD, KEVIN",Republican,4.3,2025-10-25 00:00:00,Anedot,New Orleans,LA,70112,Bank Fees,
Senate District 04,"CONRAD, KEVIN",Republican,6.3,2025-10-29 00:00:00,Anedot,New Orleans,LA,70112,Bank Fees,
Senate District 04,"CONRAD, KEVIN",Republican,2.3,2025-11-02 00:00:00,Anedot,New Orleans,LA,70112,Bank Fees,
Senate District 04,"CONRAD, KEVIN",Republican,78.0,2025-11-03 00:00:00,Usps,Franktown,CO,80116,Office Equipment & Supplies,
Senate District 04,"CONRAD, KEVIN",Republican,40.0,2025-11-12 00:00:00,Douglas County Republican Women,Highlands Ranch,CO,80129,"Food, Beverages and Meals",Luncheon At Douglas County Republican Women
Senate District 04,"CONRAD, KEVIN",Republican,1.9,2025-11-12 00:00:00,Anedot,New Orleans,LA,70112,Bank Fees,
Senate District 04,"CONRAD, KEVIN",Republican,175.5,2025-11-13 00:00:00,Herrada Printing,Aurora,CO,80012,Office Equipment & Supplies,
Senate District 04,"CONRAD, KEVIN",Republican,4.3,2025-11-14 00:00:00,Anedot,New Orleans,LA,70112,Bank Fees,
Senate District 04,"CONRAD, KEVIN",Republican,8.3,2025-11-14 00:00:00,Anedot,New Orleans,LA,70112,Bank Fees,
Senate District 04,"CONRAD, KEVIN",Republican,4.3,2025-11-14 00:00:00,Anedot,New Orleans,LA,70112,Bank Fees,
Senate District 04,"CONRAD, KEVIN",Republican,4.3,2025-11-15 00:00:00,Anedot,New Orleans,LA,70112,Bank Fees,
Senate District 04,"CONRAD, KEVIN",Republican,99.08,2025-11-16 00:00:00,Murphy Express,Parker,CO,80134,Travel & Lodging,
Senate District 04,"CONRAD, KEVIN",Republican,4.3,2025-11-19 00:00:00,Anedot,New Orleans,LA,70112,Bank Fees,
Senate District 04,"CONRAD, KEVIN",Republican,87.67,2025-11-20 00:00:00,Chaffee County Gas Store 7-11,Colorado Springs,CO,80905,Travel & Lodging,
Senate District 04,"CONRAD, KEVIN",Republican,4.3,2025-11-20 00:00:00,Anedot,New Orleans,LA,70112,Bank Fees,
Senate District 04,"CONRAD, KEVIN",Republican,2.3,2025-11-21 00:00:00,Anedot,New Orleans,LA,70112,Bank Fees,
Senate District 04,"CONRAD, KEVIN",Republican,62.29,2025-11-22 00:00:00,Buc-Ees,Johnstown,CO,80534,Travel & Lodging,
Senate District 04,"CONRAD, KEVIN",Republican,4.3,2025-11-22 00:00:00,Anedot,New Orleans,LA,70112,Bank Fees,
Senate District 04,"CONRAD, KEVIN",Republican,1.3,2025-11-22 00:00:00,Anedot,New Orleans,LA,70112,Bank Fees,
Senate District 04,"CONRAD, KEVIN",Republican,1.3,2025-11-23 00:00:00,Anedot,New Orleans,LA,70112,Bank Fees,
Senate District 04,"CONRAD, KEVIN",Republican,8.3,2025-11-25 00:00:00,Anedot,New Orleans,LA,70112,Bank Fees,
Senate District 04,"CONRAD, KEVIN",Republican,783.0,2025-12-01 00:00:00,Herrada Printing,Aurora,CO,80012,Fundraising Expenses,"Signs, Name Badges, Notecards, Business Cards, Labels For Mail And Envelopes For Campaign Communication."
Senate District 04,"CONRAD, KEVIN",Republican,40.0,2025-12-03 00:00:00,South Metro Republicans Breakfast,Littleton,CO,80160,"Food, Beverages and Meals",
Senate District 04,"CONRAD, KEVIN",Republican,8.3,2025-12-03 00:00:00,Anedot,New Orleans,LA,70112,Bank Fees,
Senate District 04,"CONRAD, KEVIN",Republican,100.0,2025-12-06 00:00:00,7 Eleven,Castle Rock,CO,80104,Travel & Lodging,
Senate District 04,"CONRAD, KEVIN",Republican,70.12,2025-12-09 00:00:00,Loaf N Jug,Pueblo West,CO,81007-6039,Travel & Lodging,
Senate District 04,"CONRAD, KEVIN",Republican,4.3,2025-12-09 00:00:00,Anedot,New Orleans,LA,70112,Bank Fees,
Senate District 04,"CONRAD, KEVIN",Republican,1.9,2025-12-09 00:00:00,Anedot,New Orleans,LA,70112,Bank Fees,
Senate District 04,"CONRAD, KEVIN",Republican,2.3,2025-12-10 00:00:00,Anedot,New Orleans,LA,70112,Bank Fees,
Senate District 04,"CONRAD, KEVIN",Republican,74.37,2025-12-11 00:00:00,Shell,Penrose,CO,81240,Travel & Lodging,
Senate District 04,"CONRAD, KEVIN",Republican,40.0,2025-12-11 00:00:00,Custer County Republican Central Committee,Westcliffe,CO,81252,"Food, Beverages and Meals",
Senate District 04,"CONRAD, KEVIN",Republican,4.3,2025-12-13 00:00:00,Anedot,New Orleans,LA,70112,Bank Fees,
Senate District 04,"CONRAD, KEVIN",Republican,1.3,2025-12-13 00:00:00,Anedot,New Orleans,LA,70112,Bank Fees,
Senate District 04,"CONRAD, KEVIN",Republican,1.3,2025-12-13 00:00:00,Anedot,New Orleans,LA,70112,Bank Fees,
Senate District 04,"CONRAD, KEVIN",Republican,2.3,2025-12-14 00:00:00,Anedot,New Orleans,LA,70112,Bank Fees,
Senate District 04,"CONRAD, KEVIN",Republican,2.3,2025-12-15 00:00:00,Anedot,New Orleans,LA,70112,Bank Fees,
Senate District 04,"CONRAD, KEVIN",Republican,4.3,2025-12-17 00:00:00,Anedot,New Orleans,LA,70112,Bank Fees,
Senate District 04,"CONRAD, KEVIN",Republican,8.3,2025-12-17 00:00:00,Anedot,New Orleans,LA,70112,Bank Fees,
Senate District 04,"CONRAD, KEVIN",Republican,101.14,2025-12-18 00:00:00,Phillips,Castle Rock,CO,80108,Travel & Lodging,
Senate District 04,"CONRAD, KEVIN",Republican,8.3,2025-12-19 00:00:00,Anedot,New Orleans,LA,70112,Bank Fees,
Senate District 04,"CONRAD, KEVIN",Republican,2.3,2025-12-21 00:00:00,Anedot,New Orleans,LA,70112,Bank Fees,
Senate District 04,"CONRAD, KEVIN",Republican,2.3,2025-12-21 00:00:00,Anedot,New Orleans,LA,70112,Bank Fees,
Senate District 04,"CONRAD, KEVIN",Republican,4.3,2025-12-22 00:00:00,Anedot,New Orleans,LA,70112,Bank Fees,
Senate District 04,"CONRAD, KEVIN",Republican,4.3,2025-12-23 00:00:00,Anedot,New Orleans,LA,70112,Bank Fees,
Senate District 04,"CONRAD, KEVIN",Republican,8.3,2025-12-23 00:00:00,Anedot,New Orleans,LA,70112,Bank Fees,
Senate District 04,"CONRAD, KEVIN",Republican,2.3,2025-12-23 00:00:00,Anedot,New Orleans,LA,70112,Bank Fees,
Senate District 04,"CONRAD, KEVIN",Republican,99.44,2025-12-24 00:00:00,Phillips,Castle Rock,CO,80108,Travel & Lodging,Gas For Travel
Senate District 04,"CONRAD, KEVIN",Republican,1.3,2025-12-27 00:00:00,Anedot,New Orleans,LA,70112,Bank Fees,
Senate District 04,"CONRAD, KEVIN",Republican,2.3,2025-12-28 00:00:00,Anedot,New Orleans,LA,70112,Bank Fees,
Senate District 04,"CONRAD, KEVIN",Republican,4.3,2025-12-30 00:00:00,Anedot,New Orleans,LA,70112,Bank Fees,
Senate District 04,"CONRAD, KEVIN",Republican,8.3,2025-12-30 00:00:00,Anedot,New Orleans,LA,70112,Bank Fees,
Senate District 04,"CONRAD, KEVIN",Republican,8.3,2025-12-30 00:00:00,Anedot,New Orleans,LA,70112,Bank Fees,
Senate District 04,"CONRAD, KEVIN",Republican,10.3,2025-12-30 00:00:00,Anedot,New Orleans,LA,70112,Bank Fees,
Senate District 04,"CONRAD, KEVIN",Republican,18.3,2025-12-31 00:00:00,Anedot,New Orleans,LA,70112,Bank Fees,
Senate District 04,"LIVINGSTON, NICOLAS",Democratic,,,,,,,,
Senate District 07,"RICH, JANICE",Republican,216.15,2025-07-29 00:00:00,Copy Copy,Grand Junction,CO,81501,Office Equipment & Supplies,
Senate District 07,"RICH, JANICE",Republican,3.25,2025-09-12 00:00:00,Stripe,San Fransisco,CA,94080,Bank Fees,
Senate District 07,"RICH, JANICE",Republican,0.89,2025-09-12 00:00:00,Stripe,San Fransisco,CA,94080,Bank Fees,
Senate District 07,"RICH, JANICE",Republican,216.0,2024-12-10 00:00:00,Usps,Grand Junction,CO,81501,Office Equipment & Supplies,
Senate District 07,"RICH, JANICE",Republican,146.0,2024-12-30 00:00:00,Usps,Grand Junction,CO,81501,Office Equipment & Supplies,
Senate District 07,"RICH, JANICE",Republican,700.0,2024-12-30 00:00:00,Colorado Republican Caucus,Denver,CO,80209,Other,Dues
Senate District 07,"RICH, JANICE",Republican,226.0,2025-12-06 00:00:00,Usps,Grand Junction,CO,81501,Office Equipment & Supplies,
Senate District 07,"RICH, JANICE",Republican,400.0,2025-12-29 00:00:00,Monarch Solutions,Grand Junction,CO,81504,Consultant & Professional Services,
Senate District 07,"RICH, JANICE",Republican,198.0,2022-12-09 00:00:00,Us Postal Service,Grand Junction,CO,81502,Office Equipment & Supplies,
Senate District 07,"RICH, JANICE",Republican,1627.79,2022-12-09 00:00:00,Best Buy,Grand Junction,CO,81505,Office Equipment & Supplies,
Senate District 07,"RICH, JANICE",Republican,500.0,2022-12-09 00:00:00,Colorado Republican Committee,Greenwood Village,CO,80111,Other,Republican Caucus Dues
Senate District 07,"RICH, JANICE",Republican,264.0,2024-05-09 00:00:00,Usps,Grand Junction,CO,81501,Office Equipment & Supplies,
Senate District 07,"RICH, JANICE",Republican,252.0,2024-05-09 00:00:00,Squarespace,New York,NY,10014,Advertising,
Senate District 07,"RICH, JANICE",Republican,500.0,2024-05-09 00:00:00,Colorado Republican Caucus,Denver,CO,80209,Contributions,
Senate District 07,"RICH, JANICE",Republican,210.0,2023-12-18 00:00:00,Usps,Grand Junction,CO,81501,Office Equipment & Supplies,
Senate District 08,"ROBERTS, DYLAN",Democratic,6.92,2025-01-05 00:00:00,Actblue Technical Services,Somerville,MA,02144,Fundraising Expenses,Actblue Processing Fees
Senate District 08,"ROBERTS, DYLAN",Democratic,21.6,2025-01-06 00:00:00,Squarespace Inc,New York,NY,10014,Advertising,Website Domain Fee
Senate District 08,"ROBERTS, DYLAN",Democratic,123.0,2025-01-23 00:00:00,Mailchimp,Atlanta,GA,30308,Advertising,Mailchimp Fees
Senate District 08,"ROBERTS, DYLAN",Democratic,250.0,2025-01-28 00:00:00,Democratic Senate Caucus Fund,Denver,CO,80203,Other,Caucus Dues
Senate District 08,"ROBERTS, DYLAN",Democratic,2.0,2025-01-29 00:00:00,First Bank,Silverthorne,CO,80498,Bank Fees,Bank Fees
Senate District 08,"ROBERTS, DYLAN",Democratic,74.7,2025-02-04 00:00:00,Don Bruns Llc,,CO,,Other,Official Picture
Senate District 08,"ROBERTS, DYLAN",Democratic,21.6,2025-02-05 00:00:00,Squarespace Inc,New York,NY,10014,Advertising,Website Domain Fee
Senate District 08,"ROBERTS, DYLAN",Democratic,132.0,2025-02-24 00:00:00,Mailchimp,Atlanta,GA,30308,Advertising,Mailchimp Fees
Senate District 08,"ROBERTS, DYLAN",Democratic,2.0,2025-02-26 00:00:00,First Bank,Silverthorne,CO,80498,Bank Fees,Bank Fees
Senate District 08,"ROBERTS, DYLAN",Democratic,21.6,2025-03-05 00:00:00,Squarespace Inc,New York,NY,10014,Advertising,Website Domain Fee
Senate District 08,"ROBERTS, DYLAN",Democratic,132.0,2025-03-24 00:00:00,Mailchimp,Atlanta,GA,30308,Advertising,Mailchimp Fees
Senate District 08,"ROBERTS, DYLAN",Democratic,22.0,2025-03-26 00:00:00,Senate Services,Denver,CO,80203,Office Equipment & Supplies,Flag Purchase
Senate District 08,"ROBERTS, DYLAN",Democratic,2.0,2025-03-27 00:00:00,First Bank,Silverthorne,CO,80498,Bank Fees,Bank Fees
Senate District 08,"ROBERTS, DYLAN",Democratic,25.2,2025-04-07 00:00:00,Squarespace Inc,New York,NY,10014,Advertising,Website Fee
Senate District 08,"ROBERTS, DYLAN",Democratic,132.0,2025-04-23 00:00:00,Mailchimp,Atlanta,GA,30308,Advertising,Mailchimp Fee
Senate District 08,"ROBERTS, DYLAN",Democratic,2.0,2025-04-25 00:00:00,First Bank,Silverthorne,CO,80498,Bank Fees,Bank Fees
Senate District 08,"ROBERTS, DYLAN",Democratic,25.2,2025-05-05 00:00:00,Squarespace Inc,New York,NY,10014,Advertising,Website Fee
Senate District 08,"ROBERTS, DYLAN",Democratic,100.0,2025-05-13 00:00:00,Joseph  Quintana,Brighton,CO,80601,Employee Services,Legislative Aide Gas Reimbursement
Senate District 08,"ROBERTS, DYLAN",Democratic,132.0,2025-05-23 00:00:00,Mailchimp,Atlanta,GA,30308,Advertising,Mailchimp Fee
Senate District 08,"ROBERTS, DYLAN",Democratic,2.0,2025-05-28 00:00:00,First Bank,Silverthorne,CO,80498,Bank Fees,Bank Fees
Senate District 08,"ROBERTS, DYLAN",Democratic,30.0,2025-06-03 00:00:00,The Jackson County Star,Walden,CO,80480,Other,Jackson County Star Newspaper Subscription
Senate District 08,"ROBERTS, DYLAN",Democratic,301.2,2025-06-05 00:00:00,Squarespace Inc,New York,NY,10014,Advertising,Annual Website Registration
Senate District 08,"ROBERTS, DYLAN",Democratic,132.0,2025-06-23 00:00:00,Mailchimp,Atlanta,GA,30308,Advertising,Mailchimp Fee
Senate District 08,"ROBERTS, DYLAN",Democratic,2.0,2025-06-26 00:00:00,First Bank,Silverthorne,CO,80498,Bank Fees,Bank Fees
Senate District 08,"ROBERTS, DYLAN",Democratic,25.69,2025-06-30 00:00:00,Actblue Technical Services,Somerville,MA,02144,Fundraising Expenses,Actblue Processing Fees
Senate District 08,"ROBERTS, DYLAN",Democratic,200.0,2025-07-01 00:00:00,Joseph  Quintana,Brighton,CO,80601,Employee Services,Legislative Aide Mileage For Town Hall Meeting Support
Senate District 08,"ROBERTS, DYLAN",Democratic,25.2,2025-07-07 00:00:00,Squarespace Inc,New York,NY,10014,Advertising,Square Space Monthly Fee
Senate District 08,"ROBERTS, DYLAN",Democratic,132.0,2025-07-23 00:00:00,Mailchimp,Atlanta,GA,30308,Advertising,Mailchimp Monthly Fee
Senate District 08,"ROBERTS, DYLAN",Democratic,2.0,2025-07-29 00:00:00,First Bank,Silverthorne,CO,80498,Bank Fees,Bank Fees
Senate District 08,"ROBERTS, DYLAN",Democratic,25.2,2025-08-05 00:00:00,Squarespace Inc,New York,NY,10014,Advertising,Square Space Monthly Dues
Senate District 08,"ROBERTS, DYLAN",Democratic,132.0,2025-08-25 00:00:00,Mailchimp,Atlanta,GA,30308,Advertising,Mailchimp Monthly Dues
Senate District 08,"ROBERTS, DYLAN",Democratic,2.0,2025-08-27 00:00:00,First Bank,Silverthorne,CO,80498,Bank Fees,Bank Fees
Senate District 08,"ROBERTS, DYLAN",Democratic,0.4,2025-09-02 00:00:00,Google,Mountain View,CA,94043,Other,Google Additional Storage
Senate District 08,"ROBERTS, DYLAN",Democratic,25.2,2025-09-05 00:00:00,Squarespace Inc,New York,NY,10014,Advertising,Square Space Monthly Dues
Senate District 08,"ROBERTS, DYLAN",Democratic,318.0,2025-09-11 00:00:00,Ascend Digital Strategies,Washington,DC,20001,Consultant & Professional Services,Digital Consulting And Website Update
Senate District 08,"ROBERTS, DYLAN",Democratic,132.0,2025-09-23 00:00:00,Mailchimp,Atlanta,GA,30308,Advertising,Mailchimp Monthly Dues
Senate District 08,"ROBERTS, DYLAN",Democratic,2.0,2025-09-25 00:00:00,First Bank,Silverthorne,CO,80498,Bank Fees,Bank Fees
Senate District 08,"ROBERTS, DYLAN",Democratic,141.26,2025-09-30 00:00:00,Actblue Technical Services,Somerville,MA,02144,Fundraising Expenses,Actblue Processing Fees
Senate District 08,"ROBERTS, DYLAN",Democratic,21.6,2024-10-07 00:00:00,Squarespace Inc,New York,NY,10014,Advertising,Website Domain Fee
Senate District 08,"ROBERTS, DYLAN",Democratic,318.0,2024-10-18 00:00:00,Ascend Digital Strategies,Washington,DC,20001,Consultant & Professional Services,Annual Website Service
Senate District 08,"ROBERTS, DYLAN",Democratic,132.0,2024-10-23 00:00:00,Mailchimp,Atlanta,GA,30308,Advertising,Mailchimp Dues
Senate District 08,"ROBERTS, DYLAN",Democratic,2.0,2024-10-29 00:00:00,First Bank,Silverthorne,CO,80498,Bank Fees,Bank Fees
Senate District 08,"ROBERTS, DYLAN",Democratic,21.6,2024-11-05 00:00:00,Squarespace Inc,New York,NY,10014,Advertising,Website Fee
Senate District 08,"ROBERTS, DYLAN",Democratic,1175.0,2024-11-14 00:00:00,Democratic Senate Caucus Fund,Denver,CO,80203,Other,2025 Senate Caucus Dues
Senate District 08,"ROBERTS, DYLAN",Democratic,123.0,2024-11-25 00:00:00,Mailchimp,Atlanta,GA,30308,Advertising,Mailchimp Dues
Senate District 08,"ROBERTS, DYLAN",Democratic,2.0,2024-11-26 00:00:00,First Bank,Silverthorne,CO,80498,Bank Fees,Bank Fees
Senate District 08,"ROBERTS, DYLAN",Democratic,21.6,2024-12-05 00:00:00,Squarespace Inc,New York,NY,10014,Advertising,Website Fee
Senate District 08,"ROBERTS, DYLAN",Democratic,174.94,2024-12-11 00:00:00,Zoom,San Jose,CA,95113,Office Equipment & Supplies,Annual Zoom Account Subscription
Senate District 08,"ROBERTS, DYLAN",Democratic,132.0,2024-12-23 00:00:00,Mailchimp,Atlanta,GA,30308,Advertising,Mailchimp Dues
Senate District 08,"ROBERTS, DYLAN",Democratic,2.0,2024-12-27 00:00:00,First Bank,Silverthorne,CO,80498,Bank Fees,Bank Fees
Senate District 08,"ROBERTS, DYLAN",Democratic,211.38,2024-12-31 00:00:00,Actblue Technical Services,Somerville,MA,02144,Fundraising Expenses,Actblue Processing Fees For Quarter
Senate District 08,"ROBERTS, DYLAN",Democratic,0.49,2025-10-02 00:00:00,Google,Mountain View,CA,94043,Other,Google Storage
Senate District 08,"ROBERTS, DYLAN",Democratic,5.93,2025-10-05 00:00:00,Actblue Technical Services,Somerville,MA,02144,Fundraising Expenses,Actblue Processing Fees
Senate District 08,"ROBERTS, DYLAN",Democratic,25.2,2025-10-06 00:00:00,Squarespace Inc,New York,NY,10014,Advertising,Squarespace Monthly Fee
Senate District 08,"ROBERTS, DYLAN",Democratic,25.69,2025-10-19 00:00:00,Actblue Technical Services,Somerville,MA,02144,Fundraising Expenses,Actblue Processing Fees
Senate District 08,"ROBERTS, DYLAN",Democratic,132.0,2025-10-23 00:00:00,Mailchimp,Atlanta,GA,30308,Advertising,Mailchimp Dues
Senate District 08,"ROBERTS, DYLAN",Democratic,3.96,2025-10-26 00:00:00,Actblue Technical Services,Somerville,MA,02144,Fundraising Expenses,Actblue Processing Fees
Senate District 08,"ROBERTS, DYLAN",Democratic,2.0,2025-10-29 00:00:00,First Bank,Silverthorne,CO,80498,Bank Fees,Bank Fees
Senate District 08,"ROBERTS, DYLAN",Democratic,740.59,2025-10-30 00:00:00,Br Printers,Denver,CO,80239,Advertising,"Printing: Bres, Stickers, Signs"
Senate District 08,"ROBERTS, DYLAN",Democratic,62.54,2025-11-02 00:00:00,Actblue Technical Services,Somerville,MA,02144,Fundraising Expenses,Actblue Processing Fees
Senate District 08,"ROBERTS, DYLAN",Democratic,0.49,2025-11-03 00:00:00,Google,Mountain View,CA,94043,Other,Google Storage
Senate District 08,"ROBERTS, DYLAN",Democratic,25.2,2025-11-05 00:00:00,Squarespace Inc,New York,NY,10014,Advertising,Squarespace Monthly Fee
Senate District 08,"ROBERTS, DYLAN",Democratic,332.09,2025-11-09 00:00:00,Highside Brewing And Bbq,Frisco,CO,80443,"Food, Beverages and Meals",Catering For Campaign Event
Senate District 08,"ROBERTS, DYLAN",Democratic,111.66,2025-11-09 00:00:00,Actblue Technical Services,Somerville,MA,02144,Fundraising Expenses,Actblue Processing Fees
Senate District 08,"ROBERTS, DYLAN",Democratic,339.35,2025-11-16 00:00:00,Actblue Technical Services,Somerville,MA,02144,Fundraising Expenses,Actblue Processing Fees
Senate District 08,"ROBERTS, DYLAN",Democratic,197.54,2025-11-17 00:00:00,Hovey & Harrison,Edwards,CO,81632,"Food, Beverages and Meals",Catering For Campaign Event
Senate District 08,"ROBERTS, DYLAN",Democratic,75.57,2025-11-23 00:00:00,Actblue Technical Services,Somerville,MA,02144,Fundraising Expenses,Actblue Processing Fees
Senate District 08,"ROBERTS, DYLAN",Democratic,132.0,2025-11-24 00:00:00,Mailchimp,Atlanta,GA,30308,Advertising,Mailchimp Monthly Dues
Senate District 08,"ROBERTS, DYLAN",Democratic,2.0,2025-11-29 00:00:00,First Bank,Silverthorne,CO,80498,Bank Fees,Bank Fees
Senate District 08,"ROBERTS, DYLAN",Democratic,97.6,2025-11-30 00:00:00,Actblue Technical Services,Somerville,MA,02144,Fundraising Expenses,Actblue Processing Fees
Senate District 08,"ROBERTS, DYLAN",Democratic,1.99,2025-12-02 00:00:00,Google,Mountain View,CA,94043,Other,Google Storage
Senate District 08,"ROBERTS, DYLAN",Democratic,25.2,2025-12-05 00:00:00,Squarespace Inc,New York,NY,10014,Advertising,Squarespace Monthly Fee
Senate District 08,"ROBERTS, DYLAN",Democratic,3.95,2025-12-07 00:00:00,Actblue Technical Services,Somerville,MA,02144,Fundraising Expenses,Actblue Processing Fees
Senate District 08,"ROBERTS, DYLAN",Democratic,174.94,2025-12-11 00:00:00,Zoom,San Jose,CA,95113,Office Equipment & Supplies,Zoom Annual Dues
Senate District 08,"ROBERTS, DYLAN",Democratic,66.39,2025-12-14 00:00:00,Actblue Technical Services,Somerville,MA,02144,Fundraising Expenses,Actblue Processing Fees
Senate District 08,"ROBERTS, DYLAN",Democratic,58.28,2025-12-21 00:00:00,Actblue Technical Services,Somerville,MA,02144,Fundraising Expenses,Actblue Processing Fees
Senate District 08,"ROBERTS, DYLAN",Democratic,132.0,2025-12-23 00:00:00,Mailchimp,Atlanta,GA,30308,Advertising,Mailchimp Monthly Dues
Senate District 08,"ROBERTS, DYLAN",Democratic,2.0,2025-12-24 00:00:00,First Bank,Silverthorne,CO,80498,Bank Fees,Bank Fees
Senate District 08,"ROBERTS, DYLAN",Democratic,35.56,2025-12-28 00:00:00,Actblue Technical Services,Somerville,MA,02144,Fundraising Expenses,Actblue Processing Fees
Senate District 08,"ROBERTS, DYLAN",Democratic,18.0,2023-01-05 00:00:00,Squarespace Inc,New York,NY,10014,Advertising,Website Domain Cost
Senate District 08,"ROBERTS, DYLAN",Democratic,115.0,2023-01-23 00:00:00,Mailchimp,Atlanta,GA,30308,Advertising,Mailchimp Dues
Senate District 08,"ROBERTS, DYLAN",Democratic,2.0,2023-01-27 00:00:00,First Bank,Eagle,CO,81631,Bank Fees,Bank Fees
Senate District 08,"ROBERTS, DYLAN",Democratic,18.0,2023-02-06 00:00:00,Squarespace Inc,New York,NY,10014,Advertising,Website Hosting Cost
Senate District 08,"ROBERTS, DYLAN",Democratic,80.0,2023-02-09 00:00:00,Bud Werner Memorial Library,Steamboat Springs,CO,80487,Other,Room And A/V Use For Town Hall Meeting
Senate District 08,"ROBERTS, DYLAN",Democratic,115.0,2023-02-23 00:00:00,Mailchimp,Atlanta,GA,30308,Advertising,Mailchimp Dues
Senate District 08,"ROBERTS, DYLAN",Democratic,2.0,2023-02-24 00:00:00,First Bank,Eagle,CO,81631,Bank Fees,Bank Fees
Senate District 08,"ROBERTS, DYLAN",Democratic,18.0,2023-03-06 00:00:00,Squarespace Inc,New York,NY,10014,Advertising,Website Hosting Costs
Senate District 08,"ROBERTS, DYLAN",Democratic,236.78,2023-03-08 00:00:00,Beau Jo'S Idaho Springs,Idaho Springs,CO,80452,"Food, Beverages and Meals",Food For Town Hall Meeting
Senate District 08,"ROBERTS, DYLAN",Democratic,115.0,2023-03-23 00:00:00,Mailchimp,Atlanta,GA,30308,Advertising,Mailchimp Dues
Senate District 08,"ROBERTS, DYLAN",Democratic,2.0,2023-03-29 00:00:00,First Bank,Eagle,CO,81631,Bank Fees,Bank Fees
Senate District 08,"ROBERTS, DYLAN",Democratic,14.21,2023-03-31 00:00:00,Actblue Technical Services,Somerville,MA,02144,Fundraising Expenses,Actblue Processing Fees
Senate District 08,"ROBERTS, DYLAN",Democratic,18.0,2023-04-05 00:00:00,Squarespace Inc,New York,NY,10014,Advertising,Website Domain Fee
Senate District 08,"ROBERTS, DYLAN",Democratic,92.4,2023-04-05 00:00:00,Recinos Language Services,Rifle,CO,81650,Other,"Interpretation Services For Avon Town Hall Meeting On March 12, 2023"
Senate District 08,"ROBERTS, DYLAN",Democratic,115.0,2023-04-24 00:00:00,Mailchimp,Atlanta,GA,30308,Advertising,Mailchimp Dues
Senate District 08,"ROBERTS, DYLAN",Democratic,2.0,2023-04-26 00:00:00,First Bank,Eagle,CO,81631,Bank Fees,Bank Fees
Senate District 08,"ROBERTS, DYLAN",Democratic,18.0,2023-05-05 00:00:00,Squarespace Inc,New York,NY,10014,Advertising,Website Domain Fee
Senate District 08,"ROBERTS, DYLAN",Democratic,119.79,2023-05-22 00:00:00,Copy Copy,Avon,CO,81620,Office Equipment & Supplies,Printing Handout For Town Hall Meetings
Senate District 08,"ROBERTS, DYLAN",Democratic,115.0,2023-05-23 00:00:00,Mailchimp,Atlanta,GA,30308,Advertising,Mailchimp Dues
Senate District 08,"ROBERTS, DYLAN",Democratic,2.0,2023-05-26 00:00:00,First Bank,Eagle,CO,81631,Bank Fees,Bank Fees
Senate District 08,"ROBERTS, DYLAN",Democratic,270.0,2023-06-05 00:00:00,Squarespace Inc,New York,NY,10014,Advertising,Annual Website Domain Renewal
Senate District 08,"ROBERTS, DYLAN",Democratic,37.0,2023-06-12 00:00:00,Senate Services,Denver,CO,80203,Other,Flag Purchase For Intern Gift
Senate District 08,"ROBERTS, DYLAN",Democratic,20.0,2023-06-16 00:00:00,Summit County Community & Senior Center,Frisco,CO,80443,Other,Room Reservation For Town Hall Meeting
Senate District 08,"ROBERTS, DYLAN",Democratic,115.0,2023-06-23 00:00:00,Mailchimp,Atlanta,GA,30308,Advertising,Mailchimp Dues
Senate District 08,"ROBERTS, DYLAN",Democratic,81.25,2023-06-27 00:00:00,Laura  Chavez,Silverthorne,CO,80498,Other,Interpretation Services For May 31 Summit County Town Hall Meeting
Senate District 08,"ROBERTS, DYLAN",Democratic,2.0,2023-06-28 00:00:00,First Bank,Eagle,CO,81631,Bank Fees,Bank Fees
Senate District 08,"ROBERTS, DYLAN",Democratic,319.0,2023-06-29 00:00:00,Ascend Digital Strategies,Washington,DC,20001,Advertising,Website Update
Senate District 08,"ROBERTS, DYLAN",Democratic,13.62,2023-06-30 00:00:00,Actblue Technical Services,Somerville,MA,02144,Fundraising Expenses,Actblue Processing Fees
Senate District 08,"ROBERTS, DYLAN",Democratic,18.0,2023-07-05 00:00:00,Squarespace Inc,New York,NY,10014,Advertising,Website Domain Fees
Senate District 08,"ROBERTS, DYLAN",Democratic,115.0,2023-07-24 00:00:00,Mailchimp,Atlanta,GA,30308,Advertising,Mailchimp Dues
Senate District 08,"ROBERTS, DYLAN",Democratic,2.0,2023-07-27 00:00:00,First Bank,Eagle,CO,81631,Bank Fees,Bank Fees
Senate District 08,"ROBERTS, DYLAN",Democratic,18.72,2023-08-07 00:00:00,Squarespace Inc,New York,NY,10014,Advertising,Website Domain Fees
Senate District 08,"ROBERTS, DYLAN",Democratic,33.85,2023-08-07 00:00:00,Friends Of The Lower Blue River,Silverthorne,CO,80498,Other,Ticket To Friends Of The Lower Blue River Annual Meeting
Senate District 08,"ROBERTS, DYLAN",Democratic,37.0,2023-08-10 00:00:00,State Of Colorado,Denver,CO,80203,Employee Services,State Of Colorado Flag For Departing Staff
Senate District 08,"ROBERTS, DYLAN",Democratic,25.0,2023-08-22 00:00:00,Gilpin County Democratic Central Committee,Golden,CO,80403,Fundraising Expenses,Ticket To Gilpin County Democrats Annual Fundraiser
Senate District 08,"ROBERTS, DYLAN",Democratic,115.0,2023-08-23 00:00:00,Mailchimp,Atlanta,GA,30308,Advertising,Mailchimp Dues
Senate District 08,"ROBERTS, DYLAN",Democratic,75.0,2023-08-28 00:00:00,Grand County Democrats (Gcd),Granby,CO,80446,Fundraising Expenses,Ticket To Grand County Democrats Annual Fundraiser
Senate District 08,"ROBERTS, DYLAN",Democratic,2.0,2023-08-29 00:00:00,First Bank,Eagle,CO,81631,Bank Fees,Bank Fees
Senate District 08,"ROBERTS, DYLAN",Democratic,18.0,2023-09-05 00:00:00,Squarespace Inc,New York,NY,10014,Advertising,Website Domain Fee
Senate District 08,"ROBERTS, DYLAN",Democratic,318.0,2023-09-07 00:00:00,Ascend Digital Strategies,Washington,DC,20001,Consultant & Professional Services,Website Consulting
Senate District 08,"ROBERTS, DYLAN",Democratic,115.0,2023-09-25 00:00:00,Mailchimp,Atlanta,GA,30308,Advertising,Mailchimp Dues
Senate District 08,"ROBERTS, DYLAN",Democratic,2.0,2023-09-27 00:00:00,First Bank,Eagle,CO,81631,Bank Fees,Bank Fees
Senate District 08,"ROBERTS, DYLAN",Democratic,31.62,2023-09-30 00:00:00,Actblue Technical Services,Somerville,MA,02144,Fundraising Expenses,Actblue Processing Fees
Senate District 08,"ROBERTS, DYLAN",Democratic,93.4,2022-12-09 00:00:00,Adp,Roseland,NJ,07068,Employee Services,Adp Fees
Senate District 08,"ROBERTS, DYLAN",Democratic,163.25,2022-12-12 00:00:00,Zoom,San Jose,CA,95113,Office Equipment & Supplies,Zoom Annual Subscription
Senate District 08,"ROBERTS, DYLAN",Democratic,97.99,2022-12-23 00:00:00,Mailchimp,Atlanta,GA,30308,Advertising,Mailchimp Dues
Senate District 08,"ROBERTS, DYLAN",Democratic,2.0,2022-12-28 00:00:00,First Bank,Eagle,CO,81631,Bank Fees,Bank Fees
Senate District 08,"ROBERTS, DYLAN",Democratic,86.75,2022-12-30 00:00:00,Adp,Roseland,NJ,07068,Employee Services,Adp Fees
Senate District 08,"ROBERTS, DYLAN",Democratic,192.21,2024-01-04 00:00:00,Lamar'S Donuts,Denver,CO,80210,"Food, Beverages and Meals",Food For Staff Breakfast
Senate District 08,"ROBERTS, DYLAN",Democratic,18.0,2024-01-05 00:00:00,Squarespace Inc,New York,NY,10014,Advertising,Website Domain Fee
Senate District 08,"ROBERTS, DYLAN",Democratic,17.78,2024-01-14 00:00:00,Actblue Technical Services,Somerville,MA,02144,Fundraising Expenses,Actblue Processing Fee
Senate District 08,"ROBERTS, DYLAN",Democratic,5.0,2024-01-22 00:00:00,Bud Werner Memorial Library,Steamboat Springs,CO,80487,Other,Room Reservation For Town Hall Meeting
Senate District 08,"ROBERTS, DYLAN",Democratic,132.0,2024-01-23 00:00:00,Mailchimp,Atlanta,GA,30308,Advertising,Mailchimp Fees
Senate District 08,"ROBERTS, DYLAN",Democratic,0.79,2024-01-28 00:00:00,Actblue Technical Services,Somerville,MA,02144,Fundraising Expenses,Actblue Processing Fees
Senate District 08,"ROBERTS, DYLAN",Democratic,2.0,2024-01-29 00:00:00,First Bank,Frisco,CO,80443,Bank Fees,Bank Fees
Senate District 08,"ROBERTS, DYLAN",Democratic,51.89,2024-02-02 00:00:00,Summit County Community & Senior Center,Frisco,CO,80443,Other,Room Reservation For Town Hall Meeting
Senate District 08,"ROBERTS, DYLAN",Democratic,21.6,2024-02-04 00:00:00,Squarespace Inc,New York,NY,10014,Advertising,Website Domain Fee
Senate District 08,"ROBERTS, DYLAN",Democratic,0.99,2024-02-04 00:00:00,Actblue Technical Services,Somerville,MA,02144,Fundraising Expenses,Actblue Processing Fees
Senate District 08,"ROBERTS, DYLAN",Democratic,444.0,2024-02-09 00:00:00,Colorado Democratic Party,Denver,CO,80203,Fundraising Expenses,Tickets To Obama Dinner
Senate District 08,"ROBERTS, DYLAN",Democratic,38.65,2024-02-12 00:00:00,Ups Store,Steamboat Springs,CO,80487,Office Equipment & Supplies,Printing Of Handouts For Town Hall Meetings
Senate District 08,"ROBERTS, DYLAN",Democratic,17.8,2024-02-13 00:00:00,First Bank,Frisco,CO,80443,Other,Checks
Senate District 08,"ROBERTS, DYLAN",Democratic,200.0,2024-02-20 00:00:00,Jena  Burgess,Denver,CO,80203,Employee Services,Employee Mileage And Per Diem For Town Hall Assistance
Senate District 08,"ROBERTS, DYLAN",Democratic,132.0,2024-02-23 00:00:00,Mailchimp,Atlanta,GA,30308,Advertising,Mailchimp Fees
Senate District 08,"ROBERTS, DYLAN",Democratic,2.0,2024-02-27 00:00:00,First Bank,Frisco,CO,80443,Bank Fees,Bank Fees
Senate District 08,"ROBERTS, DYLAN",Democratic,21.6,2024-03-05 00:00:00,Squarespace Inc,New York,NY,10014,Advertising,Website Domain Fee
Senate District 08,"ROBERTS, DYLAN",Democratic,35.24,2024-03-11 00:00:00,Copy Copy,Frisco,CO,80443,Other,Printing Town Hall Handouts
Senate District 08,"ROBERTS, DYLAN",Democratic,132.0,2024-03-25 00:00:00,Mailchimp,Atlanta,GA,30308,Advertising,Mailchimp Dues
Senate District 08,"ROBERTS, DYLAN",Democratic,2.0,2024-03-27 00:00:00,First Bank,Frisco,CO,80443,Bank Fees,Bank Fees
Senate District 08,"ROBERTS, DYLAN",Democratic,21.6,2024-04-05 00:00:00,Squarespace Inc,New York,NY,10014,Advertising,Website Domain Fee
Senate District 08,"ROBERTS, DYLAN",Democratic,3.95,2024-04-07 00:00:00,Actblue Technical Services,Somerville,MA,02144,Fundraising Expenses,Act Blue Processing Fees
Senate District 08,"ROBERTS, DYLAN",Democratic,132.0,2024-04-23 00:00:00,Mailchimp,Atlanta,GA,30308,Advertising,Mailchimp Dues
Senate District 08,"ROBERTS, DYLAN",Democratic,83.17,2024-04-25 00:00:00,Jelly Cafe,Denver,CO,80203,"Food, Beverages and Meals",Employee And Intern Appreciation Breakfast
Senate District 08,"ROBERTS, DYLAN",Democratic,2.0,2024-04-26 00:00:00,First Bank,Frisco,CO,80443,Bank Fees,Bank Fees
Senate District 08,"ROBERTS, DYLAN",Democratic,21.6,2024-05-06 00:00:00,Squarespace Inc,New York,NY,10014,Advertising,Website Domain Fee
Senate District 08,"ROBERTS, DYLAN",Democratic,178.82,2024-05-13 00:00:00,Copy Copy,Frisco,CO,80443,Miscellaneous,Printing Town Hall Handouts
Senate District 08,"ROBERTS, DYLAN",Democratic,132.0,2024-05-23 00:00:00,Mailchimp,Atlanta,GA,30308,Advertising,Mailchimp Dues
Senate District 08,"ROBERTS, DYLAN",Democratic,250.0,2024-05-28 00:00:00,Jena  Burgess,Denver,CO,80203,Employee Services,Employee Mileage
Senate District 08,"ROBERTS, DYLAN",Democratic,2.0,2024-05-29 00:00:00,First Bank,Frisco,CO,80443,Bank Fees,Bank Fees
Senate District 08,"ROBERTS, DYLAN",Democratic,273.6,2024-06-05 00:00:00,Squarespace Inc,New York,NY,10014,Advertising,Website Annual Renewal Charge
Senate District 08,"ROBERTS, DYLAN",Democratic,104.04,2024-06-13 00:00:00,Copy Copy,Frisco,CO,80443,Miscellaneous,Printing Town Hall Handouts
Senate District 08,"ROBERTS, DYLAN",Democratic,3431.0,2024-06-20 00:00:00,Colorado Democratic Party Political Committee,Denver,CO,80203,Contributions,2024 Caucus Senate Campaign Dues
Senate District 08,"ROBERTS, DYLAN",Democratic,132.0,2024-06-24 00:00:00,Mailchimp,Atlanta,GA,30308,Advertising,Mailchimp Dues
Senate District 08,"ROBERTS, DYLAN",Democratic,2.0,2024-06-26 00:00:00,First Bank,Frisco,CO,80443,Bank Fees,Bank Fees
Senate District 08,"ROBERTS, DYLAN",Democratic,21.6,2024-07-05 00:00:00,Squarespace Inc,New York,NY,10014,Advertising,Squarespace Fees
Senate District 08,"ROBERTS, DYLAN",Democratic,50.0,2024-07-18 00:00:00,Summit County Democrats,Frisco,CO,80443,Fundraising Expenses,Ticket To Summit County Democrats Annual Fundraiser
Senate District 08,"ROBERTS, DYLAN",Democratic,132.0,2024-07-23 00:00:00,Mailchimp,Atlanta,GA,30308,Advertising,Mailchimp Dues
Senate District 08,"ROBERTS, DYLAN",Democratic,50.0,2024-07-24 00:00:00,Routt County Democratic Party,Redacted By Sos,CO,00000,Fundraising Expenses,Ticket To Routt County Democrats Annual Fundraiser
Senate District 08,"ROBERTS, DYLAN",Democratic,2.0,2024-07-29 00:00:00,First Bank,Frisco,CO,80443,Bank Fees,Bank Fees
Senate District 08,"ROBERTS, DYLAN",Democratic,21.6,2024-08-05 00:00:00,Squarespace Inc,New York,NY,10014,Advertising,Website Domain Fee
Senate District 08,"ROBERTS, DYLAN",Democratic,132.0,2024-08-23 00:00:00,Mailchimp,Atlanta,GA,30308,Advertising,Mailchimp Dues
Senate District 08,"ROBERTS, DYLAN",Democratic,2.0,2024-08-28 00:00:00,First Bank,Frisco,CO,80443,Bank Fees,Bank Fees
Senate District 08,"ROBERTS, DYLAN",Democratic,21.6,2024-09-05 00:00:00,Squarespace Inc,New York,NY,10014,Advertising,Website Domain Fee
Senate District 08,"ROBERTS, DYLAN",Democratic,132.0,2024-09-23 00:00:00,Mailchimp,Atlanta,GA,30308,Advertising,Mailchimp Dues
Senate District 08,"ROBERTS, DYLAN",Democratic,2.0,2024-09-26 00:00:00,First Bank,Frisco,CO,80443,Bank Fees,Bank Fees
Senate District 08,"ROBERTS, DYLAN",Democratic,63.07,2024-09-27 00:00:00,Highside Brewing And Bbq,Frisco,CO,80443,"Food, Beverages and Meals",Food For Fundraiser
Senate District 08,"ROBERTS, DYLAN",Democratic,23.7,2024-09-30 00:00:00,Actblue Technical Services,Somerville,MA,02144,Fundraising Expenses,Actblue Contribution Processing Fees
Senate District 08,"ROBERTS, DYLAN",Democratic,18.0,2023-10-05 00:00:00,Squarespace Inc,New York,NY,10014,Advertising,Website Domain Fee
Senate District 08,"ROBERTS, DYLAN",Democratic,12.84,2023-10-08 00:00:00,Actblue Technical Services,Somerville,MA,02144,Fundraising Expenses,Actblue Processing Fees
Senate District 08,"ROBERTS, DYLAN",Democratic,0.99,2023-10-15 00:00:00,Actblue Technical Services,Somerville,MA,02144,Fundraising Expenses,Actblue Processing Fees
Senate District 08,"ROBERTS, DYLAN",Democratic,115.0,2023-10-23 00:00:00,Mailchimp,Atlanta,GA,30308,Advertising,Mailchimp Dues
Senate District 08,"ROBERTS, DYLAN",Democratic,350.0,2023-10-24 00:00:00,Democratic Senate Caucus Fund,Denver,CO,80203,Other,Caucus Dues
Senate District 08,"ROBERTS, DYLAN",Democratic,2.0,2023-10-27 00:00:00,First Bank,Frisco,CO,80443,Bank Fees,Bank Fees
Senate District 08,"ROBERTS, DYLAN",Democratic,50.0,2023-11-03 00:00:00,Clear Creek County Democratic Party,Georgetown,CO,80444,Contributions,Ticket For Annual Fundraising Dinner
Senate District 08,"ROBERTS, DYLAN",Democratic,0.99,2023-11-05 00:00:00,Actblue Technical Services,Somerville,MA,02144,Fundraising Expenses,Actblue Processing Fees
Senate District 08,"ROBERTS, DYLAN",Democratic,18.0,2023-11-06 00:00:00,Squarespace Inc,New York,NY,10014,Advertising,Website Domain Fee
Senate District 08,"ROBERTS, DYLAN",Democratic,115.0,2023-11-24 00:00:00,Mailchimp,Atlanta,GA,30308,Advertising,Mailchimp Dues
Senate District 08,"ROBERTS, DYLAN",Democratic,1.98,2023-11-26 00:00:00,Actblue Technical Services,Somerville,MA,02144,Fundraising Expenses,
Senate District 08,"ROBERTS, DYLAN",Democratic,2.0,2023-11-28 00:00:00,First Bank,Frisco,CO,80443,Bank Fees,Bank Fees
Senate District 08,"ROBERTS, DYLAN",Democratic,37.55,2023-12-03 00:00:00,Actblue Technical Services,Somerville,MA,02144,Fundraising Expenses,Actblue Processing Fees
Senate District 08,"ROBERTS, DYLAN",Democratic,18.0,2023-12-05 00:00:00,Squarespace Inc,New York,NY,10014,Advertising,Website Domain Fee
Senate District 08,"ROBERTS, DYLAN",Democratic,9.88,2023-12-10 00:00:00,Actblue Technical Services,Somerville,MA,02144,Fundraising Expenses,Actblue Processing Fees
Senate District 08,"ROBERTS, DYLAN",Democratic,164.0,2023-12-11 00:00:00,Zoom,San Jose,CA,95113,Office Equipment & Supplies,Annual Zoom Account Charge
Senate District 08,"ROBERTS, DYLAN",Democratic,7.9,2023-12-24 00:00:00,Actblue Technical Services,Somerville,MA,02144,Fundraising Expenses,Actblue Processing Fees
Senate District 08,"ROBERTS, DYLAN",Democratic,132.0,2023-12-26 00:00:00,Mailchimp,Atlanta,GA,30308,Advertising,Mailchimp Dues
Senate District 08,"ROBERTS, DYLAN",Democratic,2.0,2023-12-27 00:00:00,First Bank,Frisco,CO,80443,Bank Fees,Bank Fees
Senate District 08,"ROBERTS, DYLAN",Democratic,1.78,2023-12-31 00:00:00,Actblue Technical Services,Somerville,MA,02144,Fundraising Expenses,Actblue Processing Fees
Senate District 09,"CARVER, TERRI",Republican,4.3,2025-08-15 00:00:00,"Anedot, Inc.",New Orleans,CO,70112,Bank Fees,Anedot Fees - Philip Manning
Senate District 09,"CARVER, TERRI",Republican,2.3,2025-08-15 00:00:00,"Anedot, Inc.",New Orleans,CO,70112,Bank Fees,Anedot Fees - Andres Pico
Senate District 09,"CARVER, TERRI",Republican,2.3,2025-08-15 00:00:00,"Anedot, Inc.",New Orleans,CO,70112,Bank Fees,Anedot Fees - Patricia Meyer
Senate District 09,"CARVER, TERRI",Republican,8.3,2025-08-15 00:00:00,"Anedot, Inc.",New Orleans,CO,70112,Bank Fees,Anedot Fees - Renee Behr
Senate District 09,"CARVER, TERRI",Republican,4.3,2025-08-16 00:00:00,"Anedot, Inc.",New Orleans,CO,70112,Bank Fees,Anedot Fees - Elizabeth Vanderwerf
Senate District 09,"CARVER, TERRI",Republican,2.3,2025-08-16 00:00:00,"Anedot, Inc.",New Orleans,CO,70112,Bank Fees,Anedot Fees - Bernie Herpin
Senate District 09,"CARVER, TERRI",Republican,2.3,2025-08-16 00:00:00,"Anedot, Inc.",New Orleans,CO,70112,Bank Fees,Anedot Fees - Samuel Hall
Senate District 09,"CARVER, TERRI",Republican,2.3,2025-08-16 00:00:00,"Anedot, Inc.",New Orleans,CO,70112,Bank Fees,Anedot Fees - Linda Carroll
Senate District 09,"CARVER, TERRI",Republican,4.3,2025-08-16 00:00:00,"Anedot, Inc.",New Orleans,CO,70112,Bank Fees,Anedot Fees - Richard Strasbaugh
Senate District 09,"CARVER, TERRI",Republican,4.3,2025-08-16 00:00:00,"Anedot, Inc.",New Orleans,CO,70112,Bank Fees,Anedot Fees - John Suthers
Senate District 09,"CARVER, TERRI",Republican,2.3,2025-08-16 00:00:00,"Anedot, Inc.",New Orleans,CO,70112,Bank Fees,Anedot Fees - Julia Melendez
Senate District 09,"CARVER, TERRI",Republican,2.3,2025-08-16 00:00:00,"Anedot, Inc.",New Orleans,CO,70112,Bank Fees,Anedot Fees - Peter Mueller
Senate District 09,"CARVER, TERRI",Republican,2.3,2025-08-17 00:00:00,"Anedot, Inc.",New Orleans,CO,70112,Bank Fees,Anedot Fees - Ed Moore
Senate District 09,"CARVER, TERRI",Republican,4.3,2025-08-17 00:00:00,"Anedot, Inc.",New Orleans,CO,70112,Bank Fees,Anedot Fees - Russell Mcpadden
Senate District 09,"CARVER, TERRI",Republican,24.45,2025-08-20 00:00:00,Harland Clarke,San Santonio,TX,78256,Bank Fees,Checks
Senate District 09,"CARVER, TERRI",Republican,2.3,2025-08-20 00:00:00,"Anedot, Inc.",New Orleans,CO,70112,Bank Fees,Anedot Fees - Ross Eastman
Senate District 09,"CARVER, TERRI",Republican,2.3,2025-08-21 00:00:00,"Anedot, Inc.",New Orleans,CO,70112,Bank Fees,Anedot Fees - Nancy Kelly
Senate District 09,"CARVER, TERRI",Republican,1.3,2025-08-22 00:00:00,"Anedot, Inc.",New Orleans,CO,70112,Bank Fees,Anedot Fees - Larry Bryant
Senate District 09,"CARVER, TERRI",Republican,4.3,2025-08-25 00:00:00,"Anedot, Inc.",New Orleans,CO,70112,Bank Fees,Anedot Fees - Marla L Twardowski
Senate District 09,"CARVER, TERRI",Republican,2.3,2025-08-25 00:00:00,"Anedot, Inc.",New Orleans,CO,70112,Bank Fees,Anedot Fees - Terri Hayes
Senate District 09,"CARVER, TERRI",Republican,18.3,2025-08-25 00:00:00,"Anedot, Inc.",New Orleans,CO,70112,Bank Fees,Anedot Fees - Philip Winslow
Senate District 09,"CARVER, TERRI",Republican,2.3,2025-08-25 00:00:00,"Anedot, Inc.",New Orleans,CO,70112,Bank Fees,Anedot Fees - David Ogletree
Senate District 09,"CARVER, TERRI",Republican,2.3,2025-08-25 00:00:00,"Anedot, Inc.",New Orleans,CO,70112,Bank Fees,Anedot Fees - Stan Vanderwerf
Senate District 09,"CARVER, TERRI",Republican,2.3,2025-08-25 00:00:00,"Anedot, Inc.",New Orleans,CO,70112,Bank Fees,Anedot Fees - Jeanne Hayes
Senate District 09,"CARVER, TERRI",Republican,2.3,2025-08-25 00:00:00,"Anedot, Inc.",New Orleans,CO,70112,Bank Fees,Anedot Fees - Harold Filbert
Senate District 09,"CARVER, TERRI",Republican,1.1,2025-08-25 00:00:00,"Anedot, Inc.",New Orleans,CO,70112,Bank Fees,Anedot Fees - Paula M Glass
Senate District 09,"CARVER, TERRI",Republican,4.3,2025-08-26 00:00:00,"Anedot, Inc.",New Orleans,CO,70112,Bank Fees,Anedot Fees - Judith Jergensen
Senate District 09,"CARVER, TERRI",Republican,2.3,2025-08-26 00:00:00,"Anedot, Inc.",New Orleans,CO,70112,Bank Fees,Anedot Fees - Frederick Engelman
Senate District 09,"CARVER, TERRI",Republican,2.3,2025-08-26 00:00:00,"Anedot, Inc.",New Orleans,CO,70112,Bank Fees,Anedot Fees - Patricia Graham
Senate District 09,"CARVER, TERRI",Republican,8.3,2025-08-26 00:00:00,"Anedot, Inc.",New Orleans,CO,70112,Bank Fees,Anedot Fees - Dorian Lee
Senate District 09,"CARVER, TERRI",Republican,2.3,2025-08-26 00:00:00,"Anedot, Inc.",New Orleans,CO,70112,Bank Fees,Anedot Fees - Holly Tripp
Senate District 09,"CARVER, TERRI",Republican,2.3,2025-08-26 00:00:00,"Anedot, Inc.",New Orleans,CO,70112,Bank Fees,Anedot Fees - Len Albertson
Senate District 09,"CARVER, TERRI",Republican,1.1,2025-08-26 00:00:00,"Anedot, Inc.",New Orleans,CO,70112,Bank Fees,Anedot Fees - Frank Reiser
Senate District 09,"CARVER, TERRI",Republican,4.3,2025-08-27 00:00:00,"Anedot, Inc.",New Orleans,CO,70112,Bank Fees,Anedot Fees - Barry Oswell
Senate District 09,"CARVER, TERRI",Republican,4.3,2025-08-27 00:00:00,"Anedot, Inc.",New Orleans,CO,70112,Bank Fees,Anedot Fees - Shelly L Schmidt
Senate District 09,"CARVER, TERRI",Republican,4.3,2025-08-27 00:00:00,"Anedot, Inc.",New Orleans,CO,70112,Bank Fees,Anedot Fees - Randy Fritz
Senate District 09,"CARVER, TERRI",Republican,2.3,2025-08-27 00:00:00,"Anedot, Inc.",New Orleans,CO,70112,Bank Fees,Anedot Fees - Evan Becker
Senate District 09,"CARVER, TERRI",Republican,2.3,2025-08-27 00:00:00,"Anedot, Inc.",New Orleans,CO,70112,Bank Fees,Anedot Fees - Paul Nervig
Senate District 09,"CARVER, TERRI",Republican,2.3,2025-08-27 00:00:00,"Anedot, Inc.",New Orleans,CO,70112,Bank Fees,Anedot Fees - Willie Breazaell
Senate District 09,"CARVER, TERRI",Republican,18.3,2025-08-27 00:00:00,"Anedot, Inc.",New Orleans,CO,70112,Bank Fees,Anedot Fees - Becky Medved
Senate District 09,"CARVER, TERRI",Republican,2.3,2025-08-28 00:00:00,"Anedot, Inc.",New Orleans,CO,70112,Bank Fees,Anedot Fees - Judy Bliss
Senate District 09,"CARVER, TERRI",Republican,10.3,2025-08-28 00:00:00,"Anedot, Inc.",New Orleans,CO,70112,Bank Fees,Anedot Fees - Randy Fritz
Senate District 09,"CARVER, TERRI",Republican,2.3,2025-08-29 00:00:00,"Anedot, Inc.",New Orleans,CO,70112,Bank Fees,Anedot Fees - Jeff Thompson
Senate District 09,"CARVER, TERRI",Republican,3.3,2025-08-29 00:00:00,"Anedot, Inc.",New Orleans,CO,70112,Bank Fees,Anedot Fees - William Weiford
Senate District 09,"CARVER, TERRI",Republican,2.3,2025-08-29 00:00:00,"Anedot, Inc.",New Orleans,CO,70112,Bank Fees,Anedot Fees - Robert Wilson
Senate District 09,"CARVER, TERRI",Republican,8.3,2025-08-29 00:00:00,"Anedot, Inc.",New Orleans,CO,70112,Bank Fees,Anedot Fees - Janice Taylor
Senate District 09,"CARVER, TERRI",Republican,2.3,2025-08-31 00:00:00,"Anedot, Inc.",New Orleans,CO,70112,Bank Fees,Anedot Fees - Janna Blanter
Senate District 09,"CARVER, TERRI",Republican,2.3,2025-09-01 00:00:00,"Anedot, Inc.",New Orleans,CO,70112,Bank Fees,Anedot Fees - Shana Black
Senate District 09,"CARVER, TERRI",Republican,4.3,2025-09-01 00:00:00,"Anedot, Inc.",New Orleans,CO,70112,Bank Fees,Anedot Fees - Mark Spengler
Senate District 09,"CARVER, TERRI",Republican,2.3,2025-09-01 00:00:00,"Anedot, Inc.",New Orleans,CO,70112,Bank Fees,Anedot Fees - Wayne Williams
Senate District 09,"CARVER, TERRI",Republican,4.3,2025-09-02 00:00:00,"Anedot, Inc.",New Orleans,CO,70112,Bank Fees,Anedot Fees - Brenda Miller
Senate District 09,"CARVER, TERRI",Republican,8.3,2025-09-02 00:00:00,"Anedot, Inc.",New Orleans,CO,70112,Bank Fees,Anedot Fees - Nancy Price
Senate District 09,"CARVER, TERRI",Republican,2.3,2025-09-02 00:00:00,"Anedot, Inc.",New Orleans,CO,70112,Bank Fees,Anedot Fees - Wayne Williams
Senate District 09,"CARVER, TERRI",Republican,2.3,2025-09-02 00:00:00,"Anedot, Inc.",New Orleans,CO,70112,Bank Fees,Anedot Fees - Patrick Davis
Senate District 09,"CARVER, TERRI",Republican,2.3,2025-09-02 00:00:00,"Anedot, Inc.",New Orleans,CO,70112,Bank Fees,Anedot Fees - Joan Hall
Senate District 09,"CARVER, TERRI",Republican,2.3,2025-09-02 00:00:00,"Anedot, Inc.",New Orleans,CO,70112,Bank Fees,Anedot Fees - Rene Perreault
Senate District 09,"CARVER, TERRI",Republican,2.3,2025-09-02 00:00:00,"Anedot, Inc.",New Orleans,CO,70112,Bank Fees,Anedot Fees - Lisa Hanselman
Senate District 09,"CARVER, TERRI",Republican,2.3,2025-09-03 00:00:00,"Anedot, Inc.",New Orleans,CO,70112,Bank Fees,Anedot Fees - Kevin Woodward
Senate District 09,"CARVER, TERRI",Republican,12.3,2025-09-03 00:00:00,"Anedot, Inc.",New Orleans,CO,70112,Bank Fees,Anedot Fees - Ray Nunn
Senate District 09,"CARVER, TERRI",Republican,2.3,2025-09-03 00:00:00,"Anedot, Inc.",New Orleans,CO,70112,Bank Fees,Anedot Fees - Tena Engelman
Senate District 09,"CARVER, TERRI",Republican,1.1,2025-09-03 00:00:00,"Anedot, Inc.",New Orleans,CO,70112,Bank Fees,Anedot Fees - Diane Bean
Senate District 09,"CARVER, TERRI",Republican,2.3,2025-09-03 00:00:00,"Anedot, Inc.",New Orleans,CO,70112,Bank Fees,Anedot Fees - John Smithhisler
Senate District 09,"CARVER, TERRI",Republican,1.5,2025-09-03 00:00:00,"Anedot, Inc.",New Orleans,CO,70112,Bank Fees,Anedot Fees - Steven Janss
Senate District 09,"CARVER, TERRI",Republican,2.3,2025-09-03 00:00:00,"Anedot, Inc.",New Orleans,CO,70112,Bank Fees,Anedot Fees - Brent Nelson
Senate District 09,"CARVER, TERRI",Republican,2.3,2025-09-03 00:00:00,"Anedot, Inc.",New Orleans,CO,70112,Bank Fees,Anedot Fees - Susan Payne
Senate District 09,"CARVER, TERRI",Republican,4.3,2025-09-03 00:00:00,"Anedot, Inc.",New Orleans,CO,70112,Bank Fees,Anedot Fees - Michael Allen
Senate District 09,"CARVER, TERRI",Republican,2.3,2025-09-03 00:00:00,"Anedot, Inc.",New Orleans,CO,70112,Bank Fees,Anedot Fees - Christopher Burns
Senate District 09,"CARVER, TERRI",Republican,2.3,2025-09-04 00:00:00,"Anedot, Inc.",New Orleans,CO,70112,Bank Fees,Anedot Fees - Margarita Osterman
Senate District 09,"CARVER, TERRI",Republican,18.3,2025-09-04 00:00:00,"Anedot, Inc.",New Orleans,CO,70112,Bank Fees,Anedot Fees - Ross Eastman
Senate District 09,"CARVER, TERRI",Republican,18.3,2025-09-04 00:00:00,"Anedot, Inc.",New Orleans,CO,70112,Bank Fees,Anedot Fees - Debra Eastman
Senate District 09,"CARVER, TERRI",Republican,4.3,2025-09-04 00:00:00,"Anedot, Inc.",New Orleans,CO,70112,Bank Fees,Anedot Fees - Susan Gossner
Senate District 09,"CARVER, TERRI",Republican,645.93,2025-09-04 00:00:00,Kristine  Garafalo,Colorado Springs,CO,80908,Consultant & Professional Services,Ck #1001
Senate District 09,"CARVER, TERRI",Republican,2.3,2025-09-05 00:00:00,"Anedot, Inc.",New Orleans,CO,70112,Bank Fees,Anedot Fees - Becky Fuller
Senate District 09,"CARVER, TERRI",Republican,4.3,2025-09-16 00:00:00,"Anedot, Inc.",New Orleans,CO,70112,Bank Fees,Anedot Fees - John Bentrup
Senate District 09,"CARVER, TERRI",Republican,18.3,2025-09-23 00:00:00,"Anedot, Inc.",New Orleans,CO,70112,Bank Fees,Anedot Fees - Jerry Johnson
Senate District 09,"CARVER, TERRI",Republican,1.3,2025-09-25 00:00:00,"Anedot, Inc.",New Orleans,CO,70112,Bank Fees,Anedot Fees - William Baenziger
Senate District 09,"CARVER, TERRI",Republican,1.3,2025-09-29 00:00:00,"Anedot, Inc.",New Orleans,CO,70112,Bank Fees,Anedot Fees - Lisa Bachman
Senate District 09,"CARVER, TERRI",Republican,2.3,2025-09-29 00:00:00,"Anedot, Inc.",New Orleans,CO,70112,Bank Fees,Anedot Fees - Brian Dougherty
Senate District 09,"CARVER, TERRI",Republican,2.3,2025-09-29 00:00:00,"Anedot, Inc.",New Orleans,CO,70112,Bank Fees,Anedot Fees - Geraldine Gieck
Senate District 09,"CARVER, TERRI",Republican,2.3,2025-09-29 00:00:00,"Anedot, Inc.",New Orleans,CO,70112,Bank Fees,Anedot Fees - Norm Steen
Senate District 09,"CARVER, TERRI",Republican,0.34,2025-09-29 00:00:00,"Anedot, Inc.",New Orleans,CO,70112,Bank Fees,Anedot Fees - Walter Goddard
Senate District 09,"CARVER, TERRI",Republican,2.3,2025-09-29 00:00:00,"Anedot, Inc.",New Orleans,CO,70112,Bank Fees,Anedot Fees - Dennis Moore
Senate District 09,"CARVER, TERRI",Republican,6.3,2025-09-29 00:00:00,"Anedot, Inc.",New Orleans,CO,70112,Bank Fees,Anedot Fees - Susan Luenser
Senate District 09,"CARVER, TERRI",Republican,1.3,2025-09-29 00:00:00,"Anedot, Inc.",New Orleans,CO,70112,Bank Fees,Anedot Fees - Lawson Perdue
Senate District 09,"CARVER, TERRI",Republican,1.3,2025-09-29 00:00:00,"Anedot, Inc.",New Orleans,CO,70112,Bank Fees,Anedot Fees - Jim Kent
Senate District 09,"CARVER, TERRI",Republican,2.3,2025-09-29 00:00:00,"Anedot, Inc.",New Orleans,CO,70112,Bank Fees,Anedot Fees - Whitney H Galbraith
Senate District 09,"CARVER, TERRI",Republican,1.3,2025-09-29 00:00:00,"Anedot, Inc.",New Orleans,CO,70112,Bank Fees,Anedot Fees - Terri Hayes
Senate District 09,"CARVER, TERRI",Republican,2.3,2025-09-29 00:00:00,"Anedot, Inc.",New Orleans,CO,70112,Bank Fees,Anedot  Fees - Lucinda Leitch
Senate District 09,"CARVER, TERRI",Republican,2.3,2025-09-29 00:00:00,"Anedot, Inc.",New Orleans,CO,70112,Bank Fees,Anedot Fees - Laverne Kuykendall
Senate District 09,"CARVER, TERRI",Republican,1.3,2025-09-29 00:00:00,"Anedot, Inc.",New Orleans,CO,70112,Bank Fees,Anedot Fees - Joan Hall
Senate District 09,"CARVER, TERRI",Republican,2.3,2025-09-29 00:00:00,"Anedot, Inc.",New Orleans,CO,70112,Bank Fees,Anedot Fees - Allen Ziegler
Senate District 09,"CARVER, TERRI",Republican,4.3,2025-09-29 00:00:00,"Anedot, Inc.",New Orleans,CO,70112,Bank Fees,Anedot Fees - Randy Reynolds
Senate District 09,"CARVER, TERRI",Republican,4.3,2025-09-29 00:00:00,"Anedot, Inc.",New Orleans,CO,70112,Bank Fees,Anedot Fees - John Walsh
Senate District 09,"CARVER, TERRI",Republican,2.3,2025-09-29 00:00:00,"Anedot, Inc.",New Orleans,CO,70112,Bank Fees,Anedot Fees - Jeanne Hayes
Senate District 09,"CARVER, TERRI",Republican,4.3,2025-09-29 00:00:00,"Anedot, Inc.",New Orleans,CO,70112,Bank Fees,Anedot Fees - Paul Nigro
Senate District 09,"CARVER, TERRI",Republican,4.3,2025-09-29 00:00:00,"Anedot, Inc.",New Orleans,CO,70112,Bank Fees,Anedot Fees - Paul Paradis
Senate District 09,"CARVER, TERRI",Republican,2.3,2025-09-29 00:00:00,"Anedot, Inc.",New Orleans,CO,70112,Bank Fees,Anedot Fees - Wynne H Palermo
Senate District 09,"CARVER, TERRI",Republican,4.3,2025-09-29 00:00:00,"Anedot, Inc.",New Orleans,CO,70112,Bank Fees,Anedot Fees - John Schutt
Senate District 09,"CARVER, TERRI",Republican,1.3,2025-09-29 00:00:00,"Anedot, Inc.",New Orleans,CO,70112,Bank Fees,Anedot Fees - Kimberly Jackson
Senate District 09,"CARVER, TERRI",Republican,2.3,2025-09-29 00:00:00,"Anedot, Inc.",New Orleans,CO,70112,Bank Fees,Anedot Fees - Dena Cordova
Senate District 09,"CARVER, TERRI",Republican,2.3,2025-09-29 00:00:00,"Anedot, Inc.",New Orleans,CO,70112,Bank Fees,Anedot Fees - Arthur Cyphers
Senate District 09,"CARVER, TERRI",Republican,2.3,2025-09-30 00:00:00,"Anedot, Inc.",New Orleans,CO,70112,Bank Fees,Anedot Fees - Judith Jergensen
Senate District 09,"CARVER, TERRI",Republican,1.3,2025-09-30 00:00:00,"Anedot, Inc.",New Orleans,CO,70112,Bank Fees,Anedot Fees - Julia Owens
Senate District 09,"CARVER, TERRI",Republican,2.3,2025-09-30 00:00:00,"Anedot, Inc.",New Orleans,CO,70112,Bank Fees,Anedot Fees - Michael Allen
Senate District 09,"CARVER, TERRI",Republican,2.3,2025-09-30 00:00:00,"Anedot, Inc.",New Orleans,CO,70112,Bank Fees,Anedot Fees - Patricia Holte
Senate District 09,"CARVER, TERRI",Republican,4.3,2025-09-30 00:00:00,"Anedot, Inc.",New Orleans,CO,70112,Bank Fees,Anedot Fees - Michael R Reeg
Senate District 09,"CARVER, TERRI",Republican,1.3,2025-09-30 00:00:00,"Anedot, Inc.",New Orleans,CO,70112,Bank Fees,Anedot Fees - Henry Baird
Senate District 09,"CARVER, TERRI",Republican,1.3,2025-09-30 00:00:00,"Anedot, Inc.",New Orleans,CO,70112,Bank Fees,Anedot Fees - Lorraine Willis
Senate District 09,"CARVER, TERRI",Republican,1.3,2025-09-30 00:00:00,"Anedot, Inc.",New Orleans,CO,70112,Bank Fees,Anedot Fees - Shelly L Schmidt
Senate District 09,"CARVER, TERRI",Republican,10.3,2025-09-30 00:00:00,"Anedot, Inc.",New Orleans,CO,70112,Bank Fees,Anedot Fees - Ed Behr
Senate District 09,"CARVER, TERRI",Republican,4.3,2025-09-30 00:00:00,"Anedot, Inc.",New Orleans,CO,70112,Bank Fees,Anedot Fees - George Nehme
Senate District 09,"CARVER, TERRI",Republican,2.3,2025-09-30 00:00:00,"Anedot, Inc.",New Orleans,CO,70112,Bank Fees,Anedot Fees - David Betzler
Senate District 09,"CARVER, TERRI",Republican,1.3,2025-10-01 00:00:00,"Anedot, Inc.",New Orleans,CO,70112,Bank Fees,Anedot Fees - Jeff Yauger
Senate District 09,"CARVER, TERRI",Republican,4.3,2025-10-03 00:00:00,"Anedot, Inc.",New Orleans,CO,70112,Bank Fees,Anedot Fees - Harlan Bruce
Senate District 09,"CARVER, TERRI",Republican,18.3,2025-10-10 00:00:00,"Anedot, Inc.",New Orleans,CO,70112,Bank Fees,Anedot Fees - Joe Loidolt
Senate District 09,"CARVER, TERRI",Republican,2.3,2025-10-10 00:00:00,"Anedot, Inc.",New Orleans,CO,70112,Bank Fees,Anedot Fees - Diana Helffenstein
Senate District 09,"CARVER, TERRI",Republican,12.3,2025-10-10 00:00:00,"Anedot, Inc.",New Orleans,CO,70112,Bank Fees,Anedot Fees - Brandy Williams
Senate District 09,"CARVER, TERRI",Republican,18.3,2025-10-10 00:00:00,"Anedot, Inc.",New Orleans,CO,70112,Bank Fees,Anedot Fees - Ann Winnslow
Senate District 09,"CARVER, TERRI",Republican,1.3,2025-10-15 00:00:00,"Anedot, Inc.",New Orleans,CO,70112,Bank Fees,Anedot Fees - Samuel Hall
Senate District 09,"CARVER, TERRI",Republican,6.3,2025-10-15 00:00:00,"Anedot, Inc.",New Orleans,CO,70112,Bank Fees,Anedot Fees - John Buckley
Senate District 09,"CARVER, TERRI",Republican,4.3,2025-10-17 00:00:00,"Anedot, Inc.",New Orleans,CO,70112,Bank Fees,Anedot Fees - Shannon Schur
Senate District 09,"CARVER, TERRI",Republican,2.3,2025-10-17 00:00:00,"Anedot, Inc.",New Orleans,CO,70112,Bank Fees,Anedot Fees - Lisa Kay Hanselman
Senate District 09,"CARVER, TERRI",Republican,2.3,2025-10-18 00:00:00,"Anedot, Inc.",New Orleans,CO,70112,Bank Fees,Anedot Fees - Randy Helms
Senate District 09,"CARVER, TERRI",Republican,8.3,2025-10-19 00:00:00,"Anedot, Inc.",New Orleans,CO,70112,Bank Fees,Anedot Fees - Dorian Lee
Senate District 09,"CARVER, TERRI",Republican,12.3,2025-10-20 00:00:00,"Anedot, Inc.",New Orleans,CO,70112,Bank Fees,Anedot Fees - Brad Miller
Senate District 09,"CARVER, TERRI",Republican,1.3,2025-10-21 00:00:00,"Anedot, Inc.",New Orleans,CO,70112,Bank Fees,Anedot Fees - William Weiford
Senate District 09,"CARVER, TERRI",Republican,9.3,2025-10-21 00:00:00,"Anedot, Inc.",New Orleans,CO,70112,Bank Fees,Anedot Fees - Gayle Berry
Senate District 09,"CARVER, TERRI",Republican,4.3,2025-10-21 00:00:00,"Anedot, Inc.",New Orleans,CO,70112,Bank Fees,Anedot Fees- Gail Trask
Senate District 09,"CARVER, TERRI",Republican,4.3,2025-10-21 00:00:00,"Anedot, Inc.",New Orleans,CO,70112,Bank Fees,Anedot Fees - Cory Applegate
Senate District 09,"CARVER, TERRI",Republican,8.3,2025-10-22 00:00:00,"Anedot, Inc.",New Orleans,CO,70112,Bank Fees,Anedot Fees - Bob Swendenburg
Senate District 09,"CARVER, TERRI",Republican,4.3,2025-10-24 00:00:00,"Anedot, Inc.",New Orleans,CO,70112,Bank Fees,Anedot Fees - Mary Higgins
Senate District 09,"CARVER, TERRI",Republican,18.3,2025-10-26 00:00:00,"Anedot, Inc.",New Orleans,CO,70112,Bank Fees,Anedot Fees - David Hollenbach
Senate District 09,"CARVER, TERRI",Republican,441.46,2025-10-29 00:00:00,Arena Digital Marketing,Salt Lake City,UT,84106,Advertising,Digital
Senate District 09,"CARVER, TERRI",Republican,9.3,2025-11-01 00:00:00,"Anedot, Inc.",New Orleans,CO,70112,Bank Fees,Anedot Fees - Matthew Soper
Senate District 09,"CARVER, TERRI",Republican,18.3,2025-11-03 00:00:00,"Anedot, Inc.",New Orleans,CO,70112,Bank Fees,Anedot Feees - Patrick Boyle
Senate District 09,"CARVER, TERRI",Republican,4.3,2025-11-05 00:00:00,"Anedot, Inc.",New Orleans,CO,70112,Bank Fees,Anedot Fees - Michael Lynch
Senate District 09,"CARVER, TERRI",Republican,0.7,2025-11-10 00:00:00,"Anedot, Inc.",New Orleans,CO,70112,Bank Fees,Anedot Fees - Curt Ormond
Senate District 09,"CARVER, TERRI",Republican,8.3,2025-11-10 00:00:00,"Anedot, Inc.",New Orleans,CO,70112,Bank Fees,Anedot Fees - Ronald V. Chernak
Senate District 09,"CARVER, TERRI",Republican,4.3,2025-11-12 00:00:00,"Anedot, Inc.",New Orleans,CO,70112,Bank Fees,Anedot Fees - Jeanne Hayes
Senate District 09,"CARVER, TERRI",Republican,1.3,2025-11-17 00:00:00,"Anedot, Inc.",New Orleans,CO,70112,Bank Fees,Anedot Fees - Betsy Sobral
Senate District 09,"CARVER, TERRI",Republican,1.3,2025-11-17 00:00:00,"Anedot, Inc.",New Orleans,CO,70112,Bank Fees,Anedot Fees - Betsy Sobral
Senate District 09,"CARVER, TERRI",Republican,18.3,2025-11-26 00:00:00,"Anedot, Inc.",New Orleans,CO,70112,Bank Fees,Anedot Fees - Katie Senkus
Senate District 09,"CARVER, TERRI",Republican,18.3,2025-11-27 00:00:00,"Anedot, Inc.",New Orleans,CO,70112,Bank Fees,Anedot Fees - Josh Hanfling
Senate District 09,"CARVER, TERRI",Republican,8.3,2025-11-30 00:00:00,"Anedot, Inc.",New Orleans,CO,70112,Bank Fees,Anedot Fees - Kachina Weaver Morton
Senate District 09,"CARVER, TERRI",Republican,18.3,2025-12-01 00:00:00,"Anedot, Inc.",New Orleans,CO,70112,Bank Fees,Anedot Fees - Douglas Stimple
Senate District 09,"CARVER, TERRI",Republican,18.3,2025-12-01 00:00:00,"Anedot, Inc.",New Orleans,CO,70112,Bank Fees,Anedot Fees - Gwen Stimple
Senate District 09,"CARVER, TERRI",Republican,8.3,2025-12-01 00:00:00,"Anedot, Inc.",New Orleans,CO,70112,Bank Fees,Anedot Fees - Elisabeth Rosen
Senate District 09,"CARVER, TERRI",Republican,2.3,2025-12-01 00:00:00,"Anedot, Inc.",New Orleans,CO,70112,Bank Fees,Anedot Fees - Pamela Benigno
Senate District 09,"CARVER, TERRI",Republican,18.3,2025-12-02 00:00:00,"Anedot, Inc.",New Orleans,CO,70112,Bank Fees,Anedot Fees - Amanda Gall
Senate District 09,"CARVER, TERRI",Republican,4.3,2025-12-03 00:00:00,"Anedot, Inc.",New Orleans,CO,70112,Bank Fees,Anedot Fees - Diana Protopapa
Senate District 09,"CARVER, TERRI",Republican,2.3,2025-12-05 00:00:00,"Anedot, Inc.",New Orleans,CO,70112,Bank Fees,Anedot Fees - Andres Pico
Senate District 09,"CARVER, TERRI",Republican,4.3,2025-12-08 00:00:00,"Anedot, Inc.",New Orleans,CO,70112,Bank Fees,Anedot Fees - Jenifer Waller
Senate District 09,"CARVER, TERRI",Republican,10.3,2025-12-09 00:00:00,"Anedot, Inc.",New Orleans,CO,70112,Bank Fees,Anedot Fees - Jennifer Miles
Senate District 09,"CARVER, TERRI",Republican,18.3,2025-12-10 00:00:00,"Anedot, Inc.",New Orleans,CO,70112,Bank Fees,Anedot Fees - Kayla Tibbals
Senate District 09,"CARVER, TERRI",Republican,18.3,2025-12-12 00:00:00,"Anedot, Inc.",New Orleans,CO,70112,Bank Fees,Anedot Fees - Darin Husmann
Senate District 09,"WILSON, LYNDA ZAMORA",Republican,103.98,2025-06-27 00:00:00,Update Printing,Colorado Springs,CO,80910,Advertising,Flyer
Senate District 09,"WILSON, LYNDA ZAMORA",Republican,2275.0,2025-12-23 00:00:00,"Out Of The Box Performance, Llc",Colorado Springs,CO,80909,Consultant & Professional Services,
Senate District 09,"WILSON, LYNDA ZAMORA",Republican,-2275.0,2025-12-23 00:00:00,"Out Of The Box Performance, Llc",Colorado Springs,CO,80909,Consultant & Professional Services,Offset Due To Update Of Filed Item
Senate District 09,"WILSON, LYNDA ZAMORA",Republican,2225.0,2025-12-23 00:00:00,"Out Of The Box Performance, Llc",Colorado Springs,CO,80909,Consultant & Professional Services,
Senate District 09,"WILSON, LYNDA ZAMORA",Republican,20.0,2023-04-28 00:00:00,Neil  Brand,The Villages,FL,32163,Other,Website Maintenance
Senate District 09,"MOSES, WILLIAM",Democratic,,,,,,,,
Senate District 11,"EXUM, THOMAS",Democratic,149.95,2025-01-02 00:00:00,U-Haul Moving & Storage,Colorado Springs,CO,80909,Rent & Utilities,Storage Rental
Senate District 11,"EXUM, THOMAS",Democratic,149.95,2025-02-02 00:00:00,U-Haul Moving & Storage,Colorado Springs,CO,80909,Rent & Utilities,Storage Rental
Senate District 11,"EXUM, THOMAS",Democratic,149.95,2025-03-02 00:00:00,U-Haul Moving & Storage,Colorado Springs,CO,80909,Rent & Utilities,Storage Rental
Senate District 11,"EXUM, THOMAS",Democratic,191.0,2025-03-15 00:00:00,Usps,Colorado Springs,CO,80910,Rent & Utilities,Po Box Rental
Senate District 11,"EXUM, THOMAS",Democratic,390.0,2025-03-19 00:00:00,Sign Language Network,Colorado Springs,CO,80936,Consultant & Professional Services,Sign Language Interpretation For Town Hall
Senate District 11,"EXUM, THOMAS",Democratic,22.17,2025-03-23 00:00:00,Godaddy,Scottsdale,AZ,85260,Other,Domain Name
Senate District 11,"EXUM, THOMAS",Democratic,149.95,2025-04-02 00:00:00,U-Haul Moving & Storage,Colorado Springs,CO,80909,Rent & Utilities,Storage Rental
Senate District 11,"EXUM, THOMAS",Democratic,149.95,2025-05-02 00:00:00,U-Haul Moving & Storage,Colorado Springs,CO,80909,Rent & Utilities,Storage Rental
Senate District 11,"EXUM, THOMAS",Democratic,383.76,2025-05-31 00:00:00,Bluehost,Jacksonville,FL,32256,Miscellaneous,Web Hosting
Senate District 11,"EXUM, THOMAS",Democratic,149.95,2025-06-02 00:00:00,U-Haul Moving & Storage,Colorado Springs,CO,80909,Rent & Utilities,Storage Rental
Senate District 11,"EXUM, THOMAS",Democratic,195.66,2025-06-08 00:00:00,Office Depot,Colorado Springs,CO,80909,Office Equipment & Supplies,Stamps And Envelopes
Senate District 11,"EXUM, THOMAS",Democratic,50.38,2025-06-30 00:00:00,Actblue,Somerville,MA,02144,Fundraising Expenses,Fees For The Reporting Period
Senate District 11,"EXUM, THOMAS",Democratic,149.95,2025-07-02 00:00:00,U-Haul Moving & Storage,Colorado Springs,CO,80909,Rent & Utilities,Storage Rental
Senate District 11,"EXUM, THOMAS",Democratic,146.0,2025-07-12 00:00:00,Usps,Colorado Springs,CO,80910,Office Equipment & Supplies,Stamps
Senate District 11,"EXUM, THOMAS",Democratic,446.27,2025-07-16 00:00:00,C & D Printing,Denver,CO,80212,Office Equipment & Supplies,Thank You Cards And Envelopes
Senate District 11,"EXUM, THOMAS",Democratic,149.95,2025-08-02 00:00:00,U-Haul Moving & Storage,Colorado Springs,CO,80909,Rent & Utilities,Storage Rental
Senate District 11,"EXUM, THOMAS",Democratic,149.95,2025-09-02 00:00:00,U-Haul Moving & Storage,Colorado Springs,CO,80909,Rent & Utilities,Storage Rental
Senate District 11,"EXUM, THOMAS",Democratic,191.0,2025-09-16 00:00:00,Usps,Colorado Springs,CO,80910,Rent & Utilities,Po Box Rental
Senate District 11,"EXUM, THOMAS",Democratic,164.6,2025-09-30 00:00:00,,,,,Fundraising Expenses,Actbue Fees For The Reporting Period
Senate District 11,"EXUM, THOMAS",Democratic,149.95,2024-10-02 00:00:00,U-Haul Moving & Storage,Colorado Springs,CO,80909,Rent & Utilities,Storage Rental
Senate District 11,"EXUM, THOMAS",Democratic,149.95,2024-11-02 00:00:00,U-Haul Moving & Storage,Colorado Springs,CO,80909,Rent & Utilities,Storage Rental
Senate District 11,"EXUM, THOMAS",Democratic,341.71,2024-11-05 00:00:00,C & D Printing,Denver,CO,80212,Other,Business Cards And Envelopes
Senate District 11,"EXUM, THOMAS",Democratic,1225.0,2024-11-13 00:00:00,Senate Democrats Caucus Fund,Denver,CO,80203,Other,Caucus Dues
Senate District 11,"EXUM, THOMAS",Democratic,164.13,2024-11-15 00:00:00,Monarch Resort,Black Hawk,CO,80422,Travel & Lodging,Retreat Lodging
Senate District 11,"EXUM, THOMAS",Democratic,149.95,2024-12-02 00:00:00,U-Haul Moving & Storage,Colorado Springs,CO,80909,Rent & Utilities,Storage Rental
Senate District 11,"EXUM, THOMAS",Democratic,1500.0,2024-12-04 00:00:00,Colorado Black Caucus,Denver,CO,80207,Other,Caucus Dues
Senate District 11,"EXUM, THOMAS",Democratic,25.1,2024-12-31 00:00:00,,,,,Fundraising Expenses,Online Fundraising Fees For The Period
Senate District 11,"EXUM, THOMAS",Democratic,149.95,2025-10-02 00:00:00,U-Haul Moving & Storage,Colorado Springs,CO,80909,Rent & Utilities,Storage Rental
Senate District 11,"EXUM, THOMAS",Democratic,33.2,2025-10-15 00:00:00,Usps,Colorado Springs,CO,80910,Office Equipment & Supplies,
Senate District 11,"EXUM, THOMAS",Democratic,139.0,2025-10-30 00:00:00,Usps,Colorado Springs,CO,80910,Office Equipment & Supplies,Stamps
Senate District 11,"EXUM, THOMAS",Democratic,149.95,2025-11-02 00:00:00,U-Haul Moving & Storage,Colorado Springs,CO,80909,Rent & Utilities,Storage Rental
Senate District 11,"EXUM, THOMAS",Democratic,22.92,2025-11-02 00:00:00,Amazon,Seattle,WA,98109,Office Equipment & Supplies,Envelopes
Senate District 11,"EXUM, THOMAS",Democratic,220.0,2025-11-14 00:00:00,City Of Colorado Springs - Hillside Community Center,Colorado Springs,CO,80903,Rent & Utilities,Toen Hall Rental Space
Senate District 11,"EXUM, THOMAS",Democratic,149.95,2025-12-02 00:00:00,U-Haul Moving & Storage,Colorado Springs,CO,80909,Rent & Utilities,Storage Rental
Senate District 11,"EXUM, THOMAS",Democratic,122.71,2025-12-31 00:00:00,,,,,Fundraising Expenses,Actblue Fees For The Reporting Period
Senate District 11,"EXUM, THOMAS",Democratic,94.95,2023-01-07 00:00:00,U-Haul Moving & Storage,Colorado Springs,CO,80909,Rent & Utilities,Storage Rental
Senate District 11,"EXUM, THOMAS",Democratic,94.95,2023-02-07 00:00:00,U-Haul Moving & Storage,Colorado Springs,CO,80909,Rent & Utilities,Storage Rental
Senate District 11,"EXUM, THOMAS",Democratic,317.25,2023-03-16 00:00:00,Uccs University Center And Event Services,Colorado Springs,CO,80918,Other,Town Hall Event Expenses
Senate District 11,"EXUM, THOMAS",Democratic,20.17,2023-03-23 00:00:00,Godaddy,Scottsdale,AZ,85260,Other,Domain Name
Senate District 11,"EXUM, THOMAS",Democratic,177.0,2023-03-25 00:00:00,Usps,Colorado Springs,CO,80910,Rent & Utilities,Po Box Rental
Senate District 11,"EXUM, THOMAS",Democratic,94.95,2023-03-31 00:00:00,Thomas E Exum,Redacted By Sos,CO,99999,Rent & Utilities,Reimbursement For Expense Paid Personally
Senate District 11,"EXUM, THOMAS",Democratic,6.92,2023-03-31 00:00:00,,,,,Fundraising Expenses,Fundraising Expenses For Reporting Period
Senate District 11,"EXUM, THOMAS",Democratic,317.25,2023-03-31 00:00:00,Uccs University Center And Event Services,Colorado Springs,CO,80918,Other,Town Hall Event Expenses
Senate District 11,"EXUM, THOMAS",Democratic,94.95,2023-04-04 00:00:00,U-Haul Moving & Storage,Colorado Springs,CO,80909,Rent & Utilities,Storage Rental
Senate District 11,"EXUM, THOMAS",Democratic,99.95,2023-05-11 00:00:00,U-Haul Moving & Storage,Colorado Springs,CO,80909,Rent & Utilities,Storage Rental
Senate District 11,"EXUM, THOMAS",Democratic,335.76,2023-05-23 00:00:00,Bluehost,Jacksonville,FL,32256,Consultant & Professional Services,Website Hosting
Senate District 11,"EXUM, THOMAS",Democratic,99.95,2023-06-02 00:00:00,U-Haul Moving & Storage,Colorado Springs,CO,80909,Rent & Utilities,Storage Rental
Senate District 11,"EXUM, THOMAS",Democratic,1.8,2023-06-30 00:00:00,Actblue,Somerville,MA,02144,Fundraising Expenses,Fees
Senate District 11,"EXUM, THOMAS",Democratic,99.95,2023-07-02 00:00:00,U-Haul Moving & Storage,Colorado Springs,CO,80909,Rent & Utilities,
Senate District 11,"EXUM, THOMAS",Democratic,99.95,2023-08-02 00:00:00,U-Haul Moving & Storage,Colorado Springs,CO,80909,Rent & Utilities,
Senate District 11,"EXUM, THOMAS",Democratic,99.95,2023-09-02 00:00:00,U-Haul Moving & Storage,Colorado Springs,CO,80909,Rent & Utilities,
Senate District 11,"EXUM, THOMAS",Democratic,168.0,2023-09-11 00:00:00,Squarespace,New York,NY,10014,Other,Website
Senate District 11,"EXUM, THOMAS",Democratic,177.0,2023-09-17 00:00:00,Usps,Colorado Springs,CO,80910,Rent & Utilities,Po Box Rental
Senate District 11,"EXUM, THOMAS",Democratic,3.0,2023-09-30 00:00:00,,,,,Fundraising Expenses,Fundraising Fees For Reporting Period
Senate District 11,"EXUM, THOMAS",Democratic,24425.0,2022-12-09 00:00:00,Elect Thomas Tony Exum,Redacted By Sos,CO,99999,Other,End Of Election Cycle - Attribute Funds On Hand To Designate The Political Party Contribution
Senate District 11,"EXUM, THOMAS",Democratic,24.51,2022-12-13 00:00:00,Checks.Com,Philadelphia,PA,19176,Office Equipment & Supplies,Checks
Senate District 11,"EXUM, THOMAS",Democratic,99.95,2024-01-02 00:00:00,U-Haul Moving & Storage,Colorado Springs,CO,80909,Rent & Utilities,Storage Rental
Senate District 11,"EXUM, THOMAS",Democratic,750.0,2024-01-26 00:00:00,Senate Democrats Caucus Fund,Denver,CO,80203,Other,Dues
Senate District 11,"EXUM, THOMAS",Democratic,99.95,2024-02-02 00:00:00,U-Haul Moving & Storage,Colorado Springs,CO,80909,Rent & Utilities,Storage Rental
Senate District 11,"EXUM, THOMAS",Democratic,250.0,2024-02-24 00:00:00,George  Houston,Colorado Springs,CO,80925,Other,Honorarium For Town Hall Presentation
Senate District 11,"EXUM, THOMAS",Democratic,250.0,2024-02-24 00:00:00,Relevant Word Church,Colorado Springs,CO,80903,Rent & Utilities,Town Hall
Senate District 11,"EXUM, THOMAS",Democratic,99.95,2024-03-02 00:00:00,U-Haul Moving & Storage,Colorado Springs,CO,80909,Rent & Utilities,Storage Rental
Senate District 11,"EXUM, THOMAS",Democratic,22.17,2024-03-23 00:00:00,Godaddy,Scottsdale,AZ,85260,Other,Domain Name
Senate District 11,"EXUM, THOMAS",Democratic,182.0,2024-03-31 00:00:00,Usps,Colorado Springs,CO,80910,Rent & Utilities,Po Box Rental
Senate District 11,"EXUM, THOMAS",Democratic,3.39,2024-03-31 00:00:00,,,,,Fundraising Expenses,Actblue Fees For Reporting Period
Senate District 11,"EXUM, THOMAS",Democratic,99.95,2024-04-03 00:00:00,U-Haul Moving & Storage,Colorado Springs,CO,80909,Rent & Utilities,Storage Rental
Senate District 11,"EXUM, THOMAS",Democratic,99.95,2024-05-02 00:00:00,U-Haul Moving & Storage,Colorado Springs,CO,80909,Rent & Utilities,Storage Rental
Senate District 11,"EXUM, THOMAS",Democratic,38.5,2024-05-11 00:00:00,U-Haul Moving & Storage,Colorado Springs,CO,80909,Rent & Utilities,Storage Rental
Senate District 11,"EXUM, THOMAS",Democratic,149.95,2024-06-02 00:00:00,U-Haul Moving & Storage,Colorado Springs,CO,80909,Rent & Utilities,Storage Rental
Senate District 11,"EXUM, THOMAS",Democratic,6.94,2024-06-30 00:00:00,,,,,Fundraising Expenses,Actblue Fees For The Reporting Period
Senate District 11,"EXUM, THOMAS",Democratic,149.95,2024-07-02 00:00:00,U-Haul Moving & Storage,Colorado Springs,CO,80909,Rent & Utilities,Storage Rental
Senate District 11,"EXUM, THOMAS",Democratic,408.34,2024-07-23 00:00:00,Office Depot,Colorado Springs,CO,80909,Office Equipment & Supplies,"Printer Ink, Copies"
Senate District 11,"EXUM, THOMAS",Democratic,149.95,2024-08-02 00:00:00,U-Haul Moving & Storage,Colorado Springs,CO,80909,Rent & Utilities,Storage Rental
Senate District 11,"EXUM, THOMAS",Democratic,149.95,2024-09-02 00:00:00,U-Haul Moving & Storage,Colorado Springs,CO,80909,Rent & Utilities,Storage Rental
Senate District 11,"EXUM, THOMAS",Democratic,56.0,2024-09-03 00:00:00,Usps,Colorado Springs,CO,80910,Office Equipment & Supplies,Stamps
Senate District 11,"EXUM, THOMAS",Democratic,182.0,2024-09-16 00:00:00,Usps,Colorado Springs,CO,80910,Rent & Utilities,Po Box Rental
Senate District 11,"EXUM, THOMAS",Democratic,61.28,2024-09-30 00:00:00,,,,,Fundraising Expenses,Fundraising Fees For The Reporting Period
Senate District 11,"EXUM, THOMAS",Democratic,99.95,2023-10-02 00:00:00,U-Haul Moving & Storage,Colorado Springs,CO,80909,Rent & Utilities,Storage Rental
Senate District 11,"EXUM, THOMAS",Democratic,1500.0,2023-11-01 00:00:00,Colorado Black Caucus,Denver,CO,80207,Other,Caucus Dues
Senate District 11,"EXUM, THOMAS",Democratic,99.95,2023-11-02 00:00:00,U-Haul Moving & Storage,Colorado Springs,CO,80909,Rent & Utilities,Storage Rental
Senate District 11,"EXUM, THOMAS",Democratic,99.95,2023-12-02 00:00:00,U-Haul Moving & Storage,Colorado Springs,CO,80909,Rent & Utilities,Storage Rental
Senate District 11,"EXUM, THOMAS",Democratic,3.0,2023-12-31 00:00:00,,,,,Fundraising Expenses,Fundraising Fees For Reporting Period
Senate District 11,"RAZO, NICKOLAS",Republican,,,,,,,,
Senate District 11,"STILSON, LEVON",Republican,,,,,,,,
Senate District 11,"TISDALE, MARK",Republican,,,,,,,,
Senate District 15,"MARCHMAN, JANICE",Democratic,54.0,2024-01-02 00:00:00,Google Gsuite,Mountain View,CA,94043,Miscellaneous,
Senate District 15,"MARCHMAN, JANICE",Democratic,-9.99,2024-01-02 00:00:00,Doordash Dashpass,San Francisco,CA,94107,"Food, Beverages and Meals",Offset Due To Deletion Of Filed Item
Senate District 15,"MARCHMAN, JANICE",Democratic,9.99,2025-01-02 00:00:00,Doordash,San Francisco,CA,94107,"Food, Beverages and Meals",
Senate District 15,"MARCHMAN, JANICE",Democratic,-9.51,2024-01-08 00:00:00,Kum & Go,Loveland,CO,80537,Travel & Lodging,Offset Due To Deletion Of Filed Item
Senate District 15,"MARCHMAN, JANICE",Democratic,-33.45,2024-01-09 00:00:00,Circle K,Loveland,CO,80537,Travel & Lodging,Offset Due To Deletion Of Filed Item
Senate District 15,"MARCHMAN, JANICE",Democratic,76.24,2025-01-09 00:00:00,Illegal Petes,Fort Collins,CO,80524,"Food, Beverages and Meals",
Senate District 15,"MARCHMAN, JANICE",Democratic,31.83,2025-01-10 00:00:00,Caf… Mexicali,Johnstown,CO,80534,"Food, Beverages and Meals",
Senate District 15,"MARCHMAN, JANICE",Democratic,32.68,2025-01-13 00:00:00,Circle K,Loveland,CO,80537,Travel & Lodging,
Senate District 15,"MARCHMAN, JANICE",Democratic,36.0,2025-01-23 00:00:00,Square Space,New York,NY,10014,Miscellaneous,
Senate District 15,"MARCHMAN, JANICE",Democratic,61.86,2025-01-24 00:00:00,Cocina And Cantina,Loveland,CO,80538,"Food, Beverages and Meals",
Senate District 15,"MARCHMAN, JANICE",Democratic,-88.45,2024-01-31 00:00:00,Express Toll,Aurora,CO,80011,Travel & Lodging,Offset Due To Deletion Of Filed Item
Senate District 15,"MARCHMAN, JANICE",Democratic,596.35,2024-02-01 00:00:00,Best Buy,Fort Collins,CO,80525,Office Equipment & Supplies,Office Computer
Senate District 15,"MARCHMAN, JANICE",Democratic,-9.99,2024-02-01 00:00:00,Doordash Dashpass,San Francisco,CA,94107,"Food, Beverages and Meals",Offset Due To Deletion Of Filed Item
Senate District 15,"MARCHMAN, JANICE",Democratic,-28.75,2024-02-01 00:00:00,Express Toll,Aurora,CO,80011,Travel & Lodging,Offset Due To Deletion Of Filed Item
Senate District 15,"MARCHMAN, JANICE",Democratic,-35.62,2024-02-02 00:00:00,Shell Fuel,Mead,CO,80542,Travel & Lodging,Offset Due To Deletion Of Filed Item
Senate District 15,"MARCHMAN, JANICE",Democratic,-32.35,2024-02-05 00:00:00,Express Toll,Aurora,CO,80011,Travel & Lodging,Offset Due To Deletion Of Filed Item
Senate District 15,"MARCHMAN, JANICE",Democratic,-36.75,2024-02-08 00:00:00,Express Toll,Aurora,CO,80011,Travel & Lodging,Offset Due To Deletion Of Filed Item
Senate District 15,"MARCHMAN, JANICE",Democratic,-26.8,2024-02-12 00:00:00,Express Toll,Aurora,CO,80011,Travel & Lodging,Offset Due To Deletion Of Filed Item
Senate District 15,"MARCHMAN, JANICE",Democratic,36.0,2025-02-13 00:00:00,Square Space,New York,NY,10014,Miscellaneous,
Senate District 15,"MARCHMAN, JANICE",Democratic,-29.91,2024-02-15 00:00:00,Circle K,Loveland,CO,80537,Travel & Lodging,Offset Due To Deletion Of Filed Item
Senate District 15,"MARCHMAN, JANICE",Democratic,-25.5,2024-02-15 00:00:00,Express Toll,Aurora,CO,80011,Travel & Lodging,Offset Due To Deletion Of Filed Item
Senate District 15,"MARCHMAN, JANICE",Democratic,-29.05,2024-02-16 00:00:00,Express Toll,Aurora,CO,80011,Travel & Lodging,Offset Due To Deletion Of Filed Item
Senate District 15,"MARCHMAN, JANICE",Democratic,4.99,2025-02-18 00:00:00,Metro Parking,Nashville,TN,37203,Travel & Lodging,
Senate District 15,"MARCHMAN, JANICE",Democratic,-37.46,2024-02-21 00:00:00,Shell Fuel,Mead,CO,80542,Travel & Lodging,Offset Due To Deletion Of Filed Item
Senate District 15,"MARCHMAN, JANICE",Democratic,-33.8,2024-02-21 00:00:00,Express Toll,Aurora,CO,80011,Travel & Lodging,Offset Due To Deletion Of Filed Item
Senate District 15,"MARCHMAN, JANICE",Democratic,-76.09,2024-02-22 00:00:00,Noodles & Co.,Denver,CO,80202,"Food, Beverages and Meals",Offset Due To Deletion Of Filed Item
Senate District 15,"MARCHMAN, JANICE",Democratic,-21.44,2024-02-23 00:00:00,Kum & Go,Longmont,CO,80542,Travel & Lodging,Offset Due To Deletion Of Filed Item
Senate District 15,"MARCHMAN, JANICE",Democratic,-33.15,2024-02-26 00:00:00,Express Toll,Aurora,CO,80011,Travel & Lodging,Offset Due To Deletion Of Filed Item
Senate District 15,"MARCHMAN, JANICE",Democratic,-38.04,2024-02-27 00:00:00,Good 2 Go Fuel,Dacono,CO,80514,Travel & Lodging,Offset Due To Deletion Of Filed Item
Senate District 15,"MARCHMAN, JANICE",Democratic,-35.45,2024-02-28 00:00:00,Express Toll,Aurora,CO,80011,Travel & Lodging,Offset Due To Deletion Of Filed Item
Senate District 15,"MARCHMAN, JANICE",Democratic,-31.35,2024-02-29 00:00:00,Express Toll,Aurora,CO,80011,Travel & Lodging,Offset Due To Deletion Of Filed Item
Senate District 15,"MARCHMAN, JANICE",Democratic,-9.99,2024-03-01 00:00:00,Doordash Dashpass,San Francisco,CA,94107,"Food, Beverages and Meals",Offset Due To Deletion Of Filed Item
Senate District 15,"MARCHMAN, JANICE",Democratic,-40.99,2024-03-04 00:00:00,Shell Fuel,Johnstown,CO,80534,Travel & Lodging,Offset Due To Deletion Of Filed Item
Senate District 15,"MARCHMAN, JANICE",Democratic,-43.45,2024-03-04 00:00:00,Express Toll,Aurora,CO,80011,Travel & Lodging,Offset Due To Deletion Of Filed Item
Senate District 15,"MARCHMAN, JANICE",Democratic,-28.4,2024-03-05 00:00:00,Express Toll,Aurora,CO,80011,Travel & Lodging,Offset Due To Deletion Of Filed Item
Senate District 15,"MARCHMAN, JANICE",Democratic,-25.25,2024-03-07 00:00:00,Express Toll,Aurora,CO,80011,Travel & Lodging,Offset Due To Deletion Of Filed Item
Senate District 15,"MARCHMAN, JANICE",Democratic,-34.95,2024-03-11 00:00:00,Express Toll,Aurora,CO,80011,Travel & Lodging,Offset Due To Deletion Of Filed Item
Senate District 15,"MARCHMAN, JANICE",Democratic,-27.35,2024-03-13 00:00:00,Express Toll,Aurora,CO,80011,Travel & Lodging,Offset Due To Deletion Of Filed Item
Senate District 15,"MARCHMAN, JANICE",Democratic,36.0,2025-03-13 00:00:00,Square Space,New York,NY,10014,Miscellaneous,
Senate District 15,"MARCHMAN, JANICE",Democratic,-26.74,2024-03-15 00:00:00,Doordash\Chebahut,Denver,CO,80302,"Food, Beverages and Meals",Offset Due To Deletion Of Filed Item
Senate District 15,"MARCHMAN, JANICE",Democratic,-26.3,2024-03-15 00:00:00,Express Toll,Aurora,CO,80011,Travel & Lodging,Offset Due To Deletion Of Filed Item
Senate District 15,"MARCHMAN, JANICE",Democratic,-28.35,2024-03-18 00:00:00,Express Toll,Aurora,CO,80011,Travel & Lodging,Offset Due To Deletion Of Filed Item
Senate District 15,"MARCHMAN, JANICE",Democratic,-36.36,2024-03-20 00:00:00,Circle K,Longmont,CO,80501,Travel & Lodging,Offset Due To Deletion Of Filed Item
Senate District 15,"MARCHMAN, JANICE",Democratic,-9.99,2024-04-01 00:00:00,Doordash Dashpass,San Francisco,CA,94107,"Food, Beverages and Meals",Offset Due To Deletion Of Filed Item
Senate District 15,"MARCHMAN, JANICE",Democratic,2.0,2025-04-01 00:00:00,Actblue,Somerville,MA,2144,Fundraising Expenses,
Senate District 15,"MARCHMAN, JANICE",Democratic,36.0,2025-04-14 00:00:00,Square Space,New York,NY,10014,Miscellaneous,
Senate District 15,"MARCHMAN, JANICE",Democratic,18.42,2025-04-18 00:00:00,Amazon Marketlpace,Seattle,WA,98144,Office Equipment & Supplies,
Senate District 15,"MARCHMAN, JANICE",Democratic,-9.99,2024-05-01 00:00:00,Doordash Dashpass,San Francisco,CA,94107,"Food, Beverages and Meals",Offset Due To Deletion Of Filed Item
Senate District 15,"MARCHMAN, JANICE",Democratic,26.92,2025-05-01 00:00:00,Target,Loveland,CO,80538,"Food, Beverages and Meals",
Senate District 15,"MARCHMAN, JANICE",Democratic,36.0,2025-05-13 00:00:00,Square Space,New York,NY,10014,Miscellaneous,
Senate District 15,"MARCHMAN, JANICE",Democratic,-41.9,2024-05-21 00:00:00,Shell Fuel,Firestone,CO,80504,Travel & Lodging,Offset Due To Deletion Of Filed Item
Senate District 15,"MARCHMAN, JANICE",Democratic,-43.99,2024-05-29 00:00:00,Shell Fuel,Denver,CO,80203,Travel & Lodging,Offset Due To Deletion Of Filed Item
Senate District 15,"MARCHMAN, JANICE",Democratic,38.03,2025-06-02 00:00:00,Target,Loveland,CO,80538,"Food, Beverages and Meals",
Senate District 15,"MARCHMAN, JANICE",Democratic,-9.99,2024-06-03 00:00:00,Doordash Dashpass,San Francisco,CA,94107,"Food, Beverages and Meals",Offset Due To Deletion Of Filed Item
Senate District 15,"MARCHMAN, JANICE",Democratic,17.46,2025-06-06 00:00:00,Amazon Marketlpace,Seattle,WA,98144,Office Equipment & Supplies,
Senate District 15,"MARCHMAN, JANICE",Democratic,150.0,2025-06-12 00:00:00,Town Wellington,Wellington,CO,80549,Fundraising Expenses,
Senate District 15,"MARCHMAN, JANICE",Democratic,36.0,2025-06-13 00:00:00,Square Space,New York,NY,10014,Miscellaneous,
Senate District 15,"MARCHMAN, JANICE",Democratic,31.92,2025-06-13 00:00:00,Amazon Marketlpace,Seattle,WA,98144,Office Equipment & Supplies,
Senate District 15,"MARCHMAN, JANICE",Democratic,15.99,2025-06-13 00:00:00,Amazon Marketlpace,Seattle,WA,98144,Office Equipment & Supplies,
Senate District 15,"MARCHMAN, JANICE",Democratic,650.0,2025-06-15 00:00:00,"Trevor White, Consultant",Boulder,CO,80302,Consultant & Professional Services,
Senate District 15,"MARCHMAN, JANICE",Democratic,550.0,2025-06-15 00:00:00,"Grace Clausen, Consultant",Castle Rock,CO,80104,Consultant & Professional Services,
Senate District 15,"MARCHMAN, JANICE",Democratic,14.0,2025-06-15 00:00:00,"Michael Teague, Consultant",Denver,CO,80218,Consultant & Professional Services,
Senate District 15,"MARCHMAN, JANICE",Democratic,67.34,2025-06-16 00:00:00,Google Gsuite,Mountain View,CA,94043,Miscellaneous,
Senate District 15,"MARCHMAN, JANICE",Democratic,411.6,2025-06-16 00:00:00,Mountain Modern Hotel,Jackson,WY,83001,Travel & Lodging,
Senate District 15,"MARCHMAN, JANICE",Democratic,33.0,2025-06-16 00:00:00,Fnbo Bank (Overdraft),Loveland,CO,80537,Bank Fees,
Senate District 15,"MARCHMAN, JANICE",Democratic,107.25,2023-06-22 00:00:00,Mailchimp,Atlanta,GA,30308,Miscellaneous,
Senate District 15,"MARCHMAN, JANICE",Democratic,19.42,2023-06-26 00:00:00,United Airlines,Denver,CO,80249,Travel & Lodging,
Senate District 15,"MARCHMAN, JANICE",Democratic,35.94,2023-06-26 00:00:00,"Africa Lounge, Seatac Airport",Seatac,WA,98158,"Food, Beverages and Meals",
Senate District 15,"MARCHMAN, JANICE",Democratic,50.0,2025-06-27 00:00:00,Colo Sec. Of State,Denver,CO,80290,Other,
Senate District 15,"MARCHMAN, JANICE",Democratic,33.0,2025-06-27 00:00:00,Fnbo Bank (Overdraft),Loveland,CO,80537,Bank Fees,
Senate District 15,"MARCHMAN, JANICE",Democratic,67.4,2025-06-30 00:00:00,Actblue,Somerville,MA,2144,Fundraising Expenses,
Senate District 15,"MARCHMAN, JANICE",Democratic,94.13,2025-07-02 00:00:00,Google Gsuite,Mountain View,CA,94043,Miscellaneous,
Senate District 15,"MARCHMAN, JANICE",Democratic,575.0,2025-07-09 00:00:00,"Trevor White, Contractor",Boulder,CO,80302,Consultant & Professional Services,
Senate District 15,"MARCHMAN, JANICE",Democratic,14.0,2025-07-11 00:00:00,"Ashley Teague, Reimburse, Office Supplies",Denver,CO,80218,Office Equipment & Supplies,
Senate District 15,"MARCHMAN, JANICE",Democratic,36.0,2025-07-14 00:00:00,Square Space,New York,NY,10014,Miscellaneous,
Senate District 15,"MARCHMAN, JANICE",Democratic,637.5,2025-07-29 00:00:00,"Trevor White, Contractor",Boulder,CO,80302,Consultant & Professional Services,
Senate District 15,"MARCHMAN, JANICE",Democratic,33.0,2025-07-29 00:00:00,Fnbo Bank (Overdraft),Loveland,CO,80537,Bank Fees,
Senate District 15,"MARCHMAN, JANICE",Democratic,98.47,2025-08-04 00:00:00,Google Gsuite,Mountain View,CA,94043,Miscellaneous,
Senate District 15,"MARCHMAN, JANICE",Democratic,33.0,2025-08-04 00:00:00,Fnbo Bank (Overdraft),Loveland,CO,80537,Bank Fees,
Senate District 15,"MARCHMAN, JANICE",Democratic,124.0,2025-08-12 00:00:00,"Trevor White, Contractor",Boulder,CO,80302,Consultant & Professional Services,
Senate District 15,"MARCHMAN, JANICE",Democratic,36.0,2025-08-13 00:00:00,Square Space,New York,NY,10014,Miscellaneous,
Senate District 15,"MARCHMAN, JANICE",Democratic,30.15,2025-08-21 00:00:00,Express Tolls,Aurora,CO,80011,Travel & Lodging,
Senate District 15,"MARCHMAN, JANICE",Democratic,75.0,2025-08-22 00:00:00,Mailchimp,Atlanta,GA,30308,Office Equipment & Supplies,
Senate District 15,"MARCHMAN, JANICE",Democratic,17.5,2025-08-22 00:00:00,"Ashley Teague, Reimburse, Office Supplies",Denver,CO,80218,Office Equipment & Supplies,
Senate District 15,"MARCHMAN, JANICE",Democratic,400.0,2025-08-26 00:00:00,"Trevor White, Contractor",Boulder,CO,80302,Consultant & Professional Services,
Senate District 15,"MARCHMAN, JANICE",Democratic,95.37,2025-09-02 00:00:00,Google Gsuite,Mountain View,CA,94043,Miscellaneous,
Senate District 15,"MARCHMAN, JANICE",Democratic,22.01,2024-09-03 00:00:00,United Airlines,Denver,CO,80249,Travel & Lodging,
Senate District 15,"MARCHMAN, JANICE",Democratic,20.99,2024-09-03 00:00:00,United Airlines,Denver,CO,80249,Travel & Lodging,
Senate District 15,"MARCHMAN, JANICE",Democratic,73.18,2024-09-03 00:00:00,Canopy Airport Park,Commerce City,CO,80022,Travel & Lodging,
Senate District 15,"MARCHMAN, JANICE",Democratic,20.99,2024-09-03 00:00:00,United Airlines,Denver,CO,80249,Travel & Lodging,
Senate District 15,"MARCHMAN, JANICE",Democratic,64.8,2024-09-03 00:00:00,Google Gsuite,Mountain View,CA,94043,Office Equipment & Supplies,
Senate District 15,"MARCHMAN, JANICE",Democratic,15.4,2024-09-06 00:00:00,Canopy Airport Park,Commerce City,CO,80022,Travel & Lodging,
Senate District 15,"MARCHMAN, JANICE",Democratic,40.0,2024-09-06 00:00:00,United Airlines,Denver,CO,80249,Travel & Lodging,
Senate District 15,"MARCHMAN, JANICE",Democratic,60.0,2024-09-08 00:00:00,Bellagio,Las Vegas,NV,89109,Entertainment,Meal
Senate District 15,"MARCHMAN, JANICE",Democratic,36.0,2025-09-15 00:00:00,Square Space,New York,NY,10014,Miscellaneous,
Senate District 15,"MARCHMAN, JANICE",Democratic,75.0,2024-09-21 00:00:00,Mailchimp,Atlanta,GA,30308,Office Equipment & Supplies,
Senate District 15,"MARCHMAN, JANICE",Democratic,75.0,2025-09-22 00:00:00,Mailchimp,Atlanta,GA,30308,Office Equipment & Supplies,
Senate District 15,"MARCHMAN, JANICE",Democratic,61.94,2023-09-27 00:00:00,Canopy Airport Park,Commerce City,CO,80022,Travel & Lodging,
Senate District 15,"MARCHMAN, JANICE",Democratic,98.4,2025-09-29 00:00:00,Actblue,Somerville,MA,2144,Fundraising Expenses,
Senate District 15,"MARCHMAN, JANICE",Democratic,50.12,2024-09-30 00:00:00,Canopy Airport Park,Commerce City,CO,80022,Travel & Lodging,
Senate District 15,"MARCHMAN, JANICE",Democratic,64.8,2024-10-01 00:00:00,Google Gsuite,Mountain View,CA,94043,Office Equipment & Supplies,
Senate District 15,"MARCHMAN, JANICE",Democratic,228.0,2024-10-04 00:00:00,Help.Usemotion.Com,Wilmington,DE,19808,Office Equipment & Supplies,
Senate District 15,"MARCHMAN, JANICE",Democratic,598.0,2024-10-17 00:00:00,"Jen Casteneda, Consultant",Loveland,CO,80537,Consultant & Professional Services,
Senate District 15,"MARCHMAN, JANICE",Democratic,75.0,2024-10-20 00:00:00,Mailchimp,Atlanta,GA,30308,Office Equipment & Supplies,
Senate District 15,"MARCHMAN, JANICE",Democratic,16.9,2024-10-23 00:00:00,Canopy Airport Park,Commerce City,CO,80022,Travel & Lodging,
Senate District 15,"MARCHMAN, JANICE",Democratic,61.94,2023-10-25 00:00:00,Canopy Airport Park,Commerce City,CO,80022,Travel & Lodging,
Senate District 15,"MARCHMAN, JANICE",Democratic,38.14,2023-10-26 00:00:00,"Uber Trip, S.D.",San Diego,CA,92101,Travel & Lodging,
Senate District 15,"MARCHMAN, JANICE",Democratic,57.98,2023-10-27 00:00:00,Paradise Point Food & Bar,San Diego,CA,92109,"Food, Beverages and Meals",
Senate District 15,"MARCHMAN, JANICE",Democratic,77.0,2023-10-30 00:00:00,Edweek.Org Subscription,Phoenix,AZ,85072,Miscellaneous,Education Digital Subscription
Senate District 15,"MARCHMAN, JANICE",Democratic,54.0,2023-11-02 00:00:00,Google Gsuite,Mountain View,CA,94043,Miscellaneous,
Senate District 15,"MARCHMAN, JANICE",Democratic,264.0,2023-11-03 00:00:00,Wix.Com,San Francisco,CA,94158,Miscellaneous,
Senate District 15,"MARCHMAN, JANICE",Democratic,61.94,2023-11-06 00:00:00,Canopy Airport Park,Commerce City,CO,80022,Travel & Lodging,
Senate District 15,"MARCHMAN, JANICE",Democratic,5.72,2023-11-06 00:00:00,"Uber Trip, S.F.",San Francisco,CA,94158,Travel & Lodging,
Senate District 15,"MARCHMAN, JANICE",Democratic,45.94,2023-11-07 00:00:00,Half Moon Bay Lodge,Half Moon Bay,CA,94019,"Food, Beverages and Meals",
Senate District 15,"MARCHMAN, JANICE",Democratic,13.91,2023-11-07 00:00:00,"Uber Trip, S.F.",San Francisco,CA,94158,Travel & Lodging,
Senate District 15,"MARCHMAN, JANICE",Democratic,5.0,2023-11-08 00:00:00,"Uber Trip, S.F.",San Francisco,CA,94158,Travel & Lodging,
Senate District 15,"MARCHMAN, JANICE",Democratic,43.0,2023-11-08 00:00:00,"Uber Trip, S.F.",San Francisco,CA,94158,Travel & Lodging,
Senate District 15,"MARCHMAN, JANICE",Democratic,5.0,2023-11-08 00:00:00,"Uber Trip, S.F.",San Francisco,CA,94158,Travel & Lodging,
Senate District 15,"MARCHMAN, JANICE",Democratic,400.0,2023-11-14 00:00:00,Monarch Resort,Black Hawk,CO,80422,Travel & Lodging,
Senate District 15,"MARCHMAN, JANICE",Democratic,3.0,2023-11-14 00:00:00,First National Bank Atm Fee,Black Hawk,CO,80422,Bank Fees,
Senate District 15,"MARCHMAN, JANICE",Democratic,5.99,2023-11-14 00:00:00,Pnc Bank Atm Fee,Black Hawk,CO,80422,Bank Fees,
Senate District 15,"MARCHMAN, JANICE",Democratic,190.65,2023-11-16 00:00:00,Embasy Suites Denver,Denver,CO,80202,Travel & Lodging,
Senate District 15,"MARCHMAN, JANICE",Democratic,32.16,2023-11-16 00:00:00,Monarch Catering,Black Hawk,CO,80422,"Food, Beverages and Meals",
Senate District 15,"MARCHMAN, JANICE",Democratic,343.26,2024-11-18 00:00:00,Monach Resort,Black Hawk,CO,80422,Travel & Lodging,
Senate District 15,"MARCHMAN, JANICE",Democratic,475.0,2024-11-19 00:00:00,Dem Senate Campaign Fund,Denver,CO,80203,Other,Dscf Retreat
Senate District 15,"MARCHMAN, JANICE",Democratic,-40.49,2023-11-20 00:00:00,Shell Station,Mead,CO,80542,Travel & Lodging,Offset Due To Deletion Of Filed Item
Senate District 15,"MARCHMAN, JANICE",Democratic,-44.64,2023-11-21 00:00:00,Doordash\Chebahut,Denver,CO,80302,"Food, Beverages and Meals",Offset Due To Deletion Of Filed Item
Senate District 15,"MARCHMAN, JANICE",Democratic,-38.57,2023-11-29 00:00:00,Safeway Fuel,Estes Park,CO,80517,Travel & Lodging,Offset Due To Deletion Of Filed Item
Senate District 15,"MARCHMAN, JANICE",Democratic,-9.99,2023-12-01 00:00:00,Doordash Dashpass,San Francisco,CA,94107,"Food, Beverages and Meals",Offset Due To Deletion Of Filed Item
Senate District 15,"MARCHMAN, JANICE",Democratic,54.0,2023-12-04 00:00:00,Google Gsuite,Mountain View,CA,94043,Miscellaneous,
Senate District 15,"MARCHMAN, JANICE",Democratic,27.56,2024-12-09 00:00:00,Office Depot,Loveland,CO,80538,Office Equipment & Supplies,
Senate District 15,"MARCHMAN, JANICE",Democratic,50.0,2024-12-15 00:00:00,Colorado Sec. Of State,Denver,CO,80290,Miscellaneous,Filing Late Fee
Senate District 15,"MARCHMAN, JANICE",Democratic,-25.36,2023-12-19 00:00:00,Quiktrip 4202,Firestone,CO,80504,Travel & Lodging,Offset Due To Deletion Of Filed Item
Senate District 15,"MARCHMAN, JANICE",Democratic,79.2,2025-10-01 00:00:00,Google Gsuite,Mountain View,CA,94043,Miscellaneous,
Senate District 15,"MARCHMAN, JANICE",Democratic,18.13,2025-10-08 00:00:00,Zoom Video Communucations,San Jose,CA,95113,Miscellaneous,
Senate District 15,"MARCHMAN, JANICE",Democratic,36.0,2025-10-14 00:00:00,Square Space,New York,NY,10014,Miscellaneous,
Senate District 15,"MARCHMAN, JANICE",Democratic,75.0,2025-10-22 00:00:00,Mailchimp,Atlanta,GA,30308,Office Equipment & Supplies,
Senate District 15,"MARCHMAN, JANICE",Democratic,57.9,2025-11-03 00:00:00,Google Gsuite,Mountain View,CA,94043,Miscellaneous,
Senate District 15,"MARCHMAN, JANICE",Democratic,36.0,2025-11-13 00:00:00,Square Space,New York,NY,10014,Miscellaneous,
Senate District 15,"MARCHMAN, JANICE",Democratic,234.0,2025-11-20 00:00:00,"Numero, Inc.",Costa Mesa,CA,92626,Fundraising Expenses,
Senate District 15,"MARCHMAN, JANICE",Democratic,865.4,2025-11-21 00:00:00,Ngp Van,Washingtom,DC,,Fundraising Expenses,
Senate District 15,"MARCHMAN, JANICE",Democratic,75.0,2025-11-24 00:00:00,Mailchimp,Atlanta,GA,30308,Office Equipment & Supplies,
Senate District 15,"MARCHMAN, JANICE",Democratic,540.0,2025-12-01 00:00:00,"Numero, Inc.",Costa Mesa,CA,92626,Fundraising Expenses,
Senate District 15,"MARCHMAN, JANICE",Democratic,52.8,2025-12-02 00:00:00,Google Gsuite,Mountain View,CA,94043,Miscellaneous,
Senate District 15,"MARCHMAN, JANICE",Democratic,36.0,2025-12-15 00:00:00,Square Space,New York,NY,10014,Miscellaneous,
Senate District 15,"MARCHMAN, JANICE",Democratic,282.39,2025-12-17 00:00:00,Corazon Printing,Broomfield,CO,80020,Advertising,
Senate District 15,"MARCHMAN, JANICE",Democratic,500.0,2025-12-23 00:00:00,"Jen Castaneda, Consultant",Loveland,CO,80538,Consultant & Professional Services,
Senate District 15,"MARCHMAN, JANICE",Democratic,706.22,2025-12-31 00:00:00,Actblue,Somerville,MA,2144,Fundraising Expenses,
Senate District 15,"MARCHMAN, JANICE",Democratic,72.0,2023-01-03 00:00:00,Google Suite,Mountain View,CA,94043,Office Equipment & Supplies,
Senate District 15,"MARCHMAN, JANICE",Democratic,10.82,2023-01-05 00:00:00,Starbucks,Fort Collins,CO,80524,"Food, Beverages and Meals",
Senate District 15,"MARCHMAN, JANICE",Democratic,49.14,2023-01-05 00:00:00,Loaf N Jug,Berthoud,CO,80513,Travel & Lodging,
Senate District 15,"MARCHMAN, JANICE",Democratic,37.87,2023-01-06 00:00:00,Circle K,Longmont,CO,80501,"Food, Beverages and Meals",
Senate District 15,"MARCHMAN, JANICE",Democratic,311.14,2023-01-09 00:00:00,Priceline,Denver,CO,80202,Travel & Lodging,
Senate District 15,"MARCHMAN, JANICE",Democratic,71.0,2023-01-10 00:00:00,Adp,Fort Collins,CO,80524,Bank Fees,
Senate District 15,"MARCHMAN, JANICE",Democratic,538.67,2023-01-11 00:00:00,Steubens,Denver,CO,80203,"Food, Beverages and Meals",
Senate District 15,"MARCHMAN, JANICE",Democratic,59.14,2023-01-11 00:00:00,Rock Bottom,Denver,CO,80265,"Food, Beverages and Meals",
Senate District 15,"MARCHMAN, JANICE",Democratic,14.97,2023-01-11 00:00:00,Uber,San Francisco,CA,94103,Travel & Lodging,
Senate District 15,"MARCHMAN, JANICE",Democratic,3.0,2023-01-11 00:00:00,Uber,San Francisco,CA,94103,Travel & Lodging,
Senate District 15,"MARCHMAN, JANICE",Democratic,9.21,2023-01-11 00:00:00,Uber,San Francisco,CA,94103,Travel & Lodging,
Senate District 15,"MARCHMAN, JANICE",Democratic,2.0,2023-01-11 00:00:00,Uber,San Francisco,CA,94103,Travel & Lodging,
Senate District 15,"MARCHMAN, JANICE",Democratic,31.25,2023-01-12 00:00:00,Hotel Teatro,Denver,CO,80202,Travel & Lodging,
Senate District 15,"MARCHMAN, JANICE",Democratic,15.9,2023-01-12 00:00:00,Uber,San Francisco,CA,94103,Travel & Lodging,
Senate District 15,"MARCHMAN, JANICE",Democratic,9.94,2023-01-12 00:00:00,Uber,San Francisco,CA,94103,Travel & Lodging,
Senate District 15,"MARCHMAN, JANICE",Democratic,25.15,2023-01-12 00:00:00,Uber,San Francisco,CA,94103,Travel & Lodging,
Senate District 15,"MARCHMAN, JANICE",Democratic,297.51,2023-01-13 00:00:00,Hotel Teatro,Denver,CO,80202,Travel & Lodging,
Senate District 15,"MARCHMAN, JANICE",Democratic,47.7,2023-01-13 00:00:00,Kum & Go,Mead,CO,80542,Travel & Lodging,
Senate District 15,"MARCHMAN, JANICE",Democratic,69.0,2023-01-18 00:00:00,Mailchimp,Atlanta,GA,30308,Office Equipment & Supplies,
Senate District 15,"MARCHMAN, JANICE",Democratic,39.67,2023-01-18 00:00:00,Circle K,Longmont,CO,80501,Travel & Lodging,
Senate District 15,"MARCHMAN, JANICE",Democratic,13.99,2023-01-18 00:00:00,Uber,San Francisco,CA,94103,Travel & Lodging,
Senate District 15,"MARCHMAN, JANICE",Democratic,10.93,2023-01-18 00:00:00,Uber,San Francisco,CA,94103,Travel & Lodging,
Senate District 15,"MARCHMAN, JANICE",Democratic,18.2,2023-01-19 00:00:00,Teachers Lounge,Denver,CO,80204,Travel & Lodging,
Senate District 15,"MARCHMAN, JANICE",Democratic,37.86,2023-01-19 00:00:00,Renaissance Denver,Denver,CO,80202,"Food, Beverages and Meals",
Senate District 15,"MARCHMAN, JANICE",Democratic,11.98,2023-01-19 00:00:00,Uber,San Francisco,CA,94103,Travel & Lodging,
Senate District 15,"MARCHMAN, JANICE",Democratic,218.58,2023-01-20 00:00:00,Hilton,Denver,CO,80203,Travel & Lodging,
Senate District 15,"MARCHMAN, JANICE",Democratic,26.12,2023-01-20 00:00:00,Uber,San Francisco,CA,94103,Travel & Lodging,
Senate District 15,"MARCHMAN, JANICE",Democratic,227.35,2023-01-23 00:00:00,Hilton,Denver,CO,80203,Travel & Lodging,
Senate District 15,"MARCHMAN, JANICE",Democratic,124.2,2023-01-24 00:00:00,Redstone Review,Lyons,CO,80540,Advertising,
Senate District 15,"MARCHMAN, JANICE",Democratic,18.0,2023-01-25 00:00:00,Wordpress,San Francisco,CA,94110,Office Equipment & Supplies,
Senate District 15,"MARCHMAN, JANICE",Democratic,12.0,2023-01-27 00:00:00,Wix,San Francisco,CA,94158,Office Equipment & Supplies,
Senate District 15,"MARCHMAN, JANICE",Democratic,72.0,2023-02-02 00:00:00,Google Suite,Mountain View,CA,94043,Office Equipment & Supplies,
Senate District 15,"MARCHMAN, JANICE",Democratic,221.0,2023-02-20 00:00:00,Adp,Fort Collins,CO,80524,Bank Fees,
Senate District 15,"MARCHMAN, JANICE",Democratic,69.0,2023-02-21 00:00:00,Mailchimp,Atlanta,GA,30308,Office Equipment & Supplies,
Senate District 15,"MARCHMAN, JANICE",Democratic,46.18,2023-02-24 00:00:00,Steubens,Denver,CO,80203,"Food, Beverages and Meals",
Senate District 15,"MARCHMAN, JANICE",Democratic,18.0,2023-02-27 00:00:00,Wordpress,San Francisco,CA,94110,Office Equipment & Supplies,
Senate District 15,"MARCHMAN, JANICE",Democratic,36.22,2023-02-28 00:00:00,Fedex,Denver,CO,80202,Other,
Senate District 15,"MARCHMAN, JANICE",Democratic,12.0,2023-03-02 00:00:00,Wix,San Francisco,CA,94158,Office Equipment & Supplies,
Senate District 15,"MARCHMAN, JANICE",Democratic,72.0,2023-03-03 00:00:00,Google Suite,Mountain View,CA,94043,Office Equipment & Supplies,
Senate District 15,"MARCHMAN, JANICE",Democratic,71.0,2023-03-10 00:00:00,Adp,Fort Collins,CO,80524,Bank Fees,
Senate District 15,"MARCHMAN, JANICE",Democratic,164.79,2023-03-13 00:00:00,Office Depot,Loveland,CO,80538,Office Equipment & Supplies,
Senate District 15,"MARCHMAN, JANICE",Democratic,69.0,2023-03-20 00:00:00,Mailchimp,Atlanta,GA,30308,Office Equipment & Supplies,
Senate District 15,"MARCHMAN, JANICE",Democratic,85.81,2023-03-23 00:00:00,Adp,Fort Collins,CO,80524,Bank Fees,
Senate District 15,"MARCHMAN, JANICE",Democratic,18.0,2023-03-27 00:00:00,Wordpress,San Francisco,CA,94110,Office Equipment & Supplies,
Senate District 15,"MARCHMAN, JANICE",Democratic,12.0,2023-03-27 00:00:00,Wix,San Francisco,CA,94158,Office Equipment & Supplies,
Senate District 15,"MARCHMAN, JANICE",Democratic,72.0,2023-04-03 00:00:00,Google Suite,Mountain View,CA,94043,Office Equipment & Supplies,
Senate District 15,"MARCHMAN, JANICE",Democratic,71.0,2023-04-10 00:00:00,Adp,Fort Collins,CO,80524,Bank Fees,
Senate District 15,"MARCHMAN, JANICE",Democratic,33.0,2023-04-13 00:00:00,Squarespace,New York,NY,10014,Bank Fees,
Senate District 15,"MARCHMAN, JANICE",Democratic,69.0,2023-04-18 00:00:00,Mailchimp,Atlanta,GA,30308,Office Equipment & Supplies,
Senate District 15,"MARCHMAN, JANICE",Democratic,12.0,2023-04-27 00:00:00,Wix,San Francisco,CA,94158,Office Equipment & Supplies,
Senate District 15,"MARCHMAN, JANICE",Democratic,11.99,2023-04-28 00:00:00,Godaddy,Tempe,AZ,85284,Bank Fees,
Senate District 15,"MARCHMAN, JANICE",Democratic,86.4,2023-05-02 00:00:00,Google Suite,Mountain View,CA,94043,Office Equipment & Supplies,
Senate District 15,"MARCHMAN, JANICE",Democratic,25.02,2023-06-22 00:00:00,Parking,Commerce City,CO,80022,Travel & Lodging,
Senate District 15,"MARCHMAN, JANICE",Democratic,4.0,2023-06-29 00:00:00,Parking,Estes Park,CO,80517,Travel & Lodging,
Senate District 15,"MARCHMAN, JANICE",Democratic,71.0,2022-12-12 00:00:00,Adp,Fort Collins,CO,80524,Bank Fees,
Senate District 15,"MARCHMAN, JANICE",Democratic,47.0,2022-12-12 00:00:00,Curio Hotels,Denver,CO,80203,Travel & Lodging,
Senate District 15,"MARCHMAN, JANICE",Democratic,115.54,2022-12-12 00:00:00,Apres Burger,Steamboat Springs,CO,80487,"Food, Beverages and Meals",
Senate District 15,"MARCHMAN, JANICE",Democratic,10.0,2022-12-12 00:00:00,Callfire,Santa Monica,CA,90401,Advertising,
Senate District 15,"MARCHMAN, JANICE",Democratic,44.8,2022-12-13 00:00:00,Loaf N Jug,Berthoud,CO,80513,Travel & Lodging,
Senate District 15,"MARCHMAN, JANICE",Democratic,4.84,2022-12-15 00:00:00,Dark Heart Coffee,Loveland,CO,80537,"Food, Beverages and Meals",
Senate District 15,"MARCHMAN, JANICE",Democratic,42.99,2022-12-16 00:00:00,Loaf N Jug,Berthoud,CO,80513,Travel & Lodging,
Senate District 15,"MARCHMAN, JANICE",Democratic,59.0,2022-12-19 00:00:00,Mailchimp,Atlanta,GA,30308,Office Equipment & Supplies,
Senate District 15,"MARCHMAN, JANICE",Democratic,43.71,2022-12-20 00:00:00,Loaf N Jug,Berthoud,CO,80513,Travel & Lodging,
Senate District 15,"MARCHMAN, JANICE",Democratic,135.05,2022-12-21 00:00:00,City O City,Denver,CO,80203,"Food, Beverages and Meals",
Senate District 15,"MARCHMAN, JANICE",Democratic,18.0,2022-12-27 00:00:00,Wordpress,San Francisco,CA,94110,Office Equipment & Supplies,
Senate District 15,"MARCHMAN, JANICE",Democratic,12.0,2022-12-27 00:00:00,Wix,San Francisco,CA,94158,Office Equipment & Supplies,
Senate District 15,"MARCHMAN, JANICE",Democratic,42.65,2022-12-28 00:00:00,Sei,Loveland,CO,80538,Rent & Utilities,
Senate District 15,"MARCHMAN, JANICE",Democratic,9.99,2024-01-02 00:00:00,Doordash Dashpass,San Francisco,CA,94107,"Food, Beverages and Meals",
Senate District 15,"MARCHMAN, JANICE",Democratic,2.13,2024-01-08 00:00:00,Fedex,Loveland,CO,80538,Miscellaneous,
Senate District 15,"MARCHMAN, JANICE",Democratic,9.51,2024-01-08 00:00:00,Kum & Go,Loveland,CO,80537,Travel & Lodging,
Senate District 15,"MARCHMAN, JANICE",Democratic,33.45,2024-01-09 00:00:00,Circle K,Loveland,CO,80537,Travel & Lodging,
Senate District 15,"MARCHMAN, JANICE",Democratic,278.02,2023-01-19 00:00:00,Don Bruns Llc,Arvada,CO,80005,Miscellaneous,Photo Shoot
Senate District 15,"MARCHMAN, JANICE",Democratic,88.45,2024-01-31 00:00:00,Express Toll,Aurora,CO,80011,Travel & Lodging,
Senate District 15,"MARCHMAN, JANICE",Democratic,28.75,2024-02-01 00:00:00,Express Toll,Aurora,CO,80011,Travel & Lodging,
Senate District 15,"MARCHMAN, JANICE",Democratic,9.99,2024-02-01 00:00:00,Doordash Dashpass,San Francisco,CA,94107,"Food, Beverages and Meals",
Senate District 15,"MARCHMAN, JANICE",Democratic,54.0,2024-02-02 00:00:00,Google Gsuite,Mountain View,CA,94043,Miscellaneous,
Senate District 15,"MARCHMAN, JANICE",Democratic,35.62,2024-02-02 00:00:00,Shell Fuel,Mead,CO,80542,Travel & Lodging,
Senate District 15,"MARCHMAN, JANICE",Democratic,32.35,2024-02-05 00:00:00,Express Toll,Aurora,CO,80011,Travel & Lodging,
Senate District 15,"MARCHMAN, JANICE",Democratic,36.75,2024-02-08 00:00:00,Express Toll,Aurora,CO,80011,Travel & Lodging,
Senate District 15,"MARCHMAN, JANICE",Democratic,26.8,2024-02-12 00:00:00,Express Toll,Aurora,CO,80011,Travel & Lodging,
Senate District 15,"MARCHMAN, JANICE",Democratic,25.5,2024-02-15 00:00:00,Express Toll,Aurora,CO,80011,Travel & Lodging,
Senate District 15,"MARCHMAN, JANICE",Democratic,29.91,2024-02-15 00:00:00,Circle K,Loveland,CO,80537,Travel & Lodging,
Senate District 15,"MARCHMAN, JANICE",Democratic,29.05,2024-02-16 00:00:00,Express Toll,Aurora,CO,80011,Travel & Lodging,
Senate District 15,"MARCHMAN, JANICE",Democratic,33.8,2024-02-21 00:00:00,Express Toll,Aurora,CO,80011,Travel & Lodging,
Senate District 15,"MARCHMAN, JANICE",Democratic,37.46,2024-02-21 00:00:00,Shell Fuel,Mead,CO,80542,Travel & Lodging,
Senate District 15,"MARCHMAN, JANICE",Democratic,76.09,2024-02-22 00:00:00,Noodles & Co.,Denver,CO,80202,"Food, Beverages and Meals",
Senate District 15,"MARCHMAN, JANICE",Democratic,21.44,2024-02-23 00:00:00,Kum & Go,Longmont,CO,80542,Travel & Lodging,
Senate District 15,"MARCHMAN, JANICE",Democratic,33.15,2024-02-26 00:00:00,Express Toll,Aurora,CO,80011,Travel & Lodging,
Senate District 15,"MARCHMAN, JANICE",Democratic,15.0,2024-02-27 00:00:00,Fnbo Bank (Checks),Loveland,CO,80537,Bank Fees,
Senate District 15,"MARCHMAN, JANICE",Democratic,38.04,2024-02-27 00:00:00,Good 2 Go Fuel,Dacono,CO,80514,Travel & Lodging,
Senate District 15,"MARCHMAN, JANICE",Democratic,35.45,2024-02-28 00:00:00,Express Toll,Aurora,CO,80011,Travel & Lodging,
Senate District 15,"MARCHMAN, JANICE",Democratic,31.35,2024-02-29 00:00:00,Express Toll,Aurora,CO,80011,Travel & Lodging,
Senate District 15,"MARCHMAN, JANICE",Democratic,9.99,2024-03-01 00:00:00,Doordash Dashpass,San Francisco,CA,94107,"Food, Beverages and Meals",
Senate District 15,"MARCHMAN, JANICE",Democratic,54.0,2024-03-04 00:00:00,Google Gsuite,Mountain View,CA,94043,Miscellaneous,
Senate District 15,"MARCHMAN, JANICE",Democratic,43.45,2024-03-04 00:00:00,Express Toll,Aurora,CO,80011,Travel & Lodging,
Senate District 15,"MARCHMAN, JANICE",Democratic,40.99,2024-03-04 00:00:00,Shell Fuel,Johnstown,CO,80534,Travel & Lodging,
Senate District 15,"MARCHMAN, JANICE",Democratic,28.4,2024-03-05 00:00:00,Express Toll,Aurora,CO,80011,Travel & Lodging,
Senate District 15,"MARCHMAN, JANICE",Democratic,25.25,2024-03-07 00:00:00,Express Toll,Aurora,CO,80011,Travel & Lodging,
Senate District 15,"MARCHMAN, JANICE",Democratic,34.95,2024-03-11 00:00:00,Express Toll,Aurora,CO,80011,Travel & Lodging,
Senate District 15,"MARCHMAN, JANICE",Democratic,27.35,2024-03-13 00:00:00,Express Toll,Aurora,CO,80011,Travel & Lodging,
Senate District 15,"MARCHMAN, JANICE",Democratic,26.3,2024-03-15 00:00:00,Express Toll,Aurora,CO,80011,Travel & Lodging,
Senate District 15,"MARCHMAN, JANICE",Democratic,26.74,2024-03-15 00:00:00,Doordash\Chebahut,Denver,CO,80302,"Food, Beverages and Meals",
Senate District 15,"MARCHMAN, JANICE",Democratic,28.35,2024-03-18 00:00:00,Express Toll,Aurora,CO,80011,Travel & Lodging,
Senate District 15,"MARCHMAN, JANICE",Democratic,36.36,2024-03-20 00:00:00,Circle K,Longmont,CO,80501,Travel & Lodging,
Senate District 15,"MARCHMAN, JANICE",Democratic,9.99,2024-04-01 00:00:00,Doordash Dashpass,San Francisco,CA,94107,"Food, Beverages and Meals",
Senate District 15,"MARCHMAN, JANICE",Democratic,9.99,2024-05-01 00:00:00,Doordash Dashpass,San Francisco,CA,94107,"Food, Beverages and Meals",
Senate District 15,"MARCHMAN, JANICE",Democratic,41.9,2024-05-21 00:00:00,Shell Fuel,Firestone,CO,80504,Travel & Lodging,
Senate District 15,"MARCHMAN, JANICE",Democratic,43.99,2024-05-29 00:00:00,Shell Fuel,Denver,CO,80203,Travel & Lodging,
Senate District 15,"MARCHMAN, JANICE",Democratic,9.99,2024-06-03 00:00:00,Doordash Dashpass,San Francisco,CA,94107,"Food, Beverages and Meals",
Senate District 15,"MARCHMAN, JANICE",Democratic,138.76,2023-07-13 00:00:00,Google Gsuite,Mountain View,CA,94043,Miscellaneous,Gsuite Renewal
Senate District 15,"MARCHMAN, JANICE",Democratic,138.76,2023-07-13 00:00:00,Google Gsuite,Mountain View,CA,94043,Miscellaneous,"Renewal Of Gsuite - Possible Double Charge? If So, Will Reverse At A Later Date."
Senate District 15,"MARCHMAN, JANICE",Democratic,40.49,2023-09-28 00:00:00,Pizzaria Due,Chicago,IL,60611,"Food, Beverages and Meals",
Senate District 15,"MARCHMAN, JANICE",Democratic,100.0,2023-09-28 00:00:00,Hyatt Centric Chicago,Chicago,IL,60611,Travel & Lodging,"Eventbrite Weekend, Never Entered By Andrew"
Senate District 15,"MARCHMAN, JANICE",Democratic,83.78,2023-10-02 00:00:00,Hyatt Centric Chicago,Chicago,IL,60611,Travel & Lodging,
Senate District 15,"MARCHMAN, JANICE",Democratic,23.23,2023-10-02 00:00:00,Google Gsuite,Mountain View,CA,94043,Miscellaneous,
Senate District 15,"MARCHMAN, JANICE",Democratic,51.34,2023-11-07 00:00:00,Canopy Airport Park,Commerce City,CO,80022,Travel & Lodging,
Senate District 15,"MARCHMAN, JANICE",Democratic,40.49,2023-11-20 00:00:00,Shell Station,Mead,CO,80542,Travel & Lodging,
Senate District 15,"MARCHMAN, JANICE",Democratic,44.64,2023-11-21 00:00:00,Doordash\Chebahut,Denver,CO,80302,"Food, Beverages and Meals",
Senate District 15,"MARCHMAN, JANICE",Democratic,38.57,2023-11-29 00:00:00,Safeway Fuel,Estes Park,CO,80517,Travel & Lodging,
Senate District 15,"MARCHMAN, JANICE",Democratic,9.99,2023-12-01 00:00:00,Doordash Dashpass,San Francisco,CA,94107,"Food, Beverages and Meals",
Senate District 15,"MARCHMAN, JANICE",Democratic,5799.98,2022-12-09 00:00:00,Janice Marchman For Colorado,Loveland,CO,80538,Other,"End Of Election Zero Out, To Designate Political Party Contribution."
Senate District 15,"MARCHMAN, JANICE",Democratic,1000.0,2022-12-14 00:00:00,Andrew  Barton,Boulder,CO,80303,Office Equipment & Supplies,Reimbursement To Andrew Barton For Office Setup (Supplies)
Senate District 15,"MARCHMAN, JANICE",Democratic,25.36,2023-12-19 00:00:00,Quiktrip 4202,Firestone,CO,80504,Travel & Lodging,
Senate District 15,"MARCHMAN, JANICE",Democratic,200.0,2022-12-20 00:00:00,Senate Democratic Caucus Fund,Denver,CO,80203,Other,Caucus Dues
Senate District 15,"MARCHMAN, JANICE",Democratic,850.0,2022-12-20 00:00:00,Senate Democratic Caucus Fund,Denver,CO,80203,Other,Caucus Retreat
Senate District 15,"WOODWARD, ROB",Republican,50.0,2025-01-18 00:00:00,Polifi Llc,Fort Lupton,CO,80621,Consultant & Professional Services,
Senate District 15,"WOODWARD, ROB",Republican,8.0,2025-03-31 00:00:00,Firstbank North,Arvada,CO,80006,Bank Fees,
Senate District 15,"WOODWARD, ROB",Republican,50.0,2025-04-10 00:00:00,Polifi Llc,Fort Lupton,CO,80621,Consultant & Professional Services,
Senate District 15,"WOODWARD, ROB",Republican,95.88,2025-06-02 00:00:00,Godaddy,Scottsdale,AZ,85260,Consultant & Professional Services,
Senate District 15,"WOODWARD, ROB",Republican,50.0,2025-06-02 00:00:00,Polifi Llc,Fort Lupton,CO,80621,Consultant & Professional Services,
Senate District 15,"WOODWARD, ROB",Republican,200.0,2025-06-22 00:00:00,Loveland Rotary,Loveland,CO,80538,Other,Dues And Subscriptions
Senate District 15,"WOODWARD, ROB",Republican,6.0,2025-06-30 00:00:00,Firstbank North,Arvada,CO,80006,Bank Fees,
Senate District 15,"WOODWARD, ROB",Republican,1.0,2025-07-01 00:00:00,Loveland Re[Porter Herald,Loveland,CO,80537,Other,7218 ∑ Dues And Subscriptions
Senate District 15,"WOODWARD, ROB",Republican,207.14,2025-07-03 00:00:00,Rocky Mountain Voice,Centennial,CO,80112,Other,8100 ∑ Gifts & Donations
Senate District 15,"WOODWARD, ROB",Republican,2.0,2025-07-31 00:00:00,Firstbank North,Arvada,CO,80006,Other,7810 ∑ Service Charges
Senate District 15,"WOODWARD, ROB",Republican,2.0,2025-08-30 00:00:00,Firstbank North,Arvada,CO,80006,Other,7810 ∑ Service Charges
Senate District 15,"WOODWARD, ROB",Republican,18.0,2025-09-01 00:00:00,,,,,Other,7657 ∑ Vehicle Tolls And Parking
Senate District 15,"WOODWARD, ROB",Republican,50.0,2025-09-12 00:00:00,Capital One,City Of Industry,CA,91116,Other,7652 ∑ Vehicle Gas
Senate District 15,"WOODWARD, ROB",Republican,65.54,2025-09-12 00:00:00,Lazy Dog Restaurant,Westminster,CO,80023,Other,6890 ∑ Other Meeting Expense
Senate District 15,"WOODWARD, ROB",Republican,44.4,2025-09-12 00:00:00,Rob  Woodward,Redacted By Sos,CO,99999,Other,7653 ∑ Vehicle Mileage Reimbursement
Senate District 15,"WOODWARD, ROB",Republican,66.57,2025-09-16 00:00:00,Godaddy,Scottsdale,AZ,85260,Other,6410 ∑ Registration & Hosting
Senate District 15,"WOODWARD, ROB",Republican,10.94,2025-09-20 00:00:00,Usps,Thornton,CO,80229,Other,7214 ∑ Office Supplies
Senate District 15,"WOODWARD, ROB",Republican,288.0,2025-09-23 00:00:00,Sam'S Club Mastercard,Orlando,FL,32896,Other,7653 ∑ Vehicle Mileage Reimbursement
Senate District 15,"WOODWARD, ROB",Republican,2.0,2025-09-30 00:00:00,Firstbank North,Arvada,CO,80006,Other,7810 ∑ Service Charges
Senate District 15,"WOODWARD, ROB",Republican,10.0,2024-10-26 00:00:00,Godaddy,Scottsdale,AZ,85260,Other,Candidate Expense
Senate District 15,"WOODWARD, ROB",Republican,66.51,2024-10-26 00:00:00,Constant Contact,Walatham,MA,02457,Other,Candidate Expense
Senate District 15,"WOODWARD, ROB",Republican,50.0,2024-10-30 00:00:00,Polifi Llc,Fort Lupton,CO,80621,Consultant & Professional Services,
Senate District 15,"WOODWARD, ROB",Republican,6.0,2024-12-31 00:00:00,Firstbank North,Arvada,CO,80006,Bank Fees,"Oct, Nov And Dec Fees"
Senate District 15,"WOODWARD, ROB",Republican,18.3,2025-10-02 00:00:00,Anedot,Baton Rouge,LA,70801,Other,7820 ∑ Merchant Account Fees
Senate District 15,"WOODWARD, ROB",Republican,20.6,2025-10-06 00:00:00,Anedot,Baton Rouge,LA,70801,Other,7820 ∑ Merchant Account Fees
Senate District 15,"WOODWARD, ROB",Republican,1500.0,2025-10-08 00:00:00,Mjw & Associates Llc,Denver,CO,80202,Other,7410 ∑ General Consultants
Senate District 15,"WOODWARD, ROB",Republican,50.0,2025-10-09 00:00:00,"Sws Polifi, Llc",Fort Lupton,CO,80621,Other,7520 ∑ Accounting Fees
Senate District 15,"WOODWARD, ROB",Republican,2.0,2025-10-31 00:00:00,Firstbank North,Arvada,CO,80006,Other,7810 ∑ Service Charges
Senate District 15,"WOODWARD, ROB",Republican,6.3,2025-11-01 00:00:00,Anedot,Baton Rouge,LA,70801,Other,7820 ∑ Merchant Account Fees
Senate District 15,"WOODWARD, ROB",Republican,6.86,2025-11-05 00:00:00,Anedot,Baton Rouge,LA,70801,Other,7820 ∑ Merchant Account Fees
Senate District 15,"WOODWARD, ROB",Republican,26.95,2025-11-05 00:00:00,Costco,Timnath,CO,80547,Other,7214 ∑ Office Supplies
Senate District 15,"WOODWARD, ROB",Republican,326.88,2025-11-05 00:00:00,Loveland Sam'S Club,Loveland,CO,80537,Other,6213 ∑ Postage
Senate District 15,"WOODWARD, ROB",Republican,171.38,2025-11-05 00:00:00,Loveland Sam'S Club,Loveland,CO,80537,Other,6223 ∑ Postage
Senate District 15,"WOODWARD, ROB",Republican,42.95,2025-11-05 00:00:00,Office Depot,Loveland,CO,80538,Other,7214 ∑ Office Supplies
Senate District 15,"WOODWARD, ROB",Republican,189.0,2025-11-06 00:00:00,Colorado Politics,"Unknown, Unknown Unknown",,,Other,7218 ∑ Dues And Subscriptions
Senate District 15,"WOODWARD, ROB",Republican,622.0,2025-11-06 00:00:00,Loveland Sam'S Club,Loveland,CO,80537,Other,7215 ∑ Shipping & Postage
Senate District 15,"WOODWARD, ROB",Republican,18.3,2025-11-10 00:00:00,Anedot,Baton Rouge,LA,70801,Other,7820 ∑ Merchant Account Fees
Senate District 15,"WOODWARD, ROB",Republican,20.6,2025-11-11 00:00:00,Anedot,Baton Rouge,LA,70801,Other,7820 ∑ Merchant Account Fees
Senate District 15,"WOODWARD, ROB",Republican,12.3,2025-11-12 00:00:00,Anedot,Baton Rouge,LA,70801,Other,7820 ∑ Merchant Account Fees
Senate District 15,"WOODWARD, ROB",Republican,18.3,2025-11-15 00:00:00,Anedot,Baton Rouge,LA,70801,Other,7820 ∑ Merchant Account Fees
Senate District 15,"WOODWARD, ROB",Republican,16.3,2025-11-18 00:00:00,Anedot,Baton Rouge,LA,70801,Other,7820 ∑ Merchant Account Fees
Senate District 15,"WOODWARD, ROB",Republican,191.76,2025-11-26 00:00:00,Godaddy,Scottsdale,AZ,85260,Other,6410 ∑ Registration & Hosting
Senate District 15,"WOODWARD, ROB",Republican,18.3,2025-11-30 00:00:00,Anedot,Baton Rouge,LA,70801,Other,7820 ∑ Merchant Account Fees
Senate District 15,"WOODWARD, ROB",Republican,2.0,2025-11-30 00:00:00,Firstbank North,Arvada,CO,80006,Other,7810 ∑ Service Charges
Senate District 15,"WOODWARD, ROB",Republican,6500.0,2025-12-01 00:00:00,Mjw & Associates Llc,Denver,CO,80202,Other,7410 ∑ General Consultants
Senate District 15,"WOODWARD, ROB",Republican,4.3,2025-12-02 00:00:00,Anedot,Baton Rouge,LA,70801,Other,7820 ∑ Merchant Account Fees
Senate District 15,"WOODWARD, ROB",Republican,5.18,2025-12-05 00:00:00,Anedot,Baton Rouge,LA,70801,Other,7820 ∑ Merchant Account Fees
Senate District 15,"WOODWARD, ROB",Republican,4.3,2025-12-08 00:00:00,Anedot,Baton Rouge,LA,70801,Other,7820 ∑ Merchant Account Fees
Senate District 15,"WOODWARD, ROB",Republican,13.6,2025-12-14 00:00:00,Anedot,Baton Rouge,LA,70801,Other,7820 ∑ Merchant Account Fees
Senate District 15,"WOODWARD, ROB",Republican,18.3,2025-12-29 00:00:00,Anedot,Baton Rouge,LA,70801,Other,7820 ∑ Merchant Account Fees
Senate District 15,"WOODWARD, ROB",Republican,2.0,2025-12-31 00:00:00,Firstbank North,Arvada,CO,80006,Other,7810 ∑ Service Charges
Senate District 15,"WOODWARD, ROB",Republican,16.0,2023-02-28 00:00:00,Firstbank North,Arvada,CO,80006,Bank Fees,
Senate District 15,"WOODWARD, ROB",Republican,150.0,2023-03-08 00:00:00,The Business Journal,Charlotte,NC,28202,Miscellaneous,
Senate District 15,"WOODWARD, ROB",Republican,50.0,2023-04-04 00:00:00,Lincoln Club,Denver,CO,80246,Miscellaneous,Dues
Senate District 15,"WOODWARD, ROB",Republican,900.0,2023-05-07 00:00:00,Polifi Llc,Fort Lupton,CO,80621,Consultant & Professional Services,
Senate District 15,"WOODWARD, ROB",Republican,6.0,2023-06-30 00:00:00,Firstbank North,Arvada,CO,80006,Bank Fees,
Senate District 15,"WOODWARD, ROB",Republican,98.0,2023-07-23 00:00:00,Bizwest Newspaper,Fort Collins,CO,80524,Miscellaneous,Dues And Subscriptions
Senate District 15,"WOODWARD, ROB",Republican,50.0,2023-07-23 00:00:00,Polifi Llc,Fort Lupton,CO,80621,Consultant & Professional Services,
Senate District 15,"WOODWARD, ROB",Republican,6.0,2023-09-30 00:00:00,Firstbank North,Arvada,CO,80006,Bank Fees,
Senate District 15,"WOODWARD, ROB",Republican,1090.56,2022-12-09 00:00:00,Loveland Reporter Herald,Loveland,CO,80538,Miscellaneous,
Senate District 15,"WOODWARD, ROB",Republican,567.0,2022-12-09 00:00:00,Colorado Politics,Colorado Springs,CO,80918,Miscellaneous,
Senate District 15,"WOODWARD, ROB",Republican,50.0,2024-01-20 00:00:00,"Sws Polifi, Llc",Lafayette,CO,80026,Other,7520 ∑ Accounting Fees
Senate District 15,"WOODWARD, ROB",Republican,22.95,2024-01-21 00:00:00,Southwest Chase Card,Wilmington,DE,19886,Other,6410 ∑ Registration & Hosting
Senate District 15,"WOODWARD, ROB",Republican,80.0,2024-01-21 00:00:00,Southwest Chase Card,Wilmington,DE,19886,Other,6810 ∑ Registration Fees
Senate District 15,"WOODWARD, ROB",Republican,2.0,2024-01-31 00:00:00,Firstbank North,Arvada,CO,80006,Other,7810 ∑ Service Charges
Senate District 15,"WOODWARD, ROB",Republican,22.95,2024-02-22 00:00:00,Sitebuilder,Washington,DC,20006,Other,6410 ∑ Registration & Hosting
Senate District 15,"WOODWARD, ROB",Republican,189.64,2024-02-22 00:00:00,Sitebuilder,Washington,DC,20006,Other,6112 ∑ Production & Design
Senate District 15,"WOODWARD, ROB",Republican,30.0,2024-02-25 00:00:00,Lincoln Club,Denvver,CO,80246,Other,6810 ∑ Registration Fees
Senate District 15,"WOODWARD, ROB",Republican,2.0,2024-02-29 00:00:00,Firstbank North,Arvada,CO,80006,Other,7810 ∑ Service Charges
Senate District 15,"WOODWARD, ROB",Republican,2.0,2024-03-31 00:00:00,Firstbank North,Arvada,CO,80006,Other,7810 ∑ Service Charges
Senate District 15,"WOODWARD, ROB",Republican,218.11,2024-04-05 00:00:00,Rob  Woodward,Redacted By Sos,CO,99999,Other,7653 ∑ Vehicle Mileage Reimbursement
Senate District 15,"WOODWARD, ROB",Republican,427.76,2024-04-05 00:00:00,Springhill Suites,Pueblo,CO,81003,Other,7630 ∑ Lodging
Senate District 15,"WOODWARD, ROB",Republican,434.16,2024-04-06 00:00:00,Rob  Woodward,Redacted By Sos,CO,99999,Other,7640 ∑ Meals
Senate District 15,"WOODWARD, ROB",Republican,2.0,2024-04-30 00:00:00,Firstbank North,Arvada,CO,80006,Other,7810 ∑ Service Charges
Senate District 15,"WOODWARD, ROB",Republican,100.0,2024-05-22 00:00:00,Larimer County Republican Party,Ft. Collins,CO,80525,Other,7218 ∑ Dues And Subscriptions
Senate District 15,"WOODWARD, ROB",Republican,68.94,2024-05-22 00:00:00,Fca,Windsor,CO,80550,Other,6810 ∑ Registration Fees
Senate District 15,"WOODWARD, ROB",Republican,2.0,2024-05-31 00:00:00,Firstbank North,Arvada,CO,80006,Other,7810 ∑ Service Charges
Senate District 15,"WOODWARD, ROB",Republican,95.88,2024-06-23 00:00:00,Godaddy,Scottsdale,AZ,85260,Other,6410 ∑ Registration & Hosting
Senate District 15,"WOODWARD, ROB",Republican,2.0,2024-06-30 00:00:00,Firstbank North,Arvada,CO,80006,Other,7810 ∑ Service Charges
Senate District 15,"WOODWARD, ROB",Republican,100.0,2024-07-10 00:00:00,Polifi Llc,Fort Lupton,CO,80621,Consultant & Professional Services,
Senate District 15,"WOODWARD, ROB",Republican,119.0,2024-07-28 00:00:00,Bizwest Newspaper,Fort Collins,CO,80524,Miscellaneous,Subscription
Senate District 15,"WOODWARD, ROB",Republican,20.0,2024-07-28 00:00:00,Constant Contact,Waltham,MA,02451,Consultant & Professional Services,
Senate District 15,"WOODWARD, ROB",Republican,2077.7,2024-07-28 00:00:00,Hampton Inn,West Allis,WI,53214,Travel & Lodging,
Senate District 15,"WOODWARD, ROB",Republican,197.26,2024-07-28 00:00:00,Sam'S Club Mastercard,Orlando,FL,32896,"Food, Beverages and Meals",
Senate District 15,"WOODWARD, ROB",Republican,84.3,2024-07-28 00:00:00,Lyft,Little Canada,MN,55117,Travel & Lodging,Transportation
Senate District 15,"WOODWARD, ROB",Republican,38.28,2024-09-23 00:00:00,Godaddy,Scottsdale,AZ,85260,Consultant & Professional Services,Website Registration
Senate District 15,"WOODWARD, ROB",Republican,20.0,2024-09-23 00:00:00,Constant Contact,Waltham,MA,02451,Consultant & Professional Services,E-Mail Service
Senate District 15,"WOODWARD, ROB",Republican,6.0,2024-09-30 00:00:00,Firstbank North,Arvada,CO,80006,Bank Fees,
Senate District 15,"WOODWARD, ROB",Republican,66.51,2023-10-22 00:00:00,Godaddy,Scottsdale,AZ,85260,Other,6410 ∑ Registration & Hosting
Senate District 15,"WOODWARD, ROB",Republican,50.0,2023-10-22 00:00:00,"Sws Polifi, Llc",Lafayette,CO,80026,Other,7520 ∑ Accounting Fees
Senate District 15,"WOODWARD, ROB",Republican,2.0,2023-10-31 00:00:00,Firstbank North,Arvada,CO,80006,Other,7810 ∑ Service Charges
Senate District 15,"WOODWARD, ROB",Republican,200.0,2023-11-15 00:00:00,Colorado Republican Committee,Greenwood Village,CO,80111,Other,6810 ∑ Registration Fees
Senate District 15,"WOODWARD, ROB",Republican,11.7,2023-11-15 00:00:00,United Mileage Plus Chase Card Services,Palatine,IL,60094,Other,7820 ∑ Merchant Account Fees
Senate District 15,"WOODWARD, ROB",Republican,80.0,2023-11-24 00:00:00,Southwest Chase Card,Wilmington,DE,19886,Other,7890 ∑ Other Banking Fees
Senate District 15,"WOODWARD, ROB",Republican,200.0,2023-11-25 00:00:00,Colorado Republican Committee,Greenwood Village,CO,80111,Other,6810 ∑ Registration Fees
Senate District 15,"WOODWARD, ROB",Republican,2.0,2023-11-25 00:00:00,Firstbank North,Arvada,CO,80006,Other,7810 ∑ Service Charges
Senate District 15,"WOODWARD, ROB",Republican,143.76,2023-11-25 00:00:00,Godaddy,Scottsdale,AZ,85260,Other,6410 ∑ Registration & Hosting
Senate District 15,"WOODWARD, ROB",Republican,143.76,2023-11-25 00:00:00,Godaddy,Scottsdale,AZ,85260,Other,6410 ∑ Registration & Hosting
Senate District 15,"WOODWARD, ROB",Republican,454.8,2023-11-25 00:00:00,Sitebuilder,Washington,DC,20006,Other,6410 ∑ Registration & Hosting
Senate District 15,"WOODWARD, ROB",Republican,22.95,2023-11-25 00:00:00,Sitebuilder,Washington,DC,20006,Other,6410 ∑ Registration & Hosting
Senate District 15,"WOODWARD, ROB",Republican,17.43,2023-11-25 00:00:00,Sitebuilder,Washington,DC,20006,Other,6410 ∑ Registration & Hosting
Senate District 15,"WOODWARD, ROB",Republican,80.0,2023-11-27 00:00:00,Constant Contact,Waltham,MA,02451,Other,7350 ∑ Email Service
Senate District 15,"WOODWARD, ROB",Republican,80.0,2023-12-23 00:00:00,Constant Contact,Waltham,MA,02451,Other,7350 ∑ Email Service
Senate District 15,"WOODWARD, ROB",Republican,22.95,2023-12-23 00:00:00,Sitebuilder,Washington,DC,20006,Other,6410 ∑ Registration & Hosting
Senate District 15,"WOODWARD, ROB",Republican,2.0,2023-12-29 00:00:00,Firstbank North,Arvada,CO,80006,Other,7810 ∑ Service Charges
Senate District 17,"WALLACE, KATIE",Democratic,250.0,2025-05-29 00:00:00,Boulder County Democratic Party,Boulder,CO,80303,Advertising,
Senate District 17,"WALLACE, KATIE",Democratic,35.56,2025-06-15 00:00:00,Act Blue,Somerville,MA,02144,Bank Fees,
Senate District 17,"WALLACE, KATIE",Democratic,54.02,2025-06-25 00:00:00,Act Blue,Somerville,MA,02144,Bank Fees,
Senate District 17,"WALLACE, KATIE",Democratic,29.63,2025-07-13 00:00:00,Act Blue,Somerville,MA,02144,Bank Fees,
Senate District 17,"WALLACE, KATIE",Democratic,1.98,2025-07-20 00:00:00,Act Blue,Somerville,MA,02144,Bank Fees,
Senate District 17,"WALLACE, KATIE",Democratic,12.53,2025-07-27 00:00:00,Act Blue,Somerville,MA,02144,Bank Fees,
Senate District 17,"WALLACE, KATIE",Democratic,71.92,2025-08-03 00:00:00,Act Blue,Somerville,MA,02144,Bank Fees,
Senate District 17,"WALLACE, KATIE",Democratic,3.95,2025-08-10 00:00:00,Act Blue,Somerville,MA,02144,Bank Fees,
Senate District 17,"WALLACE, KATIE",Democratic,92.07,2025-08-17 00:00:00,Act Blue,Somerville,MA,02144,Bank Fees,
Senate District 17,"WALLACE, KATIE",Democratic,42.59,2025-08-24 00:00:00,Act Blue,Somerville,MA,02144,Bank Fees,
Senate District 17,"WALLACE, KATIE",Democratic,358.35,2025-08-25 00:00:00,Corazon Printing,Broomfield,CO,80020,Advertising,
Senate District 17,"WALLACE, KATIE",Democratic,101.37,2025-08-31 00:00:00,Act Blue,Somerville,MA,02144,Bank Fees,
Senate District 17,"WALLACE, KATIE",Democratic,140.0,2025-09-05 00:00:00,Ana  Shoemate,Denver,CO,80203,Consultant & Professional Services,
Senate District 17,"WALLACE, KATIE",Democratic,21.54,2025-09-07 00:00:00,Act Blue,Somerville,MA,02144,Bank Fees,
Senate District 17,"WALLACE, KATIE",Democratic,28.65,2025-09-14 00:00:00,Act Blue,Somerville,MA,02144,Bank Fees,
Senate District 17,"WALLACE, KATIE",Democratic,26.67,2025-09-21 00:00:00,Act Blue,Somerville,MA,02144,Bank Fees,
Senate District 17,"WALLACE, KATIE",Democratic,18.46,2025-09-28 00:00:00,Act Blue,Somerville,MA,02144,Bank Fees,
Senate District 17,"WALLACE, KATIE",Democratic,1.0,2025-12-03 00:00:00,First Bank,Longmont,CO,80501,Bank Fees,
Senate District 17,"WALLACE, KATIE",Democratic,2000.0,2025-12-06 00:00:00,Colorado Democratic Party,Denver,CO,80203,Consultant & Professional Services,
Senate District 17,"WALLACE, KATIE",Democratic,1875.0,2025-12-08 00:00:00,Colorado Democratic Party,Denver,CO,80203,Consultant & Professional Services,
Senate District 17,"WALLACE, KATIE",Democratic,150.0,2025-12-17 00:00:00,Ana  Shoemate,Denver,CO,80203,Consultant & Professional Services,
Senate District 20,"LIEDER, SHEILA",Democratic,20.59,2025-05-18 00:00:00,Actblue Technical Services,Boston,MA,02196,Fundraising Expenses,Card Processor Fees
Senate District 20,"LIEDER, SHEILA",Democratic,1715.0,2025-05-21 00:00:00,Kabza Media,Wheat Ridge,CO,80034,Advertising,Campaign Literature
Senate District 20,"LIEDER, SHEILA",Democratic,82.79,2025-05-25 00:00:00,Actblue Technical Services,Boston,MA,02196,Fundraising Expenses,Card Processor Fees
Senate District 20,"LIEDER, SHEILA",Democratic,38.75,2025-05-27 00:00:00,Colorado Cdle Famli,Denver,CO,80202,Employee Services,Famli+ Premium
Senate District 20,"LIEDER, SHEILA",Democratic,609.75,2025-05-29 00:00:00,Br Colorado Print Group,Denver,CO,80229,Advertising,Campaign Thank You Cards
Senate District 20,"LIEDER, SHEILA",Democratic,2.0,2025-05-30 00:00:00,Firstbank,Lakewood,CO,80215,Bank Fees,Card Fee
Senate District 20,"LIEDER, SHEILA",Democratic,17.83,2025-06-01 00:00:00,Actblue Technical Services,Boston,MA,02196,Fundraising Expenses,Card Processor Fees
Senate District 20,"LIEDER, SHEILA",Democratic,51.5,2025-06-02 00:00:00,Mailchimp,Atlanta,GA,30308,Advertising,Email Marketing Subscription
Senate District 20,"LIEDER, SHEILA",Democratic,3.95,2025-06-08 00:00:00,Actblue Technical Services,Boston,MA,02196,Fundraising Expenses,Card Processor Fees
Senate District 20,"LIEDER, SHEILA",Democratic,2.5,2025-06-09 00:00:00,Denver Parking,Denver,CO,80202,Travel & Lodging,Denver Parking
Senate District 20,"LIEDER, SHEILA",Democratic,2.97,2025-06-15 00:00:00,Actblue Technical Services,Boston,MA,02196,Fundraising Expenses,Card Processor Fees
Senate District 20,"LIEDER, SHEILA",Democratic,0.5,2025-06-20 00:00:00,Denver Parking,Denver,CO,80202,Travel & Lodging,Denver Parking
Senate District 20,"LIEDER, SHEILA",Democratic,2.97,2025-06-29 00:00:00,Actblue Technical Services,Boston,MA,02196,Fundraising Expenses,Card Processor Fees
Senate District 20,"LIEDER, SHEILA",Democratic,2.0,2025-06-30 00:00:00,Firstbank,Lakewood,CO,80215,Bank Fees,Card Fee
Senate District 20,"LIEDER, SHEILA",Democratic,4.94,2025-06-30 00:00:00,Actblue Technical Services,Boston,MA,02196,Fundraising Expenses,Card Processor Fees
Senate District 20,"LIEDER, SHEILA",Democratic,51.5,2025-07-01 00:00:00,Mailchimp,Atlanta,GA,30308,Advertising,Email Marketing Subscription
Senate District 20,"LIEDER, SHEILA",Democratic,200.0,2025-07-09 00:00:00,Practical Campaign Services,Centennial,CO,80122,Consultant & Professional Services,Consulting Services
Senate District 20,"LIEDER, SHEILA",Democratic,2.0,2025-07-11 00:00:00,Denver Parking,Denver,CO,80202,Travel & Lodging,Denver Parking
Senate District 20,"LIEDER, SHEILA",Democratic,10.95,2025-07-13 00:00:00,Actblue Technical Services,Boston,MA,02196,Fundraising Expenses,Card Processor Fees
Senate District 20,"LIEDER, SHEILA",Democratic,114.22,2025-07-17 00:00:00,Corazon Printing,Broomfield,CO,80010,Advertising,Literature Printing
Senate District 20,"LIEDER, SHEILA",Democratic,2.0,2025-07-18 00:00:00,Denver Parking,Denver,CO,80202,Travel & Lodging,Parking Meter
Senate District 20,"LIEDER, SHEILA",Democratic,128.68,2025-07-20 00:00:00,Actblue Technical Services,Boston,MA,02196,Bank Fees,
Senate District 20,"LIEDER, SHEILA",Democratic,123.64,2025-07-21 00:00:00,The Rusty Bucket Bar And Grill,Lakewood,CO,80227,"Food, Beverages and Meals",Kick Off Food And Drink
Senate District 20,"LIEDER, SHEILA",Democratic,17.78,2025-07-27 00:00:00,Actblue Technical Services,Boston,MA,02196,Bank Fees,
Senate District 20,"LIEDER, SHEILA",Democratic,2.0,2025-07-31 00:00:00,Firstbank,Lakewood,CO,80215,Bank Fees,Card Fee
Senate District 20,"LIEDER, SHEILA",Democratic,51.5,2025-08-01 00:00:00,Mailchimp,Atlanta,GA,30308,Advertising,Email Marketing Tools
Senate District 20,"LIEDER, SHEILA",Democratic,50.0,2025-08-01 00:00:00,Colorado Secretary Of State,Denver,CO,80290,Miscellaneous,Penalty
Senate District 20,"LIEDER, SHEILA",Democratic,0.04,2025-08-03 00:00:00,Actblue Technical Services,Boston,MA,02196,Bank Fees,
Senate District 20,"LIEDER, SHEILA",Democratic,45.0,2025-08-04 00:00:00,Squarespace,New York,NY,10014,Advertising,Domain Registrations
Senate District 20,"LIEDER, SHEILA",Democratic,19.76,2025-08-10 00:00:00,Actblue Technical Services,Boston,MA,02196,Bank Fees,
Senate District 20,"LIEDER, SHEILA",Democratic,0.6,2025-08-24 00:00:00,Actblue Technical Services,Boston,MA,02196,Bank Fees,
Senate District 20,"LIEDER, SHEILA",Democratic,2.0,2025-08-29 00:00:00,Firstbank,Lakewood,CO,80215,Bank Fees,Card Fee
Senate District 20,"LIEDER, SHEILA",Democratic,51.5,2025-09-02 00:00:00,Mailchimp,Atlanta,GA,30308,Advertising,Email Marketing Tools
Senate District 20,"LIEDER, SHEILA",Democratic,3.29,2025-09-07 00:00:00,Actblue Technical Services,Boston,MA,02196,Bank Fees,
Senate District 20,"LIEDER, SHEILA",Democratic,299.84,2025-09-12 00:00:00,Office Depot,Lakewood,CO,80226,Office Equipment & Supplies,Office Supplies
Senate District 20,"LIEDER, SHEILA",Democratic,3.95,2025-09-14 00:00:00,Actblue Technical Services,Boston,MA,02196,Bank Fees,
Senate District 20,"LIEDER, SHEILA",Democratic,2.0,2025-09-15 00:00:00,Denver Parking,Denver,CO,80202,Travel & Lodging,Parking Meter
Senate District 20,"LIEDER, SHEILA",Democratic,1.43,2025-09-21 00:00:00,Actblue Technical Services,Boston,MA,02196,Bank Fees,
Senate District 20,"LIEDER, SHEILA",Democratic,11.86,2025-09-28 00:00:00,Actblue Technical Services,Boston,MA,02196,Bank Fees,
Senate District 20,"LIEDER, SHEILA",Democratic,21.75,2025-09-30 00:00:00,Actblue Technical Services,Boston,MA,02196,Bank Fees,
Senate District 20,"LIEDER, SHEILA",Democratic,2.0,2025-09-30 00:00:00,Firstbank,Lakewood,CO,80215,Bank Fees,Card Fee
Senate District 20,"LIEDER, SHEILA",Democratic,51.5,2025-10-01 00:00:00,Mailchimp,Atlanta,GA,30308,Advertising,Email Marketing
Senate District 20,"LIEDER, SHEILA",Democratic,8.3,2025-10-05 00:00:00,Actblue Technical Services,Boston,MA,02196,Bank Fees,
Senate District 20,"LIEDER, SHEILA",Democratic,0.99,2025-10-12 00:00:00,Actblue Technical Services,Boston,MA,02196,Bank Fees,
Senate District 20,"LIEDER, SHEILA",Democratic,100.0,2025-10-14 00:00:00,Squarespace,New York,NY,10014,Advertising,Web Services
Senate District 20,"LIEDER, SHEILA",Democratic,60.11,2025-10-17 00:00:00,"Amazon, Inc.",Seattle,WA,98109,Office Equipment & Supplies,Campaign Field Supplies
Senate District 20,"LIEDER, SHEILA",Democratic,215.84,2025-10-17 00:00:00,"Amazon, Inc.",Seattle,WA,98109,Office Equipment & Supplies,Campaign Field Supplies
Senate District 20,"LIEDER, SHEILA",Democratic,18.38,2025-10-19 00:00:00,Actblue Technical Services,Boston,MA,02196,Fundraising Expenses,Donor Processing Fees
Senate District 20,"LIEDER, SHEILA",Democratic,1.98,2025-10-27 00:00:00,Actblue Technical Services,Boston,MA,02196,Fundraising Expenses,Donor Processing Fees
Senate District 20,"LIEDER, SHEILA",Democratic,51.5,2025-10-31 00:00:00,Mailchimp,Atlanta,GA,30308,Advertising,Email Marketing
Senate District 20,"LIEDER, SHEILA",Democratic,2.0,2025-10-31 00:00:00,Firstbank,Lakewood,CO,80215,Bank Fees,Bank Service Fee
Senate District 20,"LIEDER, SHEILA",Democratic,4.94,2025-11-02 00:00:00,Actblue Technical Services,Boston,MA,02196,Fundraising Expenses,Donor Processing Fees
Senate District 20,"LIEDER, SHEILA",Democratic,103.74,2025-11-05 00:00:00,"Microsoft, Inc.",Redmond,WA,98052,Office Equipment & Supplies,Office Suite
Senate District 20,"LIEDER, SHEILA",Democratic,99.99,2025-11-05 00:00:00,"Microsoft, Inc.",Redmond,WA,98052,Office Equipment & Supplies,Onedrive Subscription
Senate District 20,"LIEDER, SHEILA",Democratic,7.9,2025-11-09 00:00:00,Actblue Technical Services,Boston,MA,02196,Fundraising Expenses,Donor Processing Fees
Senate District 20,"LIEDER, SHEILA",Democratic,148.95,2025-11-10 00:00:00,Costco Wholesale,Littleton,CO,80123,"Food, Beverages and Meals",Campaign Field Supplies
Senate District 20,"LIEDER, SHEILA",Democratic,276.0,2025-11-14 00:00:00,Squarespace,New York,NY,10014,Advertising,Web Services
Senate District 20,"LIEDER, SHEILA",Democratic,0.6,2025-11-23 00:00:00,Actblue Technical Services,Boston,MA,02196,Fundraising Expenses,Donor Processing Fees
Senate District 20,"LIEDER, SHEILA",Democratic,2.0,2025-11-28 00:00:00,Firstbank,Lakewood,CO,80215,Bank Fees,Bank Service Fee
Senate District 20,"LIEDER, SHEILA",Democratic,1.98,2025-11-30 00:00:00,Actblue Technical Services,Boston,MA,02196,Fundraising Expenses,Donor Processing Fees
Senate District 20,"LIEDER, SHEILA",Democratic,51.5,2025-12-01 00:00:00,Mailchimp,Atlanta,GA,30308,Advertising,Email Marketing
Senate District 20,"LIEDER, SHEILA",Democratic,0.99,2025-12-14 00:00:00,Actblue Technical Services,Boston,MA,02196,Fundraising Expenses,Donor Processing Fees
Senate District 20,"LIEDER, SHEILA",Democratic,865.4,2025-12-16 00:00:00,Colorado Democratic Party,Denver,CO,80203,Advertising,Voter File Access
Senate District 20,"LIEDER, SHEILA",Democratic,5.54,2025-12-21 00:00:00,Actblue Technical Services,Boston,MA,02196,Fundraising Expenses,Donor Processing Fees
Senate District 20,"LIEDER, SHEILA",Democratic,4.03,2025-12-28 00:00:00,Actblue Technical Services,Boston,MA,02196,Fundraising Expenses,Donor Processing Fees
Senate District 20,"LIEDER, SHEILA",Democratic,158.05,2025-12-31 00:00:00,Actblue Technical Services,Boston,MA,02196,Fundraising Expenses,Donor Processing Fees
Senate District 20,"LIEDER, SHEILA",Democratic,51.5,2025-12-31 00:00:00,Mailchimp,Atlanta,GA,30308,Advertising,Email Marketing
Senate District 20,"LIEDER, SHEILA",Democratic,2.0,2025-12-31 00:00:00,Firstbank,Lakewood,CO,80215,Bank Fees,Bank Service Fee
Senate District 20,"MANCUSO, RICHARD",Republican,,,,,,,,
Senate District 21,"ALFRED, FREDERICK",Republican,,,,,,,,
Senate District 21,"BENAVIDEZ, ADRIENNE",Democratic,,,,,,,,
Senate District 21,"RYCKMAN, ALEX",Democratic,,,,,,,,
Senate District 21,"SCANLON, MICHAEL",Democratic,,,,,,,,
Senate District 22,"DURAN, MONICA",Democratic,14.4,2025-01-02 00:00:00,Google,Mountain View,CA,94043,Office Equipment & Supplies,Email Services
Senate District 22,"DURAN, MONICA",Democratic,150.0,2025-01-03 00:00:00,Colorado Media,Englewood,CO,80110,Advertising,
Senate District 22,"DURAN, MONICA",Democratic,157.48,2025-01-05 00:00:00,Actblue,Somerville,MA,02144,Fundraising Expenses,
Senate District 22,"DURAN, MONICA",Democratic,6.0,2025-01-08 00:00:00,,,,,Other,Parking
Senate District 22,"DURAN, MONICA",Democratic,41.0,2025-01-08 00:00:00,La Popular Denver,Denver,CO,80205,"Food, Beverages and Meals",
Senate District 22,"DURAN, MONICA",Democratic,17.27,2025-01-08 00:00:00,Zoom,San Jose,CA,95113,Office Equipment & Supplies,Teleconferencing Services
Senate District 22,"DURAN, MONICA",Democratic,218.31,2025-01-12 00:00:00,Actblue,Somerville,MA,02144,Fundraising Expenses,
Senate District 22,"DURAN, MONICA",Democratic,63.0,2025-01-15 00:00:00,Mailchimp,Atlanta,GA,30308,Office Equipment & Supplies,Email Services
Senate District 22,"DURAN, MONICA",Democratic,11.99,2025-01-21 00:00:00,Denver Post,Denver,CO,80216,Office Equipment & Supplies,Online Subscription
Senate District 22,"DURAN, MONICA",Democratic,44.92,2025-01-24 00:00:00,Subculture,Denver,CO,80203,"Food, Beverages and Meals",
Senate District 22,"DURAN, MONICA",Democratic,1.62,2025-01-26 00:00:00,Actblue,Somerville,MA,02144,Fundraising Expenses,
Senate District 22,"DURAN, MONICA",Democratic,34.0,2025-01-27 00:00:00,Wix,New York,NY,10014,Office Equipment & Supplies,Website
Senate District 22,"DURAN, MONICA",Democratic,34.38,2025-01-30 00:00:00,Bourbon Grill,Denver,CO,80203,"Food, Beverages and Meals",
Senate District 22,"DURAN, MONICA",Democratic,2.0,2025-01-31 00:00:00,,,,,Bank Fees,
Senate District 22,"DURAN, MONICA",Democratic,531.25,2025-02-02 00:00:00,Rkg Development,Superior,CO,80027,Consultant & Professional Services,Compliance Services
Senate District 22,"DURAN, MONICA",Democratic,14.4,2025-02-03 00:00:00,Google,Mountain View,CA,94043,Office Equipment & Supplies,Email Services
Senate District 22,"DURAN, MONICA",Democratic,13.21,2025-02-06 00:00:00,Subculture,Denver,CO,80203,"Food, Beverages and Meals",
Senate District 22,"DURAN, MONICA",Democratic,17.27,2025-02-10 00:00:00,Zoom,San Jose,CA,95113,Office Equipment & Supplies,Teleconferencing Services
Senate District 22,"DURAN, MONICA",Democratic,48.19,2025-02-13 00:00:00,Door Dash,San Francisco,CA,94107,"Food, Beverages and Meals",
Senate District 22,"DURAN, MONICA",Democratic,63.0,2025-02-18 00:00:00,Mailchimp,Atlanta,GA,30308,Office Equipment & Supplies,Email Services
Senate District 22,"DURAN, MONICA",Democratic,11.99,2025-02-19 00:00:00,Denver Post,Denver,CO,80216,Office Equipment & Supplies,Online Subscription
Senate District 22,"DURAN, MONICA",Democratic,147.33,2025-02-20 00:00:00,Door Dash,San Francisco,CA,94107,"Food, Beverages and Meals",
Senate District 22,"DURAN, MONICA",Democratic,2125.0,2025-02-23 00:00:00,Emily  Funk,Lakewood,CO,80232,Consultant & Professional Services,Campaign Coordinator
Senate District 22,"DURAN, MONICA",Democratic,1750.0,2025-02-23 00:00:00,Kabza Media,Wheat Ridge,CO,80034,Consultant & Professional Services,General Consulting And Logo Design
Senate District 22,"DURAN, MONICA",Democratic,247.9,2025-02-23 00:00:00,Kabza Media,Wheat Ridge,CO,80034,Office Equipment & Supplies,Domain Fees
Senate District 22,"DURAN, MONICA",Democratic,2.0,2025-02-28 00:00:00,,,,,Bank Fees,
Senate District 22,"DURAN, MONICA",Democratic,14.4,2025-03-03 00:00:00,Google,Mountain View,CA,94043,Office Equipment & Supplies,
Senate District 22,"DURAN, MONICA",Democratic,34.0,2025-03-03 00:00:00,Wix,New York,NY,10014,Office Equipment & Supplies,Website
Senate District 22,"DURAN, MONICA",Democratic,500.0,2025-03-04 00:00:00,Rkg Development,Superior,CO,80027,Consultant & Professional Services,Compliance Services
Senate District 22,"DURAN, MONICA",Democratic,979.28,2025-03-06 00:00:00,La Popular Denver,Denver,CO,80205,"Food, Beverages and Meals",
Senate District 22,"DURAN, MONICA",Democratic,0.2,2025-03-09 00:00:00,Actblue,Somerville,MA,02144,Fundraising Expenses,
Senate District 22,"DURAN, MONICA",Democratic,17.27,2025-03-10 00:00:00,Zoom,San Jose,CA,95113,Office Equipment & Supplies,Teleconferencing Services
Senate District 22,"DURAN, MONICA",Democratic,65.21,2025-03-17 00:00:00,Mailchimp,Atlanta,GA,30308,Office Equipment & Supplies,Email Services
Senate District 22,"DURAN, MONICA",Democratic,28.15,2025-03-19 00:00:00,Denver Post,Denver,CO,80216,Office Equipment & Supplies,Online Subscription
Senate District 22,"DURAN, MONICA",Democratic,34.0,2025-03-27 00:00:00,Wix,New York,NY,10014,Office Equipment & Supplies,Website
Senate District 22,"DURAN, MONICA",Democratic,70.16,2025-03-28 00:00:00,Amazon,Seattle,WA,98109,Office Equipment & Supplies,
Senate District 22,"DURAN, MONICA",Democratic,52.1,2025-03-28 00:00:00,Amazon,Seattle,WA,98109,Office Equipment & Supplies,
Senate District 22,"DURAN, MONICA",Democratic,1198.75,2025-03-28 00:00:00,Lifestyle Photography,Arvada,CO,80005,Consultant & Professional Services,
Senate District 22,"DURAN, MONICA",Democratic,2.0,2025-03-31 00:00:00,,,,,Bank Fees,
Senate District 22,"DURAN, MONICA",Democratic,14.4,2025-04-02 00:00:00,Google,Mountain View,CA,94043,Office Equipment & Supplies,Email Services
Senate District 22,"DURAN, MONICA",Democratic,500.0,2025-04-05 00:00:00,Rkg Development,Superior,CO,80027,Consultant & Professional Services,Compliance Consulting
Senate District 22,"DURAN, MONICA",Democratic,17.27,2025-04-08 00:00:00,Zoom,San Jose,CA,95113,Office Equipment & Supplies,Teleconferencing Services
Senate District 22,"DURAN, MONICA",Democratic,0.2,2025-04-13 00:00:00,Actblue,Somerville,MA,02144,Fundraising Expenses,
Senate District 22,"DURAN, MONICA",Democratic,286.65,2025-04-14 00:00:00,Amazon,Seattle,WA,98109,Office Equipment & Supplies,
Senate District 22,"DURAN, MONICA",Democratic,55.89,2025-04-15 00:00:00,Mailchimp,Atlanta,GA,30308,Office Equipment & Supplies,
Senate District 22,"DURAN, MONICA",Democratic,148.91,2025-04-15 00:00:00,Amazon,Seattle,WA,98109,Office Equipment & Supplies,
Senate District 22,"DURAN, MONICA",Democratic,28.15,2025-04-18 00:00:00,Denver Post,Denver,CO,80216,Office Equipment & Supplies,Online Subscription
Senate District 22,"DURAN, MONICA",Democratic,36.0,2025-04-28 00:00:00,Wix,New York,NY,10014,Office Equipment & Supplies,Website
Senate District 22,"DURAN, MONICA",Democratic,325.0,2025-04-28 00:00:00,Vanessa  Reilley,Denver,CO,80203,Other,Auction Item
Senate District 22,"DURAN, MONICA",Democratic,67.87,2025-04-28 00:00:00,Subculture,Denver,CO,80203,"Food, Beverages and Meals",
Senate District 22,"DURAN, MONICA",Democratic,2.0,2025-04-30 00:00:00,,,,,Bank Fees,
Senate District 22,"DURAN, MONICA",Democratic,14.4,2025-05-02 00:00:00,Google,Mountain View,CA,94043,Office Equipment & Supplies,
Senate District 22,"DURAN, MONICA",Democratic,1000.0,2025-05-05 00:00:00,Regina  Kelbe,Lakewood,CO,80228,Consultant & Professional Services,
Senate District 22,"DURAN, MONICA",Democratic,134.41,2025-05-05 00:00:00,Door Dash,San Francisco,CA,94107,"Food, Beverages and Meals",
Senate District 22,"DURAN, MONICA",Democratic,17.27,2025-05-08 00:00:00,Zoom,San Jose,CA,95113,Office Equipment & Supplies,Teleconferencing Services
Senate District 22,"DURAN, MONICA",Democratic,500.0,2025-05-09 00:00:00,Rkg Development,Superior,CO,80027,Consultant & Professional Services,Compliance Consulting
Senate District 22,"DURAN, MONICA",Democratic,0.2,2025-05-11 00:00:00,Actblue,Somerville,MA,02144,Fundraising Expenses,
Senate District 22,"DURAN, MONICA",Democratic,500.0,2025-05-12 00:00:00,Christian  Romero,Pueblo,CO,81005,Consultant & Professional Services,
Senate District 22,"DURAN, MONICA",Democratic,55.89,2025-05-15 00:00:00,Mailchimp,Atlanta,GA,30308,Office Equipment & Supplies,
Senate District 22,"DURAN, MONICA",Democratic,3875.0,2025-05-15 00:00:00,Colorado Democratic Party,Denver,CO,80203,Contributions,House Majority Project
Senate District 22,"DURAN, MONICA",Democratic,57.91,2025-05-16 00:00:00,First Watch,Wheat Ridge,CO,80033,"Food, Beverages and Meals",
Senate District 22,"DURAN, MONICA",Democratic,28.15,2025-05-21 00:00:00,Denver Post,Denver,CO,80216,Office Equipment & Supplies,Online Subscription
Senate District 22,"DURAN, MONICA",Democratic,17.78,2025-05-25 00:00:00,Actblue,Somerville,MA,02144,Fundraising Expenses,
Senate District 22,"DURAN, MONICA",Democratic,36.0,2025-05-27 00:00:00,Wix,New York,NY,10014,Office Equipment & Supplies,Website
Senate District 22,"DURAN, MONICA",Democratic,6.07,2025-05-30 00:00:00,Stylus And Crate,Wheat Ridge,CO,80033,"Food, Beverages and Meals",
Senate District 22,"DURAN, MONICA",Democratic,2.0,2025-05-30 00:00:00,,,,,Bank Fees,
Senate District 22,"DURAN, MONICA",Democratic,17.78,2025-06-01 00:00:00,Actblue,Somerville,MA,02144,Fundraising Expenses,
Senate District 22,"DURAN, MONICA",Democratic,14.4,2025-06-02 00:00:00,Google,Mountain View,CA,94043,Office Equipment & Supplies,Email Services
Senate District 22,"DURAN, MONICA",Democratic,17.94,2025-06-04 00:00:00,Stylus And Crate,Wheat Ridge,CO,80033,"Food, Beverages and Meals",
Senate District 22,"DURAN, MONICA",Democratic,7.98,2025-06-05 00:00:00,,,,,"Food, Beverages and Meals",
Senate District 22,"DURAN, MONICA",Democratic,8.28,2025-06-05 00:00:00,Stylus And Crate,Wheat Ridge,CO,80033,"Food, Beverages and Meals",
Senate District 22,"DURAN, MONICA",Democratic,16.28,2025-06-06 00:00:00,Stylus And Crate,Wheat Ridge,CO,80033,"Food, Beverages and Meals",
Senate District 22,"DURAN, MONICA",Democratic,500.0,2025-06-06 00:00:00,Rkg Development,Superior,CO,80027,Consultant & Professional Services,Compliance Consultant
Senate District 22,"DURAN, MONICA",Democratic,0.2,2025-06-08 00:00:00,Actblue,Somerville,MA,02144,Fundraising Expenses,
Senate District 22,"DURAN, MONICA",Democratic,18.34,2025-06-09 00:00:00,Zoom,San Jose,CA,95113,Office Equipment & Supplies,Teleconferencing Services
Senate District 22,"DURAN, MONICA",Democratic,11.04,2025-06-09 00:00:00,Stylus And Crate,Wheat Ridge,CO,80033,"Food, Beverages and Meals",
Senate District 22,"DURAN, MONICA",Democratic,58.82,2025-06-10 00:00:00,First Watch,Wheat Ridge,CO,80033,"Food, Beverages and Meals",
Senate District 22,"DURAN, MONICA",Democratic,4.17,2025-06-11 00:00:00,Village Roaster Coffee And Tea,Lakewood,CO,80226,"Food, Beverages and Meals",
Senate District 22,"DURAN, MONICA",Democratic,12.78,2025-06-11 00:00:00,Village Roaster Coffee And Tea,Lakewood,CO,80226,"Food, Beverages and Meals",
Senate District 22,"DURAN, MONICA",Democratic,16.06,2025-06-11 00:00:00,Village Roaster Coffee And Tea,Lakewood,CO,80226,"Food, Beverages and Meals",
Senate District 22,"DURAN, MONICA",Democratic,12.14,2025-06-13 00:00:00,Stylus And Crate,Wheat Ridge,CO,80033,"Food, Beverages and Meals",
Senate District 22,"DURAN, MONICA",Democratic,47.42,2025-06-15 00:00:00,Actblue,Somerville,MA,02144,Fundraising Expenses,
Senate District 22,"DURAN, MONICA",Democratic,55.89,2025-06-16 00:00:00,Mailchimp,Atlanta,GA,30308,Office Equipment & Supplies,
Senate District 22,"DURAN, MONICA",Democratic,14.25,2025-06-18 00:00:00,,,,,"Food, Beverages and Meals",
Senate District 22,"DURAN, MONICA",Democratic,28.15,2025-06-18 00:00:00,Denver Post,Denver,CO,80216,Office Equipment & Supplies,Online Subscription
Senate District 22,"DURAN, MONICA",Democratic,394.5,2025-06-20 00:00:00,Steamboat Grand,Steamboat Springs,CO,80487,Travel & Lodging,
Senate District 22,"DURAN, MONICA",Democratic,39.19,2025-06-20 00:00:00,Ruperts On The Edge,Edgewater,CO,80214,"Food, Beverages and Meals",
Senate District 22,"DURAN, MONICA",Democratic,21.32,2025-06-22 00:00:00,Actblue,Somerville,MA,02144,Fundraising Expenses,
Senate District 22,"DURAN, MONICA",Democratic,27.86,2025-06-23 00:00:00,Mountain Milk Coffee,Wheat Ridge,CO,80033,"Food, Beverages and Meals",
Senate District 22,"DURAN, MONICA",Democratic,79.06,2025-06-25 00:00:00,Colorado Plus Brew Pub And Taphouse,Wheat Ridge,CO,80033,"Food, Beverages and Meals",
Senate District 22,"DURAN, MONICA",Democratic,36.0,2025-06-26 00:00:00,Wix,New York,NY,10014,Office Equipment & Supplies,Website
Senate District 22,"DURAN, MONICA",Democratic,16.82,2025-06-29 00:00:00,Actblue,Somerville,MA,02144,Fundraising Expenses,
Senate District 22,"DURAN, MONICA",Democratic,75.08,2025-06-30 00:00:00,Actblue,Somerville,MA,02144,Fundraising Expenses,
Senate District 22,"DURAN, MONICA",Democratic,2.0,2025-06-30 00:00:00,,,,,Bank Fees,
Senate District 22,"DURAN, MONICA",Democratic,16.17,2025-07-01 00:00:00,Google,Mountain View,CA,94043,Office Equipment & Supplies,Email Services
Senate District 22,"DURAN, MONICA",Democratic,500.0,2025-07-02 00:00:00,Rkg Development,Superior,CO,80027,Consultant & Professional Services,Compliance Consulting
Senate District 22,"DURAN, MONICA",Democratic,431.25,2025-07-02 00:00:00,The Sunday Strategist,Denver,CO,20007,Office Equipment & Supplies,Website Services
Senate District 22,"DURAN, MONICA",Democratic,7.9,2025-07-06 00:00:00,Actblue,Somerville,MA,02144,Fundraising Expenses,
Senate District 22,"DURAN, MONICA",Democratic,18.34,2025-07-08 00:00:00,Zoom,San Jose,CA,95113,Office Equipment & Supplies,Teleconferencing Services
Senate District 22,"DURAN, MONICA",Democratic,5.32,2025-07-11 00:00:00,Stylus And Crate,Wheat Ridge,CO,80033,"Food, Beverages and Meals",
Senate District 22,"DURAN, MONICA",Democratic,11.17,2025-07-11 00:00:00,Stylus And Crate,Wheat Ridge,CO,80033,"Food, Beverages and Meals",
Senate District 22,"DURAN, MONICA",Democratic,9.75,2025-07-11 00:00:00,Sweet Bloom Coffee- Arvada,Arvada,CO,80003,"Food, Beverages and Meals",
Senate District 22,"DURAN, MONICA",Democratic,0.2,2025-07-13 00:00:00,Actblue,Somerville,MA,02144,Fundraising Expenses,
Senate District 22,"DURAN, MONICA",Democratic,16.0,2025-07-14 00:00:00,,,,,Other,Parking
Senate District 22,"DURAN, MONICA",Democratic,4.0,2025-07-14 00:00:00,,,,,Other,Parking
Senate District 22,"DURAN, MONICA",Democratic,55.89,2025-07-15 00:00:00,Mailchimp,Atlanta,GA,30308,Office Equipment & Supplies,Email Services
Senate District 22,"DURAN, MONICA",Democratic,16.49,2025-07-16 00:00:00,Stylus And Crate,Wheat Ridge,CO,80033,"Food, Beverages and Meals",
Senate District 22,"DURAN, MONICA",Democratic,69.04,2025-07-17 00:00:00,Abrusci'S Fire & Vine,Lakewood,CO,80215,"Food, Beverages and Meals",
Senate District 22,"DURAN, MONICA",Democratic,598.79,2025-07-17 00:00:00,New Image Brewing,Wheat Ridge,CO,80033,"Food, Beverages and Meals",
Senate District 22,"DURAN, MONICA",Democratic,28.15,2025-07-18 00:00:00,Denver Post,Denver,CO,80216,Office Equipment & Supplies,Online Subscription
Senate District 22,"DURAN, MONICA",Democratic,382.62,2025-07-18 00:00:00,Steamboat Grand,Steamboat Springs,CO,80487,Travel & Lodging,
Senate District 22,"DURAN, MONICA",Democratic,-3.31,2025-07-20 00:00:00,Actblue,Somerville,MA,02144,Returned Expenditure,Returned Expenditure
Senate District 22,"DURAN, MONICA",Democratic,2000.0,2025-07-21 00:00:00,Partners Of Youth In Ag,Steamboat Springs,CO,80477,Contributions,
Senate District 22,"DURAN, MONICA",Democratic,175.0,2025-07-22 00:00:00,Christian  Romero,Pueblo,CO,81005,Consultant & Professional Services,
Senate District 22,"DURAN, MONICA",Democratic,54.72,2025-07-24 00:00:00,Clancy'S Irish Pub,Wheat Ridge,CO,80033,"Food, Beverages and Meals",
Senate District 22,"DURAN, MONICA",Democratic,4.35,2025-07-27 00:00:00,Actblue,Somerville,MA,02144,Fundraising Expenses,Credit Card Processing Fee
Senate District 22,"DURAN, MONICA",Democratic,-394.5,2025-07-28 00:00:00,Steamboat Grand,Steamboat Springs,CO,80487,Returned Expenditure,Refunded Expenditure
Senate District 22,"DURAN, MONICA",Democratic,168.74,2025-07-28 00:00:00,Amazon,Seattle,WA,98109,Office Equipment & Supplies,
Senate District 22,"DURAN, MONICA",Democratic,26.46,2025-07-28 00:00:00,The Rusty Bucket Bar And Grill,Lakewood,CO,80227,"Food, Beverages and Meals",
Senate District 22,"DURAN, MONICA",Democratic,-345.74,2025-07-28 00:00:00,Steamboat Grand,Steamboat Springs,CO,80487,Returned Expenditure,Refunded Expenditure
Senate District 22,"DURAN, MONICA",Democratic,36.0,2025-07-28 00:00:00,Wix,New York,NY,10014,Office Equipment & Supplies,Website Services
Senate District 22,"DURAN, MONICA",Democratic,2.0,2025-07-31 00:00:00,,,,,Bank Fees,
Senate District 22,"DURAN, MONICA",Democratic,14.4,2025-08-01 00:00:00,Google,Mountain View,CA,94043,Office Equipment & Supplies,Email Services
Senate District 22,"DURAN, MONICA",Democratic,500.0,2025-08-02 00:00:00,Rkg Development,Superior,CO,80027,Consultant & Professional Services,Compliance Consulting
Senate District 22,"DURAN, MONICA",Democratic,17.78,2025-08-03 00:00:00,Actblue,Somerville,MA,02144,Fundraising Expenses,
Senate District 22,"DURAN, MONICA",Democratic,19.62,2025-08-06 00:00:00,Stylus And Crate,Wheat Ridge,CO,80033,"Food, Beverages and Meals",
Senate District 22,"DURAN, MONICA",Democratic,22.54,2025-08-07 00:00:00,Clancy'S Irish Pub,Wheat Ridge,CO,80033,"Food, Beverages and Meals",
Senate District 22,"DURAN, MONICA",Democratic,18.34,2025-08-08 00:00:00,Zoom,San Jose,CA,95113,Office Equipment & Supplies,Teleconferencing Services
Senate District 22,"DURAN, MONICA",Democratic,10.95,2025-08-10 00:00:00,Actblue,Somerville,MA,02144,Fundraising Expenses,
Senate District 22,"DURAN, MONICA",Democratic,55.89,2025-08-15 00:00:00,Mailchimp,Atlanta,GA,30308,Office Equipment & Supplies,Email Services
Senate District 22,"DURAN, MONICA",Democratic,40.99,2025-08-17 00:00:00,Actblue,Somerville,MA,02144,Fundraising Expenses,
Senate District 22,"DURAN, MONICA",Democratic,28.15,2025-08-18 00:00:00,Denver Post,Denver,CO,80216,Office Equipment & Supplies,Online Subscription
Senate District 22,"DURAN, MONICA",Democratic,35.0,2025-08-18 00:00:00,Hyatt Regency Denver,Denver,CO,80202,Other,Parking
Senate District 22,"DURAN, MONICA",Democratic,15.0,2025-08-21 00:00:00,Clancy'S Irish Pub,Wheat Ridge,CO,80033,"Food, Beverages and Meals",
Senate District 22,"DURAN, MONICA",Democratic,1.98,2025-08-24 00:00:00,Actblue,Somerville,MA,02144,Fundraising Expenses,
Senate District 22,"DURAN, MONICA",Democratic,61.96,2025-08-25 00:00:00,Tacos Los Compas,Denver,CO,80204,"Food, Beverages and Meals",
Senate District 22,"DURAN, MONICA",Democratic,754.65,2025-08-25 00:00:00,Tafolino'S Mexican,Golden,CO,80401,"Food, Beverages and Meals",
Senate District 22,"DURAN, MONICA",Democratic,121.76,2025-08-26 00:00:00,Doordash,San Francisco,CA,94105,"Food, Beverages and Meals",
Senate District 22,"DURAN, MONICA",Democratic,167.89,2025-08-26 00:00:00,Doordash,San Francisco,CA,94105,"Food, Beverages and Meals",
Senate District 22,"DURAN, MONICA",Democratic,36.0,2025-08-27 00:00:00,Wix,New York,NY,10014,Office Equipment & Supplies,Website Services
Senate District 22,"DURAN, MONICA",Democratic,2.0,2025-08-29 00:00:00,,,,,Bank Fees,
Senate District 22,"DURAN, MONICA",Democratic,16.8,2025-09-02 00:00:00,Google,Mountain View,CA,94043,Office Equipment & Supplies,Email Services
Senate District 22,"DURAN, MONICA",Democratic,500.0,2025-09-02 00:00:00,Rkg Development,Superior,CO,80027,Consultant & Professional Services,Compliance Consulting
Senate District 22,"DURAN, MONICA",Democratic,4.55,2025-09-07 00:00:00,Actblue,Somerville,MA,02144,Fundraising Expenses,
Senate District 22,"DURAN, MONICA",Democratic,1000.0,2025-09-08 00:00:00,Christian  Romero,Pueblo,CO,81005,Consultant & Professional Services,
Senate District 22,"DURAN, MONICA",Democratic,13.97,2025-09-08 00:00:00,Stylus And Crate,Wheat Ridge,CO,80033,"Food, Beverages and Meals",
Senate District 22,"DURAN, MONICA",Democratic,18.34,2025-09-08 00:00:00,Zoom,San Jose,CA,95113,Office Equipment & Supplies,Teleconferencing Services
Senate District 22,"DURAN, MONICA",Democratic,323.84,2025-09-10 00:00:00,Sebastian Vail,Vail,CO,81657,Travel & Lodging,
Senate District 22,"DURAN, MONICA",Democratic,9.88,2025-09-14 00:00:00,Actblue,Somerville,MA,02144,Fundraising Expenses,
Senate District 22,"DURAN, MONICA",Democratic,55.89,2025-09-15 00:00:00,Mailchimp,Atlanta,GA,30308,Office Equipment & Supplies,Email Services
Senate District 22,"DURAN, MONICA",Democratic,8.65,2025-09-16 00:00:00,Stylus And Crate,Wheat Ridge,CO,80033,"Food, Beverages and Meals",
Senate District 22,"DURAN, MONICA",Democratic,47.81,2025-09-17 00:00:00,Colorado Plus Brew Pub And Taphouse,Wheat Ridge,CO,80033,"Food, Beverages and Meals",
Senate District 22,"DURAN, MONICA",Democratic,9.31,2025-09-17 00:00:00,Stylus And Crate,Wheat Ridge,CO,80033,"Food, Beverages and Meals",
Senate District 22,"DURAN, MONICA",Democratic,8.65,2025-09-17 00:00:00,Stylus And Crate,Wheat Ridge,CO,80033,"Food, Beverages and Meals",
Senate District 22,"DURAN, MONICA",Democratic,28.15,2025-09-18 00:00:00,Denver Post,Denver,CO,80216,Office Equipment & Supplies,Online Subscription
Senate District 22,"DURAN, MONICA",Democratic,43.86,2025-09-21 00:00:00,Actblue,Somerville,MA,02144,Fundraising Expenses,
Senate District 22,"DURAN, MONICA",Democratic,5.93,2025-09-28 00:00:00,Actblue,Somerville,MA,02144,Fundraising Expenses,
Senate District 22,"DURAN, MONICA",Democratic,36.0,2025-09-29 00:00:00,Wix,New York,NY,10014,Office Equipment & Supplies,Website Services
Senate District 22,"DURAN, MONICA",Democratic,124.45,2025-09-30 00:00:00,Actblue,Somerville,MA,02144,Fundraising Expenses,
Senate District 22,"DURAN, MONICA",Democratic,2.0,2025-09-30 00:00:00,,,,,Bank Fees,
Senate District 22,"DURAN, MONICA",Democratic,34.0,2024-12-27 00:00:00,Wix,New York,NY,10014,Office Equipment & Supplies,Website
Senate District 22,"DURAN, MONICA",Democratic,13.99,2024-12-30 00:00:00,Amazon,Seattle,WA,98109,Office Equipment & Supplies,
Senate District 22,"DURAN, MONICA",Democratic,19.8,2024-12-31 00:00:00,,,,,Office Equipment & Supplies,Banking Supplies
Senate District 22,"DURAN, MONICA",Democratic,2.0,2024-12-31 00:00:00,,,,,Bank Fees,
Senate District 22,"DURAN, MONICA",Democratic,16.8,2025-10-02 00:00:00,Google,Mountain View,CA,94043,Office Equipment & Supplies,Email Services
Senate District 22,"DURAN, MONICA",Democratic,500.0,2025-10-03 00:00:00,Rkg Development,Superior,CO,80027,Consultant & Professional Services,Compliance
Senate District 22,"DURAN, MONICA",Democratic,17.78,2025-10-05 00:00:00,Actblue,Somerville,MA,02144,Fundraising Expenses,
Senate District 22,"DURAN, MONICA",Democratic,18.34,2025-10-08 00:00:00,Zoom,San Jose,CA,95113,Office Equipment & Supplies,Teleconferencing Services
Senate District 22,"DURAN, MONICA",Democratic,10.63,2025-10-12 00:00:00,Actblue,Somerville,MA,02144,Fundraising Expenses,
Senate District 22,"DURAN, MONICA",Democratic,55.89,2025-10-15 00:00:00,Mailchimp,Atlanta,GA,30308,Office Equipment & Supplies,Email Services
Senate District 22,"DURAN, MONICA",Democratic,2.0,2025-10-15 00:00:00,,,,,Travel & Lodging,Parking
Senate District 22,"DURAN, MONICA",Democratic,77.35,2025-10-15 00:00:00,Phantom Canyon Brewing Company,Colorado Springs,CO,80903,"Food, Beverages and Meals",
Senate District 22,"DURAN, MONICA",Democratic,28.15,2025-10-17 00:00:00,Denver Post,Denver,CO,80216,Office Equipment & Supplies,Online Subscription
Senate District 22,"DURAN, MONICA",Democratic,22.62,2025-10-17 00:00:00,Stylus And Crate,Wheat Ridge,CO,80033,"Food, Beverages and Meals",
Senate District 22,"DURAN, MONICA",Democratic,30.93,2025-10-22 00:00:00,Stylus And Crate,Wheat Ridge,CO,80033,"Food, Beverages and Meals",
Senate District 22,"DURAN, MONICA",Democratic,0.4,2025-10-26 00:00:00,Actblue,Somerville,MA,02144,Fundraising Expenses,
Senate District 22,"DURAN, MONICA",Democratic,36.0,2025-10-27 00:00:00,Wix,New York,NY,10014,Office Equipment & Supplies,Website
Senate District 22,"DURAN, MONICA",Democratic,56.48,2025-10-30 00:00:00,Doordash,San Francisco,CA,94105,"Food, Beverages and Meals",
Senate District 22,"DURAN, MONICA",Democratic,2.0,2025-10-31 00:00:00,,,,,Bank Fees,
Senate District 22,"DURAN, MONICA",Democratic,1.0,2025-10-31 00:00:00,,,,,Travel & Lodging,Parking
Senate District 22,"DURAN, MONICA",Democratic,500.0,2025-10-31 00:00:00,Rio Blanco County Democratic Party,Meeker,CO,81641,Contributions,
Senate District 22,"DURAN, MONICA",Democratic,16.8,2025-11-03 00:00:00,Google,Mountain View,CA,94043,Office Equipment & Supplies,Email Services
Senate District 22,"DURAN, MONICA",Democratic,500.0,2025-11-03 00:00:00,Rkg Development,Superior,CO,80027,Consultant & Professional Services,Compliance
Senate District 22,"DURAN, MONICA",Democratic,8.65,2025-11-03 00:00:00,Stylus And Crate,Wheat Ridge,CO,80033,"Food, Beverages and Meals",
Senate District 22,"DURAN, MONICA",Democratic,37.48,2025-11-05 00:00:00,Einstein'S Brothers,Denver,CO,80218,"Food, Beverages and Meals",
Senate District 22,"DURAN, MONICA",Democratic,0.2,2025-11-09 00:00:00,Actblue,Somerville,MA,02144,Fundraising Expenses,
Senate District 22,"DURAN, MONICA",Democratic,261.17,2025-11-10 00:00:00,The Elizabeth Hotel,Fort Collins,CO,80524,Travel & Lodging,
Senate District 22,"DURAN, MONICA",Democratic,18.34,2025-11-10 00:00:00,Zoom,San Jose,CA,95113,Office Equipment & Supplies,Teleconferencing Services
Senate District 22,"DURAN, MONICA",Democratic,178.49,2025-11-12 00:00:00,The Windsor Hotel Del Norte,Del Norte,CO,81132,Travel & Lodging,
Senate District 22,"DURAN, MONICA",Democratic,55.89,2025-11-15 00:00:00,Mailchimp,Atlanta,GA,30308,Office Equipment & Supplies,Email Services
Senate District 22,"DURAN, MONICA",Democratic,28.15,2025-11-17 00:00:00,Denver Post,Denver,CO,80216,Office Equipment & Supplies,Online Subscription
Senate District 22,"DURAN, MONICA",Democratic,13.97,2025-11-18 00:00:00,Stylus And Crate,Wheat Ridge,CO,80033,"Food, Beverages and Meals",
Senate District 22,"DURAN, MONICA",Democratic,192.0,2025-11-20 00:00:00,United States Postal Service,Wheat Ridge,CO,80033,Rent & Utilities,Po Box Renewal
Senate District 22,"DURAN, MONICA",Democratic,22.94,2025-11-21 00:00:00,Stylus And Crate,Wheat Ridge,CO,80033,"Food, Beverages and Meals",
Senate District 22,"DURAN, MONICA",Democratic,18.18,2025-11-23 00:00:00,Actblue,Somerville,MA,02144,Fundraising Expenses,
Senate District 22,"DURAN, MONICA",Democratic,2.0,2025-11-28 00:00:00,,,,,Bank Fees,
Senate District 22,"DURAN, MONICA",Democratic,36.0,2025-11-28 00:00:00,Wix,New York,NY,10014,Office Equipment & Supplies,Website
Senate District 22,"DURAN, MONICA",Democratic,1.98,2025-11-30 00:00:00,Actblue,Somerville,MA,02144,Fundraising Expenses,
Senate District 22,"DURAN, MONICA",Democratic,16.8,2025-12-01 00:00:00,Google,Mountain View,CA,94043,Office Equipment & Supplies,Email Services
Senate District 22,"DURAN, MONICA",Democratic,41.45,2025-12-07 00:00:00,Actblue,Somerville,MA,02144,Fundraising Expenses,
Senate District 22,"DURAN, MONICA",Democratic,500.0,2025-12-07 00:00:00,Rkg Development,Superior,CO,80027,Consultant & Professional Services,Compliance
Senate District 22,"DURAN, MONICA",Democratic,18.34,2025-12-08 00:00:00,Zoom,San Jose,CA,95113,Office Equipment & Supplies,Teleconferencing Services
Senate District 22,"DURAN, MONICA",Democratic,14.96,2025-12-10 00:00:00,Stylus And Crate,Wheat Ridge,CO,80033,"Food, Beverages and Meals",
Senate District 22,"DURAN, MONICA",Democratic,12.84,2025-12-14 00:00:00,Actblue,Somerville,MA,02144,Fundraising Expenses,
Senate District 22,"DURAN, MONICA",Democratic,55.89,2025-12-15 00:00:00,Mailchimp,Atlanta,GA,30308,Office Equipment & Supplies,Email Services
Senate District 22,"DURAN, MONICA",Democratic,28.15,2025-12-17 00:00:00,Denver Post,Denver,CO,80216,Office Equipment & Supplies,Online Subscription
Senate District 22,"DURAN, MONICA",Democratic,12.25,2025-12-21 00:00:00,Actblue,Somerville,MA,02144,Fundraising Expenses,
Senate District 22,"DURAN, MONICA",Democratic,591.29,2025-12-22 00:00:00,Amazon,Seattle,WA,98109,Office Equipment & Supplies,
Senate District 22,"DURAN, MONICA",Democratic,335.96,2025-12-24 00:00:00,Amazon,Seattle,WA,98109,Office Equipment & Supplies,
Senate District 22,"DURAN, MONICA",Democratic,36.0,2025-12-29 00:00:00,Wix,New York,NY,10014,Office Equipment & Supplies,Website
Senate District 22,"DURAN, MONICA",Democratic,310.87,2025-12-30 00:00:00,Amazon,Seattle,WA,98109,Office Equipment & Supplies,
Senate District 22,"DURAN, MONICA",Democratic,410.67,2025-12-30 00:00:00,Wayfair,Boston,MA,02116,Office Equipment & Supplies,
Senate District 22,"DURAN, MONICA",Democratic,147.11,2025-12-31 00:00:00,Amazon,Seattle,WA,98109,Office Equipment & Supplies,
Senate District 22,"DURAN, MONICA",Democratic,2.0,2025-12-31 00:00:00,,,,,Bank Fees,
Senate District 22,"HARKESS, STEPHEN",Republican,,,,,,,,
Senate District 24,"MULLICA, KYLE",Democratic,12.0,2025-01-02 00:00:00,Firstbank,Lakewood,CO,80215,Bank Fees,
Senate District 24,"MULLICA, KYLE",Democratic,23.42,2025-01-06 00:00:00,Costco,Superior,CO,80027,"Food, Beverages and Meals",
Senate District 24,"MULLICA, KYLE",Democratic,6.14,2025-01-07 00:00:00,Blue Sparrow Coffee,Denver,CO,80203,"Food, Beverages and Meals",
Senate District 24,"MULLICA, KYLE",Democratic,8.0,2025-01-08 00:00:00,Denver Cultural Center Parking Garage,Denver,CO,80204,Miscellaneous,Parking
Senate District 24,"MULLICA, KYLE",Democratic,5.41,2025-01-10 00:00:00,Bang Up To The Elephant,Denver,CO,80223,"Food, Beverages and Meals",
Senate District 24,"MULLICA, KYLE",Democratic,0.12,2025-01-12 00:00:00,Actblue,Somerville,MA,02144,Fundraising Expenses,
Senate District 24,"MULLICA, KYLE",Democratic,13.14,2025-01-16 00:00:00,Blue Sparrow Coffee,Denver,CO,80203,"Food, Beverages and Meals",
Senate District 24,"MULLICA, KYLE",Democratic,4.0,2025-01-21 00:00:00,Denver City And County Parking,Denver,CO,80202,Miscellaneous,
Senate District 24,"MULLICA, KYLE",Democratic,16.73,2025-01-27 00:00:00,Jimmy John'S,Louisville,CO,80027,"Food, Beverages and Meals",
Senate District 24,"MULLICA, KYLE",Democratic,34.85,2025-01-27 00:00:00,Ghost Box Pizza,Lafayette,CO,80026,"Food, Beverages and Meals",
Senate District 24,"MULLICA, KYLE",Democratic,21.03,2025-01-31 00:00:00,Mailchimp,Atlanta,GA,30308,Consultant & Professional Services,
Senate District 24,"MULLICA, KYLE",Democratic,2.0,2025-01-31 00:00:00,Firstbank,Lakewood,CO,80215,Bank Fees,
Senate District 24,"MULLICA, KYLE",Democratic,250.0,2025-02-03 00:00:00,Imagine Foundation,Lafayette,CO,80026,Other,Donation
Senate District 24,"MULLICA, KYLE",Democratic,23.66,2025-02-07 00:00:00,Subculture,Denver,CO,80203,"Food, Beverages and Meals",
Senate District 24,"MULLICA, KYLE",Democratic,0.12,2025-02-09 00:00:00,Actblue,Somerville,MA,02144,Fundraising Expenses,
Senate District 24,"MULLICA, KYLE",Democratic,6.75,2025-02-10 00:00:00,Paul'S Coffee And Tea,Louisville,CO,80027,"Food, Beverages and Meals",
Senate District 24,"MULLICA, KYLE",Democratic,250.0,2025-02-10 00:00:00,Boulder County Democratic Party,Boulder,CO,80303,Other,Donation
Senate District 24,"MULLICA, KYLE",Democratic,7.24,2025-02-24 00:00:00,32 Market,River Falls,WI,54022,"Food, Beverages and Meals",
Senate District 24,"MULLICA, KYLE",Democratic,2.0,2025-02-28 00:00:00,Firstbank,Lakewood,CO,80215,Bank Fees,
Senate District 24,"MULLICA, KYLE",Democratic,500.0,2025-03-03 00:00:00,Matt  Voss,Denver,CO,80203,Consultant & Professional Services,
Senate District 24,"MULLICA, KYLE",Democratic,3000.0,2025-03-03 00:00:00,House Dems Petty Cash Fund,Denver,CO,80203,Other,Caucus Dues
Senate District 24,"MULLICA, KYLE",Democratic,21.03,2025-03-03 00:00:00,Mailchimp,Atlanta,GA,30308,Consultant & Professional Services,
Senate District 24,"MULLICA, KYLE",Democratic,0.12,2025-03-09 00:00:00,Actblue,Somerville,MA,02144,Fundraising Expenses,
Senate District 24,"MULLICA, KYLE",Democratic,3.0,2025-03-11 00:00:00,Denver City And County Parking,Denver,CO,80202,Miscellaneous,
Senate District 24,"MULLICA, KYLE",Democratic,31.92,2025-03-28 00:00:00,Subculture,Denver,CO,80203,"Food, Beverages and Meals",
Senate District 24,"MULLICA, KYLE",Democratic,1026.58,2025-03-31 00:00:00,Tru Community Care,Lafayette,CO,80026,Other,Donation
Senate District 24,"MULLICA, KYLE",Democratic,21.03,2025-03-31 00:00:00,Mailchimp,Atlanta,GA,30308,Consultant & Professional Services,
Senate District 24,"MULLICA, KYLE",Democratic,2.0,2025-03-31 00:00:00,Firstbank,Lakewood,CO,80215,Bank Fees,
Senate District 24,"MULLICA, KYLE",Democratic,0.12,2025-04-06 00:00:00,Actblue,Somerville,MA,02144,Fundraising Expenses,
Senate District 24,"MULLICA, KYLE",Democratic,28.86,2025-04-07 00:00:00,Lamars Donuts,Louisville,CO,80027,"Food, Beverages and Meals",
Senate District 24,"MULLICA, KYLE",Democratic,18.94,2025-04-09 00:00:00,Subculture,Denver,CO,80203,"Food, Beverages and Meals",
Senate District 24,"MULLICA, KYLE",Democratic,40.61,2025-04-10 00:00:00,Subculture,Denver,CO,80203,"Food, Beverages and Meals",
Senate District 24,"MULLICA, KYLE",Democratic,16.47,2025-04-25 00:00:00,Subculture,Denver,CO,80203,"Food, Beverages and Meals",
Senate District 24,"MULLICA, KYLE",Democratic,2.0,2025-04-30 00:00:00,Firstbank,Lakewood,CO,80215,Bank Fees,
Senate District 24,"MULLICA, KYLE",Democratic,21.03,2025-05-01 00:00:00,Mailchimp,Atlanta,GA,30308,Office Equipment & Supplies,
Senate District 24,"MULLICA, KYLE",Democratic,15.32,2025-05-02 00:00:00,32 Market,River Falls,WI,54022,"Food, Beverages and Meals",
Senate District 24,"MULLICA, KYLE",Democratic,0.12,2025-05-11 00:00:00,Actblue,Somerville,MA,02144,Fundraising Expenses,
Senate District 24,"MULLICA, KYLE",Democratic,21.03,2025-06-02 00:00:00,Mailchimp,Atlanta,GA,30308,Office Equipment & Supplies,
Senate District 24,"MULLICA, KYLE",Democratic,250.0,2025-06-05 00:00:00,Boulder County Democratic Party,Boulder,CO,80303,Other,Tickets/Donation
Senate District 24,"MULLICA, KYLE",Democratic,0.12,2025-06-08 00:00:00,Actblue,Somerville,MA,02144,Fundraising Expenses,
Senate District 24,"MULLICA, KYLE",Democratic,250.0,2025-06-09 00:00:00,Boulder County Democratic Party,Boulder,CO,80303,Other,Tickets/Donation
Senate District 24,"MULLICA, KYLE",Democratic,14.64,2025-06-10 00:00:00,Sweet Bloom Coffee,Arvada,CO,80003,"Food, Beverages and Meals",
Senate District 24,"MULLICA, KYLE",Democratic,11.76,2025-06-12 00:00:00,Big Daddy Bagels,Boulder,CO,80303,"Food, Beverages and Meals",
Senate District 24,"MULLICA, KYLE",Democratic,6.96,2025-06-23 00:00:00,Sweet Bloom Coffee,Arvada,CO,80003,"Food, Beverages and Meals",
Senate District 24,"MULLICA, KYLE",Democratic,51.11,2025-06-26 00:00:00,Freedom Street Social,Arvada,CO,80007,"Food, Beverages and Meals",
Senate District 24,"MULLICA, KYLE",Democratic,2.0,2025-06-30 00:00:00,Firstbank,Lakewood,CO,80215,Bank Fees,
Senate District 24,"MULLICA, KYLE",Democratic,7.55,2025-07-01 00:00:00,Paul'S Coffee And Tea,Louisville,CO,80027,"Food, Beverages and Meals",
Senate District 24,"MULLICA, KYLE",Democratic,21.03,2025-07-01 00:00:00,Mailchimp,Atlanta,GA,30308,Office Equipment & Supplies,
Senate District 24,"MULLICA, KYLE",Democratic,0.12,2025-07-06 00:00:00,Actblue Technical Services,Boston,MA,02196,Fundraising Expenses,
Senate District 24,"MULLICA, KYLE",Democratic,7.55,2025-07-07 00:00:00,Paul'S Coffee And Tea,Louisville,CO,80027,"Food, Beverages and Meals",
Senate District 24,"MULLICA, KYLE",Democratic,6.43,2025-07-11 00:00:00,Moxie Bread Co,Louisville,CO,80027,"Food, Beverages and Meals",
Senate District 24,"MULLICA, KYLE",Democratic,9.39,2025-07-18 00:00:00,Blue Sparrow Coffee,Denver,CO,80203,"Food, Beverages and Meals",
Senate District 24,"MULLICA, KYLE",Democratic,6.45,2025-07-21 00:00:00,Relish Food Hall,Louisville,CO,80027,"Food, Beverages and Meals",
Senate District 24,"MULLICA, KYLE",Democratic,13.27,2025-07-23 00:00:00,Prodigy Coffeehouse,Denver,CO,80205,"Food, Beverages and Meals",
Senate District 24,"MULLICA, KYLE",Democratic,11.95,2025-07-28 00:00:00,Paul'S Coffee And Tea,Louisville,CO,80027,"Food, Beverages and Meals",
Senate District 24,"MULLICA, KYLE",Democratic,13.71,2025-07-28 00:00:00,Sweet Bloom Coffee,Arvada,CO,80003,"Food, Beverages and Meals",
Senate District 24,"MULLICA, KYLE",Democratic,21.03,2025-07-31 00:00:00,Mailchimp,Atlanta,GA,30308,Office Equipment & Supplies,
Senate District 24,"MULLICA, KYLE",Democratic,2.0,2025-07-31 00:00:00,Firstbank,Lakewood,CO,80215,Bank Fees,
Senate District 24,"MULLICA, KYLE",Democratic,0.12,2025-08-10 00:00:00,Actblue Technical Services,Boston,MA,02196,Fundraising Expenses,
Senate District 24,"MULLICA, KYLE",Democratic,256.64,2025-08-11 00:00:00,Tru Community Care,Lafayette,CO,80026,Contributions,
Senate District 24,"MULLICA, KYLE",Democratic,7.55,2025-08-12 00:00:00,Paul'S Coffee And Tea,Louisville,CO,80027,"Food, Beverages and Meals",
Senate District 24,"MULLICA, KYLE",Democratic,8.0,2025-08-12 00:00:00,Denver City And County Parking,Denver,CO,80202,Travel & Lodging,
Senate District 24,"MULLICA, KYLE",Democratic,9.75,2025-08-19 00:00:00,Paul'S Coffee And Tea,Louisville,CO,80027,"Food, Beverages and Meals",
Senate District 24,"MULLICA, KYLE",Democratic,10.02,2025-08-21 00:00:00,Blue Sparrow Coffee,Denver,CO,80203,"Food, Beverages and Meals",
Senate District 24,"MULLICA, KYLE",Democratic,13.36,2025-08-22 00:00:00,Blue Sparrow Coffee,Denver,CO,80203,"Food, Beverages and Meals",
Senate District 24,"MULLICA, KYLE",Democratic,26.5,2025-08-25 00:00:00,Subculture,Denver,CO,80203,"Food, Beverages and Meals",
Senate District 24,"MULLICA, KYLE",Democratic,6.0,2025-08-29 00:00:00,Daily Camera,Boulder,CO,80303,Office Equipment & Supplies,
Senate District 24,"MULLICA, KYLE",Democratic,2.0,2025-08-29 00:00:00,Firstbank,Lakewood,CO,80215,Bank Fees,
Senate District 24,"MULLICA, KYLE",Democratic,21.03,2025-09-02 00:00:00,Mailchimp,Atlanta,GA,30308,Office Equipment & Supplies,
Senate District 24,"MULLICA, KYLE",Democratic,6.45,2025-09-04 00:00:00,Relish Food Hall,Louisville,CO,80027,"Food, Beverages and Meals",
Senate District 24,"MULLICA, KYLE",Democratic,13.71,2025-09-05 00:00:00,Sweet Bloom Coffee,Arvada,CO,80003,"Food, Beverages and Meals",
Senate District 24,"MULLICA, KYLE",Democratic,0.12,2025-09-07 00:00:00,Actblue Technical Services,Boston,MA,02196,Fundraising Expenses,
Senate District 24,"MULLICA, KYLE",Democratic,7.54,2025-09-17 00:00:00,Bittersweet Cafe,Louisville,CO,80027,"Food, Beverages and Meals",
Senate District 24,"MULLICA, KYLE",Democratic,9.75,2025-09-17 00:00:00,Paul'S Coffee And Tea,Louisville,CO,80027,"Food, Beverages and Meals",
Senate District 24,"MULLICA, KYLE",Democratic,35.0,2025-09-18 00:00:00,Chair 20 Parking,Vail,CO,81657,Travel & Lodging,
Senate District 24,"MULLICA, KYLE",Democratic,5.1,2025-09-22 00:00:00,Honk Parking,Breckenridge,CO,80424,Travel & Lodging,
Senate District 24,"MULLICA, KYLE",Democratic,10.85,2025-09-22 00:00:00,Paul'S Coffee And Tea,Louisville,CO,80027,"Food, Beverages and Meals",
Senate District 24,"MULLICA, KYLE",Democratic,12.25,2025-09-25 00:00:00,Paul'S Coffee And Tea,Louisville,CO,80027,"Food, Beverages and Meals",
Senate District 24,"MULLICA, KYLE",Democratic,29.96,2025-09-25 00:00:00,Bagel Delicatessen Inc,Denver,CO,80222,"Food, Beverages and Meals",
Senate District 24,"MULLICA, KYLE",Democratic,5.8,2025-09-26 00:00:00,Relish Food Hall,Louisville,CO,80027,"Food, Beverages and Meals",
Senate District 24,"MULLICA, KYLE",Democratic,4.4,2025-09-29 00:00:00,Paul'S Coffee And Tea,Louisville,CO,80027,"Food, Beverages and Meals",
Senate District 24,"MULLICA, KYLE",Democratic,2.0,2025-09-30 00:00:00,Firstbank,Lakewood,CO,80215,Bank Fees,
Senate District 24,"MULLICA, KYLE",Democratic,3.32,2024-12-08 00:00:00,Actblue,Somerville,MA,02144,Fundraising Expenses,
Senate District 24,"MULLICA, KYLE",Democratic,21.03,2025-10-01 00:00:00,Mailchimp,Atlanta,GA,30308,Office Equipment & Supplies,
Senate District 24,"MULLICA, KYLE",Democratic,12.74,2025-10-02 00:00:00,Boxcar Coffee,Boulder,CO,80305,"Food, Beverages and Meals",
Senate District 24,"MULLICA, KYLE",Democratic,1.63,2025-10-02 00:00:00,Boulder Parking,Boulder,CO,80302,Travel & Lodging,
Senate District 24,"MULLICA, KYLE",Democratic,48.17,2025-10-03 00:00:00,The Huckleberry,Louisville,CO,80027,"Food, Beverages and Meals",
Senate District 24,"MULLICA, KYLE",Democratic,3.0,2025-10-03 00:00:00,Denver City And County Parking,Denver,CO,80202,Contributions,
Senate District 24,"MULLICA, KYLE",Democratic,6.26,2025-10-06 00:00:00,Blue Sparrow Coffee,Denver,CO,80203,"Food, Beverages and Meals",
Senate District 24,"MULLICA, KYLE",Democratic,3.0,2025-10-08 00:00:00,Laz Parking,Denver,CO,80202,Travel & Lodging,
Senate District 24,"MULLICA, KYLE",Democratic,2.0,2025-10-09 00:00:00,City And County Of Denver,Denver,CO,80201,Travel & Lodging,
Senate District 24,"MULLICA, KYLE",Democratic,0.12,2025-10-12 00:00:00,Actblue Technical Services,Boston,MA,02196,Fundraising Expenses,
Senate District 24,"MULLICA, KYLE",Democratic,10.5,2025-10-15 00:00:00,Blue Sparrow Coffee,Denver,CO,80203,"Food, Beverages and Meals",
Senate District 24,"MULLICA, KYLE",Democratic,8.0,2025-10-17 00:00:00,Laz Parking,Denver,CO,80202,Travel & Lodging,
Senate District 24,"MULLICA, KYLE",Democratic,8.79,2025-10-17 00:00:00,Prodigy Coffeehouse,Denver,CO,80205,"Food, Beverages and Meals",
Senate District 24,"MULLICA, KYLE",Democratic,75.0,2025-10-24 00:00:00,Colorado Solar And Storage Association,Denver,CO,80204,Contributions,
Senate District 24,"MULLICA, KYLE",Democratic,1.98,2025-10-26 00:00:00,Actblue Technical Services,Boston,MA,02196,Fundraising Expenses,
Senate District 24,"MULLICA, KYLE",Democratic,43.37,2025-10-27 00:00:00,Paul'S Coffee And Tea,Louisville,CO,80027,"Food, Beverages and Meals",
Senate District 24,"MULLICA, KYLE",Democratic,42.78,2025-10-29 00:00:00,B.O.B.S Diner,Louisville,CO,80027,"Food, Beverages and Meals",
Senate District 24,"MULLICA, KYLE",Democratic,1.63,2025-10-30 00:00:00,Boulder Parking,Boulder,CO,80302,Travel & Lodging,
Senate District 24,"MULLICA, KYLE",Democratic,1.75,2025-10-30 00:00:00,Denver City And County Parking,Denver,CO,80202,Travel & Lodging,
Senate District 24,"MULLICA, KYLE",Democratic,8.45,2025-10-30 00:00:00,Paul'S Coffee And Tea,Louisville,CO,80027,"Food, Beverages and Meals",
Senate District 24,"MULLICA, KYLE",Democratic,21.03,2025-10-30 00:00:00,Mailchimp,Atlanta,GA,30308,Office Equipment & Supplies,
Senate District 24,"MULLICA, KYLE",Democratic,2.0,2025-10-31 00:00:00,Firstbank,Lakewood,CO,80215,Bank Fees,
Senate District 24,"MULLICA, KYLE",Democratic,10.29,2025-11-02 00:00:00,Actblue Technical Services,Boston,MA,02196,Fundraising Expenses,
Senate District 24,"MULLICA, KYLE",Democratic,174.23,2025-11-03 00:00:00,Zoom,San Jose,CA,95113,Office Equipment & Supplies,
Senate District 24,"MULLICA, KYLE",Democratic,9.5,2025-11-04 00:00:00,Paul'S Coffee And Tea,Louisville,CO,80027,"Food, Beverages and Meals",
Senate District 24,"MULLICA, KYLE",Democratic,0.12,2025-11-09 00:00:00,Actblue Technical Services,Boston,MA,02196,Fundraising Expenses,
Senate District 24,"MULLICA, KYLE",Democratic,284.17,2025-11-10 00:00:00,The Elizabeth Hotel,Fort Collins,CO,80524,Travel & Lodging,
Senate District 24,"MULLICA, KYLE",Democratic,6.57,2025-11-10 00:00:00,Paul'S Coffee And Tea,Louisville,CO,80027,"Food, Beverages and Meals",
Senate District 24,"MULLICA, KYLE",Democratic,6.75,2025-11-12 00:00:00,Paul'S Coffee And Tea,Louisville,CO,80027,"Food, Beverages and Meals",
Senate District 24,"MULLICA, KYLE",Democratic,250.0,2025-11-12 00:00:00,Boulder County Democratic Party,Lafayette,CO,80026,Miscellaneous,
Senate District 24,"MULLICA, KYLE",Democratic,3.95,2025-11-16 00:00:00,Actblue Technical Services,Boston,MA,02196,Fundraising Expenses,
Senate District 24,"MULLICA, KYLE",Democratic,15.33,2025-11-17 00:00:00,Subculture,Denver,CO,80203,"Food, Beverages and Meals",
Senate District 24,"MULLICA, KYLE",Democratic,7.5,2025-11-18 00:00:00,Paul'S Coffee And Tea,Louisville,CO,80027,"Food, Beverages and Meals",
Senate District 24,"MULLICA, KYLE",Democratic,267.15,2025-11-24 00:00:00,Target,Superior,CO,80027,Office Equipment & Supplies,
Senate District 24,"MULLICA, KYLE",Democratic,2.0,2025-11-28 00:00:00,Firstbank,Lakewood,CO,80215,Bank Fees,
Senate District 24,"MULLICA, KYLE",Democratic,21.03,2025-12-01 00:00:00,Mailchimp,Atlanta,GA,30308,Office Equipment & Supplies,
Senate District 24,"MULLICA, KYLE",Democratic,500.0,2025-12-01 00:00:00,Jenifer  Engel,Englewood,CO,80111,Consultant & Professional Services,
Senate District 24,"MULLICA, KYLE",Democratic,12.39,2025-12-08 00:00:00,Paul'S Coffee And Tea,Louisville,CO,80027,"Food, Beverages and Meals",
Senate District 24,"MULLICA, KYLE",Democratic,12.39,2025-12-18 00:00:00,Blue Sparrow Coffee,Denver,CO,80203,"Food, Beverages and Meals",
Senate District 24,"MULLICA, KYLE",Democratic,6.75,2025-12-23 00:00:00,Paul'S Coffee And Tea,Louisville,CO,80027,"Food, Beverages and Meals",
Senate District 24,"MULLICA, KYLE",Democratic,21.03,2025-12-30 00:00:00,Mailchimp,Atlanta,GA,30308,Office Equipment & Supplies,
Senate District 24,"MULLICA, KYLE",Democratic,2.0,2025-12-31 00:00:00,Firstbank,Lakewood,CO,80215,Bank Fees,
Senate District 24,"MULLICA, KYLE",Democratic,17.8,2023-06-27 00:00:00,Firstbank,Lakewood,CO,80215,Bank Fees,Check Stock
Senate District 24,"MULLICA, KYLE",Democratic,7.96,2023-08-31 00:00:00,Kyle M Brown,Louisville,CO,80027,Advertising,Parade Sign Materials
Senate District 24,"MULLICA, KYLE",Democratic,1.69,2023-09-01 00:00:00,The Home Depot Store #1506,Louisville,CO,80027,Office Equipment & Supplies,Parade Materials
Senate District 24,"MULLICA, KYLE",Democratic,150.0,2023-09-06 00:00:00,Kristen Kelly Design,Centennial,CO,80122,Advertising,Graphic Design Artwork
Senate District 24,"MULLICA, KYLE",Democratic,975.23,2023-09-11 00:00:00,C & D Printing,Denver,CO,80229,Advertising,"Yard Signs, Post Cards, Stickers, Buttons"
Senate District 24,"MULLICA, KYLE",Democratic,51.0,2023-09-15 00:00:00,Us Post Office,Superior,CO,80227,Office Equipment & Supplies,Postage Stamps
Senate District 24,"MULLICA, KYLE",Democratic,2000.0,2023-09-18 00:00:00,Upstream,Wheat Ridge,CO,80033,Consultant & Professional Services,Campaign Support In Operations Mgmt And Strategic Planning
Senate District 24,"MULLICA, KYLE",Democratic,569.4,2023-09-30 00:00:00,Actblue,Somerville,MA,02144,Bank Fees,
Senate District 24,"MULLICA, KYLE",Democratic,20.96,2024-01-02 00:00:00,Mailchimp,Atlanta,GA,30308,Office Equipment & Supplies,Emails
Senate District 24,"MULLICA, KYLE",Democratic,2500.0,2024-01-03 00:00:00,Upstream,Wheat Ridge,CO,80033,Contributions,Professional Campaign Support
Senate District 24,"MULLICA, KYLE",Democratic,2500.0,2024-01-05 00:00:00,Upstream,Wheat Ridge,CO,80033,Consultant & Professional Services,Campaign Consulting
Senate District 24,"MULLICA, KYLE",Democratic,18.98,2024-01-07 00:00:00,Actblue,Somerville,MA,02144,Bank Fees,Processing Fees
Senate District 24,"MULLICA, KYLE",Democratic,14.82,2024-01-14 00:00:00,Actblue,Somerville,MA,02144,Bank Fees,Processing Fees
Senate District 24,"MULLICA, KYLE",Democratic,5.31,2024-01-21 00:00:00,Target,Superior,CO,80027,Office Equipment & Supplies,
Senate District 24,"MULLICA, KYLE",Democratic,0.2,2024-01-21 00:00:00,Actblue,Somerville,MA,02144,Bank Fees,Processing Fees
Senate District 24,"MULLICA, KYLE",Democratic,19.48,2024-01-22 00:00:00,City-O-City,Denver,CO,80203,"Food, Beverages and Meals",Coffee With Supporters
Senate District 24,"MULLICA, KYLE",Democratic,225.0,2024-01-27 00:00:00,Colorado Democratic Party,Denver,CO,80203,"Food, Beverages and Meals",Tickets To 7Th Annual Obama Gala
Senate District 24,"MULLICA, KYLE",Democratic,20.96,2024-01-31 00:00:00,Mailchimp,Atlanta,GA,30308,Office Equipment & Supplies,Emails
Senate District 24,"MULLICA, KYLE",Democratic,4.45,2024-02-02 00:00:00,Parkmobile,Atlanta,GA,30309,Other,Parking
Senate District 24,"MULLICA, KYLE",Democratic,0.99,2024-02-04 00:00:00,Actblue,Somerville,MA,02144,Bank Fees,Processing Fees
Senate District 24,"MULLICA, KYLE",Democratic,2.94,2024-02-05 00:00:00,Button Rock Bakery,Lafayette,CO,80026,"Food, Beverages and Meals",Coffee With Suupporter2/5/24
Senate District 24,"MULLICA, KYLE",Democratic,22.71,2024-02-05 00:00:00,B.O.B.S Diner,Louisville,CO,80027,"Food, Beverages and Meals",Breakfst With Supporters
Senate District 24,"MULLICA, KYLE",Democratic,2.18,2024-02-11 00:00:00,Actblue,Somerville,MA,02144,Bank Fees,Processing Fees
Senate District 24,"MULLICA, KYLE",Democratic,250.0,2024-02-12 00:00:00,Upstream,Wheat Ridge,CO,80033,Consultant & Professional Services,Campaign Support
Senate District 24,"MULLICA, KYLE",Democratic,10.05,2024-02-12 00:00:00,Paul'S Coffee And Tea,Louisville,CO,80027,"Food, Beverages and Meals",Coffee Wi Supporters
Senate District 24,"MULLICA, KYLE",Democratic,0.2,2024-02-18 00:00:00,Actblue,Somerville,MA,02144,Bank Fees,Processing Fees
Senate District 24,"MULLICA, KYLE",Democratic,11.16,2024-02-20 00:00:00,Paul'S Coffee And Tea,Louisville,CO,80027,"Food, Beverages and Meals",Coffee With Supporters
Senate District 24,"MULLICA, KYLE",Democratic,15.02,2024-02-25 00:00:00,Actblue,Somerville,MA,02144,Bank Fees,Processing Fees
Senate District 24,"MULLICA, KYLE",Democratic,20.96,2024-03-01 00:00:00,Mailchimp,Atlanta,GA,30308,Office Equipment & Supplies,Emails
Senate District 24,"MULLICA, KYLE",Democratic,78.88,2024-03-01 00:00:00,Warwick Denver Hotel,Denver,CO,80203,"Food, Beverages and Meals",Breakfast Wi Supporters
Senate District 24,"MULLICA, KYLE",Democratic,0.99,2024-03-03 00:00:00,Actblue,Somerville,MA,02144,Bank Fees,Processing Fees
Senate District 24,"MULLICA, KYLE",Democratic,0.2,2024-03-10 00:00:00,Actblue,Somerville,MA,02144,Bank Fees,Processing Fees
Senate District 24,"MULLICA, KYLE",Democratic,54.06,2024-03-11 00:00:00,Vistaprint,Lexington,MA,02421,Office Equipment & Supplies,Printing Services
Senate District 24,"MULLICA, KYLE",Democratic,81.6,2024-03-18 00:00:00,Usps,Superior,CO,80027,Office Equipment & Supplies,Stamps & Maialings
Senate District 24,"MULLICA, KYLE",Democratic,56.48,2024-03-18 00:00:00,Target,Superior,CO,80027,Office Equipment & Supplies,Printing Supp
Senate District 24,"MULLICA, KYLE",Democratic,12.39,2024-03-18 00:00:00,Walgreens,Superior,CO,80027,Office Equipment & Supplies,Mailers
Senate District 24,"MULLICA, KYLE",Democratic,5.3,2024-03-21 00:00:00,Colorado Democratic Party,Denver,CO,80203,Donation for Independent Expenditures,Fee
Senate District 24,"MULLICA, KYLE",Democratic,2.3,2024-03-22 00:00:00,Target,Superior,CO,80027,Office Equipment & Supplies,Supplies For Assembly
Senate District 24,"MULLICA, KYLE",Democratic,0.2,2024-03-24 00:00:00,Actblue,Somerville,MA,02144,Bank Fees,Processing Fees
Senate District 24,"MULLICA, KYLE",Democratic,15.0,2024-03-25 00:00:00,Denver Center Parking,Denver,CO,80202,Other,Parking For Champions Of Democracy Dinner
Senate District 24,"MULLICA, KYLE",Democratic,250.0,2024-03-25 00:00:00,Boulder County Democratic Party,Boulder,CO,80303,Other,Ticket For Champions Of Democracy Dinner
Senate District 24,"MULLICA, KYLE",Democratic,250.0,2024-03-25 00:00:00,Boulder County Democratic Party,Boulder,CO,80303,Donation for Independent Expenditures,Donation For Assembly
Senate District 24,"MULLICA, KYLE",Democratic,12.65,2024-03-27 00:00:00,Jrl Burritos,Denver,CO,80203,"Food, Beverages and Meals",Lunch With Supporters
Senate District 24,"MULLICA, KYLE",Democratic,0.99,2024-03-31 00:00:00,Actblue,Somerville,MA,02144,Bank Fees,Processing Fees
Senate District 24,"MULLICA, KYLE",Democratic,20.96,2024-04-01 00:00:00,Mailchimp,Atlanta,GA,30308,Office Equipment & Supplies,Emails
Senate District 24,"MULLICA, KYLE",Democratic,0.2,2024-04-07 00:00:00,Actblue,Somerville,MA,02144,Bank Fees,Processing Fees
Senate District 24,"MULLICA, KYLE",Democratic,16.49,2024-04-10 00:00:00,Jimmy John'S,Louisville,CO,80027,"Food, Beverages and Meals",Lunch Wi Supporters
Senate District 24,"MULLICA, KYLE",Democratic,1.19,2024-04-28 00:00:00,Actblue,Somerville,MA,02144,Bank Fees,Processing Fee
Senate District 24,"MULLICA, KYLE",Democratic,10.01,2024-04-29 00:00:00,Ozo Coffee Company,Boulder,CO,80303,"Food, Beverages and Meals",Coffee Wi Supporters
Senate District 24,"MULLICA, KYLE",Democratic,20.96,2024-05-02 00:00:00,Mailchimp,Atlanta,GA,30308,Office Equipment & Supplies,Emails
Senate District 24,"MULLICA, KYLE",Democratic,0.99,2024-05-05 00:00:00,Actblue,Somerville,MA,02144,Bank Fees,Process Fee
Senate District 24,"MULLICA, KYLE",Democratic,0.2,2024-05-12 00:00:00,Actblue,Somerville,MA,02144,Bank Fees,Process Fee
Senate District 24,"MULLICA, KYLE",Democratic,8.0,2024-05-13 00:00:00,Denver Cultural Center Parking Garage,Denver,CO,80204,Other,Parking For Event
Senate District 24,"MULLICA, KYLE",Democratic,15.0,2024-05-15 00:00:00,Denver Center Parking,Denver,CO,80202,Other,Parking For Event
Senate District 24,"MULLICA, KYLE",Democratic,250.0,2024-05-16 00:00:00,Upstream,Wheat Ridge,CO,80033,Consultant & Professional Services,Campaign Support
Senate District 24,"MULLICA, KYLE",Democratic,50.0,2024-05-17 00:00:00,Boulder County Democratic Party,Boulder,CO,80303,"Food, Beverages and Meals",Champions Dinner
Senate District 24,"MULLICA, KYLE",Democratic,27.29,2024-05-30 00:00:00,Fed Ex Office,Boulder,CO,80302,Office Equipment & Supplies,Printing
Senate District 24,"MULLICA, KYLE",Democratic,20.96,2024-05-31 00:00:00,Mailchimp,Atlanta,GA,30308,Office Equipment & Supplies,Email Platform
Senate District 24,"MULLICA, KYLE",Democratic,25.0,2024-06-03 00:00:00,Boulder Pride Dba Out Boulder County,Boulder,CO,80306,Other,Garden Party Ticket
Senate District 24,"MULLICA, KYLE",Democratic,0.2,2024-06-09 00:00:00,Actblue,Somerville,MA,02144,Bank Fees,Processing Fees
Senate District 24,"MULLICA, KYLE",Democratic,3875.0,2024-06-13 00:00:00,House Majority Project,Denver,CO,80203,Other,Donation To House Democratic Committee
Senate District 24,"MULLICA, KYLE",Democratic,0.99,2024-06-16 00:00:00,Actblue,Somerville,MA,02144,Bank Fees,Processing
Senate District 24,"MULLICA, KYLE",Democratic,0.99,2024-06-23 00:00:00,Actblue,Somerville,MA,02144,Bank Fees,Processing
Senate District 24,"MULLICA, KYLE",Democratic,0.2,2024-07-07 00:00:00,Actblue,Somerville,MA,02144,Bank Fees,Processing Fee
Senate District 24,"MULLICA, KYLE",Democratic,20.96,2024-07-31 00:00:00,Mailchimp,Atlanta,GA,30308,Office Equipment & Supplies,Email Serv
Senate District 24,"MULLICA, KYLE",Democratic,2.0,2024-07-31 00:00:00,Firstbank,Lakewood,CO,80215,Bank Fees,Bank Fee
Senate District 24,"MULLICA, KYLE",Democratic,17.65,2024-08-07 00:00:00,"The Grill At Legacy Ridge, Westminister, Co",Westminster,CO,80031,"Food, Beverages and Meals",Lunch With Supporter
Senate District 24,"MULLICA, KYLE",Democratic,0.2,2024-08-11 00:00:00,Actblue,Somerville,MA,02144,Bank Fees,Processing Fees
Senate District 24,"MULLICA, KYLE",Democratic,250.0,2024-08-12 00:00:00,Upstream,Wheat Ridge,CO,80033,Consultant & Professional Services,Compliance Support
Senate District 24,"MULLICA, KYLE",Democratic,250.0,2024-08-12 00:00:00,Boulder County Democratic Party,Boulder,CO,80303,Other,Event Ticket
Senate District 24,"MULLICA, KYLE",Democratic,0.99,2024-08-18 00:00:00,Actblue,Somerville,MA,02144,Bank Fees,Processing Fees
Senate District 24,"MULLICA, KYLE",Democratic,450.0,2024-08-20 00:00:00,Out Boulder County,Boulder,CO,80301,Fundraising Expenses,Event Ticket
Senate District 24,"MULLICA, KYLE",Democratic,10.19,2024-08-26 00:00:00,Red Frog Coffee,Longmont,CO,80501,"Food, Beverages and Meals",Coffee With Supporter
Senate District 24,"MULLICA, KYLE",Democratic,2.0,2024-08-30 00:00:00,Firstbank,Lakewood,CO,80215,Bank Fees,Bank Fees
Senate District 24,"MULLICA, KYLE",Democratic,20.96,2024-09-03 00:00:00,Mailchimp,Atlanta,GA,30308,Office Equipment & Supplies,Email Hosting Platform
Senate District 24,"MULLICA, KYLE",Democratic,14.6,2024-09-03 00:00:00,Usps,Superior,CO,80027,Office Equipment & Supplies,Postage And Mailing Costs
Senate District 24,"MULLICA, KYLE",Democratic,200.0,2024-09-03 00:00:00,Kristine Kelly Design,Centennial,CO,80122,Consultant & Professional Services,Design Work
Senate District 24,"MULLICA, KYLE",Democratic,4.15,2024-09-08 00:00:00,Actblue,Somerville,MA,02144,Bank Fees,Processing Fees
Senate District 24,"MULLICA, KYLE",Democratic,7.55,2024-09-09 00:00:00,Paul'S Coffee And Tea,Louisville,CO,80027,"Food, Beverages and Meals",Coffee With Supporter
Senate District 24,"MULLICA, KYLE",Democratic,14.63,2024-09-16 00:00:00,East Simpson Coffee,Lafayette,CO,80026,"Food, Beverages and Meals",Coffee With Supporter
Senate District 24,"MULLICA, KYLE",Democratic,1.98,2024-09-22 00:00:00,Actblue,Somerville,MA,02144,Bank Fees,
Senate District 24,"MULLICA, KYLE",Democratic,21.93,2024-09-24 00:00:00,The Huckleberry,Louisville,CO,80027,"Food, Beverages and Meals",Lunch With Supporter
Senate District 24,"MULLICA, KYLE",Democratic,16.3,2024-09-24 00:00:00,Paul'S Coffee And Tea,Louisville,CO,80027,"Food, Beverages and Meals",Coffee With Supporters
Senate District 24,"MULLICA, KYLE",Democratic,20.96,2024-10-01 00:00:00,Mailchimp,Atlanta,GA,30308,Office Equipment & Supplies,Email Platform
Senate District 24,"MULLICA, KYLE",Democratic,1.75,2024-10-02 00:00:00,Denver City And County Parking,Denver,CO,80202,Other,Parking Meter Near Denver Public Works For Event
Senate District 24,"MULLICA, KYLE",Democratic,11.82,2024-10-02 00:00:00,Blue Sparrow Coffee,Denver,CO,80203,"Food, Beverages and Meals",Meeting With Supporters
Senate District 24,"MULLICA, KYLE",Democratic,289.27,2024-10-04 00:00:00,Upstream,Wheat Ridge,CO,80033,Consultant & Professional Services,Campaign Support
Senate District 24,"MULLICA, KYLE",Democratic,56.48,2024-10-04 00:00:00,Target,Superior,CO,80027,Office Equipment & Supplies,Printing Supplies
Senate District 24,"MULLICA, KYLE",Democratic,2000.0,2023-10-05 00:00:00,Upstream,Wheat Ridge,CO,80033,Consultant & Professional Services,Campaign Support In Operations Mgmt And Strategic Planning
Senate District 24,"MULLICA, KYLE",Democratic,0.2,2024-10-06 00:00:00,Actblue,Somerville,MA,02144,Bank Fees,Processing Fees
Senate District 24,"MULLICA, KYLE",Democratic,11.8,2024-10-07 00:00:00,Steam Espresso Bar,Denver,CO,80211,"Food, Beverages and Meals",Event Expense
Senate District 24,"MULLICA, KYLE",Democratic,21.93,2023-10-08 00:00:00,Actblue,Somerville,MA,02144,Bank Fees,Processing Fees
Senate District 24,"MULLICA, KYLE",Democratic,589.0,2024-10-10 00:00:00,Boulder Weekly,Boulder,CO,80302,Advertising,Print Ads
Senate District 24,"MULLICA, KYLE",Democratic,1.75,2024-10-10 00:00:00,City And County Of Denver,Denver,CO,80201,Other,Parking
Senate District 24,"MULLICA, KYLE",Democratic,7.9,2023-10-15 00:00:00,Actblue,Somerville,MA,02144,Bank Fees,Processing Fees
Senate District 24,"MULLICA, KYLE",Democratic,0.99,2024-10-20 00:00:00,Actblue,Somerville,MA,02144,Bank Fees,Processing Fees
Senate District 24,"MULLICA, KYLE",Democratic,26.68,2023-10-22 00:00:00,Actblue,Somerville,MA,02144,Bank Fees,Processing Fees
Senate District 24,"MULLICA, KYLE",Democratic,4.25,2024-10-24 00:00:00,Denver City And County Parking,Denver,CO,80202,Other,Parking
Senate District 24,"MULLICA, KYLE",Democratic,23.18,2024-10-24 00:00:00,Colorado Democratic Party,Denver,CO,80203,Miscellaneous,Election Night Watch Party Ticket
Senate District 24,"MULLICA, KYLE",Democratic,14.15,2024-10-24 00:00:00,Purple Door Coffee,Denver,CO,80203,"Food, Beverages and Meals",
Senate District 24,"MULLICA, KYLE",Democratic,4.0,2024-10-25 00:00:00,Denver City And County Parking,Denver,CO,80202,Other,Parking
Senate District 24,"MULLICA, KYLE",Democratic,56.0,2024-10-25 00:00:00,Usps,Superior,CO,80027,Office Equipment & Supplies,Postage
Senate District 24,"MULLICA, KYLE",Democratic,12.41,2024-10-25 00:00:00,Starbucks,Denver,CO,80290,"Food, Beverages and Meals",
Senate District 24,"MULLICA, KYLE",Democratic,3.0,2024-10-28 00:00:00,Denver City And County Parking,Denver,CO,80202,Other,Parking
Senate District 24,"MULLICA, KYLE",Democratic,46.43,2023-10-29 00:00:00,Actblue,Somerville,MA,02144,Bank Fees,Processing Fees
Senate District 24,"MULLICA, KYLE",Democratic,4.0,2024-10-29 00:00:00,Denver City And County Parking,Denver,CO,80202,Other,Parking
Senate District 24,"MULLICA, KYLE",Democratic,21.65,2024-10-29 00:00:00,Paul'S Coffee And Tea,Louisville,CO,80027,"Food, Beverages and Meals",
Senate District 24,"MULLICA, KYLE",Democratic,2500.0,2024-10-30 00:00:00,Eye Contact Media,Minneapolis,MN,55401,Consultant & Professional Services,Digital Communications
Senate District 24,"MULLICA, KYLE",Democratic,2000.0,2024-10-30 00:00:00,Upstream,Wheat Ridge,CO,80033,Consultant & Professional Services,
Senate District 24,"MULLICA, KYLE",Democratic,28.64,2024-10-31 00:00:00,Paul'S Coffee And Tea,Louisville,CO,80027,"Food, Beverages and Meals",
Senate District 24,"MULLICA, KYLE",Democratic,20.96,2024-10-31 00:00:00,Mailchimp,Atlanta,GA,30308,Advertising,
Senate District 24,"MULLICA, KYLE",Democratic,2.0,2024-10-31 00:00:00,Firstbank,Lakewood,CO,80215,Bank Fees,
Senate District 24,"MULLICA, KYLE",Democratic,2000.0,2023-11-01 00:00:00,Upstream,Wheat Ridge,CO,80033,Consultant & Professional Services,Campaign Support In Operations Mgmt And Strategic Planning
Senate District 24,"MULLICA, KYLE",Democratic,27.2,2023-11-01 00:00:00,Zoom,San Jose,CA,95113,Office Equipment & Supplies,Virtual Meeting Platform
Senate District 24,"MULLICA, KYLE",Democratic,163.15,2023-11-01 00:00:00,Zoom,San Jose,CA,95113,Office Equipment & Supplies,Virtual Meeting Platform
Senate District 24,"MULLICA, KYLE",Democratic,0.99,2024-11-03 00:00:00,Actblue,Somerville,MA,02144,Fundraising Expenses,
Senate District 24,"MULLICA, KYLE",Democratic,174.23,2024-11-04 00:00:00,Zoom,San Jose,CA,95113,Office Equipment & Supplies,
Senate District 24,"MULLICA, KYLE",Democratic,601.0,2024-11-04 00:00:00,Corazon Printing,Broomfield,CO,80020,Consultant & Professional Services,
Senate District 24,"MULLICA, KYLE",Democratic,61.84,2023-11-05 00:00:00,Actblue,Somerville,MA,02144,Bank Fees,Processing Fees
Senate District 24,"MULLICA, KYLE",Democratic,3000.0,2024-11-07 00:00:00,Matt  Voss,Denver,CO,80203,Consultant & Professional Services,
Senate District 24,"MULLICA, KYLE",Democratic,0.2,2024-11-10 00:00:00,Actblue,Somerville,MA,02144,Fundraising Expenses,
Senate District 24,"MULLICA, KYLE",Democratic,100.97,2023-11-12 00:00:00,Actblue,Somerville,MA,02144,Bank Fees,Processing Fees
Senate District 24,"MULLICA, KYLE",Democratic,21.14,2023-11-16 00:00:00,Huckleberry,Louisville,CO,80027,"Food, Beverages and Meals",Lunch With Supporter
Senate District 24,"MULLICA, KYLE",Democratic,125.0,2023-11-17 00:00:00,Corazon Printing,Broomfield,CO,80020,Office Equipment & Supplies,Bre Printing
Senate District 24,"MULLICA, KYLE",Democratic,152.09,2024-11-18 00:00:00,Residence Inn,Golden,CO,80401,Travel & Lodging,
Senate District 24,"MULLICA, KYLE",Democratic,67.38,2023-11-19 00:00:00,Actblue,Somerville,MA,02144,Bank Fees,Processing Fee
Senate District 24,"MULLICA, KYLE",Democratic,11.67,2023-11-20 00:00:00,Pablos Coffee,Denver,CO,80203,"Food, Beverages and Meals",Coffee With Supporter
Senate District 24,"MULLICA, KYLE",Democratic,10.85,2024-11-21 00:00:00,Paul'S Coffee And Tea,Louisville,CO,80027,"Food, Beverages and Meals",
Senate District 24,"MULLICA, KYLE",Democratic,7.91,2023-11-26 00:00:00,Actblue,Somerville,MA,02144,Bank Fees,Processing Fee
Senate District 24,"MULLICA, KYLE",Democratic,250.0,2023-11-28 00:00:00,Colorado Democratic Party,Denver,CO,80203,Fundraising Expenses,Fundraising Event Ticket
Senate District 24,"MULLICA, KYLE",Democratic,20.96,2023-11-29 00:00:00,Mailchimp,Atlanta,GA,30308,Office Equipment & Supplies,Email Platform
Senate District 24,"MULLICA, KYLE",Democratic,2.0,2024-11-29 00:00:00,Firstbank,Lakewood,CO,80215,Bank Fees,
Senate District 24,"MULLICA, KYLE",Democratic,56.48,2023-11-30 00:00:00,Target,Superior,CO,80027,Office Equipment & Supplies,Printing Supplies
Senate District 24,"MULLICA, KYLE",Democratic,11.92,2023-11-30 00:00:00,Huckleberry,Louisville,CO,80027,"Food, Beverages and Meals",Coffee With Supporter
Senate District 24,"MULLICA, KYLE",Democratic,6.94,2023-12-01 00:00:00,Prodigy Coffeehouse,Denver,CO,80205,"Food, Beverages and Meals",Coffee With A Supporter
Senate District 24,"MULLICA, KYLE",Democratic,69.73,2023-12-03 00:00:00,Actblue,Somerville,MA,02144,Bank Fees,Processing Fee
Senate District 24,"MULLICA, KYLE",Democratic,241.1,2024-12-03 00:00:00,Upstream,Wheat Ridge,CO,80033,Consultant & Professional Services,Texting
Senate District 24,"MULLICA, KYLE",Democratic,30.94,2023-12-04 00:00:00,Gemini Restaurant,Boulder,CO,80302,"Food, Beverages and Meals",
Senate District 24,"MULLICA, KYLE",Democratic,3.17,2023-12-10 00:00:00,Actblue,Somerville,MA,02144,Bank Fees,Processing Fee
Senate District 24,"MULLICA, KYLE",Democratic,59.98,2023-12-14 00:00:00,City-O-City,Denver,CO,80203,"Food, Beverages and Meals",Thank You Lunch For Staff
Senate District 24,"MULLICA, KYLE",Democratic,9.88,2023-12-17 00:00:00,Actblue,Somerville,MA,02144,Bank Fees,Processing Fee
Senate District 24,"MULLICA, KYLE",Democratic,51.0,2023-12-18 00:00:00,Us Post Office,Superior,CO,80227,Office Equipment & Supplies,Stamps
Senate District 24,"MULLICA, KYLE",Democratic,22.93,2023-12-24 00:00:00,Actblue,Somerville,MA,02144,Bank Fees,Processing Fee
Senate District 24,"MULLICA, KYLE",Democratic,500.0,2023-12-28 00:00:00,Matt  Voss,Denver,CO,80203,Consultant & Professional Services,Campaign Support
Senate District 24,"MULLICA, KYLE",Democratic,10.88,2023-12-31 00:00:00,Actblue,Somerville,MA,02144,Bank Fees,Processing Fee
Senate District 25,"BROMLEY, MARK",Unaffiliated,,,,,,,,
Senate District 25,"KLENOW, THOMAS",Democratic,,,,,,,,
Senate District 25,"LINDSTEDT, WILLIAM",Democratic,123.1,2025-06-01 00:00:00,Actblue,Somerville,MA,02144-3132,Bank Fees,
Senate District 25,"LINDSTEDT, WILLIAM",Democratic,36.95,2025-06-08 00:00:00,Actblue,Somerville,MA,02144-3132,Bank Fees,
Senate District 25,"LINDSTEDT, WILLIAM",Democratic,2.97,2025-06-15 00:00:00,Actblue,Somerville,MA,02144-3132,Bank Fees,
Senate District 25,"LINDSTEDT, WILLIAM",Democratic,15.0,2025-06-20 00:00:00,Action Network,Washington,DC,20036,Other,Email Service
Senate District 25,"LINDSTEDT, WILLIAM",Democratic,73.1,2025-06-22 00:00:00,Actblue,Somerville,MA,02144-3132,Bank Fees,
Senate District 25,"LINDSTEDT, WILLIAM",Democratic,19.37,2025-06-29 00:00:00,Actblue,Somerville,MA,02144-3132,Bank Fees,
Senate District 25,"LINDSTEDT, WILLIAM",Democratic,19.75,2025-06-30 00:00:00,Actblue,Somerville,MA,02144-3132,Bank Fees,
Senate District 25,"LINDSTEDT, WILLIAM",Democratic,2.0,2025-06-30 00:00:00,Firstbank,Lakewood,CO,80215,Bank Fees,
Senate District 25,"LINDSTEDT, WILLIAM",Democratic,120.0,2025-07-10 00:00:00,Canva Us,Austin,TX,78702,Other,Software Subscription
Senate District 25,"LINDSTEDT, WILLIAM",Democratic,15.0,2025-07-21 00:00:00,Action Network,Washington,DC,20036,Other,Email Service
Senate District 25,"LINDSTEDT, WILLIAM",Democratic,139.95,2025-07-22 00:00:00,William  Lindstedt,Redacted By Sos,CO,99999,Other,Software Subscription
Senate District 25,"LINDSTEDT, WILLIAM",Democratic,139.83,2025-07-22 00:00:00,William  Lindstedt,Redacted By Sos,CO,99999,Travel & Lodging,
Senate District 25,"LINDSTEDT, WILLIAM",Democratic,0.6,2025-07-27 00:00:00,Actblue,Somerville,MA,02144-3132,Bank Fees,
Senate District 25,"LINDSTEDT, WILLIAM",Democratic,450.0,2025-07-31 00:00:00,Adams County Democratic Party (A.C.D.C.C),Westminster,CO,80031,Other,Tickets To Fundraiser And Advertising
Senate District 25,"LINDSTEDT, WILLIAM",Democratic,2.0,2025-07-31 00:00:00,Firstbank,Lakewood,CO,80215,Bank Fees,
Senate District 25,"LINDSTEDT, WILLIAM",Democratic,13.83,2025-08-03 00:00:00,Actblue,Somerville,MA,02144-3132,Bank Fees,
Senate District 25,"LINDSTEDT, WILLIAM",Democratic,35.56,2025-08-10 00:00:00,Actblue,Somerville,MA,02144-3132,Bank Fees,
Senate District 25,"LINDSTEDT, WILLIAM",Democratic,110.64,2025-08-17 00:00:00,Actblue,Somerville,MA,02144-3132,Bank Fees,
Senate District 25,"LINDSTEDT, WILLIAM",Democratic,15.0,2025-08-19 00:00:00,Action Network,Washington,DC,20036,Other,Email Service
Senate District 25,"LINDSTEDT, WILLIAM",Democratic,19.75,2025-08-24 00:00:00,Actblue,Somerville,MA,02144-3132,Bank Fees,
Senate District 25,"LINDSTEDT, WILLIAM",Democratic,2.0,2025-08-29 00:00:00,Firstbank,Lakewood,CO,80215,Bank Fees,
Senate District 25,"LINDSTEDT, WILLIAM",Democratic,8.5,2025-08-31 00:00:00,Actblue,Somerville,MA,02144-3132,Bank Fees,
Senate District 25,"LINDSTEDT, WILLIAM",Democratic,37.19,2025-09-02 00:00:00,Bluehost.Com,Tempe,AZ,85281,Other,Domain Name Registration And Protection
Senate District 25,"LINDSTEDT, WILLIAM",Democratic,276.0,2025-09-10 00:00:00,"Squarespace, Inc. Varick Street, 12Th Floor",New York,NY,10014,Other,Website Subscription
Senate District 25,"LINDSTEDT, WILLIAM",Democratic,15.0,2025-09-19 00:00:00,Action Network,Washington,DC,20036,Other,Email Service
Senate District 25,"LINDSTEDT, WILLIAM",Democratic,17.78,2025-09-21 00:00:00,Actblue,Somerville,MA,02144-3132,Bank Fees,
Senate District 25,"LINDSTEDT, WILLIAM",Democratic,18.38,2025-09-28 00:00:00,Actblue,Somerville,MA,02144-3132,Bank Fees,
Senate District 25,"LINDSTEDT, WILLIAM",Democratic,2.0,2025-09-30 00:00:00,Firstbank,Lakewood,CO,80215,Bank Fees,
Senate District 25,"LINDSTEDT, WILLIAM",Democratic,500.0,2025-10-01 00:00:00,Adams County Democratic Latino Initiative,Westminster,CO,80035,Other,Fall Fundraiser - Latino Initiative
Senate District 25,"LINDSTEDT, WILLIAM",Democratic,1000.0,2025-10-03 00:00:00,Colorado Opportunity Caucus,Arvada,CO,80002,Travel & Lodging,Caucus Dues
Senate District 25,"LINDSTEDT, WILLIAM",Democratic,17.78,2025-10-05 00:00:00,Actblue,Somerville,MA,02144-3132,Bank Fees,
Senate District 25,"LINDSTEDT, WILLIAM",Democratic,15.0,2025-10-20 00:00:00,Action Network,Washington,DC,20036,Other,Email Service
Senate District 25,"LINDSTEDT, WILLIAM",Democratic,1.98,2025-10-26 00:00:00,Actblue,Somerville,MA,02144-3132,Bank Fees,
Senate District 25,"LINDSTEDT, WILLIAM",Democratic,2.0,2025-10-31 00:00:00,Firstbank,Lakewood,CO,80215,Bank Fees,
Senate District 25,"LINDSTEDT, WILLIAM",Democratic,0.6,2025-11-02 00:00:00,Actblue,Somerville,MA,02144-3132,Bank Fees,
Senate District 25,"LINDSTEDT, WILLIAM",Democratic,9.88,2025-11-03 00:00:00,Actblue,Somerville,MA,02144-3132,Bank Fees,
Senate District 25,"LINDSTEDT, WILLIAM",Democratic,2000.0,2025-11-17 00:00:00,Broomfield County Democrats,Broomfield,CO,80020,Other,Election Night Event
Senate District 25,"LINDSTEDT, WILLIAM",Democratic,15.0,2025-11-19 00:00:00,Action Network,Washington,DC,20036,Other,Email Service
Senate District 25,"LINDSTEDT, WILLIAM",Democratic,3.95,2025-11-21 00:00:00,Actblue,Somerville,MA,02144-3132,Bank Fees,
Senate District 25,"LINDSTEDT, WILLIAM",Democratic,0.6,2025-11-27 00:00:00,Actblue,Somerville,MA,02144-3132,Bank Fees,
Senate District 25,"LINDSTEDT, WILLIAM",Democratic,2.0,2025-11-28 00:00:00,Firstbank,Lakewood,CO,80215,Bank Fees,
Senate District 25,"LINDSTEDT, WILLIAM",Democratic,865.4,2025-12-03 00:00:00,Colorado Democratic Party,Denver,CO,80203,Fundraising Expenses,
Senate District 25,"LINDSTEDT, WILLIAM",Democratic,257.5,2025-12-12 00:00:00,Wonderland Brewing,Broomfield,CO,80020,Other,Event Space
Senate District 25,"LINDSTEDT, WILLIAM",Democratic,174.53,2025-12-13 00:00:00,Zoom.Inc,San Jose,CA,95113,Other,Conference Call Access
Senate District 25,"LINDSTEDT, WILLIAM",Democratic,22.72,2025-12-14 00:00:00,Actblue,Somerville,MA,02144-3132,Bank Fees,
Senate District 25,"LINDSTEDT, WILLIAM",Democratic,150.0,2025-12-15 00:00:00,Wonderland Brewing,Broomfield,CO,80020,"Food, Beverages and Meals",Event Cost
Senate District 25,"LINDSTEDT, WILLIAM",Democratic,15.0,2025-12-19 00:00:00,Action Network,Washington,DC,20036,Other,Email Service
Senate District 25,"LINDSTEDT, WILLIAM",Democratic,0.6,2025-12-28 00:00:00,Actblue,Somerville,MA,02144-3132,Bank Fees,
Senate District 25,"LINDSTEDT, WILLIAM",Democratic,1937.5,2025-12-30 00:00:00,Co House Majority Project,Denver,CO,80203,Contributions,
Senate District 25,"LINDSTEDT, WILLIAM",Democratic,1937.5,2025-12-30 00:00:00,Democratic Senate Caucus Fund,Denver,CO,80203,Contributions,
Senate District 25,"LINDSTEDT, WILLIAM",Democratic,2.0,2025-12-31 00:00:00,Firstbank,Lakewood,CO,80215,Bank Fees,
Senate District 27,"GIBBS, DARRYL",Republican,,,,,,,,
Senate District 27,"LAMMON, DANIELLE",Republican,2.3,2025-09-06 00:00:00,Anedot,New Orleans,LA,70112,Bank Fees,Anedot Merchant Fees
Senate District 27,"LAMMON, DANIELLE",Republican,1687.5,2025-09-18 00:00:00,Charity Meinhart Design,Grand Junction,CO,81506,Consultant & Professional Services,Branding And Website
Senate District 27,"LAMMON, DANIELLE",Republican,75.0,2025-10-09 00:00:00,Independence Institute,Denver,CO,80203,"Food, Beverages and Meals",Independent Women'S Luncheon
Senate District 27,"LAMMON, DANIELLE",Republican,38.88,2025-10-11 00:00:00,Abilene Awards And Logos Inc,Aurora,CO,80012,Miscellaneous,Name Badges
Senate District 27,"LAMMON, DANIELLE",Republican,2012.0,2025-10-13 00:00:00,76 Group,Denver,CO,80231,Consultant & Professional Services,
Senate District 27,"LAMMON, DANIELLE",Republican,689.87,2025-10-21 00:00:00,Cotrell Printing,Centennial,CO,80112,Fundraising Expenses,"Palm Cards, Business Cards, Posters, Envelopes"
Senate District 27,"LAMMON, DANIELLE",Republican,94.68,2025-10-22 00:00:00,Sam'S Club,Aurora,CO,80016,Advertising,"In Kind Donation - Cake, Ice, Wine And Beer For Kickoff Event"
Senate District 27,"LAMMON, DANIELLE",Republican,162.0,2025-10-25 00:00:00,Honey House Boards Llc,Aurora,CO,80016,"Food, Beverages and Meals",Kickoff Event
Senate District 27,"LAMMON, DANIELLE",Republican,29.44,2025-12-05 00:00:00,Google Llc,Mountain View,CA,94043,Office Equipment & Supplies,Google Workspace Q4
Senate District 27,"LAMMON, DANIELLE",Republican,101.9,2025-12-31 00:00:00,Anedot,New Orleans,LA,70112,Bank Fees,Anedot Merchant Fees Q4
Senate District 27,"SULLIVAN, TOM",Democratic,7.2,2025-01-02 00:00:00,Squarespace,New York,NY,10014,Office Equipment & Supplies,
Senate District 27,"SULLIVAN, TOM",Democratic,236.0,2025-01-13 00:00:00,Squarespace,New York,NY,10014,Office Equipment & Supplies,
Senate District 27,"SULLIVAN, TOM",Democratic,182.0,2025-01-13 00:00:00,Usps,Centennial,CO,80015,Office Equipment & Supplies,
Senate District 27,"SULLIVAN, TOM",Democratic,17.07,2025-01-15 00:00:00,Zoom Video Communication Inc.,San Jose,CA,95113,Office Equipment & Supplies,
Senate District 27,"SULLIVAN, TOM",Democratic,276.0,2025-01-27 00:00:00,Squarespace,New York,NY,10014,Office Equipment & Supplies,
Senate District 27,"SULLIVAN, TOM",Democratic,8.63,2025-01-28 00:00:00,Google,Mountain View,CA,94043,Office Equipment & Supplies,
Senate District 27,"SULLIVAN, TOM",Democratic,341.96,2025-01-30 00:00:00,Payroll Vault,Greenwood Village,CO,80111,Employee Services,
Senate District 27,"SULLIVAN, TOM",Democratic,2.0,2025-01-31 00:00:00,First Bank,Lakewood,CO,80215,Bank Fees,
Senate District 27,"SULLIVAN, TOM",Democratic,7.2,2025-02-03 00:00:00,Squarespace,New York,NY,10014,Office Equipment & Supplies,
Senate District 27,"SULLIVAN, TOM",Democratic,170.7,2025-02-11 00:00:00,Zoom Video Communication Inc.,San Jose,CA,95113,Office Equipment & Supplies,
Senate District 27,"SULLIVAN, TOM",Democratic,17.07,2025-02-18 00:00:00,Zoom Video Communication Inc.,San Jose,CA,95113,Office Equipment & Supplies,
Senate District 27,"SULLIVAN, TOM",Democratic,12.0,2025-02-18 00:00:00,Squarespace,New York,NY,10014,Office Equipment & Supplies,
Senate District 27,"SULLIVAN, TOM",Democratic,110.0,2025-02-25 00:00:00,Mail Chimp,Atlanta,GA,30308,Advertising,
Senate District 27,"SULLIVAN, TOM",Democratic,330.13,2025-02-27 00:00:00,Payroll Vault,Greenwood Village,CO,80111,Employee Services,
Senate District 27,"SULLIVAN, TOM",Democratic,8.63,2025-02-28 00:00:00,Google,Mountain View,CA,94043,Office Equipment & Supplies,
Senate District 27,"SULLIVAN, TOM",Democratic,2.0,2025-02-28 00:00:00,First Bank,Lakewood,CO,80215,Bank Fees,
Senate District 27,"SULLIVAN, TOM",Democratic,7.2,2025-03-03 00:00:00,Squarespace,New York,NY,10014,Office Equipment & Supplies,
Senate District 27,"SULLIVAN, TOM",Democratic,17.07,2025-03-17 00:00:00,Zoom Video Communication Inc.,San Jose,CA,95113,Office Equipment & Supplies,
Senate District 27,"SULLIVAN, TOM",Democratic,110.0,2025-03-25 00:00:00,Mail Chimp,Atlanta,GA,30308,Fundraising Expenses,
Senate District 27,"SULLIVAN, TOM",Democratic,8.63,2025-03-28 00:00:00,Google,Mountain View,CA,94043,Office Equipment & Supplies,
Senate District 27,"SULLIVAN, TOM",Democratic,331.98,2025-03-28 00:00:00,Payroll Vault,Greenwood Village,CO,80111,Employee Services,
Senate District 27,"SULLIVAN, TOM",Democratic,2.0,2025-03-31 00:00:00,First Bank,Lakewood,CO,80215,Bank Fees,
Senate District 27,"SULLIVAN, TOM",Democratic,276.0,2025-04-01 00:00:00,Squarespace,New York,NY,10014,Office Equipment & Supplies,
Senate District 27,"SULLIVAN, TOM",Democratic,8.4,2025-04-02 00:00:00,Squarespace,New York,NY,10014,Office Equipment & Supplies,
Senate District 27,"SULLIVAN, TOM",Democratic,17.07,2025-04-15 00:00:00,Zoom Video Communication Inc.,San Jose,CA,95113,Office Equipment & Supplies,
Senate District 27,"SULLIVAN, TOM",Democratic,110.0,2025-04-25 00:00:00,Mail Chimp,Atlanta,GA,30308,Office Equipment & Supplies,
Senate District 27,"SULLIVAN, TOM",Democratic,8.63,2025-04-28 00:00:00,Google,Mountain View,CA,94043,Office Equipment & Supplies,
Senate District 27,"SULLIVAN, TOM",Democratic,331.97,2025-04-29 00:00:00,Payroll Vault,Greenwood Village,CO,80111,Employee Services,
Senate District 27,"SULLIVAN, TOM",Democratic,2.0,2025-04-30 00:00:00,First Bank,Lakewood,CO,80215,Bank Fees,
Senate District 27,"SULLIVAN, TOM",Democratic,8.4,2025-05-02 00:00:00,Squarespace,New York,NY,10014,Office Equipment & Supplies,
Senate District 27,"SULLIVAN, TOM",Democratic,17.07,2025-05-15 00:00:00,Zoom Video Communication Inc.,San Jose,CA,95113,Office Equipment & Supplies,
Senate District 27,"SULLIVAN, TOM",Democratic,110.0,2025-05-27 00:00:00,Mail Chimp,Atlanta,GA,30308,Advertising,
Senate District 27,"SULLIVAN, TOM",Democratic,8.63,2025-05-28 00:00:00,Google,Mountain View,CA,94043,Office Equipment & Supplies,
Senate District 27,"SULLIVAN, TOM",Democratic,331.98,2025-05-29 00:00:00,Payroll Vault,Greenwood Village,CO,80111,Employee Services,
Senate District 27,"SULLIVAN, TOM",Democratic,2.0,2025-05-30 00:00:00,First Bank,Lakewood,CO,80215,Bank Fees,
Senate District 27,"SULLIVAN, TOM",Democratic,8.4,2025-06-02 00:00:00,Squarespace,New York,NY,10014,Office Equipment & Supplies,
Senate District 27,"SULLIVAN, TOM",Democratic,469.03,2025-06-12 00:00:00,Colorado Department Of Labor And Employment,Denver,CO,80202,Other,Co Unemployment Services
Senate District 27,"SULLIVAN, TOM",Democratic,18.13,2025-06-13 00:00:00,Zoom Video Communication Inc.,San Jose,CA,95113,Office Equipment & Supplies,
Senate District 27,"SULLIVAN, TOM",Democratic,110.0,2025-06-25 00:00:00,Mail Chimp,Atlanta,GA,30308,Advertising,
Senate District 27,"SULLIVAN, TOM",Democratic,331.97,2025-06-27 00:00:00,Payroll Vault,Greenwood Village,CO,80111,Employee Services,
Senate District 27,"SULLIVAN, TOM",Democratic,8.63,2025-06-30 00:00:00,Google,Mountain View,CA,94043,Office Equipment & Supplies,
Senate District 27,"SULLIVAN, TOM",Democratic,8.4,2025-07-02 00:00:00,Squarespace,New York,NY,10014,Office Equipment & Supplies,
Senate District 27,"SULLIVAN, TOM",Democratic,18.13,2025-07-15 00:00:00,Zoom Video Communication Inc.,San Jose,CA,95113,Office Equipment & Supplies,
Senate District 27,"SULLIVAN, TOM",Democratic,110.0,2025-07-25 00:00:00,Mail Chimp,Atlanta,GA,30308,Office Equipment & Supplies,
Senate District 27,"SULLIVAN, TOM",Democratic,8.63,2025-07-28 00:00:00,Google,Mountain View,CA,94043,Office Equipment & Supplies,
Senate District 27,"SULLIVAN, TOM",Democratic,331.98,2025-07-30 00:00:00,Payroll Vault,Greenwood Village,CO,80111,Employee Services,
Senate District 27,"SULLIVAN, TOM",Democratic,2.0,2025-07-31 00:00:00,First Bank,Lakewood,CO,80215,Bank Fees,
Senate District 27,"SULLIVAN, TOM",Democratic,8.4,2025-08-04 00:00:00,Squarespace,New York,NY,10014,Office Equipment & Supplies,
Senate District 27,"SULLIVAN, TOM",Democratic,18.13,2025-08-15 00:00:00,Zoom Video Communication Inc.,San Jose,CA,95113,Office Equipment & Supplies,
Senate District 27,"SULLIVAN, TOM",Democratic,110.0,2025-08-25 00:00:00,Mail Chimp,Atlanta,GA,30308,Office Equipment & Supplies,
Senate District 27,"SULLIVAN, TOM",Democratic,11.87,2025-08-28 00:00:00,Google,Mountain View,CA,94043,Office Equipment & Supplies,
Senate District 27,"SULLIVAN, TOM",Democratic,331.97,2025-08-28 00:00:00,Payroll Vault,Greenwood Village,CO,80111,Employee Services,
Senate District 27,"SULLIVAN, TOM",Democratic,2.0,2025-08-29 00:00:00,First Bank,Lakewood,CO,80215,Bank Fees,
Senate District 27,"SULLIVAN, TOM",Democratic,8.4,2025-09-02 00:00:00,Squarespace,New York,NY,10014,Office Equipment & Supplies,
Senate District 27,"SULLIVAN, TOM",Democratic,18.13,2025-09-15 00:00:00,Zoom Video Communication Inc.,San Jose,CA,95113,Office Equipment & Supplies,
Senate District 27,"SULLIVAN, TOM",Democratic,110.0,2025-09-25 00:00:00,Mail Chimp,Atlanta,GA,30308,Advertising,
Senate District 27,"SULLIVAN, TOM",Democratic,11.87,2025-09-29 00:00:00,Google,Mountain View,CA,94043,Office Equipment & Supplies,
Senate District 27,"SULLIVAN, TOM",Democratic,331.98,2025-09-29 00:00:00,Payroll Vault,Greenwood Village,CO,80111,Employee Services,
Senate District 27,"SULLIVAN, TOM",Democratic,2.0,2025-09-30 00:00:00,First Bank,Lakewood,CO,80215,Bank Fees,
Senate District 27,"SULLIVAN, TOM",Democratic,6.0,2024-10-02 00:00:00,Squarespace,New York,NY,10014,Office Equipment & Supplies,
Senate District 27,"SULLIVAN, TOM",Democratic,357.0,2024-10-07 00:00:00,Kfg Stratedgies,Denver,CO,80218,Consultant & Professional Services,
Senate District 27,"SULLIVAN, TOM",Democratic,17.07,2024-10-15 00:00:00,Zoom Video Communication Inc.,San Jose,CA,95113,Office Equipment & Supplies,
Senate District 27,"SULLIVAN, TOM",Democratic,2.59,2024-10-23 00:00:00,Act Blue,Somerville,MA,02144,Fundraising Expenses,Actblue Expenses
Senate District 27,"SULLIVAN, TOM",Democratic,8.63,2024-10-28 00:00:00,Google,Mountain View,CA,94043,Office Equipment & Supplies,
Senate District 27,"SULLIVAN, TOM",Democratic,110.0,2024-10-30 00:00:00,Mail Chimp,Atlanta,GA,30308,Advertising,Mailchimp Charge Of $616.00 Was In Error After Discussion A Refund Was Issued For $506.00.
Senate District 27,"SULLIVAN, TOM",Democratic,331.0,2024-10-30 00:00:00,Payroll Vault,Greenwood Village,CO,80111,Employee Services,
Senate District 27,"SULLIVAN, TOM",Democratic,2.0,2024-10-31 00:00:00,First Bank,Lakewood,CO,80215,Bank Fees,
Senate District 27,"SULLIVAN, TOM",Democratic,7.2,2024-11-04 00:00:00,Squarespace,New York,NY,10014,Office Equipment & Supplies,
Senate District 27,"SULLIVAN, TOM",Democratic,17.07,2024-11-15 00:00:00,Zoom Video Communication Inc.,San Jose,CA,95113,Office Equipment & Supplies,
Senate District 27,"SULLIVAN, TOM",Democratic,331.01,2024-11-27 00:00:00,Payroll Vault,Greenwood Village,CO,80111,Employee Services,
Senate District 27,"SULLIVAN, TOM",Democratic,8.63,2024-11-29 00:00:00,Google,Mountain View,CA,94043,Office Equipment & Supplies,
Senate District 27,"SULLIVAN, TOM",Democratic,2.0,2024-11-30 00:00:00,First Bank,Lakewood,CO,80215,Bank Fees,
Senate District 27,"SULLIVAN, TOM",Democratic,7.2,2024-12-02 00:00:00,Squarespace,New York,NY,10014,Office Equipment & Supplies,
Senate District 27,"SULLIVAN, TOM",Democratic,17.07,2024-12-16 00:00:00,Zoom Video Communication Inc.,San Jose,CA,95113,Office Equipment & Supplies,
Senate District 27,"SULLIVAN, TOM",Democratic,38.91,2024-12-17 00:00:00,United States Treasury,Denver,CO,80202,Employee Services,
Senate District 27,"SULLIVAN, TOM",Democratic,8.63,2024-12-30 00:00:00,Google,Mountain View,CA,94043,Office Equipment & Supplies,
Senate District 27,"SULLIVAN, TOM",Democratic,331.0,2024-12-30 00:00:00,Payroll Vault,Greenwood Village,CO,80111,Employee Services,
Senate District 27,"SULLIVAN, TOM",Democratic,-3098.0,2024-12-31 00:00:00,Bright Star Strategies,Grand Junction,CO,81501,Returned Expenditure,Check Was Never Cashed
Senate District 27,"SULLIVAN, TOM",Democratic,8.4,2025-10-02 00:00:00,Squarespace,New York,NY,10014,Advertising,
Senate District 27,"SULLIVAN, TOM",Democratic,18.13,2025-10-15 00:00:00,Zoom Video Communication Inc.,San Jose,CA,95113,Office Equipment & Supplies,
Senate District 27,"SULLIVAN, TOM",Democratic,110.0,2025-10-27 00:00:00,Mail Chimp,Atlanta,GA,30308,Advertising,
Senate District 27,"SULLIVAN, TOM",Democratic,11.87,2025-10-28 00:00:00,Google,Mountain View,CA,94043,Office Equipment & Supplies,
Senate District 27,"SULLIVAN, TOM",Democratic,331.97,2025-10-30 00:00:00,Payroll Vault,Greenwood Village,CO,80111,Employee Services,
Senate District 27,"SULLIVAN, TOM",Democratic,2.0,2025-10-31 00:00:00,First Bank,Lakewood,CO,80215,Bank Fees,
Senate District 27,"SULLIVAN, TOM",Democratic,8.4,2025-11-03 00:00:00,Square Space Inc,Portland,OR,97204,Advertising,
Senate District 27,"SULLIVAN, TOM",Democratic,18.13,2025-11-17 00:00:00,Zoom Video Communication Inc.,San Jose,CA,95113,Office Equipment & Supplies,
Senate District 27,"SULLIVAN, TOM",Democratic,110.0,2025-11-25 00:00:00,Mail Chimp,Atlanta,GA,30308,Advertising,
Senate District 27,"SULLIVAN, TOM",Democratic,331.98,2025-11-26 00:00:00,Payroll Vault,Greenwood Village,CO,80111,Employee Services,
Senate District 27,"SULLIVAN, TOM",Democratic,11.87,2025-11-28 00:00:00,Google,Mountain View,CA,94043,Office Equipment & Supplies,
Senate District 27,"SULLIVAN, TOM",Democratic,2.0,2025-11-28 00:00:00,First Bank,Lakewood,CO,80215,Bank Fees,
Senate District 27,"SULLIVAN, TOM",Democratic,12.0,2025-12-01 00:00:00,First Bank,Lakewood,CO,80215,Bank Fees,
Senate District 27,"SULLIVAN, TOM",Democratic,8.72,2025-12-02 00:00:00,Square Space Inc,Portland,OR,97204,Office Equipment & Supplies,
Senate District 27,"SULLIVAN, TOM",Democratic,18.13,2025-12-15 00:00:00,Zoom Video Communication Inc.,San Jose,CA,95113,Office Equipment & Supplies,
Senate District 27,"SULLIVAN, TOM",Democratic,110.0,2025-12-26 00:00:00,Mail Chimp,Atlanta,GA,30308,Advertising,
Senate District 27,"SULLIVAN, TOM",Democratic,11.4,2025-12-29 00:00:00,Google,Mountain View,CA,94043,Office Equipment & Supplies,
Senate District 27,"SULLIVAN, TOM",Democratic,331.97,2025-12-30 00:00:00,Payroll Vault,Greenwood Village,CO,80111,Employee Services,
Senate District 27,"SULLIVAN, TOM",Democratic,2.0,2025-12-31 00:00:00,First Bank,Lakewood,CO,80215,Bank Fees,
Senate District 27,"SULLIVAN, TOM",Democratic,63.0,2023-01-04 00:00:00,Gusto Payroll,Denver,CO,80202,Employee Services,Fee
Senate District 27,"SULLIVAN, TOM",Democratic,321.85,2023-01-12 00:00:00,Squarespace,New York,NY,10014,Advertising,
Senate District 27,"SULLIVAN, TOM",Democratic,15.99,2023-01-17 00:00:00,Zoom Video Communication Inc.,San Jose,CA,95113,Office Equipment & Supplies,
Senate District 27,"SULLIVAN, TOM",Democratic,166.0,2023-01-17 00:00:00,Usps,Centennial,CO,80015,Office Equipment & Supplies,
Senate District 27,"SULLIVAN, TOM",Democratic,107.51,2023-01-17 00:00:00,Don Burns Llc,Arvada,CO,80004,Consultant & Professional Services,Portrait
Senate District 27,"SULLIVAN, TOM",Democratic,80.0,2023-01-25 00:00:00,Mail Chimp,Atlanta,GA,30308,Advertising,
Senate District 27,"SULLIVAN, TOM",Democratic,90.0,2023-01-30 00:00:00,Payroll Vault,Greenwood Village,CO,80111,Employee Services,
Senate District 27,"SULLIVAN, TOM",Democratic,252.0,2023-01-31 00:00:00,Squarespace,New York,NY,10014,Advertising,
Senate District 27,"SULLIVAN, TOM",Democratic,2.0,2023-01-31 00:00:00,First Bank,Lakewood,CO,80215,Bank Fees,
Senate District 27,"SULLIVAN, TOM",Democratic,63.0,2023-02-06 00:00:00,Gusto Payroll,Denver,CO,80202,Employee Services,
Senate District 27,"SULLIVAN, TOM",Democratic,3004.08,2023-02-08 00:00:00,Gusto Payroll,Denver,CO,80202,Employee Services,
Senate District 27,"SULLIVAN, TOM",Democratic,1138.93,2023-02-08 00:00:00,Gusto Payroll,Denver,CO,80202,Employee Services,
Senate District 27,"SULLIVAN, TOM",Democratic,15.99,2023-02-15 00:00:00,Zoom Video Communication Inc.,San Jose,CA,95113,Advertising,
Senate District 27,"SULLIVAN, TOM",Democratic,115.0,2023-02-27 00:00:00,Mail Chimp,Atlanta,GA,30308,Advertising,
Senate District 27,"SULLIVAN, TOM",Democratic,2.0,2023-02-28 00:00:00,First Bank,Lakewood,CO,80215,Bank Fees,
Senate District 27,"SULLIVAN, TOM",Democratic,63.0,2023-03-02 00:00:00,Gusto Payroll,Denver,CO,80202,Employee Services,Invoice
Senate District 27,"SULLIVAN, TOM",Democratic,12.0,2023-03-02 00:00:00,Google,Mountain View,CA,94043,Advertising,
Senate District 27,"SULLIVAN, TOM",Democratic,169.2,2023-03-14 00:00:00,Minuteman Press,Aurora,CO,80012,Advertising,Postcards
Senate District 27,"SULLIVAN, TOM",Democratic,17.07,2023-03-16 00:00:00,Zoom Video Communication Inc.,San Jose,CA,95113,Office Equipment & Supplies,
Senate District 27,"SULLIVAN, TOM",Democratic,61.19,2023-03-16 00:00:00,Payroll Vault,Greenwood Village,CO,80111,Employee Services,Invoice
Senate District 27,"SULLIVAN, TOM",Democratic,1351.17,2023-03-16 00:00:00,Payroll Vault,Greenwood Village,CO,80111,Employee Services,Taxes
Senate District 27,"SULLIVAN, TOM",Democratic,1679.34,2023-03-16 00:00:00,Payroll Vault,Greenwood Village,CO,80111,Employee Services,Payroll
Senate District 27,"SULLIVAN, TOM",Democratic,115.0,2023-03-27 00:00:00,Mail Chimp,Atlanta,GA,30308,Advertising,
Senate District 27,"SULLIVAN, TOM",Democratic,1679.35,2023-03-30 00:00:00,Payroll Vault,Greenwood Village,CO,80111,Employee Services,Payroll
Senate District 27,"SULLIVAN, TOM",Democratic,1351.15,2023-03-30 00:00:00,Payroll Vault,Greenwood Village,CO,80111,Employee Services,Taxes
Senate District 27,"SULLIVAN, TOM",Democratic,61.19,2023-03-30 00:00:00,Payroll Vault,Greenwood Village,CO,80111,Employee Services,Invoice
Senate District 27,"SULLIVAN, TOM",Democratic,42.78,2023-03-31 00:00:00,Act Blue,Somerville,MA,02144,Fundraising Expenses,Act Blue Expenses From 12/09/2023 Through 03/31/2023.
Senate District 27,"SULLIVAN, TOM",Democratic,2.0,2023-04-01 00:00:00,First Bank,Lakewood,CO,80215,Bank Fees,
Senate District 27,"SULLIVAN, TOM",Democratic,130.46,2023-04-03 00:00:00,Vista Print,Waltham,MA,02451,Office Equipment & Supplies,Order Number Vp Nj5Mg72Q
Senate District 27,"SULLIVAN, TOM",Democratic,6.0,2023-04-03 00:00:00,Google,Mountain View,CA,94043,Office Equipment & Supplies,Monthly Plan
Senate District 27,"SULLIVAN, TOM",Democratic,17.07,2023-04-17 00:00:00,Zoom Video Communication Inc.,San Jose,CA,95113,Office Equipment & Supplies,
Senate District 27,"SULLIVAN, TOM",Democratic,115.0,2023-04-25 00:00:00,Mail Chimp,Atlanta,GA,30308,Advertising,
Senate District 27,"SULLIVAN, TOM",Democratic,61.19,2023-04-27 00:00:00,Payroll Vault,Greenwood Village,CO,80111,Employee Services,Ivoice
Senate District 27,"SULLIVAN, TOM",Democratic,1679.34,2023-04-27 00:00:00,Payroll Vault,Greenwood Village,CO,80111,Employee Services,Payroll
Senate District 27,"SULLIVAN, TOM",Democratic,1048.42,2023-04-27 00:00:00,Payroll Vault,Greenwood Village,CO,80111,Employee Services,Taxes
Senate District 27,"SULLIVAN, TOM",Democratic,2.0,2023-04-28 00:00:00,First Bank,Lakewood,CO,80215,Bank Fees,
Senate District 27,"SULLIVAN, TOM",Democratic,6.0,2023-05-02 00:00:00,Google,Mountain View,CA,94043,Office Equipment & Supplies,
Senate District 27,"SULLIVAN, TOM",Democratic,60.0,2023-05-04 00:00:00,Payroll Vault,Greenwood Village,CO,80111,Employee Services,
Senate District 27,"SULLIVAN, TOM",Democratic,17.07,2023-05-15 00:00:00,Zoom Video Communication Inc.,San Jose,CA,95113,Office Equipment & Supplies,
Senate District 27,"SULLIVAN, TOM",Democratic,80.0,2023-05-25 00:00:00,Mail Chimp,Atlanta,GA,30308,Office Equipment & Supplies,
Senate District 27,"SULLIVAN, TOM",Democratic,1679.35,2023-05-30 00:00:00,Payroll Vault,Greenwood Village,CO,80111,Employee Services,
Senate District 27,"SULLIVAN, TOM",Democratic,1345.15,2023-05-30 00:00:00,Payroll Vault,Greenwood Village,CO,80111,Employee Services,
Senate District 27,"SULLIVAN, TOM",Democratic,61.19,2023-05-30 00:00:00,Payroll Vault,Greenwood Village,CO,80111,Employee Services,Invoice
Senate District 27,"SULLIVAN, TOM",Democratic,2.0,2023-05-31 00:00:00,First Bank,Lakewood,CO,80215,Bank Fees,
Senate District 27,"SULLIVAN, TOM",Democratic,6.0,2023-06-02 00:00:00,Google,Mountain View,CA,94043,Office Equipment & Supplies,
Senate District 27,"SULLIVAN, TOM",Democratic,17.07,2023-06-15 00:00:00,Zoom Video Communication Inc.,San Jose,CA,95113,Office Equipment & Supplies,
Senate District 27,"SULLIVAN, TOM",Democratic,80.0,2023-06-16 00:00:00,Mail Chimp,Atlanta,GA,30308,Office Equipment & Supplies,
Senate District 27,"SULLIVAN, TOM",Democratic,2.0,2023-06-23 00:00:00,First Bank,Lakewood,CO,80215,Bank Fees,
Senate District 27,"SULLIVAN, TOM",Democratic,61.19,2023-06-29 00:00:00,Payroll Vault,Greenwood Village,CO,80111,Employee Services,Invoice
Senate District 27,"SULLIVAN, TOM",Democratic,1326.79,2023-06-29 00:00:00,Payroll Vault,Greenwood Village,CO,80111,Employee Services,Taxes
Senate District 27,"SULLIVAN, TOM",Democratic,1679.34,2023-06-29 00:00:00,Payroll Vault,Greenwood Village,CO,80111,Employee Services,Payroll
Senate District 27,"SULLIVAN, TOM",Democratic,287.96,2023-06-29 00:00:00,Southwest Airlines,Dallas,TX,75235,Travel & Lodging,Conference
Senate District 27,"SULLIVAN, TOM",Democratic,179.0,2023-06-30 00:00:00,Employers,Henderson,NV,89053,Employee Services,
Senate District 27,"SULLIVAN, TOM",Democratic,6.0,2023-07-03 00:00:00,Google,Mountain View,CA,94043,Advertising,
Senate District 27,"SULLIVAN, TOM",Democratic,17.07,2023-07-17 00:00:00,Zoom Video Communication Inc.,San Jose,CA,95113,Office Equipment & Supplies,
Senate District 27,"SULLIVAN, TOM",Democratic,5705.73,2023-07-17 00:00:00,4Degrees,Lakewood,CO,80226,Consultant & Professional Services,Services For Development Of Digital Platforms.
Senate District 27,"SULLIVAN, TOM",Democratic,80.0,2023-07-25 00:00:00,Mail Chimp,Atlanta,GA,30308,Fundraising Expenses,
Senate District 27,"SULLIVAN, TOM",Democratic,2.0,2023-07-31 00:00:00,First Bank,Lakewood,CO,80215,Bank Fees,
Senate District 27,"SULLIVAN, TOM",Democratic,6.0,2023-08-02 00:00:00,Google,Mountain View,CA,94043,Fundraising Expenses,
Senate District 27,"SULLIVAN, TOM",Democratic,1480.63,2023-08-08 00:00:00,Payroll Vault,Greenwood Village,CO,80111,Employee Services,
Senate District 27,"SULLIVAN, TOM",Democratic,17.07,2023-08-15 00:00:00,Zoom Video Communication Inc.,San Jose,CA,95113,Office Equipment & Supplies,
Senate District 27,"SULLIVAN, TOM",Democratic,80.0,2023-08-24 00:00:00,Mail Chimp,Atlanta,GA,30308,Fundraising Expenses,
Senate District 27,"SULLIVAN, TOM",Democratic,6.39,2023-08-28 00:00:00,Google,Mountain View,CA,94043,Office Equipment & Supplies,
Senate District 27,"SULLIVAN, TOM",Democratic,330.57,2023-08-30 00:00:00,Payroll Vault,Greenwood Village,CO,80111,Employee Services,
Senate District 27,"SULLIVAN, TOM",Democratic,2.0,2023-08-31 00:00:00,First Bank,Lakewood,CO,80215,Bank Fees,
Senate District 27,"SULLIVAN, TOM",Democratic,6.0,2023-09-05 00:00:00,Google,Mountain View,CA,94043,Office Equipment & Supplies,
Senate District 27,"SULLIVAN, TOM",Democratic,17.07,2023-09-15 00:00:00,Zoom Video Communication Inc.,San Jose,CA,95113,Office Equipment & Supplies,
Senate District 27,"SULLIVAN, TOM",Democratic,80.0,2023-09-25 00:00:00,Mail Chimp,Atlanta,GA,30308,Office Equipment & Supplies,
Senate District 27,"SULLIVAN, TOM",Democratic,6.39,2023-09-28 00:00:00,Google,Mountain View,CA,94043,Office Equipment & Supplies,
Senate District 27,"SULLIVAN, TOM",Democratic,330.56,2023-09-28 00:00:00,Payroll Vault,Greenwood Village,CO,80111,Employee Services,
Senate District 27,"SULLIVAN, TOM",Democratic,2.0,2023-09-29 00:00:00,First Bank,Lakewood,CO,80215,Bank Fees,
Senate District 27,"SULLIVAN, TOM",Democratic,2844.37,2022-12-09 00:00:00,Gusto Payroll,Denver,CO,80202,Employee Services,Payroll
Senate District 27,"SULLIVAN, TOM",Democratic,1227.0,2022-12-09 00:00:00,Gusto Payroll,Denver,CO,80202,Employee Services,Taxes
Senate District 27,"SULLIVAN, TOM",Democratic,3987.35,2022-12-14 00:00:00,Choozle,Denver,CO,80216,Consultant & Professional Services,
Senate District 27,"SULLIVAN, TOM",Democratic,15.99,2022-12-15 00:00:00,Zoom Video Communication Inc.,San Jose,CA,95113,Office Equipment & Supplies,
Senate District 27,"SULLIVAN, TOM",Democratic,200.0,2022-12-19 00:00:00,Colorado Democratic Party Political Committee,Denver,CO,80203,Advertising,Senate Dem Cacus Expenses
Senate District 27,"SULLIVAN, TOM",Democratic,850.0,2022-12-19 00:00:00,Colorado Democratic Party Political Committee,Denver,CO,80203,Other,2023 Senate Dem Cacus Dues
Senate District 27,"SULLIVAN, TOM",Democratic,1690.55,2022-12-20 00:00:00,Gusto Payroll,Denver,CO,80202,Employee Services,Payroll After Adjustment Of 2844.36 - 1153.81 = 1690.55
Senate District 27,"SULLIVAN, TOM",Democratic,731.58,2022-12-20 00:00:00,Gusto Payroll,Denver,CO,80202,Employee Services,Taxes After Adjustment 1227.02 - 495.44 = 731.58
Senate District 27,"SULLIVAN, TOM",Democratic,69.99,2022-12-27 00:00:00,Mail Chimp,Atlanta,GA,30308,Advertising,
Senate District 27,"SULLIVAN, TOM",Democratic,36.07,2022-12-27 00:00:00,Gusto Payroll,Denver,CO,80202,Employee Services,Tax
Senate District 27,"SULLIVAN, TOM",Democratic,2.0,2022-12-30 00:00:00,First Bank,Lakewood,CO,80215,Bank Fees,
Senate District 27,"SULLIVAN, TOM",Democratic,6.0,2024-01-02 00:00:00,Google,Mountain View,CA,94043,Advertising,
Senate District 27,"SULLIVAN, TOM",Democratic,308.0,2024-01-11 00:00:00,Squarespace,New York,NY,10014,Fundraising Expenses,
Senate District 27,"SULLIVAN, TOM",Democratic,17.07,2024-01-16 00:00:00,Zoom Video Communication Inc.,San Jose,CA,95113,Office Equipment & Supplies,
Senate District 27,"SULLIVAN, TOM",Democratic,176.0,2024-01-16 00:00:00,Usps,Centennial,CO,80015,Office Equipment & Supplies,Po Box Fee
Senate District 27,"SULLIVAN, TOM",Democratic,80.0,2024-01-25 00:00:00,Mail Chimp,Atlanta,GA,30308,Fundraising Expenses,
Senate District 27,"SULLIVAN, TOM",Democratic,252.0,2024-01-26 00:00:00,Squarespace,New York,NY,10014,Fundraising Expenses,
Senate District 27,"SULLIVAN, TOM",Democratic,6.39,2024-01-29 00:00:00,Google,Mountain View,CA,94043,Advertising,
Senate District 27,"SULLIVAN, TOM",Democratic,363.85,2024-01-30 00:00:00,Payroll Vault,Greenwood Village,CO,80111,Employee Services,
Senate District 27,"SULLIVAN, TOM",Democratic,2.0,2024-01-31 00:00:00,First Bank,Lakewood,CO,80215,Bank Fees,
Senate District 27,"SULLIVAN, TOM",Democratic,6.0,2024-02-02 00:00:00,Google,Mountain View,CA,94043,Advertising,
Senate District 27,"SULLIVAN, TOM",Democratic,170.17,2024-02-12 00:00:00,Zoom Video Communication Inc.,San Jose,CA,95113,Office Equipment & Supplies,
Senate District 27,"SULLIVAN, TOM",Democratic,17.07,2024-02-15 00:00:00,Zoom Video Communication Inc.,San Jose,CA,95113,Office Equipment & Supplies,
Senate District 27,"SULLIVAN, TOM",Democratic,80.0,2024-02-26 00:00:00,Mail Chimp,Atlanta,GA,30308,Advertising,
Senate District 27,"SULLIVAN, TOM",Democratic,6.39,2024-02-28 00:00:00,Google,Mountain View,CA,94043,Office Equipment & Supplies,
Senate District 27,"SULLIVAN, TOM",Democratic,330.99,2024-02-28 00:00:00,Payroll Vault,Greenwood Village,CO,80111,Employee Services,
Senate District 27,"SULLIVAN, TOM",Democratic,2.0,2024-02-29 00:00:00,First Bank,Lakewood,CO,80215,Bank Fees,
Senate District 27,"SULLIVAN, TOM",Democratic,18.22,2024-03-04 00:00:00,Google,Mountain View,CA,94043,Advertising,
Senate District 27,"SULLIVAN, TOM",Democratic,17.07,2024-03-15 00:00:00,Zoom Video Communication Inc.,San Jose,CA,95113,Office Equipment & Supplies,
Senate District 27,"SULLIVAN, TOM",Democratic,80.0,2024-03-25 00:00:00,Mail Chimp,Atlanta,GA,30308,Advertising,
Senate District 27,"SULLIVAN, TOM",Democratic,6.47,2024-03-28 00:00:00,Google,Mountain View,CA,94043,Office Equipment & Supplies,
Senate District 27,"SULLIVAN, TOM",Democratic,331.0,2024-03-28 00:00:00,Payroll Vault,Greenwood Village,CO,80111,Employee Services,
Senate District 27,"SULLIVAN, TOM",Democratic,2.0,2024-03-29 00:00:00,First Bank,Lakewood,CO,80215,Bank Fees,
Senate District 27,"SULLIVAN, TOM",Democratic,24.1,2024-03-31 00:00:00,Act Blue,Somerville,MA,02144,Fundraising Expenses,Actblue Expenses 01/01/2024 Through 03/31/2024
Senate District 27,"SULLIVAN, TOM",Democratic,276.0,2024-04-01 00:00:00,Squarespace,New York,NY,10014,Advertising,
Senate District 27,"SULLIVAN, TOM",Democratic,6.22,2024-04-02 00:00:00,Google,Mountain View,CA,94043,Office Equipment & Supplies,
Senate District 27,"SULLIVAN, TOM",Democratic,17.07,2024-04-14 00:00:00,Zoom Video Communication Inc.,San Jose,CA,95113,Office Equipment & Supplies,
Senate District 27,"SULLIVAN, TOM",Democratic,17.07,2024-04-14 00:00:00,Zoom Video Communication Inc.,San Jose,CA,95113,Office Equipment & Supplies,
Senate District 27,"SULLIVAN, TOM",Democratic,80.0,2024-04-25 00:00:00,Mail Chimp,Atlanta,GA,30308,Fundraising Expenses,
Senate District 27,"SULLIVAN, TOM",Democratic,6.47,2024-04-29 00:00:00,Google,Mountain View,CA,94043,Office Equipment & Supplies,
Senate District 27,"SULLIVAN, TOM",Democratic,330.99,2024-04-29 00:00:00,Payroll Vault,Greenwood Village,CO,80111,Employee Services,
Senate District 27,"SULLIVAN, TOM",Democratic,2.0,2024-04-30 00:00:00,First Bank,Lakewood,CO,80215,Bank Fees,
Senate District 27,"SULLIVAN, TOM",Democratic,6.22,2024-05-02 00:00:00,Google,Mountain View,CA,94043,Office Equipment & Supplies,
Senate District 27,"SULLIVAN, TOM",Democratic,17.07,2024-05-15 00:00:00,Zoom Video Communication Inc.,San Jose,CA,95113,Office Equipment & Supplies,
Senate District 27,"SULLIVAN, TOM",Democratic,80.0,2024-05-28 00:00:00,Mail Chimp,Atlanta,GA,30308,Advertising,
Senate District 27,"SULLIVAN, TOM",Democratic,6.47,2024-05-28 00:00:00,Google,Mountain View,CA,94043,Office Equipment & Supplies,
Senate District 27,"SULLIVAN, TOM",Democratic,331.0,2024-05-30 00:00:00,Payroll Vault,Greenwood Village,CO,80111,Employee Services,
Senate District 27,"SULLIVAN, TOM",Democratic,2.0,2024-05-31 00:00:00,First Bank,Lakewood,CO,80215,Bank Fees,
Senate District 27,"SULLIVAN, TOM",Democratic,6.22,2024-06-03 00:00:00,Google,Mountain View,CA,94043,Office Equipment & Supplies,
Senate District 27,"SULLIVAN, TOM",Democratic,17.07,2024-06-17 00:00:00,Zoom Video Communication Inc.,San Jose,CA,95113,Office Equipment & Supplies,
Senate District 27,"SULLIVAN, TOM",Democratic,300.0,2024-06-25 00:00:00,Mail Chimp,Atlanta,GA,30308,Advertising,
Senate District 27,"SULLIVAN, TOM",Democratic,331.0,2024-06-27 00:00:00,Payroll Vault,Greenwood Village,CO,80111,Employee Services,
Senate District 27,"SULLIVAN, TOM",Democratic,6.47,2024-06-28 00:00:00,Google,Mountain View,CA,94043,Office Equipment & Supplies,
Senate District 27,"SULLIVAN, TOM",Democratic,2.0,2024-06-28 00:00:00,First Bank,Lakewood,CO,80215,Bank Fees,
Senate District 27,"SULLIVAN, TOM",Democratic,6.0,2024-07-01 00:00:00,Squarespace,New York,NY,10014,Advertising,
Senate District 27,"SULLIVAN, TOM",Democratic,179.0,2024-07-03 00:00:00,Employers,Henderson,NV,89053,Employee Services,
Senate District 27,"SULLIVAN, TOM",Democratic,17.07,2024-07-15 00:00:00,Zoom Video Communication Inc.,San Jose,CA,95113,Advertising,
Senate District 27,"SULLIVAN, TOM",Democratic,300.0,2024-07-29 00:00:00,Mail Chimp,Atlanta,GA,30308,Advertising,
Senate District 27,"SULLIVAN, TOM",Democratic,6.47,2024-07-29 00:00:00,Google,Mountain View,CA,94043,Office Equipment & Supplies,
Senate District 27,"SULLIVAN, TOM",Democratic,331.01,2024-07-30 00:00:00,Payroll Vault,Greenwood Village,CO,80111,Employee Services,
Senate District 27,"SULLIVAN, TOM",Democratic,2.0,2024-07-31 00:00:00,First Bank,Lakewood,CO,80215,Bank Fees,
Senate District 27,"SULLIVAN, TOM",Democratic,6.0,2024-08-02 00:00:00,Squarespace,New York,NY,10014,Advertising,
Senate District 27,"SULLIVAN, TOM",Democratic,716.83,2024-08-02 00:00:00,Kfg Stratedgies,Denver,CO,80218,Fundraising Expenses,
Senate District 27,"SULLIVAN, TOM",Democratic,17.07,2024-08-15 00:00:00,Zoom Video Communication Inc.,San Jose,CA,95113,Office Equipment & Supplies,
Senate District 27,"SULLIVAN, TOM",Democratic,266.25,2024-08-17 00:00:00,Kfg Stratedgies,Denver,CO,80218,Consultant & Professional Services,
Senate District 27,"SULLIVAN, TOM",Democratic,300.0,2024-08-26 00:00:00,Mail Chimp,Atlanta,GA,30308,Fundraising Expenses,
Senate District 27,"SULLIVAN, TOM",Democratic,8.63,2024-08-28 00:00:00,Google,Mountain View,CA,94043,Office Equipment & Supplies,
Senate District 27,"SULLIVAN, TOM",Democratic,331.0,2024-08-29 00:00:00,Payroll Vault,Greenwood Village,CO,80111,Employee Services,
Senate District 27,"SULLIVAN, TOM",Democratic,2.0,2024-08-31 00:00:00,First Bank,Lakewood,CO,80215,Bank Fees,
Senate District 27,"SULLIVAN, TOM",Democratic,12.0,2024-09-03 00:00:00,Squarespace,New York,NY,10014,Office Equipment & Supplies,
Senate District 27,"SULLIVAN, TOM",Democratic,17.07,2024-09-16 00:00:00,Zoom Video Communication Inc.,San Jose,CA,95113,Office Equipment & Supplies,
Senate District 27,"SULLIVAN, TOM",Democratic,300.0,2024-09-25 00:00:00,Mail Chimp,Atlanta,GA,30308,Fundraising Expenses,
Senate District 27,"SULLIVAN, TOM",Democratic,331.01,2024-09-27 00:00:00,Payroll Vault,Greenwood Village,CO,80111,Employee Services,
Senate District 27,"SULLIVAN, TOM",Democratic,8.63,2024-09-30 00:00:00,Google,Mountain View,CA,94043,Office Equipment & Supplies,
Senate District 27,"SULLIVAN, TOM",Democratic,2.0,2024-09-30 00:00:00,First Bank,Lakewood,CO,80215,Bank Fees,
Senate District 27,"SULLIVAN, TOM",Democratic,44.26,2024-09-30 00:00:00,Act Blue,Somerville,MA,02144,Fundraising Expenses,Actblue Expenses 07/01/2024 Through 09/30/2024
Senate District 27,"SULLIVAN, TOM",Democratic,6.0,2023-10-02 00:00:00,Google,Mountain View,CA,94043,Office Equipment & Supplies,
Senate District 27,"SULLIVAN, TOM",Democratic,15.0,2023-10-10 00:00:00,Cultural Center Complex Garage,Denver,CO,80204,Travel & Lodging,Parking
Senate District 27,"SULLIVAN, TOM",Democratic,17.07,2023-10-16 00:00:00,Zoom Video Communication Inc.,San Jose,CA,95113,Office Equipment & Supplies,
Senate District 27,"SULLIVAN, TOM",Democratic,33.0,2023-10-20 00:00:00,Employers,Henderson,NV,89053,Employee Services,
Senate District 27,"SULLIVAN, TOM",Democratic,350.0,2023-10-24 00:00:00,Colorado Democratic Party Political Committee,Denver,CO,80203,Other,Senate Dens Petty Cash Fund
Senate District 27,"SULLIVAN, TOM",Democratic,80.0,2023-10-25 00:00:00,Mail Chimp,Atlanta,GA,30308,Advertising,
Senate District 27,"SULLIVAN, TOM",Democratic,6.39,2023-10-30 00:00:00,Google,Mountain View,CA,94043,Office Equipment & Supplies,
Senate District 27,"SULLIVAN, TOM",Democratic,330.57,2023-10-30 00:00:00,Payroll Vault,Greenwood Village,CO,80111,Employee Services,
Senate District 27,"SULLIVAN, TOM",Democratic,2.0,2023-10-31 00:00:00,First Bank,Lakewood,CO,80215,Bank Fees,
Senate District 27,"SULLIVAN, TOM",Democratic,6.0,2023-11-02 00:00:00,Google,Mountain View,CA,94043,Office Equipment & Supplies,
Senate District 27,"SULLIVAN, TOM",Democratic,17.07,2023-11-15 00:00:00,Zoom Video Communication Inc.,San Jose,CA,95113,Office Equipment & Supplies,
Senate District 27,"SULLIVAN, TOM",Democratic,80.0,2023-11-27 00:00:00,Mail Chimp,Atlanta,GA,30308,Advertising,
Senate District 27,"SULLIVAN, TOM",Democratic,6.39,2023-11-28 00:00:00,Google,Mountain View,CA,94043,Office Equipment & Supplies,
Senate District 27,"SULLIVAN, TOM",Democratic,330.56,2023-11-29 00:00:00,Payroll Vault,Greenwood Village,CO,80111,Employee Services,
Senate District 27,"SULLIVAN, TOM",Democratic,2.0,2023-11-30 00:00:00,First Bank,Lakewood,CO,80215,Bank Fees,
Senate District 27,"SULLIVAN, TOM",Democratic,6.0,2023-12-04 00:00:00,Google,Mountain View,CA,94043,Office Equipment & Supplies,
Senate District 27,"SULLIVAN, TOM",Democratic,17.07,2023-12-15 00:00:00,Zoom Video Communication Inc.,San Jose,CA,95113,Office Equipment & Supplies,
Senate District 27,"SULLIVAN, TOM",Democratic,80.0,2023-12-26 00:00:00,Mail Chimp,Atlanta,GA,30308,Advertising,
Senate District 27,"SULLIVAN, TOM",Democratic,6.39,2023-12-28 00:00:00,Google,Mountain View,CA,94043,Advertising,
Senate District 27,"SULLIVAN, TOM",Democratic,330.57,2023-12-28 00:00:00,Payroll Vault,Greenwood Village,CO,80111,Employee Services,
Senate District 27,"SULLIVAN, TOM",Democratic,750.0,2023-12-28 00:00:00,Colorado Democratic Party Political Committee,Denver,CO,80203,Other,Senate Dues
Senate District 27,"SULLIVAN, TOM",Democratic,2.0,2023-12-29 00:00:00,First Bank,Lakewood,CO,80215,Bank Fees,
Senate District 29,"JODEH, IMAN",Democratic,,,,,,,,
Senate District 30,"CARSON, JOHN",Republican,700.0,2025-01-22 00:00:00,Senate Republican Caucus,Denver,CO,80203,Miscellaneous,Caucus Dues
Senate District 30,"CARSON, JOHN",Republican,250.0,2025-05-28 00:00:00,Douglas County Republican Central Committee,Highlands Ranch,CO,80126,Advertising,Parker Days Booth
Senate District 30,"CARSON, JOHN",Republican,55.0,2025-07-17 00:00:00,U.S. Postal Service,Highlands Ranch,CO,80130,Rent & Utilities,
Senate District 30,"CARSON, JOHN",Republican,4.3,2025-07-31 00:00:00,Anedot,New Orleans,LA,70112,Bank Fees,
Senate District 30,"CARSON, JOHN",Republican,10.3,2025-08-01 00:00:00,Anedot,New Orleans,LA,70112,Bank Fees,
Senate District 30,"CARSON, JOHN",Republican,317.3,2025-08-06 00:00:00,Minuteman Press,Centennial,CO,80112,Office Equipment & Supplies,"Bre Envelopes, Note Cards, Envelopes, Printing."
Senate District 30,"CARSON, JOHN",Republican,8.3,2025-09-13 00:00:00,Anedot,New Orleans,LA,70112,Bank Fees,
Senate District 30,"CARSON, JOHN",Republican,156.0,2025-09-16 00:00:00,U.S. Postal Service,Highlands Ranch,CO,80130,Office Equipment & Supplies,Stamps
Senate District 30,"CARSON, JOHN",Republican,18.3,2025-09-17 00:00:00,Anedot,New Orleans,LA,70112,Bank Fees,
Senate District 30,"CARSON, JOHN",Republican,4.3,2025-09-23 00:00:00,Anedot,New Orleans,LA,70112,Bank Fees,
Senate District 30,"CARSON, JOHN",Republican,10.3,2025-09-25 00:00:00,Anedot,New Orleans,LA,70112,Bank Fees,
Senate District 30,"CARSON, JOHN",Republican,2.3,2025-09-25 00:00:00,Anedot,New Orleans,LA,70112,Bank Fees,
Senate District 30,"CARSON, JOHN",Republican,18.3,2025-09-25 00:00:00,Anedot,New Orleans,LA,70112,Bank Fees,
Senate District 30,"CARSON, JOHN",Republican,4.3,2025-09-26 00:00:00,Anedot,New Orleans,LA,70112,Bank Fees,
Senate District 30,"CARSON, JOHN",Republican,2.3,2025-09-30 00:00:00,Anedot,New Orleans,LA,70112,Bank Fees,
Senate District 30,"CARSON, JOHN",Republican,300.0,2025-10-01 00:00:00,Wordpress,San Francisco,CA,94110,Miscellaneous,Website Hosting Expenses
Senate District 30,"CARSON, JOHN",Republican,9.3,2025-10-03 00:00:00,Anedot,New Orleans,LA,70112,Bank Fees,
Senate District 30,"CARSON, JOHN",Republican,15.6,2025-10-04 00:00:00,U.S. Postal Service,Highlands Ranch,CO,80130,Miscellaneous,Stamps
Senate District 30,"CARSON, JOHN",Republican,35.0,2025-10-08 00:00:00,Wordpress,San Francisco,CA,94110,Miscellaneous,Website Related Expenses
Senate District 30,"CARSON, JOHN",Republican,15.6,2025-10-10 00:00:00,U.S. Postal Service,Highlands Ranch,CO,80130,Miscellaneous,Stamps
Senate District 30,"CARSON, JOHN",Republican,4.3,2025-10-11 00:00:00,Anedot,New Orleans,LA,70112,Bank Fees,
Senate District 30,"CARSON, JOHN",Republican,18.15,2025-10-20 00:00:00,Anedot,New Orleans,LA,70112,Bank Fees,
Senate District 30,"CARSON, JOHN",Republican,18.15,2025-10-20 00:00:00,Anedot,New Orleans,LA,70112,Bank Fees,
Senate District 30,"CARSON, JOHN",Republican,4.3,2025-10-21 00:00:00,Anedot,New Orleans,LA,70112,Bank Fees,
Senate District 30,"CARSON, JOHN",Republican,2.3,2025-10-22 00:00:00,Anedot,New Orleans,LA,70112,Bank Fees,
Senate District 30,"CARSON, JOHN",Republican,4.3,2025-10-22 00:00:00,Anedot,New Orleans,LA,70112,Bank Fees,
Senate District 30,"CARSON, JOHN",Republican,2.3,2025-10-23 00:00:00,Anedot,New Orleans,LA,70112,Bank Fees,
Senate District 30,"CARSON, JOHN",Republican,4.3,2025-10-23 00:00:00,Anedot,New Orleans,LA,70112,Bank Fees,
Senate District 30,"CARSON, JOHN",Republican,55.0,2025-10-25 00:00:00,U.S. Postal Service,Highlands Ranch,CO,80130,Miscellaneous,
Senate District 30,"CARSON, JOHN",Republican,8.3,2025-10-26 00:00:00,Anedot,New Orleans,LA,70112,Bank Fees,
Senate District 30,"CARSON, JOHN",Republican,4.3,2025-10-30 00:00:00,Anedot,New Orleans,LA,70112,Bank Fees,
Senate District 30,"CARSON, JOHN",Republican,1173.46,2025-10-30 00:00:00,Lansdowne Arrms Restaurant,Highlands Ranch,CO,80129,"Food, Beverages and Meals",
Senate District 30,"CARSON, JOHN",Republican,10.3,2025-10-31 00:00:00,Anedot,New Orleans,LA,70112,Bank Fees,
Senate District 30,"CARSON, JOHN",Republican,1.5,2025-10-31 00:00:00,Anedot,New Orleans,LA,70112,Bank Fees,
Senate District 30,"CARSON, JOHN",Republican,2.3,2025-10-31 00:00:00,Anedot,New Orleans,LA,70112,Bank Fees,
Senate District 30,"CARSON, JOHN",Republican,5.0,2025-10-31 00:00:00,Firstbank,Highlands Ranch,CO,80126,Bank Fees,
Senate District 30,"CARSON, JOHN",Republican,18.3,2025-12-01 00:00:00,Anedot,New Orleans,LA,70112,Bank Fees,
Senate District 30,"CARSON, JOHN",Republican,500.0,2025-12-01 00:00:00,Lindsey  Baker,Parker,CO,80138,Consultant & Professional Services,
Senate District 30,"CARSON, JOHN",Republican,18.3,2025-12-30 00:00:00,Anedot,New Orleans,LA,70112,Bank Fees,
Senate District 30,"LEUNG, KEVIN",Democratic,1.08,2025-07-22 00:00:00,Paypal Inc,San Jose,CA,95131,Fundraising Expenses,
Senate District 30,"LEUNG, KEVIN",Democratic,1.03,2025-07-22 00:00:00,"Wix.Com, Inc",New York,NY,10014,Fundraising Expenses,
Senate District 30,"LEUNG, KEVIN",Democratic,1.03,2025-07-22 00:00:00,"Wix.Com, Inc",New York,NY,10014,Fundraising Expenses,
Senate District 30,"LEUNG, KEVIN",Democratic,1.03,2025-07-22 00:00:00,"Wix.Com, Inc",New York,NY,10014,Fundraising Expenses,
Senate District 30,"LEUNG, KEVIN",Democratic,0.88,2025-07-22 00:00:00,"Wix.Com, Inc",New York,NY,10014,Fundraising Expenses,
Senate District 30,"LEUNG, KEVIN",Democratic,13.35,2025-07-22 00:00:00,"Wix.Com, Inc",New York,NY,10014,Fundraising Expenses,
Senate District 30,"LEUNG, KEVIN",Democratic,1.36,2025-07-23 00:00:00,Paypal Inc,San Jose,CA,95131,Fundraising Expenses,
Senate District 30,"LEUNG, KEVIN",Democratic,1.19,2025-07-23 00:00:00,Paypal Inc,San Jose,CA,95131,Fundraising Expenses,
Senate District 30,"LEUNG, KEVIN",Democratic,1.36,2025-07-23 00:00:00,Paypal Inc,San Jose,CA,95131,Fundraising Expenses,
Senate District 30,"LEUNG, KEVIN",Democratic,1.19,2025-07-23 00:00:00,Paypal Inc,San Jose,CA,95131,Fundraising Expenses,
Senate District 30,"LEUNG, KEVIN",Democratic,0.74,2025-07-23 00:00:00,"Wix.Com, Inc",New York,NY,10014,Fundraising Expenses,
Senate District 30,"LEUNG, KEVIN",Democratic,3.2,2025-07-23 00:00:00,"Wix.Com, Inc",New York,NY,10014,Fundraising Expenses,
Senate District 30,"LEUNG, KEVIN",Democratic,1.19,2025-07-24 00:00:00,Paypal Inc,San Jose,CA,95131,Fundraising Expenses,
Senate District 30,"LEUNG, KEVIN",Democratic,0.88,2025-07-24 00:00:00,"Wix.Com, Inc",New York,NY,10014,Fundraising Expenses,
Senate District 30,"LEUNG, KEVIN",Democratic,1.19,2025-07-25 00:00:00,Paypal Inc,San Jose,CA,95131,Fundraising Expenses,
Senate District 30,"LEUNG, KEVIN",Democratic,1.75,2025-07-25 00:00:00,"Wix.Com, Inc",New York,NY,10014,Fundraising Expenses,
Senate District 30,"LEUNG, KEVIN",Democratic,6.68,2025-07-25 00:00:00,"Wix.Com, Inc",New York,NY,10014,Fundraising Expenses,
Senate District 30,"LEUNG, KEVIN",Democratic,17.78,2025-07-28 00:00:00,"Actblue, Llc",Somerville,MA,02144,Fundraising Expenses,
Senate District 30,"LEUNG, KEVIN",Democratic,7.55,2025-07-28 00:00:00,"Wix.Com, Inc",New York,NY,10014,Fundraising Expenses,
Senate District 30,"LEUNG, KEVIN",Democratic,0.88,2025-07-28 00:00:00,"Wix.Com, Inc",New York,NY,10014,Fundraising Expenses,
Senate District 30,"LEUNG, KEVIN",Democratic,3.2,2025-07-28 00:00:00,"Wix.Com, Inc",New York,NY,10014,Fundraising Expenses,
Senate District 30,"LEUNG, KEVIN",Democratic,3.2,2025-07-28 00:00:00,"Wix.Com, Inc",New York,NY,10014,Fundraising Expenses,
Senate District 30,"LEUNG, KEVIN",Democratic,11.9,2025-07-28 00:00:00,"Wix.Com, Inc",New York,NY,10014,Fundraising Expenses,
Senate District 30,"LEUNG, KEVIN",Democratic,16.2,2025-07-29 00:00:00,Paypal Inc,San Jose,CA,95131,Fundraising Expenses,
Senate District 30,"LEUNG, KEVIN",Democratic,0.88,2025-07-29 00:00:00,"Wix.Com, Inc",New York,NY,10014,Fundraising Expenses,
Senate District 30,"LEUNG, KEVIN",Democratic,3.2,2025-07-29 00:00:00,"Wix.Com, Inc",New York,NY,10014,Fundraising Expenses,
Senate District 30,"LEUNG, KEVIN",Democratic,0.2,2025-07-30 00:00:00,"Actblue, Llc",Somerville,MA,02144,Fundraising Expenses,
Senate District 30,"LEUNG, KEVIN",Democratic,0.99,2025-07-30 00:00:00,"Actblue, Llc",Somerville,MA,02144,Fundraising Expenses,
Senate District 30,"LEUNG, KEVIN",Democratic,3.98,2025-07-30 00:00:00,Paypal Inc,San Jose,CA,95131,Fundraising Expenses,
Senate District 30,"LEUNG, KEVIN",Democratic,0.45,2025-07-30 00:00:00,"Wix.Com, Inc",New York,NY,10014,Fundraising Expenses,
Senate District 30,"LEUNG, KEVIN",Democratic,7.7,2025-07-30 00:00:00,"Wix.Com, Inc",New York,NY,10014,Fundraising Expenses,
Senate District 30,"LEUNG, KEVIN",Democratic,3.5,2025-08-01 00:00:00,"Actblue, Llc",Somerville,MA,02144,Fundraising Expenses,
Senate District 30,"LEUNG, KEVIN",Democratic,0.53,2025-08-02 00:00:00,"Actblue, Llc",Somerville,MA,02144,Fundraising Expenses,
Senate District 30,"LEUNG, KEVIN",Democratic,0.18,2025-08-04 00:00:00,"Actblue, Llc",Somerville,MA,02144,Fundraising Expenses,
Senate District 30,"LEUNG, KEVIN",Democratic,7.0,2025-08-06 00:00:00,"Actblue, Llc",Somerville,MA,02144,Fundraising Expenses,
Senate District 30,"LEUNG, KEVIN",Democratic,13.35,2025-08-08 00:00:00,"Wix.Com, Inc",New York,NY,10014,Fundraising Expenses,
Senate District 30,"LEUNG, KEVIN",Democratic,0.59,2025-08-08 00:00:00,"Wix.Com, Inc",New York,NY,10014,Fundraising Expenses,
Senate District 30,"LEUNG, KEVIN",Democratic,0.18,2025-08-12 00:00:00,"Actblue, Llc",Somerville,MA,02144,Fundraising Expenses,
Senate District 30,"LEUNG, KEVIN",Democratic,0.88,2025-08-15 00:00:00,"Actblue, Llc",Somerville,MA,02144,Fundraising Expenses,
Senate District 30,"LEUNG, KEVIN",Democratic,3.5,2025-08-19 00:00:00,"Actblue, Llc",Somerville,MA,02144,Fundraising Expenses,
Senate District 30,"LEUNG, KEVIN",Democratic,10.5,2025-08-29 00:00:00,"Actblue, Llc",Somerville,MA,02144,Fundraising Expenses,
Senate District 30,"LEUNG, KEVIN",Democratic,0.21,2025-08-30 00:00:00,"Actblue, Llc",Somerville,MA,02144,Fundraising Expenses,
Senate District 30,"LEUNG, KEVIN",Democratic,0.88,2025-09-21 00:00:00,"Actblue, Llc",Somerville,MA,02144,Fundraising Expenses,
Senate District 30,"LEUNG, KEVIN",Democratic,0.7,2025-09-28 00:00:00,"Actblue, Llc",Somerville,MA,02144,Fundraising Expenses,
Senate District 30,"LEUNG, KEVIN",Democratic,15.75,2025-09-30 00:00:00,"Actblue, Llc",Somerville,MA,02144,Fundraising Expenses,
Senate District 30,"LEUNG, KEVIN",Democratic,0.88,2025-09-30 00:00:00,"Actblue, Llc",Somerville,MA,02144,Fundraising Expenses,
Senate District 30,"LEUNG, KEVIN",Democratic,0.21,2025-10-02 00:00:00,"Actblue, Llc",Somerville,MA,02144,Fundraising Expenses,
Senate District 30,"LEUNG, KEVIN",Democratic,15.75,2025-10-12 00:00:00,"Actblue, Llc",Somerville,MA,02144,Fundraising Expenses,
Senate District 30,"LEUNG, KEVIN",Democratic,14.35,2025-10-12 00:00:00,"Actblue, Llc",Somerville,MA,02144,Fundraising Expenses,
Senate District 30,"LEUNG, KEVIN",Democratic,0.21,2025-10-30 00:00:00,"Actblue, Llc",Somerville,MA,02144,Fundraising Expenses,
Senate District 30,"LEUNG, KEVIN",Democratic,3.5,2025-11-02 00:00:00,"Actblue, Llc",Somerville,MA,02144,Fundraising Expenses,
Senate District 30,"LEUNG, KEVIN",Democratic,3.5,2025-11-05 00:00:00,"Actblue, Llc",Somerville,MA,02144,Fundraising Expenses,
Senate District 30,"LEUNG, KEVIN",Democratic,0.18,2025-11-07 00:00:00,"Actblue, Llc",Somerville,MA,02144,Fundraising Expenses,
Senate District 30,"LEUNG, KEVIN",Democratic,1.75,2025-11-09 00:00:00,"Actblue, Llc",Somerville,MA,02144,Fundraising Expenses,
Senate District 30,"LEUNG, KEVIN",Democratic,0.35,2025-11-22 00:00:00,"Actblue, Llc",Somerville,MA,02144,Fundraising Expenses,
Senate District 30,"LEUNG, KEVIN",Democratic,0.88,2025-11-24 00:00:00,"Actblue, Llc",Somerville,MA,02144,Fundraising Expenses,
Senate District 30,"LEUNG, KEVIN",Democratic,7.0,2025-11-29 00:00:00,"Actblue, Llc",Somerville,MA,02144,Fundraising Expenses,
Senate District 30,"LEUNG, KEVIN",Democratic,0.21,2025-11-30 00:00:00,"Actblue, Llc",Somerville,MA,02144,Fundraising Expenses,
Senate District 30,"LEUNG, KEVIN",Democratic,0.18,2025-12-07 00:00:00,"Actblue, Llc",Somerville,MA,02144,Fundraising Expenses,
Senate District 30,"LEUNG, KEVIN",Democratic,0.18,2025-12-10 00:00:00,"Actblue, Llc",Somerville,MA,02144,Fundraising Expenses,
Senate District 30,"LEUNG, KEVIN",Democratic,3.5,2025-12-26 00:00:00,"Actblue, Llc",Somerville,MA,02144,Fundraising Expenses,
Senate District 30,"LEUNG, KEVIN",Democratic,0.18,2025-12-26 00:00:00,"Actblue, Llc",Somerville,MA,02144,Fundraising Expenses,
Senate District 30,"LEUNG, KEVIN",Democratic,12.25,2025-12-26 00:00:00,"Actblue, Llc",Somerville,MA,02144,Fundraising Expenses,
Senate District 30,"LEUNG, KEVIN",Democratic,7.0,2025-12-29 00:00:00,"Actblue, Llc",Somerville,MA,02144,Fundraising Expenses,
Senate District 30,"LEUNG, KEVIN",Democratic,12.25,2025-12-29 00:00:00,"Actblue, Llc",Somerville,MA,02144,Fundraising Expenses,
Senate District 30,"LEUNG, KEVIN",Democratic,0.18,2025-12-30 00:00:00,"Actblue, Llc",Somerville,MA,02144,Fundraising Expenses,
Senate District 31,"BALL, MATT",Democratic,17.78,2025-03-16 00:00:00,Actblue Technical Services,Somerville,MA,02144,Bank Fees,Processor Fees
Senate District 31,"BALL, MATT",Democratic,65.16,2025-03-30 00:00:00,Actblue Technical Services,Somerville,MA,02144,Bank Fees,Processor Fees
Senate District 31,"BALL, MATT",Democratic,10.87,2025-03-31 00:00:00,Actblue Technical Services,Somerville,MA,02144,Bank Fees,Processor Fees
Senate District 31,"BALL, MATT",Democratic,108.39,2025-04-07 00:00:00,Denver Democratic Central Committee,Denver,CO,80205,Entertainment,Denver Dems Hd 8 Event
Senate District 31,"BALL, MATT",Democratic,700.0,2025-04-11 00:00:00,Democratic Senate Caucus Fund,Denver,CO,80203,Other,Caucus Dues
Senate District 31,"BALL, MATT",Democratic,17.8,2025-04-15 00:00:00,Firstbank,Denver,CO,80202,Office Equipment & Supplies,Checks
Senate District 31,"BALL, MATT",Democratic,104.7,2025-06-08 00:00:00,Actblue Technical Services,Somerville,MA,02144,Fundraising Expenses,Credit Card Processor Fees
Senate District 31,"BALL, MATT",Democratic,43.46,2025-06-15 00:00:00,Actblue Technical Services,Somerville,MA,02144,Fundraising Expenses,Credit Card Processor Fees
Senate District 31,"BALL, MATT",Democratic,58.28,2025-06-22 00:00:00,Actblue Technical Services,Somerville,MA,02144,Fundraising Expenses,Credit Card Processor Fees
Senate District 31,"BALL, MATT",Democratic,343.77,2025-06-29 00:00:00,Actblue Technical Services,Somerville,MA,02144,Fundraising Expenses,Credit Card Processor Fees
Senate District 31,"BALL, MATT",Democratic,134.75,2025-06-30 00:00:00,Actblue Technical Services,Somerville,MA,02144,Fundraising Expenses,Credit Card Processor Fees
Senate District 31,"BALL, MATT",Democratic,87.93,2025-07-06 00:00:00,Actblue Technical Services,Somerville,MA,02144,Bank Fees,Merchant Card Processor Fees
Senate District 31,"BALL, MATT",Democratic,35.57,2025-07-13 00:00:00,Actblue Technical Services,Somerville,MA,02144,Bank Fees,Merchant Card Processor Fees
Senate District 31,"BALL, MATT",Democratic,949.99,2025-07-14 00:00:00,Practical Campaign Services,Centennial,CO,80122,Consultant & Professional Services,Reporting And Compliance
Senate District 31,"BALL, MATT",Democratic,253.66,2025-07-20 00:00:00,Actblue Technical Services,Somerville,MA,02144,Bank Fees,Merchant Card Processor Fees
Senate District 31,"BALL, MATT",Democratic,120.54,2025-07-27 00:00:00,Actblue Technical Services,Somerville,MA,02144,Bank Fees,Merchant Card Processor Fees
Senate District 31,"BALL, MATT",Democratic,1291.5,2025-07-28 00:00:00,The Irish Rover Pub,Denver,CO,80209,"Food, Beverages and Meals","Kick Off Party Food, Drink"
Senate District 31,"BALL, MATT",Democratic,452.1,2025-07-31 00:00:00,Department Of Treasury Internal Revenue Service,Ogden,UT,84201,Employee Services,Employer Taxes
Senate District 31,"BALL, MATT",Democratic,1139.5,2025-07-31 00:00:00,Abbie  Marksbury,Denver,CO,80231,Employee Services,Campaign Manager Salary
Senate District 31,"BALL, MATT",Democratic,31.61,2025-08-03 00:00:00,Actblue Technical Services,Somerville,MA,02144,Bank Fees,Merchant Card Processor Fees
Senate District 31,"BALL, MATT",Democratic,418.5,2025-08-05 00:00:00,Gusto,Denver,CO,80202,Employee Services,Payroll Services & Tax Reporting
Senate District 31,"BALL, MATT",Democratic,168.0,2025-08-05 00:00:00,Denver Public School District,Denver,CO,80203,Miscellaneous,Venue Rental For Community Town Hall
Senate District 31,"BALL, MATT",Democratic,625.23,2025-08-05 00:00:00,Corazon Printing,Broomfield,CO,80020,Advertising,"Printing Campaign Lit, Business Cards, Envelopes"
Senate District 31,"BALL, MATT",Democratic,29.65,2025-08-10 00:00:00,Actblue Technical Services,Somerville,MA,02144,Bank Fees,Merchant Card Processor Fees
Senate District 31,"BALL, MATT",Democratic,203.7,2025-08-14 00:00:00,Department Of Treasury Internal Revenue Service,Ogden,UT,84201,Employee Services,Employer Taxes
Senate District 31,"BALL, MATT",Democratic,592.09,2025-08-14 00:00:00,Abbie  Marksbury,Denver,CO,80231,Employee Services,Campaign Manager Salary
Senate District 31,"BALL, MATT",Democratic,24.71,2025-08-17 00:00:00,Actblue Technical Services,Somerville,MA,02144,Bank Fees,Merchant Card Processor Fees
Senate District 31,"BALL, MATT",Democratic,20.0,2025-08-18 00:00:00,Colorado Secretary Of State,Denver,CO,80290,Other,Business Filing Fees
Senate District 31,"BALL, MATT",Democratic,203.72,2025-08-18 00:00:00,Department Of Treasury Internal Revenue Service,Ogden,UT,84201,Employee Services,Employer Taxes
Senate District 31,"BALL, MATT",Democratic,592.09,2025-08-18 00:00:00,Abbie  Marksbury,Denver,CO,80231,Employee Services,Campaign Manager Salary
Senate District 31,"BALL, MATT",Democratic,865.4,2025-08-18 00:00:00,Colorado Democratic Party,Denver,CO,80203,Miscellaneous,Fee For Voter File Access Through Van Votebuilder
Senate District 31,"BALL, MATT",Democratic,0.99,2025-08-24 00:00:00,Actblue Technical Services,Somerville,MA,02144,Bank Fees,Merchant Card Processor Fees
Senate District 31,"BALL, MATT",Democratic,452.1,2025-08-28 00:00:00,Department Of Treasury Internal Revenue Service,Ogden,UT,84201,Employee Services,Employer Taxes
Senate District 31,"BALL, MATT",Democratic,1139.5,2025-08-28 00:00:00,Abbie  Marksbury,Denver,CO,80231,Employee Services,Campaign Manager Salary
Senate District 31,"BALL, MATT",Democratic,3.96,2025-08-31 00:00:00,Actblue Technical Services,Somerville,MA,02144,Bank Fees,Merchant Card Processor Fees
Senate District 31,"BALL, MATT",Democratic,57.83,2025-09-03 00:00:00,Gusto,Denver,CO,80202,Employee Services,Payroll Services & Tax Reporting
Senate District 31,"BALL, MATT",Democratic,5.93,2025-09-07 00:00:00,Actblue Technical Services,Somerville,MA,02144,Bank Fees,Merchant Card Processor Fees
Senate District 31,"BALL, MATT",Democratic,452.08,2025-09-12 00:00:00,Department Of Treasury Internal Revenue Service,Ogden,UT,84201,Employee Services,Employer Taxes
Senate District 31,"BALL, MATT",Democratic,1139.51,2025-09-12 00:00:00,Abbie  Marksbury,Denver,CO,80231,Employee Services,Campaign Manager Salary
Senate District 31,"BALL, MATT",Democratic,31.6,2025-09-14 00:00:00,Actblue Technical Services,Somerville,MA,02144,Bank Fees,Merchant Card Processor Fees
Senate District 31,"BALL, MATT",Democratic,141.49,2025-09-15 00:00:00,Monarch Casino Resort Spa,Black Hawk,CO,80422,Entertainment,Room Rental For Senate Dems Retreat
Senate District 31,"BALL, MATT",Democratic,52.36,2025-09-21 00:00:00,Actblue Technical Services,Somerville,MA,02144,Bank Fees,Merchant Card Processor Fees
Senate District 31,"BALL, MATT",Democratic,214.99,2025-09-23 00:00:00,Denver Democratic Central Committee,Denver,CO,80205,Entertainment,Denver Dems Gala Ticket
Senate District 31,"BALL, MATT",Democratic,37.55,2025-09-28 00:00:00,Actblue Technical Services,Somerville,MA,02144,Bank Fees,Merchant Card Processor Fees
Senate District 31,"BALL, MATT",Democratic,451.2,2025-09-29 00:00:00,Department Of Treasury Internal Revenue Service,Ogden,UT,84201,Employee Services,Employer Taxes
Senate District 31,"BALL, MATT",Democratic,1139.5,2025-09-29 00:00:00,Abbie  Marksbury,Denver,CO,80231,Employee Services,Campaign Manager Salary
Senate District 31,"BALL, MATT",Democratic,94.98,2025-09-29 00:00:00,Einstein Bros. Bagels,Denver,CO,80203,"Food, Beverages and Meals",Community Town Hall Bagels
Senate District 31,"BALL, MATT",Democratic,5.93,2025-09-30 00:00:00,Actblue Technical Services,Somerville,MA,02144,Bank Fees,Merchant Card Processor Fees
Senate District 31,"BALL, MATT",Democratic,57.83,2025-10-02 00:00:00,Gusto,Denver,CO,80202,Employee Services,Payroll Services
Senate District 31,"BALL, MATT",Democratic,17.79,2025-10-12 00:00:00,Actblue Technical Services,Somerville,MA,02144,Fundraising Expenses,Donor Processing Fees
Senate District 31,"BALL, MATT",Democratic,443.5,2025-10-14 00:00:00,Department Of Treasury Internal Revenue Service,Ogden,UT,84201,Employee Services,Payroll Tax Withholding
Senate District 31,"BALL, MATT",Democratic,1139.51,2025-10-14 00:00:00,Abbie  Marksbury,Denver,CO,80231,Consultant & Professional Services,
Senate District 31,"BALL, MATT",Democratic,27.07,2025-10-14 00:00:00,"Google, Inc.",Mountain View,CA,94043,Office Equipment & Supplies,Google Suite Subscription
Senate District 31,"BALL, MATT",Democratic,123.11,2025-10-19 00:00:00,Actblue Technical Services,Somerville,MA,02144,Fundraising Expenses,Donor Processing Fees
Senate District 31,"BALL, MATT",Democratic,51.98,2025-10-26 00:00:00,Actblue Technical Services,Somerville,MA,02144,Fundraising Expenses,Donor Processing Fees
Senate District 31,"BALL, MATT",Democratic,443.52,2025-10-30 00:00:00,Department Of Treasury Internal Revenue Service,Ogden,UT,84201,Employee Services,Payroll Tax Withholding
Senate District 31,"BALL, MATT",Democratic,1139.5,2025-10-30 00:00:00,Abbie  Marksbury,Denver,CO,80231,Consultant & Professional Services,Campaign Manager Salary
Senate District 31,"BALL, MATT",Democratic,22.13,2025-11-03 00:00:00,"Google, Inc.",Mountain View,CA,94043,Office Equipment & Supplies,Google Suite Subscription
Senate District 31,"BALL, MATT",Democratic,57.83,2025-11-04 00:00:00,Gusto,Denver,CO,80202,Employee Services,Payroll Services
Senate District 31,"BALL, MATT",Democratic,6.43,2025-11-05 00:00:00,Colorado Division Of Family And Medical Leave Insurance,Denver,CO,80217,Employee Services,Famli Employer Taxes
Senate District 31,"BALL, MATT",Democratic,18.77,2025-11-09 00:00:00,Actblue Technical Services,Somerville,MA,02144,Fundraising Expenses,Donor Processing Fees
Senate District 31,"BALL, MATT",Democratic,443.5,2025-11-13 00:00:00,Department Of Treasury Internal Revenue Service,Ogden,UT,84201,Employee Services,Payroll Tax Withholding
Senate District 31,"BALL, MATT",Democratic,1139.51,2025-11-13 00:00:00,Abbie  Marksbury,Denver,CO,80231,Consultant & Professional Services,
Senate District 31,"BALL, MATT",Democratic,1200.0,2025-11-14 00:00:00,Democratic Senate Caucus Fund,Denver,CO,80203,Other,Caucus Dues
Senate District 31,"BALL, MATT",Democratic,3.95,2025-11-23 00:00:00,Actblue Technical Services,Somerville,MA,02144,Fundraising Expenses,Donor Processing Fees
Senate District 31,"BALL, MATT",Democratic,443.52,2025-11-26 00:00:00,Department Of Treasury Internal Revenue Service,Ogden,UT,84201,Employee Services,Payroll Tax Withholding
Senate District 31,"BALL, MATT",Democratic,1139.5,2025-11-26 00:00:00,Abbie  Marksbury,Denver,CO,80231,Consultant & Professional Services,Campaign Manager Salary
Senate District 31,"BALL, MATT",Democratic,290.21,2025-11-26 00:00:00,Squarespace,New York,NY,10014,Advertising,
Senate District 31,"BALL, MATT",Democratic,5.93,2025-11-30 00:00:00,Actblue Technical Services,Somerville,MA,02144,Fundraising Expenses,Donor Processing Fees
Senate District 31,"BALL, MATT",Democratic,57.83,2025-12-02 00:00:00,Gusto,Denver,CO,80202,Employee Services,Payroll Services
Senate District 31,"BALL, MATT",Democratic,27.21,2025-12-02 00:00:00,"Google, Inc.",Mountain View,CA,94043,Office Equipment & Supplies,Google Suite Subscription
Senate District 31,"BALL, MATT",Democratic,-141.49,2025-12-03 00:00:00,Monarch Casino Resort Spa,Black Hawk,CO,80422,Returned Expenditure,"Event Cancelled, Deposit Returned"
Senate District 31,"BALL, MATT",Democratic,5.93,2025-12-07 00:00:00,Actblue Technical Services,Somerville,MA,02144,Fundraising Expenses,Donor Processing Fees
Senate District 31,"BALL, MATT",Democratic,443.5,2025-12-12 00:00:00,Department Of Treasury Internal Revenue Service,Ogden,UT,84201,Employee Services,Payroll Tax Withholding
Senate District 31,"BALL, MATT",Democratic,1139.51,2025-12-12 00:00:00,Abbie  Marksbury,Denver,CO,80231,Consultant & Professional Services,
Senate District 31,"BALL, MATT",Democratic,35.56,2025-12-14 00:00:00,Actblue Technical Services,Somerville,MA,02144,Fundraising Expenses,Donor Processing Fees
Senate District 31,"BALL, MATT",Democratic,29.63,2025-12-21 00:00:00,Actblue Technical Services,Somerville,MA,02144,Fundraising Expenses,Donor Processing Fees
Senate District 31,"BALL, MATT",Democratic,15.46,2025-12-24 00:00:00,Ink! Coffee,Denver,CO,80209,"Food, Beverages and Meals",Campaign Event Coffee
Senate District 31,"BALL, MATT",Democratic,3.95,2025-12-28 00:00:00,Actblue Technical Services,Somerville,MA,02144,Fundraising Expenses,Donor Processing Fees
Senate District 31,"BALL, MATT",Democratic,443.52,2025-12-30 00:00:00,Department Of Treasury Internal Revenue Service,Ogden,UT,84201,Employee Services,Payroll Tax Withholding
Senate District 31,"BALL, MATT",Democratic,1139.5,2025-12-30 00:00:00,Abbie  Marksbury,Denver,CO,80231,Consultant & Professional Services,Campaign Manager Salary
Senate District 31,"BALL, MATT",Democratic,1.98,2025-12-31 00:00:00,Actblue Technical Services,Somerville,MA,02144,Fundraising Expenses,Donor Processing Fees
Senate District 32,"SIROTA, EMILY",Democratic,339.83,2025-06-01 00:00:00,Act Blue,Sommerville,MA,02144,Fundraising Expenses,Act Blue Fees
Senate District 32,"SIROTA, EMILY",Democratic,350.0,2025-06-02 00:00:00,Kristine Kelly Graphic Design,Centennial,CO,80122,Consultant & Professional Services,Logo Design
Senate District 32,"SIROTA, EMILY",Democratic,201.22,2025-06-08 00:00:00,Actblue,Sommerville,MA,02144,Fundraising Expenses,Act Blue Fees
Senate District 32,"SIROTA, EMILY",Democratic,115.57,2025-06-15 00:00:00,Actblue,Sommerville,MA,02144,Fundraising Expenses,Actblue Fee
Senate District 32,"SIROTA, EMILY",Democratic,122.81,2025-06-22 00:00:00,Actblue,Sommerville,MA,02144,Fundraising Expenses,Actblue Fee
Senate District 32,"SIROTA, EMILY",Democratic,138.8,2025-06-24 00:00:00,Mailchimp,Atlanta,GA,30308,Office Equipment & Supplies,
Senate District 32,"SIROTA, EMILY",Democratic,282.35,2025-06-29 00:00:00,Actblue,Sommerville,MA,02144,Fundraising Expenses,
Senate District 32,"SIROTA, EMILY",Democratic,2.0,2025-06-30 00:00:00,First Bank,Denver,CO,80222,Bank Fees,
Senate District 32,"SIROTA, EMILY",Democratic,45.69,2025-06-30 00:00:00,Actblue,Sommerville,MA,02144,Fundraising Expenses,
Senate District 32,"SIROTA, EMILY",Democratic,34.8,2025-07-06 00:00:00,Actblue,Sommerville,MA,02144,Fundraising Expenses,
Senate District 32,"SIROTA, EMILY",Democratic,78.72,2025-07-12 00:00:00,Actblue,Sommerville,MA,02144,Fundraising Expenses,Actblue Fee
Senate District 32,"SIROTA, EMILY",Democratic,390.01,2025-07-18 00:00:00,Corazon Printing,Broomfield,CO,80020,Office Equipment & Supplies,"Banner, Rally Signs, Postcards And Bres"
Senate District 32,"SIROTA, EMILY",Democratic,79.03,2025-07-20 00:00:00,Actblue,Sommerville,MA,02144,Fundraising Expenses,Actblue Fees
Senate District 32,"SIROTA, EMILY",Democratic,138.8,2025-07-24 00:00:00,Mailchimp,Atlanta,GA,30308,Office Equipment & Supplies,
Senate District 32,"SIROTA, EMILY",Democratic,147.7,2025-07-27 00:00:00,Actblue,Sommerville,MA,02144,Fundraising Expenses,Actblue Fees
Senate District 32,"SIROTA, EMILY",Democratic,2.0,2025-07-31 00:00:00,First Bank,Denver,CO,80222,Bank Fees,
Senate District 32,"SIROTA, EMILY",Democratic,119.76,2025-08-03 00:00:00,Actblue,Sommerville,MA,02144,Fundraising Expenses,
Senate District 32,"SIROTA, EMILY",Democratic,23.12,2025-08-10 00:00:00,Actblue,Sommerville,MA,02144,Fundraising Expenses,
Senate District 32,"SIROTA, EMILY",Democratic,20.74,2025-08-17 00:00:00,Actblue,Sommerville,MA,02144,Fundraising Expenses,
Senate District 32,"SIROTA, EMILY",Democratic,2.9,2025-08-24 00:00:00,Actblue,Sommerville,MA,02144,Fundraising Expenses,Act Blue Fees
Senate District 32,"SIROTA, EMILY",Democratic,138.8,2025-08-25 00:00:00,Mailchimp,Atlanta,GA,30308,Office Equipment & Supplies,
Senate District 32,"SIROTA, EMILY",Democratic,2.0,2025-08-29 00:00:00,First Bank,Denver,CO,80222,Bank Fees,Bank Fee
Senate District 32,"SIROTA, EMILY",Democratic,23.95,2025-08-31 00:00:00,Actblue,Sommerville,MA,02144,Fundraising Expenses,Actblue Processing Fee
Senate District 32,"SIROTA, EMILY",Democratic,68.64,2025-09-07 00:00:00,Actblue,Sommerville,MA,02144,Fundraising Expenses,Actblue Fees
Senate District 32,"SIROTA, EMILY",Democratic,56.3,2025-09-14 00:00:00,Actblue,Sommerville,MA,02144,Fundraising Expenses,
Senate District 32,"SIROTA, EMILY",Democratic,57.34,2025-09-21 00:00:00,Actblue,Sommerville,MA,02144,Fundraising Expenses,
Senate District 32,"SIROTA, EMILY",Democratic,138.8,2025-09-24 00:00:00,Mailchimp,Atlanta,GA,30308,Office Equipment & Supplies,
Senate District 32,"SIROTA, EMILY",Democratic,129.12,2025-09-28 00:00:00,Actblue,Sommerville,MA,02144,Fundraising Expenses,Actblue Fees
Senate District 32,"SIROTA, EMILY",Democratic,102.98,2025-09-30 00:00:00,Actblue,Sommerville,MA,02144,Fundraising Expenses,Actblue Fees
Senate District 32,"SIROTA, EMILY",Democratic,2.0,2025-09-30 00:00:00,First Bank,Denver,CO,80222,Bank Fees,Monthly Fee
Senate District 32,"SIROTA, EMILY",Democratic,16.2,2025-10-05 00:00:00,Actblue,Sommerville,MA,02144,Fundraising Expenses,Act Blue Fees
Senate District 32,"SIROTA, EMILY",Democratic,120.0,2025-10-10 00:00:00,Canva,Austin,TX,78702,Office Equipment & Supplies,
Senate District 32,"SIROTA, EMILY",Democratic,4.94,2025-10-12 00:00:00,Actblue,Sommerville,MA,02144,Fundraising Expenses,
Senate District 32,"SIROTA, EMILY",Democratic,28.45,2025-10-19 00:00:00,Actblue,Sommerville,MA,02144,Fundraising Expenses,
Senate District 32,"SIROTA, EMILY",Democratic,20.28,2025-10-26 00:00:00,Actblue,Sommerville,MA,02144,Fundraising Expenses,Act Blue Fee
Senate District 32,"SIROTA, EMILY",Democratic,138.8,2025-10-27 00:00:00,Mailchimp,Atlanta,GA,30308,Office Equipment & Supplies,
Senate District 32,"SIROTA, EMILY",Democratic,2.0,2025-10-31 00:00:00,First Bank,Denver,CO,80222,Bank Fees,Bank Fee
Senate District 32,"SIROTA, EMILY",Democratic,18.77,2025-11-02 00:00:00,Actblue,Sommerville,MA,02144,Fundraising Expenses,Actblue Fee
Senate District 32,"SIROTA, EMILY",Democratic,36.95,2025-11-09 00:00:00,Actblue,Sommerville,MA,02144,Fundraising Expenses,Actblue Fee
Senate District 32,"SIROTA, EMILY",Democratic,25.68,2025-11-16 00:00:00,Actblue,Sommerville,MA,02144,Fundraising Expenses,Act Blue Fee
Senate District 32,"SIROTA, EMILY",Democratic,1.23,2025-11-23 00:00:00,Actblue,Sommerville,MA,02144,Fundraising Expenses,Act Blue Fees
Senate District 32,"SIROTA, EMILY",Democratic,138.8,2025-11-25 00:00:00,Mailchimp,Atlanta,GA,30308,Office Equipment & Supplies,
Senate District 32,"SIROTA, EMILY",Democratic,2.0,2025-11-28 00:00:00,First Bank,Denver,CO,80222,Bank Fees,
Senate District 32,"SIROTA, EMILY",Democratic,2.26,2025-11-30 00:00:00,Actblue,Sommerville,MA,02144,Fundraising Expenses,Act Blue Fees
Senate District 32,"SIROTA, EMILY",Democratic,78.45,2025-12-07 00:00:00,Actblue,Sommerville,MA,02144,Fundraising Expenses,
Senate District 32,"SIROTA, EMILY",Democratic,4.94,2025-12-14 00:00:00,Actblue,Sommerville,MA,02144,Fundraising Expenses,
Senate District 32,"SIROTA, EMILY",Democratic,0.24,2025-12-21 00:00:00,Actblue,Sommerville,MA,02144,Fundraising Expenses,
Senate District 32,"SIROTA, EMILY",Democratic,21.03,2025-12-28 00:00:00,Actblue,Sommerville,MA,02144,Fundraising Expenses,Act Blue Fees
Senate District 32,"SIROTA, EMILY",Democratic,138.8,2025-12-28 00:00:00,Mailchimp,Atlanta,GA,30308,Office Equipment & Supplies,
Senate District 32,"SIROTA, EMILY",Democratic,7.9,2025-12-31 00:00:00,Actblue,Sommerville,MA,02144,Fundraising Expenses,Act Blue Fees
Senate District 32,"SIROTA, EMILY",Democratic,2.0,2025-12-31 00:00:00,First Bank,Denver,CO,80222,Bank Fees,Bank Fee
Senate District 34,"CARRERA, ANDRÉS",Democratic,898.42,2025-06-08 00:00:00,Actblue Technical Services,Boston,MA,02196,Fundraising Expenses,Credit Card Processor Fees
Senate District 34,"CARRERA, ANDRÉS",Democratic,329.57,2025-06-15 00:00:00,Actblue Technical Services,Boston,MA,02196,Fundraising Expenses,Credit Card Processor Fees
Senate District 34,"CARRERA, ANDRÉS",Democratic,146.67,2025-06-20 00:00:00,Corazon Printing,Broomfield,CO,80020,Advertising,Campaign Signs
Senate District 34,"CARRERA, ANDRÉS",Democratic,229.0,2025-06-22 00:00:00,Actblue Technical Services,Boston,MA,02196,Fundraising Expenses,Credit Card Processor Fees
Senate District 34,"CARRERA, ANDRÉS",Democratic,800.0,2025-06-24 00:00:00,Practical Campaign Services,Centennial,CO,80122,Advertising,Website Design
Senate District 34,"CARRERA, ANDRÉS",Democratic,193.83,2025-06-29 00:00:00,Actblue Technical Services,Boston,MA,02196,Fundraising Expenses,Credit Card Processor Fees
Senate District 34,"CARRERA, ANDRÉS",Democratic,2.0,2025-06-30 00:00:00,Firstbank,Denver,CO,80202,Bank Fees,Desk Checks
Senate District 34,"CARRERA, ANDRÉS",Democratic,69.15,2025-06-30 00:00:00,Actblue Technical Services,Boston,MA,02196,Fundraising Expenses,Credit Card Processor Fees
Senate District 34,"CARRERA, ANDRÉS",Democratic,47.32,2025-07-03 00:00:00,Mailchimp,Atlanta,GA,30308,Advertising,Email Marketing
Senate District 34,"CARRERA, ANDRÉS",Democratic,14.44,2025-07-06 00:00:00,Actblue Technical Services,Boston,MA,02196,Fundraising Expenses,Credit Card Processor Fees
Senate District 34,"CARRERA, ANDRÉS",Democratic,181.82,2025-07-07 00:00:00,Corazon Printing,Broomfield,CO,80020,Office Equipment & Supplies,Envelopes
Senate District 34,"CARRERA, ANDRÉS",Democratic,825.0,2025-07-07 00:00:00,Prodigy Coffeehouse,Denver,CO,80203,Entertainment,Space Rental For Campaign Event
Senate District 34,"CARRERA, ANDRÉS",Democratic,600.0,2025-07-09 00:00:00,Practical Campaign Services,Centennial,CO,80122,Consultant & Professional Services,Consulting
Senate District 34,"CARRERA, ANDRÉS",Democratic,865.4,2025-07-10 00:00:00,Colorado Democratic Party,Denver,CO,80203,Miscellaneous,Voter File Access
Senate District 34,"CARRERA, ANDRÉS",Democratic,15.81,2025-07-13 00:00:00,Actblue Technical Services,Boston,MA,02196,Bank Fees,
Senate District 34,"CARRERA, ANDRÉS",Democratic,13.84,2025-07-20 00:00:00,Actblue Technical Services,Boston,MA,02196,Bank Fees,
Senate District 34,"CARRERA, ANDRÉS",Democratic,2500.0,2025-07-21 00:00:00,Servicios De La Raza,Denver,CO,80204,Miscellaneous,Community Event Sponsorship
Senate District 34,"CARRERA, ANDRÉS",Democratic,155.07,2025-07-23 00:00:00,Gamino Printing Company,Denver,CO,80223,Advertising,Walk Literature Printing
Senate District 34,"CARRERA, ANDRÉS",Democratic,15.8,2025-07-27 00:00:00,Actblue Technical Services,Boston,MA,02196,Bank Fees,
Senate District 34,"CARRERA, ANDRÉS",Democratic,101.25,2025-07-30 00:00:00,One Colorado,Denver,CO,80203,Miscellaneous,Event Ticket
Senate District 34,"CARRERA, ANDRÉS",Democratic,3.95,2025-08-03 00:00:00,Actblue Technical Services,Boston,MA,02196,Bank Fees,
Senate District 34,"CARRERA, ANDRÉS",Democratic,47.32,2025-08-04 00:00:00,Mailchimp,Atlanta,GA,30308,Advertising,Email Marketing Subscription
Senate District 34,"CARRERA, ANDRÉS",Democratic,150.0,2025-08-07 00:00:00,Dash For Democracy,Denver,CO,80205,Other,Sponsorship
Senate District 34,"CARRERA, ANDRÉS",Democratic,88.34,2025-08-10 00:00:00,Actblue Technical Services,Boston,MA,02196,Bank Fees,
Senate District 34,"CARRERA, ANDRÉS",Democratic,4.95,2025-08-17 00:00:00,Actblue Technical Services,Boston,MA,02196,Bank Fees,
Senate District 34,"CARRERA, ANDRÉS",Democratic,1246.14,2025-08-18 00:00:00,Corazon Printing,Broomfield,CO,80020,Advertising,Literature Printing
Senate District 34,"CARRERA, ANDRÉS",Democratic,51.72,2025-08-18 00:00:00,Pf Donut Shop,Denver,CO,80205,"Food, Beverages and Meals",Donuts For Campaign Event
Senate District 34,"CARRERA, ANDRÉS",Democratic,4.35,2025-08-24 00:00:00,Actblue Technical Services,Boston,MA,02196,Bank Fees,
Senate District 34,"CARRERA, ANDRÉS",Democratic,29.63,2025-08-31 00:00:00,Actblue Technical Services,Boston,MA,02196,Bank Fees,
Senate District 34,"CARRERA, ANDRÉS",Democratic,6.77,2025-09-02 00:00:00,"Google, Inc.",Mountain View,CA,94043,Office Equipment & Supplies,Email Services
Senate District 34,"CARRERA, ANDRÉS",Democratic,47.32,2025-09-03 00:00:00,Mailchimp,Atlanta,GA,30308,Advertising,Email Marketing Subscription
Senate District 34,"CARRERA, ANDRÉS",Democratic,81.98,2025-09-07 00:00:00,Actblue Technical Services,Boston,MA,02196,Bank Fees,
Senate District 34,"CARRERA, ANDRÉS",Democratic,800.0,2025-09-10 00:00:00,40 North Advocacy,Ft. Washington,PA,19034,Consultant & Professional Services,Graphic Design Services For Flyers
Senate District 34,"CARRERA, ANDRÉS",Democratic,1050.0,2025-09-10 00:00:00,40 North Advocacy,Ft. Washington,PA,19034,Consultant & Professional Services,Strategic Consulting
Senate District 34,"CARRERA, ANDRÉS",Democratic,22.64,2025-09-14 00:00:00,Actblue Technical Services,Boston,MA,02196,Bank Fees,
Senate District 34,"CARRERA, ANDRÉS",Democratic,121.67,2025-09-18 00:00:00,Corazon Printing,Broomfield,CO,80020,Advertising,Envelopes Printing
Senate District 34,"CARRERA, ANDRÉS",Democratic,139.68,2025-09-21 00:00:00,Actblue Technical Services,Boston,MA,02196,Bank Fees,
Senate District 34,"CARRERA, ANDRÉS",Democratic,348.49,2025-09-28 00:00:00,Actblue Technical Services,Boston,MA,02196,Bank Fees,
Senate District 34,"CARRERA, ANDRÉS",Democratic,96.8,2025-09-30 00:00:00,Actblue Technical Services,Boston,MA,02196,Bank Fees,
Senate District 34,"CARRERA, ANDRÉS",Democratic,7.0,2025-10-02 00:00:00,"Google, Inc.",Mountain View,CA,94043,Office Equipment & Supplies,Google Email Suite
Senate District 34,"CARRERA, ANDRÉS",Democratic,47.32,2025-10-03 00:00:00,Mailchimp,Atlanta,GA,30308,Advertising,Email Marketing Services
Senate District 34,"CARRERA, ANDRÉS",Democratic,16.33,2025-10-05 00:00:00,Actblue Technical Services,Boston,MA,02196,Fundraising Expenses,Donor Processing Fees
Senate District 34,"CARRERA, ANDRÉS",Democratic,534.79,2025-10-06 00:00:00,Denver Democratic Central Committee,Denver,CO,80205,Entertainment,Dpod 2025 Gala Ticket
Senate District 34,"CARRERA, ANDRÉS",Democratic,1705.0,2025-10-08 00:00:00,Practical Campaign Services,Centennial,CO,80122,Consultant & Professional Services,Strategic Consulting
Senate District 34,"CARRERA, ANDRÉS",Democratic,19.76,2025-10-12 00:00:00,Actblue Technical Services,Boston,MA,02196,Fundraising Expenses,Donor Processing Fees
Senate District 34,"CARRERA, ANDRÉS",Democratic,10.67,2025-10-19 00:00:00,Actblue Technical Services,Boston,MA,02196,Fundraising Expenses,Donor Processing Fees
Senate District 34,"CARRERA, ANDRÉS",Democratic,48.2,2025-10-26 00:00:00,Actblue Technical Services,Boston,MA,02196,Fundraising Expenses,Donor Processing Fees
Senate District 34,"CARRERA, ANDRÉS",Democratic,50.0,2025-10-30 00:00:00,"The Globeville, Elyria, Swansea Coalition",Denver,CO,80216,Entertainment,Community Event Ticket
Senate District 34,"CARRERA, ANDRÉS",Democratic,60.47,2025-11-02 00:00:00,Actblue Technical Services,Boston,MA,02196,Fundraising Expenses,Donor Processing Fees
Senate District 34,"CARRERA, ANDRÉS",Democratic,7.0,2025-11-03 00:00:00,"Google, Inc.",Mountain View,CA,94043,Office Equipment & Supplies,Google Email Suite
Senate District 34,"CARRERA, ANDRÉS",Democratic,47.32,2025-11-03 00:00:00,Mailchimp,Atlanta,GA,30308,Advertising,Email Marketing Services
Senate District 34,"CARRERA, ANDRÉS",Democratic,7.32,2025-11-09 00:00:00,Actblue Technical Services,Boston,MA,02196,Fundraising Expenses,Donor Processing Fees
Senate District 34,"CARRERA, ANDRÉS",Democratic,435.0,2025-11-12 00:00:00,Practical Campaign Services,Centennial,CO,80122,Consultant & Professional Services,Strategic Consulting
Senate District 34,"CARRERA, ANDRÉS",Democratic,2000.0,2025-11-13 00:00:00,Joanna  Rosa-Saenz,Denver,CO,80211,Consultant & Professional Services,Strategic Field Consulting
Senate District 34,"CARRERA, ANDRÉS",Democratic,2.97,2025-11-16 00:00:00,Actblue Technical Services,Boston,MA,02196,Fundraising Expenses,Donor Processing Fees
Senate District 34,"CARRERA, ANDRÉS",Democratic,29.15,2025-11-24 00:00:00,Convivio Caf…,Denver,CO,80212,"Food, Beverages and Meals",Campaign Event
Senate District 34,"CARRERA, ANDRÉS",Democratic,12.64,2025-11-25 00:00:00,Corvus Coffee Roasters,Denver,CO,80203,"Food, Beverages and Meals",Campaign Event
Senate District 34,"CARRERA, ANDRÉS",Democratic,15.53,2025-11-30 00:00:00,Actblue Technical Services,Boston,MA,02196,Fundraising Expenses,Donor Processing Fees
Senate District 34,"CARRERA, ANDRÉS",Democratic,7.0,2025-12-02 00:00:00,"Google, Inc.",Mountain View,CA,94043,Office Equipment & Supplies,Google Email Suite
Senate District 34,"CARRERA, ANDRÉS",Democratic,47.32,2025-12-03 00:00:00,Mailchimp,Atlanta,GA,30308,Advertising,Email Marketing Services
Senate District 34,"CARRERA, ANDRÉS",Democratic,43.67,2025-12-07 00:00:00,Actblue Technical Services,Boston,MA,02196,Fundraising Expenses,Donor Processing Fees
Senate District 34,"CARRERA, ANDRÉS",Democratic,435.0,2025-12-10 00:00:00,Practical Campaign Services,Centennial,CO,80122,Consultant & Professional Services,Strategic Consulting
Senate District 34,"CARRERA, ANDRÉS",Democratic,8.89,2025-12-14 00:00:00,Actblue Technical Services,Boston,MA,02196,Fundraising Expenses,Donor Processing Fees
Senate District 34,"CARRERA, ANDRÉS",Democratic,20.94,2025-12-15 00:00:00,Convivio Caf…,Denver,CO,80212,"Food, Beverages and Meals",Campaign Event
Senate District 34,"CARRERA, ANDRÉS",Democratic,19.76,2025-12-21 00:00:00,Actblue Technical Services,Boston,MA,02196,Fundraising Expenses,Donor Processing Fees
Senate District 34,"CARRERA, ANDRÉS",Democratic,19.76,2025-12-31 00:00:00,Actblue Technical Services,Boston,MA,02196,Fundraising Expenses,Donor Processing Fees
Senate District 34,"GARCIA IRLANDO, GRACIELA",Democratic,37.85,2025-07-10 00:00:00,Squarespace,New York,NY,10014,Office Equipment & Supplies,
Senate District 34,"GARCIA IRLANDO, GRACIELA",Democratic,17.67,2025-07-10 00:00:00,Squarespace,New York,NY,10014,Office Equipment & Supplies,
Senate District 34,"GARCIA IRLANDO, GRACIELA",Democratic,192.0,2025-07-10 00:00:00,Usps,Denver,CO,80212,Office Equipment & Supplies,
Senate District 34,"GARCIA IRLANDO, GRACIELA",Democratic,61.96,2025-07-13 00:00:00,Actblue Technical Services,Boston,MA,02196,Fundraising Expenses,
Senate District 34,"GARCIA IRLANDO, GRACIELA",Democratic,47.42,2025-07-20 00:00:00,Actblue Technical Services,Boston,MA,02196,Fundraising Expenses,
Senate District 34,"GARCIA IRLANDO, GRACIELA",Democratic,23.71,2025-07-27 00:00:00,Actblue Technical Services,Boston,MA,02196,Fundraising Expenses,
Senate District 34,"GARCIA IRLANDO, GRACIELA",Democratic,26.67,2025-08-03 00:00:00,Actblue Technical Services,Boston,MA,02196,Fundraising Expenses,
Senate District 34,"GARCIA IRLANDO, GRACIELA",Democratic,540.75,2025-08-05 00:00:00,Corazon Printing,Broomfield,CO,80020,Office Equipment & Supplies,
Senate District 34,"GARCIA IRLANDO, GRACIELA",Democratic,1500.0,2025-08-07 00:00:00,"Heart And Mind Media, Llc",Denver,CO,80207,Consultant & Professional Services,
Senate District 34,"GARCIA IRLANDO, GRACIELA",Democratic,275.31,2025-08-08 00:00:00,Little Wolf,Denver,CO,80212,"Food, Beverages and Meals",
Senate District 34,"GARCIA IRLANDO, GRACIELA",Democratic,121.11,2025-08-10 00:00:00,Actblue Technical Services,Boston,MA,02196,Fundraising Expenses,
Senate District 34,"GARCIA IRLANDO, GRACIELA",Democratic,55.52,2025-08-10 00:00:00,Squarespace,New York,NY,10014,Office Equipment & Supplies,
Senate District 34,"GARCIA IRLANDO, GRACIELA",Democratic,52.85,2025-08-17 00:00:00,Actblue Technical Services,Boston,MA,02196,Fundraising Expenses,
Senate District 34,"GARCIA IRLANDO, GRACIELA",Democratic,865.4,2025-08-19 00:00:00,Colorado Democratic Party,Denver,CO,80203,Other,Van Access
Senate District 34,"GARCIA IRLANDO, GRACIELA",Democratic,19.84,2025-08-21 00:00:00,Unionist Printing,Omaha,NE,68164,Advertising,
Senate District 34,"GARCIA IRLANDO, GRACIELA",Democratic,90.51,2025-08-24 00:00:00,Actblue Technical Services,Boston,MA,02196,Fundraising Expenses,
Senate District 34,"GARCIA IRLANDO, GRACIELA",Democratic,75.0,2025-08-25 00:00:00,The Sunday Strategist,Denver,CO,80209,Consultant & Professional Services,
Senate District 34,"GARCIA IRLANDO, GRACIELA",Democratic,30.64,2025-08-31 00:00:00,Actblue Technical Services,Boston,MA,02196,Fundraising Expenses,
Senate District 34,"GARCIA IRLANDO, GRACIELA",Democratic,500.0,2025-09-03 00:00:00,Numero,Costa Mesa,CA,92626,Fundraising Expenses,
Senate District 34,"GARCIA IRLANDO, GRACIELA",Democratic,2700.0,2025-09-05 00:00:00,"Upstream, Llc",Wheat Ridge,CO,80033,Donation for Independent Expenditures,
Senate District 34,"GARCIA IRLANDO, GRACIELA",Democratic,-2700.0,2025-09-05 00:00:00,"Upstream, Llc",Wheat Ridge,CO,80033,Donation for Independent Expenditures,Offset Due To Update Of Filed Item
Senate District 34,"GARCIA IRLANDO, GRACIELA",Democratic,2700.0,2025-09-05 00:00:00,"Upstream, Llc",Wheat Ridge,CO,80033,Consultant & Professional Services,
Senate District 34,"GARCIA IRLANDO, GRACIELA",Democratic,65.2,2025-09-07 00:00:00,Actblue Technical Services,Boston,MA,02196,Fundraising Expenses,
Senate District 34,"GARCIA IRLANDO, GRACIELA",Democratic,60.0,2025-09-08 00:00:00,Teamsters Local 455,Denver,CO,80212,Other,Dinner Ticket
Senate District 34,"GARCIA IRLANDO, GRACIELA",Democratic,55.52,2025-09-10 00:00:00,Squarespace,New York,NY,10014,Office Equipment & Supplies,
Senate District 34,"GARCIA IRLANDO, GRACIELA",Democratic,14.04,2025-09-14 00:00:00,Actblue Technical Services,Boston,MA,02196,Fundraising Expenses,
Senate District 34,"GARCIA IRLANDO, GRACIELA",Democratic,214.99,2025-09-17 00:00:00,Denver Democratic Central Committee,Denver,CO,80205,Miscellaneous,Table Fee
Senate District 34,"GARCIA IRLANDO, GRACIELA",Democratic,14.04,2025-09-21 00:00:00,Actblue Technical Services,Boston,MA,02196,Fundraising Expenses,
Senate District 34,"GARCIA IRLANDO, GRACIELA",Democratic,19.98,2025-09-25 00:00:00,Quo,San Francisco,CA,94114,Fundraising Expenses,
Senate District 34,"GARCIA IRLANDO, GRACIELA",Democratic,1.45,2025-09-26 00:00:00,Quo,San Francisco,CA,94114,Fundraising Expenses,
Senate District 34,"GARCIA IRLANDO, GRACIELA",Democratic,19.5,2025-09-26 00:00:00,Quo,San Francisco,CA,94114,Fundraising Expenses,
Senate District 34,"GARCIA IRLANDO, GRACIELA",Democratic,66.23,2025-09-28 00:00:00,Actblue Technical Services,Boston,MA,02196,Fundraising Expenses,
Senate District 34,"GARCIA IRLANDO, GRACIELA",Democratic,141.49,2025-09-30 00:00:00,Actblue Technical Services,Boston,MA,02196,Fundraising Expenses,
Senate District 34,"GARCIA IRLANDO, GRACIELA",Democratic,29.05,2025-10-05 00:00:00,Actblue Technical Services,Boston,MA,02196,Fundraising Expenses,
Senate District 34,"GARCIA IRLANDO, GRACIELA",Democratic,55.52,2025-10-10 00:00:00,Squarespace,New York,NY,10014,Office Equipment & Supplies,
Senate District 34,"GARCIA IRLANDO, GRACIELA",Democratic,22.93,2025-10-12 00:00:00,Actblue Technical Services,Boston,MA,02196,Fundraising Expenses,
Senate District 34,"GARCIA IRLANDO, GRACIELA",Democratic,112.0,2025-10-16 00:00:00,Community Language Cooperative,Englewood,CO,80150,Miscellaneous,Translation For Public Forum
Senate District 34,"GARCIA IRLANDO, GRACIELA",Democratic,11.66,2025-10-19 00:00:00,Actblue Technical Services,Boston,MA,02196,Fundraising Expenses,
Senate District 34,"GARCIA IRLANDO, GRACIELA",Democratic,21.48,2025-10-25 00:00:00,Quo,San Francisco,CA,94114,Office Equipment & Supplies,
Senate District 34,"GARCIA IRLANDO, GRACIELA",Democratic,16.8,2025-10-26 00:00:00,Actblue Technical Services,Boston,MA,02196,Fundraising Expenses,
Senate District 34,"GARCIA IRLANDO, GRACIELA",Democratic,33.2,2025-11-02 00:00:00,Actblue Technical Services,Boston,MA,02196,Fundraising Expenses,
Senate District 34,"GARCIA IRLANDO, GRACIELA",Democratic,0.99,2025-11-09 00:00:00,Actblue Technical Services,Boston,MA,02196,Fundraising Expenses,
Senate District 34,"GARCIA IRLANDO, GRACIELA",Democratic,55.52,2025-11-10 00:00:00,Squarespace,New York,NY,10014,Office Equipment & Supplies,
Senate District 34,"GARCIA IRLANDO, GRACIELA",Democratic,7.9,2025-11-16 00:00:00,Actblue Technical Services,Boston,MA,02196,Fundraising Expenses,
Senate District 34,"GARCIA IRLANDO, GRACIELA",Democratic,37.34,2025-11-23 00:00:00,Actblue Technical Services,Boston,MA,02196,Fundraising Expenses,
Senate District 34,"GARCIA IRLANDO, GRACIELA",Democratic,21.48,2025-11-25 00:00:00,Quo,San Francisco,CA,94114,Office Equipment & Supplies,
Senate District 34,"GARCIA IRLANDO, GRACIELA",Democratic,9.1,2025-11-30 00:00:00,Actblue Technical Services,Boston,MA,02196,Fundraising Expenses,
Senate District 34,"GARCIA IRLANDO, GRACIELA",Democratic,4.04,2025-12-07 00:00:00,Actblue Technical Services,Boston,MA,02196,Fundraising Expenses,
Senate District 34,"GARCIA IRLANDO, GRACIELA",Democratic,55.52,2025-12-10 00:00:00,Squarespace,New York,NY,10014,Office Equipment & Supplies,
Senate District 34,"GARCIA IRLANDO, GRACIELA",Democratic,12.84,2025-12-14 00:00:00,Actblue Technical Services,Boston,MA,02196,Fundraising Expenses,
Senate District 34,"GARCIA IRLANDO, GRACIELA",Democratic,295.8,2025-12-19 00:00:00,Grassroots Analytics,Washington,DC,20001,Fundraising Expenses,
Senate District 34,"GARCIA IRLANDO, GRACIELA",Democratic,25.69,2025-12-21 00:00:00,Actblue Technical Services,Boston,MA,02196,Fundraising Expenses,
Senate District 34,"GARCIA IRLANDO, GRACIELA",Democratic,21.48,2025-12-25 00:00:00,Quo,San Francisco,CA,94114,Office Equipment & Supplies,
Senate District 34,"GARCIA IRLANDO, GRACIELA",Democratic,19.76,2025-12-28 00:00:00,Actblue Technical Services,Boston,MA,02196,Fundraising Expenses,
Senate District 34,"GARCIA IRLANDO, GRACIELA",Democratic,95.59,2025-12-31 00:00:00,Actblue Technical Services,Boston,MA,02196,Fundraising Expenses,
Senate District 35,"NELSON, TRAVIS",Unaffiliated,0.4,2025-01-27 00:00:00,Actblue,Somerville,MA,02144,Bank Fees,Actblue Fee
Senate District 35,"NELSON, TRAVIS",Unaffiliated,3.95,2025-01-27 00:00:00,Actblue,Somerville,MA,02144,Bank Fees,Actblue Fees
Senate District 35,"NELSON, TRAVIS",Unaffiliated,3.95,2025-01-27 00:00:00,Actblue,Somerville,MA,02144,Bank Fees,Actblue Fees
Senate District 35,"NELSON, TRAVIS",Unaffiliated,0.99,2025-01-27 00:00:00,Actblue,Somerville,MA,02144,Bank Fees,Actblue Fees
Senate District 35,"NELSON, TRAVIS",Unaffiliated,201.6,2025-02-20 00:00:00,Yard Sign Plus,Houston,TX,77099,Miscellaneous,Yard Signs Order
Senate District 35,"NELSON, TRAVIS",Unaffiliated,0.99,2025-02-22 00:00:00,Actblue,Somerville,MA,02144,Bank Fees,Actblue Fees
Senate District 35,"NELSON, TRAVIS",Unaffiliated,9.88,2025-02-23 00:00:00,Actblue,Somerville,MA,02144,Bank Fees,Actblue Fees
Senate District 35,"NELSON, TRAVIS",Unaffiliated,3.95,2025-02-25 00:00:00,Actblue,Somerville,MA,02144,Bank Fees,Actblue Fees
Senate District 35,"NELSON, TRAVIS",Unaffiliated,0.99,2025-03-02 00:00:00,Actblue,Somerville,MA,02144,Bank Fees,Actblue Fees
Senate District 35,"NELSON, TRAVIS",Unaffiliated,0.99,2025-03-03 00:00:00,Actblue,Somerville,CO,02144,Bank Fees,
Senate District 35,"NELSON, TRAVIS",Unaffiliated,275.0,2025-03-19 00:00:00,Yard Sign Plus,Houston,TX,77099,Miscellaneous,Yard Signs
Senate District 35,"NELSON, TRAVIS",Unaffiliated,35.12,2025-03-26 00:00:00,Lowes,Pueblo,CO,81005,Miscellaneous,Hardware To Hang Signs.
Senate District 35,"NELSON, TRAVIS",Unaffiliated,10.0,2025-04-08 00:00:00,Wells Fargo,Lakewood,CO,80226,Bank Fees,Cashiers Check Fee
Senate District 35,"NELSON, TRAVIS",Unaffiliated,10.0,2025-04-30 00:00:00,Wells Fargo,Lakewood,CO,80226,Bank Fees,Monthly Bank Fee
Senate District 35,"NELSON, TRAVIS",Unaffiliated,10.0,2025-05-30 00:00:00,Wells Fargo,Lakewood,CO,80226,Bank Fees,Monthly Bank Fee
Senate District 35,"NELSON, TRAVIS",Unaffiliated,20.0,2025-06-20 00:00:00,Colorado Secretary Of State,Denver,CO,80290,Other,Colorado Sos Tradename Filing
Senate District 35,"NELSON, TRAVIS",Unaffiliated,30.0,2025-06-23 00:00:00,Colorado Secretary Of State,Denver,CO,80290,Other,Colorado Sos Tradename Filing
Senate District 35,"NELSON, TRAVIS",Unaffiliated,12.64,2025-06-30 00:00:00,,,,,Bank Fees,Actblue Fees
Senate District 35,"NELSON, TRAVIS",Unaffiliated,10.0,2025-06-30 00:00:00,Wells Fargo,Lakewood,CO,80226,Bank Fees,Monthly Bank Fees
Senate District 35,"NELSON, TRAVIS",Unaffiliated,-12.64,2025-06-30 00:00:00,,,,,Bank Fees,Offset Due To Update Of Filed Item - Actblue Fees
Senate District 35,"NELSON, TRAVIS",Unaffiliated,12.66,2025-06-30 00:00:00,,,,,Bank Fees,Actblue Fees
Senate District 35,"NELSON, TRAVIS",Unaffiliated,0.79,2025-07-18 00:00:00,Actblue,Somerville,MA,02144,Bank Fees,Actblue Fees
Senate District 35,"NELSON, TRAVIS",Unaffiliated,0.99,2025-07-23 00:00:00,Actblue,Somerville,MA,02144,Bank Fees,Actblue Fees
Senate District 35,"NELSON, TRAVIS",Unaffiliated,1.98,2025-07-26 00:00:00,Actblue,Somerville,MA,02144,Bank Fees,Actblue Fees
Senate District 35,"NELSON, TRAVIS",Unaffiliated,432.85,2025-08-01 00:00:00,Colorado Democratic Party,Denver,CO,80203,Consultant & Professional Services,Van Access. Was A Democrat When Transaction Was Made. Now Am An Unaffiliated Candidate.
Senate District 35,"NELSON, TRAVIS",Unaffiliated,60.0,2025-08-04 00:00:00,Emergent Campus,Florence,CO,81226,Rent & Utilities,Rent At Shared Office Space
Senate District 35,"NELSON, TRAVIS",Unaffiliated,0.99,2025-08-07 00:00:00,Actblue,Somerville,MA,02144,Bank Fees,Actblue Fees
Senate District 35,"NELSON, TRAVIS",Unaffiliated,1.98,2025-08-09 00:00:00,Actblue,Somerville,MA,02144,Bank Fees,Actblue Fees
Senate District 35,"NELSON, TRAVIS",Unaffiliated,17.52,2025-08-12 00:00:00,Safeway,Trinidad,CO,81082,"Food, Beverages and Meals",Supplies For Coffee With The Candidate Night
Senate District 35,"NELSON, TRAVIS",Unaffiliated,0.99,2025-08-16 00:00:00,Actblue,Somerville,MA,02144,Bank Fees,Actblue Fees
Senate District 35,"NELSON, TRAVIS",Unaffiliated,3.95,2025-08-18 00:00:00,Actblue,Somerville,MA,02144,Bank Fees,Actblue Fees
Senate District 35,"NELSON, TRAVIS",Unaffiliated,0.99,2025-08-19 00:00:00,Actblue,Somerville,MA,02144,Bank Fees,Actblue Fees
Senate District 35,"NELSON, TRAVIS",Unaffiliated,11.76,2025-08-22 00:00:00,Safeway,Trinidad,CO,81082,"Food, Beverages and Meals",Supplies For Fundraiser Event
Senate District 35,"NELSON, TRAVIS",Unaffiliated,0.99,2025-08-24 00:00:00,Actblue,Somerville,MA,02144,Bank Fees,Actblue Fees
Senate District 35,"NELSON, TRAVIS",Unaffiliated,43.91,2025-08-25 00:00:00,Safeway,Walsenburg,CO,81089,"Food, Beverages and Meals",Snacks And Supplies For Fundraiser Event
Senate District 35,"NELSON, TRAVIS",Unaffiliated,3.95,2025-08-26 00:00:00,Actblue,Somerville,MA,02144,Bank Fees,Actblue Fees
Senate District 35,"NELSON, TRAVIS",Unaffiliated,0.99,2025-08-28 00:00:00,Actblue,Somerville,MA,02144,Bank Fees,Actblue Fees
Senate District 35,"NELSON, TRAVIS",Unaffiliated,0.99,2025-08-29 00:00:00,Actblue,Somerville,MA,02144,Bank Fees,Actblue Fees
Senate District 35,"NELSON, TRAVIS",Unaffiliated,60.0,2025-09-03 00:00:00,Emergent Campus,Florence,CO,81226,Rent & Utilities,Rent On Shared Office Space
Senate District 35,"NELSON, TRAVIS",Unaffiliated,0.99,2025-09-06 00:00:00,Actblue,Somerville,MA,02144,Bank Fees,Actblue Fees
Senate District 35,"NELSON, TRAVIS",Unaffiliated,23.94,2025-09-10 00:00:00,Walsenburg Lumber,Walsenburg,CO,81089,Office Equipment & Supplies,Hardware To Hang Signs
Senate District 35,"NELSON, TRAVIS",Unaffiliated,336.0,2025-09-15 00:00:00,Wix,New York,NY,10014,Advertising,Website Domain Hosting 2 Years
Senate District 35,"NELSON, TRAVIS",Unaffiliated,155.48,2025-09-19 00:00:00,My Friend The Printer,Pueblo,CO,81003,Advertising,Box Of Buisness Cards
Senate District 35,"NELSON, TRAVIS",Unaffiliated,0.59,2025-09-21 00:00:00,Actblue,Somerville,MA,02144,Bank Fees,Actblue Fees
Senate District 35,"NELSON, TRAVIS",Unaffiliated,0.24,2025-09-24 00:00:00,Actblue,Somerville,MA,02144,Bank Fees,Actblue Fees
Senate District 35,"NELSON, TRAVIS",Unaffiliated,57.61,2025-09-30 00:00:00,My Friend The Printer,Pueblo,CO,81003,Advertising,Stickers
Senate District 35,"NELSON, TRAVIS",Unaffiliated,0.99,2025-10-05 00:00:00,Actblue,Somerville,MA,02144,Bank Fees,Actblue Fees
Senate District 35,"NELSON, TRAVIS",Unaffiliated,1.47,2025-10-05 00:00:00,Raise The Money,Little Rock,AR,72221,Bank Fees,Raisethemoney.Com Fees
Senate District 35,"NELSON, TRAVIS",Unaffiliated,200.0,2025-10-07 00:00:00,Pueblo Web Design,Pueblo,CO,81003,Advertising,Updates To Website
Senate District 35,"NELSON, TRAVIS",Unaffiliated,60.0,2025-10-07 00:00:00,Emergent Campus,Florence,CO,81226,Rent & Utilities,Rent For Shared Office Space
Senate District 35,"NELSON, TRAVIS",Unaffiliated,20.0,2025-10-14 00:00:00,Chatgpt,San Francisco,CA,94158,Other,Chatgpt Subscription
Senate District 35,"NELSON, TRAVIS",Unaffiliated,13.14,2025-11-02 00:00:00,Raise The Money,Little Rock,AR,72221,Bank Fees,Raisethemoney.Com Fees
Senate District 35,"NELSON, TRAVIS",Unaffiliated,60.0,2025-11-04 00:00:00,Emergent Campus,Florence,CO,81226,Rent & Utilities,Shared Office Space Rent Emergent Campus
Senate District 35,"NELSON, TRAVIS",Unaffiliated,2.7,2025-11-08 00:00:00,Raise The Money,Little Rock,AR,72221,Bank Fees,Raise The Money Fees
Senate District 35,"NELSON, TRAVIS",Unaffiliated,20.0,2025-11-12 00:00:00,Chatgpt,San Francisco,CA,94158,Other,Chatgpt Subscription
Senate District 35,"NELSON, TRAVIS",Unaffiliated,351.22,2025-11-12 00:00:00,Signs On The Cheap,Austin,TX,78758,Advertising,Yard Signs
Senate District 35,"NELSON, TRAVIS",Unaffiliated,1.47,2025-11-19 00:00:00,Raise The Money,Little Rock,AR,72221,Bank Fees,Raise The Money Fees
Senate District 35,"NELSON, TRAVIS",Unaffiliated,10.0,2025-11-28 00:00:00,Wells Fargo,Lakewood,CO,80226,Bank Fees,Bank Fees
Senate District 35,"NELSON, TRAVIS",Unaffiliated,60.0,2025-12-03 00:00:00,Emergent Campus,Florence,CO,81226,Rent & Utilities,Rent
Senate District 35,"NELSON, TRAVIS",Unaffiliated,15.84,2025-12-06 00:00:00,Raise The Money,Little Rock,AR,72221,Bank Fees,Raisethemoney.Com Fees
Senate District 35,"NELSON, TRAVIS",Unaffiliated,20.0,2025-12-11 00:00:00,Chatgpt,San Francisco,CA,94158,Other,Chat Gpt Subscription
Senate District 35,"NELSON, TRAVIS",Unaffiliated,1.47,2025-12-15 00:00:00,Raise The Money,Little Rock,AR,72221,Bank Fees,Raisethemoney.Com Fees
Senate District 35,"NELSON, TRAVIS",Unaffiliated,5.15,2025-12-30 00:00:00,Raise The Money,Little Rock,AR,72221,Bank Fees,Rasiethemoney.Com Fees
Senate District 35,"NELSON, TRAVIS",Unaffiliated,10.0,2025-12-31 00:00:00,Wells Fargo,Lakewood,CO,80226,Bank Fees,Bank Fees
Senate District 35,"PELTON, RODNEY",Republican,700.0,2025-01-14 00:00:00,Senate Republican Caucus,Denver,CO,80203,Miscellaneous,Dues
Senate District 35,"PELTON, RODNEY",Republican,101.0,2025-01-18 00:00:00,Rodney  Pelton,Cheyenne Wells,CO,80810,Travel & Lodging,Mileage To Lamar (Ldd)
Senate District 35,"PELTON, RODNEY",Republican,32.0,2025-01-27 00:00:00,Campaign Partner,Still River,MA,01467,Advertising,Website
Senate District 35,"PELTON, RODNEY",Republican,125.0,2025-01-30 00:00:00,Pro 15,Fort Morgan,CO,80701,Miscellaneous,Dues
Senate District 35,"PELTON, RODNEY",Republican,74.0,2025-02-12 00:00:00,Rodney  Pelton,Cheyenne Wells,CO,80810,Travel & Lodging,Elbert (Reorg)
Senate District 35,"PELTON, RODNEY",Republican,164.54,2025-02-13 00:00:00,Zoom,Denver,CO,80237,Miscellaneous,Zoom One Year
Senate District 35,"PELTON, RODNEY",Republican,32.0,2025-02-27 00:00:00,Campaign Partner,Still River,MA,01467,Advertising,Website
Senate District 35,"PELTON, RODNEY",Republican,181.0,2025-03-21 00:00:00,Rodney  Pelton,Cheyenne Wells,CO,80810,Travel & Lodging,Vilas (Ldd)
Senate District 35,"PELTON, RODNEY",Republican,32.0,2025-03-27 00:00:00,Campaign Partner,Still River,MA,01467,Advertising,Website
Senate District 35,"PELTON, RODNEY",Republican,32.0,2025-04-27 00:00:00,Campaign Partner,Still River,MA,01467,Advertising,Website
Senate District 35,"PELTON, RODNEY",Republican,167.5,2025-05-17 00:00:00,Rodney  Pelton,Cheyenne Wells,CO,80810,Other,Mileage To Lamar/La Junta
Senate District 35,"PELTON, RODNEY",Republican,32.0,2025-05-27 00:00:00,Campaign Partner,Still River,MA,01467,Advertising,Website
Senate District 35,"PELTON, RODNEY",Republican,100.0,2025-05-27 00:00:00,Action Colorado,Pueblo,CO,81003,Miscellaneous,1 Year Dues
Senate District 35,"PELTON, RODNEY",Republican,42.43,2025-05-27 00:00:00,Amazon,Seattle,WA,98109,Advertising,Parade Candy
Senate District 35,"PELTON, RODNEY",Republican,241.2,2025-05-29 00:00:00,Rodney  Pelton,Cheyenne Wells,CO,80810,Other,Mileage To Fountain/Elizabeth
Senate District 35,"PELTON, RODNEY",Republican,122.67,2025-06-21 00:00:00,Amazon,Seattle,WA,98109,Advertising,Parade Candy
Senate District 35,"PELTON, RODNEY",Republican,32.0,2025-06-27 00:00:00,Campaign Partner,Still River,MA,01467,Advertising,Website
Senate District 35,"PELTON, RODNEY",Republican,32.0,2025-07-27 00:00:00,Campaign Partner,Still River,MA,01467,Advertising,Website
Senate District 35,"PELTON, RODNEY",Republican,0.59,2025-08-10 00:00:00,Winred,Arlington,VA,22219,Bank Fees,Winred Fee
Senate District 35,"PELTON, RODNEY",Republican,182.32,2025-08-18 00:00:00,Amazon,Seattle,WA,98109,Advertising,Parade Candy
Senate District 35,"PELTON, RODNEY",Republican,32.0,2025-08-27 00:00:00,Campaign Partner,Still River,MA,01467,Advertising,Website
Senate District 35,"PELTON, RODNEY",Republican,-182.04,2025-09-02 00:00:00,Amazon,Seattle,WA,98109,Returned Expenditure,Undelivered Candy Refund
Senate District 35,"PELTON, RODNEY",Republican,141.0,2025-09-13 00:00:00,Rodney  Pelton,Cheyenne Wells,CO,80810,Travel & Lodging,Mileage To Las Animas Ldd
Senate District 35,"PELTON, RODNEY",Republican,201.0,2025-09-23 00:00:00,Rodney  Pelton,Cheyenne Wells,CO,80810,Travel & Lodging,Mileage To Colorado Springs
Senate District 35,"PELTON, RODNEY",Republican,32.0,2025-09-27 00:00:00,Campaign Partner,Still River,MA,01467,Advertising,Website
Senate District 35,"PELTON, RODNEY",Republican,32.0,2025-10-27 00:00:00,Campaign Partner,Still River,MA,01467,Advertising,Website
Senate District 35,"PELTON, RODNEY",Republican,32.0,2025-11-27 00:00:00,Campaign Partner,Still River,MA,01467,Advertising,Website
Senate District 35,"PELTON, RODNEY",Republican,194.0,2025-12-10 00:00:00,Rodney  Pelton,Cheyenne Wells,CO,80810,Travel & Lodging,Mileage To Colorado Spgs (El Paso Cnty Christmas Party)
Senate District 35,"PELTON, RODNEY",Republican,32.0,2025-12-27 00:00:00,Campaign Partner,Still River,MA,01467,Advertising,Website
Senate District 35,"PELTON, RODNEY",Republican,500.0,2023-01-05 00:00:00,Senate Republican Caucus,Denver,CO,80203,Other,Senate Caucus Dues
Senate District 35,"PELTON, RODNEY",Republican,500.0,2023-01-17 00:00:00,National Western Stock Show,Denver,CO,80216,Advertising,Nwss Junior Livestock Sale
Senate District 35,"PELTON, RODNEY",Republican,32.0,2023-01-27 00:00:00,Campaign Partner,Still River,MA,01467,Advertising,
Senate District 35,"PELTON, RODNEY",Republican,154.25,2023-02-13 00:00:00,Zoom,Denver,CO,80237,Miscellaneous,
Senate District 35,"PELTON, RODNEY",Republican,138.0,2023-02-20 00:00:00,Rodney  Pelton,Cheyenne Wells,CO,80810,Travel & Lodging,Denver To Hugo Ldd
Senate District 35,"PELTON, RODNEY",Republican,32.0,2023-02-28 00:00:00,Campaign Partner,Still River,MA,01467,Advertising,
Senate District 35,"PELTON, RODNEY",Republican,15.0,2023-03-03 00:00:00,Campaign Partner,Still River,MA,01467,Advertising,Domain Registration
Senate District 35,"PELTON, RODNEY",Republican,60.0,2023-03-03 00:00:00,Campaign Partner,Still River,MA,01467,Advertising,
Senate District 35,"PELTON, RODNEY",Republican,66.0,2023-03-11 00:00:00,Rodney  Pelton,Cheyenne Wells,CO,80810,Travel & Lodging,Denver To Loveland Gop Reorg
Senate District 35,"PELTON, RODNEY",Republican,157.0,2023-03-18 00:00:00,Rodney  Pelton,Cheyenne Wells,CO,80810,Travel & Lodging,La Junta Ldd
Senate District 35,"PELTON, RODNEY",Republican,160.0,2023-03-25 00:00:00,Rodney  Pelton,Cheyenne Wells,CO,80810,Travel & Lodging,Springfield Ldd
Senate District 35,"PELTON, RODNEY",Republican,32.0,2023-03-27 00:00:00,Campaign Partner,Still River,MA,01467,Advertising,
Senate District 35,"PELTON, RODNEY",Republican,50.0,2023-04-14 00:00:00,Rodney  Pelton,Cheyenne Wells,CO,80810,Travel & Lodging,Burlington Ldd
Senate District 35,"PELTON, RODNEY",Republican,165.0,2023-04-23 00:00:00,Cheyenne County Republican Central Committee,Cheyenne Wells,CO,80810-0771,"Food, Beverages and Meals",Ldd
Senate District 35,"PELTON, RODNEY",Republican,43.0,2023-04-26 00:00:00,Plainsman Herald,Springfield,CO,81073,Miscellaneous,Subscription
Senate District 35,"PELTON, RODNEY",Republican,32.0,2023-04-27 00:00:00,Campaign Partner,Still River,MA,01467,Advertising,
Senate District 35,"PELTON, RODNEY",Republican,236.0,2023-05-10 00:00:00,Rodney  Pelton,Cheyenne Wells,CO,80810,Travel & Lodging,Kim; Las Animas County Gop
Senate District 35,"PELTON, RODNEY",Republican,197.0,2023-05-13 00:00:00,Rodney  Pelton,Cheyenne Wells,CO,80810,Travel & Lodging,Elbert Conservative Breakfast
Senate District 35,"PELTON, RODNEY",Republican,164.0,2023-05-18 00:00:00,Rodney  Pelton,Cheyenne Wells,CO,80810,Travel & Lodging,Rocky Ford Ten Talks
Senate District 35,"PELTON, RODNEY",Republican,98.0,2023-05-20 00:00:00,Rodney  Pelton,Cheyenne Wells,CO,80810,Travel & Lodging,Lamar Days
Senate District 35,"PELTON, RODNEY",Republican,32.0,2023-05-27 00:00:00,Campaign Partner,Still River,MA,01467,Advertising,Website
Senate District 35,"PELTON, RODNEY",Republican,130.0,2023-06-01 00:00:00,Colorado Christian University,Lakewood,CO,80226,"Food, Beverages and Meals",2 Meals Wcs
Senate District 35,"PELTON, RODNEY",Republican,242.0,2023-06-09 00:00:00,Rodney  Pelton,Cheyenne Wells,CO,80810,Travel & Lodging,Denver Western Conservative Summit
Senate District 35,"PELTON, RODNEY",Republican,40.9,2023-06-09 00:00:00,Olive Garden,Denver,CO,80238,"Food, Beverages and Meals",Meal Western Conservative Summit
Senate District 35,"PELTON, RODNEY",Republican,781.61,2023-06-11 00:00:00,Hyatt Regency Denver At Ccc,Denver,CO,80202,Travel & Lodging,Lodging Wcs
Senate District 35,"PELTON, RODNEY",Republican,82.98,2023-06-22 00:00:00,Tank And Tummy,Rocky Ford,CO,81067,Travel & Lodging,Plains Tour Gas
Senate District 35,"PELTON, RODNEY",Republican,138.0,2023-06-24 00:00:00,Rodney  Pelton,Cheyenne Wells,CO,80810,Travel & Lodging,Las Animas
Senate District 35,"PELTON, RODNEY",Republican,190.62,2023-06-27 00:00:00,Amazon,Seattle,WA,98109,Advertising,Parade Candy
Senate District 35,"PELTON, RODNEY",Republican,32.0,2023-06-27 00:00:00,Campaign Partner,Still River,MA,01467,Advertising,Website
Senate District 35,"PELTON, RODNEY",Republican,314.4,2023-07-01 00:00:00,Rodney  Pelton,Cheyenne Wells,CO,80810,Travel & Lodging,La Veta Parade
Senate District 35,"PELTON, RODNEY",Republican,125.0,2023-07-06 00:00:00,Kit Carson County Fair,Burlington,CO,80807,Advertising,Catch A Goat Sponsor
Senate District 35,"PELTON, RODNEY",Republican,100.0,2023-07-19 00:00:00,Las Animas County Republican Party,Redacted By Sos,CO,99999,"Food, Beverages and Meals",2 Ldd Tickets
Senate District 35,"PELTON, RODNEY",Republican,49.42,2023-07-20 00:00:00,Jrs Country Store 102,Ordway,CO,81052,"Food, Beverages and Meals",
Senate District 35,"PELTON, RODNEY",Republican,32.0,2023-07-27 00:00:00,Campaign Partner,Still River,MA,01467,Advertising,Website
Senate District 35,"PELTON, RODNEY",Republican,50.0,2023-07-27 00:00:00,Club 20,Grand Junction,CO,81502,Miscellaneous,Dues
Senate District 35,"PELTON, RODNEY",Republican,52.0,2023-08-07 00:00:00,Cci,Denver,CO,80203,Other,Flags
Senate District 35,"PELTON, RODNEY",Republican,32.0,2023-08-27 00:00:00,Campaign Partner,Still River,MA,01467,Advertising,Website
Senate District 35,"PELTON, RODNEY",Republican,255.0,2023-09-16 00:00:00,Rodney  Pelton,Cheyenne Wells,CO,80810,Travel & Lodging,Trinidad Ldd
Senate District 35,"PELTON, RODNEY",Republican,12.48,2023-09-20 00:00:00,The Gap Bar And Grill,Cheyenne Wells,CO,80810,"Food, Beverages and Meals",Meeting With Local Heads
Senate District 35,"PELTON, RODNEY",Republican,50.0,2023-09-20 00:00:00,Rodney  Pelton,Cheyenne Wells,CO,80810,Travel & Lodging,Burlington County Chairs
Senate District 35,"PELTON, RODNEY",Republican,32.0,2023-09-27 00:00:00,Campaign Partner,Still River,MA,01467,Advertising,Website
Senate District 35,"PELTON, RODNEY",Republican,183.33,2023-09-27 00:00:00,Comfort Suites,Castle Rock,CO,80109,Travel & Lodging,Castle Rock State Committee Meeting
Senate District 35,"PELTON, RODNEY",Republican,105.0,2023-09-30 00:00:00,Rodney  Pelton,Cheyenne Wells,CO,80810,Travel & Lodging,Castle Rock State Committee
Senate District 35,"PELTON, RODNEY",Republican,32.0,2023-10-27 00:00:00,Campaign Partner,Still River,MA,01467,Advertising,Website
Senate District 35,"PELTON, RODNEY",Republican,32.0,2023-11-27 00:00:00,Campaign Partner,Still River,MA,01467,Advertising,Website
Senate District 35,"PELTON, RODNEY",Republican,-62.72,2022-12-06 00:00:00,Gaylord Rockies Resort,Aurora,CO,80019,"Food, Beverages and Meals",Offset Due To Update Of Filed Item - Parking
Senate District 35,"PELTON, RODNEY",Republican,65.91,2022-12-06 00:00:00,Gaylord Rockies Resort,Aurora,CO,80019,"Food, Beverages and Meals",Parking
Senate District 35,"PELTON, RODNEY",Republican,-3.19,2022-12-06 00:00:00,Gaylord Rockies Resort,Aurora,CO,80019,"Food, Beverages and Meals",Offset Due To Deletion Of Filed Item - Water
Senate District 35,"PELTON, RODNEY",Republican,32.0,2022-12-27 00:00:00,Campaign Partner,Still River,MA,01467,Advertising,Website
Senate District 35,"PELTON, RODNEY",Republican,32.0,2023-12-27 00:00:00,Campaign Partner,Still River,MA,01467,Advertising,Website
Senate District 35,"PELTON, RODNEY",Republican,-130.0,2023-12-29 00:00:00,Colorado Christian University,Lakewood,CO,80226,Returned Expenditure,Check Was Not Cashed; Voided
Senate District 35,"PELTON, RODNEY",Republican,208.0,2022-12-30 00:00:00,Rodney  Pelton,Cheyenne Wells,CO,80810,Travel & Lodging,Mileage To Pick Up Campaign Signs
Senate District 35,"PELTON, RODNEY",Republican,22.48,2022-12-30 00:00:00,South Side,Limon,CO,80828,"Food, Beverages and Meals",Limon Meal
Senate District 35,"PELTON, RODNEY",Republican,200.0,2024-01-01 00:00:00,Action 22,Pueblo,CO,81002,Miscellaneous,1 Year Membership
Senate District 35,"PELTON, RODNEY",Republican,500.0,2024-01-11 00:00:00,Senate Republican Caucus,Denver,CO,80203,Miscellaneous,Caucus Dues
Senate District 35,"PELTON, RODNEY",Republican,32.0,2024-01-27 00:00:00,Campaign Partner,Still River,MA,01467,Advertising,Website
Senate District 35,"PELTON, RODNEY",Republican,125.0,2024-01-30 00:00:00,Pro 15,Fort Morgan,CO,80701,Miscellaneous,1 Year Membership
Senate District 35,"PELTON, RODNEY",Republican,40.0,2024-02-05 00:00:00,Otero County Republican Central Committee,La Junta,CO,81050,"Food, Beverages and Meals",Otero County Ldd
Senate District 35,"PELTON, RODNEY",Republican,210.0,2024-02-13 00:00:00,Colorado Ag Forum,Denver,CO,80207,Other,Colorado Ag Forum
Senate District 35,"PELTON, RODNEY",Republican,164.54,2024-02-13 00:00:00,Zoom,Denver,CO,80237,Miscellaneous,Zoom Subscription
Senate District 35,"PELTON, RODNEY",Republican,167.5,2024-02-17 00:00:00,Rodney  Pelton,Cheyenne Wells,CO,80810,Travel & Lodging,Mileage To Lamar & La Junta
Senate District 35,"PELTON, RODNEY",Republican,23.19,2024-02-17 00:00:00,Tavern 1301,Lamar,CO,81052,"Food, Beverages and Meals",Meal In Lamar
Senate District 35,"PELTON, RODNEY",Republican,300.0,2024-02-21 00:00:00,Pera,Denver,CO,80203,Other,Aide Parking
Senate District 35,"PELTON, RODNEY",Republican,150.0,2024-02-21 00:00:00,Colorado Ag Forum,Denver,CO,80207,Other,Colorado Ag Forum
Senate District 35,"PELTON, RODNEY",Republican,32.0,2024-02-27 00:00:00,Campaign Partner,Still River,MA,01467,Advertising,Website
Senate District 35,"PELTON, RODNEY",Republican,16.45,2024-03-15 00:00:00,Love'S Store 653,Eads,CO,81036,"Food, Beverages and Meals",Kiowa Cnty Assembly Meal
Senate District 35,"PELTON, RODNEY",Republican,67.0,2024-03-15 00:00:00,Rodney  Pelton,Cheyenne Wells,CO,80810,Travel & Lodging,Mileage To Eads
Senate District 35,"PELTON, RODNEY",Republican,32.0,2024-03-27 00:00:00,Campaign Partner,Still River,MA,01467,Advertising,Website
Senate District 35,"PELTON, RODNEY",Republican,30.0,2024-04-01 00:00:00,Bent Prowers Cattle & Horse Growers,Lakewood,CO,80214,"Food, Beverages and Meals",Supper
Senate District 35,"PELTON, RODNEY",Republican,50.0,2024-04-12 00:00:00,Kit Carson County Republicans Central Committee,Stratton,CO,80836,"Food, Beverages and Meals",Ldd
Senate District 35,"PELTON, RODNEY",Republican,32.0,2024-04-27 00:00:00,Campaign Partner,Still River,MA,01467,Advertising,Website
Senate District 35,"PELTON, RODNEY",Republican,100.0,2024-05-13 00:00:00,Lincoln County Cowbelles,Hugo,CO,80821,Advertising,Banner
Senate District 35,"PELTON, RODNEY",Republican,32.0,2024-05-27 00:00:00,Campaign Partner,Still River,MA,01467,Advertising,Website
Senate District 35,"PELTON, RODNEY",Republican,191.0,2024-06-15 00:00:00,Rodney  Pelton,Cheyenne Wells,CO,80810,Travel & Lodging,Mileage To Kiowa
Senate District 35,"PELTON, RODNEY",Republican,32.0,2024-06-27 00:00:00,Campaign Partner,Still River,MA,01467,Advertising,Website
Senate District 35,"PELTON, RODNEY",Republican,54.71,2024-07-24 00:00:00,Amazon,Seattle,WA,98109,Advertising,Parade Candy
Senate District 35,"PELTON, RODNEY",Republican,32.0,2024-07-29 00:00:00,Campaign Partner,Still River,MA,01467,Advertising,Website
Senate District 35,"PELTON, RODNEY",Republican,32.0,2024-08-27 00:00:00,Campaign Partner,Still River,MA,01467,Advertising,Website
Senate District 35,"PELTON, RODNEY",Republican,125.0,2024-09-14 00:00:00,Club 20,Grand Junction,CO,81502,Miscellaneous,Yearly Dues
Senate District 35,"PELTON, RODNEY",Republican,261.0,2024-09-21 00:00:00,Rodney  Pelton,Cheyenne Wells,CO,80810,Travel & Lodging,Mileage To Trinidad
Senate District 35,"PELTON, RODNEY",Republican,32.0,2024-09-27 00:00:00,Campaign Partner,Still River,MA,01467,Advertising,Website
Senate District 35,"PELTON, RODNEY",Republican,27.03,2024-10-22 00:00:00,Amazon,Seattle,WA,98109,Office Equipment & Supplies,Thank You Notes
Senate District 35,"PELTON, RODNEY",Republican,73.0,2024-10-25 00:00:00,Usps,Burlington,CO,80807,Office Equipment & Supplies,Stamps
Senate District 35,"PELTON, RODNEY",Republican,32.0,2024-10-27 00:00:00,Campaign Partner,Still River,MA,01467,Advertising,Website
Senate District 35,"PELTON, RODNEY",Republican,32.0,2024-11-27 00:00:00,Campaign Partner,Still River,MA,01467,Advertising,Website
Senate District 35,"PELTON, RODNEY",Republican,32.0,2024-12-27 00:00:00,Campaign Partner,Still River,MA,01467,Advertising,Website
