Office,candidate_name,Party,expenditure_amount,expenditure_date,recipient,city,state,zip,expenditure_type,explanation
Attorney General,"ALLEN, MICHAEL",Republican,,,,,,,,
Attorney General,"DOSHI, HETAL",Democratic,7243.95,6/9/25,Numero,Costa Mesa,CA,92626,Fundraising Expenses,
Attorney General,"DOSHI, HETAL",Democratic,2000,6/13/25,Raaz Consulting,Golden,CO,80403,Consultant & Professional Services,
Attorney General,"DOSHI, HETAL",Democratic,230.97,6/15/25,Actblue,Somerville,MA,02144,Fundraising Expenses,
Attorney General,"DOSHI, HETAL",Democratic,476.05,6/16/25,Numero,Costa Mesa,CA,92626,Fundraising Expenses,
Attorney General,"DOSHI, HETAL",Democratic,24.3,6/17/25,First Bank,Glendale,CO,80246,Bank Fees,
Attorney General,"DOSHI, HETAL",Democratic,3781.13,6/17/25,Actblue,Somerville,MA,02144,Fundraising Expenses,
Attorney General,"DOSHI, HETAL",Democratic,431.43,6/22/25,Actblue,Somerville,MA,02144,Fundraising Expenses,
Attorney General,"DOSHI, HETAL",Democratic,1500,6/23/25,Kelly  Fleming,Denver,CO,80204,Consultant & Professional Services,
Attorney General,"DOSHI, HETAL",Democratic,180.03,6/23/25,Numero,Costa Mesa,CA,92626,Fundraising Expenses,
Attorney General,"DOSHI, HETAL",Democratic,843.47,6/29/25,Actblue,Somerville,MA,02144,Fundraising Expenses,
Attorney General,"DOSHI, HETAL",Democratic,82,6/30/25,First Bank,Glendale,CO,80246,Bank Fees,
Attorney General,"DOSHI, HETAL",Democratic,46.88,6/30/25,Numero,Costa Mesa,CA,92626,Fundraising Expenses,
Attorney General,"DOSHI, HETAL",Democratic,581.72,6/30/25,Actblue,Somerville,MA,02144,Fundraising Expenses,
Attorney General,"DOSHI, HETAL",Democratic,285.35,7/1/25,Corazon Printing,Broomfield,CO,80020,Consultant & Professional Services,
Attorney General,"DOSHI, HETAL",Democratic,1000,7/1/25,Off-Menu Studio Llc,Brooklyn,NY,11205,Consultant & Professional Services,Design Work
Attorney General,"DOSHI, HETAL",Democratic,19681.23,7/1/25,Declaration Media Llc,Greenville,SC,29609,Consultant & Professional Services,
Attorney General,"DOSHI, HETAL",Democratic,5002.5,7/1/25,New Blue Interactive,Bethesda,MD,20816,Consultant & Professional Services,
Attorney General,"DOSHI, HETAL",Democratic,3502.5,7/1/25,New Blue Interactive,Bethesda,MD,20816,Consultant & Professional Services,
Attorney General,"DOSHI, HETAL",Democratic,2652.5,7/1/25,New Blue Interactive,Bethesda,MD,20816,Consultant & Professional Services,
Attorney General,"DOSHI, HETAL",Democratic,3652.5,7/1/25,New Blue Interactive,Bethesda,MD,20816,Consultant & Professional Services,
Attorney General,"DOSHI, HETAL",Democratic,999,7/2/25,Ngp Van Inc,Washington,DC,20005,Consultant & Professional Services,
Attorney General,"DOSHI, HETAL",Democratic,999,7/3/25,Ngp Van Inc,Washington,DC,20005,Consultant & Professional Services,
Attorney General,"DOSHI, HETAL",Democratic,418.79,7/6/25,Actblue,Somerville,MA,02144,Fundraising Expenses,
Attorney General,"DOSHI, HETAL",Democratic,68.07,7/7/25,Numero,Costa Mesa,CA,92626,Fundraising Expenses,
Attorney General,"DOSHI, HETAL",Democratic,190.5,7/13/25,Actblue,Somerville,MA,02144,Fundraising Expenses,
Attorney General,"DOSHI, HETAL",Democratic,18.75,7/14/25,Numero,Costa Mesa,CA,92626,Fundraising Expenses,
Attorney General,"DOSHI, HETAL",Democratic,515,7/15/25,Numero,Costa Mesa,CA,92626,Fundraising Expenses,
Attorney General,"DOSHI, HETAL",Democratic,27002.5,7/16/25,New Blue Interactive,Bethesda,MD,20816,Consultant & Professional Services,
Attorney General,"DOSHI, HETAL",Democratic,25,7/18/25,Numero,Costa Mesa,CA,92626,Fundraising Expenses,
Attorney General,"DOSHI, HETAL",Democratic,109.04,7/20/25,Actblue,Somerville,MA,02144,Fundraising Expenses,
Attorney General,"DOSHI, HETAL",Democratic,2069.04,7/25/25,Corazon Printing,Broomfield,CO,80020,Consultant & Professional Services,Printing Services
Attorney General,"DOSHI, HETAL",Democratic,267.94,7/27/25,Actblue,Somerville,MA,02144,Fundraising Expenses,
Attorney General,"DOSHI, HETAL",Democratic,85,7/31/25,First Bank,Lakewood,CO,80215,Bank Fees,
Attorney General,"DOSHI, HETAL",Democratic,268.38,8/3/25,Actblue,Somerville,MA,02144,Fundraising Expenses,
Attorney General,"DOSHI, HETAL",Democratic,999,8/4/25,Ngp Van Inc,Washington,DC,20005,Consultant & Professional Services,
Attorney General,"DOSHI, HETAL",Democratic,3502.5,8/6/25,New Blue Interactive,Bethesda,MD,20816,Consultant & Professional Services,
Attorney General,"DOSHI, HETAL",Democratic,110.86,8/10/25,Actblue,Somerville,MA,02144,Fundraising Expenses,
Attorney General,"DOSHI, HETAL",Democratic,1244.92,8/12/25,Robyn  Shapiro,Washington,DC,20005,Consultant & Professional Services,
Attorney General,"DOSHI, HETAL",Democratic,35.99,8/13/25,New Blue Interactive,Bethesda,MD,20816,Consultant & Professional Services,
Attorney General,"DOSHI, HETAL",Democratic,3072.83,8/14/25,Gusto,San Francisco,CA,94107,Employee Services,
Attorney General,"DOSHI, HETAL",Democratic,367.14,8/17/25,Actblue,Somerville,MA,02144,Fundraising Expenses,
Attorney General,"DOSHI, HETAL",Democratic,158.57,8/20/25,Corazon Printing,Broomfield,CO,80020,Consultant & Professional Services,Printing Services
Attorney General,"DOSHI, HETAL",Democratic,1500,8/20/25,Outlier Digital Strategies,Denver,CO,80211,Consultant & Professional Services,
Attorney General,"DOSHI, HETAL",Democratic,1500,8/22/25,Where'S Walda,Lakewood,CO,80214,Consultant & Professional Services,
Attorney General,"DOSHI, HETAL",Democratic,272.68,8/24/25,Actblue,Somerville,MA,02144,Fundraising Expenses,
Attorney General,"DOSHI, HETAL",Democratic,1117,8/27/25,Gusto,San Francisco,CA,94107,Employee Services,
Attorney General,"DOSHI, HETAL",Democratic,4724.28,8/28/25,Gusto,San Francisco,CA,94107,Employee Services,
Attorney General,"DOSHI, HETAL",Democratic,45,8/29/25,First Bank,Lakewood,CO,80215,Bank Fees,
Attorney General,"DOSHI, HETAL",Democratic,193.33,8/31/25,Actblue,Somerville,MA,02144,Fundraising Expenses,
Attorney General,"DOSHI, HETAL",Democratic,3502.5,9/4/25,New Blue Interactive,Bethesda,MD,20816,Consultant & Professional Services,
Attorney General,"DOSHI, HETAL",Democratic,57.83,9/4/25,Gusto,San Francisco,CA,94107,Employee Services,
Attorney General,"DOSHI, HETAL",Democratic,999,9/5/25,Ngp Van Inc,Washington,DC,20005,Consultant & Professional Services,
Attorney General,"DOSHI, HETAL",Democratic,317.9,9/7/25,Actblue,Somerville,MA,02144,Fundraising Expenses,
Attorney General,"DOSHI, HETAL",Democratic,4712.77,9/12/25,Gusto,San Francisco,CA,94107,Employee Services,
Attorney General,"DOSHI, HETAL",Democratic,974.41,9/14/25,Actblue,Somerville,MA,02144,Fundraising Expenses,
Attorney General,"DOSHI, HETAL",Democratic,35.99,9/15/25,New Blue Interactive,Bethesda,MD,20816,Consultant & Professional Services,
Attorney General,"DOSHI, HETAL",Democratic,5680,9/16/25,Andrew  Markoff,Brooklyn,NY,11211,Consultant & Professional Services,
Attorney General,"DOSHI, HETAL",Democratic,52.04,9/19/25,Corazon Printing,Broomfield,CO,80020,Consultant & Professional Services,Printing Services
Attorney General,"DOSHI, HETAL",Democratic,775.26,9/21/25,Actblue,Somerville,MA,02144,Fundraising Expenses,
Attorney General,"DOSHI, HETAL",Democratic,15,9/22/25,New Blue Interactive,Bethesda,MD,20816,Consultant & Professional Services,
Attorney General,"DOSHI, HETAL",Democratic,1500,9/23/25,Where'S Walda,Lakewood,CO,80214,Consultant & Professional Services,
Attorney General,"DOSHI, HETAL",Democratic,5000,9/25/25,Andrew  Markoff,Brooklyn,NY,11211,Consultant & Professional Services,
Attorney General,"DOSHI, HETAL",Democratic,2148.35,9/28/25,Actblue,Somerville,MA,02144,Fundraising Expenses,
Attorney General,"DOSHI, HETAL",Democratic,4704.76,9/29/25,Gusto,San Francisco,CA,94107,Employee Services,
Attorney General,"DOSHI, HETAL",Democratic,55,9/30/25,First Bank,Lakewood,CO,80215,Bank Fees,
Attorney General,"DOSHI, HETAL",Democratic,2052.27,9/30/25,Actblue,Somerville,MA,02144,Fundraising Expenses,
Attorney General,"DOSHI, HETAL",Democratic,106,10/2/25,Pinnacol Assurance,Denver,CO,80230,Consultant & Professional Services,Worker'S Comp
Attorney General,"DOSHI, HETAL",Democratic,57.83,10/3/25,Gusto,San Francisco,CA,94107,Employee Services,
Attorney General,"DOSHI, HETAL",Democratic,999,10/3/25,Ngp Van Inc,Washington,DC,20005,Consultant & Professional Services,Digital Services
Attorney General,"DOSHI, HETAL",Democratic,253.96,10/5/25,Actblue,Somerville,MA,02144,Fundraising Expenses,
Attorney General,"DOSHI, HETAL",Democratic,12.38,10/7/25,Gusto,San Francisco,CA,94107,Employee Services,
Attorney General,"DOSHI, HETAL",Democratic,336.01,10/12/25,Actblue,Somerville,MA,02144,Fundraising Expenses,
Attorney General,"DOSHI, HETAL",Democratic,3127.41,10/14/25,Gusto,San Francisco,CA,94107,Employee Services,
Attorney General,"DOSHI, HETAL",Democratic,1585.36,10/14/25,Gusto,San Francisco,CA,94107,Employee Services,
Attorney General,"DOSHI, HETAL",Democratic,37,10/15/25,City Of Denver,Denver,CO,80202,Other,City Headcount Tax
Attorney General,"DOSHI, HETAL",Democratic,201.88,10/19/25,Actblue,Somerville,MA,02144,Fundraising Expenses,
Attorney General,"DOSHI, HETAL",Democratic,5000,10/21/25,Andrew  Markoff,Brooklyn,NY,11211,Consultant & Professional Services,
Attorney General,"DOSHI, HETAL",Democratic,42.5,10/22/25,New Blue Interactive,Bethesda,MD,20816,Consultant & Professional Services,Digital Services
Attorney General,"DOSHI, HETAL",Democratic,3502.5,10/24/25,New Blue Interactive,Bethesda,MD,20816,Consultant & Professional Services,Digital Services
Attorney General,"DOSHI, HETAL",Democratic,1500,10/24/25,Where'S Walda,Lakewood,CO,80214,Consultant & Professional Services,Media Services
Attorney General,"DOSHI, HETAL",Democratic,155.08,10/26/25,Actblue,Somerville,MA,02144,Fundraising Expenses,
Attorney General,"DOSHI, HETAL",Democratic,3133.17,10/30/25,Gusto,San Francisco,CA,94107,Employee Services,
Attorney General,"DOSHI, HETAL",Democratic,1571.59,10/30/25,Gusto,San Francisco,CA,94107,Employee Services,
Attorney General,"DOSHI, HETAL",Democratic,55,10/31/25,First Bank,Lakewood,CO,80215,Bank Fees,
Attorney General,"DOSHI, HETAL",Democratic,428.05,11/2/25,Actblue,Somerville,MA,02144,Fundraising Expenses,
Attorney General,"DOSHI, HETAL",Democratic,999,11/3/25,Ngp Van Inc,Washington,DC,20005,Consultant & Professional Services,Digital Services
Attorney General,"DOSHI, HETAL",Democratic,750,11/3/25,Numero,Costa Mesa,CA,92626,Consultant & Professional Services,Digital Services
Attorney General,"DOSHI, HETAL",Democratic,81.89,11/3/25,Google Inc.,Mountain View,CA,94043,Consultant & Professional Services,Digital Services
Attorney General,"DOSHI, HETAL",Democratic,57.83,11/5/25,Gusto,San Francisco,CA,94107,Employee Services,
Attorney General,"DOSHI, HETAL",Democratic,543.94,11/5/25,Corazon Printing,Broomfield,CO,80020,Consultant & Professional Services,Printing Services
Attorney General,"DOSHI, HETAL",Democratic,295,11/5/25,Corazon Printing,Broomfield,CO,80020,Consultant & Professional Services,Printing Services
Attorney General,"DOSHI, HETAL",Democratic,3502.5,11/5/25,New Blue Interactive,Bethesda,MD,20816,Consultant & Professional Services,Digital Services
Attorney General,"DOSHI, HETAL",Democratic,369.25,11/9/25,Actblue,Somerville,MA,02144,Fundraising Expenses,
Attorney General,"DOSHI, HETAL",Democratic,35,11/12/25,Pinnacol Assurance,Denver,CO,80230,Consultant & Professional Services,Worker'S Comp
Attorney General,"DOSHI, HETAL",Democratic,3127.41,11/13/25,Gusto,San Francisco,CA,94107,Employee Services,
Attorney General,"DOSHI, HETAL",Democratic,1522.94,11/13/25,Gusto,San Francisco,CA,94107,Employee Services,
Attorney General,"DOSHI, HETAL",Democratic,321.8,11/16/25,Actblue,Somerville,MA,02144,Fundraising Expenses,
Attorney General,"DOSHI, HETAL",Democratic,259.37,11/23/25,Actblue,Somerville,MA,02144,Fundraising Expenses,
Attorney General,"DOSHI, HETAL",Democratic,46.25,11/24/25,New Blue Interactive,Bethesda,MD,20816,Consultant & Professional Services,Digital Services
Attorney General,"DOSHI, HETAL",Democratic,3133.17,11/26/25,Gusto,San Francisco,CA,94107,Employee Services,
Attorney General,"DOSHI, HETAL",Democratic,1441.95,11/26/25,Gusto,San Francisco,CA,94107,Employee Services,
Attorney General,"DOSHI, HETAL",Democratic,45,11/28/25,First Bank,Lakewood,CO,80215,Bank Fees,
Attorney General,"DOSHI, HETAL",Democratic,93.25,11/28/25,Corazon Printing,Broomfield,CO,80020,Consultant & Professional Services,
Attorney General,"DOSHI, HETAL",Democratic,80.94,11/28/25,Corazon Printing,Broomfield,CO,80020,Consultant & Professional Services,
Attorney General,"DOSHI, HETAL",Democratic,1500,11/28/25,Where'S Walda,Lakewood,CO,80214,Consultant & Professional Services,Media Services
Attorney General,"DOSHI, HETAL",Democratic,183.33,11/30/25,Actblue,Somerville,MA,02144,Fundraising Expenses,
Attorney General,"DOSHI, HETAL",Democratic,86.02,12/1/25,Google Inc.,Mountain View,CA,94043,Consultant & Professional Services,Digital Services
Attorney General,"DOSHI, HETAL",Democratic,57.83,12/2/25,Gusto,San Francisco,CA,94107,Employee Services,
Attorney General,"DOSHI, HETAL",Democratic,750,12/2/25,Numero,Costa Mesa,CA,92626,Consultant & Professional Services,Digital Services
Attorney General,"DOSHI, HETAL",Democratic,999,12/3/25,Ngp Van Inc,Washington,DC,20005,Consultant & Professional Services,Digital Services
Attorney General,"DOSHI, HETAL",Democratic,833.2,12/7/25,Actblue,Somerville,MA,02144,Fundraising Expenses,
Attorney General,"DOSHI, HETAL",Democratic,263.72,12/14/25,Actblue,Somerville,MA,02144,Fundraising Expenses,
Attorney General,"DOSHI, HETAL",Democratic,35,12/15/25,Pinnacol Assurance,Denver,CO,80230,Consultant & Professional Services,Worker'S Comp
Attorney General,"DOSHI, HETAL",Democratic,702.8,12/21/25,Actblue,Somerville,MA,02144,Fundraising Expenses,
Attorney General,"DOSHI, HETAL",Democratic,38.75,12/22/25,New Blue Interactive,Bethesda,MD,20816,Consultant & Professional Services,Digital Services
Attorney General,"DOSHI, HETAL",Democratic,2395,12/23/25,Schuyler  Andersen,Denver,CO,80223,Consultant & Professional Services,
Attorney General,"DOSHI, HETAL",Democratic,352.98,12/28/25,Actblue,Somerville,MA,02144,Fundraising Expenses,
Attorney General,"DOSHI, HETAL",Democratic,85,12/31/25,First Bank,Lakewood,CO,80215,Bank Fees,
Attorney General,"DOSHI, HETAL",Democratic,1594.16,12/31/25,Actblue,Somerville,MA,02144,Fundraising Expenses,
Attorney General,"DOUGHERTY, MICHAEL",Democratic,2513.5,3/2/25,Act Blue,Somerville,MA,02144-3132,Fundraising Expenses,
Attorney General,"DOUGHERTY, MICHAEL",Democratic,1500,3/4/25,Dialogue Digital,Lakewood,CO,80226,Consultant & Professional Services,
Attorney General,"DOUGHERTY, MICHAEL",Democratic,750,3/4/25,Heart + Mind Media Llc,Denver,CO,80207,Consultant & Professional Services,
Attorney General,"DOUGHERTY, MICHAEL",Democratic,400.06,3/9/25,Act Blue,Somerville,MA,02144-3132,Fundraising Expenses,
Attorney General,"DOUGHERTY, MICHAEL",Democratic,10000,3/13/25,Liftoff,Silver Spring,MD,20901-3627,Consultant & Professional Services,
Attorney General,"DOUGHERTY, MICHAEL",Democratic,10000,3/14/25,Liftoff,Silver Spring,MD,20901-3627,Consultant & Professional Services,
Attorney General,"DOUGHERTY, MICHAEL",Democratic,282.08,3/16/25,Act Blue,Somerville,MA,02144-3132,Fundraising Expenses,
Attorney General,"DOUGHERTY, MICHAEL",Democratic,738.75,3/19/25,Corazon Printing,Broomfield,CO,80020,Consultant & Professional Services,
Attorney General,"DOUGHERTY, MICHAEL",Democratic,588.17,3/23/25,Act Blue,Somerville,MA,02144-3132,Fundraising Expenses,
Attorney General,"DOUGHERTY, MICHAEL",Democratic,924.17,3/30/25,Act Blue,Somerville,MA,02144-3132,Fundraising Expenses,
Attorney General,"DOUGHERTY, MICHAEL",Democratic,24,3/31/25,Wix.Com Ltd,New York,NY,10014,Consultant & Professional Services,
Attorney General,"DOUGHERTY, MICHAEL",Democratic,203.99,3/31/25,Act Blue,Somerville,MA,02144-3132,Fundraising Expenses,
Attorney General,"DOUGHERTY, MICHAEL",Democratic,6,4/1/25,Firstbank,Lakewood,CO,80215,Bank Fees,
Attorney General,"DOUGHERTY, MICHAEL",Democratic,12000,4/2/25,Liftoff,Silver Spring,MD,20901-3627,Consultant & Professional Services,
Attorney General,"DOUGHERTY, MICHAEL",Democratic,1065,4/3/25,Ngp Van,Washington,DC,20005,Fundraising Expenses,
Attorney General,"DOUGHERTY, MICHAEL",Democratic,75.93,4/6/25,Act Blue,Somerville,MA,02144-3132,Fundraising Expenses,
Attorney General,"DOUGHERTY, MICHAEL",Democratic,6665,4/8/25,Upstream Llc,Wheat Ridge,CO,80033,Consultant & Professional Services,
Attorney General,"DOUGHERTY, MICHAEL",Democratic,207,4/13/25,Act Blue,Somerville,MA,02144-3132,Fundraising Expenses,
Attorney General,"DOUGHERTY, MICHAEL",Democratic,82.17,4/20/25,Act Blue,Somerville,MA,02144-3132,Fundraising Expenses,
Attorney General,"DOUGHERTY, MICHAEL",Democratic,5000,4/23/25,Liftoff,Silver Spring,MD,20901-3627,Consultant & Professional Services,
Attorney General,"DOUGHERTY, MICHAEL",Democratic,245.66,4/27/25,Act Blue,Somerville,MA,02144-3132,Fundraising Expenses,
Attorney General,"DOUGHERTY, MICHAEL",Democratic,5687.5,5/1/25,Upstream Llc,Wheat Ridge,CO,80033,Consultant & Professional Services,
Attorney General,"DOUGHERTY, MICHAEL",Democratic,600,5/2/25,Numero,Costa Mesa,CA,92626,Fundraising Expenses,
Attorney General,"DOUGHERTY, MICHAEL",Democratic,192,5/3/25,Usps,Boulder,CO,80306,Other,Postal Fees
Attorney General,"DOUGHERTY, MICHAEL",Democratic,228.96,5/4/25,Act Blue,Somerville,MA,02144-3132,Fundraising Expenses,
Attorney General,"DOUGHERTY, MICHAEL",Democratic,1065,5/5/25,Ngp Van,Washington,DC,20005,Fundraising Expenses,
Attorney General,"DOUGHERTY, MICHAEL",Democratic,6800,5/8/25,Liftoff,Silver Spring,MD,20901-3627,Consultant & Professional Services,
Attorney General,"DOUGHERTY, MICHAEL",Democratic,6000,5/8/25,Liftoff,Silver Spring,MD,20901-3627,Consultant & Professional Services,
Attorney General,"DOUGHERTY, MICHAEL",Democratic,213.79,5/11/25,Act Blue,Somerville,MA,02144-3132,Fundraising Expenses,
Attorney General,"DOUGHERTY, MICHAEL",Democratic,1200,5/17/25,Colorado Democratic Party,Denver,CO,80203,Other,Demfest
Attorney General,"DOUGHERTY, MICHAEL",Democratic,500,5/17/25,Colorado Democratic Party,Denver,CO,80203,Other,Obama Gala
Attorney General,"DOUGHERTY, MICHAEL",Democratic,320.82,5/18/25,Act Blue,Somerville,MA,02144-3132,Fundraising Expenses,
Attorney General,"DOUGHERTY, MICHAEL",Democratic,2500,5/22/25,Upstream Llc,Wheat Ridge,CO,80033,Consultant & Professional Services,
Attorney General,"DOUGHERTY, MICHAEL",Democratic,236.74,5/25/25,Act Blue,Somerville,MA,02144-3132,Fundraising Expenses,
Attorney General,"DOUGHERTY, MICHAEL",Democratic,75,5/29/25,Colorado Democratic Party,Denver,CO,80203,Other,Young Democrats Initiative - Obama Gala
Attorney General,"DOUGHERTY, MICHAEL",Democratic,341.98,6/1/25,Act Blue,Somerville,MA,02144-3132,Fundraising Expenses,
Attorney General,"DOUGHERTY, MICHAEL",Democratic,600,6/2/25,Numero,Costa Mesa,CA,92626,Fundraising Expenses,
Attorney General,"DOUGHERTY, MICHAEL",Democratic,1065,6/3/25,Ngp Van,Washington,DC,20005,Fundraising Expenses,
Attorney General,"DOUGHERTY, MICHAEL",Democratic,257.28,6/8/25,Act Blue,Somerville,MA,02144-3132,Fundraising Expenses,
Attorney General,"DOUGHERTY, MICHAEL",Democratic,369.5,6/9/25,Tyrolean Lodge Llc,Aspen,CO,81611,Travel & Lodging,
Attorney General,"DOUGHERTY, MICHAEL",Democratic,6812.59,6/13/25,Katie  Malzbender,Boulder,CO,80303,Consultant & Professional Services,
Attorney General,"DOUGHERTY, MICHAEL",Democratic,3000,6/13/25,Lawlor Strategies Llc,Denver,CO,80211,Consultant & Professional Services,
Attorney General,"DOUGHERTY, MICHAEL",Democratic,1328,6/13/25,Sam  Von Mettenheim,Boulder,CO,80304,Consultant & Professional Services,
Attorney General,"DOUGHERTY, MICHAEL",Democratic,208,6/15/25,Act Blue,Somerville,MA,02144-3132,Fundraising Expenses,
Attorney General,"DOUGHERTY, MICHAEL",Democratic,460,6/16/25,Ngp Van,Washington,DC,20005,Fundraising Expenses,
Attorney General,"DOUGHERTY, MICHAEL",Democratic,22.3,6/17/25,Firstbank,Lakewood,CO,80215,Bank Fees,
Attorney General,"DOUGHERTY, MICHAEL",Democratic,606.22,6/22/25,Act Blue,Somerville,MA,02144-3132,Fundraising Expenses,
Attorney General,"DOUGHERTY, MICHAEL",Democratic,1005.62,6/29/25,Act Blue,Somerville,MA,02144-3132,Fundraising Expenses,
Attorney General,"DOUGHERTY, MICHAEL",Democratic,258.03,6/30/25,Act Blue,Somerville,MA,02144-3132,Fundraising Expenses,
Attorney General,"DOUGHERTY, MICHAEL",Democratic,600,7/2/25,Numero,Costa Mesa,CA,92626,Fundraising Expenses,
Attorney General,"DOUGHERTY, MICHAEL",Democratic,1,7/2/25,Ktm Strategies,Boulder,CO,80303,Consultant & Professional Services,
Attorney General,"DOUGHERTY, MICHAEL",Democratic,2481.71,7/2/25,Sam  Von Mettenheim,Boulder,CO,80304,Consultant & Professional Services,
Attorney General,"DOUGHERTY, MICHAEL",Democratic,3000,7/2/25,Lawlor Strategies Llc,Denver,CO,80211,Consultant & Professional Services,
Attorney General,"DOUGHERTY, MICHAEL",Democratic,5631.31,7/2/25,Ktm Strategies,Boulder,CO,80303,Consultant & Professional Services,
Attorney General,"DOUGHERTY, MICHAEL",Democratic,6000,7/3/25,Liftoff,Silver Spring,MD,20901-3627,Consultant & Professional Services,
Attorney General,"DOUGHERTY, MICHAEL",Democratic,1525,7/3/25,Ngp Van,Washington,DC,20005,Fundraising Expenses,
Attorney General,"DOUGHERTY, MICHAEL",Democratic,381.53,7/6/25,Act Blue,Somerville,MA,02144-3132,Fundraising Expenses,
Attorney General,"DOUGHERTY, MICHAEL",Democratic,356.22,7/13/25,Act Blue,Somerville,MA,02144-3132,Fundraising Expenses,
Attorney General,"DOUGHERTY, MICHAEL",Democratic,820.56,7/14/25,Adventure Inn,Durango,CO,81301,Travel & Lodging,
Attorney General,"DOUGHERTY, MICHAEL",Democratic,40,7/16/25,City Of Durango - Library,Durango,CO,81301,Other,Space Fee
Attorney General,"DOUGHERTY, MICHAEL",Democratic,348.55,7/20/25,Act Blue,Somerville,MA,02144-3132,Fundraising Expenses,
Attorney General,"DOUGHERTY, MICHAEL",Democratic,2000,7/21/25,Liftoff,Silver Spring,MD,20901-3627,Consultant & Professional Services,
Attorney General,"DOUGHERTY, MICHAEL",Democratic,1550,7/21/25,Upstream Llc,Wheat Ridge,CO,80033,Consultant & Professional Services,
Attorney General,"DOUGHERTY, MICHAEL",Democratic,12,7/23/25,Firstbank,Lakewood,CO,80215,Bank Fees,
Attorney General,"DOUGHERTY, MICHAEL",Democratic,7724.3,7/25/25,Colorado Democratic Party,Denver,CO,80203,Other,List Purchase
Attorney General,"DOUGHERTY, MICHAEL",Democratic,500,7/26/25,Adams County Democratic Party (A.C.D.C.C),Westminster,CO,80031,Other,Event Fees
Attorney General,"DOUGHERTY, MICHAEL",Democratic,180.02,7/27/25,Act Blue,Somerville,MA,02144-3132,Fundraising Expenses,
Attorney General,"DOUGHERTY, MICHAEL",Democratic,5807.26,8/2/25,Ktm Strategies,Boulder,CO,80303,Consultant & Professional Services,
Attorney General,"DOUGHERTY, MICHAEL",Democratic,2787.5,8/2/25,Sam  Von Mettenheim,Boulder,CO,80304,Consultant & Professional Services,
Attorney General,"DOUGHERTY, MICHAEL",Democratic,284.04,8/3/25,Act Blue,Somerville,MA,02144-3132,Fundraising Expenses,
Attorney General,"DOUGHERTY, MICHAEL",Democratic,1525,8/4/25,Ngp Van,Washington,DC,20005,Fundraising Expenses,
Attorney General,"DOUGHERTY, MICHAEL",Democratic,600,8/4/25,Numero,Costa Mesa,CA,92626,Fundraising Expenses,
Attorney General,"DOUGHERTY, MICHAEL",Democratic,186.95,8/5/25,The Christie Lodge,Avon,CO,81620,Travel & Lodging,
Attorney General,"DOUGHERTY, MICHAEL",Democratic,186.95,8/5/25,The Christie Lodge,Avon,CO,81620,Travel & Lodging,
Attorney General,"DOUGHERTY, MICHAEL",Democratic,151.34,8/10/25,Act Blue,Somerville,MA,02144-3132,Fundraising Expenses,
Attorney General,"DOUGHERTY, MICHAEL",Democratic,465.82,8/15/25,The Christie Lodge,Avon,CO,81620,Travel & Lodging,
Attorney General,"DOUGHERTY, MICHAEL",Democratic,342.69,8/17/25,Act Blue,Somerville,MA,02144-3132,Fundraising Expenses,
Attorney General,"DOUGHERTY, MICHAEL",Democratic,588.07,8/19/25,Corazon Printing,Broomfield,CO,80020,Other,Printing
Attorney General,"DOUGHERTY, MICHAEL",Democratic,4000.1,8/19/25,Lawlor Strategies Llc,Denver,CO,80211,Consultant & Professional Services,
Attorney General,"DOUGHERTY, MICHAEL",Democratic,100,8/23/25,Pitkin County Democratic Party,Aspen,CO,81611,Other,Event Fees
Attorney General,"DOUGHERTY, MICHAEL",Democratic,721.59,8/24/25,Act Blue,Somerville,MA,02144-3132,Fundraising Expenses,
Attorney General,"DOUGHERTY, MICHAEL",Democratic,234.69,8/28/25,Eagle County Democrats,Basalt,CO,81621,Other,Event Fees
Attorney General,"DOUGHERTY, MICHAEL",Democratic,3500,8/29/25,Dk Global Consulting Llc,Aurora,CO,80016,Consultant & Professional Services,
Attorney General,"DOUGHERTY, MICHAEL",Democratic,266.8,8/31/25,Act Blue,Somerville,MA,02144-3132,Fundraising Expenses,
Attorney General,"DOUGHERTY, MICHAEL",Democratic,600,9/2/25,Numero,Costa Mesa,CA,92626,Fundraising Expenses,
Attorney General,"DOUGHERTY, MICHAEL",Democratic,183,9/2/25,Usps,Boulder,CO,80306,Fundraising Expenses,
Attorney General,"DOUGHERTY, MICHAEL",Democratic,5544.5,9/2/25,Ktm Strategies,Boulder,CO,80303,Consultant & Professional Services,
Attorney General,"DOUGHERTY, MICHAEL",Democratic,3327.82,9/2/25,Sam  Von Mettenheim,Boulder,CO,80304,Consultant & Professional Services,
Attorney General,"DOUGHERTY, MICHAEL",Democratic,4000,9/4/25,Lawlor Strategies Llc,Denver,CO,80211,Consultant & Professional Services,
Attorney General,"DOUGHERTY, MICHAEL",Democratic,1525,9/5/25,Ngp Van,Washington,DC,20005,Fundraising Expenses,
Attorney General,"DOUGHERTY, MICHAEL",Democratic,322.85,9/7/25,Act Blue,Somerville,MA,02144-3132,Fundraising Expenses,
Attorney General,"DOUGHERTY, MICHAEL",Democratic,122,9/8/25,Usps,Boulder,CO,80306,Fundraising Expenses,
Attorney General,"DOUGHERTY, MICHAEL",Democratic,653.61,9/14/25,Act Blue,Somerville,MA,02144-3132,Fundraising Expenses,
Attorney General,"DOUGHERTY, MICHAEL",Democratic,50,9/17/25,Park County Democratic Central Committee Dba Park County Democratic Party,Hartsel,CO,80449,Other,Event Fees
Attorney General,"DOUGHERTY, MICHAEL",Democratic,430.77,9/21/25,Act Blue,Somerville,MA,02144-3132,Fundraising Expenses,
Attorney General,"DOUGHERTY, MICHAEL",Democratic,924.48,9/28/25,Act Blue,Somerville,MA,02144-3132,Fundraising Expenses,
Attorney General,"DOUGHERTY, MICHAEL",Democratic,984.25,9/30/25,Act Blue,Somerville,MA,02144-3132,Fundraising Expenses,
Attorney General,"DOUGHERTY, MICHAEL",Democratic,3500,10/2/25,Dk Global Consulting Llc,Aurora,CO,80016,Consultant & Professional Services,
Attorney General,"DOUGHERTY, MICHAEL",Democratic,5718.07,10/2/25,Ktm Strategies,Boulder,CO,80303,Consultant & Professional Services,
Attorney General,"DOUGHERTY, MICHAEL",Democratic,3911.38,10/2/25,Sam  Von Mettenheim,Boulder,CO,80304,Consultant & Professional Services,
Attorney General,"DOUGHERTY, MICHAEL",Democratic,600,10/2/25,Numero,Costa Mesa,CA,92626,Fundraising Expenses,
Attorney General,"DOUGHERTY, MICHAEL",Democratic,5000,10/3/25,Ascend Digital Strategies Llc,Washington,DC,20009,Consultant & Professional Services,
Attorney General,"DOUGHERTY, MICHAEL",Democratic,1525,10/3/25,Ngp Van,Washington,DC,20005,Fundraising Expenses,
Attorney General,"DOUGHERTY, MICHAEL",Democratic,117.38,10/5/25,Act Blue,Somerville,MA,02144-3132,Fundraising Expenses,
Attorney General,"DOUGHERTY, MICHAEL",Democratic,753.33,10/6/25,Corazon Printing,Broomfield,CO,80020,Other,Printing
Attorney General,"DOUGHERTY, MICHAEL",Democratic,537.5,10/10/25,Sara Monteith Photos,Lakewood,CO,80228,Consultant & Professional Services,
Attorney General,"DOUGHERTY, MICHAEL",Democratic,171.51,10/12/25,Act Blue,Somerville,MA,02144-3132,Fundraising Expenses,
Attorney General,"DOUGHERTY, MICHAEL",Democratic,500,10/17/25,Broc  Hunter,Denver,CO,80221,Consultant & Professional Services,
Attorney General,"DOUGHERTY, MICHAEL",Democratic,427.72,10/19/25,Act Blue,Somerville,MA,02144-3132,Fundraising Expenses,
Attorney General,"DOUGHERTY, MICHAEL",Democratic,122,10/20/25,Usps,Boulder,CO,80306,Fundraising Expenses,
Attorney General,"DOUGHERTY, MICHAEL",Democratic,163.42,10/22/25,Best Western Hotels,Glenwood Springs,CO,81601,Travel & Lodging,
Attorney General,"DOUGHERTY, MICHAEL",Democratic,403.05,10/26/25,Act Blue,Somerville,MA,02144-3132,Fundraising Expenses,
Attorney General,"DOUGHERTY, MICHAEL",Democratic,4000,10/27/25,Lawlor Strategies Llc,Denver,CO,80211,Consultant & Professional Services,
Attorney General,"DOUGHERTY, MICHAEL",Democratic,3500,10/28/25,Dk Global Consulting Llc,Aurora,CO,80016,Consultant & Professional Services,
Attorney General,"DOUGHERTY, MICHAEL",Democratic,80,10/30/25,Rio Grande County Democratic:,Del Norte,CO,81132,Other,Event Tickets
Attorney General,"DOUGHERTY, MICHAEL",Democratic,7500,10/31/25,Upstream Llc,Wheat Ridge,CO,80033,Consultant & Professional Services,
Attorney General,"DOUGHERTY, MICHAEL",Democratic,3050,10/31/25,Run! Website Builder,Middletown,DE,19709,Consultant & Professional Services,
Attorney General,"DOUGHERTY, MICHAEL",Democratic,437.13,11/2/25,Act Blue,Somerville,MA,02144-3132,Fundraising Expenses,
Attorney General,"DOUGHERTY, MICHAEL",Democratic,600,11/3/25,Numero,Costa Mesa,CA,92626,Fundraising Expenses,
Attorney General,"DOUGHERTY, MICHAEL",Democratic,1525,11/3/25,Ngp Van,Washington,DC,20005,Fundraising Expenses,
Attorney General,"DOUGHERTY, MICHAEL",Democratic,3833.33,11/3/25,Ascend Digital Strategies Llc,Washington,DC,20009,Consultant & Professional Services,
Attorney General,"DOUGHERTY, MICHAEL",Democratic,5570.07,11/4/25,Ktm Strategies,Boulder,CO,80303,Consultant & Professional Services,
Attorney General,"DOUGHERTY, MICHAEL",Democratic,4000,11/4/25,Sam  Von Mettenheim,Boulder,CO,80304,Consultant & Professional Services,
Attorney General,"DOUGHERTY, MICHAEL",Democratic,1538.36,11/6/25,Getty Images,Seattle,WA,98104,Other,Images
Attorney General,"DOUGHERTY, MICHAEL",Democratic,513.47,11/6/25,Getty Images,Seattle,WA,98104,Other,Images
Attorney General,"DOUGHERTY, MICHAEL",Democratic,294.81,11/9/25,Act Blue,Somerville,MA,02144-3132,Fundraising Expenses,
Attorney General,"DOUGHERTY, MICHAEL",Democratic,205.68,11/9/25,Corazon Printing,Broomfield,CO,80020,Other,Printing
Attorney General,"DOUGHERTY, MICHAEL",Democratic,2100,11/10/25,Mas Artworks Llc,Burlington,CO,80807,Consultant & Professional Services,
Attorney General,"DOUGHERTY, MICHAEL",Democratic,736.95,11/13/25,Corazon Printing,Broomfield,CO,80020,Other,Printing
Attorney General,"DOUGHERTY, MICHAEL",Democratic,573.09,11/13/25,Corazon Printing,Broomfield,CO,80020,Other,Printing
Attorney General,"DOUGHERTY, MICHAEL",Democratic,36058.9,11/13/25,Ascend Digital Strategies Llc,Washington,DC,20009,Consultant & Professional Services,
Attorney General,"DOUGHERTY, MICHAEL",Democratic,273.4,11/16/25,Act Blue,Somerville,MA,02144-3132,Fundraising Expenses,
Attorney General,"DOUGHERTY, MICHAEL",Democratic,4525,11/21/25,Lawlor Strategies Llc,Denver,CO,80211,Consultant & Professional Services,
Attorney General,"DOUGHERTY, MICHAEL",Democratic,298.52,11/23/25,Act Blue,Somerville,MA,02144-3132,Fundraising Expenses,
Attorney General,"DOUGHERTY, MICHAEL",Democratic,102.56,11/24/25,Shannon  Carbone,Golden,CO,80403,Other,Event Tickets
Attorney General,"DOUGHERTY, MICHAEL",Democratic,482.61,11/30/25,Act Blue,Somerville,MA,02144-3132,Fundraising Expenses,
Attorney General,"DOUGHERTY, MICHAEL",Democratic,50,11/30/25,Run! Website Builder,Middletown,DE,19709,Consultant & Professional Services,
Attorney General,"DOUGHERTY, MICHAEL",Democratic,5232.1,12/1/25,Ktm Strategies,Boulder,CO,80303,Consultant & Professional Services,
Attorney General,"DOUGHERTY, MICHAEL",Democratic,5000,12/1/25,Dk Global Consulting Llc,Aurora,CO,80016,Consultant & Professional Services,
Attorney General,"DOUGHERTY, MICHAEL",Democratic,600,12/2/25,Numero,Costa Mesa,CA,92626,Fundraising Expenses,
Attorney General,"DOUGHERTY, MICHAEL",Democratic,4000,12/2/25,Sam  Von Mettenheim,Boulder,CO,80304,Consultant & Professional Services,
Attorney General,"DOUGHERTY, MICHAEL",Democratic,1525,12/3/25,Ngp Van,Washington,DC,20005,Fundraising Expenses,
Attorney General,"DOUGHERTY, MICHAEL",Democratic,395.1,12/7/25,Act Blue,Somerville,MA,02144-3132,Fundraising Expenses,
Attorney General,"DOUGHERTY, MICHAEL",Democratic,175,12/9/25,Corazon Printing,Broomfield,CO,80020,Other,Printing
Attorney General,"DOUGHERTY, MICHAEL",Democratic,300,12/11/25,Colorado Democratic Party,Denver,CO,80203,Other,Event Tickets
Attorney General,"DOUGHERTY, MICHAEL",Democratic,29194.29,12/11/25,Ascend Digital Strategies Llc,Washington,DC,20009,Consultant & Professional Services,
Attorney General,"DOUGHERTY, MICHAEL",Democratic,2375,12/13/25,Avalon Campaigns,Minnetonka,MN,55305,Consultant & Professional Services,
Attorney General,"DOUGHERTY, MICHAEL",Democratic,390.24,12/14/25,Act Blue,Somerville,MA,02144-3132,Fundraising Expenses,
Attorney General,"DOUGHERTY, MICHAEL",Democratic,4000,12/15/25,Lawlor Strategies Llc,Denver,CO,80211,Consultant & Professional Services,
Attorney General,"DOUGHERTY, MICHAEL",Democratic,382.8,12/21/25,Act Blue,Somerville,MA,02144-3132,Fundraising Expenses,
Attorney General,"DOUGHERTY, MICHAEL",Democratic,209.99,12/28/25,Act Blue,Somerville,MA,02144-3132,Fundraising Expenses,
Attorney General,"DOUGHERTY, MICHAEL",Democratic,150,12/29/25,Let'S Do Podcast Llc,Boulder,CO,80302,Other,Studio Fee
Attorney General,"DOUGHERTY, MICHAEL",Democratic,50,12/31/25,Run! Website Builder,Middletown,DE,19709,Consultant & Professional Services,
Attorney General,"DOUGHERTY, MICHAEL",Democratic,419.27,12/31/25,Act Blue,Somerville,MA,02144-3132,Fundraising Expenses,
Attorney General,"GRISWOLD, JENA",Democratic,10,4/8/25,First Bank,Lakewood,CO,80214,Bank Fees,
Attorney General,"GRISWOLD, JENA",Democratic,10,4/10/25,First Bank,Lakewood,CO,80214,Bank Fees,
Attorney General,"GRISWOLD, JENA",Democratic,381.9,4/11/25,Corazon Printing,Broomfield,CO,80020,Fundraising Expenses,Bres
Attorney General,"GRISWOLD, JENA",Democratic,10903.93,4/13/25,Actblue Technical Services,West Somerville,MA,02144,Fundraising Expenses,Credit Card Processing Fee
Attorney General,"GRISWOLD, JENA",Democratic,10,4/14/25,First Bank,Lakewood,CO,80214,Bank Fees,
Attorney General,"GRISWOLD, JENA",Democratic,807.19,4/16/25,United Airlines,Chicago,IL,60606,Travel & Lodging,Airfare
Attorney General,"GRISWOLD, JENA",Democratic,525.75,4/17/25,Actblue Technical Services,West Somerville,MA,02144,Fundraising Expenses,Credit Card Processing Fee
Attorney General,"GRISWOLD, JENA",Democratic,3050,4/17/25,Run!,Brooklyn,NY,11201,Other,Website
Attorney General,"GRISWOLD, JENA",Democratic,2059.26,4/21/25,Actblue Technical Services,West Somerville,MA,02144,Fundraising Expenses,Credit Card Processing Fee
Attorney General,"GRISWOLD, JENA",Democratic,17.9,4/21/25,,,,,Miscellaneous,
Attorney General,"GRISWOLD, JENA",Democratic,219.26,4/22/25,Actblue Technical Services,West Somerville,MA,02144,Fundraising Expenses,Credit Card Processing Fee
Attorney General,"GRISWOLD, JENA",Democratic,35.6,4/22/25,Deluxe Checks,Shoreview,MN,55126,Office Equipment & Supplies,Banking Supplies
Attorney General,"GRISWOLD, JENA",Democratic,156.98,4/22/25,Frontier Airlines,Denver,CO,80249,Travel & Lodging,Airfare
Attorney General,"GRISWOLD, JENA",Democratic,366.07,4/22/25,Limelight Hotel Aspen,Aspen,CO,81611,Travel & Lodging,Lodging
Attorney General,"GRISWOLD, JENA",Democratic,124.81,4/23/25,Days Inn,Parsippany,NJ,07054,Travel & Lodging,Lodging
Attorney General,"GRISWOLD, JENA",Democratic,168.49,4/23/25,United Airlines,Chicago,IL,60606,Travel & Lodging,Airfare
Attorney General,"GRISWOLD, JENA",Democratic,124.98,4/23/25,United Airlines,Chicago,IL,60606,Travel & Lodging,Airfare
Attorney General,"GRISWOLD, JENA",Democratic,487.41,4/24/25,Actblue Technical Services,West Somerville,MA,02144,Fundraising Expenses,Credit Card Processing Fee
Attorney General,"GRISWOLD, JENA",Democratic,130.9,4/24/25,Democracy Engine,Washington,DC,20001,Fundraising Expenses,Credit Card Processing Fee
Attorney General,"GRISWOLD, JENA",Democratic,247.69,4/24/25,Holiday Inn,Atlanta,GA,30346,Travel & Lodging,Lodging
Attorney General,"GRISWOLD, JENA",Democratic,245.32,4/24/25,Sant Ambroeus,Aspen,CO,81611,"Food, Beverages and Meals",
Attorney General,"GRISWOLD, JENA",Democratic,6.83,4/25/25,,,,,Miscellaneous,
Attorney General,"GRISWOLD, JENA",Democratic,83.94,4/29/25,1-800 Flowers,Jericho,NY,11753,Other,Flowers
Attorney General,"GRISWOLD, JENA",Democratic,431.7,4/29/25,Actblue Technical Services,West Somerville,MA,02144,Fundraising Expenses,Credit Card Processing Fee
Attorney General,"GRISWOLD, JENA",Democratic,4998.85,4/29/25,Gusto,Denver,CO,80202,Employee Services,Payroll
Attorney General,"GRISWOLD, JENA",Democratic,938.46,4/29/25,Gusto,Denver,CO,80202,Employee Services,Payroll
Attorney General,"GRISWOLD, JENA",Democratic,387.27,4/29/25,Gusto,Denver,CO,80202,Employee Services,Payroll Taxes
Attorney General,"GRISWOLD, JENA",Democratic,2462.56,4/29/25,Gusto,Denver,CO,80202,Employee Services,Payroll Taxes
Attorney General,"GRISWOLD, JENA",Democratic,0.04,4/29/25,,,,,Miscellaneous,Credit Card Processing Fee
Attorney General,"GRISWOLD, JENA",Democratic,41.09,4/30/25,First Bank,Lakewood,CO,80214,Bank Fees,
Attorney General,"GRISWOLD, JENA",Democratic,854.72,5/1/25,Actblue Technical Services,West Somerville,MA,02144,Fundraising Expenses,Credit Card Processing Fee
Attorney General,"GRISWOLD, JENA",Democratic,655.26,5/4/25,Actblue Technical Services,West Somerville,MA,02144,Fundraising Expenses,Credit Card Processing Fee
Attorney General,"GRISWOLD, JENA",Democratic,104,5/5/25,Gusto,Denver,CO,80202,Employee Services,Payroll Processing Fee
Attorney General,"GRISWOLD, JENA",Democratic,2250,5/5/25,Ngp Van,Washington,DC,20005,Office Equipment & Supplies,Database Services
Attorney General,"GRISWOLD, JENA",Democratic,819.32,5/5/25,Scale To Win,Santa Ana,CA,92703,Other,Text Messaging
Attorney General,"GRISWOLD, JENA",Democratic,11.59,5/6/25,,,,,Miscellaneous,
Attorney General,"GRISWOLD, JENA",Democratic,150,5/6/25,Rkg Development,Superior,CO,80027,Rent & Utilities,Po Box Rental
Attorney General,"GRISWOLD, JENA",Democratic,50,5/6/25,Rkg Development,Superior,CO,80027,Office Equipment & Supplies,Sos Registration Fee
Attorney General,"GRISWOLD, JENA",Democratic,2000,5/6/25,Rkg Development,Superior,CO,80027,Consultant & Professional Services,Compliance Consulting
Attorney General,"GRISWOLD, JENA",Democratic,261.3,5/7/25,Delta Airlines,Atlanta,GA,30354,Travel & Lodging,Airfare
Attorney General,"GRISWOLD, JENA",Democratic,4,5/7/25,Gusto,Denver,CO,80202,Employee Services,Payroll Taxes
Attorney General,"GRISWOLD, JENA",Democratic,18.06,5/8/25,,,,,Miscellaneous,
Attorney General,"GRISWOLD, JENA",Democratic,69.21,5/8/25,Chef Geoff'S,Washington,DC,20037,"Food, Beverages and Meals",
Attorney General,"GRISWOLD, JENA",Democratic,3.78,5/8/25,,,,,Miscellaneous,
Attorney General,"GRISWOLD, JENA",Democratic,16.56,5/8/25,,,,,Miscellaneous,
Attorney General,"GRISWOLD, JENA",Democratic,2.75,5/9/25,,,,,Miscellaneous,
Attorney General,"GRISWOLD, JENA",Democratic,16.45,5/9/25,,,,,Miscellaneous,
Attorney General,"GRISWOLD, JENA",Democratic,575.24,5/11/25,Actblue Technical Services,West Somerville,MA,02144,Fundraising Expenses,Credit Card Processing Fee
Attorney General,"GRISWOLD, JENA",Democratic,5004.6,5/12/25,Gusto,Denver,CO,80202,Employee Services,Payroll
Attorney General,"GRISWOLD, JENA",Democratic,2439.38,5/12/25,Gusto,Denver,CO,80202,Employee Services,Payroll Taxes
Attorney General,"GRISWOLD, JENA",Democratic,495.48,5/12/25,Hilton Hotels,Mclean,VA,22102,Travel & Lodging,Lodging
Attorney General,"GRISWOLD, JENA",Democratic,21.6,5/12/25,Loews Hotel,New York,NY,10065,"Food, Beverages and Meals",
Attorney General,"GRISWOLD, JENA",Democratic,25.64,5/12/25,Souvlaki Grill,New York,NY,10019,"Food, Beverages and Meals",
Attorney General,"GRISWOLD, JENA",Democratic,17.5,5/12/25,,,,,Miscellaneous,
Attorney General,"GRISWOLD, JENA",Democratic,5000,5/14/25,"Mockingbird Strategies, Llc",Garner,NC,27529,Consultant & Professional Services,Campaign Management
Attorney General,"GRISWOLD, JENA",Democratic,25.45,5/15/25,Intuit,Mountain View,CA,94043,Office Equipment & Supplies,
Attorney General,"GRISWOLD, JENA",Democratic,232.99,5/15/25,United Airlines,Chicago,IL,60606,Travel & Lodging,Airfare
Attorney General,"GRISWOLD, JENA",Democratic,814.16,5/18/25,Actblue Technical Services,West Somerville,MA,02144,Fundraising Expenses,Credit Card Processing Fee
Attorney General,"GRISWOLD, JENA",Democratic,50,5/19/25,Run!,Brooklyn,NY,11201,Office Equipment & Supplies,Website
Attorney General,"GRISWOLD, JENA",Democratic,528,5/20/25,Pinnacol Assurance,Denver,CO,80230,Other,Workers Comp Insurance
Attorney General,"GRISWOLD, JENA",Democratic,1396.47,5/22/25,Corazon Printing,Broomfield,CO,80020,Office Equipment & Supplies,Post Cards And Rally Signs
Attorney General,"GRISWOLD, JENA",Democratic,947.39,5/25/25,Actblue Technical Services,West Somerville,MA,02144,Fundraising Expenses,Credit Card Processing Fee
Attorney General,"GRISWOLD, JENA",Democratic,5004.61,5/27/25,Gusto,Denver,CO,80202,Employee Services,Payroll
Attorney General,"GRISWOLD, JENA",Democratic,2421.52,5/27/25,Gusto,Denver,CO,80202,Employee Services,Payroll Taxes
Attorney General,"GRISWOLD, JENA",Democratic,250,5/28/25,Colorado Trial Lawyers Association,Denver,CO,80203,Other,Event Tickets
Attorney General,"GRISWOLD, JENA",Democratic,4.37,5/28/25,,,,,Miscellaneous,
Attorney General,"GRISWOLD, JENA",Democratic,40,5/30/25,First Bank,Lakewood,CO,80214,Bank Fees,
Attorney General,"GRISWOLD, JENA",Democratic,300.79,5/30/25,United Airlines,Chicago,IL,60606,Travel & Lodging,Airfare
Attorney General,"GRISWOLD, JENA",Democratic,1039.96,6/1/25,Actblue Technical Services,West Somerville,MA,02144,Fundraising Expenses,Credit Card Processing Fee
Attorney General,"GRISWOLD, JENA",Democratic,104,6/4/25,Gusto,Denver,CO,80202,Employee Services,Payroll Processing Fee
Attorney General,"GRISWOLD, JENA",Democratic,2792.96,6/4/25,Scale To Win,Santa Ana,CA,92703,Other,Text Messaging
Attorney General,"GRISWOLD, JENA",Democratic,44.6,6/5/25,Democracy Engine,Washington,DC,20001,Fundraising Expenses,Credit Card Processing Fee
Attorney General,"GRISWOLD, JENA",Democratic,2250,6/6/25,Ngp Van,Washington,DC,20005,Office Equipment & Supplies,Database Services
Attorney General,"GRISWOLD, JENA",Democratic,2500,6/6/25,Rkg Development,Superior,CO,80027,Consultant & Professional Services,Compliance Consulting
Attorney General,"GRISWOLD, JENA",Democratic,496.96,6/6/25,Southwest Airlines,Dallas,TX,75235,Travel & Lodging,Airfare
Attorney General,"GRISWOLD, JENA",Democratic,1329.37,6/8/25,Actblue Technical Services,West Somerville,MA,02144,Fundraising Expenses,Credit Card Processing Fee
Attorney General,"GRISWOLD, JENA",Democratic,4998.85,6/10/25,Gusto,Denver,CO,80202,Employee Services,Payroll
Attorney General,"GRISWOLD, JENA",Democratic,2489.57,6/10/25,Gusto,Denver,CO,80202,Employee Services,Payroll Taxes
Attorney General,"GRISWOLD, JENA",Democratic,13.17,6/10/25,,,,,Miscellaneous,
Attorney General,"GRISWOLD, JENA",Democratic,201.22,6/11/25,Marina Motel,San Francisco,CA,94123,Travel & Lodging,Lodging
Attorney General,"GRISWOLD, JENA",Democratic,231.71,6/11/25,United Airlines,Chicago,IL,60606,Travel & Lodging,Airfare
Attorney General,"GRISWOLD, JENA",Democratic,6.62,6/12/25,,,,,Miscellaneous,
Attorney General,"GRISWOLD, JENA",Democratic,30.9,6/12/25,Democracy Engine,Washington,DC,20001,Fundraising Expenses,Credit Card Processing Fee
Attorney General,"GRISWOLD, JENA",Democratic,2500,6/12/25,Dialogue Digital,Lakewood,CO,80226,Consultant & Professional Services,Digital Consultant
Attorney General,"GRISWOLD, JENA",Democratic,11.94,6/12/25,Doordash,San Francisco,CA,94107,"Food, Beverages and Meals",
Attorney General,"GRISWOLD, JENA",Democratic,83.34,6/12/25,San Francisco Taxi,San Francisco,CA,94124,Travel & Lodging,Ground Transportation
Attorney General,"GRISWOLD, JENA",Democratic,15.73,6/13/25,Doordash,San Francisco,CA,94107,"Food, Beverages and Meals",
Attorney General,"GRISWOLD, JENA",Democratic,27.08,6/13/25,Grubhub,Chicago,IL,60602,"Food, Beverages and Meals",
Attorney General,"GRISWOLD, JENA",Democratic,209.36,6/13/25,Marina Motel,San Francisco,CA,94123,Travel & Lodging,Lodging
Attorney General,"GRISWOLD, JENA",Democratic,1501.66,6/15/25,Actblue Technical Services,West Somerville,MA,02144,Fundraising Expenses,Credit Card Processing Fee
Attorney General,"GRISWOLD, JENA",Democratic,177,6/16/25,Abang Transportation,Denver,CO,80219,Travel & Lodging,Ground Transportation
Attorney General,"GRISWOLD, JENA",Democratic,7.1,6/16/25,,,,,Miscellaneous,
Attorney General,"GRISWOLD, JENA",Democratic,609.49,6/16/25,Hotel Emblem,San Francisco,CA,94102,Travel & Lodging,Lodging
Attorney General,"GRISWOLD, JENA",Democratic,25.45,6/16/25,Intuit,Mountain View,CA,94043,Office Equipment & Supplies,
Attorney General,"GRISWOLD, JENA",Democratic,84.48,6/17/25,Corazon Printing,Broomfield,CO,80020,Office Equipment & Supplies,Banners
Attorney General,"GRISWOLD, JENA",Democratic,50,6/17/25,Run!,Brooklyn,NY,11201,Office Equipment & Supplies,Website
Attorney General,"GRISWOLD, JENA",Democratic,5000,6/18/25,"Mockingbird Strategies, Llc",Garner,NC,27529,Consultant & Professional Services,Campaign Management
Attorney General,"GRISWOLD, JENA",Democratic,92.2,6/20/25,Democracy Engine,Washington,DC,20001,Fundraising Expenses,Credit Card Processing Fee
Attorney General,"GRISWOLD, JENA",Democratic,15,6/20/25,"Phoneburner, Inc.",Ladera Ranch,CA,92694,Telephone,
Attorney General,"GRISWOLD, JENA",Democratic,8.5,6/20/25,"Phoneburner, Inc.",Ladera Ranch,CA,92694,Telephone,
Attorney General,"GRISWOLD, JENA",Democratic,360.92,6/20/25,United Airlines,Chicago,IL,60606,Travel & Lodging,Airfare
Attorney General,"GRISWOLD, JENA",Democratic,2089.49,6/22/25,Actblue Technical Services,West Somerville,MA,02144,Fundraising Expenses,Credit Card Processing Fee
Attorney General,"GRISWOLD, JENA",Democratic,4923.24,6/25/25,Gusto,Denver,CO,80202,Employee Services,Payroll
Attorney General,"GRISWOLD, JENA",Democratic,2348.03,6/25/25,Gusto,Denver,CO,80202,Employee Services,Payroll Taxes
Attorney General,"GRISWOLD, JENA",Democratic,2062.5,6/25/25,Aron  Johnson,Denver,CO,80204,Consultant & Professional Services,Campaign Management
Attorney General,"GRISWOLD, JENA",Democratic,6.83,6/25/25,"Phoneburner, Inc.",Ladera Ranch,CA,92694,Telephone,
Attorney General,"GRISWOLD, JENA",Democratic,14.6,6/26/25,Democracy Engine,Washington,DC,20001,Fundraising Expenses,Credit Card Processing Fee
Attorney General,"GRISWOLD, JENA",Democratic,2980.83,6/29/25,Actblue Technical Services,West Somerville,MA,02144,Fundraising Expenses,Credit Card Processing Fee
Attorney General,"GRISWOLD, JENA",Democratic,943.4,6/30/25,Actblue Technical Services,West Somerville,MA,02144,Fundraising Expenses,Credit Card Processing Fee
Attorney General,"GRISWOLD, JENA",Democratic,84.9,6/30/25,Democracy Engine,Washington,DC,20001,Fundraising Expenses,Credit Card Processing Fee
Attorney General,"GRISWOLD, JENA",Democratic,50,6/30/25,First Bank,Lakewood,CO,80214,Bank Fees,
Attorney General,"GRISWOLD, JENA",Democratic,357.36,6/30/25,Laura  Shaw,Denver,CO,80202,Other,Reimbursement - Mileage And Stamps
Attorney General,"GRISWOLD, JENA",Democratic,472.4,6/30/25,Viceroy Snowmass,Snowmass Village,CO,81615,Travel & Lodging,Lodging
Attorney General,"GRISWOLD, JENA",Democratic,7724.3,7/1/25,Colorado Democratic Party - Federal Account,Denver,CO,80203,Other,Voter File Access
Attorney General,"GRISWOLD, JENA",Democratic,4000,7/1/25,Global Strategy Group,New York,NY,10003,Consultant & Professional Services,Research
Attorney General,"GRISWOLD, JENA",Democratic,13.64,7/2/25,,,,,Miscellaneous,
Attorney General,"GRISWOLD, JENA",Democratic,25,7/2/25,"Phoneburner, Inc.",Ladera Ranch,CA,92694,Telephone,
Attorney General,"GRISWOLD, JENA",Democratic,2500,7/3/25,Rkg Development,Superior,CO,80027,Consultant & Professional Services,Compliance Consulting
Attorney General,"GRISWOLD, JENA",Democratic,7934.85,7/3/25,Scale To Win,Santa Ana,CA,92703,Fundraising Expenses,Text Messaging
Attorney General,"GRISWOLD, JENA",Democratic,210.76,7/6/25,Actblue Technical Services,West Somerville,MA,02144,Fundraising Expenses,Credit Card Processing Fee
Attorney General,"GRISWOLD, JENA",Democratic,116,7/7/25,Gusto,Denver,CO,80202,Employee Services,Payroll Processing Fee
Attorney General,"GRISWOLD, JENA",Democratic,2250,7/7/25,Ngp Van,Washington,DC,20005,Office Equipment & Supplies,Database Services
Attorney General,"GRISWOLD, JENA",Democratic,11041.69,7/8/25,Dialogue Digital,Lakewood,CO,80226,Consultant & Professional Services,Digital Consulting
Attorney General,"GRISWOLD, JENA",Democratic,-102.75,7/8/25,Gusto,Denver,CO,80202,Returned Expenditure,Payroll Tax Reconciliation
Attorney General,"GRISWOLD, JENA",Democratic,6.12,7/9/25,Little Owl Coffee,Denver,CO,80202,"Food, Beverages and Meals",
Attorney General,"GRISWOLD, JENA",Democratic,3112.94,7/10/25,Gusto,Denver,CO,80202,Employee Services,Payroll Taxes
Attorney General,"GRISWOLD, JENA",Democratic,6820.71,7/10/25,Gusto,Denver,CO,80202,Employee Services,Payroll
Attorney General,"GRISWOLD, JENA",Democratic,490.58,7/13/25,Actblue Technical Services,West Somerville,MA,02144,Fundraising Expenses,Credit Card Processing Fee
Attorney General,"GRISWOLD, JENA",Democratic,-25.58,7/14/25,Gusto,Denver,CO,80202,Returned Expenditure,Payroll Tax Reconciliation
Attorney General,"GRISWOLD, JENA",Democratic,337.52,7/15/25,Hotel Sofitel,Los Angeles,CA,90048,Travel & Lodging,Lodging
Attorney General,"GRISWOLD, JENA",Democratic,25.45,7/15/25,Intuit,Mountain View,CA,94043,Office Equipment & Supplies,
Attorney General,"GRISWOLD, JENA",Democratic,-4,7/15/25,Gusto,Denver,CO,80202,Returned Expenditure,Payroll Tax Reconciliation
Attorney General,"GRISWOLD, JENA",Democratic,226.86,7/16/25,Hotels.Com,Dallas,TX,75240,Travel & Lodging,Lodging
Attorney General,"GRISWOLD, JENA",Democratic,4125,7/16/25,Aron  Johnson,Denver,CO,80204,Employee Services,
Attorney General,"GRISWOLD, JENA",Democratic,5.57,7/17/25,,,,,Miscellaneous,
Attorney General,"GRISWOLD, JENA",Democratic,25,7/17/25,"Phoneburner, Inc.",Ladera Ranch,CA,92694,Telephone,
Attorney General,"GRISWOLD, JENA",Democratic,793.97,7/17/25,United Airlines,Chicago,IL,60606,Travel & Lodging,Airfare
Attorney General,"GRISWOLD, JENA",Democratic,35.31,7/18/25,Daughter'S Deli,West Hollywood,CA,90069,"Food, Beverages and Meals",
Attorney General,"GRISWOLD, JENA",Democratic,683.91,7/18/25,Hilton Hotels,Mclean,VA,22102,Travel & Lodging,Lodging
Attorney General,"GRISWOLD, JENA",Democratic,110.4,7/18/25,Independent Tax Cab,Sun Valley,CA,91352,Travel & Lodging,Ground Transportation
Attorney General,"GRISWOLD, JENA",Democratic,12.52,7/18/25,Starbucks,Seattle,WA,98134,"Food, Beverages and Meals",
Attorney General,"GRISWOLD, JENA",Democratic,8,7/18/25,United Airlines,Chicago,IL,60606,Office Equipment & Supplies,Wifi
Attorney General,"GRISWOLD, JENA",Democratic,540.98,7/18/25,Viceroy Snowmass,Snowmass Village,CO,81615,Travel & Lodging,Lodging
Attorney General,"GRISWOLD, JENA",Democratic,738.32,7/20/25,Actblue Technical Services,West Somerville,MA,02144,Fundraising Expenses,Credit Card Processing Fee
Attorney General,"GRISWOLD, JENA",Democratic,13.76,7/21/25,,,,,Miscellaneous,
Attorney General,"GRISWOLD, JENA",Democratic,129.86,7/21/25,Kojo Amoako Transportation Llc,Aurora,CO,80017,Travel & Lodging,Ground Transportation
Attorney General,"GRISWOLD, JENA",Democratic,8,7/21/25,United Airlines,Chicago,IL,60606,Office Equipment & Supplies,Wifi
Attorney General,"GRISWOLD, JENA",Democratic,806.54,7/27/25,Actblue Technical Services,West Somerville,MA,02144,Fundraising Expenses,Credit Card Processing Fee
Attorney General,"GRISWOLD, JENA",Democratic,38.47,7/28/25,Amazon,Seattle,WA,98109,Office Equipment & Supplies,Thank You Notes
Attorney General,"GRISWOLD, JENA",Democratic,4.87,7/28/25,,,,,Miscellaneous,
Attorney General,"GRISWOLD, JENA",Democratic,23.91,7/28/25,Colorado Ranch House,Glenwood Springs,CO,81601,"Food, Beverages and Meals",
Attorney General,"GRISWOLD, JENA",Democratic,1875.79,7/28/25,Gusto,Denver,CO,80202,Employee Services,Payroll Taxes
Attorney General,"GRISWOLD, JENA",Democratic,4309.97,7/28/25,Gusto,Denver,CO,80202,Employee Services,Payroll
Attorney General,"GRISWOLD, JENA",Democratic,3000,7/28/25,Hilltop Public Solutions,Washington,DC,20007,Consultant & Professional Services,Campaign Management
Attorney General,"GRISWOLD, JENA",Democratic,6,7/28/25,United Airlines,Chicago,IL,60606,Office Equipment & Supplies,Wifi
Attorney General,"GRISWOLD, JENA",Democratic,408.62,7/30/25,Limelight Snowmass,Snowmass Village,CO,81615,Travel & Lodging,Lodging
Attorney General,"GRISWOLD, JENA",Democratic,65,7/31/25,First Bank,Lakewood,CO,80214,Bank Fees,
Attorney General,"GRISWOLD, JENA",Democratic,25.6,8/1/25,Gusto,Denver,CO,80202,Employee Services,Payroll Taxes
Attorney General,"GRISWOLD, JENA",Democratic,97.5,8/1/25,Gusto,Denver,CO,80202,Employee Services,Payroll
Attorney General,"GRISWOLD, JENA",Democratic,4.83,8/1/25,"Phoneburner, Inc.",Ladera Ranch,CA,92694,Telephone,
Attorney General,"GRISWOLD, JENA",Democratic,1019.82,8/3/25,Actblue Technical Services,West Somerville,MA,02144,Fundraising Expenses,Credit Card Processing Fee
Attorney General,"GRISWOLD, JENA",Democratic,2500,8/3/25,Rkg Development,Superior,CO,80027,Consultant & Professional Services,Compliance Consulting
Attorney General,"GRISWOLD, JENA",Democratic,35.05,8/4/25,City Of Denver,Denver,CO,80202,Employee Services,Payroll Taxes
Attorney General,"GRISWOLD, JENA",Democratic,0.88,8/4/25,City Of Denver,Denver,CO,80202,Other,Processing Fee
Attorney General,"GRISWOLD, JENA",Democratic,304.03,8/4/25,Gusto,Denver,CO,80202,Employee Services,Payroll Taxes
Attorney General,"GRISWOLD, JENA",Democratic,897.58,8/4/25,Gusto,Denver,CO,80202,Employee Services,Payroll
Attorney General,"GRISWOLD, JENA",Democratic,2250,8/4/25,Ngp Van,Washington,DC,20005,Office Equipment & Supplies,Database Services
Attorney General,"GRISWOLD, JENA",Democratic,30,8/4/25,"Phoneburner, Inc.",Ladera Ranch,CA,92694,Telephone,
Attorney General,"GRISWOLD, JENA",Democratic,2612.59,8/4/25,Scale To Win,Santa Ana,CA,92703,Fundraising Expenses,Text Messaging
Attorney General,"GRISWOLD, JENA",Democratic,140,8/5/25,Gusto,Denver,CO,80202,Employee Services,Payroll Processing Fee
Attorney General,"GRISWOLD, JENA",Democratic,158.75,8/6/25,United States Postal Service,Denver,CO,80202,Office Equipment & Supplies,Stamps
Attorney General,"GRISWOLD, JENA",Democratic,198.28,8/8/25,United Airlines,Chicago,IL,60606,Travel & Lodging,Airfare
Attorney General,"GRISWOLD, JENA",Democratic,464.56,8/8/25,United Airlines,Chicago,IL,60606,Travel & Lodging,Airfare
Attorney General,"GRISWOLD, JENA",Democratic,607.43,8/10/25,Actblue Technical Services,West Somerville,MA,02144,Fundraising Expenses,Credit Card Processing Fee
Attorney General,"GRISWOLD, JENA",Democratic,86.49,8/11/25,United Airlines,Chicago,IL,60606,Travel & Lodging,Airfare
Attorney General,"GRISWOLD, JENA",Democratic,218.86,8/13/25,Corazon Printing,Broomfield,CO,80020,Office Equipment & Supplies,Postcards
Attorney General,"GRISWOLD, JENA",Democratic,1000,8/14/25,Dialogue Digital,Lakewood,CO,80226,Consultant & Professional Services,Digital Consulting
Attorney General,"GRISWOLD, JENA",Democratic,2500,8/14/25,Dialogue Digital,Lakewood,CO,80226,Consultant & Professional Services,Digital Consulting
Attorney General,"GRISWOLD, JENA",Democratic,1496.67,8/14/25,Dialogue Digital,Lakewood,CO,80226,Office Equipment & Supplies,Email Services
Attorney General,"GRISWOLD, JENA",Democratic,3712.91,8/15/25,Gusto,Denver,CO,80202,Employee Services,Payroll Taxes
Attorney General,"GRISWOLD, JENA",Democratic,7724.66,8/15/25,Gusto,Denver,CO,80202,Employee Services,Payroll
Attorney General,"GRISWOLD, JENA",Democratic,25.45,8/15/25,Intuit,Mountain View,CA,94043,Office Equipment & Supplies,
Attorney General,"GRISWOLD, JENA",Democratic,976.69,8/17/25,Actblue Technical Services,West Somerville,MA,02144,Fundraising Expenses,Credit Card Processing Fee
Attorney General,"GRISWOLD, JENA",Democratic,30,8/18/25,"Phoneburner, Inc.",Ladera Ranch,CA,92694,Telephone,
Attorney General,"GRISWOLD, JENA",Democratic,50,8/18/25,Run!,Brooklyn,NY,11201,Office Equipment & Supplies,Website
Attorney General,"GRISWOLD, JENA",Democratic,166.93,8/20/25,"Expedia, Inc.",Seattle,WA,98119,Travel & Lodging,
Attorney General,"GRISWOLD, JENA",Democratic,1046.17,8/24/25,Actblue Technical Services,West Somerville,MA,02144,Fundraising Expenses,Credit Card Processing Fee
Attorney General,"GRISWOLD, JENA",Democratic,156.56,8/25/25,Eagle County Democrats,Basalt,CO,81621,Other,Event Ticket
Attorney General,"GRISWOLD, JENA",Democratic,22.67,8/25/25,Office Depot Boulder,Boulder,CO,80301,Office Equipment & Supplies,
Attorney General,"GRISWOLD, JENA",Democratic,150.79,8/25/25,Office Depot Boulder,Boulder,CO,80301,Office Equipment & Supplies,
Attorney General,"GRISWOLD, JENA",Democratic,728.25,8/25/25,"Phoneburner, Inc.",Ladera Ranch,CA,92694,Telephone,
Attorney General,"GRISWOLD, JENA",Democratic,158.75,8/25/25,United States Postal Service,Denver,CO,80202,Office Equipment & Supplies,Stamps
Attorney General,"GRISWOLD, JENA",Democratic,6.83,8/26/25,"Phoneburner, Inc.",Ladera Ranch,CA,92694,Telephone,
Attorney General,"GRISWOLD, JENA",Democratic,3000,8/27/25,Hilltop Public Solutions,Washington,DC,20007,Consultant & Professional Services,Campaign Management
Attorney General,"GRISWOLD, JENA",Democratic,6.5,8/27/25,"Phoneburner, Inc.",Ladera Ranch,CA,92694,Telephone,
Attorney General,"GRISWOLD, JENA",Democratic,158.75,8/27/25,United States Postal Service,Denver,CO,80202,Office Equipment & Supplies,Stamps
Attorney General,"GRISWOLD, JENA",Democratic,10.65,8/29/25,,,,,Miscellaneous,
Attorney General,"GRISWOLD, JENA",Democratic,32.93,8/29/25,First Bank,Lakewood,CO,80214,Bank Fees,
Attorney General,"GRISWOLD, JENA",Democratic,3673.25,8/29/25,Gusto,Denver,CO,80202,Employee Services,Payroll Taxes
Attorney General,"GRISWOLD, JENA",Democratic,7730.42,8/29/25,Gusto,Denver,CO,80202,Employee Services,Payroll
Attorney General,"GRISWOLD, JENA",Democratic,1,8/29/25,Limelight Snowmass,Snowmass Village,CO,81615,Travel & Lodging,Logding
Attorney General,"GRISWOLD, JENA",Democratic,61.11,8/29/25,Matsuhisa,Aspen,CO,81611,"Food, Beverages and Meals",
Attorney General,"GRISWOLD, JENA",Democratic,1217,9/2/25,Actblue Technical Services,West Somerville,MA,02144,Fundraising Expenses,Credit Card Processing Fee
Attorney General,"GRISWOLD, JENA",Democratic,40,9/2/25,"Phoneburner, Inc.",Ladera Ranch,CA,92694,Telephone,
Attorney General,"GRISWOLD, JENA",Democratic,2500,9/2/25,Rkg Development,Superior,CO,80027,Consultant & Professional Services,Compliance Consulting
Attorney General,"GRISWOLD, JENA",Democratic,1.9,9/2/25,Rkg Development,Superior,CO,80027,Office Equipment & Supplies,Postage
Attorney General,"GRISWOLD, JENA",Democratic,156,9/2/25,United States Postal Service,Denver,CO,80202,Office Equipment & Supplies,Stamps
Attorney General,"GRISWOLD, JENA",Democratic,236.75,9/2/25,United States Postal Service,Denver,CO,80202,Office Equipment & Supplies,Stamps
Attorney General,"GRISWOLD, JENA",Democratic,7.65,9/2/25,,,,,Miscellaneous,
Attorney General,"GRISWOLD, JENA",Democratic,34.32,9/2/25,Wal-Mart,Bentonville,AR,72716,Office Equipment & Supplies,
Attorney General,"GRISWOLD, JENA",Democratic,121.72,9/3/25,"Expedia, Inc.",Seattle,WA,98119,Travel & Lodging,
Attorney General,"GRISWOLD, JENA",Democratic,116,9/4/25,Gusto,Denver,CO,80202,Employee Services,Payroll Processing Fee
Attorney General,"GRISWOLD, JENA",Democratic,2390.2,9/4/25,Scale To Win,Santa Ana,CA,92703,Fundraising Expenses,Text Messaging
Attorney General,"GRISWOLD, JENA",Democratic,2250,9/5/25,Ngp Van,Washington,DC,20005,Office Equipment & Supplies,Database Services
Attorney General,"GRISWOLD, JENA",Democratic,288.28,9/5/25,The Lodge At Mountaineer Square,Crested Butte,CO,81225,Travel & Lodging,
Attorney General,"GRISWOLD, JENA",Democratic,672.18,9/7/25,Actblue Technical Services,West Somerville,MA,02144,Fundraising Expenses,Credit Card Processing Fee
Attorney General,"GRISWOLD, JENA",Democratic,184.06,9/8/25,Baymont By Wyndham Salida,Salida,CO,81201,Travel & Lodging,Lodging
Attorney General,"GRISWOLD, JENA",Democratic,40.47,9/8/25,Bonez Tequilla Bar & Grill,Crested Butte,CO,81224,"Food, Beverages and Meals",
Attorney General,"GRISWOLD, JENA",Democratic,5.46,9/8/25,,,,,Miscellaneous,
Attorney General,"GRISWOLD, JENA",Democratic,5,9/8/25,,,,,Miscellaneous,
Attorney General,"GRISWOLD, JENA",Democratic,8.13,9/9/25,,,,,Miscellaneous,
Attorney General,"GRISWOLD, JENA",Democratic,22.06,9/9/25,The Lodge At Mountaineer Square,Crested Butte,CO,81225,"Food, Beverages and Meals",
Attorney General,"GRISWOLD, JENA",Democratic,156,9/9/25,United States Postal Service,Denver,CO,80202,Office Equipment & Supplies,Stamps
Attorney General,"GRISWOLD, JENA",Democratic,8.43,9/10/25,,,,,Miscellaneous,
Attorney General,"GRISWOLD, JENA",Democratic,-2.3,9/10/25,Gusto,Denver,CO,80202,Returned Expenditure,Payroll Tax Reconciliation
Attorney General,"GRISWOLD, JENA",Democratic,157.78,9/11/25,Colorado Department Of Labor And Employment,Denver,CO,80202,Employee Services,Payroll Taxes
Attorney General,"GRISWOLD, JENA",Democratic,15.3,9/11/25,Lyft,San Francisco,CA,94107,Travel & Lodging,Ground Transportation
Attorney General,"GRISWOLD, JENA",Democratic,-6.45,9/11/25,United Airlines,Chicago,IL,60606,Returned Expenditure,Refunded Expenditure
Attorney General,"GRISWOLD, JENA",Democratic,12.05,9/12/25,Lyft,San Francisco,CA,94107,Travel & Lodging,Ground Transportation
Attorney General,"GRISWOLD, JENA",Democratic,13.4,9/12/25,Lyft,San Francisco,CA,94107,Travel & Lodging,Ground Transportation
Attorney General,"GRISWOLD, JENA",Democratic,66.38,9/12/25,Lyft,San Francisco,CA,94107,Travel & Lodging,Ground Transportation
Attorney General,"GRISWOLD, JENA",Democratic,21.58,9/12/25,Skymarket,Denver,CO,80249,"Food, Beverages and Meals",
Attorney General,"GRISWOLD, JENA",Democratic,912.7,9/14/25,Actblue Technical Services,West Somerville,MA,02144,Fundraising Expenses,Credit Card Processing Fee
Attorney General,"GRISWOLD, JENA",Democratic,134.05,9/15/25,Found Hotel Carlton,San Francisco,CA,94109,Travel & Lodging,Lodging
Attorney General,"GRISWOLD, JENA",Democratic,3721.81,9/15/25,Gusto,Denver,CO,80202,Employee Services,Payroll Taxes
Attorney General,"GRISWOLD, JENA",Democratic,7718.92,9/15/25,Gusto,Denver,CO,80202,Employee Services,Payroll
Attorney General,"GRISWOLD, JENA",Democratic,11586.66,9/15/25,Hilltop Public Solutions,Washington,DC,20007,Fundraising Expenses,Mail
Attorney General,"GRISWOLD, JENA",Democratic,283.36,9/15/25,Hotel Emblem,San Francisco,CA,94102,Travel & Lodging,Lodging
Attorney General,"GRISWOLD, JENA",Democratic,25.45,9/15/25,Intuit,Mountain View,CA,94043,Office Equipment & Supplies,
Attorney General,"GRISWOLD, JENA",Democratic,55.97,9/15/25,Lyft,San Francisco,CA,94107,Travel & Lodging,Ground Transportation
Attorney General,"GRISWOLD, JENA",Democratic,12.7,9/15/25,Starbucks,Seattle,WA,98134,"Food, Beverages and Meals",
Attorney General,"GRISWOLD, JENA",Democratic,29.7,9/15/25,The Burger Joint,Charlotte,NC,28247,"Food, Beverages and Meals",
Attorney General,"GRISWOLD, JENA",Democratic,30.41,9/15/25,The Parthenon,San Francisco,CA,94102,"Food, Beverages and Meals",
Attorney General,"GRISWOLD, JENA",Democratic,6,9/15/25,United Airlines,Chicago,IL,60606,Office Equipment & Supplies,Wifi
Attorney General,"GRISWOLD, JENA",Democratic,8,9/15/25,United Airlines,Chicago,IL,60606,Office Equipment & Supplies,Wifi
Attorney General,"GRISWOLD, JENA",Democratic,8,9/15/25,United Airlines,Chicago,IL,60606,Office Equipment & Supplies,Wifi
Attorney General,"GRISWOLD, JENA",Democratic,36.01,9/16/25,Target - Boulder,Boulder,CO,80301,Office Equipment & Supplies,
Attorney General,"GRISWOLD, JENA",Democratic,35,9/17/25,"Phoneburner, Inc.",Ladera Ranch,CA,92694,Telephone,
Attorney General,"GRISWOLD, JENA",Democratic,50,9/17/25,Run!,Brooklyn,NY,11201,Office Equipment & Supplies,Website
Attorney General,"GRISWOLD, JENA",Democratic,18.95,9/18/25,Denver Public Parking,Denver,CO,80249,Other,Parking
Attorney General,"GRISWOLD, JENA",Democratic,6.09,9/18/25,Little Owl Coffee,Denver,CO,80202,"Food, Beverages and Meals",
Attorney General,"GRISWOLD, JENA",Democratic,15,9/19/25,Denver Public Parking,Denver,CO,80249,Other,Parking
Attorney General,"GRISWOLD, JENA",Democratic,6.09,9/19/25,Little Owl Coffee,Denver,CO,80202,"Food, Beverages and Meals",
Attorney General,"GRISWOLD, JENA",Democratic,6.71,9/19/25,Little Owl Coffee,Denver,CO,80202,"Food, Beverages and Meals",
Attorney General,"GRISWOLD, JENA",Democratic,24.51,9/19/25,Yampa Sandwhich Company,Denver,CO,80202,"Food, Beverages and Meals",
Attorney General,"GRISWOLD, JENA",Democratic,443.12,9/21/25,Actblue Technical Services,West Somerville,MA,02144,Fundraising Expenses,Credit Card Processing Fee
Attorney General,"GRISWOLD, JENA",Democratic,10.97,9/22/25,Lyft,San Francisco,CA,94107,Travel & Lodging,Ground Transportation
Attorney General,"GRISWOLD, JENA",Democratic,9066.02,9/24/25,Corazon Printing,Broomfield,CO,80020,Fundraising Expenses,Mail
Attorney General,"GRISWOLD, JENA",Democratic,60.6,9/25/25,Democracy Engine,Washington,DC,20001,Fundraising Expenses,Credit Card Processing Fee
Attorney General,"GRISWOLD, JENA",Democratic,66,9/26/25,Turo,San Francisco,CA,94104,Travel & Lodging,Ground Transportation
Attorney General,"GRISWOLD, JENA",Democratic,112.59,9/26/25,Turo,San Francisco,CA,94104,Travel & Lodging,Ground Transportation
Attorney General,"GRISWOLD, JENA",Democratic,1399.06,9/28/25,Actblue Technical Services,West Somerville,MA,02144,Fundraising Expenses,Credit Card Processing Fee
Attorney General,"GRISWOLD, JENA",Democratic,15.04,9/29/25,Lyft,San Francisco,CA,94107,Travel & Lodging,Ground Transportation
Attorney General,"GRISWOLD, JENA",Democratic,17.38,9/29/25,Lyft,San Francisco,CA,94107,Travel & Lodging,Ground Transportation
Attorney General,"GRISWOLD, JENA",Democratic,24.14,9/29/25,Lyft,San Francisco,CA,94107,Travel & Lodging,Ground Transportation
Attorney General,"GRISWOLD, JENA",Democratic,1909.7,9/30/25,Actblue Technical Services,West Somerville,MA,02144,Fundraising Expenses,Credit Card Processing Fee
Attorney General,"GRISWOLD, JENA",Democratic,731.5,9/30/25,Nathaniel  Buxton,Denver,CO,80202,Travel & Lodging,Mileage Reimbursement
Attorney General,"GRISWOLD, JENA",Democratic,50,9/30/25,First Bank,Lakewood,CO,80214,Bank Fees,
Attorney General,"GRISWOLD, JENA",Democratic,3663.88,9/30/25,Gusto,Denver,CO,80202,Employee Services,Payroll Taxes
Attorney General,"GRISWOLD, JENA",Democratic,7730.4,9/30/25,Gusto,Denver,CO,80202,Employee Services,Payroll
Attorney General,"GRISWOLD, JENA",Democratic,85,9/30/25,Christopher G Hayes,Denver,CO,80220,Fundraising Expenses,Fundraising Event Catering
Attorney General,"GRISWOLD, JENA",Democratic,20.14,9/30/25,Lyft,San Francisco,CA,94107,Travel & Lodging,Ground Transportation
Attorney General,"GRISWOLD, JENA",Democratic,250,9/30/25,Blanca  Uzeta Oleary,Aspen,CO,81611,Fundraising Expenses,Fundraising Event Food And Beverages
Attorney General,"GRISWOLD, JENA",Democratic,50,9/30/25,"Phoneburner, Inc.",Ladera Ranch,CA,92694,Telephone,
Attorney General,"GRISWOLD, JENA",Democratic,25.02,9/30/25,Safeway - Louisville,Louisville,CO,80027,Travel & Lodging,Gas
Attorney General,"GRISWOLD, JENA",Democratic,803.04,9/30/25,Laura  Shaw,Denver,CO,80202,Travel & Lodging,Mileage Reimbursement
Attorney General,"GRISWOLD, JENA",Democratic,244,9/30/25,United States Postal Service,Denver,CO,80202,Rent & Utilities,Po Box Renewal
Attorney General,"GRISWOLD, JENA",Democratic,2250,10/1/25,Ngp Van,Washington,DC,20005,Office Equipment & Supplies,Database Services
Attorney General,"GRISWOLD, JENA",Democratic,71.22,10/1/25,Target - Boulder,Boulder,CO,80301,Office Equipment & Supplies,Event Supplies
Attorney General,"GRISWOLD, JENA",Democratic,40,10/2/25,"Phoneburner, Inc.",Ladera Ranch,CA,92694,Telephone,
Attorney General,"GRISWOLD, JENA",Democratic,116,10/3/25,Gusto,Denver,CO,80202,Employee Services,Payroll Processing Fee
Attorney General,"GRISWOLD, JENA",Democratic,5039.52,10/3/25,Scale To Win,Santa Ana,CA,92703,Fundraising Expenses,Text Messaging
Attorney General,"GRISWOLD, JENA",Democratic,257.86,10/5/25,Actblue Technical Services,West Somerville,MA,02144,Fundraising Expenses,Credit Card Processing Fee
Attorney General,"GRISWOLD, JENA",Democratic,2500,10/5/25,Rkg Development,Superior,CO,80027,Consultant & Professional Services,Compliance Consulting
Attorney General,"GRISWOLD, JENA",Democratic,15.31,10/6/25,Frontier Airlines,Denver,CO,80249,Travel & Lodging,Airfare
Attorney General,"GRISWOLD, JENA",Democratic,10,10/6/25,Lyft,San Francisco,CA,94107,Travel & Lodging,Ground Transportation
Attorney General,"GRISWOLD, JENA",Democratic,2210,10/6/25,"Mission Control, Inc.",Glastonbury,CT,06033,Office Equipment & Supplies,Palm Cards
Attorney General,"GRISWOLD, JENA",Democratic,153.48,10/6/25,United Airlines,Chicago,IL,60606,Travel & Lodging,Airfare
Attorney General,"GRISWOLD, JENA",Democratic,314.75,10/6/25,United States Postal Service,Denver,CO,80202,Office Equipment & Supplies,Stamps
Attorney General,"GRISWOLD, JENA",Democratic,114.61,10/7/25,Artist Proof Collective,Denver,CO,80204,Office Equipment & Supplies,Business Cards
Attorney General,"GRISWOLD, JENA",Democratic,153.29,10/7/25,Gusto,Denver,CO,80202,Employee Services,Payroll Taxes
Attorney General,"GRISWOLD, JENA",Democratic,10000,10/7/25,Dialogue Digital,Lakewood,CO,80226,Consultant & Professional Services,Digital Consulting
Attorney General,"GRISWOLD, JENA",Democratic,15.13,10/8/25,,,,,Miscellaneous,
Attorney General,"GRISWOLD, JENA",Democratic,19.04,10/8/25,Uber Eats,San Francisco,CA,94103,"Food, Beverages and Meals",
Attorney General,"GRISWOLD, JENA",Democratic,-6.71,10/8/25,Uber Eats,San Francisco,CA,94103,Returned Expenditure,Refunded Expenditure
Attorney General,"GRISWOLD, JENA",Democratic,11.12,10/9/25,Bagel Deli,Denver,CO,80222,"Food, Beverages and Meals",
Attorney General,"GRISWOLD, JENA",Democratic,205.97,10/9/25,Frontier Airlines,Denver,CO,80249,Travel & Lodging,Airfare
Attorney General,"GRISWOLD, JENA",Democratic,7.59,10/9/25,,,,,Miscellaneous,
Attorney General,"GRISWOLD, JENA",Democratic,8,10/9/25,United Airlines,Chicago,IL,60606,Office Equipment & Supplies,Wifi
Attorney General,"GRISWOLD, JENA",Democratic,-467.13,10/9/25,Viceroy Snowmass,Snowmass Village,CO,81615,Returned Expenditure,Refunded Expenditure
Attorney General,"GRISWOLD, JENA",Democratic,647.84,10/12/25,Actblue Technical Services,West Somerville,MA,02144,Fundraising Expenses,Credit Card Processing Fee
Attorney General,"GRISWOLD, JENA",Democratic,201.95,10/14/25,Corazon Printing,Broomfield,CO,80020,Office Equipment & Supplies,Business Cards
Attorney General,"GRISWOLD, JENA",Democratic,27.5,10/14/25,Salamander Resort,Middleburg,VA,20117,"Food, Beverages and Meals",
Attorney General,"GRISWOLD, JENA",Democratic,60.35,10/14/25,Salamander Resort,Middleburg,VA,20117,"Food, Beverages and Meals",
Attorney General,"GRISWOLD, JENA",Democratic,6,10/14/25,United Airlines,Chicago,IL,60606,Office Equipment & Supplies,Wifi
Attorney General,"GRISWOLD, JENA",Democratic,8,10/14/25,United Airlines,Chicago,IL,60606,Office Equipment & Supplies,Wifi
Attorney General,"GRISWOLD, JENA",Democratic,20,10/15/25,Denver Public Parking,Denver,CO,80249,Other,Parking
Attorney General,"GRISWOLD, JENA",Democratic,3655.02,10/15/25,Gusto,Denver,CO,80202,Employee Services,Payroll Taxes
Attorney General,"GRISWOLD, JENA",Democratic,7718.91,10/15/25,Gusto,Denver,CO,80202,Employee Services,Payroll
Attorney General,"GRISWOLD, JENA",Democratic,25.45,10/15/25,Intuit,Mountain View,CA,94043,Office Equipment & Supplies,
Attorney General,"GRISWOLD, JENA",Democratic,127.4,10/16/25,Costco Wholesale - Superior,Superior,CO,80027,Fundraising Expenses,Food And Beverages For Event
Attorney General,"GRISWOLD, JENA",Democratic,88.33,10/17/25,Booking.Com,New York,NY,10005,Travel & Lodging,Lodging
Attorney General,"GRISWOLD, JENA",Democratic,35,10/17/25,"Phoneburner, Inc.",Ladera Ranch,CA,92694,Telephone,
Attorney General,"GRISWOLD, JENA",Democratic,50,10/17/25,Run!,Brooklyn,NY,11201,Office Equipment & Supplies,Website
Attorney General,"GRISWOLD, JENA",Democratic,412.38,10/17/25,United Airlines,Chicago,IL,60606,Travel & Lodging,Airfare
Attorney General,"GRISWOLD, JENA",Democratic,560.19,10/19/25,Actblue Technical Services,West Somerville,MA,02144,Fundraising Expenses,Credit Card Processing Fee
Attorney General,"GRISWOLD, JENA",Democratic,127.73,10/20/25,740 Front,Louisville,CO,80027,"Food, Beverages and Meals",
Attorney General,"GRISWOLD, JENA",Democratic,25,10/20/25,Er Store Food And Gas,Edgewater,CO,80214,Travel & Lodging,Gas
Attorney General,"GRISWOLD, JENA",Democratic,4.73,10/20/25,,,,,Miscellaneous,Gas
Attorney General,"GRISWOLD, JENA",Democratic,188.97,10/20/25,United Airlines,Chicago,IL,60606,Travel & Lodging,Airfare
Attorney General,"GRISWOLD, JENA",Democratic,156,10/20/25,United States Postal Service,Denver,CO,80202,Office Equipment & Supplies,Stamps
Attorney General,"GRISWOLD, JENA",Democratic,555.46,10/26/25,Actblue Technical Services,West Somerville,MA,02144,Fundraising Expenses,Credit Card Processing Fee
Attorney General,"GRISWOLD, JENA",Democratic,261.54,10/27/25,Hilton Hotels,Mclean,VA,22102,Travel & Lodging,Lodging
Attorney General,"GRISWOLD, JENA",Democratic,18.99,10/27/25,,,,,Miscellaneous,
Attorney General,"GRISWOLD, JENA",Democratic,23.93,10/27/25,Lyft,San Francisco,CA,94107,Travel & Lodging,Ground Transportation
Attorney General,"GRISWOLD, JENA",Democratic,29.34,10/27/25,Lyft,San Francisco,CA,94107,Travel & Lodging,Ground Transportation
Attorney General,"GRISWOLD, JENA",Democratic,12.51,10/27/25,,,,,Miscellaneous,
Attorney General,"GRISWOLD, JENA",Democratic,2275.2,10/27/25,Scale To Win,Santa Ana,CA,92703,Fundraising Expenses,Text Messaging
Attorney General,"GRISWOLD, JENA",Democratic,14.51,10/27/25,,,,,Miscellaneous,
Attorney General,"GRISWOLD, JENA",Democratic,88.4,10/27/25,Staples,Denver,CO,80246,Office Equipment & Supplies,Printed Materials
Attorney General,"GRISWOLD, JENA",Democratic,5.92,10/27/25,,,,,Miscellaneous,
Attorney General,"GRISWOLD, JENA",Democratic,10.93,10/29/25,Lyft,San Francisco,CA,94107,Travel & Lodging,Ground Transportation
Attorney General,"GRISWOLD, JENA",Democratic,13.98,10/29/25,Lyft,San Francisco,CA,94107,Travel & Lodging,Ground Transportation
Attorney General,"GRISWOLD, JENA",Democratic,14.88,10/29/25,Lyft,San Francisco,CA,94107,Travel & Lodging,Ground Transportation
Attorney General,"GRISWOLD, JENA",Democratic,4.1,10/29/25,Scale To Win,Santa Ana,CA,92703,Fundraising Expenses,Text Messaging
Attorney General,"GRISWOLD, JENA",Democratic,112.27,10/29/25,Turo,San Francisco,CA,94104,Travel & Lodging,Ground Transportation
Attorney General,"GRISWOLD, JENA",Democratic,161.19,10/30/25,Hilton Hotels,Mclean,VA,22102,Travel & Lodging,Lodging
Attorney General,"GRISWOLD, JENA",Democratic,9.76,10/30/25,Lyft,San Francisco,CA,94107,Travel & Lodging,Ground Transportation
Attorney General,"GRISWOLD, JENA",Democratic,11.9,10/30/25,United States Postal Service,Denver,CO,80202,Office Equipment & Supplies,Postage
Attorney General,"GRISWOLD, JENA",Democratic,95,10/31/25,Campaign Verify,Vienna,VA,22182,Other,Texting Verification
Attorney General,"GRISWOLD, JENA",Democratic,40,10/31/25,First Bank,Lakewood,CO,80214,Bank Fees,
Attorney General,"GRISWOLD, JENA",Democratic,3635.5,10/31/25,Gusto,Denver,CO,80202,Employee Services,Payroll Taxes
Attorney General,"GRISWOLD, JENA",Democratic,7730.42,10/31/25,Gusto,Denver,CO,80202,Employee Services,Payroll
Attorney General,"GRISWOLD, JENA",Democratic,14.08,10/31/25,Lyft,San Francisco,CA,94107,Travel & Lodging,Ground Transportation
Attorney General,"GRISWOLD, JENA",Democratic,11.12,10/31/25,Roostercat Coffee House,Denver,CO,80203,"Food, Beverages and Meals",
Attorney General,"GRISWOLD, JENA",Democratic,36.91,10/31/25,Staples,Denver,CO,80246,Office Equipment & Supplies,Printed Materials
Attorney General,"GRISWOLD, JENA",Democratic,2500,11/1/25,Rkg Development,Superior,CO,80027,Consultant & Professional Services,Compliance Consulting
Attorney General,"GRISWOLD, JENA",Democratic,738.99,11/2/25,Actblue Technical Services,West Somerville,MA,02144,Fundraising Expenses,Credit Card Processing Fee
Attorney General,"GRISWOLD, JENA",Democratic,40,11/3/25,"Phoneburner, Inc.",Ladera Ranch,CA,92694,Telephone,
Attorney General,"GRISWOLD, JENA",Democratic,4.58,11/3/25,Roostercat Coffee House,Denver,CO,80203,"Food, Beverages and Meals",
Attorney General,"GRISWOLD, JENA",Democratic,11.8,11/3/25,Roostercat Coffee House,Denver,CO,80203,"Food, Beverages and Meals",
Attorney General,"GRISWOLD, JENA",Democratic,116,11/5/25,Gusto,Denver,CO,80202,Employee Services,Payroll Processing Fee
Attorney General,"GRISWOLD, JENA",Democratic,2250,11/5/25,Ngp Van,Washington,DC,20005,Office Equipment & Supplies,Database Services
Attorney General,"GRISWOLD, JENA",Democratic,8.17,11/6/25,"Phoneburner, Inc.",Ladera Ranch,CA,92694,Telephone,
Attorney General,"GRISWOLD, JENA",Democratic,774.23,11/6/25,Scale To Win,Santa Ana,CA,92703,Fundraising Expenses,Text Messaging
Attorney General,"GRISWOLD, JENA",Democratic,7.5,11/7/25,"Phoneburner, Inc.",Ladera Ranch,CA,92694,Telephone,
Attorney General,"GRISWOLD, JENA",Democratic,7.83,11/7/25,"Phoneburner, Inc.",Ladera Ranch,CA,92694,Telephone,
Attorney General,"GRISWOLD, JENA",Democratic,337.72,11/9/25,Actblue Technical Services,West Somerville,MA,02144,Fundraising Expenses,Credit Card Processing Fee
Attorney General,"GRISWOLD, JENA",Democratic,5.24,11/12/25,Roostercat Coffee House,Denver,CO,80203,"Food, Beverages and Meals",
Attorney General,"GRISWOLD, JENA",Democratic,13.75,11/12/25,Roostercat Coffee House,Denver,CO,80203,"Food, Beverages and Meals",
Attorney General,"GRISWOLD, JENA",Democratic,189.4,11/13/25,United States Postal Service,Denver,CO,80202,Office Equipment & Supplies,Stamps
Attorney General,"GRISWOLD, JENA",Democratic,4019.57,11/14/25,Gusto,Denver,CO,80202,Employee Services,Payroll Taxes
Attorney General,"GRISWOLD, JENA",Democratic,8979.44,11/14/25,Gusto,Denver,CO,80202,Employee Services,Payroll
Attorney General,"GRISWOLD, JENA",Democratic,749.82,11/16/25,Actblue Technical Services,West Somerville,MA,02144,Fundraising Expenses,Credit Card Processing Fee
Attorney General,"GRISWOLD, JENA",Democratic,11.12,11/17/25,Bagel Deli,Denver,CO,80222,"Food, Beverages and Meals",
Attorney General,"GRISWOLD, JENA",Democratic,56.55,11/17/25,Taranpreet  Bhullar,Renton,WA,98055,Travel & Lodging,Ground Transportation
Attorney General,"GRISWOLD, JENA",Democratic,128,11/17/25,Gusto,Denver,CO,80202,Employee Services,Payroll Processing Fee
Attorney General,"GRISWOLD, JENA",Democratic,3.31,11/17/25,Hilton Hotels,Mclean,VA,22102,Travel & Lodging,Lodging
Attorney General,"GRISWOLD, JENA",Democratic,25.45,11/17/25,Intuit,Mountain View,CA,94043,Office Equipment & Supplies,
Attorney General,"GRISWOLD, JENA",Democratic,52.23,11/17/25,Lyft,San Francisco,CA,94107,Travel & Lodging,Ground Transportation
Attorney General,"GRISWOLD, JENA",Democratic,4.86,11/17/25,,,,,Miscellaneous,
Attorney General,"GRISWOLD, JENA",Democratic,3,11/17/25,,,,,Miscellaneous,
Attorney General,"GRISWOLD, JENA",Democratic,50,11/17/25,"Phoneburner, Inc.",Ladera Ranch,CA,92694,Telephone,
Attorney General,"GRISWOLD, JENA",Democratic,6.88,11/17/25,Roostercat Coffee House,Denver,CO,80203,"Food, Beverages and Meals",
Attorney General,"GRISWOLD, JENA",Democratic,10,11/17/25,Rtd Denver,Denver,CO,80202,Travel & Lodging,Ground Transportation
Attorney General,"GRISWOLD, JENA",Democratic,10,11/17/25,Rtd Denver,Denver,CO,80202,Travel & Lodging,Ground Transportation
Attorney General,"GRISWOLD, JENA",Democratic,50,11/17/25,Run!,Brooklyn,NY,11201,Office Equipment & Supplies,Website
Attorney General,"GRISWOLD, JENA",Democratic,8,11/17/25,United Airlines,Chicago,IL,60606,Office Equipment & Supplies,Wifi
Attorney General,"GRISWOLD, JENA",Democratic,3000,11/18/25,Hilltop Public Solutions,Washington,DC,20007,Consultant & Professional Services,Campaign Management
Attorney General,"GRISWOLD, JENA",Democratic,5,11/20/25,,,,,Miscellaneous,Printing Materials
Attorney General,"GRISWOLD, JENA",Democratic,5.24,11/20/25,Roostercat Coffee House,Denver,CO,80203,"Food, Beverages and Meals",
Attorney General,"GRISWOLD, JENA",Democratic,22.74,11/21/25,Backyard Burger Grill,Charlotte,NC,28210,"Food, Beverages and Meals",
Attorney General,"GRISWOLD, JENA",Democratic,31.12,11/21/25,Office Depot Boulder,Boulder,CO,80301,Office Equipment & Supplies,Printed Materials
Attorney General,"GRISWOLD, JENA",Democratic,6.88,11/21/25,Roostercat Coffee House,Denver,CO,80203,"Food, Beverages and Meals",
Attorney General,"GRISWOLD, JENA",Democratic,7.86,11/21/25,Roostercat Coffee House,Denver,CO,80203,"Food, Beverages and Meals",
Attorney General,"GRISWOLD, JENA",Democratic,798.81,11/23/25,Actblue Technical Services,West Somerville,MA,02144,Fundraising Expenses,Credit Card Processing Fee
Attorney General,"GRISWOLD, JENA",Democratic,57.6,11/24/25,Murphy Express,El Dorado,AR,71730,Travel & Lodging,Gas
Attorney General,"GRISWOLD, JENA",Democratic,15.72,11/24/25,Roostercat Coffee House,Denver,CO,80203,"Food, Beverages and Meals",
Attorney General,"GRISWOLD, JENA",Democratic,124,11/24/25,Yourmembership.Com,Saint Petersburg,FL,33701,Advertising,Job Posting
Attorney General,"GRISWOLD, JENA",Democratic,20,11/25/25,Denver Democratic Central Committee,Denver,CO,80205,Other,House District 2 Mix And Mingle Ticket
Attorney General,"GRISWOLD, JENA",Democratic,40,11/28/25,First Bank,Lakewood,CO,80214,Bank Fees,
Attorney General,"GRISWOLD, JENA",Democratic,4634.06,11/28/25,Gusto,Denver,CO,80202,Employee Services,Payroll Taxes
Attorney General,"GRISWOLD, JENA",Democratic,10289.95,11/28/25,Gusto,Denver,CO,80202,Employee Services,Payroll
Attorney General,"GRISWOLD, JENA",Democratic,646.17,11/30/25,Actblue Technical Services,West Somerville,MA,02144,Fundraising Expenses,Credit Card Processing Fee
Attorney General,"GRISWOLD, JENA",Democratic,99,12/1/25,Arena Academy,Washington,DC,20003,Advertising,Job Posting
Attorney General,"GRISWOLD, JENA",Democratic,5.17,12/1/25,"Phoneburner, Inc.",Ladera Ranch,CA,92694,Telephone,
Attorney General,"GRISWOLD, JENA",Democratic,60,12/1/25,"Phoneburner, Inc.",Ladera Ranch,CA,92694,Telephone,
Attorney General,"GRISWOLD, JENA",Democratic,2500,12/1/25,Rkg Development,Superior,CO,80027,Consultant & Professional Services,Compliance Consulting
Attorney General,"GRISWOLD, JENA",Democratic,2950,12/2/25,Ngp Van,Washington,DC,20005,Office Equipment & Supplies,Database Services
Attorney General,"GRISWOLD, JENA",Democratic,1197.65,12/2/25,Scale To Win,Santa Ana,CA,92703,Fundraising Expenses,Text Messaging
Attorney General,"GRISWOLD, JENA",Democratic,574.11,12/7/25,Actblue Technical Services,West Somerville,MA,02144,Fundraising Expenses,Credit Card Processing Fee
Attorney General,"GRISWOLD, JENA",Democratic,27.39,12/7/25,Exxon Mobil,Parachute,CO,81635,Travel & Lodging,Gas
Attorney General,"GRISWOLD, JENA",Democratic,9.75,12/8/25,Gusto,Denver,CO,80202,Employee Services,Payroll Taxes
Attorney General,"GRISWOLD, JENA",Democratic,-3.31,12/8/25,Hilton Hotels,Mclean,VA,22102,Returned Expenditure,Refunded Expenditure
Attorney General,"GRISWOLD, JENA",Democratic,0.09,12/9/25,"Zinc Collective, Llc",West Hollywood,CA,90069,Bank Fees,Account Verification
Attorney General,"GRISWOLD, JENA",Democratic,221.67,12/10/25,Zoom Video Communications,San Jose,CA,95113,Telephone,
Attorney General,"GRISWOLD, JENA",Democratic,43.66,12/11/25,Artist Proof Collective,Denver,CO,80204,Office Equipment & Supplies,Business Cards
Attorney General,"GRISWOLD, JENA",Democratic,60,12/11/25,"Zinc Collective, Llc",West Hollywood,CA,90069,Advertising,Job Posting
Attorney General,"GRISWOLD, JENA",Democratic,-0.09,12/11/25,"Zinc Collective, Llc",West Hollywood,CA,90069,Returned Expenditure,Returned Expenditure
Attorney General,"GRISWOLD, JENA",Democratic,653.97,12/14/25,Actblue Technical Services,West Somerville,MA,02144,Fundraising Expenses,Credit Card Processing Fee
Attorney General,"GRISWOLD, JENA",Democratic,4639.48,12/14/25,Gusto,Denver,CO,80202,Employee Services,Payroll Taxes
Attorney General,"GRISWOLD, JENA",Democratic,10272.7,12/14/25,Gusto,Denver,CO,80202,Employee Services,Payroll
Attorney General,"GRISWOLD, JENA",Democratic,25.45,12/14/25,Intuit,Mountain View,CA,94043,Office Equipment & Supplies,
Attorney General,"GRISWOLD, JENA",Democratic,5.67,12/14/25,"Phoneburner, Inc.",Ladera Ranch,CA,92694,Telephone,
Attorney General,"GRISWOLD, JENA",Democratic,60,12/16/25,"Phoneburner, Inc.",Ladera Ranch,CA,92694,Telephone,
Attorney General,"GRISWOLD, JENA",Democratic,50,12/16/25,Run!,Brooklyn,NY,11201,Office Equipment & Supplies,Website
Attorney General,"GRISWOLD, JENA",Democratic,30,12/17/25,Fire Restaurant,Denver,CO,80203,"Food, Beverages and Meals",
Attorney General,"GRISWOLD, JENA",Democratic,20,12/21/25,7-Eleven,Denver,CO,80238,Travel & Lodging,Gas
Attorney General,"GRISWOLD, JENA",Democratic,431.45,12/21/25,Actblue Technical Services,West Somerville,MA,02144,Fundraising Expenses,Credit Card Processing Fee
Attorney General,"GRISWOLD, JENA",Democratic,5.24,12/21/25,Roostercat Coffee House,Denver,CO,80203,"Food, Beverages and Meals",
Attorney General,"GRISWOLD, JENA",Democratic,0.33,12/22/25,,,,,Miscellaneous,Credit Card Processing Fee
Attorney General,"GRISWOLD, JENA",Democratic,173.49,12/23/25,United Airlines,Chicago,IL,60606,Travel & Lodging,Airfare
Attorney General,"GRISWOLD, JENA",Democratic,11.3,12/25/25,Democracy Engine,Washington,DC,20001,Fundraising Expenses,Credit Card Processing Fee
Attorney General,"GRISWOLD, JENA",Democratic,-50,12/26/25,United Airlines,Chicago,IL,60606,Returned Expenditure,Refunded Expenditure
Attorney General,"GRISWOLD, JENA",Democratic,393.76,12/28/25,Actblue Technical Services,West Somerville,MA,02144,Fundraising Expenses,Credit Card Processing Fee
Attorney General,"GRISWOLD, JENA",Democratic,60,12/30/25,First Bank,Lakewood,CO,80214,Bank Fees,
Attorney General,"GRISWOLD, JENA",Democratic,4597.81,12/30/25,Gusto,Denver,CO,80202,Employee Services,Payroll Taxes
Attorney General,"GRISWOLD, JENA",Democratic,10289.96,12/30/25,Gusto,Denver,CO,80202,Employee Services,Payroll
Attorney General,"GRISWOLD, JENA",Democratic,11.9,12/30/25,United States Postal Service,Denver,CO,80202,Office Equipment & Supplies,Postage
Attorney General,"GRISWOLD, JENA",Democratic,1461.13,12/31/25,Actblue Technical Services,West Somerville,MA,02144,Fundraising Expenses,Credit Card Processing Fee
Attorney General,"GRISWOLD, JENA",Democratic,514,12/31/25,Nathaniel  Buxton,Denver,CO,80202,Travel & Lodging,Mileage Reimbursement
Attorney General,"GRISWOLD, JENA",Democratic,38.6,12/31/25,Democracy Engine,Washington,DC,20001,Fundraising Expenses,Credit Card Processing Fee
Attorney General,"GRISWOLD, JENA",Democratic,40,12/31/25,Jefferson County Democracy Party,Lakewood,CO,80226,Other,2025 Champagne And Chocolates
Attorney General,"GRISWOLD, JENA",Democratic,192.77,12/31/25,Seattle Marriott Waterfront,Seattle,WA,98121,Travel & Lodging,Lodging
Attorney General,"GRISWOLD, JENA",Democratic,45,12/31/25,Laura  Shaw,Denver,CO,80202,Travel & Lodging,Mileage Reimbursement
Attorney General,"GRISWOLD, JENA",Democratic,325,12/31/25,Linda J Shoemaker,Boulder,CO,80306,Fundraising Expenses,Food And Beverages For Event
Attorney General,"SELIGMAN, DAVID",Democratic,12360.81,5/18/25,Actblue Technical Services,West Somerville,MA,02144,Fundraising Expenses,Processing Fees
Attorney General,"SELIGMAN, DAVID",Democratic,305.98,5/25/25,Actblue Technical Services,West Somerville,MA,02144,Fundraising Expenses,Processing Fees
Attorney General,"SELIGMAN, DAVID",Democratic,2478.17,5/29/25,Gusto,San Francisco,CA,94107,Employee Services,Payroll
Attorney General,"SELIGMAN, DAVID",Democratic,2472.41,5/29/25,Gusto,San Francisco,CA,94107,Employee Services,Payroll
Attorney General,"SELIGMAN, DAVID",Democratic,1163.49,5/29/25,Gusto,San Francisco,CA,94107,Employee Services,Payroll Taxes
Attorney General,"SELIGMAN, DAVID",Democratic,1153.72,5/29/25,Gusto,San Francisco,CA,94107,Employee Services,Payroll Taxes
Attorney General,"SELIGMAN, DAVID",Democratic,144.67,5/29/25,Adam  Ishay,Denver,CO,80209,Office Equipment & Supplies,Reimbursement - Office Supplies & Po Box Rental
Attorney General,"SELIGMAN, DAVID",Democratic,249.75,6/1/25,Actblue Technical Services,West Somerville,MA,02144,Fundraising Expenses,Processing Fees
Attorney General,"SELIGMAN, DAVID",Democratic,57.83,6/5/25,Gusto,San Francisco,CA,94107,Miscellaneous,Payroll Processing Fees
Attorney General,"SELIGMAN, DAVID",Democratic,214.4,6/8/25,Actblue Technical Services,West Somerville,MA,02144,Fundraising Expenses,Processing Fees
Attorney General,"SELIGMAN, DAVID",Democratic,6758.06,6/11/25,Bee Compliance Llc,Washington,DC,20003,Consultant & Professional Services,Compliance Consulting
Attorney General,"SELIGMAN, DAVID",Democratic,16000,6/11/25,Counsel Media Llc,Brooklyn,NY,11201,Consultant & Professional Services,Video Production Services
Attorney General,"SELIGMAN, DAVID",Democratic,2472.41,6/12/25,Gusto,San Francisco,CA,94107,Employee Services,Payroll
Attorney General,"SELIGMAN, DAVID",Democratic,1146.99,6/12/25,Gusto,San Francisco,CA,94107,Employee Services,Payroll Taxes
Attorney General,"SELIGMAN, DAVID",Democratic,557.73,6/15/25,Actblue Technical Services,West Somerville,MA,02144,Fundraising Expenses,Processing Fees
Attorney General,"SELIGMAN, DAVID",Democratic,5000,6/16/25,Birkhold Inc,Hanalei,HI,96714,Consultant & Professional Services,Social Media Management
Attorney General,"SELIGMAN, DAVID",Democratic,18406.34,6/18/25,Uplift,Berkeley,CA,94704,Consultant & Professional Services,Digital Fundraising Services
Attorney General,"SELIGMAN, DAVID",Democratic,364.44,6/22/25,Actblue Technical Services,West Somerville,MA,02144,Fundraising Expenses,Processing Fees
Attorney General,"SELIGMAN, DAVID",Democratic,32,6/27/25,Amalgamated Bank,New York,NY,10001,Bank Fees,Bank Fees
Attorney General,"SELIGMAN, DAVID",Democratic,2478.17,6/27/25,Gusto,San Francisco,CA,94107,Employee Services,Payroll
Attorney General,"SELIGMAN, DAVID",Democratic,1123.59,6/27/25,Gusto,San Francisco,CA,94107,Employee Services,Payroll Taxes
Attorney General,"SELIGMAN, DAVID",Democratic,1100.1,6/29/25,Actblue Technical Services,West Somerville,MA,02144,Fundraising Expenses,Processing Fees
Attorney General,"SELIGMAN, DAVID",Democratic,678.86,6/30/25,Actblue Technical Services,West Somerville,MA,02144,Fundraising Expenses,Processing Fees
Attorney General,"SELIGMAN, DAVID",Democratic,500,6/30/25,Amtrust Financial Services Inc.,Cleveland,OH,44101,Miscellaneous,Insurance
Attorney General,"SELIGMAN, DAVID",Democratic,119.7,7/6/25,Actblue Technical Services,West Somerville,MA,02144,Fundraising Expenses,Processing Fees
Attorney General,"SELIGMAN, DAVID",Democratic,57.83,7/7/25,Gusto,San Francisco,CA,94107,Miscellaneous,Payroll Processing Fees
Attorney General,"SELIGMAN, DAVID",Democratic,82.96,7/7/25,Next Insurance,Palo Alto,CA,94304,Other,Insurance
Attorney General,"SELIGMAN, DAVID",Democratic,4,7/8/25,Gusto,San Francisco,CA,94107,Employee Services,Payroll Taxes
Attorney General,"SELIGMAN, DAVID",Democratic,-43.94,7/8/25,Gusto,San Francisco,CA,94107,Returned Expenditure,Payroll Tax Refund
Attorney General,"SELIGMAN, DAVID",Democratic,3494.06,7/11/25,Sam  Greenberg,Denver,CO,80209,Consultant & Professional Services,Fundraising Consulting
Attorney General,"SELIGMAN, DAVID",Democratic,58.57,7/13/25,Actblue Technical Services,West Somerville,MA,02144,Fundraising Expenses,Processing Fees
Attorney General,"SELIGMAN, DAVID",Democratic,1133.36,7/14/25,Gusto,San Francisco,CA,94107,Employee Services,Payroll Taxes
Attorney General,"SELIGMAN, DAVID",Democratic,2472.41,7/14/25,Gusto,San Francisco,CA,94107,Employee Services,Payroll
Attorney General,"SELIGMAN, DAVID",Democratic,170,7/14/25,Adam  Ishay,Denver,CO,80209,Contributions,Reimbursement - Event Tickets
Attorney General,"SELIGMAN, DAVID",Democratic,7645,7/14/25,Uplift,Berkeley,CA,94704,Consultant & Professional Services,Digital Fundraising Services
Attorney General,"SELIGMAN, DAVID",Democratic,3560.1,7/17/25,Bee Compliance Llc,Washington,DC,20003,Consultant & Professional Services,Compliance Consulting
Attorney General,"SELIGMAN, DAVID",Democratic,36848.19,7/18/25,"Elevate Strategic Consulting, Inc.",Denver,CO,80206,Consultant & Professional Services,"Strategic Consulting, Software, Travel & Printing"
Attorney General,"SELIGMAN, DAVID",Democratic,717.96,7/18/25,Uplift,Berkeley,CA,94704,Consultant & Professional Services,Texting
Attorney General,"SELIGMAN, DAVID",Democratic,454.27,7/20/25,Actblue Technical Services,West Somerville,MA,02144,Fundraising Expenses,Processing Fees
Attorney General,"SELIGMAN, DAVID",Democratic,5000,7/21/25,Birkhold Inc,Hanalei,HI,96714,Consultant & Professional Services,Social Media Management
Attorney General,"SELIGMAN, DAVID",Democratic,20.74,7/21/25,Next Insurance,Palo Alto,CA,94304,Other,Insurance
Attorney General,"SELIGMAN, DAVID",Democratic,829.5,7/24/25,Sam  Greenberg,Denver,CO,80209,Fundraising Expenses,Reimbursement - Event Space Rental
Attorney General,"SELIGMAN, DAVID",Democratic,308.89,7/27/25,Actblue Technical Services,West Somerville,MA,02144,Fundraising Expenses,Processing Fees
Attorney General,"SELIGMAN, DAVID",Democratic,195.71,7/29/25,Amalgamated Bank,New York,NY,10001,Bank Fees,Bank Fees
Attorney General,"SELIGMAN, DAVID",Democratic,1119.59,7/30/25,Gusto,San Francisco,CA,94107,Employee Services,Payroll Taxes
Attorney General,"SELIGMAN, DAVID",Democratic,2478.17,7/30/25,Gusto,San Francisco,CA,94107,Employee Services,Payroll
Attorney General,"SELIGMAN, DAVID",Democratic,330.57,8/3/25,Actblue Technical Services,West Somerville,MA,02144,Fundraising Expenses,Processing Fees
Attorney General,"SELIGMAN, DAVID",Democratic,58.5,8/4/25,Colorado Department Of Labor And Employment Division Of Family And Medical Leave Insurance,Denver,CO,80202,Employee Services,Payroll Taxes
Attorney General,"SELIGMAN, DAVID",Democratic,57.83,8/5/25,Gusto,San Francisco,CA,94107,Miscellaneous,Payroll Processing Fees
Attorney General,"SELIGMAN, DAVID",Democratic,6688.89,8/6/25,Sam  Greenberg,Denver,CO,80209,Consultant & Professional Services,Fundraising Consulting
Attorney General,"SELIGMAN, DAVID",Democratic,3500,8/7/25,Bee Compliance Llc,Washington,DC,20003,Consultant & Professional Services,Compliance Consulting
Attorney General,"SELIGMAN, DAVID",Democratic,11501.22,8/8/25,"Elevate Strategic Consulting, Inc.",Denver,CO,80206,Consultant & Professional Services,"Strategic Consulting, Software, Printing, & Travel"
Attorney General,"SELIGMAN, DAVID",Democratic,157.65,8/10/25,Actblue Technical Services,West Somerville,MA,02144,Fundraising Expenses,Processing Fees
Attorney General,"SELIGMAN, DAVID",Democratic,20.74,8/11/25,Next Insurance,Palo Alto,CA,94304,Other,Insurance
Attorney General,"SELIGMAN, DAVID",Democratic,302.43,8/12/25,Adam  Ishay,Denver,CO,80209,Office Equipment & Supplies,Reimbursement - Office Supplies And Travel
Attorney General,"SELIGMAN, DAVID",Democratic,172.57,8/14/25,Gusto,San Francisco,CA,94107,Employee Services,Payroll Taxes
Attorney General,"SELIGMAN, DAVID",Democratic,993.72,8/14/25,Gusto,San Francisco,CA,94107,Employee Services,Payroll Taxes
Attorney General,"SELIGMAN, DAVID",Democratic,755.81,8/14/25,Gusto,San Francisco,CA,94107,Employee Services,Payroll
Attorney General,"SELIGMAN, DAVID",Democratic,2912.43,8/14/25,Gusto,San Francisco,CA,94107,Employee Services,Payroll
Attorney General,"SELIGMAN, DAVID",Democratic,389.73,8/17/25,Actblue Technical Services,West Somerville,MA,02144,Fundraising Expenses,Processing Fees
Attorney General,"SELIGMAN, DAVID",Democratic,301.89,8/24/25,Actblue Technical Services,West Somerville,MA,02144,Fundraising Expenses,Processing Fees
Attorney General,"SELIGMAN, DAVID",Democratic,100,8/25/25,Colorado Democratic Party,Denver,CO,80203,Other,Event Ticket
Attorney General,"SELIGMAN, DAVID",Democratic,69.12,8/25/25,Curb,Long Island City,NY,11106,Travel & Lodging,Travel
Attorney General,"SELIGMAN, DAVID",Democratic,195,8/25/25,Democratic Party Of Arapahoe,Aurora,CO,80014,Contributions,Event Ticket
Attorney General,"SELIGMAN, DAVID",Democratic,80,8/25/25,Denver Public Parking,Denver,CO,80249,Travel & Lodging,Parking
Attorney General,"SELIGMAN, DAVID",Democratic,150,8/25/25,Eagle County Democrats,Eagle,CO,81631,Contributions,Event Ticket
Attorney General,"SELIGMAN, DAVID",Democratic,2.25,8/25/25,,,,,Miscellaneous,Printing
Attorney General,"SELIGMAN, DAVID",Democratic,2.39,8/25/25,,,,,Miscellaneous,Printing
Attorney General,"SELIGMAN, DAVID",Democratic,7.98,8/25/25,Next Insurance,Palo Alto,CA,94304,Other,Insurance
Attorney General,"SELIGMAN, DAVID",Democratic,42.98,8/25/25,Uber,San Francisco,CA,94158,Travel & Lodging,Travel
Attorney General,"SELIGMAN, DAVID",Democratic,1152.58,8/26/25,Ellie  Moran,Denver,CO,80205,Consultant & Professional Services,Social Media Management
Attorney General,"SELIGMAN, DAVID",Democratic,1200,8/26/25,John  Petersen,Raeford,NC,28376,Consultant & Professional Services,Video Production Services
Attorney General,"SELIGMAN, DAVID",Democratic,80.96,8/28/25,Amalgamated Bank,New York,NY,10001,Bank Fees,Bank Fees
Attorney General,"SELIGMAN, DAVID",Democratic,5417.31,8/28/25,Birkhold Inc,Hanalei,HI,96714,Consultant & Professional Services,Social Media Management & Digital Ads
Attorney General,"SELIGMAN, DAVID",Democratic,979.95,8/28/25,Gusto,San Francisco,CA,94107,Employee Services,Payroll Taxes
Attorney General,"SELIGMAN, DAVID",Democratic,2918.19,8/28/25,Gusto,San Francisco,CA,94107,Employee Services,Payroll
Attorney General,"SELIGMAN, DAVID",Democratic,7627,8/28/25,Uplift,Berkeley,CA,94704,Consultant & Professional Services,Digital Fundraising Services
Attorney General,"SELIGMAN, DAVID",Democratic,1983.97,8/28/25,David  Seligman,Denver,CO,80209,Other,Reimbursement - Office Supplies & Travel
Attorney General,"SELIGMAN, DAVID",Democratic,262.42,8/31/25,Actblue Technical Services,West Somerville,MA,02144,Fundraising Expenses,Processing Fees
Attorney General,"SELIGMAN, DAVID",Democratic,12.67,9/2/25,Next Insurance,Palo Alto,CA,94304,Other,Insurance
Attorney General,"SELIGMAN, DAVID",Democratic,210.69,9/3/25,Birkhold Inc,Hanalei,HI,96714,Consultant & Professional Services,Digital Ads
Attorney General,"SELIGMAN, DAVID",Democratic,6804.5,9/3/25,Sam  Greenberg,Denver,CO,80209,Consultant & Professional Services,Fundraising Consulting
Attorney General,"SELIGMAN, DAVID",Democratic,109.36,9/4/25,Gusto,San Francisco,CA,94107,Miscellaneous,Payroll Processing Fees
Attorney General,"SELIGMAN, DAVID",Democratic,568.58,9/7/25,Actblue Technical Services,West Somerville,MA,02144,Fundraising Expenses,Processing Fees
Attorney General,"SELIGMAN, DAVID",Democratic,16.92,9/8/25,Next Insurance,Palo Alto,CA,94304,Other,Insurance
Attorney General,"SELIGMAN, DAVID",Democratic,7724.3,9/9/25,Colorado Democratic Party,Denver,CO,80203,Other,Van Access
Attorney General,"SELIGMAN, DAVID",Democratic,4833,9/9/25,"Elevate Strategic Consulting, Inc.",Denver,CO,80206,Consultant & Professional Services,Strategic Consulting & Software
Attorney General,"SELIGMAN, DAVID",Democratic,601.05,9/12/25,Gusto,San Francisco,CA,94107,Employee Services,Payroll Taxes
Attorney General,"SELIGMAN, DAVID",Democratic,21.36,9/12/25,Gusto,San Francisco,CA,94107,Employee Services,Payroll Taxes
Attorney General,"SELIGMAN, DAVID",Democratic,80.83,9/12/25,Gusto,San Francisco,CA,94107,Employee Services,Payroll
Attorney General,"SELIGMAN, DAVID",Democratic,1889.51,9/12/25,Gusto,San Francisco,CA,94107,Employee Services,Payroll
Attorney General,"SELIGMAN, DAVID",Democratic,359.9,9/14/25,Actblue Technical Services,West Somerville,MA,02144,Fundraising Expenses,Processing Fees
Attorney General,"SELIGMAN, DAVID",Democratic,1109.99,9/17/25,Ellie  Moran,Denver,CO,80205,Consultant & Professional Services,Social Media Management
Attorney General,"SELIGMAN, DAVID",Democratic,125,9/18/25,Adams County Democrats,Westminster,CO,80035,Contributions,Event Ticket
Attorney General,"SELIGMAN, DAVID",Democratic,38.29,9/18/25,Evergreen Lodge At Vail,Vail,CO,81657,Travel & Lodging,Travel
Attorney General,"SELIGMAN, DAVID",Democratic,154.02,9/18/25,Expedia,Seattle,WA,98119,Travel & Lodging,Travel
Attorney General,"SELIGMAN, DAVID",Democratic,1999,9/18/25,Ngp Van,Washington,DC,20005,Other,Software
Attorney General,"SELIGMAN, DAVID",Democratic,17.95,9/18/25,T-Mobile,Bellevue,WA,98006,Telephone,Telephone Services
Attorney General,"SELIGMAN, DAVID",Democratic,17.95,9/18/25,T-Mobile,Bellevue,WA,98006,Telephone,Telephone Services
Attorney General,"SELIGMAN, DAVID",Democratic,70.94,9/18/25,Target,Denver,CO,80202,Office Equipment & Supplies,Office Supplies
Attorney General,"SELIGMAN, DAVID",Democratic,743.25,9/21/25,Actblue Technical Services,West Somerville,MA,02144,Fundraising Expenses,Processing Fees
Attorney General,"SELIGMAN, DAVID",Democratic,10.61,9/22/25,Next Insurance,Palo Alto,CA,94304,Other,Insurance
Attorney General,"SELIGMAN, DAVID",Democratic,181.09,9/26/25,Amalgamated Bank,New York,NY,10001,Bank Fees,Bank Fees
Attorney General,"SELIGMAN, DAVID",Democratic,614.76,9/28/25,Actblue Technical Services,West Somerville,MA,02144,Fundraising Expenses,Processing Fees
Attorney General,"SELIGMAN, DAVID",Democratic,806.88,9/30/25,Actblue Technical Services,West Somerville,MA,02144,Fundraising Expenses,Processing Fees
Attorney General,"SELIGMAN, DAVID",Democratic,3507.5,10/2/25,Sam  Greenberg,Denver,CO,80209,Consultant & Professional Services,Fundraising Consulting
Attorney General,"SELIGMAN, DAVID",Democratic,147.31,10/2/25,Gusto,San Francisco,CA,94107,Employee Services,Payroll Taxes
Attorney General,"SELIGMAN, DAVID",Democratic,2142.51,10/2/25,Gusto,San Francisco,CA,94107,Employee Services,Payroll Taxes
Attorney General,"SELIGMAN, DAVID",Democratic,371.67,10/2/25,Gusto,San Francisco,CA,94107,Employee Services,Payroll
Attorney General,"SELIGMAN, DAVID",Democratic,5497.05,10/2/25,Gusto,San Francisco,CA,94107,Employee Services,Payroll
Attorney General,"SELIGMAN, DAVID",Democratic,900,10/2/25,Ellie  Moran,Denver,CO,80205,Consultant & Professional Services,Social Media Management
Attorney General,"SELIGMAN, DAVID",Democratic,15.6,10/2/25,Scale To Win,San Francisco,CA,94105,Fundraising Expenses,Texting
Attorney General,"SELIGMAN, DAVID",Democratic,3500,10/3/25,Bee Compliance Llc,Washington,DC,20003,Consultant & Professional Services,Compliance Consulting
Attorney General,"SELIGMAN, DAVID",Democratic,134.59,10/3/25,Gusto,San Francisco,CA,94107,Miscellaneous,Payroll Processing Fees
Attorney General,"SELIGMAN, DAVID",Democratic,83.61,10/5/25,Actblue Technical Services,West Somerville,MA,02144,Fundraising Expenses,Processing Fees
Attorney General,"SELIGMAN, DAVID",Democratic,8023.77,10/6/25,Uplift,Berkeley,CA,94704,Consultant & Professional Services,Digital Fundraising Services
Attorney General,"SELIGMAN, DAVID",Democratic,4,10/7/25,Gusto,San Francisco,CA,94107,Employee Services,Payroll Taxes
Attorney General,"SELIGMAN, DAVID",Democratic,1380,10/8/25,Alexis  Kerrane,Broomfield,CO,80023,Consultant & Professional Services,Finance Fellowship Stipend
Attorney General,"SELIGMAN, DAVID",Democratic,203.03,10/12/25,Actblue Technical Services,West Somerville,MA,02144,Fundraising Expenses,Processing Fees
Attorney General,"SELIGMAN, DAVID",Democratic,2020.18,10/14/25,Gusto,San Francisco,CA,94107,Employee Services,Payroll Taxes
Attorney General,"SELIGMAN, DAVID",Democratic,5239.07,10/14/25,Gusto,San Francisco,CA,94107,Employee Services,Payroll
Attorney General,"SELIGMAN, DAVID",Democratic,38.05,10/14/25,Next Insurance,Palo Alto,CA,94304,Other,Insurance
Attorney General,"SELIGMAN, DAVID",Democratic,489.77,10/16/25,Gusto,San Francisco,CA,94107,Employee Services,Payroll Taxes
Attorney General,"SELIGMAN, DAVID",Democratic,1395.91,10/16/25,Gusto,San Francisco,CA,94107,Employee Services,Payroll
Attorney General,"SELIGMAN, DAVID",Democratic,900,10/17/25,Ellie  Moran,Denver,CO,80205,Consultant & Professional Services,Social Media Management
Attorney General,"SELIGMAN, DAVID",Democratic,200.14,10/19/25,Actblue Technical Services,West Somerville,MA,02144,Fundraising Expenses,Processing Fees
Attorney General,"SELIGMAN, DAVID",Democratic,33.74,10/20/25,Next Insurance,Palo Alto,CA,94304,Other,Insurance
Attorney General,"SELIGMAN, DAVID",Democratic,95,10/21/25,Campaign Verify,Vienna,VA,22182,Other,Software
Attorney General,"SELIGMAN, DAVID",Democratic,214.99,10/21/25,Democratic Party Of Denver,Denver,CO,80205,Other,Event Ticket
Attorney General,"SELIGMAN, DAVID",Democratic,50,10/21/25,Jefferson County Democratic Party,Lakewood,CO,80226,Other,Event Ticket
Attorney General,"SELIGMAN, DAVID",Democratic,1999,10/21/25,Ngp Van,Washington,DC,20005,Other,Software
Attorney General,"SELIGMAN, DAVID",Democratic,1080,10/21/25,Numero,Costa Mesa,CA,92626,Fundraising Expenses,Software
Attorney General,"SELIGMAN, DAVID",Democratic,17.95,10/21/25,T-Mobile,Bellevue,WA,98006,Telephone,Telephone Services
Attorney General,"SELIGMAN, DAVID",Democratic,23.95,10/21/25,Tenderfoot Farm,Twin Lakes,CO,81251,"Food, Beverages and Meals",Meals
Attorney General,"SELIGMAN, DAVID",Democratic,3500,10/23/25,Bee Compliance Llc,Washington,DC,20003,Consultant & Professional Services,Compliance Consulting
Attorney General,"SELIGMAN, DAVID",Democratic,4,10/24/25,Gusto,San Francisco,CA,94107,Employee Services,Payroll Taxes
Attorney General,"SELIGMAN, DAVID",Democratic,-54,10/24/25,Gusto,San Francisco,CA,94107,Returned Expenditure,Payroll Tax Refund
Attorney General,"SELIGMAN, DAVID",Democratic,166.87,10/26/25,Actblue Technical Services,West Somerville,MA,02144,Fundraising Expenses,Processing Fees
Attorney General,"SELIGMAN, DAVID",Democratic,9.24,10/27/25,Next Insurance,Palo Alto,CA,94304,Other,Insurance
Attorney General,"SELIGMAN, DAVID",Democratic,5000,10/28/25,Group Project Llc,Smyrna,DE,19977,Consultant & Professional Services,Digital Consulting
Attorney General,"SELIGMAN, DAVID",Democratic,82.95,10/29/25,Amalgamated Bank,New York,NY,10001,Bank Fees,Bank Fees
Attorney General,"SELIGMAN, DAVID",Democratic,2000,10/29/25,"Elevate Strategic Consulting, Inc.",Denver,CO,80206,Consultant & Professional Services,Strategic Consulting & Software
Attorney General,"SELIGMAN, DAVID",Democratic,150,10/29/25,Jacob  Linn,Longmont,CO,80504,Consultant & Professional Services,Video Editing Services
Attorney General,"SELIGMAN, DAVID",Democratic,900,10/29/25,Ellie  Moran,Denver,CO,80205,Consultant & Professional Services,Social Media Management
Attorney General,"SELIGMAN, DAVID",Democratic,150,10/30/25,Calris,Longmont,CO,80503,Consultant & Professional Services,Video Editing Services
Attorney General,"SELIGMAN, DAVID",Democratic,2796.06,10/30/25,Gusto,San Francisco,CA,94107,Employee Services,Payroll Taxes
Attorney General,"SELIGMAN, DAVID",Democratic,7668.66,10/30/25,Gusto,San Francisco,CA,94107,Employee Services,Payroll
Attorney General,"SELIGMAN, DAVID",Democratic,378.91,10/30/25,Shane  Wittstruck,Denver,CO,80222,Employee Services,Mileage Reimbursement
Attorney General,"SELIGMAN, DAVID",Democratic,47.85,10/30/25,Shane  Wittstruck,Denver,CO,80222,Office Equipment & Supplies,Reimbursement - Office Supplies
Attorney General,"SELIGMAN, DAVID",Democratic,15.78,10/30/25,Shane  Wittstruck,Denver,CO,80222,Office Equipment & Supplies,Reimbursement - Office Supplies
Attorney General,"SELIGMAN, DAVID",Democratic,354.59,11/2/25,Actblue Technical Services,West Somerville,MA,02144,Fundraising Expenses,Processing Fees
Attorney General,"SELIGMAN, DAVID",Democratic,302.47,11/4/25,Scale To Win,San Francisco,CA,94105,Fundraising Expenses,Texting
Attorney General,"SELIGMAN, DAVID",Democratic,138.8,11/5/25,Gusto,San Francisco,CA,94107,Miscellaneous,Payroll Processing Fees
Attorney General,"SELIGMAN, DAVID",Democratic,132.82,11/7/25,Birkhold Inc,Hanalei,HI,96714,Consultant & Professional Services,Digital Ads
Attorney General,"SELIGMAN, DAVID",Democratic,4,11/7/25,Gusto,San Francisco,CA,94107,Employee Services,Payroll Taxes
Attorney General,"SELIGMAN, DAVID",Democratic,3313.89,11/7/25,Uplift,Berkeley,CA,94704,Consultant & Professional Services,Digital Fundraising Services
Attorney General,"SELIGMAN, DAVID",Democratic,338.65,11/9/25,Actblue Technical Services,West Somerville,MA,02144,Fundraising Expenses,Processing Fees
Attorney General,"SELIGMAN, DAVID",Democratic,48.72,11/10/25,Next Insurance,Palo Alto,CA,94304,Other,Insurance
Attorney General,"SELIGMAN, DAVID",Democratic,3500,11/12/25,Bee Compliance Llc,Washington,DC,20003,Consultant & Professional Services,Compliance Consulting
Attorney General,"SELIGMAN, DAVID",Democratic,170,11/12/25,Community Language Cooperative,Englewood,CO,80110,Consultant & Professional Services,Interpretation Services
Attorney General,"SELIGMAN, DAVID",Democratic,2673.09,11/13/25,Gusto,San Francisco,CA,94107,Employee Services,Payroll Taxes
Attorney General,"SELIGMAN, DAVID",Democratic,7203.93,11/13/25,Gusto,San Francisco,CA,94107,Employee Services,Payroll
Attorney General,"SELIGMAN, DAVID",Democratic,909.12,11/14/25,Ellie  Moran,Denver,CO,80205,Consultant & Professional Services,Social Media Management
Attorney General,"SELIGMAN, DAVID",Democratic,437.31,11/16/25,Actblue Technical Services,West Somerville,MA,02144,Fundraising Expenses,Processing Fees
Attorney General,"SELIGMAN, DAVID",Democratic,49.2,11/20/25,A-B Petroleum,Lakewood,CO,80227,Travel & Lodging,Travel
Attorney General,"SELIGMAN, DAVID",Democratic,75,11/20/25,Avogadro'S Number,Fort Collins,CO,80524,Fundraising Expenses,Event Space Rental
Attorney General,"SELIGMAN, DAVID",Democratic,153,11/20/25,Colorado Black Women-Action,Denver,CO,80205,Other,Event Ticket
Attorney General,"SELIGMAN, DAVID",Democratic,179.25,11/20/25,Commerce City Parks And Recreation,Commerce City,CO,80022,Fundraising Expenses,Event Space Rental
Attorney General,"SELIGMAN, DAVID",Democratic,962.98,11/20/25,Democratic Party Of Denver,Denver,CO,80205,Other,Event Ticket
Attorney General,"SELIGMAN, DAVID",Democratic,8.3,11/20/25,,,,,Miscellaneous,Meals
Attorney General,"SELIGMAN, DAVID",Democratic,103.3,11/20/25,El Paso County Democratic Party,Colorado Springs,CO,80909,Other,Event Ticket
Attorney General,"SELIGMAN, DAVID",Democratic,2000,11/20/25,"Elevate Strategic Consulting, Inc.",Denver,CO,80206,Consultant & Professional Services,Strategic Consulting & Software
Attorney General,"SELIGMAN, DAVID",Democratic,1080,11/20/25,Numero,Costa Mesa,CA,92626,Fundraising Expenses,Software
Attorney General,"SELIGMAN, DAVID",Democratic,128.75,11/20/25,Rayback Collective,Boulder,CO,80304,"Food, Beverages and Meals",Meals
Attorney General,"SELIGMAN, DAVID",Democratic,128.75,11/20/25,Rayback Collective,Boulder,CO,80304,"Food, Beverages and Meals",Meals
Attorney General,"SELIGMAN, DAVID",Democratic,15,11/20/25,,,,,Miscellaneous,Parking
Attorney General,"SELIGMAN, DAVID",Democratic,10,11/20/25,,,,,Miscellaneous,Parking
Attorney General,"SELIGMAN, DAVID",Democratic,3489.27,11/20/25,Uplift,Berkeley,CA,94704,Consultant & Professional Services,Digital Fundraising Services
Attorney General,"SELIGMAN, DAVID",Democratic,174.53,11/20/25,Zoom,San Jose,CA,95113,Other,Software
Attorney General,"SELIGMAN, DAVID",Democratic,-50,11/20/25,Commerce City Parks And Recreation,Commerce City,CO,80022,Returned Expenditure,Event Space Rental Partial Refund
Attorney General,"SELIGMAN, DAVID",Democratic,482.74,11/23/25,Actblue Technical Services,West Somerville,MA,02144,Fundraising Expenses,Processing Fees
Attorney General,"SELIGMAN, DAVID",Democratic,46.68,11/24/25,Next Insurance,Palo Alto,CA,94304,Other,Insurance
Attorney General,"SELIGMAN, DAVID",Democratic,3655,11/25/25,Hedden Community Solutions,New Castle,CO,81647,Consultant & Professional Services,Campaign Management Consulting
Attorney General,"SELIGMAN, DAVID",Democratic,81.67,11/26/25,Amalgamated Bank,New York,NY,10001,Bank Fees,Bank Fees
Attorney General,"SELIGMAN, DAVID",Democratic,1987.49,11/28/25,Gusto,San Francisco,CA,94107,Employee Services,Payroll Taxes
Attorney General,"SELIGMAN, DAVID",Democratic,5385.29,11/28/25,Gusto,San Francisco,CA,94107,Employee Services,Payroll
Attorney General,"SELIGMAN, DAVID",Democratic,177.31,11/30/25,Actblue Technical Services,West Somerville,MA,02144,Fundraising Expenses,Processing Fees
Attorney General,"SELIGMAN, DAVID",Democratic,953.81,12/1/25,Ellie  Moran,Denver,CO,80205,Consultant & Professional Services,Social Media Management
Attorney General,"SELIGMAN, DAVID",Democratic,209.28,12/2/25,Scale To Win,San Francisco,CA,94105,Fundraising Expenses,Texting
Attorney General,"SELIGMAN, DAVID",Democratic,232.38,12/3/25,Gusto,San Francisco,CA,94107,Miscellaneous,Payroll Processing Fees
Attorney General,"SELIGMAN, DAVID",Democratic,692.97,12/7/25,Actblue Technical Services,West Somerville,MA,02144,Fundraising Expenses,Processing Fees
Attorney General,"SELIGMAN, DAVID",Democratic,34.42,12/8/25,Next Insurance,Palo Alto,CA,94304,Other,Insurance
Attorney General,"SELIGMAN, DAVID",Democratic,170,12/9/25,Community Language Cooperative,Englewood,CO,80110,Consultant & Professional Services,Interpretation Services
Attorney General,"SELIGMAN, DAVID",Democratic,5000,12/9/25,Group Project Llc,Smyrna,DE,19977,Consultant & Professional Services,Digital Consulting
Attorney General,"SELIGMAN, DAVID",Democratic,-13.75,12/9/25,Gusto,San Francisco,CA,94107,Returned Expenditure,Payroll Tax Refund
Attorney General,"SELIGMAN, DAVID",Democratic,36.32,12/12/25,7-Eleven,Denver,CO,80207,Travel & Lodging,Gas
Attorney General,"SELIGMAN, DAVID",Democratic,18,12/12/25,,,,,Miscellaneous,Travel Insurance
Attorney General,"SELIGMAN, DAVID",Democratic,854.76,12/12/25,Br Printers,San Jose,CA,95133,Other,Printing
Attorney General,"SELIGMAN, DAVID",Democratic,53.04,12/12/25,Carthers Roadhouse,Del Norte,CO,81132,Travel & Lodging,Meals
Attorney General,"SELIGMAN, DAVID",Democratic,25,12/12/25,Chinook Center,Colorado Springs,CO,80910,Fundraising Expenses,Event Space Rental
Attorney General,"SELIGMAN, DAVID",Democratic,28.65,12/12/25,Circle K,Tempe,AZ,85284,Travel & Lodging,Gas
Attorney General,"SELIGMAN, DAVID",Democratic,20.54,12/12/25,Colorado Stream Access Coalition,Denver,CO,80212,Other,Event Tickets
Attorney General,"SELIGMAN, DAVID",Democratic,63.97,12/12/25,Crazy Corner Cafe,Alamosa,CO,81101,Travel & Lodging,Meals
Attorney General,"SELIGMAN, DAVID",Democratic,78.88,12/12/25,El Tamarindo,Denver,CO,80220,"Food, Beverages and Meals",Meals
Attorney General,"SELIGMAN, DAVID",Democratic,1758.71,12/12/25,Gusto,San Francisco,CA,94107,Employee Services,Payroll Taxes
Attorney General,"SELIGMAN, DAVID",Democratic,5099.65,12/12/25,Gusto,San Francisco,CA,94107,Employee Services,Payroll
Attorney General,"SELIGMAN, DAVID",Democratic,8.56,12/12/25,,,,,Miscellaneous,Meals
Attorney General,"SELIGMAN, DAVID",Democratic,95.38,12/12/25,Little Caesars,Detroit,MI,48201,"Food, Beverages and Meals",Meals
Attorney General,"SELIGMAN, DAVID",Democratic,25.33,12/12/25,Logan House Coffee,Aurora,CO,80010,"Food, Beverages and Meals",Meals
Attorney General,"SELIGMAN, DAVID",Democratic,964.83,12/12/25,Ellie  Moran,Denver,CO,80205,Consultant & Professional Services,Social Media Management
Attorney General,"SELIGMAN, DAVID",Democratic,1080,12/12/25,Numero,Costa Mesa,CA,92626,Fundraising Expenses,Software
Attorney General,"SELIGMAN, DAVID",Democratic,140,12/12/25,Rio Grande County Democrats,Monte Vista,CO,81144,Other,Event Tickets
Attorney General,"SELIGMAN, DAVID",Democratic,17.95,12/12/25,T-Mobile,Bellevue,WA,98006,Telephone,Telephone Services
Attorney General,"SELIGMAN, DAVID",Democratic,17.95,12/12/25,T-Mobile,Bellevue,WA,98006,Telephone,Telephone Services
Attorney General,"SELIGMAN, DAVID",Democratic,200,12/12/25,The Ethos,Pueblo,CO,81006,Fundraising Expenses,Event Space Rental
Attorney General,"SELIGMAN, DAVID",Democratic,189.44,12/12/25,The Windsor Hotel,Del Norte,CO,81132,Travel & Lodging,Travel
Attorney General,"SELIGMAN, DAVID",Democratic,25.66,12/12/25,Uber,San Francisco,CA,94158,Travel & Lodging,Travel
Attorney General,"SELIGMAN, DAVID",Democratic,5,12/12/25,Uber,San Francisco,CA,94158,Travel & Lodging,Travel
Attorney General,"SELIGMAN, DAVID",Democratic,31.03,12/12/25,Uber,San Francisco,CA,94158,Travel & Lodging,Travel
Attorney General,"SELIGMAN, DAVID",Democratic,29.92,12/12/25,Uber,San Francisco,CA,94158,Travel & Lodging,Travel
Attorney General,"SELIGMAN, DAVID",Democratic,464.84,12/14/25,Actblue Technical Services,West Somerville,MA,02144,Fundraising Expenses,Processing Fees
Attorney General,"SELIGMAN, DAVID",Democratic,54.38,12/16/25,Numero,Costa Mesa,CA,92626,Fundraising Expenses,Processing Fees
Attorney General,"SELIGMAN, DAVID",Democratic,-0.29,12/16/25,Circle K,Tempe,AZ,85284,Returned Expenditure,Gas Refund
Attorney General,"SELIGMAN, DAVID",Democratic,581.43,12/21/25,Actblue Technical Services,West Somerville,MA,02144,Fundraising Expenses,Processing Fees
Attorney General,"SELIGMAN, DAVID",Democratic,4500,12/22/25,Hedden Community Solutions,New Castle,CO,81647,Consultant & Professional Services,Campaign Management Consulting
Attorney General,"SELIGMAN, DAVID",Democratic,900,12/22/25,Ellie  Moran,Denver,CO,80205,Consultant & Professional Services,Social Media Management
Attorney General,"SELIGMAN, DAVID",Democratic,31.92,12/22/25,Next Insurance,Palo Alto,CA,94304,Other,Insurance
Attorney General,"SELIGMAN, DAVID",Democratic,527.73,12/28/25,Actblue Technical Services,West Somerville,MA,02144,Fundraising Expenses,Processing Fees
Attorney General,"SELIGMAN, DAVID",Democratic,65.38,12/30/25,Amalgamated Bank,New York,NY,10001,Bank Fees,Bank Fees
Attorney General,"SELIGMAN, DAVID",Democratic,751.57,12/30/25,Gusto,San Francisco,CA,94107,Employee Services,Payroll Taxes
Attorney General,"SELIGMAN, DAVID",Democratic,1877.56,12/30/25,Gusto,San Francisco,CA,94107,Employee Services,Payroll
Attorney General,"SELIGMAN, DAVID",Democratic,140.96,12/30/25,Shane  Wittstruck,Denver,CO,80222,Employee Services,Reimbursement - Campaign Phone
Attorney General,"SELIGMAN, DAVID",Democratic,801.38,12/31/25,Actblue Technical Services,West Somerville,MA,02144,Fundraising Expenses,Processing Fees
CU_District 07,"CHAVEZ, NOLBERT",Democratic,,,,,,,,
CU_District 02,"HOOTON, EDITH",Democratic,,,,,,,,
CU_District 02,"LALCHANDANI, KUBS",Democratic,95.56,11/9/25,Actblue,Somerville,MA,02144,Fundraising Expenses,
CU_District 02,"LALCHANDANI, KUBS",Democratic,641.58,11/16/25,Actblue,Somerville,MA,02144,Fundraising Expenses,
CU_District 02,"LALCHANDANI, KUBS",Democratic,103.86,11/22/25,Mailchimp,Atlanta,GA,30308,Advertising,
CU_District 02,"LALCHANDANI, KUBS",Democratic,303.61,11/23/25,Actblue,Somerville,MA,02144,Fundraising Expenses,
CU_District 02,"LALCHANDANI, KUBS",Democratic,80.5,11/30/25,Actblue,Somerville,MA,02144,Fundraising Expenses,
CU_District 02,"LALCHANDANI, KUBS",Democratic,31.5,12/7/25,Actblue,Somerville,MA,02144,Fundraising Expenses,
CU_District 02,"LALCHANDANI, KUBS",Democratic,1540.41,12/9/25,Mdw Communications Llc,Lake Worth,FL,33467,Consultant & Professional Services,
CU_District 02,"LALCHANDANI, KUBS",Democratic,8.75,12/14/25,Actblue,Somerville,MA,02144,Fundraising Expenses,
CU_District 02,"LALCHANDANI, KUBS",Democratic,103.86,12/23/25,Mailchimp,Atlanta,GA,30308,Advertising,
CU_District 02,"LALCHANDANI, KUBS",Democratic,21,12/28/25,Actblue,Somerville,MA,02144,Fundraising Expenses,
CU_District 02,"LALCHANDANI, KUBS",Democratic,21,12/31/25,Actblue,Somerville,MA,02144,Fundraising Expenses,
CU_District 06,"MULDER, ERIC",Libertarian,,,,,,,,
CU_District 07,"POSTON, JOAN",Republican,,,,,,,,
CU_District 02,"SMITH, GEORGE",Democratic,1030.18,12/23/25,Colorado Democratic Party,Denver,CO,80203,Consultant & Professional Services,Voter File Access For Murray For Regent Election On 2026-11-03
CU_District 02,"SMITH, GEORGE",Democratic,10.46,12/24/25,"Cloudflare, Inc.",San Francisco,CA,94107,Consultant & Professional Services,Registrar Registration Fee - Murrayforregent.Com
CU_District 06,"SPIEGEL, ILANA",Democratic,95.3,6/2/25,Corazon Printing,Broomfield,CO,80020,Fundraising Expenses,
CU_District 06,"SPIEGEL, ILANA",Democratic,470.62,6/30/25,Act Blue,Somerville,MA,02144,Bank Fees,Cc Processing 4/1 Through 6/30
CU_District 06,"SPIEGEL, ILANA",Democratic,4000,7/13/25,Practical Campaign Services,Centennial,CO,80122,Consultant & Professional Services,
CU_District 06,"SPIEGEL, ILANA",Democratic,262.83,9/30/25,Act Blue,Somerville,MA,02144,Bank Fees,
CU_District 06,"SPIEGEL, ILANA",Democratic,4000,10/9/25,Practical Campaign Services,Centennial,CO,80122,Consultant & Professional Services,
CU_District 06,"SPIEGEL, ILANA",Democratic,1000,11/12/25,Practical Campaign Services,Centennial,CO,80122,Consultant & Professional Services,
CU_District 06,"SPIEGEL, ILANA",Democratic,197.44,11/24/25,Corazon Printing,Broomfield,CO,80020,Consultant & Professional Services,
CU_District 06,"SPIEGEL, ILANA",Democratic,1000,12/10/25,Practical Campaign Services,Centennial,CO,80122,Consultant & Professional Services,
CU_District 06,"SPIEGEL, ILANA",Democratic,1030.18,12/11/25,Colorado Democratic Party,Denver,CO,80203,Consultant & Professional Services,Voter Files Access
CU_District 06,"SPIEGEL, ILANA",Democratic,563.6,12/23/25,Corazon Printing,Broomfield,CO,80020,Consultant & Professional Services,
CU_District 06,"SPIEGEL, ILANA",Democratic,150,12/23/25,Colorado Democratic Party,Denver,CO,80203,Advertising,Young Dems Training
CU_District 06,"SPIEGEL, ILANA",Democratic,177.1,12/31/25,Act Blue,Somerville,MA,02144,Bank Fees,Cc Processing
Governor,"BENNET, MICHAEL",Democratic,9494.97,4/14/25,Actblue,West Somerville,MA,02144,Bank Fees,Credit Card Processing
Governor,"BENNET, MICHAEL",Democratic,10,4/14/25,First Bank,Lakewood,CO,80215,Bank Fees,Bank Fees
Governor,"BENNET, MICHAEL",Democratic,264.38,4/14/25,United Airlines,Chicago,IL,60666,Travel & Lodging,Airfare
Governor,"BENNET, MICHAEL",Democratic,231.76,4/14/25,United Airlines,Chicago,IL,60666,Travel & Lodging,Airfare
Governor,"BENNET, MICHAEL",Democratic,0.09,4/17/25,Gusto,San Francisco,CA,94107,Employee Services,Payroll Fees
Governor,"BENNET, MICHAEL",Democratic,0.04,4/17/25,Gusto,San Francisco,CA,94107,Employee Services,Payroll Fees
Governor,"BENNET, MICHAEL",Democratic,152,4/18/25,Pinnacol Assurance,Denver,CO,80256,Employee Services,Insurance
Governor,"BENNET, MICHAEL",Democratic,4487.25,4/21/25,Actblue,West Somerville,MA,02144,Bank Fees,Credit Card Processing
Governor,"BENNET, MICHAEL",Democratic,308.02,4/21/25,The Distillery Inn,Carbondale,CO,81623,"Food, Beverages and Meals",Event - Food/Drink
Governor,"BENNET, MICHAEL",Democratic,17.8,4/22/25,,,,,Miscellaneous,Office Supplies
Governor,"BENNET, MICHAEL",Democratic,-0.04,4/22/25,Gusto,San Francisco,CA,94107,Returned Expenditure,Test Charge Return
Governor,"BENNET, MICHAEL",Democratic,-0.09,4/22/25,Gusto,San Francisco,CA,94107,Returned Expenditure,Test Charge Return
Governor,"BENNET, MICHAEL",Democratic,960.58,4/23/25,Actblue,West Somerville,MA,02144,Bank Fees,Credit Card Processing
Governor,"BENNET, MICHAEL",Democratic,746.34,4/25/25,Actblue,West Somerville,MA,02144,Bank Fees,Credit Card Processing
Governor,"BENNET, MICHAEL",Democratic,161.4,4/25/25,Hotels.Com,Dallas,TX,75240,Travel & Lodging,Lodging
Governor,"BENNET, MICHAEL",Democratic,2677.98,4/28/25,Actblue,West Somerville,MA,02144,Bank Fees,Credit Card Processing
Governor,"BENNET, MICHAEL",Democratic,17.5,4/28/25,Intuit,Mountain View,CA,94043,Office Equipment & Supplies,Software
Governor,"BENNET, MICHAEL",Democratic,251.89,4/29/25,Actblue,West Somerville,MA,02144,Bank Fees,Credit Card Processing
Governor,"BENNET, MICHAEL",Democratic,20583.18,4/29/25,Gusto,San Francisco,CA,94107,Employee Services,Payroll
Governor,"BENNET, MICHAEL",Democratic,13765.49,4/29/25,Gusto,San Francisco,CA,94107,Employee Services,Payroll Taxes
Governor,"BENNET, MICHAEL",Democratic,0.04,4/29/25,,,,,Miscellaneous,Credit Card Processing
Governor,"BENNET, MICHAEL",Democratic,577.25,4/30/25,Actblue,West Somerville,MA,02144,Bank Fees,Credit Card Processing
Governor,"BENNET, MICHAEL",Democratic,138.73,4/30/25,First Bank,Lakewood,CO,80215,Bank Fees,Bank Fees
Governor,"BENNET, MICHAEL",Democratic,270,4/30/25,Yamm,Superior,CO,80027,Office Equipment & Supplies,"Avenue Van Volxem 302-304 Bte 4
Brussels"
Governor,"BENNET, MICHAEL",Democratic,1327.88,5/1/25,Actblue,West Somerville,MA,02144,Bank Fees,Credit Card Processing
Governor,"BENNET, MICHAEL",Democratic,2030,5/1/25,Empower Media Strategies,Cincinnati,OH,45202,Advertising,Video Production
Governor,"BENNET, MICHAEL",Democratic,180,5/1/25,The Truffle Cheese Shop,Denver,CO,80206,"Food, Beverages and Meals",Event - Food/Drink
Governor,"BENNET, MICHAEL",Democratic,1385.76,5/5/25,Actblue,West Somerville,MA,02144,Bank Fees,Credit Card Processing
Governor,"BENNET, MICHAEL",Democratic,35.62,5/5/25,Barnes & Noble Booksellers,Denver,CO,80202,Office Equipment & Supplies,Office Supplies
Governor,"BENNET, MICHAEL",Democratic,65.7,5/5/25,Gusto,San Francisco,CA,94107,Employee Services,Payroll Fees
Governor,"BENNET, MICHAEL",Democratic,280.48,5/5/25,American Airlines,Fort Worth,TX,76155,Travel & Lodging,Airfare
Governor,"BENNET, MICHAEL",Democratic,169.35,5/6/25,Carey Limousine,Washington,DC,20016,Travel & Lodging,Ground Transportation
Governor,"BENNET, MICHAEL",Democratic,228.15,5/6/25,Carey Limousine,Washington,DC,20016,Travel & Lodging,Ground Transportation
Governor,"BENNET, MICHAEL",Democratic,118.53,5/7/25,Harland Clarke,San Antonio,TX,78256,Office Equipment & Supplies,Printing
Governor,"BENNET, MICHAEL",Democratic,0.15,5/7/25,Usps,Superior,CO,80027,Office Equipment & Supplies,Postage
Governor,"BENNET, MICHAEL",Democratic,0.7,5/7/25,Usps,Superior,CO,80027,Office Equipment & Supplies,Postage
Governor,"BENNET, MICHAEL",Democratic,-0.15,5/7/25,Usps,Superior,CO,80027,Returned Expenditure,Test Charge Return
Governor,"BENNET, MICHAEL",Democratic,-0.7,5/7/25,Usps,Superior,CO,80027,Returned Expenditure,Test Charge Return
Governor,"BENNET, MICHAEL",Democratic,28.5,5/8/25,Intuit,Mountain View,CA,94043,Office Equipment & Supplies,Software
Governor,"BENNET, MICHAEL",Democratic,29.47,5/8/25,Ups,Superior,CO,80027,Office Equipment & Supplies,Postage
Governor,"BENNET, MICHAEL",Democratic,24.7,5/8/25,Usps,Superior,CO,80027,Office Equipment & Supplies,Postage
Governor,"BENNET, MICHAEL",Democratic,2761.37,5/12/25,Actblue,West Somerville,MA,02144,Bank Fees,Credit Card Processing
Governor,"BENNET, MICHAEL",Democratic,1725,5/12/25,"Engage, Llc",Frederick,MD,21701,Fundraising Expenses,Direct Mail Processing
Governor,"BENNET, MICHAEL",Democratic,1257.95,5/12/25,Beth D Ganz,Denver,CO,80209,"Food, Beverages and Meals",Reimbursement-Event Catering
Governor,"BENNET, MICHAEL",Democratic,7500,5/12/25,"Golden State Strategies, Llc",Santa Monica,CA,90403,Fundraising Expenses,Fundraising Consulting
Governor,"BENNET, MICHAEL",Democratic,876,5/12/25,Rachel K Gordon,Louisville,CO,80027,Office Equipment & Supplies,Reimbursement-Postage
Governor,"BENNET, MICHAEL",Democratic,1959.38,5/12/25,Hine Restaurant,Washington,DC,20003,"Food, Beverages and Meals",Event - Food/Drink
Governor,"BENNET, MICHAEL",Democratic,8500,5/12/25,Olivia Bercow,Denver,CO,80201,Consultant & Professional Services,Campaign Consulting
Governor,"BENNET, MICHAEL",Democratic,50.8,5/12/25,Ups,Superior,CO,80027,Office Equipment & Supplies,Postage
Governor,"BENNET, MICHAEL",Democratic,150,5/12/25,Amtrak,Washington,DC,20001,Travel & Lodging,Rail Services
Governor,"BENNET, MICHAEL",Democratic,12.99,5/14/25,Canva.Com,Camden,DE,19934,Office Equipment & Supplies,Software
Governor,"BENNET, MICHAEL",Democratic,13016.98,5/14/25,Gusto,San Francisco,CA,94107,Employee Services,Payroll
Governor,"BENNET, MICHAEL",Democratic,7202.39,5/14/25,Gusto,San Francisco,CA,94107,Employee Services,Payroll Taxes
Governor,"BENNET, MICHAEL",Democratic,7000,5/14/25,Uplift,Berkeley,CA,94704,Fundraising Expenses,Email
Governor,"BENNET, MICHAEL",Democratic,3500,5/14/25,Uplift,Berkeley,CA,94704,Fundraising Expenses,Acquisition
Governor,"BENNET, MICHAEL",Democratic,2000,5/14/25,Uplift,Berkeley,CA,94704,Fundraising Expenses,Advertising
Governor,"BENNET, MICHAEL",Democratic,19141.85,5/14/25,Uplift,Berkeley,CA,94704,Fundraising Expenses,Texting
Governor,"BENNET, MICHAEL",Democratic,92.68,5/14/25,Uplift,Berkeley,CA,94704,Office Equipment & Supplies,Email Domains
Governor,"BENNET, MICHAEL",Democratic,3048.39,5/16/25,Blue Summit Solutions,Denver,CO,80238,Consultant & Professional Services,Compliance Consulting
Governor,"BENNET, MICHAEL",Democratic,14997,5/16/25,"Ngp Van, Inc.",Washington,DC,20005,Office Equipment & Supplies,Software
Governor,"BENNET, MICHAEL",Democratic,1329,5/16/25,Orto Santa Monica,Santa Monica,CA,90401,"Food, Beverages and Meals",Event - Food/Drink
Governor,"BENNET, MICHAEL",Democratic,8.75,5/16/25,Usps,Superior,CO,80027,Office Equipment & Supplies,Postage
Governor,"BENNET, MICHAEL",Democratic,6851.76,5/16/25,Blueprint Usa,Washington,DC,20003,Travel & Lodging,Travel And Lodging
Governor,"BENNET, MICHAEL",Democratic,2795.22,5/19/25,Actblue,West Somerville,MA,02144,Bank Fees,Credit Card Processing
Governor,"BENNET, MICHAEL",Democratic,121,5/19/25,Amtrak,Washington,DC,20001,Travel & Lodging,Rail Services
Governor,"BENNET, MICHAEL",Democratic,876.45,5/19/25,Jw Marriott Essex House,New York,NY,10019,Travel & Lodging,Lodging
Governor,"BENNET, MICHAEL",Democratic,428.49,5/19/25,United Airlines,Chicago,IL,60666,Travel & Lodging,Airfare
Governor,"BENNET, MICHAEL",Democratic,76,5/20/25,Pinnacol Assurance,Denver,CO,80256,Employee Services,Insurance
Governor,"BENNET, MICHAEL",Democratic,109.88,5/20/25,Zucker,New York,NY,10017,"Food, Beverages and Meals",Event - Food/Drink
Governor,"BENNET, MICHAEL",Democratic,410.87,5/20/25,Zucker,New York,NY,10017,"Food, Beverages and Meals",Event - Food/Drink
Governor,"BENNET, MICHAEL",Democratic,237.29,5/21/25,Amazon.Com,Seattle,WA,98108,Office Equipment & Supplies,Office Supplies
Governor,"BENNET, MICHAEL",Democratic,103,5/22/25,Drop Inc,Hinsdale,IL,60521,Office Equipment & Supplies,Software
Governor,"BENNET, MICHAEL",Democratic,52,5/22/25,Drop Inc,Hinsdale,IL,60521,Office Equipment & Supplies,Software
Governor,"BENNET, MICHAEL",Democratic,52,5/22/25,Drop Inc,Hinsdale,IL,60521,Office Equipment & Supplies,Software
Governor,"BENNET, MICHAEL",Democratic,250,5/22/25,Steptoe,New York,NY,10036,Fundraising Expenses,Space Rental
Governor,"BENNET, MICHAEL",Democratic,23.55,5/22/25,Ups,Superior,CO,80027,Office Equipment & Supplies,Postage
Governor,"BENNET, MICHAEL",Democratic,29.34,5/22/25,Ups,Superior,CO,80027,Office Equipment & Supplies,Postage
Governor,"BENNET, MICHAEL",Democratic,364.79,5/22/25,Zucker,New York,NY,10017,"Food, Beverages and Meals",Event - Food/Drink
Governor,"BENNET, MICHAEL",Democratic,1959.37,5/23/25,Hine Restaurant,Washington,DC,20003,"Food, Beverages and Meals",Event - Food/Drink
Governor,"BENNET, MICHAEL",Democratic,673.82,5/23/25,Zucker,New York,NY,10017,"Food, Beverages and Meals",Event - Food/Drink
Governor,"BENNET, MICHAEL",Democratic,96,5/23/25,Amtrak,Washington,DC,20001,Travel & Lodging,Rail Services
Governor,"BENNET, MICHAEL",Democratic,110.46,5/23/25,Attitude New York,Long Island City,NY,11101,Travel & Lodging,Ground Transportation
Governor,"BENNET, MICHAEL",Democratic,850,5/23/25,Attitude New York,Long Island City,NY,11101,Travel & Lodging,Ground Transportation
Governor,"BENNET, MICHAEL",Democratic,449.33,5/23/25,United Airlines,Chicago,IL,60666,Travel & Lodging,Airfare
Governor,"BENNET, MICHAEL",Democratic,3589.45,5/27/25,Actblue,West Somerville,MA,02144,Bank Fees,Credit Card Processing
Governor,"BENNET, MICHAEL",Democratic,65,5/27/25,Intuit,Mountain View,CA,94043,Office Equipment & Supplies,Software
Governor,"BENNET, MICHAEL",Democratic,3500,5/27/25,Straus/Baker Llc,Sheffield,MA,01257,Fundraising Expenses,Fundraising Consulting
Governor,"BENNET, MICHAEL",Democratic,34.85,5/28/25,Zoom Video Communications,San Jose,CA,95113,Office Equipment & Supplies,Software
Governor,"BENNET, MICHAEL",Democratic,30,5/29/25,Amalgamated Bank,Washington,DC,20006,Bank Fees,Bank Fees
Governor,"BENNET, MICHAEL",Democratic,246.2,5/29/25,Convivio Cafe,Denver,CO,80212,"Food, Beverages and Meals",Event - Food/Drink
Governor,"BENNET, MICHAEL",Democratic,13028.47,5/29/25,Gusto,San Francisco,CA,94107,Employee Services,Payroll
Governor,"BENNET, MICHAEL",Democratic,7174.3,5/29/25,Gusto,San Francisco,CA,94107,Employee Services,Payroll Taxes
Governor,"BENNET, MICHAEL",Democratic,364.79,5/29/25,Zucker,New York,NY,10017,"Food, Beverages and Meals",Event - Food/Drink
Governor,"BENNET, MICHAEL",Democratic,118.53,5/30/25,First Bank,Lakewood,CO,80215,Bank Fees,Bank Fees
Governor,"BENNET, MICHAEL",Democratic,8.75,5/30/25,Usps,Superior,CO,80027,Office Equipment & Supplies,Postage
Governor,"BENNET, MICHAEL",Democratic,5117.21,6/2/25,Actblue,West Somerville,MA,02144,Bank Fees,Credit Card Processing
Governor,"BENNET, MICHAEL",Democratic,8335.62,6/2/25,"Qct Production, Llc",Arlington,VA,22201,Fundraising Expenses,Direct Mail Services
Governor,"BENNET, MICHAEL",Democratic,623.08,6/2/25,United Airlines,Chicago,IL,60666,Travel & Lodging,Airfare
Governor,"BENNET, MICHAEL",Democratic,15,6/3/25,Amalgamated Bank,Washington,DC,20006,Bank Fees,Bank Fees
Governor,"BENNET, MICHAEL",Democratic,1498.56,6/3/25,Cherry Cricket Restaurant,Denver,CO,80206,"Food, Beverages and Meals",Event - Food/Drink
Governor,"BENNET, MICHAEL",Democratic,17745.01,6/3/25,"Qct Production, Llc",Arlington,VA,22201,Fundraising Expenses,Direct Mail Services
Governor,"BENNET, MICHAEL",Democratic,8.75,6/3/25,Usps,Superior,CO,80027,Office Equipment & Supplies,Postage
Governor,"BENNET, MICHAEL",Democratic,65.7,6/4/25,Gusto,San Francisco,CA,94107,Employee Services,Payroll Fees
Governor,"BENNET, MICHAEL",Democratic,13776.1,6/4/25,Uplift,Berkeley,CA,94704,Advertising,Texting
Governor,"BENNET, MICHAEL",Democratic,7000,6/4/25,Uplift,Berkeley,CA,94704,Consultant & Professional Services,Digital Consulting
Governor,"BENNET, MICHAEL",Democratic,3500,6/4/25,Uplift,Berkeley,CA,94704,Fundraising Expenses,Acquisition
Governor,"BENNET, MICHAEL",Democratic,200,6/5/25,Juneteeth Music Festival,Denver,CO,80239,Other,Juneteenth Parade
Governor,"BENNET, MICHAEL",Democratic,5000,6/5/25,Olivia Bercow,Denver,CO,80201,Consultant & Professional Services,Campaign Consulting
Governor,"BENNET, MICHAEL",Democratic,11500,6/5/25,Straus/Baker Llc,Sheffield,MA,01257,Fundraising Expenses,Fundraising Consulting
Governor,"BENNET, MICHAEL",Democratic,516.02,6/5/25,The Center,Denver,CO,80218,Other,Denver Pride Parade
Governor,"BENNET, MICHAEL",Democratic,241,6/5/25,The Truffle Cheese Shop,Denver,CO,80206,"Food, Beverages and Meals",Event - Food/Drink
Governor,"BENNET, MICHAEL",Democratic,364.79,6/5/25,Zucker,New York,NY,10017,"Food, Beverages and Meals",Event - Food/Drink
Governor,"BENNET, MICHAEL",Democratic,170.98,6/5/25,Zucker,New York,NY,10017,"Food, Beverages and Meals",Event - Food/Drink
Governor,"BENNET, MICHAEL",Democratic,341.68,6/5/25,Zucker,New York,NY,10017,"Food, Beverages and Meals",Event - Food/Drink
Governor,"BENNET, MICHAEL",Democratic,3500,6/6/25,"Golden State Strategies, Llc",Santa Monica,CA,90403,Fundraising Expenses,Fundraising Consulting
Governor,"BENNET, MICHAEL",Democratic,382,6/6/25,The Truffle Cheese Shop,Denver,CO,80206,"Food, Beverages and Meals",Event - Food/Drink
Governor,"BENNET, MICHAEL",Democratic,917.15,6/6/25,United Airlines,Chicago,IL,60666,Travel & Lodging,Airfare
Governor,"BENNET, MICHAEL",Democratic,2797.22,6/9/25,Actblue,West Somerville,MA,02144,Bank Fees,Credit Card Processing
Governor,"BENNET, MICHAEL",Democratic,22.74,6/9/25,Ups,Superior,CO,80027,Office Equipment & Supplies,Postage
Governor,"BENNET, MICHAEL",Democratic,16.65,6/9/25,Usps,Superior,CO,80027,Office Equipment & Supplies,Postage
Governor,"BENNET, MICHAEL",Democratic,965.1,6/10/25,Jw Marriott Essex House,New York,NY,10019,Travel & Lodging,Lodging
Governor,"BENNET, MICHAEL",Democratic,103.3,6/11/25,The Center,Denver,CO,80218,Other,Denver Pride Parade
Governor,"BENNET, MICHAEL",Democratic,16.65,6/11/25,Usps,Superior,CO,80027,Office Equipment & Supplies,Postage
Governor,"BENNET, MICHAEL",Democratic,103,6/12/25,Drop Inc,Hinsdale,IL,60521,Office Equipment & Supplies,Software
Governor,"BENNET, MICHAEL",Democratic,13016.98,6/12/25,Gusto,San Francisco,CA,94107,Employee Services,Payroll
Governor,"BENNET, MICHAEL",Democratic,7108.38,6/12/25,Gusto,San Francisco,CA,94107,Employee Services,Payroll Taxes
Governor,"BENNET, MICHAEL",Democratic,136,6/12/25,The Truffle Cheese Shop,Denver,CO,80206,"Food, Beverages and Meals",Event - Food/Drink
Governor,"BENNET, MICHAEL",Democratic,12.99,6/13/25,Canva.Com,Camden,DE,19934,Office Equipment & Supplies,Software
Governor,"BENNET, MICHAEL",Democratic,52,6/13/25,Drop Inc,Hinsdale,IL,60521,Office Equipment & Supplies,Software
Governor,"BENNET, MICHAEL",Democratic,22.69,6/13/25,Ups,Superior,CO,80027,Office Equipment & Supplies,Postage
Governor,"BENNET, MICHAEL",Democratic,458.79,6/13/25,Attitude New York,Long Island City,NY,11101,Travel & Lodging,Ground Transportation
Governor,"BENNET, MICHAEL",Democratic,287.09,6/13/25,Attitude New York,Long Island City,NY,11101,Travel & Lodging,Ground Transportation
Governor,"BENNET, MICHAEL",Democratic,4769.8,6/16/25,Actblue,West Somerville,MA,02144,Bank Fees,Credit Card Processing
Governor,"BENNET, MICHAEL",Democratic,1010.36,6/16/25,Le Bilboquet,Denver,CO,80206,"Food, Beverages and Meals",Event - Food/Drink
Governor,"BENNET, MICHAEL",Democratic,1122.5,6/16/25,Mitchel London Catering,New York,NY,10013,"Food, Beverages and Meals",Event - Food/Drink
Governor,"BENNET, MICHAEL",Democratic,103.31,6/16/25,The Center,Denver,CO,80218,Other,Denver Pride Parade
Governor,"BENNET, MICHAEL",Democratic,16.65,6/16/25,Usps,Superior,CO,80027,Office Equipment & Supplies,Postage
Governor,"BENNET, MICHAEL",Democratic,276.06,6/17/25,Cellar.Com,Washington,DC,20002,"Food, Beverages and Meals",Event - Food/Drink
Governor,"BENNET, MICHAEL",Democratic,52,6/17/25,Drop Inc,Hinsdale,IL,60521,Office Equipment & Supplies,Software
Governor,"BENNET, MICHAEL",Democratic,115.28,6/17/25,Zucker,New York,NY,10017,"Food, Beverages and Meals",Event - Food/Drink
Governor,"BENNET, MICHAEL",Democratic,598.95,6/18/25,Ezcater,Boston,MA,02109,"Food, Beverages and Meals",Event - Food/Drink
Governor,"BENNET, MICHAEL",Democratic,199.78,6/18/25,Kd Wine And Spirits,New York,NY,10128,"Food, Beverages and Meals",Event - Food/Drink
Governor,"BENNET, MICHAEL",Democratic,76,6/18/25,Pinnacol Assurance,Denver,CO,80256,Employee Services,Insurance
Governor,"BENNET, MICHAEL",Democratic,16.65,6/18/25,Usps,Superior,CO,80027,Office Equipment & Supplies,Postage
Governor,"BENNET, MICHAEL",Democratic,953.62,6/19/25,Jw Marriott Essex House,New York,NY,10019,Travel & Lodging,Lodging
Governor,"BENNET, MICHAEL",Democratic,22.34,6/20/25,King Soopers,Glendale,CO,80246,"Food, Beverages and Meals",Event - Food/Drink
Governor,"BENNET, MICHAEL",Democratic,34183.98,6/20/25,Missionwired,Washington,DC,20001,Fundraising Expenses,Postage
Governor,"BENNET, MICHAEL",Democratic,101.6,6/20/25,Sweetgreen,Denver,CO,80206,"Food, Beverages and Meals",Event - Food/Drink
Governor,"BENNET, MICHAEL",Democratic,270.27,6/20/25,Zucker,New York,NY,10017,"Food, Beverages and Meals",Event - Food/Drink
Governor,"BENNET, MICHAEL",Democratic,364.79,6/20/25,Zucker,New York,NY,10017,"Food, Beverages and Meals",Event - Food/Drink
Governor,"BENNET, MICHAEL",Democratic,121,6/20/25,Amtrak,Washington,DC,20001,Travel & Lodging,Rail Services
Governor,"BENNET, MICHAEL",Democratic,289.81,6/20/25,Attitude New York,Long Island City,NY,11101,Travel & Lodging,Ground Transportation
Governor,"BENNET, MICHAEL",Democratic,570.62,6/20/25,Attitude New York,Long Island City,NY,11101,Travel & Lodging,Ground Transportation
Governor,"BENNET, MICHAEL",Democratic,7133.4,6/23/25,Actblue,West Somerville,MA,02144,Bank Fees,Credit Card Processing
Governor,"BENNET, MICHAEL",Democratic,427.45,6/23/25,Flower Child,Denver,CO,80206,"Food, Beverages and Meals",Event - Food/Drink
Governor,"BENNET, MICHAEL",Democratic,8337.78,6/23/25,Missionwired,Washington,DC,20001,Fundraising Expenses,Postage
Governor,"BENNET, MICHAEL",Democratic,22.74,6/23/25,Ups,Superior,CO,80027,Office Equipment & Supplies,Postage
Governor,"BENNET, MICHAEL",Democratic,640.82,6/23/25,Zucker,New York,NY,10017,"Food, Beverages and Meals",Event - Food/Drink
Governor,"BENNET, MICHAEL",Democratic,480.79,6/23/25,United Airlines,Chicago,IL,60666,Travel & Lodging,Airfare
Governor,"BENNET, MICHAEL",Democratic,304.26,6/23/25,United Airlines,Chicago,IL,60666,Travel & Lodging,Airfare
Governor,"BENNET, MICHAEL",Democratic,4000,6/24/25,"Golden State Strategies, Llc",Santa Monica,CA,90403,Fundraising Expenses,Fundraising Consulting
Governor,"BENNET, MICHAEL",Democratic,65,6/25/25,Intuit,Mountain View,CA,94043,Office Equipment & Supplies,Software
Governor,"BENNET, MICHAEL",Democratic,177.42,6/25/25,Zucker,New York,NY,10017,"Food, Beverages and Meals",Event - Food/Drink
Governor,"BENNET, MICHAEL",Democratic,16.65,6/26/25,Usps,Superior,CO,80027,Office Equipment & Supplies,Postage
Governor,"BENNET, MICHAEL",Democratic,30.5,6/27/25,Amalgamated Bank,Washington,DC,20006,Bank Fees,Bank Fees
Governor,"BENNET, MICHAEL",Democratic,912.75,6/27/25,Black Tie Enterprises,Jersey City,NJ,07304,"Food, Beverages and Meals",Event - Food/Drink
Governor,"BENNET, MICHAEL",Democratic,52,6/27/25,Drop Inc,Hinsdale,IL,60521,Office Equipment & Supplies,Software
Governor,"BENNET, MICHAEL",Democratic,103,6/27/25,Drop Inc,Hinsdale,IL,60521,Office Equipment & Supplies,Software
Governor,"BENNET, MICHAEL",Democratic,52,6/27/25,Drop Inc,Hinsdale,IL,60521,Office Equipment & Supplies,Software
Governor,"BENNET, MICHAEL",Democratic,52,6/27/25,Drop Inc,Hinsdale,IL,60521,Office Equipment & Supplies,Software
Governor,"BENNET, MICHAEL",Democratic,109.31,6/27/25,Yosh  Eisbart,Denver,CO,80246,"Food, Beverages and Meals",Reimbursement-Event Catering
Governor,"BENNET, MICHAEL",Democratic,13028.47,6/27/25,Gusto,San Francisco,CA,94107,Employee Services,Payroll
Governor,"BENNET, MICHAEL",Democratic,6860.15,6/27/25,Gusto,San Francisco,CA,94107,Employee Services,Payroll Taxes
Governor,"BENNET, MICHAEL",Democratic,228.32,6/27/25,Ben  Kaplan,Louisville,CO,80027,"Food, Beverages and Meals",Reimbursement-Event Catering
Governor,"BENNET, MICHAEL",Democratic,48.35,6/27/25,Joseph  Kennedy,Louisville,CO,80027,Travel & Lodging,Reimbursement-Parking
Governor,"BENNET, MICHAEL",Democratic,104,6/27/25,Joseph  Kennedy,Louisville,CO,80027,Travel & Lodging,Reimbursement-Mileage
Governor,"BENNET, MICHAEL",Democratic,307,6/27/25,The Truffle Cheese Shop,Denver,CO,80206,"Food, Beverages and Meals",Event - Food/Drink
Governor,"BENNET, MICHAEL",Democratic,22.88,6/27/25,Ups,Superior,CO,80027,Office Equipment & Supplies,Postage
Governor,"BENNET, MICHAEL",Democratic,7246.29,6/30/25,Actblue,West Somerville,MA,02144,Bank Fees,Credit Card Processing
Governor,"BENNET, MICHAEL",Democratic,2608.68,6/30/25,Actblue,West Somerville,MA,02144,Bank Fees,Credit Card Processing
Governor,"BENNET, MICHAEL",Democratic,900,6/30/25,Bennet For Colorado,Denver,CO,80201,Other,List Acquisition
Governor,"BENNET, MICHAEL",Democratic,144,6/30/25,Chase  Cromwell,Denver,CO,80201,Travel & Lodging,Reimbursement-Mileage
Governor,"BENNET, MICHAEL",Democratic,103.2,6/30/25,Chase  Cromwell,Denver,CO,80201,Office Equipment & Supplies,Reimbursement-Office Supplies
Governor,"BENNET, MICHAEL",Democratic,96.91,6/30/25,Chase  Cromwell,Denver,CO,80201,Travel & Lodging,Reimbursement-Parking
Governor,"BENNET, MICHAEL",Democratic,351.08,6/30/25,Eli A Feldman,Boulder,CO,80302,"Food, Beverages and Meals",Reimbursement-Event Catering
Governor,"BENNET, MICHAEL",Democratic,225.4,6/30/25,First Bank,Lakewood,CO,80215,Bank Fees,Bank Fees
Governor,"BENNET, MICHAEL",Democratic,264.81,6/30/25,Sydney  Gart,Louisville,CO,80027,"Food, Beverages and Meals",Reimbursement-Event Catering
Governor,"BENNET, MICHAEL",Democratic,74.75,6/30/25,Sydney  Gart,Louisville,CO,80027,Travel & Lodging,Reimbursement-Parking
Governor,"BENNET, MICHAEL",Democratic,52,6/30/25,Sydney  Gart,Louisville,CO,80027,Office Equipment & Supplies,Reimbursement-Postage
Governor,"BENNET, MICHAEL",Democratic,147.57,6/30/25,King Soopers,Glendale,CO,80246,"Food, Beverages and Meals",Event - Food/Drink
Governor,"BENNET, MICHAEL",Democratic,580.8,6/30/25,Samantha  Padavic,Louisville,CO,80027,Travel & Lodging,Reimbursement-Mileage
Governor,"BENNET, MICHAEL",Democratic,796.25,6/30/25,Samantha  Padavic,Louisville,CO,80027,Office Equipment & Supplies,Reimbursement-Office Supplies
Governor,"BENNET, MICHAEL",Democratic,16.65,6/30/25,Usps,Superior,CO,80027,Office Equipment & Supplies,Postage
Governor,"BENNET, MICHAEL",Democratic,1432.38,6/30/25,Ben  Waldon,Louisville,CO,80027,Travel & Lodging,Reimbursement-Air Travel
Governor,"BENNET, MICHAEL",Democratic,208.8,6/30/25,Ben  Waldon,Louisville,CO,80027,Rent & Utilities,Reimbursement-Parking
Governor,"BENNET, MICHAEL",Democratic,37.02,6/30/25,Zoom Video Communications,San Jose,CA,95113,Office Equipment & Supplies,Software
Governor,"BENNET, MICHAEL",Democratic,5.87,7/1/25,,,,,Miscellaneous,Ground Transportation
Governor,"BENNET, MICHAEL",Democratic,155,7/1/25,Amtrak,Washington,DC,20001,Travel & Lodging,Rail Services
Governor,"BENNET, MICHAEL",Democratic,2980,7/1/25,Chase  Cromwell,Denver,CO,80201,Consultant & Professional Services,Consultant
Governor,"BENNET, MICHAEL",Democratic,4000,7/1/25,Max  Haynes,Louisville,CO,80027,Consultant & Professional Services,Consultant
Governor,"BENNET, MICHAEL",Democratic,1251,7/1/25,Ava  Stepan,Louisville,CO,80027,Consultant & Professional Services,Consultant
Governor,"BENNET, MICHAEL",Democratic,3500,7/2/25,Blue Summit Solutions,Denver,CO,80238,Consultant & Professional Services,Compliance Consulting
Governor,"BENNET, MICHAEL",Democratic,3959.28,7/2/25,Missionwired,Washington,DC,20001,Fundraising Expenses,List Acquisition
Governor,"BENNET, MICHAEL",Democratic,5100,7/2/25,Missionwired,Washington,DC,20001,Fundraising Expenses,Postage
Governor,"BENNET, MICHAEL",Democratic,7500,7/2/25,Straus/Baker Llc,Sheffield,MA,01257,Consultant & Professional Services,Fundraising Consulting
Governor,"BENNET, MICHAEL",Democratic,16.65,7/2/25,Usps,Superior,CO,80027,Office Equipment & Supplies,Postage
Governor,"BENNET, MICHAEL",Democratic,229.24,7/3/25,Amalgamated Bank,Washington,DC,20006,Bank Fees,Bank Fees
Governor,"BENNET, MICHAEL",Democratic,381.93,7/3/25,Attitude New York,Long Island City,NY,11101,Travel & Lodging,Ground Transportation
Governor,"BENNET, MICHAEL",Democratic,607.39,7/7/25,Actblue,West Somerville,MA,02144,Bank Fees,Credit Card Processing
Governor,"BENNET, MICHAEL",Democratic,65.7,7/7/25,Gusto,San Francisco,CA,94107,Employee Services,Payroll Fees
Governor,"BENNET, MICHAEL",Democratic,15000,7/8/25,Chraca Friedman Group,Washington,DC,20002,Consultant & Professional Services,Fundraising Consulting
Governor,"BENNET, MICHAEL",Democratic,7500,7/8/25,"Golden State Strategies, Llc",Santa Monica,CA,90403,Consultant & Professional Services,Fundraising Consulting
Governor,"BENNET, MICHAEL",Democratic,5000,7/8/25,Olivia Bercow,Denver,CO,80201,Consultant & Professional Services,Campaign Consulting
Governor,"BENNET, MICHAEL",Democratic,7000,7/8/25,Uplift,Berkeley,CA,94704,Consultant & Professional Services,Digital Consulting
Governor,"BENNET, MICHAEL",Democratic,3500,7/8/25,Uplift,Berkeley,CA,94704,Fundraising Expenses,List Acquisition
Governor,"BENNET, MICHAEL",Democratic,16.65,7/8/25,Usps,Superior,CO,80027,Office Equipment & Supplies,Postage
Governor,"BENNET, MICHAEL",Democratic,221.31,7/10/25,Amazon.Com,Seattle,WA,98108,Office Equipment & Supplies,Office Supplies
Governor,"BENNET, MICHAEL",Democratic,2012.92,7/10/25,United Healthcare,Minnetonka,MN,55343,Employee Services,Health Insurance
Governor,"BENNET, MICHAEL",Democratic,3750,7/11/25,Straus/Baker Llc,Sheffield,MA,01257,Consultant & Professional Services,Fundraising Consulting
Governor,"BENNET, MICHAEL",Democratic,16.65,7/11/25,Usps,Superior,CO,80027,Office Equipment & Supplies,Postage
Governor,"BENNET, MICHAEL",Democratic,354.48,7/12/25,United Airlines,Chicago,IL,60666,Travel & Lodging,Airfare
Governor,"BENNET, MICHAEL",Democratic,1589.91,7/14/25,Actblue,West Somerville,MA,02144,Bank Fees,Credit Card Processing
Governor,"BENNET, MICHAEL",Democratic,408.11,7/14/25,Attitude New York,Long Island City,NY,11101,Travel & Lodging,Ground Transportation
Governor,"BENNET, MICHAEL",Democratic,27.49,7/14/25,Canva.Com,Camden,DE,19934,Office Equipment & Supplies,Software
Governor,"BENNET, MICHAEL",Democratic,6812.53,7/14/25,Gusto,San Francisco,CA,94107,Employee Services,Payroll Taxes
Governor,"BENNET, MICHAEL",Democratic,13016.98,7/14/25,Gusto,San Francisco,CA,94107,Employee Services,Payroll
Governor,"BENNET, MICHAEL",Democratic,807.89,7/14/25,Jw Marriott Essex House,New York,NY,10019,Travel & Lodging,Lodging
Governor,"BENNET, MICHAEL",Democratic,1456,7/14/25,Tinjune Sports Lounge,Newark,NJ,07102,"Food, Beverages and Meals",Event - Food/Drink
Governor,"BENNET, MICHAEL",Democratic,1000,7/15/25,"D.K. Global Consulting, Llc",Aurora,CO,80016,Consultant & Professional Services,Political Strategy Consulting
Governor,"BENNET, MICHAEL",Democratic,388.69,7/15/25,Flik Hospitality Group,Rye Brook,NY,10573,"Food, Beverages and Meals",Event - Food/Drink
Governor,"BENNET, MICHAEL",Democratic,4122,7/15/25,"Mission Control, Inc.",Glastonbury,CT,06033,Advertising,Printing
Governor,"BENNET, MICHAEL",Democratic,13.47,7/15/25,Usps,Superior,CO,80027,Office Equipment & Supplies,Postage
Governor,"BENNET, MICHAEL",Democratic,607.51,7/16/25,"Airbnb, Inc.",San Francisco,CA,94103,Travel & Lodging,Lodging
Governor,"BENNET, MICHAEL",Democratic,5000,7/16/25,Landslide Digital,Washington,DC,20002,Consultant & Professional Services,Website Services
Governor,"BENNET, MICHAEL",Democratic,16.65,7/16/25,Usps,Superior,CO,80027,Office Equipment & Supplies,Postage
Governor,"BENNET, MICHAEL",Democratic,438.32,7/17/25,Expedia.Com,Atlanta,GA,30301,Travel & Lodging,Travel
Governor,"BENNET, MICHAEL",Democratic,23000,7/17/25,"Global Strategy Group, Llc",New York,NY,10003,Consultant & Professional Services,Polling
Governor,"BENNET, MICHAEL",Democratic,2000,7/17/25,Max  Haynes,Louisville,CO,80027,Consultant & Professional Services,Consultant
Governor,"BENNET, MICHAEL",Democratic,139.6,7/17/25,Max  Haynes,Louisville,CO,80027,Travel & Lodging,Reimbursement-Parking
Governor,"BENNET, MICHAEL",Democratic,16265,7/17/25,Missionwired,Washington,DC,20001,Fundraising Expenses,Postage
Governor,"BENNET, MICHAEL",Democratic,35076.77,7/17/25,"Qct Production, Llc",Arlington,VA,22201,Fundraising Expenses,Direct Mail Services
Governor,"BENNET, MICHAEL",Democratic,130.93,7/17/25,Sweetgreen,Denver,CO,80202,"Food, Beverages and Meals",Event - Food/Drink
Governor,"BENNET, MICHAEL",Democratic,364.79,7/17/25,Zucker,New York,NY,10017,"Food, Beverages and Meals",Event - Food/Drink
Governor,"BENNET, MICHAEL",Democratic,948.75,7/18/25,Attitude New York,Long Island City,NY,11101,Travel & Lodging,Ground Transportation
Governor,"BENNET, MICHAEL",Democratic,1391.89,7/21/25,Actblue,West Somerville,MA,02144,Bank Fees,Credit Card Processing
Governor,"BENNET, MICHAEL",Democratic,437.7,7/21/25,Enterprise Rent-A-Car (Corporate Hq),Saint Louis,MO,63105,Travel & Lodging,Transportation
Governor,"BENNET, MICHAEL",Democratic,69.96,7/21/25,Exxon Aspen,Aspen,CO,81611,Travel & Lodging,Mileage
Governor,"BENNET, MICHAEL",Democratic,513.46,7/21/25,Glenwood Springs Cedar Lodge,Glenwood Springs,CO,81601,Travel & Lodging,Lodging
Governor,"BENNET, MICHAEL",Democratic,21.97,7/21/25,Paradise Bakery & Cafe,Aspen,CO,81611,"Food, Beverages and Meals",Staff Meal
Governor,"BENNET, MICHAEL",Democratic,76,7/21/25,Pinnacol Assurance,Denver,CO,80256,Employee Services,Insurance
Governor,"BENNET, MICHAEL",Democratic,21.04,7/21/25,United Airlines,Chicago,IL,60666,Travel & Lodging,Airfare
Governor,"BENNET, MICHAEL",Democratic,717,7/22/25,"All About Parking, Inc",San Mateo,CA,94401,Fundraising Expenses,Valet Parking
Governor,"BENNET, MICHAEL",Democratic,500,7/22/25,Arnold & Porter Kaye Scholer Llp,Denver,CO,80202,Fundraising Expenses,Facility/Room Rental
Governor,"BENNET, MICHAEL",Democratic,5000,7/22/25,Blue Summit Solutions,Denver,CO,80238,Consultant & Professional Services,Compliance Consulting
Governor,"BENNET, MICHAEL",Democratic,423.23,7/22/25,Conscience Bay Company Llc,Boulder,CO,80302,"Food, Beverages and Meals",Event - Food/Drink
Governor,"BENNET, MICHAEL",Democratic,53,7/22/25,Jetblue Airways,Long Island City,NY,11101,Travel & Lodging,Airfare
Governor,"BENNET, MICHAEL",Democratic,110.3,7/22/25,Jetblue Airways,Long Island City,NY,11101,Travel & Lodging,Airfare
Governor,"BENNET, MICHAEL",Democratic,2900,7/22/25,"Mission Control, Inc.",Glastonbury,CT,06033,Advertising,Printing
Governor,"BENNET, MICHAEL",Democratic,99.99,7/22/25,Otter.Ai,Los Altos,CA,94022,Office Equipment & Supplies,Software
Governor,"BENNET, MICHAEL",Democratic,21831.76,7/22/25,Uplift,Berkeley,CA,94704,Fundraising Expenses,Texting
Governor,"BENNET, MICHAEL",Democratic,186,7/23/25,The Truffle Cheese Shop,Denver,CO,80206,"Food, Beverages and Meals",Event - Food/Drink
Governor,"BENNET, MICHAEL",Democratic,9.7,7/23/25,Usps,Superior,CO,80027,Office Equipment & Supplies,Postage
Governor,"BENNET, MICHAEL",Democratic,65,7/25/25,Intuit,Mountain View,CA,94043,Office Equipment & Supplies,Software
Governor,"BENNET, MICHAEL",Democratic,234.99,7/25/25,Redstone Inn,Carbondale,CO,81623,Travel & Lodging,Lodging
Governor,"BENNET, MICHAEL",Democratic,1133.8,7/27/25,Sf Black Car,Daly City,CA,94014,Travel & Lodging,Ground Transportation
Governor,"BENNET, MICHAEL",Democratic,1404.17,7/28/25,Actblue,West Somerville,MA,02144,Bank Fees,Credit Card Processing
Governor,"BENNET, MICHAEL",Democratic,151.08,7/28/25,Safeway,Denver,CO,80205,"Food, Beverages and Meals",Event - Food/Drink
Governor,"BENNET, MICHAEL",Democratic,11850.89,7/28/25,Uplift,Berkeley,CA,94704,Fundraising Expenses,Texting
Governor,"BENNET, MICHAEL",Democratic,37.02,7/28/25,Zoom Video Communications,San Jose,CA,95113,Office Equipment & Supplies,Software
Governor,"BENNET, MICHAEL",Democratic,398.28,7/29/25,Amalgamated Bank,Washington,DC,20006,Bank Fees,Bank Fees
Governor,"BENNET, MICHAEL",Democratic,26642.26,7/29/25,Missionwired,Washington,DC,20001,Fundraising Expenses,Postage
Governor,"BENNET, MICHAEL",Democratic,18.5,7/29/25,Usps,Superior,CO,80027,Office Equipment & Supplies,Postage
Governor,"BENNET, MICHAEL",Democratic,9.7,7/29/25,Usps,Superior,CO,80027,Office Equipment & Supplies,Postage
Governor,"BENNET, MICHAEL",Democratic,364.79,7/29/25,Zucker,New York,NY,10017,"Food, Beverages and Meals",Event - Food/Drink
Governor,"BENNET, MICHAEL",Democratic,10.9,7/30/25,Amazon.Com,Seattle,WA,98108,Office Equipment & Supplies,Office Supplies
Governor,"BENNET, MICHAEL",Democratic,9335.98,7/30/25,Gusto,San Francisco,CA,94107,Employee Services,Payroll Taxes
Governor,"BENNET, MICHAEL",Democratic,15868.04,7/30/25,Gusto,San Francisco,CA,94107,Employee Services,Payroll
Governor,"BENNET, MICHAEL",Democratic,3553.5,7/30/25,"Mission Control, Inc.",Glastonbury,CT,06033,Fundraising Expenses,Printing
Governor,"BENNET, MICHAEL",Democratic,277.2,7/31/25,Betsy  After,Carbondale,CO,81623,"Food, Beverages and Meals",Reimbursement-Catering
Governor,"BENNET, MICHAEL",Democratic,43.38,7/31/25,Amazon.Com,Seattle,WA,98108,Office Equipment & Supplies,Office Supplies
Governor,"BENNET, MICHAEL",Democratic,245.8,7/31/25,First Bank,Lakewood,CO,80215,Bank Fees,Bank Fees
Governor,"BENNET, MICHAEL",Democratic,1080,7/31/25,Amy  Friedman,Denver,CO,80201,Consultant & Professional Services,Consultant
Governor,"BENNET, MICHAEL",Democratic,132.84,7/31/25,Cliff  Marks,Edwards,CO,81632,"Food, Beverages and Meals",Reimbursement-Catering
Governor,"BENNET, MICHAEL",Democratic,364.79,7/31/25,Zucker,New York,NY,10017,"Food, Beverages and Meals",Event - Food/Drink
Governor,"BENNET, MICHAEL",Democratic,23.08,8/1/25,Ups,Superior,CO,80027,Office Equipment & Supplies,Postage
Governor,"BENNET, MICHAEL",Democratic,219.5,8/3/25,303 Car Service,Denver,CO,80207,Travel & Lodging,Ground Transportation
Governor,"BENNET, MICHAEL",Democratic,1920.84,8/4/25,Actblue,West Somerville,MA,02144,Bank Fees,Credit Card Processing
Governor,"BENNET, MICHAEL",Democratic,170.78,8/4/25,Amalgamated Bank,Washington,DC,20006,Bank Fees,Bank Fees
Governor,"BENNET, MICHAEL",Democratic,192.52,8/4/25,Delta Dental,Greenwood Village,CO,80111,Employee Services,Dental Insurance
Governor,"BENNET, MICHAEL",Democratic,18.5,8/4/25,Usps,Superior,CO,80027,Office Equipment & Supplies,Postage
Governor,"BENNET, MICHAEL",Democratic,46.58,8/5/25,Grape & Grain,Aspen,CO,81611,"Food, Beverages and Meals",Event - Food/Drink
Governor,"BENNET, MICHAEL",Democratic,65.7,8/5/25,Gusto,San Francisco,CA,94107,Employee Services,Payroll Fees
Governor,"BENNET, MICHAEL",Democratic,2383.33,8/6/25,Chase  Cromwell,Denver,CO,80201,Consultant & Professional Services,Consultant
Governor,"BENNET, MICHAEL",Democratic,7645.41,8/6/25,Dove Street Llc,Washington,DC,20009,Consultant & Professional Services,Fundraising Consulting
Governor,"BENNET, MICHAEL",Democratic,8000,8/6/25,Full View Policy Llc,Golden,CO,80403,Consultant & Professional Services,Political Strategy Consulting
Governor,"BENNET, MICHAEL",Democratic,2000,8/6/25,Max  Haynes,Louisville,CO,80027,Consultant & Professional Services,Consultant
Governor,"BENNET, MICHAEL",Democratic,165.45,8/6/25,Max  Haynes,Louisville,CO,80027,Travel & Lodging,Reimbursement-Parking
Governor,"BENNET, MICHAEL",Democratic,18.5,8/6/25,Usps,Superior,CO,80027,Office Equipment & Supplies,Postage
Governor,"BENNET, MICHAEL",Democratic,191,8/7/25,The Truffle Cheese Shop,Denver,CO,80206,"Food, Beverages and Meals",Event - Food/Drink
Governor,"BENNET, MICHAEL",Democratic,416.97,8/7/25,United Airlines,Chicago,IL,60666,Travel & Lodging,Airfare
Governor,"BENNET, MICHAEL",Democratic,364.79,8/7/25,Zucker,New York,NY,10017,"Food, Beverages and Meals",Event - Food/Drink
Governor,"BENNET, MICHAEL",Democratic,1452.07,8/11/25,Actblue,West Somerville,MA,02144,Bank Fees,Credit Card Processing
Governor,"BENNET, MICHAEL",Democratic,717,8/11/25,"All About Parking, Inc",San Mateo,CA,94401,Fundraising Expenses,Valet Parking
Governor,"BENNET, MICHAEL",Democratic,25,8/11/25,Amalgamated Bank,Washington,DC,20006,Bank Fees,Bank Fees
Governor,"BENNET, MICHAEL",Democratic,119.85,8/11/25,King Soopers,Englewood,CO,80110,"Food, Beverages and Meals",Event - Food/Drink
Governor,"BENNET, MICHAEL",Democratic,373.27,8/11/25,Schoolyard Beer Garden,Denver,CO,80204,"Food, Beverages and Meals",Event - Food/Drink
Governor,"BENNET, MICHAEL",Democratic,18.5,8/11/25,Usps,Superior,CO,80027,Office Equipment & Supplies,Postage
Governor,"BENNET, MICHAEL",Democratic,246.3,8/12/25,Charlotte  Andresen,Louisville,CO,80027,Travel & Lodging,Reimbursement-Parking
Governor,"BENNET, MICHAEL",Democratic,7500,8/12/25,"Golden State Strategies, Llc",Santa Monica,CA,90403,Consultant & Professional Services,Fundraising Consulting
Governor,"BENNET, MICHAEL",Democratic,316.15,8/12/25,Gray  Mandelbaum,Louisville,CO,80027,Travel & Lodging,Reimbursement-Parking
Governor,"BENNET, MICHAEL",Democratic,5100,8/12/25,Missionwired,Washington,DC,20001,Fundraising Expenses,Postage
Governor,"BENNET, MICHAEL",Democratic,14997,8/12/25,"Ngp Van, Inc.",Washington,DC,20005,Office Equipment & Supplies,Software
Governor,"BENNET, MICHAEL",Democratic,7000,8/12/25,Olivia Bercow,Denver,CO,80201,Consultant & Professional Services,Campaign Consulting
Governor,"BENNET, MICHAEL",Democratic,7616.2,8/12/25,"Qct Production, Llc",Arlington,VA,22201,Fundraising Expenses,Direct Mail Services
Governor,"BENNET, MICHAEL",Democratic,9907.92,8/12/25,"Qct Production, Llc",Arlington,VA,22201,Fundraising Expenses,Direct Mail Services
Governor,"BENNET, MICHAEL",Democratic,7745,8/12/25,William  Schwartz,Miami,FL,33131,Consultant & Professional Services,Research Consulting
Governor,"BENNET, MICHAEL",Democratic,1006.46,8/12/25,United Healthcare,Minnetonka,MN,55343,Employee Services,Health Insurance
Governor,"BENNET, MICHAEL",Democratic,18.5,8/12/25,Usps,Superior,CO,80027,Office Equipment & Supplies,Postage
Governor,"BENNET, MICHAEL",Democratic,27.49,8/13/25,Canva.Com,Camden,DE,19934,Office Equipment & Supplies,Software
Governor,"BENNET, MICHAEL",Democratic,150,8/13/25,Colorado Democratic Party,Denver,CO,80203,Other,Event Tickets
Governor,"BENNET, MICHAEL",Democratic,52,8/13/25,Drop Inc,Hinsdale,IL,60521,Office Equipment & Supplies,Software
Governor,"BENNET, MICHAEL",Democratic,52,8/13/25,Drop Inc,Hinsdale,IL,60521,Office Equipment & Supplies,Software
Governor,"BENNET, MICHAEL",Democratic,750,8/13/25,Lexi  Hine,Louisville,CO,80027,Consultant & Professional Services,Consultant
Governor,"BENNET, MICHAEL",Democratic,118.78,8/13/25,Lexi  Hine,Louisville,CO,80027,Travel & Lodging,Reimbursement-Parking
Governor,"BENNET, MICHAEL",Democratic,18.5,8/13/25,Usps,Superior,CO,80027,Office Equipment & Supplies,Postage
Governor,"BENNET, MICHAEL",Democratic,7720.79,8/14/25,Gusto,San Francisco,CA,94107,Employee Services,Payroll Taxes
Governor,"BENNET, MICHAEL",Democratic,14923.36,8/14/25,Gusto,San Francisco,CA,94107,Employee Services,Payroll
Governor,"BENNET, MICHAEL",Democratic,67,8/14/25,Joseph  Kennedy,Louisville,CO,80027,Travel & Lodging,Reimbursement-Mileage
Governor,"BENNET, MICHAEL",Democratic,152.32,8/14/25,Joseph  Kennedy,Louisville,CO,80027,Travel & Lodging,Reimbursement-Parking
Governor,"BENNET, MICHAEL",Democratic,196.45,8/14/25,Samantha  Padavic,Louisville,CO,80027,Travel & Lodging,Reimbursement-Mileage
Governor,"BENNET, MICHAEL",Democratic,235,8/14/25,Samantha  Padavic,Louisville,CO,80027,Travel & Lodging,Reimbursement-Parking
Governor,"BENNET, MICHAEL",Democratic,70.51,8/14/25,Samantha  Padavic,Louisville,CO,80027,"Food, Beverages and Meals",Reimbursement-Staff Meals
Governor,"BENNET, MICHAEL",Democratic,128.83,8/14/25,Snarf'S,Denver,CO,80202,"Food, Beverages and Meals",Event - Food/Drink
Governor,"BENNET, MICHAEL",Democratic,103,8/15/25,Drop Inc,Hinsdale,IL,60521,Office Equipment & Supplies,Software
Governor,"BENNET, MICHAEL",Democratic,125,8/15/25,The Truffle Cheese Shop,Denver,CO,80206,"Food, Beverages and Meals",Event - Food/Drink
Governor,"BENNET, MICHAEL",Democratic,23.03,8/15/25,Ups,Superior,CO,80027,Office Equipment & Supplies,Postage
Governor,"BENNET, MICHAEL",Democratic,100,8/15/25,Weld County Democrats,Greeley,CO,80631,Other,Event Tickets
Governor,"BENNET, MICHAEL",Democratic,291.41,8/15/25,Zucker,New York,NY,10017,"Food, Beverages and Meals",Event - Food/Drink
Governor,"BENNET, MICHAEL",Democratic,2530.1,8/18/25,Actblue,West Somerville,MA,02144,Bank Fees,Credit Card Processing
Governor,"BENNET, MICHAEL",Democratic,1358.5,8/18/25,Jay'S Valet,Denver,CO,80231,Fundraising Expenses,Valet Parking
Governor,"BENNET, MICHAEL",Democratic,1353.35,8/18/25,The Regular,Denver,CO,80202,"Food, Beverages and Meals",Catering
Governor,"BENNET, MICHAEL",Democratic,181,8/18/25,The Truffle Cheese Shop,Denver,CO,80206,"Food, Beverages and Meals",Event - Food/Drink
Governor,"BENNET, MICHAEL",Democratic,18.5,8/18/25,Usps,Superior,CO,80027,Office Equipment & Supplies,Postage
Governor,"BENNET, MICHAEL",Democratic,76,8/19/25,Pinnacol Assurance,Denver,CO,80256,Employee Services,Insurance
Governor,"BENNET, MICHAEL",Democratic,181,8/19/25,The Truffle Cheese Shop,Denver,CO,80206,"Food, Beverages and Meals",Event - Food/Drink
Governor,"BENNET, MICHAEL",Democratic,53.26,8/20/25,Adstra,New York,NY,10087,Fundraising Expenses,Direct Mail Services
Governor,"BENNET, MICHAEL",Democratic,5000,8/20/25,Blue Summit Solutions,Denver,CO,80238,Consultant & Professional Services,Compliance Consulting
Governor,"BENNET, MICHAEL",Democratic,10000,8/20/25,Chraca Friedman Group,Washington,DC,20002,Consultant & Professional Services,Fundraising Consulting
Governor,"BENNET, MICHAEL",Democratic,15639.15,8/20/25,Elias Law Group,Washington,DC,20002,Consultant & Professional Services,Legal Services
Governor,"BENNET, MICHAEL",Democratic,489.69,8/20/25,"Golden State Strategies, Llc",Santa Monica,CA,90403,"Food, Beverages and Meals",Reimbursement-Catering
Governor,"BENNET, MICHAEL",Democratic,41.83,8/20/25,"Golden State Strategies, Llc",Santa Monica,CA,90403,Fundraising Expenses,Reimbursement-Postage
Governor,"BENNET, MICHAEL",Democratic,1620.9,8/20/25,"Golden State Strategies, Llc",Santa Monica,CA,90403,Travel & Lodging,Reimbursement-Travel
Governor,"BENNET, MICHAEL",Democratic,240,8/20/25,Greater Pueblo Chamber Of Commerce,Pueblo,CO,81003,Other,Event Tickets
Governor,"BENNET, MICHAEL",Democratic,2000,8/20/25,Max  Haynes,Louisville,CO,80027,Consultant & Professional Services,Consultant
Governor,"BENNET, MICHAEL",Democratic,231.75,8/20/25,Max  Haynes,Louisville,CO,80027,Travel & Lodging,Reimbursement-Parking
Governor,"BENNET, MICHAEL",Democratic,1984.5,8/20/25,Rucolina,Oakland,CA,94602,"Food, Beverages and Meals",Catering
Governor,"BENNET, MICHAEL",Democratic,146.74,8/20/25,Safeway,Denver,CO,80211,"Food, Beverages and Meals",Event - Food/Drink
Governor,"BENNET, MICHAEL",Democratic,18.5,8/20/25,Usps,Superior,CO,80027,Office Equipment & Supplies,Postage
Governor,"BENNET, MICHAEL",Democratic,653.88,8/21/25,Mendocino Farms,Denver,CO,80206,"Food, Beverages and Meals",Reimbursement-Event Food/Drinks
Governor,"BENNET, MICHAEL",Democratic,111,8/21/25,The Truffle Cheese Shop,Denver,CO,80206,"Food, Beverages and Meals",Event - Food/Drink
Governor,"BENNET, MICHAEL",Democratic,30.63,8/21/25,Village Market,Edwards,CO,81632,"Food, Beverages and Meals",Event - Food/Drink
Governor,"BENNET, MICHAEL",Democratic,170.98,8/21/25,Zucker,New York,NY,10017,"Food, Beverages and Meals",Event - Food/Drink
Governor,"BENNET, MICHAEL",Democratic,364.79,8/21/25,Zucker,New York,NY,10017,"Food, Beverages and Meals",Event - Food/Drink
Governor,"BENNET, MICHAEL",Democratic,901.8,8/22/25,Sheraton Steamboat Resort,Steamboat Springs,CO,80487,Travel & Lodging,Lodging
Governor,"BENNET, MICHAEL",Democratic,1873.32,8/25/25,Actblue,West Somerville,MA,02144,Bank Fees,Credit Card Processing
Governor,"BENNET, MICHAEL",Democratic,65,8/25/25,Intuit,Mountain View,CA,94043,Office Equipment & Supplies,Software
Governor,"BENNET, MICHAEL",Democratic,18.5,8/25/25,Usps,Superior,CO,80027,Office Equipment & Supplies,Postage
Governor,"BENNET, MICHAEL",Democratic,50,8/26/25,Larimer County Democratic Party,Fort Collins,CO,80524,Other,Event Tickets
Governor,"BENNET, MICHAEL",Democratic,291.41,8/26/25,Zucker,New York,NY,10017,"Food, Beverages and Meals",Event - Food/Drink
Governor,"BENNET, MICHAEL",Democratic,49,8/27/25,Quicklution,Triq Il-Padrun,ME,4163,Office Equipment & Supplies,Software
Governor,"BENNET, MICHAEL",Democratic,13.59,8/27/25,Safeway,Denver,CO,80211,"Food, Beverages and Meals",Event - Food/Drink
Governor,"BENNET, MICHAEL",Democratic,175.38,8/27/25,Safeway,Denver,CO,80211,"Food, Beverages and Meals",Event - Food/Drink
Governor,"BENNET, MICHAEL",Democratic,162,8/27/25,St Kilian'S Cheese Shop,Denver,CO,80211,"Food, Beverages and Meals",Event - Food/Drink
Governor,"BENNET, MICHAEL",Democratic,365.55,8/28/25,Amalgamated Bank,Washington,DC,20006,Bank Fees,Bank Fees
Governor,"BENNET, MICHAEL",Democratic,361,8/28/25,Drop Inc,Hinsdale,IL,60521,Office Equipment & Supplies,Software
Governor,"BENNET, MICHAEL",Democratic,9485.77,8/28/25,Gusto,San Francisco,CA,94107,Employee Services,Payroll Taxes
Governor,"BENNET, MICHAEL",Democratic,18751.61,8/28/25,Gusto,San Francisco,CA,94107,Employee Services,Payroll
Governor,"BENNET, MICHAEL",Democratic,1009,8/28/25,Shannon  Herrington,Washington,DC,20016,"Food, Beverages and Meals",Reimbursement-Catering
Governor,"BENNET, MICHAEL",Democratic,148.14,8/28/25,King Sooper'S,Denver,CO,80204,"Food, Beverages and Meals",Event - Food/Drink
Governor,"BENNET, MICHAEL",Democratic,100,8/28/25,The Truffle Cheese Shop,Denver,CO,80206,"Food, Beverages and Meals",Event - Food/Drink
Governor,"BENNET, MICHAEL",Democratic,22.88,8/28/25,Ups,Superior,CO,80027,Office Equipment & Supplies,Postage
Governor,"BENNET, MICHAEL",Democratic,624,8/28/25,Usps,Superior,CO,80027,Office Equipment & Supplies,Postage
Governor,"BENNET, MICHAEL",Democratic,9.7,8/28/25,Usps,Superior,CO,80027,Office Equipment & Supplies,Postage
Governor,"BENNET, MICHAEL",Democratic,37.02,8/28/25,Zoom Video Communications,San Jose,CA,95113,Office Equipment & Supplies,Software
Governor,"BENNET, MICHAEL",Democratic,364.79,8/28/25,Zucker,New York,NY,10017,"Food, Beverages and Meals",Event - Food/Drink
Governor,"BENNET, MICHAEL",Democratic,13.37,8/29/25,Amazon.Com,Seattle,WA,98108,Office Equipment & Supplies,Office Supplies
Governor,"BENNET, MICHAEL",Democratic,1225,8/29/25,Sharon  Ashburn,Clark,CO,80428,"Food, Beverages and Meals",Catering
Governor,"BENNET, MICHAEL",Democratic,222.27,8/29/25,First Bank,Lakewood,CO,80215,Bank Fees,Bank Fees
Governor,"BENNET, MICHAEL",Democratic,1080,8/29/25,Amy  Friedman,Denver,CO,80201,Consultant & Professional Services,Consultant
Governor,"BENNET, MICHAEL",Democratic,3750,8/29/25,"Golden State Strategies, Llc",Santa Monica,CA,90403,Consultant & Professional Services,Fundraising Consulting
Governor,"BENNET, MICHAEL",Democratic,750,8/29/25,Lexi  Hine,Louisville,CO,80027,Consultant & Professional Services,Consultant
Governor,"BENNET, MICHAEL",Democratic,5100,8/29/25,Missionwired,Washington,DC,20001,Fundraising Expenses,Postage
Governor,"BENNET, MICHAEL",Democratic,11793.14,8/29/25,"Qct Production, Llc",Arlington,VA,22201,Fundraising Expenses,Direct Mail Services
Governor,"BENNET, MICHAEL",Democratic,213.49,8/30/25,Delta Airlines,Atlanta,GA,30344,Travel & Lodging,Airfare
Governor,"BENNET, MICHAEL",Democratic,2514.99,9/2/25,Actblue,West Somerville,MA,02144,Bank Fees,Credit Card Processing
Governor,"BENNET, MICHAEL",Democratic,103,9/2/25,Drop Inc,Hinsdale,IL,60521,Office Equipment & Supplies,Software
Governor,"BENNET, MICHAEL",Democratic,500,9/2/25,Los 3 Garcias Mexican Restaurant,Arvada,CO,80003,"Food, Beverages and Meals",Event - Food/Drink
Governor,"BENNET, MICHAEL",Democratic,180.24,9/3/25,Amalgamated Bank,Washington,DC,20006,Bank Fees,Bank Fees
Governor,"BENNET, MICHAEL",Democratic,96.26,9/3/25,Delta Dental,Greenwood Village,CO,80111,Employee Services,Dental Insurance
Governor,"BENNET, MICHAEL",Democratic,5278.06,9/3/25,Missionwired,Washington,DC,20001,Fundraising Expenses,Postage
Governor,"BENNET, MICHAEL",Democratic,85,9/4/25,Fremont County Democrats,Canon City,CO,81212,Other,Event Tickets
Governor,"BENNET, MICHAEL",Democratic,87.3,9/4/25,Gusto,San Francisco,CA,94107,Employee Services,Payroll Fees
Governor,"BENNET, MICHAEL",Democratic,53.66,9/4/25,Oath,New York,NY,10001,Bank Fees,Credit Card Processing
Governor,"BENNET, MICHAEL",Democratic,9.7,9/4/25,Usps,Superior,CO,80027,Office Equipment & Supplies,Postage
Governor,"BENNET, MICHAEL",Democratic,357.97,9/5/25,Attitude New York,Long Island City,NY,11101,Travel & Lodging,Ground Transportation
Governor,"BENNET, MICHAEL",Democratic,2592.31,9/6/25,Jw Marriott Essex House,New York,NY,10019,Travel & Lodging,Lodging
Governor,"BENNET, MICHAEL",Democratic,1274.97,9/8/25,Actblue,West Somerville,MA,02144,Bank Fees,Credit Card Processing
Governor,"BENNET, MICHAEL",Democratic,1173.11,9/8/25,Attitude New York,Long Island City,NY,11101,Travel & Lodging,Ground Transportation
Governor,"BENNET, MICHAEL",Democratic,675,9/8/25,Jefferson County Democratic Party,Lakewood,CO,80215,Other,Event Tickets
Governor,"BENNET, MICHAEL",Democratic,22.88,9/8/25,Ups,Superior,CO,80027,Office Equipment & Supplies,Postage
Governor,"BENNET, MICHAEL",Democratic,1443.75,9/9/25,L'Ardente,Washington,DC,20001,"Food, Beverages and Meals",Event - Food/Drink
Governor,"BENNET, MICHAEL",Democratic,18.51,9/9/25,Zoom Video Communications,San Jose,CA,95113,Office Equipment & Supplies,Software
Governor,"BENNET, MICHAEL",Democratic,96,9/10/25,Amtrak,Washington,DC,20001,Travel & Lodging,Rail Services
Governor,"BENNET, MICHAEL",Democratic,99.92,9/10/25,Charlotte  Andresen,Louisville,CO,80027,Travel & Lodging,Reimbursement-Parking
Governor,"BENNET, MICHAEL",Democratic,28134.75,9/10/25,Missionwired,Washington,DC,20001,Fundraising Expenses,List Acquisition
Governor,"BENNET, MICHAEL",Democratic,21690.46,9/10/25,"Qct Production, Llc",Arlington,VA,22201,Fundraising Expenses,Direct Mail Services
Governor,"BENNET, MICHAEL",Democratic,374.29,9/10/25,United Airlines,Chicago,IL,60666,Travel & Lodging,Airfare
Governor,"BENNET, MICHAEL",Democratic,1006.46,9/10/25,United Healthcare,Minnetonka,MN,55343,Employee Services,Health Insurance
Governor,"BENNET, MICHAEL",Democratic,37,9/10/25,Usps,Superior,CO,80027,Office Equipment & Supplies,Postage
Governor,"BENNET, MICHAEL",Democratic,2383.33,9/11/25,Chase  Cromwell,Denver,CO,80201,Consultant & Professional Services,Consultant
Governor,"BENNET, MICHAEL",Democratic,342,9/11/25,Chase  Cromwell,Denver,CO,80201,Travel & Lodging,Reimbursement-Mileage
Governor,"BENNET, MICHAEL",Democratic,1206.34,9/11/25,Chase  Cromwell,Denver,CO,80201,Office Equipment & Supplies,Reimbursement-Office Equipment
Governor,"BENNET, MICHAEL",Democratic,31.9,9/11/25,Chase  Cromwell,Denver,CO,80201,Travel & Lodging,Reimbursement-Parking
Governor,"BENNET, MICHAEL",Democratic,750,9/11/25,Lexi  Hine,Louisville,CO,80027,Consultant & Professional Services,Consultant
Governor,"BENNET, MICHAEL",Democratic,162.12,9/11/25,Lexi  Hine,Louisville,CO,80027,Travel & Lodging,Reimbusement-Parking
Governor,"BENNET, MICHAEL",Democratic,214.64,9/11/25,Oath,New York,NY,10001,Bank Fees,Credit Card Processing
Governor,"BENNET, MICHAEL",Democratic,291.41,9/11/25,Zucker,New York,NY,10017,"Food, Beverages and Meals",Event - Food/Drink
Governor,"BENNET, MICHAEL",Democratic,9672.81,9/12/25,Gusto,San Francisco,CA,94107,Employee Services,Payroll Taxes
Governor,"BENNET, MICHAEL",Democratic,18984.83,9/12/25,Gusto,San Francisco,CA,94107,Employee Services,Payroll
Governor,"BENNET, MICHAEL",Democratic,279.7,9/12/25,Joseph  Kennedy,Louisville,CO,80027,Travel & Lodging,Reimbursement-Travel
Governor,"BENNET, MICHAEL",Democratic,178.64,9/12/25,Samantha  Padavic,Louisville,CO,80027,"Food, Beverages and Meals",Reimbursement-Catering
Governor,"BENNET, MICHAEL",Democratic,145,9/12/25,Samantha  Padavic,Louisville,CO,80027,Travel & Lodging,Reimbursement-Parking
Governor,"BENNET, MICHAEL",Democratic,182.55,9/12/25,Samantha  Padavic,Louisville,CO,80027,Travel & Lodging,Reimbursement-Travel
Governor,"BENNET, MICHAEL",Democratic,269.57,9/12/25,Sydney  Schwalb,Louisville,CO,80027,Travel & Lodging,Reimbursement-Mileage
Governor,"BENNET, MICHAEL",Democratic,220,9/12/25,Sydney  Schwalb,Louisville,CO,80027,Travel & Lodging,Reimbursement-Parking
Governor,"BENNET, MICHAEL",Democratic,119,9/12/25,Sydney  Schwalb,Louisville,CO,80027,Travel & Lodging,Reimbursement-Travel
Governor,"BENNET, MICHAEL",Democratic,18.5,9/12/25,Usps,Superior,CO,80027,Office Equipment & Supplies,Postage
Governor,"BENNET, MICHAEL",Democratic,1629.3,9/15/25,Actblue,West Somerville,MA,02144,Bank Fees,Credit Card Processing
Governor,"BENNET, MICHAEL",Democratic,27.49,9/15/25,Canva.Com,Camden,DE,19934,Office Equipment & Supplies,Software
Governor,"BENNET, MICHAEL",Democratic,446.1,9/15/25,Montecito Inn,Santa Barbara,CA,93108,Travel & Lodging,Lodging
Governor,"BENNET, MICHAEL",Democratic,238.48,9/15/25,United Airlines,Chicago,IL,60666,Travel & Lodging,Airfare
Governor,"BENNET, MICHAEL",Democratic,238.48,9/15/25,United Airlines,Chicago,IL,60666,Travel & Lodging,Airfare
Governor,"BENNET, MICHAEL",Democratic,297.49,9/15/25,United Airlines,Chicago,IL,60666,Travel & Lodging,Airfare
Governor,"BENNET, MICHAEL",Democratic,18.5,9/15/25,Usps,Superior,CO,80027,Office Equipment & Supplies,Postage
Governor,"BENNET, MICHAEL",Democratic,41.8,9/17/25,Adstra,New York,NY,10087,Fundraising Expenses,Direct Mail Services
Governor,"BENNET, MICHAEL",Democratic,69.15,9/17/25,Adstra,New York,NY,10087,Fundraising Expenses,Direct Mail Services
Governor,"BENNET, MICHAEL",Democratic,313,9/17/25,Colorado Black Women For Political Action,Denver,CO,80237,Other,Event Tickets
Governor,"BENNET, MICHAEL",Democratic,1218.75,9/17/25,L'Ardente,Washington,DC,20001,"Food, Beverages and Meals",Event - Food/Drink
Governor,"BENNET, MICHAEL",Democratic,2582.5,9/17/25,Missionwired,Washington,DC,20001,Fundraising Expenses,Postage
Governor,"BENNET, MICHAEL",Democratic,2380,9/17/25,William  Schwartz,Miami,FL,33131,Consultant & Professional Services,Research Consulting
Governor,"BENNET, MICHAEL",Democratic,225,9/18/25,L'Ardente,Washington,DC,20001,"Food, Beverages and Meals",Event - Food/Drink
Governor,"BENNET, MICHAEL",Democratic,53.66,9/18/25,Oath,New York,NY,10001,Bank Fees,Credit Card Processing
Governor,"BENNET, MICHAEL",Democratic,124,9/18/25,Pinnacol Assurance,Denver,CO,80256,Employee Services,Insurance
Governor,"BENNET, MICHAEL",Democratic,364.79,9/18/25,Zucker,New York,NY,10017,"Food, Beverages and Meals",Event - Food/Drink
Governor,"BENNET, MICHAEL",Democratic,2618.91,9/22/25,Actblue,West Somerville,MA,02144,Bank Fees,Credit Card Processing
Governor,"BENNET, MICHAEL",Democratic,24.38,9/23/25,Numero,Costa Mesa,CA,92626,Bank Fees,Credit Card Processing
Governor,"BENNET, MICHAEL",Democratic,49.05,9/24/25,Usps,Superior,CO,80027,Office Equipment & Supplies,Postage
Governor,"BENNET, MICHAEL",Democratic,65,9/25/25,Intuit,Mountain View,CA,94043,Office Equipment & Supplies,Software
Governor,"BENNET, MICHAEL",Democratic,254.19,9/25/25,Pat'S Philly Cheesesteaks,Denver,CO,80202,"Food, Beverages and Meals",Catering
Governor,"BENNET, MICHAEL",Democratic,29.69,9/25/25,Pete'S Fruits & Vegetables,Denver,CO,80224,"Food, Beverages and Meals",Staff Meal
Governor,"BENNET, MICHAEL",Democratic,364.79,9/25/25,Zucker,New York,NY,10017,"Food, Beverages and Meals",Event - Food/Drink
Governor,"BENNET, MICHAEL",Democratic,277.45,9/26/25,Amalgamated Bank,Washington,DC,20006,Bank Fees,Bank Fees
Governor,"BENNET, MICHAEL",Democratic,340,9/26/25,Berg Hill Greenleaf Ruscitti Llp,Boulder,CO,80302,"Food, Beverages and Meals",Catering
Governor,"BENNET, MICHAEL",Democratic,168.49,9/26/25,United Airlines,Chicago,IL,60666,Travel & Lodging,Airfare
Governor,"BENNET, MICHAEL",Democratic,4932.86,9/29/25,Actblue,West Somerville,MA,02144,Bank Fees,Credit Card Processing
Governor,"BENNET, MICHAEL",Democratic,1128.21,9/29/25,Sf Black Car,Daly City,CA,94014,Travel & Lodging,Ground Transportation
Governor,"BENNET, MICHAEL",Democratic,29.9,9/29/25,Ups,Superior,CO,80027,Office Equipment & Supplies,Postage
Governor,"BENNET, MICHAEL",Democratic,18.5,9/29/25,Usps,Superior,CO,80027,Office Equipment & Supplies,Postage
Governor,"BENNET, MICHAEL",Democratic,37.02,9/29/25,Zoom Video Communications,San Jose,CA,95113,Office Equipment & Supplies,Software
Governor,"BENNET, MICHAEL",Democratic,4447.19,9/30/25,Actblue,West Somerville,MA,02144,Bank Fees,Credit Card Processing
Governor,"BENNET, MICHAEL",Democratic,414.6,9/30/25,Jill  Anschutz,Denver,CO,80206,"Food, Beverages and Meals",Reimbursement-Catering
Governor,"BENNET, MICHAEL",Democratic,687.36,9/30/25,Lisa  Burnes,Vail,CO,81657,"Food, Beverages and Meals",Reimbursement-Catering
Governor,"BENNET, MICHAEL",Democratic,1837.42,9/30/25,Carey Limousine,Washington,DC,20016,Travel & Lodging,Ground Transportation
Governor,"BENNET, MICHAEL",Democratic,100,9/30/25,David F Cunningham,Frisco,CO,80443,"Food, Beverages and Meals",Reimbursement-Event Food/Drinks
Governor,"BENNET, MICHAEL",Democratic,212.65,9/30/25,Tommy  Dreyer,Louisville,CO,80027,Travel & Lodging,Reimbursement-Parking
Governor,"BENNET, MICHAEL",Democratic,84,9/30/25,Jack L Dysart,Steamboat Springs,CO,80487,"Food, Beverages and Meals",Reimbursement-Catering
Governor,"BENNET, MICHAEL",Democratic,230.2,9/30/25,First Bank,Lakewood,CO,80215,Bank Fees,Bank Fees
Governor,"BENNET, MICHAEL",Democratic,806.8,9/30/25,Sydney  Gart,Louisville,CO,80027,Travel & Lodging,Reimbursement-Parking
Governor,"BENNET, MICHAEL",Democratic,540,9/30/25,Sydney  Gart,Louisville,CO,80027,Travel & Lodging,Reimbursement-Mileage
Governor,"BENNET, MICHAEL",Democratic,168.24,9/30/25,Lexi  Hine,Louisville,CO,80027,Travel & Lodging,Reimbursement-Mileage
Governor,"BENNET, MICHAEL",Democratic,899.95,9/30/25,Walter L Isenberg,Denver,CO,80209,"Food, Beverages and Meals",Reimbursement-Catering
Governor,"BENNET, MICHAEL",Democratic,136.65,9/30/25,Joseph  Kennedy,Louisville,CO,80027,Travel & Lodging,Reimbursement-Parking
Governor,"BENNET, MICHAEL",Democratic,117.95,9/30/25,Brad A Levin,Denver,CO,80206,"Food, Beverages and Meals",Reimbursement-Event Food/Drinks
Governor,"BENNET, MICHAEL",Democratic,14817.41,9/30/25,Missionwired,Washington,DC,20001,Fundraising Expenses,Postage
Governor,"BENNET, MICHAEL",Democratic,253.15,9/30/25,Numero,Costa Mesa,CA,92626,Bank Fees,Credit Card Processing
Governor,"BENNET, MICHAEL",Democratic,145,9/30/25,Samantha  Padavic,Louisville,CO,80027,Travel & Lodging,Reimbursement-Parking
Governor,"BENNET, MICHAEL",Democratic,9327.68,9/30/25,"Qct Production, Llc",Arlington,VA,22201,Fundraising Expenses,Direct Mail Services
Governor,"BENNET, MICHAEL",Democratic,279.25,9/30/25,Sydney  Schwalb,Louisville,CO,80027,Travel & Lodging,Reimbursement-Parking
Governor,"BENNET, MICHAEL",Democratic,5000,9/30/25,The Kenney Group,Denver,CO,80202,Rent & Utilities,Rent
Governor,"BENNET, MICHAEL",Democratic,150,9/30/25,Ben  Waldon,Louisville,CO,80027,Fundraising Expenses,Reimbursement-Event Tickets
Governor,"BENNET, MICHAEL",Democratic,315,9/30/25,Ben  Waldon,Louisville,CO,80027,Travel & Lodging,Reimbursement-Mileage
Governor,"BENNET, MICHAEL",Democratic,735,9/30/25,Ben  Waldon,Louisville,CO,80027,Travel & Lodging,Reimbursement-Parking
Governor,"BENNET, MICHAEL",Democratic,261.36,9/30/25,Marat  Washburn,Louisville,CO,80027,Travel & Lodging,Reimbursement-Parking
Governor,"BENNET, MICHAEL",Democratic,7053.65,9/30/25,Bennet For Colorado,Denver,CO,80201,Travel & Lodging,Reimbursement-Q3 Travel Itemized By Vendor And Date
Governor,"BENNET, MICHAEL",Democratic,17386.94,9/30/25,Bennet For Colorado,Denver,CO,80201,Travel & Lodging,Reimbursement-Q2 Travel Itemized By Vendor And Date
Governor,"BENNET, MICHAEL",Democratic,250,9/30/25,Maria  Garcia Berry,Denver,CO,80264,"Food, Beverages and Meals",Reimbursement-Event Catering
Governor,"BENNET, MICHAEL",Democratic,660,9/30/25,Arnold And Porter,Washington,DC,20001,Employee Services,Event Staffing
Governor,"BENNET, MICHAEL",Democratic,9.7,10/1/25,Usps,Superior,CO,80027,Office Equipment & Supplies,Postage
Governor,"BENNET, MICHAEL",Democratic,248.31,10/1/25,Zucker,New York,NY,10017,"Food, Beverages and Meals",Event - Food/Drink
Governor,"BENNET, MICHAEL",Democratic,192.52,10/2/25,Delta Dental,Greenwood Village,CO,80111,Employee Services,Dental Insurance
Governor,"BENNET, MICHAEL",Democratic,20898.82,10/2/25,Gusto,San Francisco,CA,94107,Employee Services,Payroll
Governor,"BENNET, MICHAEL",Democratic,10432.92,10/2/25,Gusto,San Francisco,CA,94107,Employee Services,Payroll Taxes
Governor,"BENNET, MICHAEL",Democratic,364.79,10/2/25,Zucker,New York,NY,10017,"Food, Beverages and Meals",Event - Food/Drink
Governor,"BENNET, MICHAEL",Democratic,141.62,10/3/25,Amalgamated Bank,Washington,DC,20006,Bank Fees,Bank Fees
Governor,"BENNET, MICHAEL",Democratic,114.3,10/3/25,Gusto,San Francisco,CA,94107,Employee Services,Payroll Fees
Governor,"BENNET, MICHAEL",Democratic,224.3,10/3/25,United Airlines,Chicago,IL,60666,Travel & Lodging,Airfare
Governor,"BENNET, MICHAEL",Democratic,431.3,10/3/25,United Airlines,Chicago,IL,60666,Travel & Lodging,Airfare
Governor,"BENNET, MICHAEL",Democratic,1873.09,10/6/25,Actblue,West Somerville,MA,02144,Bank Fees,Credit Card Processing
Governor,"BENNET, MICHAEL",Democratic,5000,10/6/25,Blue Summit Solutions,Denver,CO,80238,Consultant & Professional Services,Compliance Consulting
Governor,"BENNET, MICHAEL",Democratic,7500,10/6/25,Dove Street Llc,Washington,DC,20009,Consultant & Professional Services,Fundraising Consulting
Governor,"BENNET, MICHAEL",Democratic,1080,10/6/25,Amy  Friedman,Denver,CO,80201,Consultant & Professional Services,Consultant
Governor,"BENNET, MICHAEL",Democratic,35000,10/6/25,Hilltop Public Solutions,Washington,DC,20007,Consultant & Professional Services,General Consulting
Governor,"BENNET, MICHAEL",Democratic,750,10/6/25,Lexi  Hine,Louisville,CO,80027,Consultant & Professional Services,Consultant
Governor,"BENNET, MICHAEL",Democratic,2193.55,10/6/25,Left Coast,Reno,NV,89521,Consultant & Professional Services,Fundraising Consulting
Governor,"BENNET, MICHAEL",Democratic,5100,10/6/25,Missionwired,Washington,DC,20001,Fundraising Expenses,Direct Mail Management
Governor,"BENNET, MICHAEL",Democratic,12500,10/6/25,Missionwired,Washington,DC,20001,Consultant & Professional Services,Political Retainer
Governor,"BENNET, MICHAEL",Democratic,32418.68,10/6/25,Missionwired,Washington,DC,20001,Fundraising Expenses,Digital Advertising
Governor,"BENNET, MICHAEL",Democratic,387.25,10/6/25,Rosenberg'S Bagels,Denver,CO,80205,"Food, Beverages and Meals",Event - Food/Drink
Governor,"BENNET, MICHAEL",Democratic,29.9,10/6/25,Ups,Superior,CO,80027,Office Equipment & Supplies,Postage
Governor,"BENNET, MICHAEL",Democratic,6.97,10/6/25,Whole Foods,Denver,CO,80202,"Food, Beverages and Meals",Event - Food/Drink
Governor,"BENNET, MICHAEL",Democratic,2383.33,10/7/25,Chase  Cromwell,Denver,CO,80201,Consultant & Professional Services,Consultant
Governor,"BENNET, MICHAEL",Democratic,65,10/7/25,Mesa County Democratic Central Committee,Grand Junction,CO,81501,Other,Event Tickets
Governor,"BENNET, MICHAEL",Democratic,338.28,10/7/25,Numero,Costa Mesa,CA,92626,Bank Fees,Credit Card Processing
Governor,"BENNET, MICHAEL",Democratic,431.3,10/7/25,United Airlines,Chicago,IL,60666,Travel & Lodging,Airfare
Governor,"BENNET, MICHAEL",Democratic,18.5,10/7/25,Usps,Superior,CO,80027,Office Equipment & Supplies,Postage
Governor,"BENNET, MICHAEL",Democratic,450.96,10/8/25,Hotels.Com,Dallas,TX,75240,Travel & Lodging,Lodging
Governor,"BENNET, MICHAEL",Democratic,18.5,10/8/25,Usps,Superior,CO,80027,Office Equipment & Supplies,Postage
Governor,"BENNET, MICHAEL",Democratic,284.97,10/8/25,Zucker,New York,NY,10017,"Food, Beverages and Meals",Event - Food/Drink
Governor,"BENNET, MICHAEL",Democratic,7500,10/9/25,Dove Street Llc,Washington,DC,20009,Consultant & Professional Services,Fundraising Consulting
Governor,"BENNET, MICHAEL",Democratic,420,10/9/25,Laz Parking,Denver,CO,80202,Travel & Lodging,Parking
Governor,"BENNET, MICHAEL",Democratic,580.48,10/9/25,"Southwest Airlines, Inc.",Dallas,TX,75235,Travel & Lodging,Airfare
Governor,"BENNET, MICHAEL",Democratic,431.3,10/9/25,United Airlines,Chicago,IL,60666,Travel & Lodging,Airfare
Governor,"BENNET, MICHAEL",Democratic,735.97,10/9/25,United Airlines,Chicago,IL,60666,Travel & Lodging,Airfare
Governor,"BENNET, MICHAEL",Democratic,18.51,10/9/25,Zoom Video Communications,San Jose,CA,95113,Office Equipment & Supplies,Software
Governor,"BENNET, MICHAEL",Democratic,364.79,10/9/25,Zucker,New York,NY,10017,"Food, Beverages and Meals",Event - Food/Drink
Governor,"BENNET, MICHAEL",Democratic,14000,10/10/25,Bercow Communications,Miami,FL,33133,Consultant & Professional Services,Communications Consulting
Governor,"BENNET, MICHAEL",Democratic,792.79,10/10/25,"Qct Production, Llc",Arlington,VA,22201,Fundraising Expenses,Direct Mail Services
Governor,"BENNET, MICHAEL",Democratic,2060.2,10/10/25,United Healthcare,Minnetonka,MN,55343,Employee Services,Health Insurance
Governor,"BENNET, MICHAEL",Democratic,42.17,10/10/25,Ups,Superior,CO,80027,Office Equipment & Supplies,Postage
Governor,"BENNET, MICHAEL",Democratic,-107.49,10/10/25,United Airlines,Chicago,IL,60666,Returned Expenditure,Refunded Travel Costs
Governor,"BENNET, MICHAEL",Democratic,-580.48,10/11/25,"Southwest Airlines, Inc.",Dallas,TX,75235,Returned Expenditure,Refunded Travel Costs
Governor,"BENNET, MICHAEL",Democratic,-628.48,10/12/25,United Airlines,Chicago,IL,60666,Returned Expenditure,Refunded Travel Costs
Governor,"BENNET, MICHAEL",Democratic,-431.3,10/12/25,United Airlines,Chicago,IL,60666,Returned Expenditure,Refunded Travel Costs
Governor,"BENNET, MICHAEL",Democratic,-80,10/12/25,United Airlines,Chicago,IL,60666,Returned Expenditure,Refunded Travel Costs
Governor,"BENNET, MICHAEL",Democratic,431.3,10/13/25,United Airlines,Chicago,IL,60666,Travel & Lodging,Airfare
Governor,"BENNET, MICHAEL",Democratic,2654.39,10/14/25,Actblue,West Somerville,MA,02144,Bank Fees,Credit Card Processing
Governor,"BENNET, MICHAEL",Democratic,189.69,10/14/25,Argonaut Liqours,Denver,CO,80203,"Food, Beverages and Meals",Event - Food/Drink
Governor,"BENNET, MICHAEL",Democratic,2201.62,10/14/25,Bella Cucina,Denver,CO,80220,"Food, Beverages and Meals",Catering
Governor,"BENNET, MICHAEL",Democratic,27.49,10/14/25,Canva.Com,Camden,DE,19934,Office Equipment & Supplies,Software
Governor,"BENNET, MICHAEL",Democratic,7500,10/14/25,Hilltop Public Solutions,Washington,DC,20007,Consultant & Professional Services,General Consulting
Governor,"BENNET, MICHAEL",Democratic,225.02,10/14/25,Numero,Costa Mesa,CA,92626,Bank Fees,Credit Card Processing
Governor,"BENNET, MICHAEL",Democratic,16.85,10/14/25,,,,,Miscellaneous,Event - Food/Drink
Governor,"BENNET, MICHAEL",Democratic,188.48,10/14/25,United Airlines,Chicago,IL,60666,Travel & Lodging,Airfare
Governor,"BENNET, MICHAEL",Democratic,656.81,10/14/25,United Airlines,Chicago,IL,60666,Travel & Lodging,Airfare
Governor,"BENNET, MICHAEL",Democratic,118.26,10/15/25,Adstra,New York,NY,10087,Fundraising Expenses,Direct Mail Services
Governor,"BENNET, MICHAEL",Democratic,5000,10/15/25,Chraca Friedman Group,Washington,DC,20002,Consultant & Professional Services,Fundraising Consulting
Governor,"BENNET, MICHAEL",Democratic,27089.36,10/15/25,Gusto,San Francisco,CA,94107,Employee Services,Payroll
Governor,"BENNET, MICHAEL",Democratic,14185.02,10/15/25,Gusto,San Francisco,CA,94107,Employee Services,Payroll Taxes
Governor,"BENNET, MICHAEL",Democratic,1625,10/15/25,Lexi  Hine,Louisville,CO,80027,Consultant & Professional Services,Consultant
Governor,"BENNET, MICHAEL",Democratic,950,10/15/25,"Mission Control, Inc.",Glastonbury,CT,06033,Advertising,Printing
Governor,"BENNET, MICHAEL",Democratic,10615,10/15/25,"Mission Control, Inc.",Glastonbury,CT,06033,Advertising,Printing
Governor,"BENNET, MICHAEL",Democratic,2082.5,10/15/25,Missionwired,Washington,DC,20001,Fundraising Expenses,Direct Mail Production
Governor,"BENNET, MICHAEL",Democratic,1975,10/15/25,William  Schwartz,Miami,FL,33131,Consultant & Professional Services,Research Consulting
Governor,"BENNET, MICHAEL",Democratic,529.98,10/15/25,United Airlines,Chicago,IL,60666,Travel & Lodging,Airfare
Governor,"BENNET, MICHAEL",Democratic,19.2,10/15/25,Usps,Superior,CO,80027,Office Equipment & Supplies,Postage
Governor,"BENNET, MICHAEL",Democratic,364.79,10/16/25,Zucker,New York,NY,10017,"Food, Beverages and Meals",Event - Food/Drink
Governor,"BENNET, MICHAEL",Democratic,95,10/17/25,Campaign Verify,Washington,DC,20027,Other,Online Campaign Verification
Governor,"BENNET, MICHAEL",Democratic,-107.49,10/17/25,United Airlines,Chicago,IL,60666,Returned Expenditure,Refunded Travel Costs
Governor,"BENNET, MICHAEL",Democratic,-19.34,10/17/25,United Airlines,Chicago,IL,60666,Returned Expenditure,Refunded Travel Costs
Governor,"BENNET, MICHAEL",Democratic,-529.98,10/18/25,United Airlines,Chicago,IL,60666,Returned Expenditure,Refunded Travel Costs
Governor,"BENNET, MICHAEL",Democratic,843.16,10/19/25,Marriott,New York,NY,10019,Travel & Lodging,Lodging
Governor,"BENNET, MICHAEL",Democratic,979.36,10/20/25,Actblue,West Somerville,MA,02144,Bank Fees,Credit Card Processing
Governor,"BENNET, MICHAEL",Democratic,7,10/20/25,,,,,Miscellaneous,Lodging
Governor,"BENNET, MICHAEL",Democratic,10,10/20/25,,,,,Miscellaneous,Lodging
Governor,"BENNET, MICHAEL",Democratic,29.84,10/20/25,Ups,Superior,CO,80027,Office Equipment & Supplies,Postage
Governor,"BENNET, MICHAEL",Democratic,455.53,10/21/25,Attitude New York,Long Island City,NY,11101,Travel & Lodging,Ground Transportation
Governor,"BENNET, MICHAEL",Democratic,122,10/21/25,Pinnacol Assurance,Denver,CO,80256,Employee Services,Insurance
Governor,"BENNET, MICHAEL",Democratic,431.3,10/21/25,United Airlines,Chicago,IL,60666,Travel & Lodging,Airfare
Governor,"BENNET, MICHAEL",Democratic,38.4,10/22/25,Usps,Superior,CO,80027,Office Equipment & Supplies,Postage
Governor,"BENNET, MICHAEL",Democratic,364.79,10/23/25,Zucker,New York,NY,10017,"Food, Beverages and Meals",Event - Food/Drink
Governor,"BENNET, MICHAEL",Democratic,64.78,10/24/25,Amazon.Com,Seattle,WA,98108,Office Equipment & Supplies,Office Supplies
Governor,"BENNET, MICHAEL",Democratic,60,10/24/25,Denver Press Club,Denver,CO,80204,Other,Event Tickets
Governor,"BENNET, MICHAEL",Democratic,773,10/24/25,Drop Inc,Hinsdale,IL,60521,Office Equipment & Supplies,Software
Governor,"BENNET, MICHAEL",Democratic,889.58,10/25/25,Attitude New York,Long Island City,NY,11101,Travel & Lodging,Ground Transportation
Governor,"BENNET, MICHAEL",Democratic,1571.4,10/27/25,Actblue,West Somerville,MA,02144,Bank Fees,Credit Card Processing
Governor,"BENNET, MICHAEL",Democratic,5000,10/27/25,Blue Summit Solutions,Denver,CO,80238,Consultant & Professional Services,Compliance Consulting
Governor,"BENNET, MICHAEL",Democratic,550.03,10/27/25,Bill  Carver,Durango,CO,81301,"Food, Beverages and Meals",Reimbursement-Event Food
Governor,"BENNET, MICHAEL",Democratic,120,10/27/25,Drop Inc,Hinsdale,IL,60521,Office Equipment & Supplies,Software
Governor,"BENNET, MICHAEL",Democratic,65,10/27/25,Intuit,Mountain View,CA,94043,Office Equipment & Supplies,Software
Governor,"BENNET, MICHAEL",Democratic,500,10/27/25,Le Bilboquet,Denver,CO,80206,"Food, Beverages and Meals",Event - Food/Drink
Governor,"BENNET, MICHAEL",Democratic,6166.93,10/27/25,Left Coast,Reno,NV,89521,Consultant & Professional Services,Fundraising Consulting
Governor,"BENNET, MICHAEL",Democratic,20000,10/27/25,Missionwired,Washington,DC,20001,Fundraising Expenses,List Acquisiion
Governor,"BENNET, MICHAEL",Democratic,20865.15,10/27/25,"Qct Production, Llc",Arlington,VA,22201,Fundraising Expenses,Direct Mail Services
Governor,"BENNET, MICHAEL",Democratic,545.48,10/27/25,United Airlines,Chicago,IL,60666,Travel & Lodging,Airfare
Governor,"BENNET, MICHAEL",Democratic,431.3,10/28/25,United Airlines,Chicago,IL,60666,Travel & Lodging,Airfare
Governor,"BENNET, MICHAEL",Democratic,19.2,10/28/25,Usps,Superior,CO,80027,Office Equipment & Supplies,Postage
Governor,"BENNET, MICHAEL",Democratic,37.02,10/28/25,Zoom Video Communications,San Jose,CA,95113,Office Equipment & Supplies,Software
Governor,"BENNET, MICHAEL",Democratic,285.44,10/29/25,Amalgamated Bank,Washington,DC,20006,Bank Fees,Bank Fees
Governor,"BENNET, MICHAEL",Democratic,5100,10/29/25,Missionwired,Washington,DC,20001,Fundraising Expenses,Direct Mail Management
Governor,"BENNET, MICHAEL",Democratic,12500,10/29/25,Missionwired,Washington,DC,20001,Consultant & Professional Services,Political Retainer
Governor,"BENNET, MICHAEL",Democratic,25000,10/29/25,Missionwired,Washington,DC,20001,Fundraising Expenses,List Acquisiion
Governor,"BENNET, MICHAEL",Democratic,1800,10/29/25,The Kenney Group,Denver,CO,80202,Rent & Utilities,Rent
Governor,"BENNET, MICHAEL",Democratic,10.4,10/29/25,Usps,Superior,CO,80027,Office Equipment & Supplies,Postage
Governor,"BENNET, MICHAEL",Democratic,10000,10/30/25,Chraca Friedman Group,Washington,DC,20002,Consultant & Professional Services,Fundraising Consulting
Governor,"BENNET, MICHAEL",Democratic,2383.33,10/30/25,Chase  Cromwell,Denver,CO,80201,Consultant & Professional Services,Consultant
Governor,"BENNET, MICHAEL",Democratic,6922.1,10/30/25,"Engage, Llc",Frederick,MD,21701,Fundraising Expenses,Direct Mail Processing
Governor,"BENNET, MICHAEL",Democratic,1080,10/30/25,Amy  Friedman,Denver,CO,80201,Consultant & Professional Services,Consultant
Governor,"BENNET, MICHAEL",Democratic,25190.1,10/30/25,Gusto,San Francisco,CA,94107,Employee Services,Payroll
Governor,"BENNET, MICHAEL",Democratic,12704.23,10/30/25,Gusto,San Francisco,CA,94107,Employee Services,Payroll Taxes
Governor,"BENNET, MICHAEL",Democratic,1625,10/30/25,Lexi  Hine,Louisville,CO,80027,Consultant & Professional Services,Consultant
Governor,"BENNET, MICHAEL",Democratic,384,10/30/25,Mckinley  Mueller,Denver,CO,80201,Consultant & Professional Services,Consultant
Governor,"BENNET, MICHAEL",Democratic,218.49,10/30/25,United Airlines,Chicago,IL,60666,Travel & Lodging,Airfare
Governor,"BENNET, MICHAEL",Democratic,269.8,10/31/25,First Bank,Lakewood,CO,80215,Bank Fees,Bank Fees
Governor,"BENNET, MICHAEL",Democratic,140.1,10/31/25,Mailchimp,Atlanta,GA,30308,Office Equipment & Supplies,Software
Governor,"BENNET, MICHAEL",Democratic,431.3,10/31/25,United Airlines,Chicago,IL,60666,Travel & Lodging,Airfare
Governor,"BENNET, MICHAEL",Democratic,19.2,10/31/25,Usps,Superior,CO,80027,Office Equipment & Supplies,Postage
Governor,"BENNET, MICHAEL",Democratic,-188.48,11/1/25,United Airlines,Chicago,IL,60666,Returned Expenditure,Refunded Travel Costs
Governor,"BENNET, MICHAEL",Democratic,1681.16,11/3/25,Actblue,West Somerville,MA,02144,Bank Fees,Credit Card Processing
Governor,"BENNET, MICHAEL",Democratic,170.83,11/3/25,Amalgamated Bank,Washington,DC,20006,Bank Fees,Bank Fees
Governor,"BENNET, MICHAEL",Democratic,468.27,11/3/25,Linkedin,Sunnyvale,CA,94085,Employee Services,Job Posting
Governor,"BENNET, MICHAEL",Democratic,592.23,11/3/25,Scale To Win,Santa Ana,CA,92703,Fundraising Expenses,Sms Messaging
Governor,"BENNET, MICHAEL",Democratic,22.93,11/3/25,Ups,Superior,CO,80027,Office Equipment & Supplies,Postage
Governor,"BENNET, MICHAEL",Democratic,341.75,11/4/25,Delta Dental,Greenwood Village,CO,80111,Employee Services,Dental Insurance
Governor,"BENNET, MICHAEL",Democratic,141.3,11/4/25,Gusto,San Francisco,CA,94107,Employee Services,Payroll Fees
Governor,"BENNET, MICHAEL",Democratic,4000,11/4/25,Left Coast,Reno,NV,89521,Consultant & Professional Services,Fundraising Consulting
Governor,"BENNET, MICHAEL",Democratic,431.3,11/4/25,United Airlines,Chicago,IL,60666,Travel & Lodging,Airfare
Governor,"BENNET, MICHAEL",Democratic,40,11/5/25,Feeding Colorado,Lafayette,CO,80026,Contributions,Contribution Of Impermissible Anonymous Funds
Governor,"BENNET, MICHAEL",Democratic,12025,11/5/25,Full View Policy Llc,Golden,CO,80403,Consultant & Professional Services,Policy Consulting
Governor,"BENNET, MICHAEL",Democratic,261.76,11/5/25,"Qct Production, Llc",Arlington,VA,22201,Fundraising Expenses,Direct Mail Services
Governor,"BENNET, MICHAEL",Democratic,45.02,11/5/25,Ups,Superior,CO,80027,Office Equipment & Supplies,Postage
Governor,"BENNET, MICHAEL",Democratic,364.79,11/5/25,Zucker,New York,NY,10017,"Food, Beverages and Meals",Event - Food/Drink
Governor,"BENNET, MICHAEL",Democratic,303.25,11/6/25,Hotels.Com,Dallas,TX,75240,Travel & Lodging,Lodging
Governor,"BENNET, MICHAEL",Democratic,595.48,11/6/25,"Southwest Airlines, Inc.",Dallas,TX,75235,Travel & Lodging,Airfare
Governor,"BENNET, MICHAEL",Democratic,595.48,11/7/25,"Southwest Airlines, Inc.",Dallas,TX,75235,Travel & Lodging,Airfare
Governor,"BENNET, MICHAEL",Democratic,256,11/7/25,United Airlines,Chicago,IL,60666,Travel & Lodging,Airfare
Governor,"BENNET, MICHAEL",Democratic,555.49,11/7/25,United Airlines,Chicago,IL,60666,Travel & Lodging,Airfare
Governor,"BENNET, MICHAEL",Democratic,555.49,11/7/25,United Airlines,Chicago,IL,60666,Travel & Lodging,Airfare
Governor,"BENNET, MICHAEL",Democratic,-595.48,11/8/25,"Southwest Airlines, Inc.",Dallas,TX,75235,Returned Expenditure,Refunded Travel Costs
Governor,"BENNET, MICHAEL",Democratic,1622.84,11/9/25,Actblue,West Somerville,MA,02144,Bank Fees,Credit Card Processing
Governor,"BENNET, MICHAEL",Democratic,108.25,11/9/25,Blooming Belles,Belton,TX,76513,Gifts,Donor Appreciation
Governor,"BENNET, MICHAEL",Democratic,508.48,11/9/25,"Southwest Airlines, Inc.",Dallas,TX,75235,Travel & Lodging,Airfare
Governor,"BENNET, MICHAEL",Democratic,778.49,11/9/25,United Airlines,Chicago,IL,60666,Travel & Lodging,Airfare
Governor,"BENNET, MICHAEL",Democratic,19.2,11/9/25,Usps,Superior,CO,80027,Office Equipment & Supplies,Postage
Governor,"BENNET, MICHAEL",Democratic,18.51,11/9/25,Zoom Video Communications,San Jose,CA,95113,Office Equipment & Supplies,Software
Governor,"BENNET, MICHAEL",Democratic,351.3,11/10/25,United Airlines,Chicago,IL,60666,Travel & Lodging,Airfare
Governor,"BENNET, MICHAEL",Democratic,-463,11/10/25,United Airlines,Chicago,IL,60666,Returned Expenditure,Refunded Travel Costs
Governor,"BENNET, MICHAEL",Democratic,558.48,11/11/25,"Southwest Airlines, Inc.",Dallas,TX,75235,Travel & Lodging,Airfare
Governor,"BENNET, MICHAEL",Democratic,263.49,11/11/25,United Airlines,Chicago,IL,60666,Travel & Lodging,Airfare
Governor,"BENNET, MICHAEL",Democratic,598.48,11/11/25,United Airlines,Chicago,IL,60666,Travel & Lodging,Airfare
Governor,"BENNET, MICHAEL",Democratic,14.59,11/11/25,Usps,Superior,CO,80027,Office Equipment & Supplies,Postage
Governor,"BENNET, MICHAEL",Democratic,6.06,11/12/25,Aviano Coffee On 2Nd,Denver,CO,80206,"Food, Beverages and Meals",Staff Meal
Governor,"BENNET, MICHAEL",Democratic,27.49,11/12/25,Canva.Com,Camden,DE,19934,Office Equipment & Supplies,Software
Governor,"BENNET, MICHAEL",Democratic,25161.35,11/12/25,Gusto,San Francisco,CA,94107,Employee Services,Payroll
Governor,"BENNET, MICHAEL",Democratic,12672.1,11/12/25,Gusto,San Francisco,CA,94107,Employee Services,Payroll Taxes
Governor,"BENNET, MICHAEL",Democratic,191.86,11/12/25,Lexi  Hine,Louisville,CO,80027,Travel & Lodging,Reimbursement-Parking
Governor,"BENNET, MICHAEL",Democratic,1625,11/12/25,Lexi  Hine,Louisville,CO,80027,Consultant & Professional Services,Consultant
Governor,"BENNET, MICHAEL",Democratic,39.73,11/12/25,Joseph  Kennedy,Louisville,CO,80027,"Food, Beverages and Meals",Reimbursement-Staff Meals
Governor,"BENNET, MICHAEL",Democratic,8,11/12/25,Joseph  Kennedy,Louisville,CO,80027,Rent & Utilities,Reimbursement-Internet Access
Governor,"BENNET, MICHAEL",Democratic,47.85,11/12/25,Joseph  Kennedy,Louisville,CO,80027,Travel & Lodging,Reimbursement-Parking
Governor,"BENNET, MICHAEL",Democratic,348.5,11/12/25,Joseph  Kennedy,Louisville,CO,80027,Travel & Lodging,Reimbursement-Mileage
Governor,"BENNET, MICHAEL",Democratic,384,11/12/25,Mckinley  Mueller,Denver,CO,80201,Consultant & Professional Services,Consultant
Governor,"BENNET, MICHAEL",Democratic,750,11/12/25,True  Potter,Louisville,CO,80027,Consultant & Professional Services,Consultant
Governor,"BENNET, MICHAEL",Democratic,4028.11,11/12/25,United Healthcare,Minnetonka,MN,55343,Employee Services,Health Insurance
Governor,"BENNET, MICHAEL",Democratic,19.2,11/12/25,Usps,Superior,CO,80027,Office Equipment & Supplies,Postage
Governor,"BENNET, MICHAEL",Democratic,364.79,11/12/25,Zucker,New York,NY,10017,"Food, Beverages and Meals",Event - Food/Drink
Governor,"BENNET, MICHAEL",Democratic,-113,11/12/25,United Airlines,Chicago,IL,60666,Returned Expenditure,Refunded Travel Costs
Governor,"BENNET, MICHAEL",Democratic,36,11/13/25,Drop Inc,Hinsdale,IL,60521,Office Equipment & Supplies,Software
Governor,"BENNET, MICHAEL",Democratic,36,11/13/25,Drop Inc,Hinsdale,IL,60521,Office Equipment & Supplies,Software
Governor,"BENNET, MICHAEL",Democratic,20711.89,11/13/25,"Qct Production, Llc",Arlington,VA,22201,Fundraising Expenses,Direct Mail Services
Governor,"BENNET, MICHAEL",Democratic,-555.49,11/13/25,United Airlines,Chicago,IL,60666,Returned Expenditure,Refunded Travel Costs
Governor,"BENNET, MICHAEL",Democratic,-555.49,11/13/25,United Airlines,Chicago,IL,60666,Returned Expenditure,Refunded Travel Costs
Governor,"BENNET, MICHAEL",Democratic,-485.48,11/13/25,United Airlines,Chicago,IL,60666,Returned Expenditure,Refunded Travel Costs
Governor,"BENNET, MICHAEL",Democratic,-223,11/13/25,United Airlines,Chicago,IL,60666,Returned Expenditure,Refunded Travel Costs
Governor,"BENNET, MICHAEL",Democratic,674.71,11/14/25,Hyatt,Austin,TX,78701,Travel & Lodging,Lodging
Governor,"BENNET, MICHAEL",Democratic,518.48,11/14/25,"Southwest Airlines, Inc.",Dallas,TX,75235,Travel & Lodging,Airfare
Governor,"BENNET, MICHAEL",Democratic,381.49,11/14/25,United Airlines,Chicago,IL,60666,Travel & Lodging,Airfare
Governor,"BENNET, MICHAEL",Democratic,400,11/14/25,Zion Senior And Community Center,Denver,CO,80207,Other,Space Rental
Governor,"BENNET, MICHAEL",Democratic,-555.49,11/15/25,United Airlines,Chicago,IL,60666,Returned Expenditure,Refunded Travel Costs
Governor,"BENNET, MICHAEL",Democratic,-224.3,11/15/25,United Airlines,Chicago,IL,60666,Returned Expenditure,Refunded Travel Costs
Governor,"BENNET, MICHAEL",Democratic,2062.96,11/16/25,Actblue,West Somerville,MA,02144,Bank Fees,Credit Card Processing
Governor,"BENNET, MICHAEL",Democratic,6020,11/16/25,Bercow Communications,Miami,FL,33133,Consultant & Professional Services,Communications Consulting
Governor,"BENNET, MICHAEL",Democratic,119.7,11/16/25,Doordash,San Francisco,CA,94107,"Food, Beverages and Meals",Event - Food/Drink
Governor,"BENNET, MICHAEL",Democratic,103,11/16/25,Drop Inc,Hinsdale,IL,60521,Office Equipment & Supplies,Software
Governor,"BENNET, MICHAEL",Democratic,1044.73,11/16/25,Headliners Club,Austin,TX,78701,"Food, Beverages and Meals",Event - Venue/Food/Drink
Governor,"BENNET, MICHAEL",Democratic,415.72,11/16/25,Jimmy John'S,Denver,CO,80206,"Food, Beverages and Meals",Event - Food/Drink
Governor,"BENNET, MICHAEL",Democratic,757.95,11/16/25,Rosenberg'S Bagels,Denver,CO,80205,"Food, Beverages and Meals",Event - Food/Drink
Governor,"BENNET, MICHAEL",Democratic,133.78,11/16/25,Whole Foods,Denver,CO,80202,"Food, Beverages and Meals",Event - Food/Drink
Governor,"BENNET, MICHAEL",Democratic,210.3,11/17/25,Carey Limousine,Washington,DC,20016,Travel & Lodging,Ground Transportation
Governor,"BENNET, MICHAEL",Democratic,1003.28,11/17/25,Carey Limousine,Washington,DC,20016,Travel & Lodging,Ground Transportation
Governor,"BENNET, MICHAEL",Democratic,5664.57,11/17/25,Colorado Democratic Party,Denver,CO,80203,Other,Voter File Access
Governor,"BENNET, MICHAEL",Democratic,19.2,11/17/25,Usps,Superior,CO,80027,Office Equipment & Supplies,Postage
Governor,"BENNET, MICHAEL",Democratic,-218.49,11/17/25,United Airlines,Chicago,IL,60666,Returned Expenditure,Refunded Travel Costs
Governor,"BENNET, MICHAEL",Democratic,122,11/18/25,Pinnacol Assurance,Denver,CO,80256,Employee Services,Insurance
Governor,"BENNET, MICHAEL",Democratic,64.64,11/18/25,Target,Denver,CO,80202,Office Equipment & Supplies,Office Supplies
Governor,"BENNET, MICHAEL",Democratic,431.3,11/18/25,United Airlines,Chicago,IL,60666,Travel & Lodging,Airfare
Governor,"BENNET, MICHAEL",Democratic,197.64,11/19/25,Amazon.Com,Seattle,WA,98108,Office Equipment & Supplies,Office Supplies
Governor,"BENNET, MICHAEL",Democratic,10.4,11/19/25,Usps,Superior,CO,80027,Office Equipment & Supplies,Postage
Governor,"BENNET, MICHAEL",Democratic,-39.19,11/19/25,United Airlines,Chicago,IL,60666,Returned Expenditure,Refunded Travel Costs
Governor,"BENNET, MICHAEL",Democratic,93,11/20/25,Tommy  Dreyer,Louisville,CO,80027,Travel & Lodging,Reimbursement-Mileage
Governor,"BENNET, MICHAEL",Democratic,209.5,11/20/25,Tommy  Dreyer,Louisville,CO,80027,Travel & Lodging,Reimbursement-Parking
Governor,"BENNET, MICHAEL",Democratic,97.54,11/20/25,Amari  Fanti,Parker,CO,80134,Travel & Lodging,Reimbursement-Parking
Governor,"BENNET, MICHAEL",Democratic,6745.12,11/20/25,Missionwired,Washington,DC,20001,Fundraising Expenses,List Acquisiion
Governor,"BENNET, MICHAEL",Democratic,15472.1,11/20/25,Missionwired,Washington,DC,20001,Fundraising Expenses,List Acquisiion
Governor,"BENNET, MICHAEL",Democratic,23.12,11/20/25,Ups,Superior,CO,80027,Office Equipment & Supplies,Postage
Governor,"BENNET, MICHAEL",Democratic,5000,11/21/25,Blue Summit Solutions,Denver,CO,80238,Consultant & Professional Services,Compliance Consulting
Governor,"BENNET, MICHAEL",Democratic,207.48,11/22/25,"American Airlines, Inc.",Fort Worth,TX,76155,Travel & Lodging,Air Travel
Governor,"BENNET, MICHAEL",Democratic,166.49,11/22/25,United Airlines,Chicago,IL,60666,Travel & Lodging,Airfare
Governor,"BENNET, MICHAEL",Democratic,228.48,11/22/25,United Airlines,Chicago,IL,60666,Travel & Lodging,Airfare
Governor,"BENNET, MICHAEL",Democratic,518.49,11/22/25,United Airlines,Chicago,IL,60666,Travel & Lodging,Airfare
Governor,"BENNET, MICHAEL",Democratic,2138.57,11/23/25,Actblue,West Somerville,MA,02144,Bank Fees,Credit Card Processing
Governor,"BENNET, MICHAEL",Democratic,554.01,11/23/25,Coohills,Denver,CO,80202,"Food, Beverages and Meals",Event - Food/Drink
Governor,"BENNET, MICHAEL",Democratic,1570.14,11/23/25,"Engage, Llc",Frederick,MD,21701,Fundraising Expenses,Direct Mail Processing
Governor,"BENNET, MICHAEL",Democratic,272.56,11/23/25,Ez Cater,Boston,MA,02109,"Food, Beverages and Meals",Event - Food/Drink
Governor,"BENNET, MICHAEL",Democratic,30029.08,11/23/25,"Qct Production, Llc",Arlington,VA,22201,Fundraising Expenses,Direct Mail Services
Governor,"BENNET, MICHAEL",Democratic,5410,11/23/25,William  Schwartz,Miami,FL,33131,Consultant & Professional Services,Research Consulting
Governor,"BENNET, MICHAEL",Democratic,23.17,11/23/25,Ups,Superior,CO,80027,Office Equipment & Supplies,Postage
Governor,"BENNET, MICHAEL",Democratic,10.4,11/23/25,Usps,Superior,CO,80027,Office Equipment & Supplies,Postage
Governor,"BENNET, MICHAEL",Democratic,75,11/24/25,Intuit,Mountain View,CA,94043,Office Equipment & Supplies,Software
Governor,"BENNET, MICHAEL",Democratic,380,11/24/25,"Mission Control, Inc.",Glastonbury,CT,06033,Advertising,Printing
Governor,"BENNET, MICHAEL",Democratic,10.84,11/25/25,Aviano Coffee On 2Nd,Denver,CO,80206,"Food, Beverages and Meals",Staff Meal
Governor,"BENNET, MICHAEL",Democratic,2383.33,11/25/25,Chase  Cromwell,Denver,CO,80201,Consultant & Professional Services,Consultant
Governor,"BENNET, MICHAEL",Democratic,36,11/25/25,Drop Inc,Hinsdale,IL,60521,Office Equipment & Supplies,Software
Governor,"BENNET, MICHAEL",Democratic,36,11/25/25,Drop Inc,Hinsdale,IL,60521,Office Equipment & Supplies,Software
Governor,"BENNET, MICHAEL",Democratic,120,11/25/25,Drop Inc,Hinsdale,IL,60521,Office Equipment & Supplies,Software
Governor,"BENNET, MICHAEL",Democratic,1080,11/25/25,Amy  Friedman,Denver,CO,80201,Consultant & Professional Services,Consultant
Governor,"BENNET, MICHAEL",Democratic,25190.1,11/25/25,Gusto,San Francisco,CA,94107,Employee Services,Payroll
Governor,"BENNET, MICHAEL",Democratic,12544.53,11/25/25,Gusto,San Francisco,CA,94107,Employee Services,Payroll Taxes
Governor,"BENNET, MICHAEL",Democratic,1625,11/25/25,Lexi  Hine,Louisville,CO,80027,Consultant & Professional Services,Consultant
Governor,"BENNET, MICHAEL",Democratic,384,11/25/25,Mckinley  Mueller,Denver,CO,80201,Consultant & Professional Services,Consultant
Governor,"BENNET, MICHAEL",Democratic,54.6,11/25/25,Samantha  Padavic,Louisville,CO,80027,Travel & Lodging,Reimbursement Mileage
Governor,"BENNET, MICHAEL",Democratic,145,11/25/25,Samantha  Padavic,Louisville,CO,80027,Travel & Lodging,Reimbursement Parking
Governor,"BENNET, MICHAEL",Democratic,373.3,11/25/25,United Airlines,Chicago,IL,60666,Travel & Lodging,Airfare
Governor,"BENNET, MICHAEL",Democratic,14.59,11/25/25,Usps,Superior,CO,80027,Office Equipment & Supplies,Postage
Governor,"BENNET, MICHAEL",Democratic,279.96,11/26/25,Amalgamated Bank,Washington,DC,20006,Bank Fees,Bank Fees
Governor,"BENNET, MICHAEL",Democratic,10000,11/26/25,Chraca Friedman Group,Washington,DC,20002,Consultant & Professional Services,Fundraising Consulting
Governor,"BENNET, MICHAEL",Democratic,2100,11/27/25,Arizona Biltmore,Phoenix,AZ,85016,Travel & Lodging,Lodging
Governor,"BENNET, MICHAEL",Democratic,5.51,11/27/25,Aviano Coffee On 2Nd,Denver,CO,80206,"Food, Beverages and Meals",Staff Meal
Governor,"BENNET, MICHAEL",Democratic,10.64,11/27/25,Aviano Coffee On 2Nd,Denver,CO,80206,"Food, Beverages and Meals",Staff Meal
Governor,"BENNET, MICHAEL",Democratic,156,11/27/25,First Bank,Lakewood,CO,80215,Bank Fees,Bank Fees
Governor,"BENNET, MICHAEL",Democratic,37.02,11/27/25,Zoom Video Communications,San Jose,CA,95113,Office Equipment & Supplies,Software
Governor,"BENNET, MICHAEL",Democratic,-518.49,11/27/25,United Airlines,Chicago,IL,60666,Returned Expenditure,Refunded Travel Costs
Governor,"BENNET, MICHAEL",Democratic,974.81,11/30/25,Actblue,West Somerville,MA,02144,Bank Fees,Credit Card Processing
Governor,"BENNET, MICHAEL",Democratic,140.1,11/30/25,Mailchimp,Atlanta,GA,30308,Office Equipment & Supplies,Software
Governor,"BENNET, MICHAEL",Democratic,100.86,11/30/25,Scale To Win,Santa Ana,CA,92703,Fundraising Expenses,Sms Messaging
Governor,"BENNET, MICHAEL",Democratic,119.7,12/1/25,Gusto,San Francisco,CA,94107,Employee Services,Payroll Fees
Governor,"BENNET, MICHAEL",Democratic,210,12/1/25,Laz Parking,Denver,CO,80202,Travel & Lodging,Parking
Governor,"BENNET, MICHAEL",Democratic,431.3,12/1/25,United Airlines,Chicago,IL,60666,Travel & Lodging,Airfare
Governor,"BENNET, MICHAEL",Democratic,24.16,12/1/25,United Airlines,Chicago,IL,60666,Travel & Lodging,Airfare
Governor,"BENNET, MICHAEL",Democratic,24.16,12/1/25,United Airlines,Chicago,IL,60666,Travel & Lodging,Airfare
Governor,"BENNET, MICHAEL",Democratic,19.2,12/1/25,Usps,Superior,CO,80027,Office Equipment & Supplies,Postage
Governor,"BENNET, MICHAEL",Democratic,429.49,12/2/25,"American Airlines, Inc.",Fort Worth,TX,76155,Travel & Lodging,Air Travel
Governor,"BENNET, MICHAEL",Democratic,573.48,12/2/25,"American Airlines, Inc.",Fort Worth,TX,76155,Travel & Lodging,Air Travel
Governor,"BENNET, MICHAEL",Democratic,285.55,12/2/25,Cheese Meat Board,Denver,CO,80205,"Food, Beverages and Meals",Event - Food/Drink
Governor,"BENNET, MICHAEL",Democratic,628.11,12/2/25,Delta Dental,Greenwood Village,CO,80111,Employee Services,Dental Insurance
Governor,"BENNET, MICHAEL",Democratic,215,12/2/25,Laz Parking,Denver,CO,80202,Travel & Lodging,Parking
Governor,"BENNET, MICHAEL",Democratic,468.48,12/2/25,"Southwest Airlines, Inc.",Dallas,TX,75235,Travel & Lodging,Airfare
Governor,"BENNET, MICHAEL",Democratic,200.01,12/2/25,United Airlines,Chicago,IL,60666,Travel & Lodging,Airfare
Governor,"BENNET, MICHAEL",Democratic,358.48,12/2/25,United Airlines,Chicago,IL,60666,Travel & Lodging,Airfare
Governor,"BENNET, MICHAEL",Democratic,358.48,12/2/25,United Airlines,Chicago,IL,60666,Travel & Lodging,Airfare
Governor,"BENNET, MICHAEL",Democratic,14.59,12/2/25,Usps,Superior,CO,80027,Office Equipment & Supplies,Postage
Governor,"BENNET, MICHAEL",Democratic,149.22,12/3/25,Amalgamated Bank,Washington,DC,20006,Bank Fees,Bank Fees
Governor,"BENNET, MICHAEL",Democratic,224.3,12/3/25,United Airlines,Chicago,IL,60666,Travel & Lodging,Airfare
Governor,"BENNET, MICHAEL",Democratic,597.4,12/3/25,United Airlines,Chicago,IL,60666,Travel & Lodging,Airfare
Governor,"BENNET, MICHAEL",Democratic,215,12/4/25,Laz Parking,Denver,CO,80202,Travel & Lodging,Parking
Governor,"BENNET, MICHAEL",Democratic,23.17,12/4/25,Ups,Superior,CO,80027,Office Equipment & Supplies,Postage
Governor,"BENNET, MICHAEL",Democratic,431.3,12/5/25,United Airlines,Chicago,IL,60666,Travel & Lodging,Airfare
Governor,"BENNET, MICHAEL",Democratic,825.01,12/6/25,The Hermosa Inn,Paradise Valley,AZ,85253,Travel & Lodging,Lodging
Governor,"BENNET, MICHAEL",Democratic,-207.48,12/6/25,"American Airlines, Inc.",Fort Worth,TX,76155,Returned Expenditure,Refunded Travel Costs
Governor,"BENNET, MICHAEL",Democratic,-555.49,12/6/25,United Airlines,Chicago,IL,60666,Returned Expenditure,Refunded Travel Costs
Governor,"BENNET, MICHAEL",Democratic,-373.3,12/6/25,United Airlines,Chicago,IL,60666,Returned Expenditure,Refunded Travel Costs
Governor,"BENNET, MICHAEL",Democratic,-166.49,12/6/25,United Airlines,Chicago,IL,60666,Returned Expenditure,Refunded Travel Costs
Governor,"BENNET, MICHAEL",Democratic,-41.91,12/6/25,United Airlines,Chicago,IL,60666,Returned Expenditure,Refunded Travel Costs
Governor,"BENNET, MICHAEL",Democratic,1509.66,12/7/25,Actblue,West Somerville,MA,02144,Bank Fees,Credit Card Processing
Governor,"BENNET, MICHAEL",Democratic,234,12/7/25,Usps,Superior,CO,80027,Office Equipment & Supplies,Postage
Governor,"BENNET, MICHAEL",Democratic,70,12/8/25,City And County Of Denver - Parking Department,Denver,CO,80202,Travel & Lodging,Parking
Governor,"BENNET, MICHAEL",Democratic,266.62,12/8/25,Embassy Suites,Phoenix,AZ,85016,Travel & Lodging,Lodging
Governor,"BENNET, MICHAEL",Democratic,45,12/8/25,First Bank,Lakewood,CO,80215,Bank Fees,Bank Fees
Governor,"BENNET, MICHAEL",Democratic,23.15,12/8/25,Usps,Superior,CO,80027,Office Equipment & Supplies,Postage
Governor,"BENNET, MICHAEL",Democratic,18.51,12/8/25,Zoom Video Communications,San Jose,CA,95113,Office Equipment & Supplies,Software
Governor,"BENNET, MICHAEL",Democratic,190.46,12/9/25,Carey Limousine,Washington,DC,20016,Travel & Lodging,Ground Transportation
Governor,"BENNET, MICHAEL",Democratic,869.6,12/9/25,Carey Limousine,Washington,DC,20016,Travel & Lodging,Ground Transportation
Governor,"BENNET, MICHAEL",Democratic,18.69,12/9/25,"Hover, Inc.",San Francisco,CA,94103,Office Equipment & Supplies,Software
Governor,"BENNET, MICHAEL",Democratic,18.69,12/9/25,"Hover, Inc.",San Francisco,CA,94103,Office Equipment & Supplies,Software
Governor,"BENNET, MICHAEL",Democratic,37.49,12/9/25,"Hover, Inc.",San Francisco,CA,94103,Office Equipment & Supplies,Software
Governor,"BENNET, MICHAEL",Democratic,110.97,12/9/25,Laz Parking,Denver,CO,80202,Travel & Lodging,Parking
Governor,"BENNET, MICHAEL",Democratic,224.3,12/9/25,United Airlines,Chicago,IL,60666,Travel & Lodging,Airfare
Governor,"BENNET, MICHAEL",Democratic,3769,12/9/25,United Healthcare,Minnetonka,MN,55343,Employee Services,Health Insurance
Governor,"BENNET, MICHAEL",Democratic,454.07,12/10/25,Cheese Meat Board,Denver,CO,80205,"Food, Beverages and Meals",Event - Food/Drink
Governor,"BENNET, MICHAEL",Democratic,167.6,12/10/25,Tommy  Dreyer,Louisville,CO,80027,Travel & Lodging,Reimbursement-Parking
Governor,"BENNET, MICHAEL",Democratic,205.6,12/10/25,Lexi  Hine,Louisville,CO,80027,Travel & Lodging,Reimbursement-Parking
Governor,"BENNET, MICHAEL",Democratic,1625,12/10/25,Lexi  Hine,Louisville,CO,80027,Consultant & Professional Services,Consultant
Governor,"BENNET, MICHAEL",Democratic,384,12/10/25,Mckinley  Mueller,Denver,CO,80201,Consultant & Professional Services,Consultant
Governor,"BENNET, MICHAEL",Democratic,195.47,12/10/25,Lisa  Robertson,Mclean,VA,22101,"Food, Beverages and Meals",Reimbursement-Event Food
Governor,"BENNET, MICHAEL",Democratic,2742.26,12/10/25,Savory Cuisines,Boulder,CO,80303,"Food, Beverages and Meals",Event - Food/Drink
Governor,"BENNET, MICHAEL",Democratic,3180,12/10/25,William  Schwartz,Miami,FL,33131,Consultant & Professional Services,Research Consulting
Governor,"BENNET, MICHAEL",Democratic,451.44,12/10/25,Marat  Washburn,Louisville,CO,80027,Travel & Lodging,Reimbursement Parking
Governor,"BENNET, MICHAEL",Democratic,10000,12/11/25,Gsl Llc,San Francisco,CA,94114,Consultant & Professional Services,Fundraising Consulting
Governor,"BENNET, MICHAEL",Democratic,28778.66,12/11/25,Gusto,San Francisco,CA,94107,Employee Services,Payroll
Governor,"BENNET, MICHAEL",Democratic,14520.55,12/11/25,Gusto,San Francisco,CA,94107,Employee Services,Payroll Taxes
Governor,"BENNET, MICHAEL",Democratic,18.69,12/11/25,"Hover, Inc.",San Francisco,CA,94103,Office Equipment & Supplies,Software
Governor,"BENNET, MICHAEL",Democratic,34.69,12/11/25,"Hover, Inc.",San Francisco,CA,94103,Office Equipment & Supplies,Software
Governor,"BENNET, MICHAEL",Democratic,34.69,12/11/25,"Hover, Inc.",San Francisco,CA,94103,Office Equipment & Supplies,Software
Governor,"BENNET, MICHAEL",Democratic,21.5,12/11/25,Joseph  Kennedy,Louisville,CO,80027,Travel & Lodging,Reimbursement-Mileage
Governor,"BENNET, MICHAEL",Democratic,57.85,12/11/25,Joseph  Kennedy,Louisville,CO,80027,Travel & Lodging,Reimbursement-Parking
Governor,"BENNET, MICHAEL",Democratic,135.4,12/11/25,Sydney  Schwalb,Louisville,CO,80027,Travel & Lodging,Reimbursement-Mileage
Governor,"BENNET, MICHAEL",Democratic,227.4,12/11/25,Sydney  Schwalb,Louisville,CO,80027,Travel & Lodging,Reimbursement-Parking
Governor,"BENNET, MICHAEL",Democratic,326.9,12/11/25,Sydney  Schwalb,Louisville,CO,80027,Travel & Lodging,Reimbursement-Parking
Governor,"BENNET, MICHAEL",Democratic,19.2,12/11/25,Usps,Superior,CO,80027,Office Equipment & Supplies,Postage
Governor,"BENNET, MICHAEL",Democratic,431.3,12/12/25,United Airlines,Chicago,IL,60666,Travel & Lodging,Airfare
Governor,"BENNET, MICHAEL",Democratic,2414.62,12/14/25,Actblue,West Somerville,MA,02144,Bank Fees,Credit Card Processing
Governor,"BENNET, MICHAEL",Democratic,27.49,12/14/25,Canva.Com,Camden,DE,19934,Office Equipment & Supplies,Software
Governor,"BENNET, MICHAEL",Democratic,254.19,12/14/25,Ezcater,Boston,MA,02109,"Food, Beverages and Meals",Event - Food/Drink
Governor,"BENNET, MICHAEL",Democratic,73.72,12/14/25,King Soopers,Glendale,CO,80246,"Food, Beverages and Meals",Event - Food/Drink
Governor,"BENNET, MICHAEL",Democratic,258.53,12/14/25,King Soopers,Glendale,CO,80246,"Food, Beverages and Meals",Event - Food/Drink
Governor,"BENNET, MICHAEL",Democratic,1016.54,12/14/25,Table 6,Denver,CO,80218,"Food, Beverages and Meals",Event - Food/Drink
Governor,"BENNET, MICHAEL",Democratic,682.63,12/14/25,The Lobby Restaurant,Denver,CO,80205,"Food, Beverages and Meals",Event - Venue/Food/Drink
Governor,"BENNET, MICHAEL",Democratic,36,12/15/25,Drop Inc,Hinsdale,IL,60521,Office Equipment & Supplies,Software
Governor,"BENNET, MICHAEL",Democratic,34.69,12/15/25,"Hover, Inc.",San Francisco,CA,94103,Office Equipment & Supplies,Software
Governor,"BENNET, MICHAEL",Democratic,14.59,12/15/25,Usps,Superior,CO,80027,Office Equipment & Supplies,Postage
Governor,"BENNET, MICHAEL",Democratic,361,12/16/25,Drop Inc,Hinsdale,IL,60521,Office Equipment & Supplies,Software
Governor,"BENNET, MICHAEL",Democratic,595.48,12/16/25,"Southwest Airlines, Inc.",Dallas,TX,75235,Travel & Lodging,Airfare
Governor,"BENNET, MICHAEL",Democratic,364.79,12/17/25,Zucker,New York,NY,10017,"Food, Beverages and Meals",Event - Food/Drink
Governor,"BENNET, MICHAEL",Democratic,22.93,12/18/25,Ups,Superior,CO,80027,Office Equipment & Supplies,Postage
Governor,"BENNET, MICHAEL",Democratic,24,12/18/25,Ups,Superior,CO,80027,Office Equipment & Supplies,Postage
Governor,"BENNET, MICHAEL",Democratic,-595.48,12/19/25,"Southwest Airlines, Inc.",Dallas,TX,75235,Returned Expenditure,Refunded Travel Costs
Governor,"BENNET, MICHAEL",Democratic,1502.5,12/21/25,Actblue,West Somerville,MA,02144,Bank Fees,Credit Card Processing
Governor,"BENNET, MICHAEL",Democratic,122,12/21/25,Pinnacol Assurance,Denver,CO,80256,Employee Services,Insurance
Governor,"BENNET, MICHAEL",Democratic,10.4,12/23/25,Usps,Superior,CO,80027,Office Equipment & Supplies,Postage
Governor,"BENNET, MICHAEL",Democratic,75,12/25/25,Intuit,Mountain View,CA,94043,Office Equipment & Supplies,Software
Governor,"BENNET, MICHAEL",Democratic,19.2,12/25/25,Usps,Superior,CO,80027,Office Equipment & Supplies,Postage
Governor,"BENNET, MICHAEL",Democratic,20,12/27/25,Feeding Colorado,Lafayette,CO,80026,Contributions,Contribution Of Impermissible Anonymous Funds
Governor,"BENNET, MICHAEL",Democratic,1006.83,12/28/25,Actblue,West Somerville,MA,02144,Bank Fees,Credit Card Processing
Governor,"BENNET, MICHAEL",Democratic,37.02,12/28/25,Zoom Video Communications,San Jose,CA,95113,Office Equipment & Supplies,Software
Governor,"BENNET, MICHAEL",Democratic,978.12,12/29/25,At&T,Carol Stream,IL,60197,Rent & Utilities,Telephone Service
Governor,"BENNET, MICHAEL",Democratic,2383.33,12/29/25,Chase  Cromwell,Denver,CO,80201,Consultant & Professional Services,Consultant
Governor,"BENNET, MICHAEL",Democratic,15970.43,12/29/25,Elias Law Group,Washington,DC,20002,Consultant & Professional Services,Legal Fees
Governor,"BENNET, MICHAEL",Democratic,5943.44,12/29/25,"Google, Inc",Mountain View,CA,94043,Office Equipment & Supplies,Software
Governor,"BENNET, MICHAEL",Democratic,4757.37,12/29/25,Gusto,San Francisco,CA,94107,Employee Services,Payroll Taxes
Governor,"BENNET, MICHAEL",Democratic,9371.69,12/29/25,Gusto,San Francisco,CA,94107,Employee Services,Payroll
Governor,"BENNET, MICHAEL",Democratic,31.95,12/29/25,Usps,Superior,CO,80027,Office Equipment & Supplies,Postage
Governor,"BENNET, MICHAEL",Democratic,400,12/29/25,Yamm,Brussels,,,Office Equipment & Supplies,Software
Governor,"BENNET, MICHAEL",Democratic,-55.56,12/29/25,Arizona Biltmore,Phoenix,AZ,85016,Returned Expenditure,Refunded Travel Costs
Governor,"BENNET, MICHAEL",Democratic,277.13,12/30/25,Amalgamated Bank,Washington,DC,20006,Bank Fees,Bank Fees
Governor,"BENNET, MICHAEL",Democratic,36,12/30/25,Drop Inc,Hinsdale,IL,60521,Office Equipment & Supplies,Software
Governor,"BENNET, MICHAEL",Democratic,36,12/30/25,Drop Inc,Hinsdale,IL,60521,Office Equipment & Supplies,Software
Governor,"BENNET, MICHAEL",Democratic,36,12/30/25,Drop Inc,Hinsdale,IL,60521,Office Equipment & Supplies,Software
Governor,"BENNET, MICHAEL",Democratic,155.2,12/30/25,First Bank,Lakewood,CO,80215,Bank Fees,Bank Fees
Governor,"BENNET, MICHAEL",Democratic,140.1,12/30/25,Mailchimp,Atlanta,GA,30308,Office Equipment & Supplies,Software
Governor,"BENNET, MICHAEL",Democratic,1210.39,12/31/25,Actblue,West Somerville,MA,02144,Bank Fees,Credit Card Processing
Governor,"BENNET, MICHAEL",Democratic,50,12/31/25,Jenifer  Brandeberry,Denver,CO,80220,"Food, Beverages and Meals",Reimbursement-Event Catering
Governor,"BENNET, MICHAEL",Democratic,37,12/31/25,Chase  Cromwell,Denver,CO,80201,Travel & Lodging,Reimbursement-Mileage
Governor,"BENNET, MICHAEL",Democratic,219.65,12/31/25,Chase  Cromwell,Denver,CO,80201,Travel & Lodging,Reimbursement-Parking
Governor,"BENNET, MICHAEL",Democratic,318.44,12/31/25,Chase  Cromwell,Denver,CO,80201,Office Equipment & Supplies,Reimbursement-Event Supplies
Governor,"BENNET, MICHAEL",Democratic,27.49,12/31/25,Hayley  Drapkin,Louisville,CO,80027,Office Equipment & Supplies,Reimbursement-Office Supplies
Governor,"BENNET, MICHAEL",Democratic,227.66,12/31/25,Hayley  Drapkin,Louisville,CO,80027,Travel & Lodging,Reimbursement-Parking
Governor,"BENNET, MICHAEL",Democratic,83.8,12/31/25,Tommy  Dreyer,Louisville,CO,80027,Travel & Lodging,Reimbursement-Parking
Governor,"BENNET, MICHAEL",Democratic,292.45,12/31/25,Logan  Dunning,Louisville,CO,80027,Travel & Lodging,Reimbursement-Parking
Governor,"BENNET, MICHAEL",Democratic,210,12/31/25,Sydney  Gart,Louisville,CO,80027,Travel & Lodging,Reimbursement-Mileage
Governor,"BENNET, MICHAEL",Democratic,490.07,12/31/25,Sydney  Gart,Louisville,CO,80027,"Food, Beverages and Meals",Reimbursement-Event Catering
Governor,"BENNET, MICHAEL",Democratic,209,12/31/25,Lexi  Hine,Louisville,CO,80027,Travel & Lodging,Reimbursement-Parking
Governor,"BENNET, MICHAEL",Democratic,39.85,12/31/25,Samantha  Padavic,Louisville,CO,80027,Travel & Lodging,Reimbursement-Mileage
Governor,"BENNET, MICHAEL",Democratic,72.59,12/31/25,Samantha  Padavic,Louisville,CO,80027,Travel & Lodging,Reimbursement-Ground Transportation
Governor,"BOTTOMS, SCOTT",Republican,20.61,1/6/25,Mailchimp,Atlanta,GA,30308,Office Equipment & Supplies,
Governor,"BOTTOMS, SCOTT",Republican,22,1/10/25,Squarespace,New York,NY,10014,Other,Credit Card Fees
Governor,"BOTTOMS, SCOTT",Republican,71.12,1/10/25,Deluxe Checks,Minneapolis,MN,55402,Contributions,Office Supplies
Governor,"BOTTOMS, SCOTT",Republican,1200,1/10/25,Colorado Senate Caucus,Denver,CO,80203,Contributions,Donations
Governor,"BOTTOMS, SCOTT",Republican,9.3,1/25/25,Winred,Arlington,VA,22203,Other,Credit Card Fees
Governor,"BOTTOMS, SCOTT",Republican,1.3,1/29/25,Winred,Arlington,VA,22203,Other,Credit Card Fees
Governor,"BOTTOMS, SCOTT",Republican,20.61,2/4/25,Intuit Mailchimp,Atlanta,GA,30308,Consultant & Professional Services,Email Services
Governor,"BOTTOMS, SCOTT",Republican,16.6,2/9/25,Anedot,New Orleans,LA,70112,Bank Fees,Anedot Fees
Governor,"BOTTOMS, SCOTT",Republican,22,2/10/25,Squarespace,New York,NY,10014,Consultant & Professional Services,Website Hosting
Governor,"BOTTOMS, SCOTT",Republican,33.6,2/16/25,Anedot,New Orleans,LA,70112,Other,Credit Card Fees
Governor,"BOTTOMS, SCOTT",Republican,343.37,2/24/25,Chase Bank,Houston,TX,77006,Travel & Lodging,Travel
Governor,"BOTTOMS, SCOTT",Republican,295.19,3/3/25,Ramada Inns,Denver,CO,80249,Travel & Lodging,Lodging
Governor,"BOTTOMS, SCOTT",Republican,0.26,3/3/25,Ramada Inns,Denver,CO,80249,Travel & Lodging,Lodging
Governor,"BOTTOMS, SCOTT",Republican,27.31,3/4/25,Mailchimp,Atlanta,GA,30308,Office Equipment & Supplies,
Governor,"BOTTOMS, SCOTT",Republican,4.3,3/8/25,Anedot,New Orleans,LA,70112,Other,Credit Card Fees
Governor,"BOTTOMS, SCOTT",Republican,22,3/10/25,Squarespace,New York,NY,10014,Other,Credit Card Fees
Governor,"BOTTOMS, SCOTT",Republican,276,3/11/25,Webflow,San Francisco,CA,94103,Office Equipment & Supplies,
Governor,"BOTTOMS, SCOTT",Republican,14.35,3/24/25,Winred,Arlington,VA,22203,Other,Credit Card Fees
Governor,"BOTTOMS, SCOTT",Republican,16.41,3/26/25,Winred,Arlington,VA,22203,Other,Credit Card Fees
Governor,"BOTTOMS, SCOTT",Republican,150,3/27/25,Paypal,San Jose,CA,95131,Office Equipment & Supplies,
Governor,"BOTTOMS, SCOTT",Republican,120,3/27/25,Paypal,San Jose,CA,95131,Other,Office Supplies
Governor,"BOTTOMS, SCOTT",Republican,3000,3/31/25,Corey  Gibson,Selah,WA,98942,Consultant & Professional Services,
Governor,"BOTTOMS, SCOTT",Republican,13.4,4/2/25,Google,Mountain View,CA,94043,Office Equipment & Supplies,Office Subscriptions
Governor,"BOTTOMS, SCOTT",Republican,0.99,4/3/25,Winred,Arlington,VA,22203,Other,Credit Card Fees
Governor,"BOTTOMS, SCOTT",Republican,20.61,4/4/25,Mailchimp,Atlanta,GA,30308,Office Equipment & Supplies,Office Subscriptions
Governor,"BOTTOMS, SCOTT",Republican,3000,4/6/25,Marble Cake Media Llc,Oroville,WA,98844,Consultant & Professional Services,
Governor,"BOTTOMS, SCOTT",Republican,82.03,4/6/25,Winred,Arlington,VA,22203,Other,Credit Card Fees
Governor,"BOTTOMS, SCOTT",Republican,275,4/7/25,North By Nine,Sheridan,WY,82801,Consultant & Professional Services,
Governor,"BOTTOMS, SCOTT",Republican,1000,4/8/25,Patrick  Bradford,Bedford,NH,03113,Consultant & Professional Services,
Governor,"BOTTOMS, SCOTT",Republican,750,4/8/25,Patrick  Bradford,Bedford,NH,03113,Consultant & Professional Services,
Governor,"BOTTOMS, SCOTT",Republican,22,4/10/25,Squarespace,New York,NY,10014,Other,Fees
Governor,"BOTTOMS, SCOTT",Republican,135.35,4/11/25,Winred,Arlington,VA,22203,Other,Credit Card Fees
Governor,"BOTTOMS, SCOTT",Republican,1.44,4/12/25,Winred,Arlington,VA,22203,Other,Credit Card Fees
Governor,"BOTTOMS, SCOTT",Republican,1.46,4/13/25,Winred,Arlington,VA,22203,Other,Credit Card Fees
Governor,"BOTTOMS, SCOTT",Republican,2.05,4/19/25,Winred,Arlington,VA,22203,Other,Credit Card Fees
Governor,"BOTTOMS, SCOTT",Republican,13.04,4/20/25,Winred,Arlington,VA,22203,Other,Credit Card Fees
Governor,"BOTTOMS, SCOTT",Republican,0.99,4/25/25,Winred,Arlington,VA,22203,Other,Credit Card Fees
Governor,"BOTTOMS, SCOTT",Republican,2.05,4/29/25,Winred,Arlington,VA,22203,Other,Credit Card Fees
Governor,"BOTTOMS, SCOTT",Republican,55.7,5/2/25,Google,Mountain View,CA,94043,Other,Website
Governor,"BOTTOMS, SCOTT",Republican,4.1,5/2/25,Winred,Arlington,VA,22203,Other,Credit Card Fees
Governor,"BOTTOMS, SCOTT",Republican,5.99,5/3/25,Winred,Arlington,VA,22203,Other,Credit Card Fees
Governor,"BOTTOMS, SCOTT",Republican,3.3,5/3/25,Anedot,New Orleans,LA,70112,Other,Credit Card Fees
Governor,"BOTTOMS, SCOTT",Republican,9.93,5/4/25,Winred,Arlington,VA,22203,Other,Credit Card Fees
Governor,"BOTTOMS, SCOTT",Republican,27.31,5/5/25,Mailchimp,Atlanta,GA,30308,Office Equipment & Supplies,Office Subscriptions
Governor,"BOTTOMS, SCOTT",Republican,1716,5/5/25,Scott  Bottoms,Colorado Springs,CO,80923,Travel & Lodging,
Governor,"BOTTOMS, SCOTT",Republican,5000,5/5/25,Marble Cake Media Llc,Oroville,WA,98844,Advertising,
Governor,"BOTTOMS, SCOTT",Republican,4.1,5/9/25,Winred,Arlington,VA,22203,Other,Credit Card Fees
Governor,"BOTTOMS, SCOTT",Republican,17.43,5/10/25,Winred,Arlington,VA,22203,Other,Credit Card Fees
Governor,"BOTTOMS, SCOTT",Republican,4.11,5/11/25,Winred,Arlington,VA,22203,Other,Credit Card Fees
Governor,"BOTTOMS, SCOTT",Republican,22,5/12/25,Squarespace,New York,NY,10014,Other,Fees
Governor,"BOTTOMS, SCOTT",Republican,21.54,5/13/25,Winred,Arlington,VA,22203,Other,Credit Card Fees
Governor,"BOTTOMS, SCOTT",Republican,5.99,5/14/25,Winred,Arlington,VA,22203,Other,Credit Card Fees
Governor,"BOTTOMS, SCOTT",Republican,612.5,5/15/25,Same Day Processing,Hudson,WI,54016,Consultant & Professional Services,
Governor,"BOTTOMS, SCOTT",Republican,6.15,5/16/25,Winred,Arlington,VA,22203,Other,Credit Card Fees
Governor,"BOTTOMS, SCOTT",Republican,3.04,5/18/25,Winred,Arlington,VA,22203,Other,Credit Card Fees
Governor,"BOTTOMS, SCOTT",Republican,24.45,5/22/25,Winred,Arlington,VA,22203,Other,Credit Card Fees
Governor,"BOTTOMS, SCOTT",Republican,20.51,5/23/25,Winred,Arlington,VA,22203,Other,Credit Card Fees
Governor,"BOTTOMS, SCOTT",Republican,0.99,5/24/25,Winred,Arlington,VA,22203,Other,Credit Card Fees
Governor,"BOTTOMS, SCOTT",Republican,700,5/27/25,Multitude Media,Colorado Springs,CO,80922,Consultant & Professional Services,
Governor,"BOTTOMS, SCOTT",Republican,0.36,6/1/25,Winred,Arlington,VA,22203,Other,Credit Card Fees
Governor,"BOTTOMS, SCOTT",Republican,10.43,6/2/25,Multitude Media,Colorado Springs,CO,80922,Consultant & Professional Services,
Governor,"BOTTOMS, SCOTT",Republican,71.77,6/2/25,Google,Mountain View,CA,94043,Other,Website
Governor,"BOTTOMS, SCOTT",Republican,58.62,6/3/25,Multitude Media,Colorado Springs,CO,80922,Consultant & Professional Services,
Governor,"BOTTOMS, SCOTT",Republican,550,6/3/25,North By Nine,Sheridan,WY,82801,Advertising,
Governor,"BOTTOMS, SCOTT",Republican,7000,6/3/25,Marble Cake Media Llc,Oroville,WA,98844,Advertising,
Governor,"BOTTOMS, SCOTT",Republican,2.05,6/3/25,Winred,Arlington,VA,22203,Other,Credit Card Fees
Governor,"BOTTOMS, SCOTT",Republican,34.01,6/4/25,Mailchimp,Atlanta,GA,30308,Office Equipment & Supplies,Office Subscriptions
Governor,"BOTTOMS, SCOTT",Republican,2.05,6/4/25,Winred,Arlington,VA,22203,Other,Credit Card Fees
Governor,"BOTTOMS, SCOTT",Republican,60.5,6/9/25,Winred,Arlington,VA,22203,Other,Credit Card Fees
Governor,"BOTTOMS, SCOTT",Republican,1.03,6/9/25,Winred,Arlington,VA,22203,Other,Credit Card Fees
Governor,"BOTTOMS, SCOTT",Republican,22,6/10/25,Squarespace,New York,NY,10014,Other,Credit Card Fees
Governor,"BOTTOMS, SCOTT",Republican,4.1,6/12/25,Winred,Arlington,VA,22203,Other,Credit Card Fees
Governor,"BOTTOMS, SCOTT",Republican,1.03,6/13/25,Winred,Arlington,VA,22203,Other,Credit Card Fees
Governor,"BOTTOMS, SCOTT",Republican,1250,6/13/25,John  Loudon,Lake Worth,FL,33460,Consultant & Professional Services,Social Media And Consultation
Governor,"BOTTOMS, SCOTT",Republican,5.13,6/16/25,Winred,Arlington,VA,22203,Other,Credit Card Fees
Governor,"BOTTOMS, SCOTT",Republican,20.1,6/17/25,Winred,Arlington,VA,22203,Other,Credit Card Fees
Governor,"BOTTOMS, SCOTT",Republican,4.1,6/21/25,Winred,Arlington,VA,22203,Other,Credit Card Fees
Governor,"BOTTOMS, SCOTT",Republican,500,6/23/25,Multitude Media,Colorado Springs,CO,80922,Consultant & Professional Services,
Governor,"BOTTOMS, SCOTT",Republican,11.24,6/24/25,Winred,Arlington,VA,22203,Other,Credit Card Fees
Governor,"BOTTOMS, SCOTT",Republican,10,6/25/25,Multitude Media,Colorado Springs,CO,80922,Consultant & Professional Services,
Governor,"BOTTOMS, SCOTT",Republican,1000,6/25/25,Multitude Media,Colorado Springs,CO,80922,Consultant & Professional Services,
Governor,"BOTTOMS, SCOTT",Republican,1000,6/25/25,Thomas  Chiavetta,Fort Collins,CO,80524,Contributions,Refunds
Governor,"BOTTOMS, SCOTT",Republican,149,6/26/25,Multitude Media,Colorado Springs,CO,80922,Consultant & Professional Services,
Governor,"BOTTOMS, SCOTT",Republican,18.45,6/29/25,Winred,Arlington,VA,22203,Other,Credit Card Fees
Governor,"BOTTOMS, SCOTT",Republican,20.49,6/30/25,Winred,Arlington,VA,22203,Other,Credit Card Fees
Governor,"BOTTOMS, SCOTT",Republican,1.85,7/1/25,Square,San Francisco,CA,94103,Other,Credit Card Fees
Governor,"BOTTOMS, SCOTT",Republican,77.92,7/2/25,Google,Mountain View,CA,94043,Other,Website
Governor,"BOTTOMS, SCOTT",Republican,165,7/2/25,Same Day Processing,Hudson,WI,54016,Consultant & Professional Services,Accounting Consulting
Governor,"BOTTOMS, SCOTT",Republican,275,7/2/25,Same Day Processing,Hudson,WI,54016,Consultant & Professional Services,Accounting
Governor,"BOTTOMS, SCOTT",Republican,1000,7/3/25,Dante,Arlington,VA,22207,Consultant & Professional Services,Digital Consulting
Governor,"BOTTOMS, SCOTT",Republican,9000,7/3/25,Marble Cake Media Llc,Oroville,WA,98844,Advertising,
Governor,"BOTTOMS, SCOTT",Republican,11.03,7/3/25,Multitude Media,Colorado Springs,CO,80922,Consultant & Professional Services,Digital Consulting
Governor,"BOTTOMS, SCOTT",Republican,13.84,7/3/25,Multitude Media,Colorado Springs,CO,80922,Advertising,
Governor,"BOTTOMS, SCOTT",Republican,17.77,7/4/25,Square,San Francisco,CA,94103,Other,Credit Card Fees
Governor,"BOTTOMS, SCOTT",Republican,34.01,7/8/25,Mailchimp,Atlanta,GA,30308,Office Equipment & Supplies,Office Subscriptions
Governor,"BOTTOMS, SCOTT",Republican,9.38,7/8/25,Printful Inc,Coppell,TX,75019,Advertising,Printing
Governor,"BOTTOMS, SCOTT",Republican,1,7/8/25,Square,San Francisco,CA,94103,Other,Credit Card Fees
Governor,"BOTTOMS, SCOTT",Republican,11.99,7/8/25,Scott  Bottoms,Colorado Springs,CO,80923,Office Equipment & Supplies,In Kind Donation - Dropbox Fee
Governor,"BOTTOMS, SCOTT",Republican,11.1,7/8/25,Scott  Bottoms,Colorado Springs,CO,80923,Office Equipment & Supplies,In Kind Donation - Postage
Governor,"BOTTOMS, SCOTT",Republican,20,7/8/25,Scott  Bottoms,Colorado Springs,CO,80923,Office Equipment & Supplies,In Kind - Open Ai
Governor,"BOTTOMS, SCOTT",Republican,60,7/8/25,Scott  Bottoms,Colorado Springs,CO,80923,"Food, Beverages and Meals",In-Kind - Lincoln Club Lunch
Governor,"BOTTOMS, SCOTT",Republican,18,7/8/25,Scott  Bottoms,Colorado Springs,CO,80923,Advertising,In Kind Donation - Contact Drive
Governor,"BOTTOMS, SCOTT",Republican,26.9,7/9/25,Anedot,New Orleans,LA,70112,Other,Credit Card Fees
Governor,"BOTTOMS, SCOTT",Republican,23.05,7/9/25,Printful Inc,Coppell,TX,75019,Advertising,Printing
Governor,"BOTTOMS, SCOTT",Republican,17.44,7/10/25,Winred,Arlington,VA,22203,Other,Credit Card Fees
Governor,"BOTTOMS, SCOTT",Republican,22,7/10/25,Squarespace,New York,NY,10014,Office Equipment & Supplies,Credit Card Fees
Governor,"BOTTOMS, SCOTT",Republican,4.3,7/11/25,Anedot,New Orleans,LA,70112,Other,Credit Card Fees
Governor,"BOTTOMS, SCOTT",Republican,40,7/11/25,Scott  Bottoms,Colorado Springs,CO,80923,Advertising,In Kind Donation - X Account
Governor,"BOTTOMS, SCOTT",Republican,8.3,7/13/25,Anedot,New Orleans,LA,70112,Other,Credit Card Fees
Governor,"BOTTOMS, SCOTT",Republican,135,7/14/25,Scott  Bottoms,Colorado Springs,CO,80923,Advertising,In Kind Donation - Montezuma County Dinner
Governor,"BOTTOMS, SCOTT",Republican,16.1,7/15/25,Anedot,New Orleans,LA,70112,Other,Credit Card Fees
Governor,"BOTTOMS, SCOTT",Republican,1000,7/16/25,Dante,Arlington,VA,22207,Consultant & Professional Services,Digital Consulting
Governor,"BOTTOMS, SCOTT",Republican,78,7/16/25,Usps,Colorado Springs,CO,80915,Office Equipment & Supplies,Shipping And Postage
Governor,"BOTTOMS, SCOTT",Republican,4.3,7/17/25,Anedot,New Orleans,LA,70112,Other,Credit Card Fees
Governor,"BOTTOMS, SCOTT",Republican,854.28,7/17/25,Winred,Arlington,VA,22203,Other,Credit Card Fees
Governor,"BOTTOMS, SCOTT",Republican,1.68,7/18/25,Stickeryou,Colorado Springs,CO,80919,Advertising,Printing
Governor,"BOTTOMS, SCOTT",Republican,167.89,7/18/25,Stickeryou,Colorado Springs,CO,80919,Advertising,Printing
Governor,"BOTTOMS, SCOTT",Republican,4.3,7/21/25,Anedot,New Orleans,LA,70112,Other,Credit Card Fees
Governor,"BOTTOMS, SCOTT",Republican,834.52,7/22/25,Scott  Bottoms,Colorado Springs,CO,80923,Travel & Lodging,In Kind Donation - Airline Flights For Fundraiser In Fl
Governor,"BOTTOMS, SCOTT",Republican,1.3,7/23/25,Anedot,New Orleans,LA,70112,Other,Credit Card Fees
Governor,"BOTTOMS, SCOTT",Republican,343.05,7/24/25,Winred,Arlington,VA,22203,Other,Credit Card Fees
Governor,"BOTTOMS, SCOTT",Republican,1000,7/25/25,Multitude Media,Colorado Springs,CO,80922,Advertising,
Governor,"BOTTOMS, SCOTT",Republican,1.5,7/27/25,Anedot,New Orleans,LA,70112,Other,Credit Card Fees
Governor,"BOTTOMS, SCOTT",Republican,450,7/28/25,Small Business Consulting,Colorado Springs,CO,80903,Consultant & Professional Services,Campaign Consulting
Governor,"BOTTOMS, SCOTT",Republican,2.3,7/29/25,Anedot,New Orleans,LA,70112,Other,Credit Card Fees
Governor,"BOTTOMS, SCOTT",Republican,60.8,7/30/25,Scott  Bottoms,Colorado Springs,CO,80923,"Food, Beverages and Meals",In Kind Donation - Meeting With Constituent
Governor,"BOTTOMS, SCOTT",Republican,319.71,7/31/25,Winred,Arlington,VA,22203,Other,Credit Card Fees
Governor,"BOTTOMS, SCOTT",Republican,22.9,7/31/25,Anedot,New Orleans,LA,70112,Other,Credit Card Fees
Governor,"BOTTOMS, SCOTT",Republican,30.91,8/1/25,Winred,Arlington,VA,22203,Other,Credit Card Fees
Governor,"BOTTOMS, SCOTT",Republican,25.14,8/2/25,Scott  Bottoms,Colorado Springs,CO,80923,Office Equipment & Supplies,In Kind Donation - Usps - Postage
Governor,"BOTTOMS, SCOTT",Republican,168,8/3/25,Scott  Bottoms,Colorado Springs,CO,80923,Travel & Lodging,In Kind Donation - Travel On Train From Orlando To Miami For Fundraiser
Governor,"BOTTOMS, SCOTT",Republican,80.15,8/4/25,Google,Mountain View,CA,94043,Other,Website
Governor,"BOTTOMS, SCOTT",Republican,34.01,8/4/25,Mailchimp,Atlanta,GA,30308,Office Equipment & Supplies,Office Subscriptions
Governor,"BOTTOMS, SCOTT",Republican,3.08,8/4/25,Winred,Arlington,VA,22203,Other,Credit Card Fees
Governor,"BOTTOMS, SCOTT",Republican,10000,8/4/25,Marble Cake Media Llc,Oroville,WA,98844,Advertising,
Governor,"BOTTOMS, SCOTT",Republican,30.07,8/4/25,Multitude Media,Colorado Springs,CO,80922,Advertising,
Governor,"BOTTOMS, SCOTT",Republican,173.12,8/4/25,Scott  Bottoms,Colorado Springs,CO,80923,Advertising,In Kind - Printing Thank You Cards And Envelopes
Governor,"BOTTOMS, SCOTT",Republican,462,8/5/25,Patrick  Bradford,,CO,,Consultant & Professional Services,Campaign Consulting
Governor,"BOTTOMS, SCOTT",Republican,1.03,8/5/25,Winred,Arlington,VA,22203,Other,Credit Card Fees
Governor,"BOTTOMS, SCOTT",Republican,275,8/5/25,North By Nine,Sheridan,WY,82801,Advertising,
Governor,"BOTTOMS, SCOTT",Republican,20.6,8/5/25,Scott  Bottoms,Colorado Springs,CO,80923,Other,In Kind -Adobe Software
Governor,"BOTTOMS, SCOTT",Republican,3.94,8/6/25,Winred,Arlington,VA,22203,Other,Credit Card Fees
Governor,"BOTTOMS, SCOTT",Republican,13.84,8/7/25,Scott  Bottoms,Colorado Springs,CO,80923,Advertising,In Kind - Travel On Train From Orlando To Miami For Fundraiser
Governor,"BOTTOMS, SCOTT",Republican,44.78,8/7/25,Scott  Bottoms,Colorado Springs,CO,80923,Travel & Lodging,In Kind - Travel On Train From Orlando To Miami For Fundraiser
Governor,"BOTTOMS, SCOTT",Republican,14.61,8/7/25,Scott  Bottoms,Colorado Springs,CO,80923,Travel & Lodging,In Kind _ Travel On Train From Orlando To Miami For Fundraiser
Governor,"BOTTOMS, SCOTT",Republican,8.97,8/7/25,Scott  Bottoms,Colorado Springs,CO,80923,Travel & Lodging,In Kind -Travel On Train From Orlando To Miami For Fundraiser
Governor,"BOTTOMS, SCOTT",Republican,20,8/8/25,Scott  Bottoms,Colorado Springs,CO,80923,Office Equipment & Supplies,In Kind - Open Ai Software
Governor,"BOTTOMS, SCOTT",Republican,74.38,8/9/25,Scott  Bottoms,Colorado Springs,CO,80923,Advertising,In Kind - Travel To Fundraiser
Governor,"BOTTOMS, SCOTT",Republican,40,8/9/25,Scott  Bottoms,Colorado Springs,CO,80923,Office Equipment & Supplies,In Kind - X Membership For Political
Governor,"BOTTOMS, SCOTT",Republican,22,8/11/25,Squarespace,New York,NY,10014,Other,Credit Card Fees
Governor,"BOTTOMS, SCOTT",Republican,3.09,8/11/25,Winred,Arlington,VA,22203,Other,Credit Card Fees
Governor,"BOTTOMS, SCOTT",Republican,1.66,8/11/25,Square,San Francisco,CA,94103,Other,Credit Card Fees
Governor,"BOTTOMS, SCOTT",Republican,46.95,8/12/25,Squarespace,New York,NY,10014,Office Equipment & Supplies,
Governor,"BOTTOMS, SCOTT",Republican,4.1,8/12/25,Winred,Arlington,VA,22203,Other,Credit Card Fees
Governor,"BOTTOMS, SCOTT",Republican,4.3,8/12/25,Anedot,New Orleans,LA,70112,Other,Credit Card Fees
Governor,"BOTTOMS, SCOTT",Republican,27.5,8/12/25,Scott  Bottoms,Colorado Springs,CO,80923,"Food, Beverages and Meals",In Kind - Meal - Meeting With Constituent
Governor,"BOTTOMS, SCOTT",Republican,17.27,8/14/25,Winred,Arlington,VA,22203,Other,Credit Card Fees
Governor,"BOTTOMS, SCOTT",Republican,7.6,8/14/25,Anedot,New Orleans,LA,70112,Other,Credit Card Fees
Governor,"BOTTOMS, SCOTT",Republican,40.63,8/14/25,Scott  Bottoms,Colorado Springs,CO,80923,Advertising,In Kind - Mtg With Constituent
Governor,"BOTTOMS, SCOTT",Republican,1000,8/15/25,Dante,Arlington,VA,22207,Consultant & Professional Services,Digital Consulting
Governor,"BOTTOMS, SCOTT",Republican,8.22,8/15/25,Square,San Francisco,CA,94103,Other,Credit Card Fees
Governor,"BOTTOMS, SCOTT",Republican,1.5,8/16/25,Anedot,New Orleans,LA,70112,Other,Credit Card Fees
Governor,"BOTTOMS, SCOTT",Republican,1.2,8/16/25,Square,San Francisco,CA,94103,Other,Credit Card Fees
Governor,"BOTTOMS, SCOTT",Republican,1000,8/18/25,Dante,Arlington,VA,22207,Consultant & Professional Services,Digital Consulting
Governor,"BOTTOMS, SCOTT",Republican,2.1,8/18/25,Square,San Francisco,CA,94103,Office Equipment & Supplies,Credit Card Fees
Governor,"BOTTOMS, SCOTT",Republican,78,8/18/25,Scott  Bottoms,Colorado Springs,CO,80923,Office Equipment & Supplies,In Kind Donation - Usps - Stamps
Governor,"BOTTOMS, SCOTT",Republican,78,8/19/25,Usps,Colorado Springs,CO,80915,Office Equipment & Supplies,Shipping And Postage
Governor,"BOTTOMS, SCOTT",Republican,1000,8/19/25,John  Loudon,Lake Worth,FL,33460,Consultant & Professional Services,
Governor,"BOTTOMS, SCOTT",Republican,4.3,8/20/25,Anedot,New Orleans,LA,70112,Other,Credit Card Fees
Governor,"BOTTOMS, SCOTT",Republican,2.2,8/20/25,Square,San Francisco,CA,94103,Other,Credit Card Fees
Governor,"BOTTOMS, SCOTT",Republican,112.38,8/21/25,Winred,Arlington,VA,22203,Other,Credit Card Fees
Governor,"BOTTOMS, SCOTT",Republican,29,8/21/25,Scott  Bottoms,Colorado Springs,CO,80923,Other,In Kind - Video Software - Opusclip
Governor,"BOTTOMS, SCOTT",Republican,58.3,8/22/25,Anedot,New Orleans,LA,70112,Other,Credit Card Fees
Governor,"BOTTOMS, SCOTT",Republican,2.13,8/22/25,Square,San Francisco,CA,94103,Other,Credit Card Fees
Governor,"BOTTOMS, SCOTT",Republican,29.1,8/24/25,Anedot,New Orleans,LA,70112,Other,Credit Card Fees
Governor,"BOTTOMS, SCOTT",Republican,135.25,8/25/25,Xpress Prints,San Francisco,CA,94112,Advertising,Printing
Governor,"BOTTOMS, SCOTT",Republican,1000,8/25/25,Multitude Media,Colorado Springs,CO,80922,Advertising,
Governor,"BOTTOMS, SCOTT",Republican,11.09,8/25/25,Scott  Bottoms,Colorado Springs,CO,80923,Advertising,In-Kind - Amazon - Office Supplies
Governor,"BOTTOMS, SCOTT",Republican,181.29,8/25/25,Scott  Bottoms,Colorado Springs,CO,80923,Advertising,In Kind - Hotel Stay Double Tree
Governor,"BOTTOMS, SCOTT",Republican,88.99,8/26/25,Printful Inc,Coppell,TX,75019,Advertising,Printing
Governor,"BOTTOMS, SCOTT",Republican,1.7,8/26/25,Anedot,New Orleans,LA,70112,Other,Credit Card Fees
Governor,"BOTTOMS, SCOTT",Republican,3.35,8/26/25,Square,San Francisco,CA,94103,Other,Credit Card Fees
Governor,"BOTTOMS, SCOTT",Republican,8.93,8/27/25,Scott  Bottoms,Colorado Springs,CO,80923,Advertising,In Kind - Office Supplies
Governor,"BOTTOMS, SCOTT",Republican,21.18,8/28/25,Winred,Arlington,VA,22203,Other,Credit Card Fees
Governor,"BOTTOMS, SCOTT",Republican,68.3,8/28/25,Anedot,New Orleans,LA,70112,Other,Credit Card Fees
Governor,"BOTTOMS, SCOTT",Republican,14.63,8/29/25,Scott  Bottoms,Colorado Springs,CO,80923,Advertising,In Kind - Meet And Greet Coffee House 29
Governor,"BOTTOMS, SCOTT",Republican,1.7,8/30/25,Anedot,New Orleans,LA,70112,Other,Credit Card Fees
Governor,"BOTTOMS, SCOTT",Republican,5.5,8/31/25,Anedot,New Orleans,LA,70112,Other,Credit Card Fees
Governor,"BOTTOMS, SCOTT",Republican,29.95,8/31/25,Winred,Arlington,VA,22203,Other,Credit Card Fees
Governor,"BOTTOMS, SCOTT",Republican,3.88,8/31/25,Square,San Francisco,CA,94103,Other,Credit Card Fees
Governor,"BOTTOMS, SCOTT",Republican,80,8/31/25,Scott  Bottoms,Colorado Springs,CO,80923,Other,In Kind - Ldd Bent County
Governor,"BOTTOMS, SCOTT",Republican,1,9/1/25,Square,San Francisco,CA,94103,Other,Credit Card Fees
Governor,"BOTTOMS, SCOTT",Republican,86.58,9/2/25,Google,Mountain View,CA,94043,Other,Website
Governor,"BOTTOMS, SCOTT",Republican,230.49,9/2/25,Imprint,Houston,TX,77083,Advertising,Printing
Governor,"BOTTOMS, SCOTT",Republican,10000,9/2/25,Marble Cake Media Llc,Oroville,WA,98844,Advertising,
Governor,"BOTTOMS, SCOTT",Republican,23.57,9/2/25,Multitude Media,Colorado Springs,CO,80922,Advertising,
Governor,"BOTTOMS, SCOTT",Republican,10.01,9/2/25,Multitude Media,Colorado Springs,CO,80922,Advertising,
Governor,"BOTTOMS, SCOTT",Republican,6.8,9/3/25,Anedot,New Orleans,LA,70112,Other,Credit Card Fees
Governor,"BOTTOMS, SCOTT",Republican,22.17,9/3/25,Multitude Media,Colorado Springs,CO,80922,Advertising,
Governor,"BOTTOMS, SCOTT",Republican,34.01,9/4/25,Mailchimp,Atlanta,GA,30308,Office Equipment & Supplies,Office Subscriptions
Governor,"BOTTOMS, SCOTT",Republican,4.11,9/4/25,Winred,Arlington,VA,22203,Other,Credit Card Fees
Governor,"BOTTOMS, SCOTT",Republican,20.6,9/5/25,Anedot,New Orleans,LA,70112,Other,Credit Card Fees
Governor,"BOTTOMS, SCOTT",Republican,20,9/5/25,Scott  Bottoms,Colorado Springs,CO,80923,Advertising,In Kind - Software - Chatgpt
Governor,"BOTTOMS, SCOTT",Republican,10.8,9/7/25,Anedot,New Orleans,LA,70112,Other,Credit Card Fees
Governor,"BOTTOMS, SCOTT",Republican,3.66,9/8/25,Square,San Francisco,CA,94103,Other,Credit Card Fees
Governor,"BOTTOMS, SCOTT",Republican,2.9,9/8/25,Square,San Francisco,CA,94103,Other,Credit Card Fees
Governor,"BOTTOMS, SCOTT",Republican,54.95,9/9/25,Squarespace,New York,NY,10014,Office Equipment & Supplies,
Governor,"BOTTOMS, SCOTT",Republican,14.5,9/9/25,Printful Inc,Coppell,TX,75019,Advertising,Printing
Governor,"BOTTOMS, SCOTT",Republican,15.63,9/9/25,Printful Inc,Coppell,TX,75019,Advertising,Printing
Governor,"BOTTOMS, SCOTT",Republican,22,9/10/25,Squarespace,New York,NY,10014,Other,Credit Card Fees
Governor,"BOTTOMS, SCOTT",Republican,10.02,9/10/25,Multitude Media,Colorado Springs,CO,80922,Advertising,
Governor,"BOTTOMS, SCOTT",Republican,20,9/10/25,Scott  Bottoms,Colorado Springs,CO,80923,Advertising,In Kind - Open Ai
Governor,"BOTTOMS, SCOTT",Republican,10.04,9/11/25,Multitude Media,Colorado Springs,CO,80922,Advertising,
Governor,"BOTTOMS, SCOTT",Republican,54.99,9/12/25,Printful Inc,Coppell,TX,75019,Advertising,
Governor,"BOTTOMS, SCOTT",Republican,43.55,9/12/25,Printful Inc,Coppell,TX,75019,Advertising,Printing
Governor,"BOTTOMS, SCOTT",Republican,39.05,9/12/25,Printful Inc,Coppell,TX,75019,Advertising,Printing
Governor,"BOTTOMS, SCOTT",Republican,8.46,9/12/25,Square,San Francisco,CA,94103,Other,Credit Card Fees
Governor,"BOTTOMS, SCOTT",Republican,10.13,9/12/25,Multitude Media,Colorado Springs,CO,80922,Advertising,
Governor,"BOTTOMS, SCOTT",Republican,4.3,9/13/25,Anedot,New Orleans,LA,70112,Other,Credit Card Fees
Governor,"BOTTOMS, SCOTT",Republican,72.54,9/13/25,Scott  Bottoms,Colorado Springs,CO,80923,Advertising,In Kind - Campaign Shirts
Governor,"BOTTOMS, SCOTT",Republican,1000,9/15/25,Dante,Arlington,VA,22207,Consultant & Professional Services,Digital Consulting
Governor,"BOTTOMS, SCOTT",Republican,14.5,9/15/25,Printful Inc,Coppell,TX,75019,Advertising,Printing
Governor,"BOTTOMS, SCOTT",Republican,31.35,9/15/25,Printful Inc,Coppell,TX,75019,Advertising,Printing
Governor,"BOTTOMS, SCOTT",Republican,50.55,9/15/25,Printful Inc,Coppell,TX,75019,Advertising,Printing
Governor,"BOTTOMS, SCOTT",Republican,60.25,9/15/25,Printful Inc,Coppell,TX,75019,Advertising,Printing
Governor,"BOTTOMS, SCOTT",Republican,123.04,9/15/25,Printful Inc,Coppell,TX,75019,Advertising,Printing
Governor,"BOTTOMS, SCOTT",Republican,63.32,9/15/25,Printful Inc,Coppell,TX,75019,Advertising,Printing
Governor,"BOTTOMS, SCOTT",Republican,67.53,9/15/25,Printful Inc,Coppell,TX,75019,Advertising,Printing
Governor,"BOTTOMS, SCOTT",Republican,113.16,9/15/25,Printful Inc,Coppell,TX,75019,Advertising,Printing
Governor,"BOTTOMS, SCOTT",Republican,115.66,9/15/25,Printful Inc,Coppell,TX,75019,Advertising,Printing
Governor,"BOTTOMS, SCOTT",Republican,2.8,9/15/25,Anedot,New Orleans,LA,70112,Other,Credit Card Fees
Governor,"BOTTOMS, SCOTT",Republican,0.71,9/15/25,Square,San Francisco,CA,94103,Other,Credit Card Fees
Governor,"BOTTOMS, SCOTT",Republican,10,9/15/25,Multitude Media,Colorado Springs,CO,80922,Advertising,
Governor,"BOTTOMS, SCOTT",Republican,9.17,9/16/25,Printful Inc,Coppell,TX,75019,Advertising,Printing
Governor,"BOTTOMS, SCOTT",Republican,1.59,9/16/25,Square,San Francisco,CA,94103,Other,Credit Card Fees
Governor,"BOTTOMS, SCOTT",Republican,10,9/16/25,Multitude Media,Colorado Springs,CO,80922,Advertising,
Governor,"BOTTOMS, SCOTT",Republican,10.02,9/16/25,Multitude Media,Colorado Springs,CO,80922,Advertising,
Governor,"BOTTOMS, SCOTT",Republican,260.37,9/16/25,Scott  Bottoms,Colorado Springs,CO,80923,"Food, Beverages and Meals",In Kind - Ldd Dinner Tickets
Governor,"BOTTOMS, SCOTT",Republican,33.55,9/17/25,Printful Inc,Coppell,TX,75019,Advertising,Printing
Governor,"BOTTOMS, SCOTT",Republican,10,9/17/25,Multitude Media,Colorado Springs,CO,80922,Advertising,
Governor,"BOTTOMS, SCOTT",Republican,260.25,9/18/25,Winred,Arlington,VA,22203,Contributions,Contribution Refund
Governor,"BOTTOMS, SCOTT",Republican,33.31,9/18/25,Winred,Arlington,VA,22203,Other,Credit Card Fees
Governor,"BOTTOMS, SCOTT",Republican,1.95,9/18/25,Square,San Francisco,CA,94103,Other,Credit Card Fees
Governor,"BOTTOMS, SCOTT",Republican,10.01,9/18/25,Multitude Media,Colorado Springs,CO,80922,Advertising,
Governor,"BOTTOMS, SCOTT",Republican,10,9/18/25,Multitude Media,Colorado Springs,CO,80922,Advertising,
Governor,"BOTTOMS, SCOTT",Republican,4.3,9/21/25,Anedot,New Orleans,LA,70112,Other,Credit Card Fees
Governor,"BOTTOMS, SCOTT",Republican,1.08,9/22/25,Square,San Francisco,CA,94103,Other,Credit Card Fees
Governor,"BOTTOMS, SCOTT",Republican,24.99,9/23/25,Printful Inc,Coppell,TX,75019,Advertising,Printing
Governor,"BOTTOMS, SCOTT",Republican,16.91,9/23/25,Printful Inc,Coppell,TX,75019,Advertising,Printing
Governor,"BOTTOMS, SCOTT",Republican,3.67,9/23/25,,,,,"Food, Beverages and Meals",Meeting With Constituent
Governor,"BOTTOMS, SCOTT",Republican,26.51,9/24/25,Scott  Bottoms,Colorado Springs,CO,80923,"Food, Beverages and Meals",Meal On West Slope Tour
Governor,"BOTTOMS, SCOTT",Republican,34.29,9/25/25,Printful Inc,Coppell,TX,75019,Advertising,Printing
Governor,"BOTTOMS, SCOTT",Republican,43.13,9/25/25,Winred,Arlington,VA,22203,Other,Credit Card Fees
Governor,"BOTTOMS, SCOTT",Republican,2.4,9/25/25,Square,San Francisco,CA,94103,Other,Credit Card Fees
Governor,"BOTTOMS, SCOTT",Republican,10.01,9/25/25,Multitude Media,Colorado Springs,CO,80922,Advertising,
Governor,"BOTTOMS, SCOTT",Republican,10,9/25/25,Multitude Media,Colorado Springs,CO,80922,Advertising,
Governor,"BOTTOMS, SCOTT",Republican,1000,9/25/25,Multitude Media,Colorado Springs,CO,80922,Advertising,
Governor,"BOTTOMS, SCOTT",Republican,24.7,9/25/25,Scott  Bottoms,Colorado Springs,CO,80923,"Food, Beverages and Meals",Meal On Campaign Trail
Governor,"BOTTOMS, SCOTT",Republican,22.77,9/25/25,Scott  Bottoms,Colorado Springs,CO,80923,"Food, Beverages and Meals",In Kind - Meeting Constituents
Governor,"BOTTOMS, SCOTT",Republican,1.5,9/25/25,Scott  Bottoms,Colorado Springs,CO,80923,Miscellaneous,Parking For Gop Meeting
Governor,"BOTTOMS, SCOTT",Republican,49.32,9/25/25,Scott  Bottoms,Colorado Springs,CO,80923,Travel & Lodging,Fuel For West Slope Tour
Governor,"BOTTOMS, SCOTT",Republican,13.71,9/25/25,Scott  Bottoms,Colorado Springs,CO,80923,"Food, Beverages and Meals",Breakfast On West Slope Tour
Governor,"BOTTOMS, SCOTT",Republican,50.79,9/25/25,Scott  Bottoms,Colorado Springs,CO,80923,Travel & Lodging,Fuel For West Slope Tour
Governor,"BOTTOMS, SCOTT",Republican,20.24,9/26/25,Printful Inc,Coppell,TX,75019,Advertising,Printing
Governor,"BOTTOMS, SCOTT",Republican,1.2,9/26/25,Square,San Francisco,CA,94103,Other,Credit Card Fees
Governor,"BOTTOMS, SCOTT",Republican,3.39,9/26/25,Square,San Francisco,CA,94103,Other,Credit Card Fees
Governor,"BOTTOMS, SCOTT",Republican,57.03,9/27/25,Scott  Bottoms,Colorado Springs,CO,80923,"Food, Beverages and Meals",Meal On West Slope Tour
Governor,"BOTTOMS, SCOTT",Republican,44.02,9/27/25,Scott  Bottoms,Colorado Springs,CO,80923,Travel & Lodging,Fuel For West Slope Tour
Governor,"BOTTOMS, SCOTT",Republican,467.24,9/27/25,Scott  Bottoms,Colorado Springs,CO,80923,Travel & Lodging,Hotel Stay For West Slope Tour
Governor,"BOTTOMS, SCOTT",Republican,57.24,9/28/25,Scott  Bottoms,Colorado Springs,CO,80923,"Food, Beverages and Meals",Meal For West Slope Tour
Governor,"BOTTOMS, SCOTT",Republican,60.85,9/28/25,Scott  Bottoms,Colorado Springs,CO,80923,Travel & Lodging,Fuel For West Slope Tour
Governor,"BOTTOMS, SCOTT",Republican,11.65,9/28/25,Scott  Bottoms,Colorado Springs,CO,80923,"Food, Beverages and Meals",Meal For West Slope Tour
Governor,"BOTTOMS, SCOTT",Republican,213.81,9/29/25,Scott  Bottoms,Colorado Springs,CO,80923,Travel & Lodging,Lodging For West Slope Tour
Governor,"BOTTOMS, SCOTT",Republican,4.67,9/29/25,Scott  Bottoms,Colorado Springs,CO,80923,"Food, Beverages and Meals",Meeting With Constituent
Governor,"BOTTOMS, SCOTT",Republican,3.04,9/30/25,Winred,Arlington,VA,22203,Other,Credit Card Fees
Governor,"BOTTOMS, SCOTT",Republican,10,9/30/25,Multitude Media,Colorado Springs,CO,80922,Advertising,
Governor,"BOTTOMS, SCOTT",Republican,100,9/30/25,Scott  Bottoms,Colorado Springs,CO,80923,Contributions,Contribution Refunds
Governor,"BOTTOMS, SCOTT",Republican,600,9/30/25,Scott  Bottoms,Colorado Springs,CO,80923,Advertising,Contribution Refunds
Governor,"BOTTOMS, SCOTT",Republican,30.4,10/2/25,Anedot,New Orleans,LA,70112,Miscellaneous,Credit Card Fees
Governor,"BOTTOMS, SCOTT",Republican,86.58,10/2/25,Google,Mountain View,CA,94043,Other,
Governor,"BOTTOMS, SCOTT",Republican,22.89,10/3/25,Multitude Media,Colorado Springs,CO,80922,Consultant & Professional Services,Digital Consulting
Governor,"BOTTOMS, SCOTT",Republican,7500,10/3/25,Marble Cake Media Llc,Oroville,WA,98844,Advertising,
Governor,"BOTTOMS, SCOTT",Republican,43.81,10/4/25,Scott  Bottoms,Colorado Springs,CO,80923,Travel & Lodging,In-Kind Donation
Governor,"BOTTOMS, SCOTT",Republican,7.4,10/4/25,Anedot,New Orleans,LA,70112,Other,Credit Card Fees
Governor,"BOTTOMS, SCOTT",Republican,20.6,10/5/25,Scott  Bottoms,Colorado Springs,CO,80923,Advertising,Adobe Software
Governor,"BOTTOMS, SCOTT",Republican,1,10/5/25,Square,San Francisco,CA,94103,Other,Credit Card Fees
Governor,"BOTTOMS, SCOTT",Republican,3.67,10/6/25,Scott  Bottoms,Colorado Springs,CO,80923,Advertising,Meeting With Constituent
Governor,"BOTTOMS, SCOTT",Republican,35.68,10/6/25,Scott  Bottoms,Colorado Springs,CO,80923,Advertising,Meal With Constituent
Governor,"BOTTOMS, SCOTT",Republican,10,10/6/25,Multitude Media,Colorado Springs,CO,80922,Consultant & Professional Services,Digital Consulting
Governor,"BOTTOMS, SCOTT",Republican,29,10/6/25,Multitude Media,Colorado Springs,CO,80922,Consultant & Professional Services,Digital Consulting
Governor,"BOTTOMS, SCOTT",Republican,34.01,10/6/25,Mailchimp,Atlanta,GA,30308,Office Equipment & Supplies,
Governor,"BOTTOMS, SCOTT",Republican,20.95,10/6/25,Printful Inc,Coppell,TX,75019,Other,
Governor,"BOTTOMS, SCOTT",Republican,45.16,10/7/25,Scott  Bottoms,Colorado Springs,CO,80923,Advertising,Fuel For Southeast Trip
Governor,"BOTTOMS, SCOTT",Republican,10,10/7/25,Multitude Media,Colorado Springs,CO,80922,Consultant & Professional Services,Digital Consulting
Governor,"BOTTOMS, SCOTT",Republican,20,10/8/25,Scott  Bottoms,Colorado Springs,CO,80923,Advertising,Open Ai
Governor,"BOTTOMS, SCOTT",Republican,48.92,10/9/25,Scott  Bottoms,Colorado Springs,CO,80923,Advertising,Fuel For Campaign Trip
Governor,"BOTTOMS, SCOTT",Republican,73.02,10/9/25,Winred,Arlington,VA,22203,Other,Credit Card Fees
Governor,"BOTTOMS, SCOTT",Republican,73.02,10/9/25,Winred,Arlington,VA,22203,Other,Credit Card Fees
Governor,"BOTTOMS, SCOTT",Republican,30,10/10/25,Scott  Bottoms,Colorado Springs,CO,80923,Advertising,Monthly Canva Fee
Governor,"BOTTOMS, SCOTT",Republican,28.6,10/10/25,Anedot,New Orleans,LA,70112,Other,Credit Card Fees
Governor,"BOTTOMS, SCOTT",Republican,22,10/10/25,Squarespace,New York,NY,10014,Other,Fees
Governor,"BOTTOMS, SCOTT",Republican,1.46,10/12/25,Square,San Francisco,CA,94103,Other,Credit Card Fees
Governor,"BOTTOMS, SCOTT",Republican,5.41,10/13/25,Scott  Bottoms,Colorado Springs,CO,80923,"Food, Beverages and Meals",In-Kind Donation - Constituent Mtg.
Governor,"BOTTOMS, SCOTT",Republican,6.5,10/13/25,Scott  Bottoms,Colorado Springs,CO,80923,"Food, Beverages and Meals",In Kind - Constituent Mtg
Governor,"BOTTOMS, SCOTT",Republican,250,10/14/25,Scott  Bottoms,Colorado Springs,CO,80923,"Food, Beverages and Meals","In-Kind
Ldd - Boulder"
Governor,"BOTTOMS, SCOTT",Republican,40.84,10/14/25,Scott  Bottoms,Colorado Springs,CO,80923,Travel & Lodging,In-Kind - Fuel
Governor,"BOTTOMS, SCOTT",Republican,9.5,10/14/25,Anedot,New Orleans,LA,70112,Other,Credit Card Fees
Governor,"BOTTOMS, SCOTT",Republican,1.72,10/14/25,Square,San Francisco,CA,94103,Other,Credit Card Fees
Governor,"BOTTOMS, SCOTT",Republican,2.3,10/14/25,Square,San Francisco,CA,94103,Other,Credit Card Fees
Governor,"BOTTOMS, SCOTT",Republican,25.86,10/14/25,Printful Inc,Coppell,TX,75019,Other,
Governor,"BOTTOMS, SCOTT",Republican,10,10/15/25,Multitude Media,Colorado Springs,CO,80922,Consultant & Professional Services,Digital Consulting
Governor,"BOTTOMS, SCOTT",Republican,10.01,10/15/25,Multitude Media,Colorado Springs,CO,80922,Consultant & Professional Services,
Governor,"BOTTOMS, SCOTT",Republican,1500,10/15/25,Dante,Arlington,VA,22207,Consultant & Professional Services,
Governor,"BOTTOMS, SCOTT",Republican,52.3,10/16/25,Winred,Arlington,VA,22203,Other,Credit Card Fees
Governor,"BOTTOMS, SCOTT",Republican,9.9,10/16/25,Anedot,New Orleans,LA,70112,Other,Credit Card Fees
Governor,"BOTTOMS, SCOTT",Republican,48.17,10/17/25,Scott  Bottoms,Colorado Springs,CO,80923,Travel & Lodging,In-Kind - Fuel
Governor,"BOTTOMS, SCOTT",Republican,4,10/17/25,Scott  Bottoms,Colorado Springs,CO,80923,Miscellaneous,In-Kind - Parking For Constituent Mtg
Governor,"BOTTOMS, SCOTT",Republican,8.9,10/18/25,Anedot,New Orleans,LA,70112,Other,Credit Card Fees
Governor,"BOTTOMS, SCOTT",Republican,11.5,10/20/25,Anedot,New Orleans,LA,70112,Other,Credit Card Fees
Governor,"BOTTOMS, SCOTT",Republican,1500,10/20/25,Marble Cake Media Llc,Oroville,WA,98844,Advertising,
Governor,"BOTTOMS, SCOTT",Republican,84.06,10/20/25,Printful Inc,Coppell,TX,75019,Other,
Governor,"BOTTOMS, SCOTT",Republican,41.14,10/20/25,Printful Inc,Coppell,TX,75019,Other,
Governor,"BOTTOMS, SCOTT",Republican,52.1,10/20/25,Printful Inc,Coppell,TX,75019,Other,
Governor,"BOTTOMS, SCOTT",Republican,57.86,10/20/25,Printful Inc,Coppell,TX,75019,Other,
Governor,"BOTTOMS, SCOTT",Republican,62.48,10/20/25,Printful Inc,Coppell,TX,75019,Other,
Governor,"BOTTOMS, SCOTT",Republican,30.9,10/21/25,Scott  Bottoms,Colorado Springs,CO,80923,Travel & Lodging,In-Kind - Fuel
Governor,"BOTTOMS, SCOTT",Republican,26.92,10/21/25,Scott  Bottoms,Colorado Springs,CO,80923,Travel & Lodging,In-Kind - Fuel
Governor,"BOTTOMS, SCOTT",Republican,239.54,10/21/25,Imprint.Com,Houston,TX,77083,Other,
Governor,"BOTTOMS, SCOTT",Republican,29,10/22/25,Scott  Bottoms,Colorado Springs,CO,80923,Office Equipment & Supplies,In-Kind - Software
Governor,"BOTTOMS, SCOTT",Republican,31.6,10/22/25,Anedot,New Orleans,LA,70112,Other,Credit Card Fees
Governor,"BOTTOMS, SCOTT",Republican,10,10/22/25,Multitude Media,Colorado Springs,CO,80922,Consultant & Professional Services,
Governor,"BOTTOMS, SCOTT",Republican,10,10/22/25,Multitude Media,Colorado Springs,CO,80922,Consultant & Professional Services,
Governor,"BOTTOMS, SCOTT",Republican,44.79,10/23/25,Winred,Arlington,VA,22203,Other,Credit Card Fees
Governor,"BOTTOMS, SCOTT",Republican,1.01,10/23/25,Square,San Francisco,CA,94103,Other,Credit Card Fees
Governor,"BOTTOMS, SCOTT",Republican,24.99,10/23/25,Printful Inc,Coppell,TX,75019,Other,
Governor,"BOTTOMS, SCOTT",Republican,4.2,10/24/25,Anedot,New Orleans,LA,70112,Other,Credit Card Fees
Governor,"BOTTOMS, SCOTT",Republican,490,10/24/25,Same Day Processing,Hudson,WI,54016,Consultant & Professional Services,Compliance Consulting
Governor,"BOTTOMS, SCOTT",Republican,10.01,10/24/25,Multitude Media,Colorado Springs,CO,80922,Consultant & Professional Services,
Governor,"BOTTOMS, SCOTT",Republican,7.6,10/26/25,Anedot,New Orleans,LA,70112,Other,Credit Card Fees
Governor,"BOTTOMS, SCOTT",Republican,1000,10/27/25,Multitude Media,Colorado Springs,CO,80922,Consultant & Professional Services,
Governor,"BOTTOMS, SCOTT",Republican,5.1,10/28/25,Anedot,New Orleans,LA,70112,Other,Credit Card Fees
Governor,"BOTTOMS, SCOTT",Republican,32.32,10/29/25,Printful Inc,Coppell,TX,75019,Other,
Governor,"BOTTOMS, SCOTT",Republican,12.27,10/30/25,Winred,Arlington,VA,22203,Other,Credit Card Fees
Governor,"BOTTOMS, SCOTT",Republican,14.3,10/30/25,Anedot,New Orleans,LA,70112,Other,Credit Card Fees
Governor,"BOTTOMS, SCOTT",Republican,1200,10/30/25,Marble Cake Media Llc,Oroville,WA,98844,Advertising,
Governor,"BOTTOMS, SCOTT",Republican,10.05,10/30/25,Multitude Media,Colorado Springs,CO,80922,Consultant & Professional Services,
Governor,"BOTTOMS, SCOTT",Republican,1245.02,10/31/25,Scott  Bottoms,Colorado Springs,CO,80923,Travel & Lodging,In-Kind - Tolls For Campaign Travel
Governor,"BOTTOMS, SCOTT",Republican,91.97,10/31/25,Scott  Bottoms,Colorado Springs,CO,80923,Advertising,In-Kind - Printing
Governor,"BOTTOMS, SCOTT",Republican,2.9,10/31/25,Anedot,New Orleans,LA,70112,Other,Credit Card Fees
Governor,"BOTTOMS, SCOTT",Republican,10,10/31/25,Multitude Media,Colorado Springs,CO,80922,Consultant & Professional Services,
Governor,"BOTTOMS, SCOTT",Republican,10.01,10/31/25,Multitude Media,Colorado Springs,CO,80922,Consultant & Professional Services,
Governor,"BOTTOMS, SCOTT",Republican,121.43,11/1/25,Steve  Shannon,Peyton,CO,80831,"Food, Beverages and Meals",In Kind Food And Beverage
Governor,"BOTTOMS, SCOTT",Republican,3.1,11/2/25,Anedot,New Orleans,LA,70112,Other,Credit Card Fees
Governor,"BOTTOMS, SCOTT",Republican,10.01,11/3/25,Multitude Media,Colorado Springs,CO,80922,Consultant & Professional Services,
Governor,"BOTTOMS, SCOTT",Republican,25.35,11/3/25,Multitude Media,Colorado Springs,CO,80922,Consultant & Professional Services,
Governor,"BOTTOMS, SCOTT",Republican,120.75,11/3/25,Usps,Colorado Springs,CO,80918,Other,
Governor,"BOTTOMS, SCOTT",Republican,86.58,11/3/25,Google,Mountain View,CA,94043,Other,
Governor,"BOTTOMS, SCOTT",Republican,41.75,11/4/25,Scott  Bottoms,Colorado Springs,CO,80923,Travel & Lodging,In-Kind - Fuel
Governor,"BOTTOMS, SCOTT",Republican,27.11,11/4/25,Scott  Bottoms,Colorado Springs,CO,80923,"Food, Beverages and Meals",In-Kind - Meal
Governor,"BOTTOMS, SCOTT",Republican,41.4,11/4/25,Anedot,New Orleans,LA,70112,Other,Credit Card Fees
Governor,"BOTTOMS, SCOTT",Republican,10.11,11/4/25,Multitude Media,Colorado Springs,CO,80922,Consultant & Professional Services,
Governor,"BOTTOMS, SCOTT",Republican,3500,11/4/25,Corey  Gibson,Selah,WA,98942,Consultant & Professional Services,
Governor,"BOTTOMS, SCOTT",Republican,34.01,11/4/25,Mailchimp,Atlanta,GA,30308,Office Equipment & Supplies,
Governor,"BOTTOMS, SCOTT",Republican,29,11/5/25,Multitude Media,Colorado Springs,CO,80922,Consultant & Professional Services,
Governor,"BOTTOMS, SCOTT",Republican,500,11/5/25,Corey  Gibson,Selah,WA,98942,Consultant & Professional Services,
Governor,"BOTTOMS, SCOTT",Republican,10000,11/5/25,Mkt Genius,New York City,NY,10017,Consultant & Professional Services,General Consulting
Governor,"BOTTOMS, SCOTT",Republican,18.81,11/6/25,Winred,Arlington,VA,22203,Other,Credit Card Fees
Governor,"BOTTOMS, SCOTT",Republican,34.67,11/7/25,Rory'S Dinner,Parker,CO,80138,"Food, Beverages and Meals",
Governor,"BOTTOMS, SCOTT",Republican,229.76,11/8/25,Susan  Schaeffer,Woodland Park,CO,80863,"Food, Beverages and Meals",In Kind Donation
Governor,"BOTTOMS, SCOTT",Republican,33.84,11/10/25,Scott  Bottoms,Colorado Springs,CO,80923,Travel & Lodging,In-Kind - Fuel
Governor,"BOTTOMS, SCOTT",Republican,51.12,11/10/25,Scott  Bottoms,Colorado Springs,CO,80923,Travel & Lodging,In-Kind - Fuel
Governor,"BOTTOMS, SCOTT",Republican,30,11/10/25,Scott  Bottoms,Colorado Springs,CO,80923,Office Equipment & Supplies,In-Kind - Software
Governor,"BOTTOMS, SCOTT",Republican,32.87,11/10/25,Scott  Bottoms,Colorado Springs,CO,80923,"Food, Beverages and Meals",In-Kind - Meal
Governor,"BOTTOMS, SCOTT",Republican,22.68,11/10/25,Squarespace,New York,NY,10014,Other,Credit Card Fees
Governor,"BOTTOMS, SCOTT",Republican,20,11/11/25,Scott  Bottoms,Colorado Springs,CO,80923,Office Equipment & Supplies,In-Kind - Software
Governor,"BOTTOMS, SCOTT",Republican,38.96,11/12/25,Scott  Bottoms,Colorado Springs,CO,80923,Travel & Lodging,In-Kind - Fuel
Governor,"BOTTOMS, SCOTT",Republican,40,11/12/25,Scott  Bottoms,Colorado Springs,CO,80923,Advertising,In-Kind
Governor,"BOTTOMS, SCOTT",Republican,3.5,11/12/25,Anedot,New Orleans,LA,70112,Other,Credit Card Fees
Governor,"BOTTOMS, SCOTT",Republican,500,11/12/25,Corey  Gibson,Selah,WA,98942,Consultant & Professional Services,
Governor,"BOTTOMS, SCOTT",Republican,189.9,11/12/25,Doubletree Hotel,Colorado Springs,CO,80906,Travel & Lodging,
Governor,"BOTTOMS, SCOTT",Republican,8.51,11/13/25,Scott  Bottoms,Colorado Springs,CO,80923,Miscellaneous,In-Kind - Parking
Governor,"BOTTOMS, SCOTT",Republican,3.09,11/13/25,Winred,Arlington,VA,22203,Other,Credit Card Fees
Governor,"BOTTOMS, SCOTT",Republican,1500,11/14/25,Dante,Arlington,VA,22207,Consultant & Professional Services,
Governor,"BOTTOMS, SCOTT",Republican,221.26,11/14/25,Doubletree Hotel,Colorado Springs,CO,80906,Travel & Lodging,
Governor,"BOTTOMS, SCOTT",Republican,181.68,11/14/25,Signarama,Colorado Springs,CO,80906,Other,
Governor,"BOTTOMS, SCOTT",Republican,1.5,11/16/25,Anedot,New Orleans,LA,70112,Other,Credit Card Fees
Governor,"BOTTOMS, SCOTT",Republican,1.2,11/16/25,Square,San Francisco,CA,94103,Other,Credit Card Fees
Governor,"BOTTOMS, SCOTT",Republican,2.1,11/16/25,Square,San Francisco,CA,94103,Other,Credit Card Fees
Governor,"BOTTOMS, SCOTT",Republican,18.9,11/18/25,Anedot,New Orleans,LA,70112,Other,Credit Card Fees
Governor,"BOTTOMS, SCOTT",Republican,44.01,11/20/25,Scott  Bottoms,Colorado Springs,CO,80923,Travel & Lodging,In-Kind - Fuel
Governor,"BOTTOMS, SCOTT",Republican,1.03,11/20/25,Winred,Arlington,VA,22203,Other,Credit Card Fees
Governor,"BOTTOMS, SCOTT",Republican,4.3,11/20/25,Anedot,New Orleans,LA,70112,Other,Credit Card Fees
Governor,"BOTTOMS, SCOTT",Republican,29,11/21/25,Scott  Bottoms,Colorado Springs,CO,80923,Office Equipment & Supplies,In-Kind - Software
Governor,"BOTTOMS, SCOTT",Republican,36.65,11/22/25,Scott  Bottoms,Colorado Springs,CO,80923,Travel & Lodging,In-Kind - Fuel
Governor,"BOTTOMS, SCOTT",Republican,33.26,11/22/25,Scott  Bottoms,Colorado Springs,CO,80923,"Food, Beverages and Meals",In-Kind
Governor,"BOTTOMS, SCOTT",Republican,23.74,11/22/25,Scott  Bottoms,Colorado Springs,CO,80923,Travel & Lodging,In-Kind Fuel
Governor,"BOTTOMS, SCOTT",Republican,6.6,11/22/25,Anedot,New Orleans,LA,70112,Other,Credit Card Fees
Governor,"BOTTOMS, SCOTT",Republican,41.27,11/24/25,Scott  Bottoms,Colorado Springs,CO,80923,Office Equipment & Supplies,In-Kind - Video Microphone
Governor,"BOTTOMS, SCOTT",Republican,10.3,11/24/25,Anedot,New Orleans,LA,70112,Other,Credit Card Fees
Governor,"BOTTOMS, SCOTT",Republican,10.01,11/24/25,Multitude Media,Colorado Springs,CO,80922,Consultant & Professional Services,
Governor,"BOTTOMS, SCOTT",Republican,10.13,11/24/25,Multitude Media,Colorado Springs,CO,80922,Consultant & Professional Services,
Governor,"BOTTOMS, SCOTT",Republican,24.99,11/24/25,Printful Inc,Coppell,TX,75019,Other,
Governor,"BOTTOMS, SCOTT",Republican,30.71,11/25/25,Scott  Bottoms,Colorado Springs,CO,80923,Travel & Lodging,In-Kind - Fuel
Governor,"BOTTOMS, SCOTT",Republican,156.04,11/25/25,Scott  Bottoms,Colorado Springs,CO,80923,Other,In-Kind - Research Material For Bills
Governor,"BOTTOMS, SCOTT",Republican,48.26,11/25/25,Scott  Bottoms,Colorado Springs,CO,80923,Travel & Lodging,In-Kind - Fuel
Governor,"BOTTOMS, SCOTT",Republican,1000,11/25/25,Multitude Media,Colorado Springs,CO,80922,Consultant & Professional Services,
Governor,"BOTTOMS, SCOTT",Republican,136.87,11/25/25,Hampton Inn,Colorado Springs,CO,80921,Travel & Lodging,
Governor,"BOTTOMS, SCOTT",Republican,104.46,11/26/25,Scott  Bottoms,Colorado Springs,CO,80923,"Food, Beverages and Meals",In-Kind - Meal With Constituents
Governor,"BOTTOMS, SCOTT",Republican,99.55,11/27/25,Winred,Arlington,VA,22203,Other,Credit Card Fees
Governor,"BOTTOMS, SCOTT",Republican,33.15,11/29/25,Scott  Bottoms,Colorado Springs,CO,80923,Travel & Lodging,In-Kind - Tolls For Campaign Travel
Governor,"BOTTOMS, SCOTT",Republican,19.7,11/30/25,Winred,Arlington,VA,22203,Other,Credit Card Fees
Governor,"BOTTOMS, SCOTT",Republican,4000,12/1/25,Corey  Gibson,Selah,WA,98942,Consultant & Professional Services,
Governor,"BOTTOMS, SCOTT",Republican,64.37,12/1/25,Google,Mountain View,CA,94043,Other,
Governor,"BOTTOMS, SCOTT",Republican,250.56,12/2/25,Scott  Bottoms,Colorado Springs,CO,80923,Travel & Lodging,In-Kind - Lodging
Governor,"BOTTOMS, SCOTT",Republican,25.56,12/2/25,Multitude Media,Colorado Springs,CO,80922,Consultant & Professional Services,
Governor,"BOTTOMS, SCOTT",Republican,0.91,12/3/25,Square,San Francisco,CA,94103,Other,Credit Card Fees
Governor,"BOTTOMS, SCOTT",Republican,31.67,12/4/25,Scott  Bottoms,Colorado Springs,CO,80923,Travel & Lodging,In-Kind -Fuel
Governor,"BOTTOMS, SCOTT",Republican,47.13,12/4/25,Scott  Bottoms,Colorado Springs,CO,80923,Travel & Lodging,In-Kind - Fuel
Governor,"BOTTOMS, SCOTT",Republican,52.59,12/4/25,Scott  Bottoms,Colorado Springs,CO,80923,"Food, Beverages and Meals",In-Kind - Gop Team
Governor,"BOTTOMS, SCOTT",Republican,5.05,12/4/25,Winred,Arlington,VA,22203,Other,Credit Card Fees
Governor,"BOTTOMS, SCOTT",Republican,3.4,12/4/25,Anedot,New Orleans,LA,70112,Other,Credit Card Fees
Governor,"BOTTOMS, SCOTT",Republican,78.09,12/4/25,Winred,Arlington,VA,22203,Contributions,
Governor,"BOTTOMS, SCOTT",Republican,34.01,12/4/25,Mailchimp,Atlanta,GA,30308,Office Equipment & Supplies,
Governor,"BOTTOMS, SCOTT",Republican,17.92,12/5/25,Scott  Bottoms,Colorado Springs,CO,80923,Travel & Lodging,In-Kind - Fuel
Governor,"BOTTOMS, SCOTT",Republican,20.6,12/5/25,Scott  Bottoms,Colorado Springs,CO,80923,Office Equipment & Supplies,In-Kind - Software
Governor,"BOTTOMS, SCOTT",Republican,47.56,12/5/25,Scott  Bottoms,Colorado Springs,CO,80923,Travel & Lodging,In-Kind - Fuel
Governor,"BOTTOMS, SCOTT",Republican,10.01,12/5/25,Multitude Media,Colorado Springs,CO,80922,Consultant & Professional Services,
Governor,"BOTTOMS, SCOTT",Republican,10.01,12/5/25,Multitude Media,Colorado Springs,CO,80922,Consultant & Professional Services,
Governor,"BOTTOMS, SCOTT",Republican,29,12/5/25,Multitude Media,Colorado Springs,CO,80922,Consultant & Professional Services,
Governor,"BOTTOMS, SCOTT",Republican,8.6,12/8/25,Anedot,New Orleans,LA,70112,Other,Credit Card Fees
Governor,"BOTTOMS, SCOTT",Republican,20,12/8/25,Integrity Bank,Colorado Springs,CO,80921,Bank Fees,Bank Fees
Governor,"BOTTOMS, SCOTT",Republican,10,12/8/25,Multitude Media,Colorado Springs,CO,80922,Consultant & Professional Services,
Governor,"BOTTOMS, SCOTT",Republican,10,12/8/25,Multitude Media,Colorado Springs,CO,80922,Consultant & Professional Services,
Governor,"BOTTOMS, SCOTT",Republican,10.01,12/8/25,Multitude Media,Colorado Springs,CO,80922,Consultant & Professional Services,
Governor,"BOTTOMS, SCOTT",Republican,10.01,12/8/25,Multitude Media,Colorado Springs,CO,80922,Consultant & Professional Services,
Governor,"BOTTOMS, SCOTT",Republican,10.02,12/8/25,Multitude Media,Colorado Springs,CO,80922,Consultant & Professional Services,
Governor,"BOTTOMS, SCOTT",Republican,10.02,12/8/25,Multitude Media,Colorado Springs,CO,80922,Consultant & Professional Services,
Governor,"BOTTOMS, SCOTT",Republican,10.02,12/8/25,Multitude Media,Colorado Springs,CO,80922,Consultant & Professional Services,
Governor,"BOTTOMS, SCOTT",Republican,10.02,12/8/25,Multitude Media,Colorado Springs,CO,80922,Consultant & Professional Services,
Governor,"BOTTOMS, SCOTT",Republican,10.03,12/8/25,Multitude Media,Colorado Springs,CO,80922,Consultant & Professional Services,
Governor,"BOTTOMS, SCOTT",Republican,10.05,12/8/25,Multitude Media,Colorado Springs,CO,80922,Consultant & Professional Services,
Governor,"BOTTOMS, SCOTT",Republican,10.05,12/8/25,Multitude Media,Colorado Springs,CO,80922,Consultant & Professional Services,
Governor,"BOTTOMS, SCOTT",Republican,10.07,12/8/25,Multitude Media,Colorado Springs,CO,80922,Consultant & Professional Services,
Governor,"BOTTOMS, SCOTT",Republican,10.11,12/8/25,Multitude Media,Colorado Springs,CO,80922,Consultant & Professional Services,
Governor,"BOTTOMS, SCOTT",Republican,10.13,12/8/25,Multitude Media,Colorado Springs,CO,80922,Consultant & Professional Services,
Governor,"BOTTOMS, SCOTT",Republican,10.3,12/8/25,Multitude Media,Colorado Springs,CO,80922,Consultant & Professional Services,
Governor,"BOTTOMS, SCOTT",Republican,10.36,12/8/25,Multitude Media,Colorado Springs,CO,80922,Consultant & Professional Services,
Governor,"BOTTOMS, SCOTT",Republican,10.66,12/8/25,Multitude Media,Colorado Springs,CO,80922,Consultant & Professional Services,
Governor,"BOTTOMS, SCOTT",Republican,12.02,12/8/25,Multitude Media,Colorado Springs,CO,80922,Consultant & Professional Services,
Governor,"BOTTOMS, SCOTT",Republican,16.26,12/8/25,Multitude Media,Colorado Springs,CO,80922,Consultant & Professional Services,
Governor,"BOTTOMS, SCOTT",Republican,1250,12/8/25,Corey  Gibson,Selah,WA,98942,Consultant & Professional Services,
Governor,"BOTTOMS, SCOTT",Republican,20,12/9/25,Scott  Bottoms,Colorado Springs,CO,80923,Office Equipment & Supplies,In-Kind - Software
Governor,"BOTTOMS, SCOTT",Republican,11.02,12/9/25,Scott  Bottoms,Colorado Springs,CO,80923,Miscellaneous,In-Kind - Postage
Governor,"BOTTOMS, SCOTT",Republican,30,12/10/25,Scott  Bottoms,Colorado Springs,CO,80923,Office Equipment & Supplies,In-Kind - Software
Governor,"BOTTOMS, SCOTT",Republican,22.68,12/10/25,Squarespace,New York,NY,10014,Other,Credit Card Fees
Governor,"BOTTOMS, SCOTT",Republican,200,12/11/25,Scott  Bottoms,Colorado Springs,CO,80923,"Food, Beverages and Meals",In-Kind - Ldd
Governor,"BOTTOMS, SCOTT",Republican,34.42,12/11/25,Scott  Bottoms,Colorado Springs,CO,80923,Travel & Lodging,In-Kind - Fuel
Governor,"BOTTOMS, SCOTT",Republican,26.69,12/11/25,Scott  Bottoms,Colorado Springs,CO,80923,Travel & Lodging,In-Kind - Fuel
Governor,"BOTTOMS, SCOTT",Republican,20.82,12/11/25,Winred,Arlington,VA,22203,Other,Credit Card Fees
Governor,"BOTTOMS, SCOTT",Republican,40,12/12/25,Scott  Bottoms,Colorado Springs,CO,80923,Advertising,In-Kind
Governor,"BOTTOMS, SCOTT",Republican,170.8,12/15/25,Scott  Bottoms,Colorado Springs,CO,80923,Advertising,In-Kind
Governor,"BOTTOMS, SCOTT",Republican,1500,12/15/25,Dante,Arlington,VA,22207,Consultant & Professional Services,
Governor,"BOTTOMS, SCOTT",Republican,1.5,12/16/25,Anedot,New Orleans,LA,70112,Other,Credit Card Fees
Governor,"BOTTOMS, SCOTT",Republican,170.79,12/17/25,Signarama,Colorado Springs,CO,80906,Other,
Governor,"BOTTOMS, SCOTT",Republican,20.89,12/18/25,Winred,Arlington,VA,22203,Other,Credit Card Fees
Governor,"BOTTOMS, SCOTT",Republican,15.3,12/18/25,Anedot,New Orleans,LA,70112,Other,Credit Card Fees
Governor,"BOTTOMS, SCOTT",Republican,4.3,12/20/25,Anedot,New Orleans,LA,70112,Other,Credit Card Fees
Governor,"BOTTOMS, SCOTT",Republican,29,12/21/25,Scott  Bottoms,Colorado Springs,CO,80923,Office Equipment & Supplies,Software
Governor,"BOTTOMS, SCOTT",Republican,2.81,12/21/25,Square,San Francisco,CA,94103,Other,Credit Card Fees
Governor,"BOTTOMS, SCOTT",Republican,56.04,12/22/25,Scott  Bottoms,Colorado Springs,CO,80923,Advertising,Namecheap - Web Hosting
Governor,"BOTTOMS, SCOTT",Republican,24.99,12/22/25,Printful Inc,Coppell,TX,75019,Other,
Governor,"BOTTOMS, SCOTT",Republican,13.54,12/25/25,Winred,Arlington,VA,22203,Other,Credit Card Fees
Governor,"BOTTOMS, SCOTT",Republican,1000,12/26/25,Multitude Media,Colorado Springs,CO,80922,Consultant & Professional Services,
Governor,"BOTTOMS, SCOTT",Republican,39.35,12/31/25,Scott  Bottoms,Colorado Springs,CO,80923,Travel & Lodging,Travel Expense
Governor,"BOTTOMS, SCOTT",Republican,2.3,12/31/25,Anedot,New Orleans,LA,70112,Other,Credit Card Fees
Governor,"BOTTOMS, SCOTT",Republican,27.17,12/31/25,Winred,Arlington,VA,22203,Other,Credit Card Fees
Governor,"BOTTOMS, SCOTT",Republican,19.78,12/31/25,Winred,Arlington,VA,22203,Other,Credit Card Fees
Governor,"BOTTOMS, SCOTT",Republican,4.3,12/31/25,Anedot,New Orleans,LA,70112,Other,Credit Card Fees
Governor,"BOTTOMS, SCOTT",Republican,24,12/31/25,Joy  Braunlich,Colorado Springs,CO,80919,Other,Refund
Governor,"BOTTOMS, SCOTT",Republican,59.47,12/31/25,David  Hoke,Lafayette,LA,70508,Other,Refund
Governor,"BOTTOMS, SCOTT",Republican,59.47,12/31/25,Leigh  Sargent,Breckenridge,CO,80424,Other,Contribution Refund
Governor,"KIRKMEYER, BARB",Republican,537.11,9/9/25,Anedot,New Orleans,LA,70117,Other,7820 ∑ Merchant Account Fees
Governor,"KIRKMEYER, BARB",Republican,34.52,9/9/25,Home Depot,Broomfield,CO,80020,Other,5190 ∑ Other Event Expense
Governor,"KIRKMEYER, BARB",Republican,688.93,9/10/25,Anedot,New Orleans,LA,70117,Other,7820 ∑ Merchant Account Fees
Governor,"KIRKMEYER, BARB",Republican,127.5,9/11/25,Anedot,New Orleans,LA,70117,Other,7820 ∑ Merchant Account Fees
Governor,"KIRKMEYER, BARB",Republican,181.1,9/12/25,Anedot,New Orleans,LA,70117,Other,7820 ∑ Merchant Account Fees
Governor,"KIRKMEYER, BARB",Republican,122.5,9/12/25,Wizbang,Commerce City,CO,80022,Other,6611 ∑ Letterhead & Envelopes
Governor,"KIRKMEYER, BARB",Republican,413.63,9/12/25,Wizbang,Commerce City,CO,80022,Other,6621 ∑ Signs
Governor,"KIRKMEYER, BARB",Republican,938.75,9/12/25,Wizbang,Commerce City,CO,80022,Other,6623 ∑ Banners
Governor,"KIRKMEYER, BARB",Republican,20.3,9/13/25,Anedot,New Orleans,LA,70117,Other,7820 ∑ Merchant Account Fees
Governor,"KIRKMEYER, BARB",Republican,129.6,9/15/25,Anedot,New Orleans,LA,70117,Other,7820 ∑ Merchant Account Fees
Governor,"KIRKMEYER, BARB",Republican,41.2,9/16/25,Anedot,New Orleans,LA,70117,Other,7820 ∑ Merchant Account Fees
Governor,"KIRKMEYER, BARB",Republican,22.3,9/16/25,Firstbank North,Arvada,CO,80006,Other,7214 ∑ Office Supplies
Governor,"KIRKMEYER, BARB",Republican,62.6,9/17/25,Anedot,New Orleans,LA,70117,Other,7820 ∑ Merchant Account Fees
Governor,"KIRKMEYER, BARB",Republican,2500,9/17/25,Forge Media Partners Llc,Littleton,CO,80128,Other,7420 ∑ Media Consultants
Governor,"KIRKMEYER, BARB",Republican,143.5,9/18/25,Anedot,New Orleans,LA,70117,Other,7820 ∑ Merchant Account Fees
Governor,"KIRKMEYER, BARB",Republican,77.5,9/19/25,Anedot,New Orleans,LA,70117,Other,7820 ∑ Merchant Account Fees
Governor,"KIRKMEYER, BARB",Republican,162.1,9/19/25,Wizbang,Commerce City,CO,80022,Other,6612 ∑ Business Cards
Governor,"KIRKMEYER, BARB",Republican,58.3,9/20/25,Anedot,New Orleans,LA,70117,Other,7820 ∑ Merchant Account Fees
Governor,"KIRKMEYER, BARB",Republican,116.6,9/23/25,Anedot,New Orleans,LA,70117,Other,7820 ∑ Merchant Account Fees
Governor,"KIRKMEYER, BARB",Republican,359.3,9/24/25,Anedot,New Orleans,LA,70117,Other,7820 ∑ Merchant Account Fees
Governor,"KIRKMEYER, BARB",Republican,108.9,9/25/25,Anedot,New Orleans,LA,70117,Other,7820 ∑ Merchant Account Fees
Governor,"KIRKMEYER, BARB",Republican,1014,9/25/25,Usps,Broomfield,CO,80020,Other,6223 ∑ Postage
Governor,"KIRKMEYER, BARB",Republican,11.45,9/25/25,Walmart,Broomfield,CO,80020,Other,7214 ∑ Office Supplies
Governor,"KIRKMEYER, BARB",Republican,124.9,9/26/25,Anedot,New Orleans,LA,70117,Other,7820 ∑ Merchant Account Fees
Governor,"KIRKMEYER, BARB",Republican,4.3,9/27/25,Anedot,New Orleans,LA,70117,Other,7820 ∑ Merchant Account Fees
Governor,"KIRKMEYER, BARB",Republican,68.6,9/28/25,Anedot,New Orleans,LA,70117,Other,7820 ∑ Merchant Account Fees
Governor,"KIRKMEYER, BARB",Republican,185.2,9/29/25,Anedot,New Orleans,LA,70117,Other,7820 ∑ Merchant Account Fees
Governor,"KIRKMEYER, BARB",Republican,587.7,9/30/25,Anedot,New Orleans,LA,70117,Other,7820 ∑ Merchant Account Fees
Governor,"KIRKMEYER, BARB",Republican,6,9/30/25,Firstbank North,Arvada,CO,80006,Other,7810 ∑ Service Charges
Governor,"KIRKMEYER, BARB",Republican,4.3,10/1/25,Anedot,New Orleans,LA,70117,Other,7820 ∑ Merchant Account Fees
Governor,"KIRKMEYER, BARB",Republican,800,10/1/25,Benjamin  Luke,Washington,DC,20003,Other,6410 ∑ Registration & Hosting
Governor,"KIRKMEYER, BARB",Republican,285.43,10/1/25,Benjamin  Luke,Washington,DC,20003,Other,6420 ∑ Production & Design
Governor,"KIRKMEYER, BARB",Republican,250,10/1/25,Flat Creek,Lafayette,CO,80026,Other,7390 ∑ Other Communications Expense
Governor,"KIRKMEYER, BARB",Republican,206.5,10/1/25,Ups Store,Erie,CO,80516,Other,6221 ∑ Printing
Governor,"KIRKMEYER, BARB",Republican,85.28,10/2/25,Anedot,New Orleans,LA,70117,Other,7820 ∑ Merchant Account Fees
Governor,"KIRKMEYER, BARB",Republican,514.41,10/2/25,Patriot Pathways Llc,Tampa,FL,33615,Other,6141 ∑ Space Buys
Governor,"KIRKMEYER, BARB",Republican,178.39,10/2/25,Patriot Pathways Llc,Tampa,FL,33615,Other,6410 ∑ Registration & Hosting
Governor,"KIRKMEYER, BARB",Republican,100,10/2/25,Patriot Pathways Llc,Tampa,FL,33615,Other,7350 ∑ Email Service
Governor,"KIRKMEYER, BARB",Republican,418.23,10/2/25,Patriot Pathways Llc,Tampa,FL,33615,Other,7370 ∑ Audio/Video Equipment
Governor,"KIRKMEYER, BARB",Republican,84,10/2/25,Patriot Pathways Llc,Tampa,FL,33615,Other,7390 ∑ Other Communications Expense
Governor,"KIRKMEYER, BARB",Republican,4500,10/2/25,Patriot Pathways Llc,Tampa,FL,33615,Other,7410 ∑ General Consultants
Governor,"KIRKMEYER, BARB",Republican,22.9,10/3/25,Anedot,New Orleans,LA,70117,Other,7820 ∑ Merchant Account Fees
Governor,"KIRKMEYER, BARB",Republican,1.3,10/4/25,Anedot,New Orleans,LA,70117,Other,7820 ∑ Merchant Account Fees
Governor,"KIRKMEYER, BARB",Republican,36.7,10/6/25,Anedot,New Orleans,LA,70117,Other,7820 ∑ Merchant Account Fees
Governor,"KIRKMEYER, BARB",Republican,93.5,10/7/25,Anedot,New Orleans,LA,70117,Other,7820 ∑ Merchant Account Fees
Governor,"KIRKMEYER, BARB",Republican,2812.5,10/7/25,Laurel  Kruse,Littleton,CO,80122,Other,7440 ∑ Communications Consultants
Governor,"KIRKMEYER, BARB",Republican,310,10/7/25,Mailchimp,Atlanta,GA,30308,Other,7350 ∑ Email Service
Governor,"KIRKMEYER, BARB",Republican,36,10/8/25,Anedot,New Orleans,LA,70117,Other,7820 ∑ Merchant Account Fees
Governor,"KIRKMEYER, BARB",Republican,9616.44,10/9/25,"Sws Polifi, Llc",Fort Lupton,CO,80621,Other,7520 ∑ Accounting Fees
Governor,"KIRKMEYER, BARB",Republican,2.3,10/10/25,Anedot,New Orleans,LA,70117,Other,7820 ∑ Merchant Account Fees
Governor,"KIRKMEYER, BARB",Republican,14.6,10/12/25,Anedot,New Orleans,LA,70117,Other,7820 ∑ Merchant Account Fees
Governor,"KIRKMEYER, BARB",Republican,22.9,10/13/25,Anedot,New Orleans,LA,70117,Other,7820 ∑ Merchant Account Fees
Governor,"KIRKMEYER, BARB",Republican,132.9,10/14/25,Anedot,New Orleans,LA,70117,Other,7820 ∑ Merchant Account Fees
Governor,"KIRKMEYER, BARB",Republican,62.8,10/14/25,Wix,San Francisco,CA,94102,Other,6410 ∑ Registration & Hosting
Governor,"KIRKMEYER, BARB",Republican,8.3,10/15/25,Anedot,New Orleans,LA,70117,Other,7820 ∑ Merchant Account Fees
Governor,"KIRKMEYER, BARB",Republican,101.8,10/16/25,Anedot,New Orleans,LA,70117,Other,7820 ∑ Merchant Account Fees
Governor,"KIRKMEYER, BARB",Republican,271.24,10/16/25,Wizbang,Commerce City,CO,80022,Other,6611 ∑ Letterhead & Envelopes
Governor,"KIRKMEYER, BARB",Republican,51.2,10/17/25,Anedot,New Orleans,LA,70117,Other,7820 ∑ Merchant Account Fees
Governor,"KIRKMEYER, BARB",Republican,49.7,10/18/25,Anedot,New Orleans,LA,70117,Other,7820 ∑ Merchant Account Fees
Governor,"KIRKMEYER, BARB",Republican,2812.5,10/20/25,Laurel  Kruse,Littleton,CO,80122,Other,7440 ∑ Communications Consultants
Governor,"KIRKMEYER, BARB",Republican,182.07,10/20/25,Laurel  Kruse,Littleton,CO,80122,Other,7653 ∑ Vehicle Mileage Reimbursement
Governor,"KIRKMEYER, BARB",Republican,15.99,10/20/25,Laurel  Kruse,Littleton,CO,80122,Other,7657 ∑ Vehicle Tolls And Parking
Governor,"KIRKMEYER, BARB",Republican,410,10/20/25,Mailchimp,Atlanta,GA,30308,Other,7350 ∑ Email Service
Governor,"KIRKMEYER, BARB",Republican,20.3,10/21/25,Anedot,New Orleans,LA,70117,Other,7820 ∑ Merchant Account Fees
Governor,"KIRKMEYER, BARB",Republican,31.53,10/21/25,Dollar Tree,Longmont,CO,80501,Other,5190 ∑ Other Event Expense
Governor,"KIRKMEYER, BARB",Republican,581.76,10/21/25,Patriot Pathways Llc,Tampa,FL,33615,Other,6141 ∑ Space Buys
Governor,"KIRKMEYER, BARB",Republican,4500,10/21/25,Patriot Pathways Llc,Tampa,FL,33615,Other,7410 ∑ General Consultants
Governor,"KIRKMEYER, BARB",Republican,17.7,10/21/25,Walmart,Broomfield,CO,80020,Other,5190 ∑ Other Event Expense
Governor,"KIRKMEYER, BARB",Republican,185.22,10/21/25,Whipstitch Graphics,Keenesburg,CO,80643,Other,6631 ∑ Apparel
Governor,"KIRKMEYER, BARB",Republican,12.3,10/22/25,Anedot,New Orleans,LA,70117,Other,7820 ∑ Merchant Account Fees
Governor,"KIRKMEYER, BARB",Republican,2500,10/22/25,Forge Media Partners Llc,Littleton,CO,80128,Other,7420 ∑ Media Consultants
Governor,"KIRKMEYER, BARB",Republican,168.61,10/23/25,Sam'S Club,Longmont,CO,80601,Other,5140 ∑ Event Food & Beverage
Governor,"KIRKMEYER, BARB",Republican,4.3,10/24/25,Anedot,New Orleans,LA,70117,Other,7820 ∑ Merchant Account Fees
Governor,"KIRKMEYER, BARB",Republican,16.9,10/25/25,Anedot,New Orleans,LA,70117,Other,7820 ∑ Merchant Account Fees
Governor,"KIRKMEYER, BARB",Republican,62.6,10/26/25,Anedot,New Orleans,LA,70117,Other,7820 ∑ Merchant Account Fees
Governor,"KIRKMEYER, BARB",Republican,66.01,10/27/25,Anedot,New Orleans,LA,70117,Other,7820 ∑ Merchant Account Fees
Governor,"KIRKMEYER, BARB",Republican,34.01,10/28/25,Anedot,New Orleans,LA,70117,Other,7820 ∑ Merchant Account Fees
Governor,"KIRKMEYER, BARB",Republican,2000,10/28/25,Flat Creek,Lafayette,CO,80026,Other,6141 ∑ Space Buys
Governor,"KIRKMEYER, BARB",Republican,250,10/28/25,Flat Creek,Lafayette,CO,80026,Other,7390 ∑ Other Communications Expense
Governor,"KIRKMEYER, BARB",Republican,1.3,10/29/25,Anedot,New Orleans,LA,70117,Other,7820 ∑ Merchant Account Fees
Governor,"KIRKMEYER, BARB",Republican,58.3,10/30/25,Anedot,New Orleans,LA,70117,Other,7820 ∑ Merchant Account Fees
Governor,"KIRKMEYER, BARB",Republican,58.65,10/31/25,Anedot,New Orleans,LA,70117,Other,7820 ∑ Merchant Account Fees
Governor,"KIRKMEYER, BARB",Republican,58.3,11/1/25,Anedot,New Orleans,LA,70117,Other,7820 ∑ Merchant Account Fees
Governor,"KIRKMEYER, BARB",Republican,4.3,11/2/25,Anedot,New Orleans,LA,70117,Other,7820 ∑ Merchant Account Fees
Governor,"KIRKMEYER, BARB",Republican,452.36,11/3/25,Anedot,New Orleans,LA,70117,Other,7820 ∑ Merchant Account Fees
Governor,"KIRKMEYER, BARB",Republican,188.8,11/4/25,Anedot,New Orleans,LA,70117,Other,7820 ∑ Merchant Account Fees
Governor,"KIRKMEYER, BARB",Republican,58.64,11/5/25,Anedot,New Orleans,LA,70117,Other,7820 ∑ Merchant Account Fees
Governor,"KIRKMEYER, BARB",Republican,800,11/5/25,Benjamin  Luke,Washington,DC,20003,Other,7420 ∑ Media Consultants
Governor,"KIRKMEYER, BARB",Republican,2441,11/5/25,"Sws Polifi, Llc",Fort Lupton,CO,80621,Other,7520 ∑ Accounting Fees
Governor,"KIRKMEYER, BARB",Republican,149.08,11/6/25,Anedot,New Orleans,LA,70117,Other,7820 ∑ Merchant Account Fees
Governor,"KIRKMEYER, BARB",Republican,250,11/6/25,Kadie  Kirkpatrick,Colorado Springs,CO,80906,Other,6300 ∑ Photography Expense
Governor,"KIRKMEYER, BARB",Republican,80.8,11/7/25,Anedot,New Orleans,LA,70117,Other,7820 ∑ Merchant Account Fees
Governor,"KIRKMEYER, BARB",Republican,58.8,11/9/25,Anedot,New Orleans,LA,70117,Other,7820 ∑ Merchant Account Fees
Governor,"KIRKMEYER, BARB",Republican,125.5,11/10/25,Anedot,New Orleans,LA,70117,Other,7820 ∑ Merchant Account Fees
Governor,"KIRKMEYER, BARB",Republican,78.6,11/11/25,Anedot,New Orleans,LA,70117,Other,7820 ∑ Merchant Account Fees
Governor,"KIRKMEYER, BARB",Republican,10.3,11/12/25,Anedot,New Orleans,LA,70117,Other,7820 ∑ Merchant Account Fees
Governor,"KIRKMEYER, BARB",Republican,62.6,11/13/25,Anedot,New Orleans,LA,70117,Other,7820 ∑ Merchant Account Fees
Governor,"KIRKMEYER, BARB",Republican,62.8,11/13/25,Wix,San Francisco,CA,94102,Other,6410 ∑ Registration & Hosting
Governor,"KIRKMEYER, BARB",Republican,3.54,11/14/25,Anedot,New Orleans,LA,70117,Other,7820 ∑ Merchant Account Fees
Governor,"KIRKMEYER, BARB",Republican,1330.84,11/14/25,Wizbang,Commerce City,CO,80022,Other,6215 ∑ Production & Design
Governor,"KIRKMEYER, BARB",Republican,40.3,11/15/25,Anedot,New Orleans,LA,70117,Other,7820 ∑ Merchant Account Fees
Governor,"KIRKMEYER, BARB",Republican,114.6,11/17/25,Anedot,New Orleans,LA,70117,Other,7820 ∑ Merchant Account Fees
Governor,"KIRKMEYER, BARB",Republican,2500,11/17/25,Forge Media Partners Llc,Littleton,CO,80128,Other,7420 ∑ Media Consultants
Governor,"KIRKMEYER, BARB",Republican,87.2,11/18/25,Anedot,New Orleans,LA,70117,Other,7820 ∑ Merchant Account Fees
Governor,"KIRKMEYER, BARB",Republican,73.5,11/19/25,Anedot,New Orleans,LA,70117,Other,7820 ∑ Merchant Account Fees
Governor,"KIRKMEYER, BARB",Republican,410,11/19/25,Mailchimp,Atlanta,GA,30308,Other,7350 ∑ Email Service
Governor,"KIRKMEYER, BARB",Republican,98.9,11/20/25,Anedot,New Orleans,LA,70117,Other,7820 ∑ Merchant Account Fees
Governor,"KIRKMEYER, BARB",Republican,30,11/20/25,Firstbank North,Arvada,CO,80006,Other,7810 ∑ Service Charges
Governor,"KIRKMEYER, BARB",Republican,14675.74,11/20/25,"Madpax Strategies, Llc",Elizabeth,CO,80107,Other,7430 ∑ Fundraising Consultants
Governor,"KIRKMEYER, BARB",Republican,877.33,11/20/25,Patriot Pathways Llc,Tampa,FL,33615,Other,6141 ∑ Space Buys
Governor,"KIRKMEYER, BARB",Republican,3250,11/20/25,Patriot Pathways Llc,Tampa,FL,33615,Other,7410 ∑ General Consultants
Governor,"KIRKMEYER, BARB",Republican,131.1,11/21/25,Anedot,New Orleans,LA,70117,Other,7820 ∑ Merchant Account Fees
Governor,"KIRKMEYER, BARB",Republican,2.3,11/22/25,Anedot,New Orleans,LA,70117,Other,7820 ∑ Merchant Account Fees
Governor,"KIRKMEYER, BARB",Republican,8.3,11/23/25,Anedot,New Orleans,LA,70117,Other,7820 ∑ Merchant Account Fees
Governor,"KIRKMEYER, BARB",Republican,42.77,11/25/25,Anedot,New Orleans,LA,70117,Other,7820 ∑ Merchant Account Fees
Governor,"KIRKMEYER, BARB",Republican,285,11/25/25,Marc  Catlin,Montrose,CO,81403,Other,5120 ∑ Event Space Rental
Governor,"KIRKMEYER, BARB",Republican,5.41,11/26/25,Anedot,New Orleans,LA,70117,Other,7820 ∑ Merchant Account Fees
Governor,"KIRKMEYER, BARB",Republican,3.41,11/27/25,Anedot,New Orleans,LA,70117,Other,7820 ∑ Merchant Account Fees
Governor,"KIRKMEYER, BARB",Republican,11.78,11/29/25,Anedot,New Orleans,LA,70117,Other,7820 ∑ Merchant Account Fees
Governor,"KIRKMEYER, BARB",Republican,3,11/30/25,Anedot,New Orleans,LA,70117,Other,7820 ∑ Merchant Account Fees
Governor,"KIRKMEYER, BARB",Republican,15.99,12/1/25,Laurel  Kruse,Littleton,CO,80122,Other,7229 ∑ Parking Expense
Governor,"KIRKMEYER, BARB",Republican,2812.5,12/1/25,Laurel  Kruse,Littleton,CO,80122,Other,7420 ∑ Media Consultants
Governor,"KIRKMEYER, BARB",Republican,3000,12/1/25,Matthew  Knoedler,Denver,CO,80123,Other,7490 ∑ Other Consultants
Governor,"KIRKMEYER, BARB",Republican,4673.35,12/1/25,"Sws Polifi, Llc",Fort Lupton,CO,80621,Other,7520 ∑ Accounting Fees
Governor,"KIRKMEYER, BARB",Republican,1.11,12/2/25,Anedot,New Orleans,LA,70117,Other,7820 ∑ Merchant Account Fees
Governor,"KIRKMEYER, BARB",Republican,150.1,12/3/25,Anedot,New Orleans,LA,70117,Other,7820 ∑ Merchant Account Fees
Governor,"KIRKMEYER, BARB",Republican,5.41,12/4/25,Anedot,New Orleans,LA,70117,Other,7820 ∑ Merchant Account Fees
Governor,"KIRKMEYER, BARB",Republican,1967.3,12/4/25,Arena Mail,Salt Lake City,UT,84106,Other,6190 ∑ Other Media Expense
Governor,"KIRKMEYER, BARB",Republican,2000,12/4/25,Arena Mail,Salt Lake City,UT,84106,Other,7420 ∑ Media Consultants
Governor,"KIRKMEYER, BARB",Republican,16.6,12/5/25,Anedot,New Orleans,LA,70117,Other,7820 ∑ Merchant Account Fees
Governor,"KIRKMEYER, BARB",Republican,8494.42,12/5/25,"Madpax Strategies, Llc",Elizabeth,CO,80107,Other,7430 ∑ Fundraising Consultants
Governor,"KIRKMEYER, BARB",Republican,173.81,12/5/25,"Madpax Strategies, Llc",Elizabeth,CO,80107,Other,7653 ∑ Vehicle Mileage Reimbursement
Governor,"KIRKMEYER, BARB",Republican,10.9,12/6/25,Anedot,New Orleans,LA,70117,Other,7820 ∑ Merchant Account Fees
Governor,"KIRKMEYER, BARB",Republican,45.2,12/7/25,Anedot,New Orleans,LA,70117,Other,7820 ∑ Merchant Account Fees
Governor,"KIRKMEYER, BARB",Republican,53.1,12/8/25,Anedot,New Orleans,LA,70117,Other,7820 ∑ Merchant Account Fees
Governor,"KIRKMEYER, BARB",Republican,250,12/8/25,Flat Creek,Lafayette,CO,80026,Other,6690 ∑ Other Promotional Expense
Governor,"KIRKMEYER, BARB",Republican,117.7,12/9/25,Anedot,New Orleans,LA,70117,Other,7820 ∑ Merchant Account Fees
Governor,"KIRKMEYER, BARB",Republican,3293.98,12/9/25,Direct Mail Systems,St Petersburg,FL,33716,Other,6211 ∑ Printing
Governor,"KIRKMEYER, BARB",Republican,30,12/9/25,Firstbank North,Arvada,CO,80006,Other,7810 ∑ Service Charges
Governor,"KIRKMEYER, BARB",Republican,24.6,12/10/25,Anedot,New Orleans,LA,70117,Other,7820 ∑ Merchant Account Fees
Governor,"KIRKMEYER, BARB",Republican,1.1,12/11/25,Anedot,New Orleans,LA,70117,Other,7820 ∑ Merchant Account Fees
Governor,"KIRKMEYER, BARB",Republican,22,12/11/25,Contactdrive,Lafayette,CO,80026,Consultant & Professional Services,
Governor,"KIRKMEYER, BARB",Republican,8.3,12/12/25,Anedot,New Orleans,LA,70117,Other,7820 ∑ Merchant Account Fees
Governor,"KIRKMEYER, BARB",Republican,8.3,12/13/25,Anedot,New Orleans,LA,70117,Other,7820 ∑ Merchant Account Fees
Governor,"KIRKMEYER, BARB",Republican,151.95,12/15/25,Anedot,New Orleans,LA,70117,Other,7820 ∑ Merchant Account Fees
Governor,"KIRKMEYER, BARB",Republican,2500,12/15/25,Forge Media Partners Llc,Littleton,CO,80128,Other,7420 ∑ Media Consultants
Governor,"KIRKMEYER, BARB",Republican,62.8,12/15/25,Wix,San Francisco,CA,94102,Other,6410 ∑ Registration & Hosting
Governor,"KIRKMEYER, BARB",Republican,20.3,12/16/25,Anedot,New Orleans,LA,70117,Other,7820 ∑ Merchant Account Fees
Governor,"KIRKMEYER, BARB",Republican,669.82,12/16/25,Wizbang,Commerce City,CO,80022,Other,6611 ∑ Letterhead & Envelopes
Governor,"KIRKMEYER, BARB",Republican,100.9,12/17/25,Anedot,New Orleans,LA,70117,Other,7820 ∑ Merchant Account Fees
Governor,"KIRKMEYER, BARB",Republican,12.56,12/17/25,Anedot,New Orleans,LA,70117,Other,7820 ∑ Merchant Account Fees
Governor,"KIRKMEYER, BARB",Republican,410,12/18/25,Mailchimp,Atlanta,GA,30308,Other,7350 ∑ Email Service
Governor,"KIRKMEYER, BARB",Republican,146.74,12/19/25,Anedot,New Orleans,LA,70117,Other,7820 ∑ Merchant Account Fees
Governor,"KIRKMEYER, BARB",Republican,143.6,12/20/25,Anedot,New Orleans,LA,70117,Other,7820 ∑ Merchant Account Fees
Governor,"KIRKMEYER, BARB",Republican,10.3,12/21/25,Anedot,New Orleans,LA,70117,Other,7820 ∑ Merchant Account Fees
Governor,"KIRKMEYER, BARB",Republican,800,12/21/25,Benjamin  Luke,Washington,DC,20003,Other,7420 ∑ Media Consultants
Governor,"KIRKMEYER, BARB",Republican,415.2,12/22/25,Anedot,New Orleans,LA,70117,Other,7820 ∑ Merchant Account Fees
Governor,"KIRKMEYER, BARB",Republican,800,12/22/25,Benjamin  Luke,Washington,DC,20003,Other,7420 ∑ Media Consultants
Governor,"KIRKMEYER, BARB",Republican,36.6,12/23/25,Anedot,New Orleans,LA,70117,Other,7820 ∑ Merchant Account Fees
Governor,"KIRKMEYER, BARB",Republican,40.3,12/24/25,Anedot,New Orleans,LA,70117,Other,7820 ∑ Merchant Account Fees
Governor,"KIRKMEYER, BARB",Republican,1006.99,12/24/25,Patriot Pathways Llc,Tampa,FL,33615,Other,6141 ∑ Space Buys
Governor,"KIRKMEYER, BARB",Republican,1.11,12/28/25,Anedot,New Orleans,LA,70117,Other,7820 ∑ Merchant Account Fees
Governor,"KIRKMEYER, BARB",Republican,534.4,12/29/25,Anedot,New Orleans,LA,70117,Other,7820 ∑ Merchant Account Fees
Governor,"KIRKMEYER, BARB",Republican,116.32,12/29/25,Anedot,New Orleans,LA,70117,Other,7820 ∑ Merchant Account Fees
Governor,"KIRKMEYER, BARB",Republican,270.28,12/30/25,Anedot,New Orleans,LA,70117,Other,7820 ∑ Merchant Account Fees
Governor,"KIRKMEYER, BARB",Republican,107.04,12/31/25,Anedot,New Orleans,LA,70117,Other,7820 ∑ Merchant Account Fees
Governor,"LOPEZ, GREG",Unaffiliated,226,4/4/25,Elizabeth Post Office,Elizabeth,CO,80107,Office Equipment & Supplies,Post Office Box
Governor,"LOPEZ, GREG",Unaffiliated,19.67,4/19/25,Virgilios Pizzeria,Littleton,CO,80127,"Food, Beverages and Meals",Lunch Meeting-Campaign Staff
Governor,"LOPEZ, GREG",Unaffiliated,13.1,4/21/25,Goodtimes Burgers,Lakewood,CO,80226,"Food, Beverages and Meals",Lunch- Campaign Staff
Governor,"LOPEZ, GREG",Unaffiliated,120,4/21/25,Elbert County Republican Central Committee,Elizabeth,CO,80107,Other,Elbert County Ldd 2 Tickets
Governor,"LOPEZ, GREG",Unaffiliated,28.86,4/22/25,Everyday 5719,Parker,CO,80134,Travel & Lodging,Gas
Governor,"LOPEZ, GREG",Unaffiliated,232.63,4/22/25,"Winred Technical Services, Llc",Arlington,VA,22203,Bank Fees,Winred Fees-April 2025
Governor,"LOPEZ, GREG",Unaffiliated,200,4/28/25,Chaffee County Republican Central Committee,Buena Vista,CO,81211,Other,Chaffee County Republican Ldd- 2 Tickets
Governor,"LOPEZ, GREG",Unaffiliated,25.02,4/30/25,Murphy Express 8621,Parker,CO,80134,Travel & Lodging,Gas
Governor,"LOPEZ, GREG",Unaffiliated,20,4/30/25,Denver Parking,Denver,CO,80202,Travel & Lodging,Parking Downtown Denver
Governor,"LOPEZ, GREG",Unaffiliated,2750,5/3/25,Confiar Strategic Consultant,Platteville,CO,80651,Consultant & Professional Services,Strategic Consulting
Governor,"LOPEZ, GREG",Unaffiliated,20.15,5/3/25,Gunsmoke Travel Plaza,Buena Vista,CO,81211,Travel & Lodging,Gas
Governor,"LOPEZ, GREG",Unaffiliated,1156.25,5/7/25,Infinitelove Media,Denver,CO,80222,Consultant & Professional Services,Video
Governor,"LOPEZ, GREG",Unaffiliated,112.06,5/7/25,Enterprise,Parker,CO,80134,Travel & Lodging,Car Rental
Governor,"LOPEZ, GREG",Unaffiliated,4.3,5/7/25,Hobby Lobby #92,Parker,CO,80134,Office Equipment & Supplies,
Governor,"LOPEZ, GREG",Unaffiliated,7.66,5/7/25,Walmart,Parker,CO,80134,Office Equipment & Supplies,
Governor,"LOPEZ, GREG",Unaffiliated,250,5/8/25,"Eagle County Republicans (Ecr, Ecrcc)",Gypsum,CO,81637,Other,Eagle County Ldd 2 Tickets
Governor,"LOPEZ, GREG",Unaffiliated,130,5/8/25,Fremont County Republican Central Committee,Canon City,CO,81212,Other,Fremont County Republicans Ldd 2 Tickets
Governor,"LOPEZ, GREG",Unaffiliated,11,5/8/25,Public Works Parking,Denver,CO,80202,Travel & Lodging,Parking-Downtown Denver
Governor,"LOPEZ, GREG",Unaffiliated,39.98,5/9/25,City Mrkt Fuel #447,Carbondale,CO,81623,Travel & Lodging,Gas Expense
Governor,"LOPEZ, GREG",Unaffiliated,87.6,5/10/25,Pufferbelly,Grand Junction,CO,81501,"Food, Beverages and Meals",Dinner-Campaign Staff Grand Junction
Governor,"LOPEZ, GREG",Unaffiliated,38.63,5/10/25,Loaf N Jug 750094,Arvada,CO,80007,Travel & Lodging,Gas
Governor,"LOPEZ, GREG",Unaffiliated,22.05,5/13/25,Kings Fuel 25,Littleton,CO,80127,Travel & Lodging,Gas
Governor,"LOPEZ, GREG",Unaffiliated,100,5/13/25,Secretary Of States Office,Denver,CO,80290,Other,Voter List
Governor,"LOPEZ, GREG",Unaffiliated,1000,5/13/25,Confiar Strategic Consultant,Platteville,CO,80651,Consultant & Professional Services,
Governor,"LOPEZ, GREG",Unaffiliated,249.8,5/15/25,Enterprise Car Rental,Parker,CO,80134,Travel & Lodging,Car Rental
Governor,"LOPEZ, GREG",Unaffiliated,100,5/16/25,Hunter Nation,Mission,KS,66202,Other,Campaign Membership
Governor,"LOPEZ, GREG",Unaffiliated,80,5/17/25,Otero County Republican Central Committee,La Junta,CO,81050,Other,Otero Cty Republican Ldd- 2 Tickets
Governor,"LOPEZ, GREG",Unaffiliated,30.53,5/29/25,Apple Ridge Cafe,Wheatridge,CO,80033,"Food, Beverages and Meals",Lunch-Campaign Staff
Governor,"LOPEZ, GREG",Unaffiliated,3500,5/31/25,Confiar Strategic Consultant,Platteville,CO,80651,Consultant & Professional Services,
Governor,"LOPEZ, GREG",Unaffiliated,1000,5/31/25,Alondra  Lucero,Platteville,CO,80651,Consultant & Professional Services,
Governor,"LOPEZ, GREG",Unaffiliated,60.76,6/4/25,Los Dos Potrillos,Denver,CO,80222,"Food, Beverages and Meals",Lunch Meeting-Campaign Staff
Governor,"LOPEZ, GREG",Unaffiliated,24.43,6/4/25,Parker Gas Mart,Parker,CO,80123,Travel & Lodging,Gas
Governor,"LOPEZ, GREG",Unaffiliated,1500,6/4/25,Mary  Gomez,Arvada,CO,80007,Consultant & Professional Services,
Governor,"LOPEZ, GREG",Unaffiliated,22.79,6/10/25,Chick-Fil-A,Parker,CO,80134,"Food, Beverages and Meals",Lunch Meeting-Campaign Staff
Governor,"LOPEZ, GREG",Unaffiliated,20,6/10/25,Tequilas Family Restaurant,Glenwood Springs,CO,81601,"Food, Beverages and Meals",Dinner-Campaign Staff Glennwood Springs
Governor,"LOPEZ, GREG",Unaffiliated,454.07,6/12/25,Ihg Holiday Inn Express,Glenwood Springs,CO,81601,Travel & Lodging,Hotel-Glenwood Springs 6/10-6/12
Governor,"LOPEZ, GREG",Unaffiliated,40.34,6/12/25,Village Inn,Glenwood Springs,CO,81601,"Food, Beverages and Meals",Breakfast-Campaign Staff Glenwood Springs
Governor,"LOPEZ, GREG",Unaffiliated,238,6/12/25,Active Campaign,Chicago,IL,60601,Other,Marketing Tool-May/June
Governor,"LOPEZ, GREG",Unaffiliated,25.31,6/13/25,West Vail N Frontage Road Yetis Grind,Vail,CO,81657,"Food, Beverages and Meals",Lunch-Campaign Staff Vail
Governor,"LOPEZ, GREG",Unaffiliated,23.03,6/13/25,Mt. Princeton Hot Springs,Nathrop,CO,81236,"Food, Beverages and Meals",Breakfast-Campaign Staff Nathrop
Governor,"LOPEZ, GREG",Unaffiliated,26.69,6/13/25,Mary Murphy Restaurant,Nathrop,CO,81236,"Food, Beverages and Meals",Dinner-Campaign Staff Nathrop
Governor,"LOPEZ, GREG",Unaffiliated,25.7,6/14/25,Pizza One,Eagle,CO,81631,"Food, Beverages and Meals",Lunch-Campaign Staff Eagle Co
Governor,"LOPEZ, GREG",Unaffiliated,43.35,6/14/25,Stop N Save #18,Edwards,CO,81632,Travel & Lodging,Gas-Edwards Co
Governor,"LOPEZ, GREG",Unaffiliated,8.86,6/16/25,West Vail N. Frontage Road Yeti'S Grind,Vail,CO,81657,"Food, Beverages and Meals",Breakfast-Campaign Staff Vail
Governor,"LOPEZ, GREG",Unaffiliated,43.23,6/16/25,Sinclair Thunder River Market,Glenwood Springs,CO,81601,Travel & Lodging,Gas-Glenwood Springs
Governor,"LOPEZ, GREG",Unaffiliated,21.45,6/17/25,Pour Fellows,Grand Junction,CO,81501,"Food, Beverages and Meals",Lunch-Campaign Staff Grand Junction
Governor,"LOPEZ, GREG",Unaffiliated,49.3,6/18/25,Pufferbelly Restaurant,Grand Junction,CO,81501,"Food, Beverages and Meals",Dinner-Campaign Staff Grand Junction
Governor,"LOPEZ, GREG",Unaffiliated,690.55,6/19/25,Enterprise Car Rental,Parker,CO,80134,Travel & Lodging,Rental Car-June 10-19
Governor,"LOPEZ, GREG",Unaffiliated,53.12,6/19/25,Exxon Express Pay 7 Eleven,Silverthorne,CO,80498,Travel & Lodging,Gas-Silverthorne
Governor,"LOPEZ, GREG",Unaffiliated,12,6/19/25,Pgm Valero,Parker,CO,80134,Travel & Lodging,Gas-Parker
Governor,"LOPEZ, GREG",Unaffiliated,35.12,6/20/25,Indian Hills,Yuma,CO,80759,"Food, Beverages and Meals",Lunch-Campaign Staff Yuma
Governor,"LOPEZ, GREG",Unaffiliated,20.78,6/20/25,7 Eleven #19570,Wray,CO,80758,Travel & Lodging,Gas-Wray Co
Governor,"LOPEZ, GREG",Unaffiliated,20,6/21/25,Conoco,Platteville,CO,80651,Travel & Lodging,Gas-Platteville
Governor,"LOPEZ, GREG",Unaffiliated,7.15,6/21/25,Kroh Coffee Lounge,Yuma,CO,80759,"Food, Beverages and Meals",Coffee-Campaign Staff Yuma
Governor,"LOPEZ, GREG",Unaffiliated,108,6/23/25,Buffer Plan,San Francisco,CA,94115,Other,Social Media Plan-April/May/June 2025
Governor,"LOPEZ, GREG",Unaffiliated,210,6/23/25,Monday.Com,New York,NY,10011,Other,Work Platform-Work Flow System April/May/June 2025
Governor,"LOPEZ, GREG",Unaffiliated,16.57,6/24/25,Altitude 2708903,Walsenburg,CO,81089,Travel & Lodging,Gas-Walsenburg
Governor,"LOPEZ, GREG",Unaffiliated,84,6/24/25,X (Twitter),San Francisco,CA,94103,Other,X (Twitter) 1 Yr Subscription
Governor,"LOPEZ, GREG",Unaffiliated,211.57,6/25/25,Squarespace,New York,NY,10014,Other,Website-April/May/June
Governor,"LOPEZ, GREG",Unaffiliated,668.91,6/30/25,Anedot,Atlanta,GA,30309,Bank Fees,Anedot Fees-April/May/June 2025
Governor,"LOPEZ, GREG",Unaffiliated,30.79,6/30/25,Altitude 2709878,Elizabeth,CO,80107,Travel & Lodging,Gas-Elizabeth
Governor,"LOPEZ, GREG",Unaffiliated,35.97,6/30/25,Dropbox,San Francisco,CA,94107,Other,Dropbox-Document Sharing
Governor,"LOPEZ, GREG",Unaffiliated,2800,7/1/25,Confiar Strategic Consultant,Platteville,CO,80651,Consultant & Professional Services,
Governor,"LOPEZ, GREG",Unaffiliated,1500,7/1/25,Mary  Gomez,Arvada,CO,80007,Consultant & Professional Services,
Governor,"LOPEZ, GREG",Unaffiliated,1000,7/1/25,Alondra  Lucero,Platteville,CO,80651,Consultant & Professional Services,
Governor,"LOPEZ, GREG",Unaffiliated,3.25,7/2/25,Public Works Parking,Denver,CO,80202,Travel & Lodging,Parking Meter
Governor,"LOPEZ, GREG",Unaffiliated,17.97,7/3/25,Castle Cafe,Castle Rock,CO,80104,"Food, Beverages and Meals",
Governor,"LOPEZ, GREG",Unaffiliated,33,7/3/25,Murphy Express 8796,Elizabeth,CO,80107,Travel & Lodging,Gas
Governor,"LOPEZ, GREG",Unaffiliated,81.43,7/5/25,Fedex Office,Parker,CO,80134,Miscellaneous,Campaign Palm Cards
Governor,"LOPEZ, GREG",Unaffiliated,7.93,7/7/25,Fedex Office,Parker,CO,80134,Office Equipment & Supplies,Printing
Governor,"LOPEZ, GREG",Unaffiliated,103.35,7/8/25,Office Depot,Parker,CO,80134,Office Equipment & Supplies,Copier Cartridges
Governor,"LOPEZ, GREG",Unaffiliated,250,7/8/25,El Paso County Republican Central Committee,Colorado Springs,CO,80919,Other,El Paso County Ldd
Governor,"LOPEZ, GREG",Unaffiliated,113.94,7/9/25,Castle Cafe,Castle Rock,CO,80104,"Food, Beverages and Meals",Campaign Meeting With Supporters
Governor,"LOPEZ, GREG",Unaffiliated,1500,7/9/25,Mary  Gomez,Arvada,CO,80007,Consultant & Professional Services,
Governor,"LOPEZ, GREG",Unaffiliated,1950,7/9/25,Confiar Strategic Consultant,Platteville,CO,80651,Consultant & Professional Services,
Governor,"LOPEZ, GREG",Unaffiliated,16.24,7/9/25,The Best Coffee & Lounge,Colorado Springs,CO,80903,"Food, Beverages and Meals",
Governor,"LOPEZ, GREG",Unaffiliated,39.89,7/10/25,Original Pancake House,Greenwood Village,CO,80111,"Food, Beverages and Meals",Campaign Meeting
Governor,"LOPEZ, GREG",Unaffiliated,27.44,7/10/25,Maverik Inc,Aurora,CO,80012,Travel & Lodging,Gas
Governor,"LOPEZ, GREG",Unaffiliated,4,7/11/25,Public Works Parking,Denver,CO,80202,Travel & Lodging,Parking Meter
Governor,"LOPEZ, GREG",Unaffiliated,45.36,7/16/25,Fedex Office,Parker,CO,80134,Office Equipment & Supplies,Printing
Governor,"LOPEZ, GREG",Unaffiliated,24.68,7/16/25,Strayhorn Grill,Fruita,CO,81521,"Food, Beverages and Meals",Campaign Staff Dinner
Governor,"LOPEZ, GREG",Unaffiliated,19.03,7/17/25,Be Sweet Cafe,Grand Junction,CO,81501,"Food, Beverages and Meals",Campaign Staff Breakfast
Governor,"LOPEZ, GREG",Unaffiliated,38.62,7/18/25,Circle K,Grand Junction,CO,81501,Travel & Lodging,
Governor,"LOPEZ, GREG",Unaffiliated,23.53,7/18/25,Clark & Cos,Palisade,CO,81526,"Food, Beverages and Meals",Campaign Staff Lunch
Governor,"LOPEZ, GREG",Unaffiliated,31.42,7/19/25,Next Page Books,Frisco,CO,80443,Other,Book-Reading Material
Governor,"LOPEZ, GREG",Unaffiliated,17,7/21/25,Denver Arts Complex,Denver,CO,80204,Travel & Lodging,Parking Fee
Governor,"LOPEZ, GREG",Unaffiliated,24.3,7/22/25,Everyday,Parker,CO,80138,Travel & Lodging,Gas
Governor,"LOPEZ, GREG",Unaffiliated,29.66,7/22/25,Chick-Fil-A,Loveland,CO,80538,"Food, Beverages and Meals",Campaign Staff-Lunch
Governor,"LOPEZ, GREG",Unaffiliated,35.05,7/22/25,Harland Clarke,San Antonio,TX,78256,Miscellaneous,Business Checks
Governor,"LOPEZ, GREG",Unaffiliated,18.53,7/23/25,Spoons & Gibs,Ft Collins,CO,80524,"Food, Beverages and Meals",Campaign Staff- Lunch
Governor,"LOPEZ, GREG",Unaffiliated,19.5,7/23/25,Loaf N Jug,Johnstown,CO,80513,Travel & Lodging,Gas
Governor,"LOPEZ, GREG",Unaffiliated,42.71,7/25/25,Ol Miner Steakhouse,Gunnison,CO,81230,"Food, Beverages and Meals",Campaign Staff Dinner
Governor,"LOPEZ, GREG",Unaffiliated,29.09,7/25/25,Conoco,Parker,CO,80134,Travel & Lodging,Gas
Governor,"LOPEZ, GREG",Unaffiliated,374.74,7/25/25,Days Inn,Gunnison,CO,81230,Travel & Lodging,Hotel Rooms X2
Governor,"LOPEZ, GREG",Unaffiliated,21.99,7/26/25,Wendy'S,Silverthorne,CO,80498,"Food, Beverages and Meals",Campaign Staff Dinner
Governor,"LOPEZ, GREG",Unaffiliated,12.07,7/26/25,Philips,Silverthorne,CO,80498,Travel & Lodging,Gas
Governor,"LOPEZ, GREG",Unaffiliated,8.82,7/27/25,Castle Cafe,Castle Rock,CO,80104,"Food, Beverages and Meals",
Governor,"LOPEZ, GREG",Unaffiliated,1000,7/31/25,Alondra  Lucero,Plattville,CO,80651,Consultant & Professional Services,
Governor,"LOPEZ, GREG",Unaffiliated,35.1,7/31/25,Fedex Office,Parker,CO,80134,Miscellaneous,Campaign Foam Core Mounted Item
Governor,"LOPEZ, GREG",Unaffiliated,6.44,7/31/25,Fedex Office,Parker,CO,80134,Office Equipment & Supplies,Color/B/W Printing
Governor,"LOPEZ, GREG",Unaffiliated,2000,8/1/25,Confiar Strategic Consultant,Platteville,CO,80651,Consultant & Professional Services,
Governor,"LOPEZ, GREG",Unaffiliated,22.02,8/1/25,Jenny'S Market #030,Parker,CO,80134,Travel & Lodging,Gas
Governor,"LOPEZ, GREG",Unaffiliated,29.2,8/3/25,Cf United Apro Llc,Littleton,CO,80127,Travel & Lodging,Gas
Governor,"LOPEZ, GREG",Unaffiliated,275.86,8/5/25,Super 8,Durango,CO,81303,Travel & Lodging,Hotel X2
Governor,"LOPEZ, GREG",Unaffiliated,24.31,8/5/25,Serious Texas Bar-B-Q,Durango,CO,81301,"Food, Beverages and Meals",Dinner
Governor,"LOPEZ, GREG",Unaffiliated,42.11,8/5/25,Chili'S Grill And Bar,Alamosa,CO,81101,"Food, Beverages and Meals",Campaign Staff Lunch
Governor,"LOPEZ, GREG",Unaffiliated,4,8/5/25,Public Works Parking,Denver,CO,80202,Travel & Lodging,Parking Meter
Governor,"LOPEZ, GREG",Unaffiliated,16.86,8/6/25,Kfc/Tb,Walsenburg,CO,81089,"Food, Beverages and Meals",Campaign Staff Lunch
Governor,"LOPEZ, GREG",Unaffiliated,19.39,8/6/25,Pgm Valero,Parker,CO,80134,Travel & Lodging,Gas
Governor,"LOPEZ, GREG",Unaffiliated,35.31,8/6/25,Everyday,Pagosa Springs,CO,81147,Travel & Lodging,Gas
Governor,"LOPEZ, GREG",Unaffiliated,21.88,8/7/25,Flying J,Limon,CO,80828,Travel & Lodging,Gas
Governor,"LOPEZ, GREG",Unaffiliated,140,8/9/25,Colorado Trappers & Predator Hunters Association,Canon City,CO,81215,"Food, Beverages and Meals",2 Tickets Colorado Outdoorsman Days Sportsman Banquet
Governor,"LOPEZ, GREG",Unaffiliated,24.36,8/11/25,Murphy Express 8796,Elizabeth,CO,80107,Travel & Lodging,Gas
Governor,"LOPEZ, GREG",Unaffiliated,19.44,8/12/25,Pgm Valero,Parker,CO,80134,Travel & Lodging,Gas
Governor,"LOPEZ, GREG",Unaffiliated,24,8/12/25,Maverik,Craig,CO,81625,Travel & Lodging,Gas
Governor,"LOPEZ, GREG",Unaffiliated,12.71,8/12/25,Subway,Kremmling,CO,80459,"Food, Beverages and Meals",Campaign Staff Dinner
Governor,"LOPEZ, GREG",Unaffiliated,166.14,8/12/25,Zoom.Com,San Jose,CA,95113,Other,Computer Program
Governor,"LOPEZ, GREG",Unaffiliated,175.94,8/18/25,Fastsigns,Parker,CO,80134,Advertising,Banners
Governor,"LOPEZ, GREG",Unaffiliated,26,8/20/25,Altitude 2709878,Elizabeth,CO,80107,Travel & Lodging,Gas
Governor,"LOPEZ, GREG",Unaffiliated,15.28,8/21/25,Broadway Book Mall,Denver,CO,80209,Miscellaneous,Book-Campaign Research
Governor,"LOPEZ, GREG",Unaffiliated,15.47,8/22/25,Wendys,Pueblo,CO,81005,"Food, Beverages and Meals",Campaign Staff Lunch
Governor,"LOPEZ, GREG",Unaffiliated,1000,8/22/25,Confiar Strategic Consultant,Platteville,CO,80651,Consultant & Professional Services,
Governor,"LOPEZ, GREG",Unaffiliated,246.18,8/22/25,Springhill Suites,Pueblo,CO,81003,Travel & Lodging,Hotel 2 Rooms
Governor,"LOPEZ, GREG",Unaffiliated,46.65,8/23/25,Gray'S Coors Tavern,Pueblo,CO,81003,"Food, Beverages and Meals",Campaign Staff Lunch
Governor,"LOPEZ, GREG",Unaffiliated,25.1,8/23/25,Loaf N Jug,Pueblo,CO,81004,Travel & Lodging,Gas
Governor,"LOPEZ, GREG",Unaffiliated,37.5,8/25/25,Maverik,Frisco,CO,80443,Travel & Lodging,Gas
Governor,"LOPEZ, GREG",Unaffiliated,11.89,8/25/25,Wendys,Glenwood Springs,CO,81601,"Food, Beverages and Meals",Dinner
Governor,"LOPEZ, GREG",Unaffiliated,11.6,8/25/25,Fedex Office,Parker,CO,80134,Office Equipment & Supplies,Printing
Governor,"LOPEZ, GREG",Unaffiliated,600,9/2/25,Colorado State Shooting Association,Falcon,CO,80831,"Food, Beverages and Meals",Colorado Shots For Freedom Event/Dinner-Table Purchased
Governor,"LOPEZ, GREG",Unaffiliated,1000,9/3/25,Alondra  Lucero,Platteville,CO,80651,Consultant & Professional Services,
Governor,"LOPEZ, GREG",Unaffiliated,1000,9/3/25,Confiar Strategic Consultant,Platteville,CO,80651,Consultant & Professional Services,
Governor,"LOPEZ, GREG",Unaffiliated,28.96,9/8/25,Murphy Express,Parker,CO,80134,Travel & Lodging,Gas
Governor,"LOPEZ, GREG",Unaffiliated,2000,9/9/25,Mary  Gomez,Arvada,CO,80007,Consultant & Professional Services,
Governor,"LOPEZ, GREG",Unaffiliated,28.51,9/11/25,S&S #301,Colorado Springs,CO,80921,Travel & Lodging,Gas
Governor,"LOPEZ, GREG",Unaffiliated,3000,9/12/25,Confiar Strategic Consultant,Platteville,CO,80651,Consultant & Professional Services,
Governor,"LOPEZ, GREG",Unaffiliated,94.45,9/17/25,El Jardin Mexican Restaurant,Commerce City,CO,80022,"Food, Beverages and Meals",Campaign Staff Lunch Mtg
Governor,"LOPEZ, GREG",Unaffiliated,26.07,9/21/25,Safeway,Elizabeth,CO,80107,Travel & Lodging,Gas
Governor,"LOPEZ, GREG",Unaffiliated,22.14,9/23/25,Kings Fuel #85,Arvada,CO,80007,Travel & Lodging,Gas
Governor,"LOPEZ, GREG",Unaffiliated,42.54,9/24/25,Smokin Dave'S Bbq Longmont,Longmont,CO,80501,"Food, Beverages and Meals",Campaign Staff Lunch
Governor,"LOPEZ, GREG",Unaffiliated,81,9/24/25,Constant Contact,Waltham,MA,02451,Other,Computer Program
Governor,"LOPEZ, GREG",Unaffiliated,51.48,9/26/25,Blue Bonnet,Denver,CO,80209,"Food, Beverages and Meals",Campaign Meeting-Lunch
Governor,"LOPEZ, GREG",Unaffiliated,539.29,9/30/25,Anedot,Atlanta,GA,30309,Bank Fees,Anedot Fees July 1-Sept 30
Governor,"LOPEZ, GREG",Unaffiliated,210,9/30/25,Monday.Com,New York,NY,10011,Other,Computer Program July 1- Sept 30
Governor,"LOPEZ, GREG",Unaffiliated,108,9/30/25,Buffer Plan,San Francisco,CA,94115,Other,Computer Program July 1-Sept 30
Governor,"LOPEZ, GREG",Unaffiliated,357,9/30/25,Active Campaign,Chicago,IL,60601,Other,Computer Program July 1-Sept 30
Governor,"LOPEZ, GREG",Unaffiliated,334.2,9/30/25,Squarespace,New York,NY,10014,Other,Computer Program July 1-Sept 30
Governor,"LOPEZ, GREG",Unaffiliated,35.97,9/30/25,Dropbox,San Francisco,CA,94107,Other,Computer Program July 1-Sept 30
Governor,"LOPEZ, GREG",Unaffiliated,1000,10/1/25,Alondra  Lucero,Plattville,CO,80651,Consultant & Professional Services,
Governor,"LOPEZ, GREG",Unaffiliated,17.67,10/1/25,Carmines Pizza & Pasta,Lonetree,CO,80124,"Food, Beverages and Meals",Campaign Staff Meeting-Meal
Governor,"LOPEZ, GREG",Unaffiliated,250,10/2/25,Arapahoe County Republicans: Republicans,Aurora,CO,80014,"Food, Beverages and Meals",Arapahoe County Republicans Lincoln Day Dinner X2
Governor,"LOPEZ, GREG",Unaffiliated,100.2,10/2/25,Squarespace,New York,NY,10014,Miscellaneous,Software
Governor,"LOPEZ, GREG",Unaffiliated,19.6,10/3/25,Village Inn,Glenwood Springs,CO,81601,"Food, Beverages and Meals",Campaign Staff-Meal
Governor,"LOPEZ, GREG",Unaffiliated,18.44,10/3/25,Loaf N Jug 750094,Arvada,CO,80007,Travel & Lodging,Gas
Governor,"LOPEZ, GREG",Unaffiliated,54.66,10/3/25,Walmart,Arvada,CO,80002,"Food, Beverages and Meals",Snacks For Campaign Event
Governor,"LOPEZ, GREG",Unaffiliated,4,10/3/25,Public Works Parking,Denver,CO,80202,Travel & Lodging,Parking Meter-Denver
Governor,"LOPEZ, GREG",Unaffiliated,97.26,10/4/25,Mesa Winds Farm Restaurant,Hotchkiss,CO,81419,"Food, Beverages and Meals",Meet And Greet
Governor,"LOPEZ, GREG",Unaffiliated,38.13,10/5/25,Stinker Stores,Glenwood Springs,CO,81601,Travel & Lodging,Gas
Governor,"LOPEZ, GREG",Unaffiliated,13.57,10/5/25,Subway,Carbondale,CO,81623,"Food, Beverages and Meals",Campaign Staff- Meal
Governor,"LOPEZ, GREG",Unaffiliated,20.56,10/5/25,Sips On Main,Cedaredge,CO,81413,"Food, Beverages and Meals",Campaign Staff-Meal
Governor,"LOPEZ, GREG",Unaffiliated,8,10/6/25,Quicktrip,Parker,CO,80134,Travel & Lodging,Gas
Governor,"LOPEZ, GREG",Unaffiliated,320.28,10/6/25,Enterprise,Parker,CO,80134,Travel & Lodging,Car Rental-10/3-10/6
Governor,"LOPEZ, GREG",Unaffiliated,25.51,10/9/25,Maverik,Loveland,CO,80538,Travel & Lodging,Gas
Governor,"LOPEZ, GREG",Unaffiliated,119,10/12/25,Active Campaign,Chicago,IL,60601,Miscellaneous,Software
Governor,"LOPEZ, GREG",Unaffiliated,3000,10/14/25,Confiar Strategic Consultant,Platteville,CO,80651,Consultant & Professional Services,
Governor,"LOPEZ, GREG",Unaffiliated,250,10/17/25,Boulder County Republicans,Longmont,CO,80501,"Food, Beverages and Meals",Boulder County Republicans Lincoln Dinner X 2
Governor,"LOPEZ, GREG",Unaffiliated,16,10/17/25,"Selkirks, Llc",Denver,CO,80204,Travel & Lodging,Parking Garage-Denver
Governor,"LOPEZ, GREG",Unaffiliated,14.02,10/18/25,Hobby Lobby #92,Parker,CO,80134,Office Equipment & Supplies,Misc. Supplies For Displays
Governor,"LOPEZ, GREG",Unaffiliated,250,10/19/25,Routt County Republican Central Committee,Steamboat Springs,CO,80487,"Food, Beverages and Meals",2 Tickets- Event
Governor,"LOPEZ, GREG",Unaffiliated,27.81,10/21/25,Conoco,Parker,CO,80134,Travel & Lodging,Gas
Governor,"LOPEZ, GREG",Unaffiliated,24.73,10/21/25,Heaven Dragon Chinese Restaurant,Broomfield,CO,80020,"Food, Beverages and Meals",Campaign Staff-Meal
Governor,"LOPEZ, GREG",Unaffiliated,15.55,10/22/25,Ihop,Highlands Ranch,CO,80126,"Food, Beverages and Meals",Campaign Staff-Meal
Governor,"LOPEZ, GREG",Unaffiliated,2,10/22/25,Public Works Parking,Denver,CO,80202,Travel & Lodging,Parking Meter-Denver
Governor,"LOPEZ, GREG",Unaffiliated,36,10/23/25,Buffer Plan,San Francisco,CA,94115,Miscellaneous,Software
Governor,"LOPEZ, GREG",Unaffiliated,81,10/23/25,Constant Contact,Waltham,MA,02451,Miscellaneous,Software
Governor,"LOPEZ, GREG",Unaffiliated,118,10/23/25,Jewish Colorado,Denver,CO,80246,"Food, Beverages and Meals",Jewish Colorado Fundraiser
Governor,"LOPEZ, GREG",Unaffiliated,70,10/24/25,Monday.Com,New York,NY,10011,Miscellaneous,Software
Governor,"LOPEZ, GREG",Unaffiliated,29.25,10/25/25,Conoco,Aurora,CO,80010,Travel & Lodging,Gas
Governor,"LOPEZ, GREG",Unaffiliated,11.99,10/30/25,Dropbox,San Francisco,CA,94107,Miscellaneous,Software
Governor,"LOPEZ, GREG",Unaffiliated,100.2,11/2/25,Squarespace,New York,NY,10014,Miscellaneous,Software
Governor,"LOPEZ, GREG",Unaffiliated,33.99,11/2/25,Google,Mountain View,CA,94043,Miscellaneous,Software-Teleprompter
Governor,"LOPEZ, GREG",Unaffiliated,14.6,11/3/25,Murphy Express,Parker,CO,80134,Travel & Lodging,Gas
Governor,"LOPEZ, GREG",Unaffiliated,864,11/3/25,Herrada Printing,Aurora,CO,80012,Office Equipment & Supplies,Printing-Envelopes/Business Cards Etc.
Governor,"LOPEZ, GREG",Unaffiliated,1000,11/4/25,Alondra  Lucero,Platteville,CO,80651,Consultant & Professional Services,
Governor,"LOPEZ, GREG",Unaffiliated,5.38,11/5/25,Home Depot,Parker,CO,80134,Office Equipment & Supplies,Velcro Straps For Events
Governor,"LOPEZ, GREG",Unaffiliated,22.67,11/6/25,Dominos Pizza,Montrose,CO,81401,"Food, Beverages and Meals",Campaign Staff-Meal
Governor,"LOPEZ, GREG",Unaffiliated,24.12,11/6/25,The Coffee Trader Gunnison,Gunnison,CO,81230,"Food, Beverages and Meals",Campaign Staff-Meal
Governor,"LOPEZ, GREG",Unaffiliated,110,11/6/25,Chipeta Lodge,Ridgeway,CO,81432,Other,Conference Room Rental
Governor,"LOPEZ, GREG",Unaffiliated,288.62,11/6/25,Fairfield,Montrose,CO,81401,Travel & Lodging,Hotel Room X2 Rooms-Montrose
Governor,"LOPEZ, GREG",Unaffiliated,28.4,11/7/25,Maverik,Montrose,CO,81401,Travel & Lodging,Gas
Governor,"LOPEZ, GREG",Unaffiliated,34.55,11/7/25,Order Up,Rifle,CO,81650,"Food, Beverages and Meals",Campaign Staff-Meal
Governor,"LOPEZ, GREG",Unaffiliated,40.04,11/7/25,Ma Famiglia,Meeker,CO,81641,"Food, Beverages and Meals",Campaign Staff-Meal
Governor,"LOPEZ, GREG",Unaffiliated,34.3,11/8/25,Maverik,Avon,CO,81620,Travel & Lodging,Gas
Governor,"LOPEZ, GREG",Unaffiliated,283.25,11/8/25,Enterprise Car Rental,Parker,CO,80134,Travel & Lodging,Rental Car- Nov 5-Nov 8
Governor,"LOPEZ, GREG",Unaffiliated,119,11/12/25,Active Campaign,Chicago,IL,60601,Miscellaneous,Software
Governor,"LOPEZ, GREG",Unaffiliated,21.54,11/13/25,Everyday,Parker,CO,80138,Travel & Lodging,Gas
Governor,"LOPEZ, GREG",Unaffiliated,79.97,11/13/25,Super 8 By Wyndham,Sterling,CO,80751,Travel & Lodging,Hotel Room-Sterling
Governor,"LOPEZ, GREG",Unaffiliated,15.12,11/13/25,Office Depot,Parker,CO,80134,Office Equipment & Supplies,Color Copies
Governor,"LOPEZ, GREG",Unaffiliated,23.01,11/14/25,Kings Fuel,Parker,CO,80134,Travel & Lodging,Gas
Governor,"LOPEZ, GREG",Unaffiliated,2.5,11/19/25,Public Works Parking,Denver,CO,80202,Travel & Lodging,Parking Meter
Governor,"LOPEZ, GREG",Unaffiliated,22.43,11/20/25,Murphy Express 8621,Parker,CO,80134,Travel & Lodging,Gas
Governor,"LOPEZ, GREG",Unaffiliated,81,11/23/25,Constant Contact,Waltham,MA,02451,Miscellaneous,Software
Governor,"LOPEZ, GREG",Unaffiliated,70,11/24/25,Monday.Com,New York,NY,10011,Miscellaneous,Software
Governor,"LOPEZ, GREG",Unaffiliated,36,11/24/25,Buffer Plan,San Francisco,CA,94115,Miscellaneous,Software
Governor,"LOPEZ, GREG",Unaffiliated,11.99,11/30/25,Dropbox,San Francisco,CA,94107,Miscellaneous,Software
Governor,"LOPEZ, GREG",Unaffiliated,11.76,12/1/25,Franktown Market,Franktown,CO,80116,Travel & Lodging,Gas
Governor,"LOPEZ, GREG",Unaffiliated,1000,12/1/25,Alondra  Lucero,Plattville,CO,80651,Consultant & Professional Services,
Governor,"LOPEZ, GREG",Unaffiliated,100.2,12/2/25,Squarespace,New York,NY,10014,Miscellaneous,Software
Governor,"LOPEZ, GREG",Unaffiliated,21.45,12/8/25,Murphy Express 8621,Parker,CO,80134,Travel & Lodging,Gas
Governor,"LOPEZ, GREG",Unaffiliated,122.45,12/8/25,Office Depot,Parker,CO,80134,Office Equipment & Supplies,Poster Board/Printed Poster
Governor,"LOPEZ, GREG",Unaffiliated,3.5,12/8/25,Public Works Parking,Denver,CO,80202,Travel & Lodging,Parking Meter
Governor,"LOPEZ, GREG",Unaffiliated,4,12/8/25,Public Works Parking,Denver,CO,80202,Travel & Lodging,Parking Meter Denver
Governor,"LOPEZ, GREG",Unaffiliated,4,12/8/25,Public Works Parking,Denver,CO,80202,Travel & Lodging,Parking Meter Denver
Governor,"LOPEZ, GREG",Unaffiliated,70,12/10/25,Lincoln Club,Denver,CO,80205,"Food, Beverages and Meals",Christmas Party
Governor,"LOPEZ, GREG",Unaffiliated,23.35,12/11/25,Maverik,Colorado Springs,CO,80921,Travel & Lodging,Gas
Governor,"LOPEZ, GREG",Unaffiliated,119,12/12/25,Active Campaign,Chicago,IL,60601,Miscellaneous,Software
Governor,"LOPEZ, GREG",Unaffiliated,7.96,12/13/25,Cheba Hut,Denver,CO,80203,"Food, Beverages and Meals",Campaign Meeting
Governor,"LOPEZ, GREG",Unaffiliated,12.14,12/16/25,Castle Rock Collective,Castle Rock,CO,80104,"Food, Beverages and Meals",Campaign Meeting
Governor,"LOPEZ, GREG",Unaffiliated,16.34,12/17/25,Parker Gas Mart,Parker,CO,80123,Travel & Lodging,Gas
Governor,"LOPEZ, GREG",Unaffiliated,10.55,12/19/25,World Of Books,Mongomery,IL,60538,Miscellaneous,Research Material-Book
Governor,"LOPEZ, GREG",Unaffiliated,350,12/22/25,Confiar Strategic Consultant,Platteville,CO,80651,Consultant & Professional Services,
Governor,"LOPEZ, GREG",Unaffiliated,36,12/22/25,Buffer Plan,San Francisco,CA,94115,Miscellaneous,Software
Governor,"LOPEZ, GREG",Unaffiliated,81,12/23/25,Constant Contact,Waltham,MA,02451,Miscellaneous,Software
Governor,"LOPEZ, GREG",Unaffiliated,70,12/24/25,Monday.Com,New York,NY,10011,Miscellaneous,Software
Governor,"LOPEZ, GREG",Unaffiliated,122.13,12/28/25,Micro Center,Denver,CO,80237,Office Equipment & Supplies,Office Equipment
Governor,"LOPEZ, GREG",Unaffiliated,50,12/29/25,Colorado Springs Republican Patriots,Colorado Springs,CO,80917,"Food, Beverages and Meals",Cs Republicn Patriots-Christmas Party X2
Governor,"LOPEZ, GREG",Unaffiliated,11.99,12/30/25,Dropbox,San Francisco,CA,94107,Miscellaneous,Software
Governor,"LOPEZ, GREG",Unaffiliated,220.62,12/31/25,Anedot,Atlanta,GA,30309,Bank Fees,"Anedot Fees Oct 1, 2025-Dec 31, 2025"
Governor,"MARX, VICTOR",Republican,40,9/30/25,Wix.Com Inc,New York,NY,10014,Advertising,"Payment To Wix, See Corresponding Contribution"
Governor,"MARX, VICTOR",Republican,163,9/30/25,United States Postal Service,Florence,CO,81226,Miscellaneous,"Po Box, See Corresponding Contribution"
Governor,"MARX, VICTOR",Republican,59,9/30/25,Wix.Com Inc,New York,NY,10014,Consultant & Professional Services,"Wix Email Plan, See Corresponding Contribution"
Governor,"MARX, VICTOR",Republican,88.95,9/15/25,Godaddy,Tempe,AZ,85284,Other,Victor2026.Com Domain Fee And Other Domain Expenses
Governor,"MARX, VICTOR",Republican,3000,9/24/25,Bourbon Brothers,Colorado Springs,CO,80921,Other,Deposit For The Hall At Bourbon Brothers Event.  See Corresponding In Kind Contribution
Governor,"MARX, VICTOR",Republican,1180.98,10/1/25,Amazon.Com,Seattle,WA,98109,Other,"Signs, Banners, Candles And Centerpieces, See Corresponding In Kind Contribution"
Governor,"MARX, VICTOR",Republican,99,10/1/25,Wix,New York,NY,10014,Other,Wix See Corresponding In Kind Contribution
Governor,"MARX, VICTOR",Republican,205.92,10/1/25,Amazon.Com,Seattle,WA,98109,Other,Event Decorations See Corresponding In Kind Contribution
Governor,"MARX, VICTOR",Republican,4.1,10/2/25,Winred Technical Services Llc,Arlington,VA,22203,Bank Fees,
Governor,"MARX, VICTOR",Republican,1.03,10/2/25,Winred Technical Services Llc,Arlington,VA,22203,Bank Fees,
Governor,"MARX, VICTOR",Republican,57.13,10/2/25,Winred Technical Services Llc,Arlington,VA,22203,Bank Fees,
Governor,"MARX, VICTOR",Republican,2.05,10/2/25,Winred Technical Services Llc,Arlington,VA,22203,Bank Fees,
Governor,"MARX, VICTOR",Republican,4.1,10/2/25,Winred Technical Services Llc,Arlington,VA,22203,Bank Fees,
Governor,"MARX, VICTOR",Republican,19.7,10/2/25,Winred Technical Services Llc,Arlington,VA,22203,Bank Fees,
Governor,"MARX, VICTOR",Republican,3.94,10/2/25,Winred Technical Services Llc,Arlington,VA,22203,Bank Fees,
Governor,"MARX, VICTOR",Republican,0.82,10/2/25,Winred Technical Services Llc,Arlington,VA,22203,Bank Fees,
Governor,"MARX, VICTOR",Republican,2.05,10/2/25,Winred Technical Services Llc,Arlington,VA,22203,Bank Fees,
Governor,"MARX, VICTOR",Republican,4.1,10/2/25,Winred Technical Services Llc,Arlington,VA,22203,Bank Fees,
Governor,"MARX, VICTOR",Republican,9.85,10/2/25,Winred Technical Services Llc,Arlington,VA,22203,Bank Fees,
Governor,"MARX, VICTOR",Republican,1.03,10/2/25,Winred Technical Services Llc,Arlington,VA,22203,Bank Fees,
Governor,"MARX, VICTOR",Republican,1.03,10/2/25,Winred Technical Services Llc,Arlington,VA,22203,Bank Fees,
Governor,"MARX, VICTOR",Republican,3.94,10/2/25,Winred Technical Services Llc,Arlington,VA,22203,Bank Fees,
Governor,"MARX, VICTOR",Republican,1.03,10/2/25,Winred Technical Services Llc,Arlington,VA,22203,Bank Fees,
Governor,"MARX, VICTOR",Republican,20.51,10/2/25,Winred Technical Services Llc,Arlington,VA,22203,Bank Fees,
Governor,"MARX, VICTOR",Republican,1.03,10/2/25,Winred Technical Services Llc,Arlington,VA,22203,Bank Fees,
Governor,"MARX, VICTOR",Republican,2.05,10/2/25,Winred Technical Services Llc,Arlington,VA,22203,Bank Fees,
Governor,"MARX, VICTOR",Republican,1.03,10/2/25,Winred Technical Services Llc,Arlington,VA,22203,Bank Fees,
Governor,"MARX, VICTOR",Republican,7.26,10/2/25,Winred Technical Services Llc,Arlington,VA,22203,Bank Fees,
Governor,"MARX, VICTOR",Republican,10.25,10/2/25,Winred Technical Services Llc,Arlington,VA,22203,Bank Fees,
Governor,"MARX, VICTOR",Republican,0.82,10/2/25,Winred Technical Services Llc,Arlington,VA,22203,Bank Fees,
Governor,"MARX, VICTOR",Republican,4.1,10/2/25,Winred Technical Services Llc,Arlington,VA,22203,Bank Fees,
Governor,"MARX, VICTOR",Republican,10.25,10/2/25,Winred Technical Services Llc,Arlington,VA,22203,Bank Fees,
Governor,"MARX, VICTOR",Republican,2.05,10/2/25,Winred Technical Services Llc,Arlington,VA,22203,Bank Fees,
Governor,"MARX, VICTOR",Republican,41.02,10/2/25,Winred Technical Services Llc,Arlington,VA,22203,Bank Fees,
Governor,"MARX, VICTOR",Republican,2.05,10/2/25,Winred Technical Services Llc,Arlington,VA,22203,Bank Fees,
Governor,"MARX, VICTOR",Republican,4.1,10/2/25,Winred Technical Services Llc,Arlington,VA,22203,Bank Fees,
Governor,"MARX, VICTOR",Republican,4.1,10/2/25,Winred Technical Services Llc,Arlington,VA,22203,Bank Fees,
Governor,"MARX, VICTOR",Republican,3.94,10/2/25,Winred Technical Services Llc,Arlington,VA,22203,Bank Fees,
Governor,"MARX, VICTOR",Republican,0.21,10/2/25,Winred Technical Services Llc,Arlington,VA,22203,Bank Fees,
Governor,"MARX, VICTOR",Republican,1.03,10/2/25,Winred Technical Services Llc,Arlington,VA,22203,Bank Fees,
Governor,"MARX, VICTOR",Republican,4.1,10/2/25,Winred Technical Services Llc,Arlington,VA,22203,Bank Fees,
Governor,"MARX, VICTOR",Republican,4.1,10/2/25,Winred Technical Services Llc,Arlington,VA,22203,Bank Fees,
Governor,"MARX, VICTOR",Republican,4.1,10/2/25,Winred Technical Services Llc,Arlington,VA,22203,Bank Fees,
Governor,"MARX, VICTOR",Republican,8.2,10/2/25,Winred Technical Services Llc,Arlington,VA,22203,Bank Fees,
Governor,"MARX, VICTOR",Republican,0.99,10/2/25,Winred Technical Services Llc,Arlington,VA,22203,Bank Fees,
Governor,"MARX, VICTOR",Republican,1.03,10/2/25,Winred Technical Services Llc,Arlington,VA,22203,Bank Fees,
Governor,"MARX, VICTOR",Republican,1.03,10/2/25,Winred Technical Services Llc,Arlington,VA,22203,Bank Fees,
Governor,"MARX, VICTOR",Republican,4.1,10/2/25,Winred Technical Services Llc,Arlington,VA,22203,Bank Fees,
Governor,"MARX, VICTOR",Republican,3.94,10/2/25,Winred Technical Services Llc,Arlington,VA,22203,Bank Fees,
Governor,"MARX, VICTOR",Republican,2.05,10/2/25,Winred Technical Services Llc,Arlington,VA,22203,Bank Fees,
Governor,"MARX, VICTOR",Republican,1.03,10/2/25,Winred Technical Services Llc,Arlington,VA,22203,Bank Fees,
Governor,"MARX, VICTOR",Republican,1.03,10/2/25,Winred Technical Services Llc,Arlington,VA,22203,Bank Fees,
Governor,"MARX, VICTOR",Republican,4.1,10/2/25,Winred Technical Services Llc,Arlington,VA,22203,Bank Fees,
Governor,"MARX, VICTOR",Republican,4.1,10/2/25,Winred Technical Services Llc,Arlington,VA,22203,Bank Fees,
Governor,"MARX, VICTOR",Republican,1.03,10/2/25,Winred Technical Services Llc,Arlington,VA,22203,Bank Fees,
Governor,"MARX, VICTOR",Republican,57.13,10/2/25,Winred Technical Services Llc,Arlington,VA,22203,Bank Fees,
Governor,"MARX, VICTOR",Republican,2.05,10/2/25,Winred Technical Services Llc,Arlington,VA,22203,Bank Fees,
Governor,"MARX, VICTOR",Republican,4.1,10/2/25,Winred Technical Services Llc,Arlington,VA,22203,Bank Fees,
Governor,"MARX, VICTOR",Republican,4.1,10/2/25,Winred Technical Services Llc,Arlington,VA,22203,Bank Fees,
Governor,"MARX, VICTOR",Republican,4.1,10/2/25,Winred Technical Services Llc,Arlington,VA,22203,Bank Fees,
Governor,"MARX, VICTOR",Republican,10.25,10/2/25,Winred Technical Services Llc,Arlington,VA,22203,Bank Fees,
Governor,"MARX, VICTOR",Republican,4.1,10/2/25,Winred Technical Services Llc,Arlington,VA,22203,Bank Fees,
Governor,"MARX, VICTOR",Republican,37.43,10/2/25,Winred Technical Services Llc,Arlington,VA,22203,Bank Fees,
Governor,"MARX, VICTOR",Republican,1.03,10/2/25,Winred Technical Services Llc,Arlington,VA,22203,Bank Fees,
Governor,"MARX, VICTOR",Republican,10.25,10/2/25,Winred Technical Services Llc,Arlington,VA,22203,Bank Fees,
Governor,"MARX, VICTOR",Republican,9.85,10/2/25,Winred Technical Services Llc,Arlington,VA,22203,Bank Fees,
Governor,"MARX, VICTOR",Republican,41.02,10/2/25,Winred Technical Services Llc,Arlington,VA,22203,Bank Fees,
Governor,"MARX, VICTOR",Republican,2.05,10/2/25,Winred Technical Services Llc,Arlington,VA,22203,Bank Fees,
Governor,"MARX, VICTOR",Republican,1.03,10/2/25,Winred Technical Services Llc,Arlington,VA,22203,Bank Fees,
Governor,"MARX, VICTOR",Republican,4.14,10/2/25,Winred Technical Services Llc,Arlington,VA,22203,Bank Fees,
Governor,"MARX, VICTOR",Republican,4.1,10/2/25,Winred Technical Services Llc,Arlington,VA,22203,Bank Fees,
Governor,"MARX, VICTOR",Republican,1.03,10/2/25,Winred Technical Services Llc,Arlington,VA,22203,Bank Fees,
Governor,"MARX, VICTOR",Republican,4.1,10/2/25,Winred Technical Services Llc,Arlington,VA,22203,Bank Fees,
Governor,"MARX, VICTOR",Republican,0.41,10/2/25,Winred Technical Services Llc,Arlington,VA,22203,Bank Fees,
Governor,"MARX, VICTOR",Republican,2.05,10/2/25,Winred Technical Services Llc,Arlington,VA,22203,Bank Fees,
Governor,"MARX, VICTOR",Republican,4.1,10/2/25,Winred Technical Services Llc,Arlington,VA,22203,Bank Fees,
Governor,"MARX, VICTOR",Republican,10.25,10/2/25,Winred Technical Services Llc,Arlington,VA,22203,Bank Fees,
Governor,"MARX, VICTOR",Republican,10.25,10/2/25,Winred Technical Services Llc,Arlington,VA,22203,Bank Fees,
Governor,"MARX, VICTOR",Republican,1.03,10/2/25,Winred Technical Services Llc,Arlington,VA,22203,Bank Fees,
Governor,"MARX, VICTOR",Republican,4.1,10/2/25,Winred Technical Services Llc,Arlington,VA,22203,Bank Fees,
Governor,"MARX, VICTOR",Republican,4.1,10/2/25,Winred Technical Services Llc,Arlington,VA,22203,Bank Fees,
Governor,"MARX, VICTOR",Republican,0.41,10/2/25,Winred Technical Services Llc,Arlington,VA,22203,Bank Fees,
Governor,"MARX, VICTOR",Republican,1.03,10/2/25,Winred Technical Services Llc,Arlington,VA,22203,Bank Fees,
Governor,"MARX, VICTOR",Republican,1.93,10/3/25,Winred Technical Services Llc,Arlington,VA,22203,Bank Fees,
Governor,"MARX, VICTOR",Republican,1.03,10/3/25,Winred Technical Services Llc,Arlington,VA,22203,Bank Fees,
Governor,"MARX, VICTOR",Republican,20.51,10/3/25,Winred Technical Services Llc,Arlington,VA,22203,Bank Fees,
Governor,"MARX, VICTOR",Republican,1.03,10/3/25,Winred Technical Services Llc,Arlington,VA,22203,Bank Fees,
Governor,"MARX, VICTOR",Republican,1.03,10/3/25,Winred Technical Services Llc,Arlington,VA,22203,Bank Fees,
Governor,"MARX, VICTOR",Republican,4.1,10/3/25,Winred Technical Services Llc,Arlington,VA,22203,Bank Fees,
Governor,"MARX, VICTOR",Republican,1.03,10/3/25,Winred Technical Services Llc,Arlington,VA,22203,Bank Fees,
Governor,"MARX, VICTOR",Republican,1.03,10/3/25,Winred Technical Services Llc,Arlington,VA,22203,Bank Fees,
Governor,"MARX, VICTOR",Republican,0.82,10/3/25,Winred Technical Services Llc,Arlington,VA,22203,Bank Fees,
Governor,"MARX, VICTOR",Republican,1.03,10/3/25,Winred Technical Services Llc,Arlington,VA,22203,Bank Fees,
Governor,"MARX, VICTOR",Republican,3.94,10/3/25,Winred Technical Services Llc,Arlington,VA,22203,Bank Fees,
Governor,"MARX, VICTOR",Republican,4.1,10/3/25,Winred Technical Services Llc,Arlington,VA,22203,Bank Fees,
Governor,"MARX, VICTOR",Republican,4.1,10/3/25,Winred Technical Services Llc,Arlington,VA,22203,Bank Fees,
Governor,"MARX, VICTOR",Republican,1.97,10/3/25,Winred Technical Services Llc,Arlington,VA,22203,Bank Fees,
Governor,"MARX, VICTOR",Republican,1.03,10/3/25,Winred Technical Services Llc,Arlington,VA,22203,Bank Fees,
Governor,"MARX, VICTOR",Republican,2.05,10/3/25,Winred Technical Services Llc,Arlington,VA,22203,Bank Fees,
Governor,"MARX, VICTOR",Republican,10.25,10/3/25,Winred Technical Services Llc,Arlington,VA,22203,Bank Fees,
Governor,"MARX, VICTOR",Republican,1.03,10/3/25,Winred Technical Services Llc,Arlington,VA,22203,Bank Fees,
Governor,"MARX, VICTOR",Republican,2.05,10/3/25,Winred Technical Services Llc,Arlington,VA,22203,Bank Fees,
Governor,"MARX, VICTOR",Republican,4.1,10/3/25,Winred Technical Services Llc,Arlington,VA,22203,Bank Fees,
Governor,"MARX, VICTOR",Republican,4.1,10/3/25,Winred Technical Services Llc,Arlington,VA,22203,Bank Fees,
Governor,"MARX, VICTOR",Republican,4.1,10/3/25,Winred Technical Services Llc,Arlington,VA,22203,Bank Fees,
Governor,"MARX, VICTOR",Republican,1.03,10/3/25,Winred Technical Services Llc,Arlington,VA,22203,Bank Fees,
Governor,"MARX, VICTOR",Republican,2.05,10/3/25,Winred Technical Services Llc,Arlington,VA,22203,Bank Fees,
Governor,"MARX, VICTOR",Republican,1.03,10/3/25,Winred Technical Services Llc,Arlington,VA,22203,Bank Fees,
Governor,"MARX, VICTOR",Republican,4.1,10/3/25,Winred Technical Services Llc,Arlington,VA,22203,Bank Fees,
Governor,"MARX, VICTOR",Republican,1.03,10/3/25,Winred Technical Services Llc,Arlington,VA,22203,Bank Fees,
Governor,"MARX, VICTOR",Republican,20.51,10/3/25,Winred Technical Services Llc,Arlington,VA,22203,Bank Fees,
Governor,"MARX, VICTOR",Republican,1.03,10/3/25,Winred Technical Services Llc,Arlington,VA,22203,Bank Fees,
Governor,"MARX, VICTOR",Republican,1.03,10/3/25,Winred Technical Services Llc,Arlington,VA,22203,Bank Fees,
Governor,"MARX, VICTOR",Republican,4.1,10/3/25,Winred Technical Services Llc,Arlington,VA,22203,Bank Fees,
Governor,"MARX, VICTOR",Republican,3.94,10/3/25,Winred Technical Services Llc,Arlington,VA,22203,Bank Fees,
Governor,"MARX, VICTOR",Republican,8.2,10/3/25,Winred Technical Services Llc,Arlington,VA,22203,Bank Fees,
Governor,"MARX, VICTOR",Republican,1.03,10/3/25,Winred Technical Services Llc,Arlington,VA,22203,Bank Fees,
Governor,"MARX, VICTOR",Republican,1.03,10/3/25,Winred Technical Services Llc,Arlington,VA,22203,Bank Fees,
Governor,"MARX, VICTOR",Republican,1.03,10/3/25,Winred Technical Services Llc,Arlington,VA,22203,Bank Fees,
Governor,"MARX, VICTOR",Republican,1.03,10/3/25,Winred Technical Services Llc,Arlington,VA,22203,Bank Fees,
Governor,"MARX, VICTOR",Republican,1.03,10/3/25,Winred Technical Services Llc,Arlington,VA,22203,Bank Fees,
Governor,"MARX, VICTOR",Republican,1.03,10/3/25,Winred Technical Services Llc,Arlington,VA,22203,Bank Fees,
Governor,"MARX, VICTOR",Republican,2.05,10/3/25,Winred Technical Services Llc,Arlington,VA,22203,Bank Fees,
Governor,"MARX, VICTOR",Republican,0.99,10/3/25,Winred Technical Services Llc,Arlington,VA,22203,Bank Fees,
Governor,"MARX, VICTOR",Republican,4.1,10/3/25,Winred Technical Services Llc,Arlington,VA,22203,Bank Fees,
Governor,"MARX, VICTOR",Republican,1.03,10/3/25,Winred Technical Services Llc,Arlington,VA,22203,Bank Fees,
Governor,"MARX, VICTOR",Republican,0.99,10/3/25,Winred Technical Services Llc,Arlington,VA,22203,Bank Fees,
Governor,"MARX, VICTOR",Republican,4.1,10/3/25,Winred Technical Services Llc,Arlington,VA,22203,Bank Fees,
Governor,"MARX, VICTOR",Republican,1.03,10/3/25,Winred Technical Services Llc,Arlington,VA,22203,Bank Fees,
Governor,"MARX, VICTOR",Republican,4.1,10/3/25,Winred Technical Services Llc,Arlington,VA,22203,Bank Fees,
Governor,"MARX, VICTOR",Republican,2.05,10/3/25,Winred Technical Services Llc,Arlington,VA,22203,Bank Fees,
Governor,"MARX, VICTOR",Republican,1.03,10/3/25,Winred Technical Services Llc,Arlington,VA,22203,Bank Fees,
Governor,"MARX, VICTOR",Republican,4.1,10/3/25,Winred Technical Services Llc,Arlington,VA,22203,Bank Fees,
Governor,"MARX, VICTOR",Republican,1.03,10/3/25,Winred Technical Services Llc,Arlington,VA,22203,Bank Fees,
Governor,"MARX, VICTOR",Republican,2.05,10/3/25,Winred Technical Services Llc,Arlington,VA,22203,Bank Fees,
Governor,"MARX, VICTOR",Republican,0.99,10/3/25,Winred Technical Services Llc,Arlington,VA,22203,Bank Fees,
Governor,"MARX, VICTOR",Republican,1.03,10/3/25,Winred Technical Services Llc,Arlington,VA,22203,Bank Fees,
Governor,"MARX, VICTOR",Republican,57.13,10/3/25,Winred Technical Services Llc,Arlington,VA,22203,Bank Fees,
Governor,"MARX, VICTOR",Republican,1.03,10/3/25,Winred Technical Services Llc,Arlington,VA,22203,Bank Fees,
Governor,"MARX, VICTOR",Republican,4.1,10/3/25,Winred Technical Services Llc,Arlington,VA,22203,Bank Fees,
Governor,"MARX, VICTOR",Republican,2.05,10/3/25,Winred Technical Services Llc,Arlington,VA,22203,Bank Fees,
Governor,"MARX, VICTOR",Republican,1.03,10/3/25,Winred Technical Services Llc,Arlington,VA,22203,Bank Fees,
Governor,"MARX, VICTOR",Republican,9.85,10/3/25,Winred Technical Services Llc,Arlington,VA,22203,Bank Fees,
Governor,"MARX, VICTOR",Republican,4.1,10/3/25,Winred Technical Services Llc,Arlington,VA,22203,Bank Fees,
Governor,"MARX, VICTOR",Republican,1.03,10/3/25,Winred Technical Services Llc,Arlington,VA,22203,Bank Fees,
Governor,"MARX, VICTOR",Republican,2.05,10/3/25,Winred Technical Services Llc,Arlington,VA,22203,Bank Fees,
Governor,"MARX, VICTOR",Republican,1.03,10/3/25,Winred Technical Services Llc,Arlington,VA,22203,Bank Fees,
Governor,"MARX, VICTOR",Republican,4.1,10/3/25,Winred Technical Services Llc,Arlington,VA,22203,Bank Fees,
Governor,"MARX, VICTOR",Republican,2.05,10/3/25,Winred Technical Services Llc,Arlington,VA,22203,Bank Fees,
Governor,"MARX, VICTOR",Republican,4.1,10/3/25,Winred Technical Services Llc,Arlington,VA,22203,Bank Fees,
Governor,"MARX, VICTOR",Republican,4.1,10/3/25,Winred Technical Services Llc,Arlington,VA,22203,Bank Fees,
Governor,"MARX, VICTOR",Republican,3.94,10/3/25,Winred Technical Services Llc,Arlington,VA,22203,Bank Fees,
Governor,"MARX, VICTOR",Republican,0.99,10/3/25,Winred Technical Services Llc,Arlington,VA,22203,Bank Fees,
Governor,"MARX, VICTOR",Republican,1.03,10/3/25,Winred Technical Services Llc,Arlington,VA,22203,Bank Fees,
Governor,"MARX, VICTOR",Republican,2.05,10/3/25,Winred Technical Services Llc,Arlington,VA,22203,Bank Fees,
Governor,"MARX, VICTOR",Republican,1.03,10/3/25,Winred Technical Services Llc,Arlington,VA,22203,Bank Fees,
Governor,"MARX, VICTOR",Republican,1.03,10/3/25,Winred Technical Services Llc,Arlington,VA,22203,Bank Fees,
Governor,"MARX, VICTOR",Republican,39.4,10/3/25,Winred Technical Services Llc,Arlington,VA,22203,Bank Fees,
Governor,"MARX, VICTOR",Republican,4.1,10/3/25,Winred Technical Services Llc,Arlington,VA,22203,Bank Fees,
Governor,"MARX, VICTOR",Republican,1.03,10/3/25,Winred Technical Services Llc,Arlington,VA,22203,Bank Fees,
Governor,"MARX, VICTOR",Republican,2.05,10/3/25,Winred Technical Services Llc,Arlington,VA,22203,Bank Fees,
Governor,"MARX, VICTOR",Republican,4.1,10/3/25,Winred Technical Services Llc,Arlington,VA,22203,Bank Fees,
Governor,"MARX, VICTOR",Republican,2.05,10/3/25,Winred Technical Services Llc,Arlington,VA,22203,Bank Fees,
Governor,"MARX, VICTOR",Republican,2.05,10/3/25,Winred Technical Services Llc,Arlington,VA,22203,Bank Fees,
Governor,"MARX, VICTOR",Republican,4.1,10/3/25,Winred Technical Services Llc,Arlington,VA,22203,Bank Fees,
Governor,"MARX, VICTOR",Republican,1.03,10/3/25,Winred Technical Services Llc,Arlington,VA,22203,Bank Fees,
Governor,"MARX, VICTOR",Republican,0.82,10/3/25,Winred Technical Services Llc,Arlington,VA,22203,Bank Fees,
Governor,"MARX, VICTOR",Republican,4.1,10/3/25,Winred Technical Services Llc,Arlington,VA,22203,Bank Fees,
Governor,"MARX, VICTOR",Republican,1.97,10/3/25,Winred Technical Services Llc,Arlington,VA,22203,Bank Fees,
Governor,"MARX, VICTOR",Republican,4.1,10/3/25,Winred Technical Services Llc,Arlington,VA,22203,Bank Fees,
Governor,"MARX, VICTOR",Republican,4.1,10/3/25,Winred Technical Services Llc,Arlington,VA,22203,Bank Fees,
Governor,"MARX, VICTOR",Republican,4.1,10/3/25,Winred Technical Services Llc,Arlington,VA,22203,Bank Fees,
Governor,"MARX, VICTOR",Republican,0.99,10/3/25,Winred Technical Services Llc,Arlington,VA,22203,Bank Fees,
Governor,"MARX, VICTOR",Republican,4.1,10/3/25,Winred Technical Services Llc,Arlington,VA,22203,Bank Fees,
Governor,"MARX, VICTOR",Republican,0.41,10/3/25,Winred Technical Services Llc,Arlington,VA,22203,Bank Fees,
Governor,"MARX, VICTOR",Republican,10.25,10/3/25,Winred Technical Services Llc,Arlington,VA,22203,Bank Fees,
Governor,"MARX, VICTOR",Republican,1.03,10/3/25,Winred Technical Services Llc,Arlington,VA,22203,Bank Fees,
Governor,"MARX, VICTOR",Republican,1.03,10/3/25,Winred Technical Services Llc,Arlington,VA,22203,Bank Fees,
Governor,"MARX, VICTOR",Republican,4.1,10/3/25,Winred Technical Services Llc,Arlington,VA,22203,Bank Fees,
Governor,"MARX, VICTOR",Republican,41.02,10/3/25,Winred Technical Services Llc,Arlington,VA,22203,Bank Fees,
Governor,"MARX, VICTOR",Republican,1.03,10/3/25,Winred Technical Services Llc,Arlington,VA,22203,Bank Fees,
Governor,"MARX, VICTOR",Republican,1.03,10/3/25,Winred Technical Services Llc,Arlington,VA,22203,Bank Fees,
Governor,"MARX, VICTOR",Republican,2.05,10/3/25,Winred Technical Services Llc,Arlington,VA,22203,Bank Fees,
Governor,"MARX, VICTOR",Republican,0.99,10/3/25,Winred Technical Services Llc,Arlington,VA,22203,Bank Fees,
Governor,"MARX, VICTOR",Republican,1.97,10/3/25,Winred Technical Services Llc,Arlington,VA,22203,Bank Fees,
Governor,"MARX, VICTOR",Republican,1.03,10/3/25,Winred Technical Services Llc,Arlington,VA,22203,Bank Fees,
Governor,"MARX, VICTOR",Republican,4.1,10/3/25,Winred Technical Services Llc,Arlington,VA,22203,Bank Fees,
Governor,"MARX, VICTOR",Republican,2.05,10/3/25,Winred Technical Services Llc,Arlington,VA,22203,Bank Fees,
Governor,"MARX, VICTOR",Republican,3.94,10/3/25,Winred Technical Services Llc,Arlington,VA,22203,Bank Fees,
Governor,"MARX, VICTOR",Republican,1.03,10/3/25,Winred Technical Services Llc,Arlington,VA,22203,Bank Fees,
Governor,"MARX, VICTOR",Republican,4.1,10/3/25,Winred Technical Services Llc,Arlington,VA,22203,Bank Fees,
Governor,"MARX, VICTOR",Republican,2.05,10/3/25,Winred Technical Services Llc,Arlington,VA,22203,Bank Fees,
Governor,"MARX, VICTOR",Republican,1.97,10/3/25,Winred Technical Services Llc,Arlington,VA,22203,Bank Fees,
Governor,"MARX, VICTOR",Republican,4.1,10/3/25,Winred Technical Services Llc,Arlington,VA,22203,Bank Fees,
Governor,"MARX, VICTOR",Republican,4.1,10/3/25,Winred Technical Services Llc,Arlington,VA,22203,Bank Fees,
Governor,"MARX, VICTOR",Republican,3.94,10/3/25,Winred Technical Services Llc,Arlington,VA,22203,Bank Fees,
Governor,"MARX, VICTOR",Republican,2.05,10/3/25,Winred Technical Services Llc,Arlington,VA,22203,Bank Fees,
Governor,"MARX, VICTOR",Republican,4.1,10/4/25,Winred Technical Services Llc,Arlington,VA,22203,Bank Fees,
Governor,"MARX, VICTOR",Republican,1.03,10/4/25,Winred Technical Services Llc,Arlington,VA,22203,Bank Fees,
Governor,"MARX, VICTOR",Republican,1.03,10/4/25,Winred Technical Services Llc,Arlington,VA,22203,Bank Fees,
Governor,"MARX, VICTOR",Republican,1.03,10/4/25,Winred Technical Services Llc,Arlington,VA,22203,Bank Fees,
Governor,"MARX, VICTOR",Republican,1.03,10/4/25,Winred Technical Services Llc,Arlington,VA,22203,Bank Fees,
Governor,"MARX, VICTOR",Republican,1.03,10/4/25,Winred Technical Services Llc,Arlington,VA,22203,Bank Fees,
Governor,"MARX, VICTOR",Republican,0.08,10/4/25,Winred Technical Services Llc,Arlington,VA,22203,Bank Fees,
Governor,"MARX, VICTOR",Republican,4.1,10/4/25,Winred Technical Services Llc,Arlington,VA,22203,Bank Fees,
Governor,"MARX, VICTOR",Republican,2.05,10/4/25,Winred Technical Services Llc,Arlington,VA,22203,Bank Fees,
Governor,"MARX, VICTOR",Republican,2.05,10/4/25,Winred Technical Services Llc,Arlington,VA,22203,Bank Fees,
Governor,"MARX, VICTOR",Republican,2.05,10/4/25,Winred Technical Services Llc,Arlington,VA,22203,Bank Fees,
Governor,"MARX, VICTOR",Republican,0.41,10/4/25,Winred Technical Services Llc,Arlington,VA,22203,Bank Fees,
Governor,"MARX, VICTOR",Republican,4.1,10/4/25,Winred Technical Services Llc,Arlington,VA,22203,Bank Fees,
Governor,"MARX, VICTOR",Republican,3.94,10/4/25,Winred Technical Services Llc,Arlington,VA,22203,Bank Fees,
Governor,"MARX, VICTOR",Republican,4.1,10/4/25,Winred Technical Services Llc,Arlington,VA,22203,Bank Fees,
Governor,"MARX, VICTOR",Republican,4.1,10/4/25,Winred Technical Services Llc,Arlington,VA,22203,Bank Fees,
Governor,"MARX, VICTOR",Republican,1.03,10/4/25,Winred Technical Services Llc,Arlington,VA,22203,Bank Fees,
Governor,"MARX, VICTOR",Republican,1.03,10/4/25,Winred Technical Services Llc,Arlington,VA,22203,Bank Fees,
Governor,"MARX, VICTOR",Republican,20.51,10/4/25,Winred Technical Services Llc,Arlington,VA,22203,Bank Fees,
Governor,"MARX, VICTOR",Republican,2.05,10/4/25,Winred Technical Services Llc,Arlington,VA,22203,Bank Fees,
Governor,"MARX, VICTOR",Republican,41.02,10/4/25,Winred Technical Services Llc,Arlington,VA,22203,Bank Fees,
Governor,"MARX, VICTOR",Republican,0.47,10/4/25,Winred Technical Services Llc,Arlington,VA,22203,Bank Fees,
Governor,"MARX, VICTOR",Republican,4.1,10/4/25,Winred Technical Services Llc,Arlington,VA,22203,Bank Fees,
Governor,"MARX, VICTOR",Republican,1.03,10/4/25,Winred Technical Services Llc,Arlington,VA,22203,Bank Fees,
Governor,"MARX, VICTOR",Republican,1.03,10/4/25,Winred Technical Services Llc,Arlington,VA,22203,Bank Fees,
Governor,"MARX, VICTOR",Republican,1.03,10/4/25,Winred Technical Services Llc,Arlington,VA,22203,Bank Fees,
Governor,"MARX, VICTOR",Republican,2.05,10/4/25,Winred Technical Services Llc,Arlington,VA,22203,Bank Fees,
Governor,"MARX, VICTOR",Republican,2.05,10/4/25,Winred Technical Services Llc,Arlington,VA,22203,Bank Fees,
Governor,"MARX, VICTOR",Republican,4.1,10/4/25,Winred Technical Services Llc,Arlington,VA,22203,Bank Fees,
Governor,"MARX, VICTOR",Republican,1.03,10/4/25,Winred Technical Services Llc,Arlington,VA,22203,Bank Fees,
Governor,"MARX, VICTOR",Republican,1.03,10/4/25,Winred Technical Services Llc,Arlington,VA,22203,Bank Fees,
Governor,"MARX, VICTOR",Republican,2.05,10/4/25,Winred Technical Services Llc,Arlington,VA,22203,Bank Fees,
Governor,"MARX, VICTOR",Republican,1.03,10/4/25,Winred Technical Services Llc,Arlington,VA,22203,Bank Fees,
Governor,"MARX, VICTOR",Republican,1.03,10/4/25,Winred Technical Services Llc,Arlington,VA,22203,Bank Fees,
Governor,"MARX, VICTOR",Republican,4.1,10/4/25,Winred Technical Services Llc,Arlington,VA,22203,Bank Fees,
Governor,"MARX, VICTOR",Republican,4.1,10/4/25,Winred Technical Services Llc,Arlington,VA,22203,Bank Fees,
Governor,"MARX, VICTOR",Republican,1.03,10/4/25,Winred Technical Services Llc,Arlington,VA,22203,Bank Fees,
Governor,"MARX, VICTOR",Republican,19.7,10/4/25,Winred Technical Services Llc,Arlington,VA,22203,Bank Fees,
Governor,"MARX, VICTOR",Republican,1.03,10/4/25,Winred Technical Services Llc,Arlington,VA,22203,Bank Fees,
Governor,"MARX, VICTOR",Republican,4.1,10/4/25,Winred Technical Services Llc,Arlington,VA,22203,Bank Fees,
Governor,"MARX, VICTOR",Republican,9.85,10/4/25,Winred Technical Services Llc,Arlington,VA,22203,Bank Fees,
Governor,"MARX, VICTOR",Republican,1.03,10/4/25,Winred Technical Services Llc,Arlington,VA,22203,Bank Fees,
Governor,"MARX, VICTOR",Republican,1.03,10/4/25,Winred Technical Services Llc,Arlington,VA,22203,Bank Fees,
Governor,"MARX, VICTOR",Republican,9.85,10/4/25,Winred Technical Services Llc,Arlington,VA,22203,Bank Fees,
Governor,"MARX, VICTOR",Republican,2.05,10/4/25,Winred Technical Services Llc,Arlington,VA,22203,Bank Fees,
Governor,"MARX, VICTOR",Republican,1.03,10/4/25,Winred Technical Services Llc,Arlington,VA,22203,Bank Fees,
Governor,"MARX, VICTOR",Republican,2.05,10/4/25,Winred Technical Services Llc,Arlington,VA,22203,Bank Fees,
Governor,"MARX, VICTOR",Republican,1.03,10/4/25,Winred Technical Services Llc,Arlington,VA,22203,Bank Fees,
Governor,"MARX, VICTOR",Republican,10.25,10/4/25,Winred Technical Services Llc,Arlington,VA,22203,Bank Fees,
Governor,"MARX, VICTOR",Republican,2.05,10/4/25,Winred Technical Services Llc,Arlington,VA,22203,Bank Fees,
Governor,"MARX, VICTOR",Republican,0.82,10/5/25,Winred Technical Services Llc,Arlington,VA,22203,Bank Fees,
Governor,"MARX, VICTOR",Republican,4.1,10/5/25,Winred Technical Services Llc,Arlington,VA,22203,Bank Fees,
Governor,"MARX, VICTOR",Republican,19.7,10/5/25,Winred Technical Services Llc,Arlington,VA,22203,Bank Fees,
Governor,"MARX, VICTOR",Republican,0.99,10/5/25,Winred Technical Services Llc,Arlington,VA,22203,Bank Fees,
Governor,"MARX, VICTOR",Republican,1.03,10/5/25,Winred Technical Services Llc,Arlington,VA,22203,Bank Fees,
Governor,"MARX, VICTOR",Republican,1.03,10/5/25,Winred Technical Services Llc,Arlington,VA,22203,Bank Fees,
Governor,"MARX, VICTOR",Republican,4.06,10/5/25,Winred Technical Services Llc,Arlington,VA,22203,Bank Fees,
Governor,"MARX, VICTOR",Republican,1.03,10/5/25,Winred Technical Services Llc,Arlington,VA,22203,Bank Fees,
Governor,"MARX, VICTOR",Republican,2.05,10/5/25,Winred Technical Services Llc,Arlington,VA,22203,Bank Fees,
Governor,"MARX, VICTOR",Republican,57.13,10/5/25,Winred Technical Services Llc,Arlington,VA,22203,Bank Fees,
Governor,"MARX, VICTOR",Republican,57.13,10/5/25,Winred Technical Services Llc,Arlington,VA,22203,Bank Fees,
Governor,"MARX, VICTOR",Republican,1.03,10/5/25,Winred Technical Services Llc,Arlington,VA,22203,Bank Fees,
Governor,"MARX, VICTOR",Republican,2.05,10/5/25,Winred Technical Services Llc,Arlington,VA,22203,Bank Fees,
Governor,"MARX, VICTOR",Republican,4.1,10/5/25,Winred Technical Services Llc,Arlington,VA,22203,Bank Fees,
Governor,"MARX, VICTOR",Republican,1.03,10/6/25,Winred Technical Services Llc,Arlington,VA,22203,Bank Fees,
Governor,"MARX, VICTOR",Republican,20.51,10/6/25,Winred Technical Services Llc,Arlington,VA,22203,Bank Fees,
Governor,"MARX, VICTOR",Republican,1.03,10/6/25,Winred Technical Services Llc,Arlington,VA,22203,Bank Fees,
Governor,"MARX, VICTOR",Republican,4.1,10/6/25,Winred Technical Services Llc,Arlington,VA,22203,Bank Fees,
Governor,"MARX, VICTOR",Republican,3.94,10/6/25,Winred Technical Services Llc,Arlington,VA,22203,Bank Fees,
Governor,"MARX, VICTOR",Republican,4.1,10/6/25,Winred Technical Services Llc,Arlington,VA,22203,Bank Fees,
Governor,"MARX, VICTOR",Republican,4.1,10/6/25,Winred Technical Services Llc,Arlington,VA,22203,Bank Fees,
Governor,"MARX, VICTOR",Republican,2.05,10/6/25,Winred Technical Services Llc,Arlington,VA,22203,Bank Fees,
Governor,"MARX, VICTOR",Republican,4.1,10/6/25,Winred Technical Services Llc,Arlington,VA,22203,Bank Fees,
Governor,"MARX, VICTOR",Republican,1.97,10/6/25,Winred Technical Services Llc,Arlington,VA,22203,Bank Fees,
Governor,"MARX, VICTOR",Republican,4.1,10/6/25,Winred Technical Services Llc,Arlington,VA,22203,Bank Fees,
Governor,"MARX, VICTOR",Republican,4.1,10/6/25,Winred Technical Services Llc,Arlington,VA,22203,Bank Fees,
Governor,"MARX, VICTOR",Republican,1.03,10/6/25,Winred Technical Services Llc,Arlington,VA,22203,Bank Fees,
Governor,"MARX, VICTOR",Republican,3.94,10/6/25,Winred Technical Services Llc,Arlington,VA,22203,Bank Fees,
Governor,"MARX, VICTOR",Republican,1.03,10/6/25,Winred Technical Services Llc,Arlington,VA,22203,Bank Fees,
Governor,"MARX, VICTOR",Republican,4.1,10/6/25,Winred Technical Services Llc,Arlington,VA,22203,Bank Fees,
Governor,"MARX, VICTOR",Republican,1.03,10/6/25,Winred Technical Services Llc,Arlington,VA,22203,Bank Fees,
Governor,"MARX, VICTOR",Republican,1.03,10/6/25,Winred Technical Services Llc,Arlington,VA,22203,Bank Fees,
Governor,"MARX, VICTOR",Republican,4.1,10/6/25,Winred Technical Services Llc,Arlington,VA,22203,Bank Fees,
Governor,"MARX, VICTOR",Republican,0.21,10/6/25,Winred Technical Services Llc,Arlington,VA,22203,Bank Fees,
Governor,"MARX, VICTOR",Republican,1.03,10/6/25,Winred Technical Services Llc,Arlington,VA,22203,Bank Fees,
Governor,"MARX, VICTOR",Republican,1.03,10/6/25,Winred Technical Services Llc,Arlington,VA,22203,Bank Fees,
Governor,"MARX, VICTOR",Republican,1.03,10/6/25,Winred Technical Services Llc,Arlington,VA,22203,Bank Fees,
Governor,"MARX, VICTOR",Republican,2.05,10/6/25,Winred Technical Services Llc,Arlington,VA,22203,Bank Fees,
Governor,"MARX, VICTOR",Republican,4.1,10/6/25,Winred Technical Services Llc,Arlington,VA,22203,Bank Fees,
Governor,"MARX, VICTOR",Republican,1.03,10/6/25,Winred Technical Services Llc,Arlington,VA,22203,Bank Fees,
Governor,"MARX, VICTOR",Republican,3.94,10/6/25,Winred Technical Services Llc,Arlington,VA,22203,Bank Fees,
Governor,"MARX, VICTOR",Republican,2.05,10/6/25,Winred Technical Services Llc,Arlington,VA,22203,Bank Fees,
Governor,"MARX, VICTOR",Republican,14.36,10/6/25,Winred Technical Services Llc,Arlington,VA,22203,Bank Fees,
Governor,"MARX, VICTOR",Republican,4.1,10/6/25,Winred Technical Services Llc,Arlington,VA,22203,Bank Fees,
Governor,"MARX, VICTOR",Republican,12.3,10/6/25,Winred Technical Services Llc,Arlington,VA,22203,Bank Fees,
Governor,"MARX, VICTOR",Republican,2.05,10/6/25,Winred Technical Services Llc,Arlington,VA,22203,Bank Fees,
Governor,"MARX, VICTOR",Republican,1.03,10/6/25,Winred Technical Services Llc,Arlington,VA,22203,Bank Fees,
Governor,"MARX, VICTOR",Republican,4.1,10/6/25,Winred Technical Services Llc,Arlington,VA,22203,Bank Fees,
Governor,"MARX, VICTOR",Republican,3.94,10/6/25,Winred Technical Services Llc,Arlington,VA,22203,Bank Fees,
Governor,"MARX, VICTOR",Republican,0.82,10/6/25,Winred Technical Services Llc,Arlington,VA,22203,Bank Fees,
Governor,"MARX, VICTOR",Republican,4.1,10/6/25,Winred Technical Services Llc,Arlington,VA,22203,Bank Fees,
Governor,"MARX, VICTOR",Republican,4.1,10/6/25,Winred Technical Services Llc,Arlington,VA,22203,Bank Fees,
Governor,"MARX, VICTOR",Republican,10.25,10/6/25,Winred Technical Services Llc,Arlington,VA,22203,Bank Fees,
Governor,"MARX, VICTOR",Republican,3.94,10/6/25,Winred Technical Services Llc,Arlington,VA,22203,Bank Fees,
Governor,"MARX, VICTOR",Republican,4.1,10/6/25,Winred Technical Services Llc,Arlington,VA,22203,Bank Fees,
Governor,"MARX, VICTOR",Republican,1.03,10/6/25,Winred Technical Services Llc,Arlington,VA,22203,Bank Fees,
Governor,"MARX, VICTOR",Republican,4.1,10/6/25,Winred Technical Services Llc,Arlington,VA,22203,Bank Fees,
Governor,"MARX, VICTOR",Republican,4.1,10/6/25,Winred Technical Services Llc,Arlington,VA,22203,Bank Fees,
Governor,"MARX, VICTOR",Republican,1.03,10/6/25,Winred Technical Services Llc,Arlington,VA,22203,Bank Fees,
Governor,"MARX, VICTOR",Republican,1.03,10/6/25,Winred Technical Services Llc,Arlington,VA,22203,Bank Fees,
Governor,"MARX, VICTOR",Republican,1.03,10/6/25,Winred Technical Services Llc,Arlington,VA,22203,Bank Fees,
Governor,"MARX, VICTOR",Republican,10.25,10/6/25,Winred Technical Services Llc,Arlington,VA,22203,Bank Fees,
Governor,"MARX, VICTOR",Republican,4.1,10/6/25,Winred Technical Services Llc,Arlington,VA,22203,Bank Fees,
Governor,"MARX, VICTOR",Republican,1.03,10/6/25,Winred Technical Services Llc,Arlington,VA,22203,Bank Fees,
Governor,"MARX, VICTOR",Republican,4.1,10/6/25,Winred Technical Services Llc,Arlington,VA,22203,Bank Fees,
Governor,"MARX, VICTOR",Republican,2.05,10/6/25,Winred Technical Services Llc,Arlington,VA,22203,Bank Fees,
Governor,"MARX, VICTOR",Republican,4.1,10/6/25,Winred Technical Services Llc,Arlington,VA,22203,Bank Fees,
Governor,"MARX, VICTOR",Republican,1.03,10/6/25,Winred Technical Services Llc,Arlington,VA,22203,Bank Fees,
Governor,"MARX, VICTOR",Republican,4.1,10/6/25,Winred Technical Services Llc,Arlington,VA,22203,Bank Fees,
Governor,"MARX, VICTOR",Republican,2.05,10/6/25,Winred Technical Services Llc,Arlington,VA,22203,Bank Fees,
Governor,"MARX, VICTOR",Republican,1.03,10/6/25,Winred Technical Services Llc,Arlington,VA,22203,Bank Fees,
Governor,"MARX, VICTOR",Republican,1.03,10/6/25,Winred Technical Services Llc,Arlington,VA,22203,Bank Fees,
Governor,"MARX, VICTOR",Republican,4.1,10/6/25,Winred Technical Services Llc,Arlington,VA,22203,Bank Fees,
Governor,"MARX, VICTOR",Republican,1.03,10/6/25,Winred Technical Services Llc,Arlington,VA,22203,Bank Fees,
Governor,"MARX, VICTOR",Republican,1.03,10/6/25,Winred Technical Services Llc,Arlington,VA,22203,Bank Fees,
Governor,"MARX, VICTOR",Republican,1.03,10/6/25,Winred Technical Services Llc,Arlington,VA,22203,Bank Fees,
Governor,"MARX, VICTOR",Republican,10.25,10/6/25,Winred Technical Services Llc,Arlington,VA,22203,Bank Fees,
Governor,"MARX, VICTOR",Republican,1.03,10/6/25,Winred Technical Services Llc,Arlington,VA,22203,Bank Fees,
Governor,"MARX, VICTOR",Republican,1.03,10/6/25,Winred Technical Services Llc,Arlington,VA,22203,Bank Fees,
Governor,"MARX, VICTOR",Republican,1.03,10/6/25,Winred Technical Services Llc,Arlington,VA,22203,Bank Fees,
Governor,"MARX, VICTOR",Republican,4.55,10/6/25,Winred Technical Services Llc,Arlington,VA,22203,Bank Fees,
Governor,"MARX, VICTOR",Republican,0.82,10/6/25,Winred Technical Services Llc,Arlington,VA,22203,Bank Fees,
Governor,"MARX, VICTOR",Republican,1.03,10/6/25,Winred Technical Services Llc,Arlington,VA,22203,Bank Fees,
Governor,"MARX, VICTOR",Republican,1.03,10/6/25,Winred Technical Services Llc,Arlington,VA,22203,Bank Fees,
Governor,"MARX, VICTOR",Republican,4.1,10/6/25,Winred Technical Services Llc,Arlington,VA,22203,Bank Fees,
Governor,"MARX, VICTOR",Republican,2.05,10/6/25,Winred Technical Services Llc,Arlington,VA,22203,Bank Fees,
Governor,"MARX, VICTOR",Republican,0.62,10/6/25,Winred Technical Services Llc,Arlington,VA,22203,Bank Fees,
Governor,"MARX, VICTOR",Republican,1.03,10/6/25,Winred Technical Services Llc,Arlington,VA,22203,Bank Fees,
Governor,"MARX, VICTOR",Republican,20.51,10/6/25,Winred Technical Services Llc,Arlington,VA,22203,Bank Fees,
Governor,"MARX, VICTOR",Republican,2.05,10/6/25,Winred Technical Services Llc,Arlington,VA,22203,Bank Fees,
Governor,"MARX, VICTOR",Republican,4.1,10/6/25,Winred Technical Services Llc,Arlington,VA,22203,Bank Fees,
Governor,"MARX, VICTOR",Republican,2.05,10/6/25,Winred Technical Services Llc,Arlington,VA,22203,Bank Fees,
Governor,"MARX, VICTOR",Republican,4.1,10/6/25,Winred Technical Services Llc,Arlington,VA,22203,Bank Fees,
Governor,"MARX, VICTOR",Republican,1.03,10/6/25,Winred Technical Services Llc,Arlington,VA,22203,Bank Fees,
Governor,"MARX, VICTOR",Republican,2.05,10/6/25,Winred Technical Services Llc,Arlington,VA,22203,Bank Fees,
Governor,"MARX, VICTOR",Republican,0.82,10/6/25,Winred Technical Services Llc,Arlington,VA,22203,Bank Fees,
Governor,"MARX, VICTOR",Republican,19.7,10/6/25,Winred Technical Services Llc,Arlington,VA,22203,Bank Fees,
Governor,"MARX, VICTOR",Republican,0.99,10/6/25,Winred Technical Services Llc,Arlington,VA,22203,Bank Fees,
Governor,"MARX, VICTOR",Republican,1.03,10/6/25,Winred Technical Services Llc,Arlington,VA,22203,Bank Fees,
Governor,"MARX, VICTOR",Republican,0.41,10/6/25,Winred Technical Services Llc,Arlington,VA,22203,Bank Fees,
Governor,"MARX, VICTOR",Republican,1.03,10/6/25,Winred Technical Services Llc,Arlington,VA,22203,Bank Fees,
Governor,"MARX, VICTOR",Republican,4.1,10/6/25,Winred Technical Services Llc,Arlington,VA,22203,Bank Fees,
Governor,"MARX, VICTOR",Republican,1.03,10/6/25,Winred Technical Services Llc,Arlington,VA,22203,Bank Fees,
Governor,"MARX, VICTOR",Republican,1.03,10/6/25,Winred Technical Services Llc,Arlington,VA,22203,Bank Fees,
Governor,"MARX, VICTOR",Republican,4.1,10/6/25,Winred Technical Services Llc,Arlington,VA,22203,Bank Fees,
Governor,"MARX, VICTOR",Republican,2.05,10/6/25,Winred Technical Services Llc,Arlington,VA,22203,Bank Fees,
Governor,"MARX, VICTOR",Republican,1.03,10/6/25,Winred Technical Services Llc,Arlington,VA,22203,Bank Fees,
Governor,"MARX, VICTOR",Republican,1.03,10/6/25,Winred Technical Services Llc,Arlington,VA,22203,Bank Fees,
Governor,"MARX, VICTOR",Republican,1.03,10/6/25,Winred Technical Services Llc,Arlington,VA,22203,Bank Fees,
Governor,"MARX, VICTOR",Republican,10.25,10/6/25,Winred Technical Services Llc,Arlington,VA,22203,Bank Fees,
Governor,"MARX, VICTOR",Republican,4.1,10/6/25,Winred Technical Services Llc,Arlington,VA,22203,Bank Fees,
Governor,"MARX, VICTOR",Republican,4.1,10/6/25,Winred Technical Services Llc,Arlington,VA,22203,Bank Fees,
Governor,"MARX, VICTOR",Republican,4.1,10/6/25,Winred Technical Services Llc,Arlington,VA,22203,Bank Fees,
Governor,"MARX, VICTOR",Republican,4.1,10/6/25,Winred Technical Services Llc,Arlington,VA,22203,Bank Fees,
Governor,"MARX, VICTOR",Republican,2.05,10/6/25,Winred Technical Services Llc,Arlington,VA,22203,Bank Fees,
Governor,"MARX, VICTOR",Republican,41.02,10/6/25,Winred Technical Services Llc,Arlington,VA,22203,Bank Fees,
Governor,"MARX, VICTOR",Republican,0.99,10/6/25,Winred Technical Services Llc,Arlington,VA,22203,Bank Fees,
Governor,"MARX, VICTOR",Republican,3.08,10/6/25,Winred Technical Services Llc,Arlington,VA,22203,Bank Fees,
Governor,"MARX, VICTOR",Republican,0.99,10/6/25,Winred Technical Services Llc,Arlington,VA,22203,Bank Fees,
Governor,"MARX, VICTOR",Republican,4.1,10/6/25,Winred Technical Services Llc,Arlington,VA,22203,Bank Fees,
Governor,"MARX, VICTOR",Republican,1.03,10/6/25,Winred Technical Services Llc,Arlington,VA,22203,Bank Fees,
Governor,"MARX, VICTOR",Republican,1.03,10/6/25,Winred Technical Services Llc,Arlington,VA,22203,Bank Fees,
Governor,"MARX, VICTOR",Republican,1.03,10/6/25,Winred Technical Services Llc,Arlington,VA,22203,Bank Fees,
Governor,"MARX, VICTOR",Republican,1.03,10/6/25,Winred Technical Services Llc,Arlington,VA,22203,Bank Fees,
Governor,"MARX, VICTOR",Republican,4.1,10/6/25,Winred Technical Services Llc,Arlington,VA,22203,Bank Fees,
Governor,"MARX, VICTOR",Republican,2.05,10/6/25,Winred Technical Services Llc,Arlington,VA,22203,Bank Fees,
Governor,"MARX, VICTOR",Republican,20.51,10/6/25,Winred Technical Services Llc,Arlington,VA,22203,Bank Fees,
Governor,"MARX, VICTOR",Republican,2.05,10/6/25,Winred Technical Services Llc,Arlington,VA,22203,Bank Fees,
Governor,"MARX, VICTOR",Republican,4.1,10/6/25,Winred Technical Services Llc,Arlington,VA,22203,Bank Fees,
Governor,"MARX, VICTOR",Republican,1.03,10/7/25,Winred Technical Services Llc,Arlington,VA,22203,Bank Fees,
Governor,"MARX, VICTOR",Republican,1.03,10/7/25,Winred Technical Services Llc,Arlington,VA,22203,Bank Fees,
Governor,"MARX, VICTOR",Republican,2.05,10/7/25,Winred Technical Services Llc,Arlington,VA,22203,Bank Fees,
Governor,"MARX, VICTOR",Republican,2.05,10/7/25,Winred Technical Services Llc,Arlington,VA,22203,Bank Fees,
Governor,"MARX, VICTOR",Republican,1.97,10/7/25,Winred Technical Services Llc,Arlington,VA,22203,Bank Fees,
Governor,"MARX, VICTOR",Republican,1.03,10/7/25,Winred Technical Services Llc,Arlington,VA,22203,Bank Fees,
Governor,"MARX, VICTOR",Republican,2.05,10/7/25,Winred Technical Services Llc,Arlington,VA,22203,Bank Fees,
Governor,"MARX, VICTOR",Republican,3.94,10/7/25,Winred Technical Services Llc,Arlington,VA,22203,Bank Fees,
Governor,"MARX, VICTOR",Republican,1.03,10/7/25,Winred Technical Services Llc,Arlington,VA,22203,Bank Fees,
Governor,"MARX, VICTOR",Republican,4.1,10/7/25,Winred Technical Services Llc,Arlington,VA,22203,Bank Fees,
Governor,"MARX, VICTOR",Republican,4.1,10/7/25,Winred Technical Services Llc,Arlington,VA,22203,Bank Fees,
Governor,"MARX, VICTOR",Republican,1.03,10/7/25,Winred Technical Services Llc,Arlington,VA,22203,Bank Fees,
Governor,"MARX, VICTOR",Republican,10.25,10/7/25,Winred Technical Services Llc,Arlington,VA,22203,Bank Fees,
Governor,"MARX, VICTOR",Republican,10.25,10/7/25,Winred Technical Services Llc,Arlington,VA,22203,Bank Fees,
Governor,"MARX, VICTOR",Republican,1.03,10/7/25,Winred Technical Services Llc,Arlington,VA,22203,Bank Fees,
Governor,"MARX, VICTOR",Republican,10.25,10/7/25,Winred Technical Services Llc,Arlington,VA,22203,Bank Fees,
Governor,"MARX, VICTOR",Republican,1.03,10/7/25,Winred Technical Services Llc,Arlington,VA,22203,Bank Fees,
Governor,"MARX, VICTOR",Republican,4.1,10/7/25,Winred Technical Services Llc,Arlington,VA,22203,Bank Fees,
Governor,"MARX, VICTOR",Republican,4.1,10/7/25,Winred Technical Services Llc,Arlington,VA,22203,Bank Fees,
Governor,"MARX, VICTOR",Republican,2.05,10/7/25,Winred Technical Services Llc,Arlington,VA,22203,Bank Fees,
Governor,"MARX, VICTOR",Republican,2.05,10/7/25,Winred Technical Services Llc,Arlington,VA,22203,Bank Fees,
Governor,"MARX, VICTOR",Republican,2.05,10/7/25,Winred Technical Services Llc,Arlington,VA,22203,Bank Fees,
Governor,"MARX, VICTOR",Republican,4.1,10/7/25,Winred Technical Services Llc,Arlington,VA,22203,Bank Fees,
Governor,"MARX, VICTOR",Republican,4.1,10/7/25,Winred Technical Services Llc,Arlington,VA,22203,Bank Fees,
Governor,"MARX, VICTOR",Republican,1.03,10/7/25,Winred Technical Services Llc,Arlington,VA,22203,Bank Fees,
Governor,"MARX, VICTOR",Republican,4.1,10/7/25,Winred Technical Services Llc,Arlington,VA,22203,Bank Fees,
Governor,"MARX, VICTOR",Republican,1.03,10/7/25,Winred Technical Services Llc,Arlington,VA,22203,Bank Fees,
Governor,"MARX, VICTOR",Republican,0.41,10/7/25,Winred Technical Services Llc,Arlington,VA,22203,Bank Fees,
Governor,"MARX, VICTOR",Republican,4.1,10/7/25,Winred Technical Services Llc,Arlington,VA,22203,Bank Fees,
Governor,"MARX, VICTOR",Republican,1.03,10/7/25,Winred Technical Services Llc,Arlington,VA,22203,Bank Fees,
Governor,"MARX, VICTOR",Republican,4.1,10/7/25,Winred Technical Services Llc,Arlington,VA,22203,Bank Fees,
Governor,"MARX, VICTOR",Republican,1.03,10/7/25,Winred Technical Services Llc,Arlington,VA,22203,Bank Fees,
Governor,"MARX, VICTOR",Republican,4.1,10/7/25,Winred Technical Services Llc,Arlington,VA,22203,Bank Fees,
Governor,"MARX, VICTOR",Republican,1.03,10/7/25,Winred Technical Services Llc,Arlington,VA,22203,Bank Fees,
Governor,"MARX, VICTOR",Republican,1.03,10/7/25,Winred Technical Services Llc,Arlington,VA,22203,Bank Fees,
Governor,"MARX, VICTOR",Republican,1.03,10/7/25,Winred Technical Services Llc,Arlington,VA,22203,Bank Fees,
Governor,"MARX, VICTOR",Republican,0.08,10/7/25,Winred Technical Services Llc,Arlington,VA,22203,Bank Fees,
Governor,"MARX, VICTOR",Republican,0.21,10/7/25,Winred Technical Services Llc,Arlington,VA,22203,Bank Fees,
Governor,"MARX, VICTOR",Republican,2.05,10/7/25,Winred Technical Services Llc,Arlington,VA,22203,Bank Fees,
Governor,"MARX, VICTOR",Republican,4.1,10/7/25,Winred Technical Services Llc,Arlington,VA,22203,Bank Fees,
Governor,"MARX, VICTOR",Republican,4.1,10/7/25,Winred Technical Services Llc,Arlington,VA,22203,Bank Fees,
Governor,"MARX, VICTOR",Republican,4.1,10/7/25,Winred Technical Services Llc,Arlington,VA,22203,Bank Fees,
Governor,"MARX, VICTOR",Republican,10.25,10/7/25,Winred Technical Services Llc,Arlington,VA,22203,Bank Fees,
Governor,"MARX, VICTOR",Republican,1.03,10/7/25,Winred Technical Services Llc,Arlington,VA,22203,Bank Fees,
Governor,"MARX, VICTOR",Republican,4.1,10/7/25,Winred Technical Services Llc,Arlington,VA,22203,Bank Fees,
Governor,"MARX, VICTOR",Republican,4.1,10/7/25,Winred Technical Services Llc,Arlington,VA,22203,Bank Fees,
Governor,"MARX, VICTOR",Republican,1.03,10/7/25,Winred Technical Services Llc,Arlington,VA,22203,Bank Fees,
Governor,"MARX, VICTOR",Republican,1.03,10/7/25,Winred Technical Services Llc,Arlington,VA,22203,Bank Fees,
Governor,"MARX, VICTOR",Republican,0.59,10/7/25,Winred Technical Services Llc,Arlington,VA,22203,Bank Fees,
Governor,"MARX, VICTOR",Republican,1.03,10/7/25,Winred Technical Services Llc,Arlington,VA,22203,Bank Fees,
Governor,"MARX, VICTOR",Republican,1.03,10/7/25,Winred Technical Services Llc,Arlington,VA,22203,Bank Fees,
Governor,"MARX, VICTOR",Republican,3.94,10/7/25,Winred Technical Services Llc,Arlington,VA,22203,Bank Fees,
Governor,"MARX, VICTOR",Republican,2.05,10/7/25,Winred Technical Services Llc,Arlington,VA,22203,Bank Fees,
Governor,"MARX, VICTOR",Republican,1.03,10/7/25,Winred Technical Services Llc,Arlington,VA,22203,Bank Fees,
Governor,"MARX, VICTOR",Republican,4.1,10/7/25,Winred Technical Services Llc,Arlington,VA,22203,Bank Fees,
Governor,"MARX, VICTOR",Republican,1.03,10/7/25,Winred Technical Services Llc,Arlington,VA,22203,Bank Fees,
Governor,"MARX, VICTOR",Republican,20.51,10/7/25,Winred Technical Services Llc,Arlington,VA,22203,Bank Fees,
Governor,"MARX, VICTOR",Republican,0.99,10/7/25,Winred Technical Services Llc,Arlington,VA,22203,Bank Fees,
Governor,"MARX, VICTOR",Republican,1.03,10/7/25,Winred Technical Services Llc,Arlington,VA,22203,Bank Fees,
Governor,"MARX, VICTOR",Republican,7.38,10/7/25,Winred Technical Services Llc,Arlington,VA,22203,Bank Fees,
Governor,"MARX, VICTOR",Republican,1.03,10/7/25,Winred Technical Services Llc,Arlington,VA,22203,Bank Fees,
Governor,"MARX, VICTOR",Republican,2.05,10/7/25,Winred Technical Services Llc,Arlington,VA,22203,Bank Fees,
Governor,"MARX, VICTOR",Republican,4.1,10/7/25,Winred Technical Services Llc,Arlington,VA,22203,Bank Fees,
Governor,"MARX, VICTOR",Republican,4.1,10/7/25,Winred Technical Services Llc,Arlington,VA,22203,Bank Fees,
Governor,"MARX, VICTOR",Republican,2.05,10/7/25,Winred Technical Services Llc,Arlington,VA,22203,Bank Fees,
Governor,"MARX, VICTOR",Republican,4.1,10/7/25,Winred Technical Services Llc,Arlington,VA,22203,Bank Fees,
Governor,"MARX, VICTOR",Republican,1.03,10/7/25,Winred Technical Services Llc,Arlington,VA,22203,Bank Fees,
Governor,"MARX, VICTOR",Republican,2.05,10/7/25,Winred Technical Services Llc,Arlington,VA,22203,Bank Fees,
Governor,"MARX, VICTOR",Republican,1.03,10/7/25,Winred Technical Services Llc,Arlington,VA,22203,Bank Fees,
Governor,"MARX, VICTOR",Republican,2.05,10/7/25,Winred Technical Services Llc,Arlington,VA,22203,Bank Fees,
Governor,"MARX, VICTOR",Republican,2.05,10/7/25,Winred Technical Services Llc,Arlington,VA,22203,Bank Fees,
Governor,"MARX, VICTOR",Republican,4.1,10/7/25,Winred Technical Services Llc,Arlington,VA,22203,Bank Fees,
Governor,"MARX, VICTOR",Republican,4.1,10/7/25,Winred Technical Services Llc,Arlington,VA,22203,Bank Fees,
Governor,"MARX, VICTOR",Republican,1.03,10/7/25,Winred Technical Services Llc,Arlington,VA,22203,Bank Fees,
Governor,"MARX, VICTOR",Republican,2.05,10/7/25,Winred Technical Services Llc,Arlington,VA,22203,Bank Fees,
Governor,"MARX, VICTOR",Republican,1.03,10/7/25,Winred Technical Services Llc,Arlington,VA,22203,Bank Fees,
Governor,"MARX, VICTOR",Republican,4.1,10/7/25,Winred Technical Services Llc,Arlington,VA,22203,Bank Fees,
Governor,"MARX, VICTOR",Republican,0.99,10/7/25,Winred Technical Services Llc,Arlington,VA,22203,Bank Fees,
Governor,"MARX, VICTOR",Republican,1.03,10/7/25,Winred Technical Services Llc,Arlington,VA,22203,Bank Fees,
Governor,"MARX, VICTOR",Republican,2.05,10/7/25,Winred Technical Services Llc,Arlington,VA,22203,Bank Fees,
Governor,"MARX, VICTOR",Republican,1.03,10/7/25,Winred Technical Services Llc,Arlington,VA,22203,Bank Fees,
Governor,"MARX, VICTOR",Republican,10.25,10/7/25,Winred Technical Services Llc,Arlington,VA,22203,Bank Fees,
Governor,"MARX, VICTOR",Republican,1.03,10/7/25,Winred Technical Services Llc,Arlington,VA,22203,Bank Fees,
Governor,"MARX, VICTOR",Republican,1.03,10/7/25,Winred Technical Services Llc,Arlington,VA,22203,Bank Fees,
Governor,"MARX, VICTOR",Republican,1.03,10/7/25,Winred Technical Services Llc,Arlington,VA,22203,Bank Fees,
Governor,"MARX, VICTOR",Republican,0.59,10/7/25,Winred Technical Services Llc,Arlington,VA,22203,Bank Fees,
Governor,"MARX, VICTOR",Republican,2.05,10/7/25,Winred Technical Services Llc,Arlington,VA,22203,Bank Fees,
Governor,"MARX, VICTOR",Republican,1.03,10/7/25,Winred Technical Services Llc,Arlington,VA,22203,Bank Fees,
Governor,"MARX, VICTOR",Republican,1.03,10/7/25,Winred Technical Services Llc,Arlington,VA,22203,Bank Fees,
Governor,"MARX, VICTOR",Republican,2.05,10/7/25,Winred Technical Services Llc,Arlington,VA,22203,Bank Fees,
Governor,"MARX, VICTOR",Republican,20.51,10/7/25,Winred Technical Services Llc,Arlington,VA,22203,Bank Fees,
Governor,"MARX, VICTOR",Republican,1.03,10/7/25,Winred Technical Services Llc,Arlington,VA,22203,Bank Fees,
Governor,"MARX, VICTOR",Republican,2.05,10/7/25,Winred Technical Services Llc,Arlington,VA,22203,Bank Fees,
Governor,"MARX, VICTOR",Republican,4.1,10/7/25,Winred Technical Services Llc,Arlington,VA,22203,Bank Fees,
Governor,"MARX, VICTOR",Republican,2.05,10/7/25,Winred Technical Services Llc,Arlington,VA,22203,Bank Fees,
Governor,"MARX, VICTOR",Republican,4.1,10/7/25,Winred Technical Services Llc,Arlington,VA,22203,Bank Fees,
Governor,"MARX, VICTOR",Republican,1.97,10/7/25,Winred Technical Services Llc,Arlington,VA,22203,Bank Fees,
Governor,"MARX, VICTOR",Republican,4.1,10/7/25,Winred Technical Services Llc,Arlington,VA,22203,Bank Fees,
Governor,"MARX, VICTOR",Republican,4.1,10/7/25,Winred Technical Services Llc,Arlington,VA,22203,Bank Fees,
Governor,"MARX, VICTOR",Republican,0.21,10/7/25,Winred Technical Services Llc,Arlington,VA,22203,Bank Fees,
Governor,"MARX, VICTOR",Republican,1.03,10/7/25,Winred Technical Services Llc,Arlington,VA,22203,Bank Fees,
Governor,"MARX, VICTOR",Republican,1.03,10/7/25,Winred Technical Services Llc,Arlington,VA,22203,Bank Fees,
Governor,"MARX, VICTOR",Republican,5.13,10/8/25,Winred Technical Services Llc,Arlington,VA,22203,Bank Fees,
Governor,"MARX, VICTOR",Republican,2.05,10/8/25,Winred Technical Services Llc,Arlington,VA,22203,Bank Fees,
Governor,"MARX, VICTOR",Republican,10.25,10/8/25,Winred Technical Services Llc,Arlington,VA,22203,Bank Fees,
Governor,"MARX, VICTOR",Republican,20.51,10/8/25,Winred Technical Services Llc,Arlington,VA,22203,Bank Fees,
Governor,"MARX, VICTOR",Republican,0.99,10/8/25,Winred Technical Services Llc,Arlington,VA,22203,Bank Fees,
Governor,"MARX, VICTOR",Republican,0.99,10/8/25,Winred Technical Services Llc,Arlington,VA,22203,Bank Fees,
Governor,"MARX, VICTOR",Republican,4.1,10/8/25,Winred Technical Services Llc,Arlington,VA,22203,Bank Fees,
Governor,"MARX, VICTOR",Republican,1.03,10/8/25,Winred Technical Services Llc,Arlington,VA,22203,Bank Fees,
Governor,"MARX, VICTOR",Republican,2.05,10/8/25,Winred Technical Services Llc,Arlington,VA,22203,Bank Fees,
Governor,"MARX, VICTOR",Republican,4.1,10/8/25,Winred Technical Services Llc,Arlington,VA,22203,Bank Fees,
Governor,"MARX, VICTOR",Republican,1.97,10/8/25,Winred Technical Services Llc,Arlington,VA,22203,Bank Fees,
Governor,"MARX, VICTOR",Republican,1.03,10/8/25,Winred Technical Services Llc,Arlington,VA,22203,Bank Fees,
Governor,"MARX, VICTOR",Republican,1.03,10/8/25,Winred Technical Services Llc,Arlington,VA,22203,Bank Fees,
Governor,"MARX, VICTOR",Republican,0.41,10/8/25,Winred Technical Services Llc,Arlington,VA,22203,Bank Fees,
Governor,"MARX, VICTOR",Republican,1.03,10/8/25,Winred Technical Services Llc,Arlington,VA,22203,Bank Fees,
Governor,"MARX, VICTOR",Republican,2.05,10/8/25,Winred Technical Services Llc,Arlington,VA,22203,Bank Fees,
Governor,"MARX, VICTOR",Republican,1.03,10/8/25,Winred Technical Services Llc,Arlington,VA,22203,Bank Fees,
Governor,"MARX, VICTOR",Republican,1.03,10/8/25,Winred Technical Services Llc,Arlington,VA,22203,Bank Fees,
Governor,"MARX, VICTOR",Republican,1.03,10/8/25,Winred Technical Services Llc,Arlington,VA,22203,Bank Fees,
Governor,"MARX, VICTOR",Republican,0.62,10/8/25,Winred Technical Services Llc,Arlington,VA,22203,Bank Fees,
Governor,"MARX, VICTOR",Republican,4.1,10/8/25,Winred Technical Services Llc,Arlington,VA,22203,Bank Fees,
Governor,"MARX, VICTOR",Republican,1.03,10/8/25,Winred Technical Services Llc,Arlington,VA,22203,Bank Fees,
Governor,"MARX, VICTOR",Republican,2.05,10/8/25,Winred Technical Services Llc,Arlington,VA,22203,Bank Fees,
Governor,"MARX, VICTOR",Republican,4.1,10/8/25,Winred Technical Services Llc,Arlington,VA,22203,Bank Fees,
Governor,"MARX, VICTOR",Republican,4.1,10/8/25,Winred Technical Services Llc,Arlington,VA,22203,Bank Fees,
Governor,"MARX, VICTOR",Republican,9.85,10/8/25,Winred Technical Services Llc,Arlington,VA,22203,Bank Fees,
Governor,"MARX, VICTOR",Republican,10.25,10/8/25,Winred Technical Services Llc,Arlington,VA,22203,Bank Fees,
Governor,"MARX, VICTOR",Republican,4.1,10/8/25,Winred Technical Services Llc,Arlington,VA,22203,Bank Fees,
Governor,"MARX, VICTOR",Republican,4.1,10/8/25,Winred Technical Services Llc,Arlington,VA,22203,Bank Fees,
Governor,"MARX, VICTOR",Republican,4.1,10/8/25,Winred Technical Services Llc,Arlington,VA,22203,Bank Fees,
Governor,"MARX, VICTOR",Republican,1.03,10/8/25,Winred Technical Services Llc,Arlington,VA,22203,Bank Fees,
Governor,"MARX, VICTOR",Republican,2.05,10/8/25,Winred Technical Services Llc,Arlington,VA,22203,Bank Fees,
Governor,"MARX, VICTOR",Republican,4.1,10/8/25,Winred Technical Services Llc,Arlington,VA,22203,Bank Fees,
Governor,"MARX, VICTOR",Republican,4.1,10/9/25,Winred Technical Services Llc,Arlington,VA,22203,Bank Fees,
Governor,"MARX, VICTOR",Republican,0.99,10/9/25,Winred Technical Services Llc,Arlington,VA,22203,Bank Fees,
Governor,"MARX, VICTOR",Republican,3.94,10/9/25,Winred Technical Services Llc,Arlington,VA,22203,Bank Fees,
Governor,"MARX, VICTOR",Republican,1.03,10/9/25,Winred Technical Services Llc,Arlington,VA,22203,Bank Fees,
Governor,"MARX, VICTOR",Republican,2.05,10/9/25,Winred Technical Services Llc,Arlington,VA,22203,Bank Fees,
Governor,"MARX, VICTOR",Republican,9.85,10/9/25,Winred Technical Services Llc,Arlington,VA,22203,Bank Fees,
Governor,"MARX, VICTOR",Republican,2.05,10/9/25,Winred Technical Services Llc,Arlington,VA,22203,Bank Fees,
Governor,"MARX, VICTOR",Republican,1.03,10/9/25,Winred Technical Services Llc,Arlington,VA,22203,Bank Fees,
Governor,"MARX, VICTOR",Republican,4.1,10/9/25,Winred Technical Services Llc,Arlington,VA,22203,Bank Fees,
Governor,"MARX, VICTOR",Republican,10.25,10/9/25,Winred Technical Services Llc,Arlington,VA,22203,Bank Fees,
Governor,"MARX, VICTOR",Republican,2.05,10/9/25,Winred Technical Services Llc,Arlington,VA,22203,Bank Fees,
Governor,"MARX, VICTOR",Republican,4.1,10/9/25,Winred Technical Services Llc,Arlington,VA,22203,Bank Fees,
Governor,"MARX, VICTOR",Republican,1.03,10/9/25,Winred Technical Services Llc,Arlington,VA,22203,Bank Fees,
Governor,"MARX, VICTOR",Republican,4.1,10/9/25,Winred Technical Services Llc,Arlington,VA,22203,Bank Fees,
Governor,"MARX, VICTOR",Republican,2.05,10/9/25,Winred Technical Services Llc,Arlington,VA,22203,Bank Fees,
Governor,"MARX, VICTOR",Republican,1.03,10/9/25,Winred Technical Services Llc,Arlington,VA,22203,Bank Fees,
Governor,"MARX, VICTOR",Republican,1.03,10/9/25,Winred Technical Services Llc,Arlington,VA,22203,Bank Fees,
Governor,"MARX, VICTOR",Republican,4.1,10/9/25,Winred Technical Services Llc,Arlington,VA,22203,Bank Fees,
Governor,"MARX, VICTOR",Republican,4.1,10/9/25,Winred Technical Services Llc,Arlington,VA,22203,Bank Fees,
Governor,"MARX, VICTOR",Republican,4.1,10/9/25,Winred Technical Services Llc,Arlington,VA,22203,Bank Fees,
Governor,"MARX, VICTOR",Republican,4.1,10/9/25,Winred Technical Services Llc,Arlington,VA,22203,Bank Fees,
Governor,"MARX, VICTOR",Republican,1.03,10/9/25,Winred Technical Services Llc,Arlington,VA,22203,Bank Fees,
Governor,"MARX, VICTOR",Republican,0.79,10/9/25,Winred Technical Services Llc,Arlington,VA,22203,Bank Fees,
Governor,"MARX, VICTOR",Republican,9.85,10/9/25,Winred Technical Services Llc,Arlington,VA,22203,Bank Fees,
Governor,"MARX, VICTOR",Republican,4.1,10/9/25,Winred Technical Services Llc,Arlington,VA,22203,Bank Fees,
Governor,"MARX, VICTOR",Republican,1.03,10/9/25,Winred Technical Services Llc,Arlington,VA,22203,Bank Fees,
Governor,"MARX, VICTOR",Republican,1.03,10/9/25,Winred Technical Services Llc,Arlington,VA,22203,Bank Fees,
Governor,"MARX, VICTOR",Republican,1.03,10/9/25,Winred Technical Services Llc,Arlington,VA,22203,Bank Fees,
Governor,"MARX, VICTOR",Republican,1.03,10/9/25,Winred Technical Services Llc,Arlington,VA,22203,Bank Fees,
Governor,"MARX, VICTOR",Republican,4.1,10/9/25,Winred Technical Services Llc,Arlington,VA,22203,Bank Fees,
Governor,"MARX, VICTOR",Republican,4.1,10/9/25,Winred Technical Services Llc,Arlington,VA,22203,Bank Fees,
Governor,"MARX, VICTOR",Republican,1.03,10/9/25,Winred Technical Services Llc,Arlington,VA,22203,Bank Fees,
Governor,"MARX, VICTOR",Republican,2.05,10/9/25,Winred Technical Services Llc,Arlington,VA,22203,Bank Fees,
Governor,"MARX, VICTOR",Republican,4.1,10/9/25,Winred Technical Services Llc,Arlington,VA,22203,Bank Fees,
Governor,"MARX, VICTOR",Republican,2.05,10/9/25,Winred Technical Services Llc,Arlington,VA,22203,Bank Fees,
Governor,"MARX, VICTOR",Republican,2.05,10/9/25,Winred Technical Services Llc,Arlington,VA,22203,Bank Fees,
Governor,"MARX, VICTOR",Republican,0.82,10/9/25,Winred Technical Services Llc,Arlington,VA,22203,Bank Fees,
Governor,"MARX, VICTOR",Republican,4.1,10/9/25,Winred Technical Services Llc,Arlington,VA,22203,Bank Fees,
Governor,"MARX, VICTOR",Republican,4.1,10/9/25,Winred Technical Services Llc,Arlington,VA,22203,Bank Fees,
Governor,"MARX, VICTOR",Republican,2.05,10/9/25,Winred Technical Services Llc,Arlington,VA,22203,Bank Fees,
Governor,"MARX, VICTOR",Republican,0.99,10/9/25,Winred Technical Services Llc,Arlington,VA,22203,Bank Fees,
Governor,"MARX, VICTOR",Republican,1.03,10/9/25,Winred Technical Services Llc,Arlington,VA,22203,Bank Fees,
Governor,"MARX, VICTOR",Republican,2.05,10/9/25,Winred Technical Services Llc,Arlington,VA,22203,Bank Fees,
Governor,"MARX, VICTOR",Republican,2.05,10/9/25,Winred Technical Services Llc,Arlington,VA,22203,Bank Fees,
Governor,"MARX, VICTOR",Republican,1.03,10/9/25,Winred Technical Services Llc,Arlington,VA,22203,Bank Fees,
Governor,"MARX, VICTOR",Republican,4.1,10/9/25,Winred Technical Services Llc,Arlington,VA,22203,Bank Fees,
Governor,"MARX, VICTOR",Republican,20.51,10/9/25,Winred Technical Services Llc,Arlington,VA,22203,Bank Fees,
Governor,"MARX, VICTOR",Republican,2.05,10/9/25,Winred Technical Services Llc,Arlington,VA,22203,Bank Fees,
Governor,"MARX, VICTOR",Republican,4.1,10/9/25,Winred Technical Services Llc,Arlington,VA,22203,Bank Fees,
Governor,"MARX, VICTOR",Republican,2.05,10/9/25,Winred Technical Services Llc,Arlington,VA,22203,Bank Fees,
Governor,"MARX, VICTOR",Republican,1.03,10/9/25,Winred Technical Services Llc,Arlington,VA,22203,Bank Fees,
Governor,"MARX, VICTOR",Republican,4.1,10/9/25,Winred Technical Services Llc,Arlington,VA,22203,Bank Fees,
Governor,"MARX, VICTOR",Republican,9.85,10/9/25,Winred Technical Services Llc,Arlington,VA,22203,Bank Fees,
Governor,"MARX, VICTOR",Republican,4.1,10/9/25,Winred Technical Services Llc,Arlington,VA,22203,Bank Fees,
Governor,"MARX, VICTOR",Republican,20.51,10/9/25,Winred Technical Services Llc,Arlington,VA,22203,Bank Fees,
Governor,"MARX, VICTOR",Republican,2.05,10/9/25,Winred Technical Services Llc,Arlington,VA,22203,Bank Fees,
Governor,"MARX, VICTOR",Republican,2.05,10/9/25,Winred Technical Services Llc,Arlington,VA,22203,Bank Fees,
Governor,"MARX, VICTOR",Republican,4.1,10/9/25,Winred Technical Services Llc,Arlington,VA,22203,Bank Fees,
Governor,"MARX, VICTOR",Republican,4.1,10/9/25,Winred Technical Services Llc,Arlington,VA,22203,Bank Fees,
Governor,"MARX, VICTOR",Republican,4.1,10/9/25,Winred Technical Services Llc,Arlington,VA,22203,Bank Fees,
Governor,"MARX, VICTOR",Republican,10.25,10/9/25,Winred Technical Services Llc,Arlington,VA,22203,Bank Fees,
Governor,"MARX, VICTOR",Republican,2.05,10/9/25,Winred Technical Services Llc,Arlington,VA,22203,Bank Fees,
Governor,"MARX, VICTOR",Republican,0.99,10/9/25,Winred Technical Services Llc,Arlington,VA,22203,Bank Fees,
Governor,"MARX, VICTOR",Republican,20.51,10/10/25,Winred Technical Services Llc,Arlington,VA,22203,Bank Fees,
Governor,"MARX, VICTOR",Republican,41.02,10/10/25,Winred Technical Services Llc,Arlington,VA,22203,Bank Fees,
Governor,"MARX, VICTOR",Republican,2.05,10/10/25,Winred Technical Services Llc,Arlington,VA,22203,Bank Fees,
Governor,"MARX, VICTOR",Republican,4.1,10/10/25,Winred Technical Services Llc,Arlington,VA,22203,Bank Fees,
Governor,"MARX, VICTOR",Republican,1.03,10/10/25,Winred Technical Services Llc,Arlington,VA,22203,Bank Fees,
Governor,"MARX, VICTOR",Republican,1.03,10/10/25,Winred Technical Services Llc,Arlington,VA,22203,Bank Fees,
Governor,"MARX, VICTOR",Republican,10.25,10/10/25,Winred Technical Services Llc,Arlington,VA,22203,Bank Fees,
Governor,"MARX, VICTOR",Republican,4.1,10/10/25,Winred Technical Services Llc,Arlington,VA,22203,Bank Fees,
Governor,"MARX, VICTOR",Republican,1.03,10/10/25,Winred Technical Services Llc,Arlington,VA,22203,Bank Fees,
Governor,"MARX, VICTOR",Republican,2.05,10/10/25,Winred Technical Services Llc,Arlington,VA,22203,Bank Fees,
Governor,"MARX, VICTOR",Republican,3.94,10/10/25,Winred Technical Services Llc,Arlington,VA,22203,Bank Fees,
Governor,"MARX, VICTOR",Republican,0.99,10/10/25,Winred Technical Services Llc,Arlington,VA,22203,Bank Fees,
Governor,"MARX, VICTOR",Republican,57.13,10/10/25,Winred Technical Services Llc,Arlington,VA,22203,Bank Fees,
Governor,"MARX, VICTOR",Republican,4.1,10/10/25,Winred Technical Services Llc,Arlington,VA,22203,Bank Fees,
Governor,"MARX, VICTOR",Republican,4.1,10/10/25,Winred Technical Services Llc,Arlington,VA,22203,Bank Fees,
Governor,"MARX, VICTOR",Republican,10.25,10/10/25,Winred Technical Services Llc,Arlington,VA,22203,Bank Fees,
Governor,"MARX, VICTOR",Republican,4.1,10/10/25,Winred Technical Services Llc,Arlington,VA,22203,Bank Fees,
Governor,"MARX, VICTOR",Republican,1.03,10/10/25,Winred Technical Services Llc,Arlington,VA,22203,Bank Fees,
Governor,"MARX, VICTOR",Republican,4.1,10/10/25,Winred Technical Services Llc,Arlington,VA,22203,Bank Fees,
Governor,"MARX, VICTOR",Republican,4.1,10/10/25,Winred Technical Services Llc,Arlington,VA,22203,Bank Fees,
Governor,"MARX, VICTOR",Republican,0.99,10/10/25,Winred Technical Services Llc,Arlington,VA,22203,Bank Fees,
Governor,"MARX, VICTOR",Republican,7.49,10/10/25,Winred Technical Services Llc,Arlington,VA,22203,Bank Fees,
Governor,"MARX, VICTOR",Republican,39.4,10/10/25,Winred Technical Services Llc,Arlington,VA,22203,Bank Fees,
Governor,"MARX, VICTOR",Republican,1.03,10/10/25,Winred Technical Services Llc,Arlington,VA,22203,Bank Fees,
Governor,"MARX, VICTOR",Republican,4.1,10/10/25,Winred Technical Services Llc,Arlington,VA,22203,Bank Fees,
Governor,"MARX, VICTOR",Republican,4.1,10/10/25,Winred Technical Services Llc,Arlington,VA,22203,Bank Fees,
Governor,"MARX, VICTOR",Republican,4.1,10/10/25,Winred Technical Services Llc,Arlington,VA,22203,Bank Fees,
Governor,"MARX, VICTOR",Republican,2.05,10/10/25,Winred Technical Services Llc,Arlington,VA,22203,Bank Fees,
Governor,"MARX, VICTOR",Republican,4.1,10/10/25,Winred Technical Services Llc,Arlington,VA,22203,Bank Fees,
Governor,"MARX, VICTOR",Republican,2.05,10/10/25,Winred Technical Services Llc,Arlington,VA,22203,Bank Fees,
Governor,"MARX, VICTOR",Republican,0.62,10/10/25,Winred Technical Services Llc,Arlington,VA,22203,Bank Fees,
Governor,"MARX, VICTOR",Republican,4.1,10/10/25,Winred Technical Services Llc,Arlington,VA,22203,Bank Fees,
Governor,"MARX, VICTOR",Republican,2.05,10/10/25,Winred Technical Services Llc,Arlington,VA,22203,Bank Fees,
Governor,"MARX, VICTOR",Republican,3.94,10/10/25,Winred Technical Services Llc,Arlington,VA,22203,Bank Fees,
Governor,"MARX, VICTOR",Republican,1.03,10/10/25,Winred Technical Services Llc,Arlington,VA,22203,Bank Fees,
Governor,"MARX, VICTOR",Republican,4.1,10/10/25,Winred Technical Services Llc,Arlington,VA,22203,Bank Fees,
Governor,"MARX, VICTOR",Republican,1.03,10/10/25,Winred Technical Services Llc,Arlington,VA,22203,Bank Fees,
Governor,"MARX, VICTOR",Republican,2.05,10/10/25,Winred Technical Services Llc,Arlington,VA,22203,Bank Fees,
Governor,"MARX, VICTOR",Republican,1.97,10/10/25,Winred Technical Services Llc,Arlington,VA,22203,Bank Fees,
Governor,"MARX, VICTOR",Republican,4.1,10/10/25,Winred Technical Services Llc,Arlington,VA,22203,Bank Fees,
Governor,"MARX, VICTOR",Republican,4.1,10/10/25,Winred Technical Services Llc,Arlington,VA,22203,Bank Fees,
Governor,"MARX, VICTOR",Republican,1.03,10/10/25,Winred Technical Services Llc,Arlington,VA,22203,Bank Fees,
Governor,"MARX, VICTOR",Republican,2.05,10/10/25,Winred Technical Services Llc,Arlington,VA,22203,Bank Fees,
Governor,"MARX, VICTOR",Republican,2.05,10/10/25,Winred Technical Services Llc,Arlington,VA,22203,Bank Fees,
Governor,"MARX, VICTOR",Republican,1.03,10/10/25,Winred Technical Services Llc,Arlington,VA,22203,Bank Fees,
Governor,"MARX, VICTOR",Republican,1.03,10/10/25,Winred Technical Services Llc,Arlington,VA,22203,Bank Fees,
Governor,"MARX, VICTOR",Republican,1.03,10/10/25,Winred Technical Services Llc,Arlington,VA,22203,Bank Fees,
Governor,"MARX, VICTOR",Republican,4.1,10/10/25,Winred Technical Services Llc,Arlington,VA,22203,Bank Fees,
Governor,"MARX, VICTOR",Republican,8.2,10/10/25,Winred Technical Services Llc,Arlington,VA,22203,Bank Fees,
Governor,"MARX, VICTOR",Republican,1.03,10/10/25,Winred Technical Services Llc,Arlington,VA,22203,Bank Fees,
Governor,"MARX, VICTOR",Republican,1.03,10/10/25,Winred Technical Services Llc,Arlington,VA,22203,Bank Fees,
Governor,"MARX, VICTOR",Republican,1.03,10/10/25,Winred Technical Services Llc,Arlington,VA,22203,Bank Fees,
Governor,"MARX, VICTOR",Republican,2.05,10/10/25,Winred Technical Services Llc,Arlington,VA,22203,Bank Fees,
Governor,"MARX, VICTOR",Republican,29.74,10/10/25,Winred Technical Services Llc,Arlington,VA,22203,Bank Fees,
Governor,"MARX, VICTOR",Republican,10.25,10/11/25,Winred Technical Services Llc,Arlington,VA,22203,Bank Fees,
Governor,"MARX, VICTOR",Republican,1.03,10/11/25,Winred Technical Services Llc,Arlington,VA,22203,Bank Fees,
Governor,"MARX, VICTOR",Republican,0.41,10/11/25,Winred Technical Services Llc,Arlington,VA,22203,Bank Fees,
Governor,"MARX, VICTOR",Republican,2.05,10/11/25,Winred Technical Services Llc,Arlington,VA,22203,Bank Fees,
Governor,"MARX, VICTOR",Republican,2.05,10/11/25,Winred Technical Services Llc,Arlington,VA,22203,Bank Fees,
Governor,"MARX, VICTOR",Republican,20.51,10/11/25,Winred Technical Services Llc,Arlington,VA,22203,Bank Fees,
Governor,"MARX, VICTOR",Republican,4.1,10/11/25,Winred Technical Services Llc,Arlington,VA,22203,Bank Fees,
Governor,"MARX, VICTOR",Republican,57.13,10/11/25,Winred Technical Services Llc,Arlington,VA,22203,Bank Fees,
Governor,"MARX, VICTOR",Republican,29.74,10/11/25,Winred Technical Services Llc,Arlington,VA,22203,Bank Fees,
Governor,"MARX, VICTOR",Republican,1.03,10/11/25,Winred Technical Services Llc,Arlington,VA,22203,Bank Fees,
Governor,"MARX, VICTOR",Republican,2.05,10/11/25,Winred Technical Services Llc,Arlington,VA,22203,Bank Fees,
Governor,"MARX, VICTOR",Republican,0.21,10/11/25,Winred Technical Services Llc,Arlington,VA,22203,Bank Fees,
Governor,"MARX, VICTOR",Republican,2.05,10/11/25,Winred Technical Services Llc,Arlington,VA,22203,Bank Fees,
Governor,"MARX, VICTOR",Republican,0.41,10/11/25,Winred Technical Services Llc,Arlington,VA,22203,Bank Fees,
Governor,"MARX, VICTOR",Republican,4.1,10/11/25,Winred Technical Services Llc,Arlington,VA,22203,Bank Fees,
Governor,"MARX, VICTOR",Republican,1.97,10/11/25,Winred Technical Services Llc,Arlington,VA,22203,Bank Fees,
Governor,"MARX, VICTOR",Republican,1.97,10/11/25,Winred Technical Services Llc,Arlington,VA,22203,Bank Fees,
Governor,"MARX, VICTOR",Republican,3.94,10/11/25,Winred Technical Services Llc,Arlington,VA,22203,Bank Fees,
Governor,"MARX, VICTOR",Republican,19.7,10/11/25,Winred Technical Services Llc,Arlington,VA,22203,Bank Fees,
Governor,"MARX, VICTOR",Republican,10.25,10/11/25,Winred Technical Services Llc,Arlington,VA,22203,Bank Fees,
Governor,"MARX, VICTOR",Republican,9.85,10/11/25,Winred Technical Services Llc,Arlington,VA,22203,Bank Fees,
Governor,"MARX, VICTOR",Republican,2.05,10/11/25,Winred Technical Services Llc,Arlington,VA,22203,Bank Fees,
Governor,"MARX, VICTOR",Republican,1.03,10/11/25,Winred Technical Services Llc,Arlington,VA,22203,Bank Fees,
Governor,"MARX, VICTOR",Republican,0.04,10/11/25,Winred Technical Services Llc,Arlington,VA,22203,Bank Fees,
Governor,"MARX, VICTOR",Republican,2.05,10/12/25,Winred Technical Services Llc,Arlington,VA,22203,Bank Fees,
Governor,"MARX, VICTOR",Republican,2.05,10/12/25,Winred Technical Services Llc,Arlington,VA,22203,Bank Fees,
Governor,"MARX, VICTOR",Republican,1.03,10/12/25,Winred Technical Services Llc,Arlington,VA,22203,Bank Fees,
Governor,"MARX, VICTOR",Republican,1.03,10/12/25,Winred Technical Services Llc,Arlington,VA,22203,Bank Fees,
Governor,"MARX, VICTOR",Republican,0.41,10/12/25,Winred Technical Services Llc,Arlington,VA,22203,Bank Fees,
Governor,"MARX, VICTOR",Republican,4.1,10/12/25,Winred Technical Services Llc,Arlington,VA,22203,Bank Fees,
Governor,"MARX, VICTOR",Republican,2.05,10/12/25,Winred Technical Services Llc,Arlington,VA,22203,Bank Fees,
Governor,"MARX, VICTOR",Republican,2.05,10/12/25,Winred Technical Services Llc,Arlington,VA,22203,Bank Fees,
Governor,"MARX, VICTOR",Republican,1.03,10/12/25,Winred Technical Services Llc,Arlington,VA,22203,Bank Fees,
Governor,"MARX, VICTOR",Republican,1.03,10/12/25,Winred Technical Services Llc,Arlington,VA,22203,Bank Fees,
Governor,"MARX, VICTOR",Republican,2.05,10/12/25,Winred Technical Services Llc,Arlington,VA,22203,Bank Fees,
Governor,"MARX, VICTOR",Republican,4.1,10/12/25,Winred Technical Services Llc,Arlington,VA,22203,Bank Fees,
Governor,"MARX, VICTOR",Republican,4.1,10/12/25,Winred Technical Services Llc,Arlington,VA,22203,Bank Fees,
Governor,"MARX, VICTOR",Republican,2.05,10/12/25,Winred Technical Services Llc,Arlington,VA,22203,Bank Fees,
Governor,"MARX, VICTOR",Republican,41.02,10/12/25,Winred Technical Services Llc,Arlington,VA,22203,Bank Fees,
Governor,"MARX, VICTOR",Republican,1.03,10/12/25,Winred Technical Services Llc,Arlington,VA,22203,Bank Fees,
Governor,"MARX, VICTOR",Republican,4.1,10/12/25,Winred Technical Services Llc,Arlington,VA,22203,Bank Fees,
Governor,"MARX, VICTOR",Republican,0.99,10/12/25,Winred Technical Services Llc,Arlington,VA,22203,Bank Fees,
Governor,"MARX, VICTOR",Republican,20.51,10/12/25,Winred Technical Services Llc,Arlington,VA,22203,Bank Fees,
Governor,"MARX, VICTOR",Republican,1.03,10/12/25,Winred Technical Services Llc,Arlington,VA,22203,Bank Fees,
Governor,"MARX, VICTOR",Republican,1.03,10/12/25,Winred Technical Services Llc,Arlington,VA,22203,Bank Fees,
Governor,"MARX, VICTOR",Republican,1.03,10/12/25,Winred Technical Services Llc,Arlington,VA,22203,Bank Fees,
Governor,"MARX, VICTOR",Republican,2.05,10/12/25,Winred Technical Services Llc,Arlington,VA,22203,Bank Fees,
Governor,"MARX, VICTOR",Republican,4.1,10/12/25,Winred Technical Services Llc,Arlington,VA,22203,Bank Fees,
Governor,"MARX, VICTOR",Republican,1.03,10/12/25,Winred Technical Services Llc,Arlington,VA,22203,Bank Fees,
Governor,"MARX, VICTOR",Republican,4.1,10/12/25,Winred Technical Services Llc,Arlington,VA,22203,Bank Fees,
Governor,"MARX, VICTOR",Republican,1.97,10/12/25,Winred Technical Services Llc,Arlington,VA,22203,Bank Fees,
Governor,"MARX, VICTOR",Republican,1.03,10/12/25,Winred Technical Services Llc,Arlington,VA,22203,Bank Fees,
Governor,"MARX, VICTOR",Republican,1.97,10/12/25,Winred Technical Services Llc,Arlington,VA,22203,Bank Fees,
Governor,"MARX, VICTOR",Republican,0.99,10/12/25,Winred Technical Services Llc,Arlington,VA,22203,Bank Fees,
Governor,"MARX, VICTOR",Republican,2.05,10/12/25,Winred Technical Services Llc,Arlington,VA,22203,Bank Fees,
Governor,"MARX, VICTOR",Republican,0.41,10/12/25,Winred Technical Services Llc,Arlington,VA,22203,Bank Fees,
Governor,"MARX, VICTOR",Republican,1.03,10/12/25,Winred Technical Services Llc,Arlington,VA,22203,Bank Fees,
Governor,"MARX, VICTOR",Republican,1.03,10/12/25,Winred Technical Services Llc,Arlington,VA,22203,Bank Fees,
Governor,"MARX, VICTOR",Republican,1.03,10/12/25,Winred Technical Services Llc,Arlington,VA,22203,Bank Fees,
Governor,"MARX, VICTOR",Republican,4.1,10/12/25,Winred Technical Services Llc,Arlington,VA,22203,Bank Fees,
Governor,"MARX, VICTOR",Republican,1.03,10/12/25,Winred Technical Services Llc,Arlington,VA,22203,Bank Fees,
Governor,"MARX, VICTOR",Republican,2.05,10/12/25,Winred Technical Services Llc,Arlington,VA,22203,Bank Fees,
Governor,"MARX, VICTOR",Republican,4.1,10/12/25,Winred Technical Services Llc,Arlington,VA,22203,Bank Fees,
Governor,"MARX, VICTOR",Republican,4.1,10/12/25,Winred Technical Services Llc,Arlington,VA,22203,Bank Fees,
Governor,"MARX, VICTOR",Republican,1.03,10/12/25,Winred Technical Services Llc,Arlington,VA,22203,Bank Fees,
Governor,"MARX, VICTOR",Republican,3.94,10/12/25,Winred Technical Services Llc,Arlington,VA,22203,Bank Fees,
Governor,"MARX, VICTOR",Republican,1.03,10/12/25,Winred Technical Services Llc,Arlington,VA,22203,Bank Fees,
Governor,"MARX, VICTOR",Republican,1.03,10/12/25,Winred Technical Services Llc,Arlington,VA,22203,Bank Fees,
Governor,"MARX, VICTOR",Republican,20.51,10/12/25,Winred Technical Services Llc,Arlington,VA,22203,Bank Fees,
Governor,"MARX, VICTOR",Republican,2.05,10/12/25,Winred Technical Services Llc,Arlington,VA,22203,Bank Fees,
Governor,"MARX, VICTOR",Republican,4.1,10/13/25,Winred Technical Services Llc,Arlington,VA,22203,Bank Fees,
Governor,"MARX, VICTOR",Republican,2.05,10/13/25,Winred Technical Services Llc,Arlington,VA,22203,Bank Fees,
Governor,"MARX, VICTOR",Republican,4.1,10/13/25,Winred Technical Services Llc,Arlington,VA,22203,Bank Fees,
Governor,"MARX, VICTOR",Republican,2.05,10/13/25,Winred Technical Services Llc,Arlington,VA,22203,Bank Fees,
Governor,"MARX, VICTOR",Republican,39.4,10/13/25,Winred Technical Services Llc,Arlington,VA,22203,Bank Fees,
Governor,"MARX, VICTOR",Republican,4.1,10/13/25,Winred Technical Services Llc,Arlington,VA,22203,Bank Fees,
Governor,"MARX, VICTOR",Republican,4.1,10/13/25,Winred Technical Services Llc,Arlington,VA,22203,Bank Fees,
Governor,"MARX, VICTOR",Republican,1.03,10/13/25,Winred Technical Services Llc,Arlington,VA,22203,Bank Fees,
Governor,"MARX, VICTOR",Republican,8.2,10/13/25,Winred Technical Services Llc,Arlington,VA,22203,Bank Fees,
Governor,"MARX, VICTOR",Republican,3.94,10/13/25,Winred Technical Services Llc,Arlington,VA,22203,Bank Fees,
Governor,"MARX, VICTOR",Republican,8.2,10/13/25,Winred Technical Services Llc,Arlington,VA,22203,Bank Fees,
Governor,"MARX, VICTOR",Republican,1.03,10/13/25,Winred Technical Services Llc,Arlington,VA,22203,Bank Fees,
Governor,"MARX, VICTOR",Republican,1.03,10/13/25,Winred Technical Services Llc,Arlington,VA,22203,Bank Fees,
Governor,"MARX, VICTOR",Republican,19.7,10/13/25,Winred Technical Services Llc,Arlington,VA,22203,Bank Fees,
Governor,"MARX, VICTOR",Republican,1.03,10/13/25,Winred Technical Services Llc,Arlington,VA,22203,Bank Fees,
Governor,"MARX, VICTOR",Republican,4.1,10/13/25,Winred Technical Services Llc,Arlington,VA,22203,Bank Fees,
Governor,"MARX, VICTOR",Republican,1.03,10/13/25,Winred Technical Services Llc,Arlington,VA,22203,Bank Fees,
Governor,"MARX, VICTOR",Republican,1.03,10/13/25,Winred Technical Services Llc,Arlington,VA,22203,Bank Fees,
Governor,"MARX, VICTOR",Republican,20.51,10/13/25,Winred Technical Services Llc,Arlington,VA,22203,Bank Fees,
Governor,"MARX, VICTOR",Republican,2.05,10/13/25,Winred Technical Services Llc,Arlington,VA,22203,Bank Fees,
Governor,"MARX, VICTOR",Republican,1.03,10/13/25,Winred Technical Services Llc,Arlington,VA,22203,Bank Fees,
Governor,"MARX, VICTOR",Republican,9.85,10/13/25,Winred Technical Services Llc,Arlington,VA,22203,Bank Fees,
Governor,"MARX, VICTOR",Republican,4.1,10/13/25,Winred Technical Services Llc,Arlington,VA,22203,Bank Fees,
Governor,"MARX, VICTOR",Republican,4.1,10/13/25,Winred Technical Services Llc,Arlington,VA,22203,Bank Fees,
Governor,"MARX, VICTOR",Republican,1.03,10/13/25,Winred Technical Services Llc,Arlington,VA,22203,Bank Fees,
Governor,"MARX, VICTOR",Republican,2.05,10/13/25,Winred Technical Services Llc,Arlington,VA,22203,Bank Fees,
Governor,"MARX, VICTOR",Republican,2.05,10/13/25,Winred Technical Services Llc,Arlington,VA,22203,Bank Fees,
Governor,"MARX, VICTOR",Republican,1.03,10/13/25,Winred Technical Services Llc,Arlington,VA,22203,Bank Fees,
Governor,"MARX, VICTOR",Republican,0.41,10/13/25,Winred Technical Services Llc,Arlington,VA,22203,Bank Fees,
Governor,"MARX, VICTOR",Republican,4.1,10/13/25,Winred Technical Services Llc,Arlington,VA,22203,Bank Fees,
Governor,"MARX, VICTOR",Republican,0.99,10/13/25,Winred Technical Services Llc,Arlington,VA,22203,Bank Fees,
Governor,"MARX, VICTOR",Republican,1.03,10/13/25,Winred Technical Services Llc,Arlington,VA,22203,Bank Fees,
Governor,"MARX, VICTOR",Republican,10.25,10/13/25,Winred Technical Services Llc,Arlington,VA,22203,Bank Fees,
Governor,"MARX, VICTOR",Republican,1.03,10/13/25,Winred Technical Services Llc,Arlington,VA,22203,Bank Fees,
Governor,"MARX, VICTOR",Republican,20.51,10/13/25,Winred Technical Services Llc,Arlington,VA,22203,Bank Fees,
Governor,"MARX, VICTOR",Republican,1.03,10/13/25,Winred Technical Services Llc,Arlington,VA,22203,Bank Fees,
Governor,"MARX, VICTOR",Republican,2.05,10/13/25,Winred Technical Services Llc,Arlington,VA,22203,Bank Fees,
Governor,"MARX, VICTOR",Republican,2.05,10/13/25,Winred Technical Services Llc,Arlington,VA,22203,Bank Fees,
Governor,"MARX, VICTOR",Republican,1.03,10/13/25,Winred Technical Services Llc,Arlington,VA,22203,Bank Fees,
Governor,"MARX, VICTOR",Republican,4.1,10/13/25,Winred Technical Services Llc,Arlington,VA,22203,Bank Fees,
Governor,"MARX, VICTOR",Republican,1.03,10/13/25,Winred Technical Services Llc,Arlington,VA,22203,Bank Fees,
Governor,"MARX, VICTOR",Republican,2.05,10/13/25,Winred Technical Services Llc,Arlington,VA,22203,Bank Fees,
Governor,"MARX, VICTOR",Republican,2.05,10/13/25,Winred Technical Services Llc,Arlington,VA,22203,Bank Fees,
Governor,"MARX, VICTOR",Republican,20.51,10/13/25,Winred Technical Services Llc,Arlington,VA,22203,Bank Fees,
Governor,"MARX, VICTOR",Republican,4.1,10/13/25,Winred Technical Services Llc,Arlington,VA,22203,Bank Fees,
Governor,"MARX, VICTOR",Republican,1.97,10/13/25,Winred Technical Services Llc,Arlington,VA,22203,Bank Fees,
Governor,"MARX, VICTOR",Republican,1.03,10/13/25,Winred Technical Services Llc,Arlington,VA,22203,Bank Fees,
Governor,"MARX, VICTOR",Republican,1.03,10/13/25,Winred Technical Services Llc,Arlington,VA,22203,Bank Fees,
Governor,"MARX, VICTOR",Republican,1.03,10/13/25,Winred Technical Services Llc,Arlington,VA,22203,Bank Fees,
Governor,"MARX, VICTOR",Republican,1.03,10/13/25,Winred Technical Services Llc,Arlington,VA,22203,Bank Fees,
Governor,"MARX, VICTOR",Republican,7500,10/14/25,Optik Consulting Strategies,Miami,FL,33131,Consultant & Professional Services,Website Email Social Media Strategy Special Projects
Governor,"MARX, VICTOR",Republican,183.5,10/14/25,Godaddy,Tempe,AZ,85284,Other,Website Fees
Governor,"MARX, VICTOR",Republican,144.13,10/14/25,Godaddy,Tempe,AZ,85284,Other,Website Fees
Governor,"MARX, VICTOR",Republican,190.67,10/14/25,Godaddy,Tempe,AZ,85284,Other,Website Fees
Governor,"MARX, VICTOR",Republican,391.17,10/14/25,Godaddy,Tempe,AZ,85284,Other,Website Fees
Governor,"MARX, VICTOR",Republican,4.1,10/14/25,Winred Technical Services Llc,Arlington,VA,22203,Bank Fees,
Governor,"MARX, VICTOR",Republican,2.05,10/14/25,Winred Technical Services Llc,Arlington,VA,22203,Bank Fees,
Governor,"MARX, VICTOR",Republican,10.25,10/14/25,Winred Technical Services Llc,Arlington,VA,22203,Bank Fees,
Governor,"MARX, VICTOR",Republican,2.05,10/14/25,Winred Technical Services Llc,Arlington,VA,22203,Bank Fees,
Governor,"MARX, VICTOR",Republican,4.1,10/14/25,Winred Technical Services Llc,Arlington,VA,22203,Bank Fees,
Governor,"MARX, VICTOR",Republican,1.03,10/14/25,Winred Technical Services Llc,Arlington,VA,22203,Bank Fees,
Governor,"MARX, VICTOR",Republican,0.41,10/14/25,Winred Technical Services Llc,Arlington,VA,22203,Bank Fees,
Governor,"MARX, VICTOR",Republican,4.1,10/14/25,Winred Technical Services Llc,Arlington,VA,22203,Bank Fees,
Governor,"MARX, VICTOR",Republican,1.03,10/14/25,Winred Technical Services Llc,Arlington,VA,22203,Bank Fees,
Governor,"MARX, VICTOR",Republican,0.41,10/14/25,Winred Technical Services Llc,Arlington,VA,22203,Bank Fees,
Governor,"MARX, VICTOR",Republican,1.03,10/14/25,Winred Technical Services Llc,Arlington,VA,22203,Bank Fees,
Governor,"MARX, VICTOR",Republican,19.7,10/14/25,Winred Technical Services Llc,Arlington,VA,22203,Bank Fees,
Governor,"MARX, VICTOR",Republican,0.41,10/14/25,Winred Technical Services Llc,Arlington,VA,22203,Bank Fees,
Governor,"MARX, VICTOR",Republican,4.1,10/14/25,Winred Technical Services Llc,Arlington,VA,22203,Bank Fees,
Governor,"MARX, VICTOR",Republican,4.1,10/14/25,Winred Technical Services Llc,Arlington,VA,22203,Bank Fees,
Governor,"MARX, VICTOR",Republican,4.1,10/14/25,Winred Technical Services Llc,Arlington,VA,22203,Bank Fees,
Governor,"MARX, VICTOR",Republican,0.99,10/14/25,Winred Technical Services Llc,Arlington,VA,22203,Bank Fees,
Governor,"MARX, VICTOR",Republican,0.99,10/14/25,Winred Technical Services Llc,Arlington,VA,22203,Bank Fees,
Governor,"MARX, VICTOR",Republican,4.1,10/14/25,Winred Technical Services Llc,Arlington,VA,22203,Bank Fees,
Governor,"MARX, VICTOR",Republican,4.1,10/14/25,Winred Technical Services Llc,Arlington,VA,22203,Bank Fees,
Governor,"MARX, VICTOR",Republican,4.1,10/14/25,Winred Technical Services Llc,Arlington,VA,22203,Bank Fees,
Governor,"MARX, VICTOR",Republican,0.99,10/14/25,Winred Technical Services Llc,Arlington,VA,22203,Bank Fees,
Governor,"MARX, VICTOR",Republican,1.03,10/14/25,Winred Technical Services Llc,Arlington,VA,22203,Bank Fees,
Governor,"MARX, VICTOR",Republican,1.03,10/14/25,Winred Technical Services Llc,Arlington,VA,22203,Bank Fees,
Governor,"MARX, VICTOR",Republican,302.5,10/15/25,Dext.Com,Toronto,ON,,Other,Invoice Processing
Governor,"MARX, VICTOR",Republican,1.97,10/15/25,Winred Technical Services Llc,Arlington,VA,22203,Bank Fees,
Governor,"MARX, VICTOR",Republican,19.7,10/15/25,Winred Technical Services Llc,Arlington,VA,22203,Bank Fees,
Governor,"MARX, VICTOR",Republican,1.03,10/15/25,Winred Technical Services Llc,Arlington,VA,22203,Bank Fees,
Governor,"MARX, VICTOR",Republican,0.41,10/15/25,Winred Technical Services Llc,Arlington,VA,22203,Bank Fees,
Governor,"MARX, VICTOR",Republican,2.05,10/15/25,Winred Technical Services Llc,Arlington,VA,22203,Bank Fees,
Governor,"MARX, VICTOR",Republican,0.41,10/15/25,Winred Technical Services Llc,Arlington,VA,22203,Bank Fees,
Governor,"MARX, VICTOR",Republican,4.1,10/15/25,Winred Technical Services Llc,Arlington,VA,22203,Bank Fees,
Governor,"MARX, VICTOR",Republican,1.03,10/15/25,Winred Technical Services Llc,Arlington,VA,22203,Bank Fees,
Governor,"MARX, VICTOR",Republican,0.21,10/15/25,Winred Technical Services Llc,Arlington,VA,22203,Bank Fees,
Governor,"MARX, VICTOR",Republican,0.79,10/15/25,Winred Technical Services Llc,Arlington,VA,22203,Bank Fees,
Governor,"MARX, VICTOR",Republican,47.52,10/15/25,Winred Technical Services Llc,Arlington,VA,22203,Bank Fees,
Governor,"MARX, VICTOR",Republican,1.03,10/15/25,Winred Technical Services Llc,Arlington,VA,22203,Bank Fees,
Governor,"MARX, VICTOR",Republican,1.03,10/15/25,Winred Technical Services Llc,Arlington,VA,22203,Bank Fees,
Governor,"MARX, VICTOR",Republican,1.03,10/15/25,Winred Technical Services Llc,Arlington,VA,22203,Bank Fees,
Governor,"MARX, VICTOR",Republican,1.03,10/15/25,Winred Technical Services Llc,Arlington,VA,22203,Bank Fees,
Governor,"MARX, VICTOR",Republican,19.7,10/15/25,Winred Technical Services Llc,Arlington,VA,22203,Bank Fees,
Governor,"MARX, VICTOR",Republican,4.1,10/15/25,Winred Technical Services Llc,Arlington,VA,22203,Bank Fees,
Governor,"MARX, VICTOR",Republican,2.05,10/15/25,Winred Technical Services Llc,Arlington,VA,22203,Bank Fees,
Governor,"MARX, VICTOR",Republican,3.94,10/15/25,Winred Technical Services Llc,Arlington,VA,22203,Bank Fees,
Governor,"MARX, VICTOR",Republican,41.02,10/15/25,Winred Technical Services Llc,Arlington,VA,22203,Bank Fees,
Governor,"MARX, VICTOR",Republican,2.05,10/15/25,Winred Technical Services Llc,Arlington,VA,22203,Bank Fees,
Governor,"MARX, VICTOR",Republican,2.05,10/15/25,Winred Technical Services Llc,Arlington,VA,22203,Bank Fees,
Governor,"MARX, VICTOR",Republican,0.99,10/15/25,Winred Technical Services Llc,Arlington,VA,22203,Bank Fees,
Governor,"MARX, VICTOR",Republican,2.05,10/15/25,Winred Technical Services Llc,Arlington,VA,22203,Bank Fees,
Governor,"MARX, VICTOR",Republican,1.03,10/15/25,Winred Technical Services Llc,Arlington,VA,22203,Bank Fees,
Governor,"MARX, VICTOR",Republican,4.1,10/15/25,Winred Technical Services Llc,Arlington,VA,22203,Bank Fees,
Governor,"MARX, VICTOR",Republican,0.2,10/15/25,Winred Technical Services Llc,Arlington,VA,22203,Bank Fees,
Governor,"MARX, VICTOR",Republican,4.1,10/15/25,Winred Technical Services Llc,Arlington,VA,22203,Bank Fees,
Governor,"MARX, VICTOR",Republican,1.03,10/15/25,Winred Technical Services Llc,Arlington,VA,22203,Bank Fees,
Governor,"MARX, VICTOR",Republican,4.1,10/15/25,Winred Technical Services Llc,Arlington,VA,22203,Bank Fees,
Governor,"MARX, VICTOR",Republican,57.13,10/15/25,Winred Technical Services Llc,Arlington,VA,22203,Bank Fees,
Governor,"MARX, VICTOR",Republican,1.03,10/15/25,Winred Technical Services Llc,Arlington,VA,22203,Bank Fees,
Governor,"MARX, VICTOR",Republican,2.05,10/15/25,Winred Technical Services Llc,Arlington,VA,22203,Bank Fees,
Governor,"MARX, VICTOR",Republican,4.1,10/15/25,Winred Technical Services Llc,Arlington,VA,22203,Bank Fees,
Governor,"MARX, VICTOR",Republican,2.05,10/15/25,Winred Technical Services Llc,Arlington,VA,22203,Bank Fees,
Governor,"MARX, VICTOR",Republican,10.25,10/15/25,Winred Technical Services Llc,Arlington,VA,22203,Bank Fees,
Governor,"MARX, VICTOR",Republican,1.03,10/15/25,Winred Technical Services Llc,Arlington,VA,22203,Bank Fees,
Governor,"MARX, VICTOR",Republican,0.62,10/15/25,Winred Technical Services Llc,Arlington,VA,22203,Bank Fees,
Governor,"MARX, VICTOR",Republican,2.05,10/15/25,Winred Technical Services Llc,Arlington,VA,22203,Bank Fees,
Governor,"MARX, VICTOR",Republican,57.13,10/15/25,Winred Technical Services Llc,Arlington,VA,22203,Bank Fees,
Governor,"MARX, VICTOR",Republican,2.05,10/15/25,Winred Technical Services Llc,Arlington,VA,22203,Bank Fees,
Governor,"MARX, VICTOR",Republican,2.05,10/15/25,Winred Technical Services Llc,Arlington,VA,22203,Bank Fees,
Governor,"MARX, VICTOR",Republican,1.03,10/15/25,Winred Technical Services Llc,Arlington,VA,22203,Bank Fees,
Governor,"MARX, VICTOR",Republican,1.03,10/15/25,Winred Technical Services Llc,Arlington,VA,22203,Bank Fees,
Governor,"MARX, VICTOR",Republican,4.1,10/15/25,Winred Technical Services Llc,Arlington,VA,22203,Bank Fees,
Governor,"MARX, VICTOR",Republican,0.2,10/15/25,Winred Technical Services Llc,Arlington,VA,22203,Bank Fees,
Governor,"MARX, VICTOR",Republican,0.99,10/15/25,Winred Technical Services Llc,Arlington,VA,22203,Bank Fees,
Governor,"MARX, VICTOR",Republican,1.97,10/15/25,Winred Technical Services Llc,Arlington,VA,22203,Bank Fees,
Governor,"MARX, VICTOR",Republican,4.1,10/15/25,Winred Technical Services Llc,Arlington,VA,22203,Bank Fees,
Governor,"MARX, VICTOR",Republican,0.82,10/15/25,Winred Technical Services Llc,Arlington,VA,22203,Bank Fees,
Governor,"MARX, VICTOR",Republican,1.03,10/15/25,Winred Technical Services Llc,Arlington,VA,22203,Bank Fees,
Governor,"MARX, VICTOR",Republican,4.1,10/15/25,Winred Technical Services Llc,Arlington,VA,22203,Bank Fees,
Governor,"MARX, VICTOR",Republican,2.05,10/15/25,Winred Technical Services Llc,Arlington,VA,22203,Bank Fees,
Governor,"MARX, VICTOR",Republican,3.94,10/15/25,Winred Technical Services Llc,Arlington,VA,22203,Bank Fees,
Governor,"MARX, VICTOR",Republican,1.03,10/15/25,Winred Technical Services Llc,Arlington,VA,22203,Bank Fees,
Governor,"MARX, VICTOR",Republican,1.03,10/15/25,Winred Technical Services Llc,Arlington,VA,22203,Bank Fees,
Governor,"MARX, VICTOR",Republican,1.03,10/15/25,Winred Technical Services Llc,Arlington,VA,22203,Bank Fees,
Governor,"MARX, VICTOR",Republican,4.1,10/15/25,Winred Technical Services Llc,Arlington,VA,22203,Bank Fees,
Governor,"MARX, VICTOR",Republican,1.03,10/15/25,Winred Technical Services Llc,Arlington,VA,22203,Bank Fees,
Governor,"MARX, VICTOR",Republican,2.05,10/15/25,Winred Technical Services Llc,Arlington,VA,22203,Bank Fees,
Governor,"MARX, VICTOR",Republican,4.1,10/15/25,Winred Technical Services Llc,Arlington,VA,22203,Bank Fees,
Governor,"MARX, VICTOR",Republican,1.03,10/15/25,Winred Technical Services Llc,Arlington,VA,22203,Bank Fees,
Governor,"MARX, VICTOR",Republican,1.03,10/15/25,Winred Technical Services Llc,Arlington,VA,22203,Bank Fees,
Governor,"MARX, VICTOR",Republican,2.05,10/15/25,Winred Technical Services Llc,Arlington,VA,22203,Bank Fees,
Governor,"MARX, VICTOR",Republican,1.03,10/15/25,Winred Technical Services Llc,Arlington,VA,22203,Bank Fees,
Governor,"MARX, VICTOR",Republican,2.05,10/15/25,Winred Technical Services Llc,Arlington,VA,22203,Bank Fees,
Governor,"MARX, VICTOR",Republican,1.03,10/15/25,Winred Technical Services Llc,Arlington,VA,22203,Bank Fees,
Governor,"MARX, VICTOR",Republican,1.03,10/15/25,Winred Technical Services Llc,Arlington,VA,22203,Bank Fees,
Governor,"MARX, VICTOR",Republican,2.05,10/15/25,Winred Technical Services Llc,Arlington,VA,22203,Bank Fees,
Governor,"MARX, VICTOR",Republican,0.99,10/15/25,Winred Technical Services Llc,Arlington,VA,22203,Bank Fees,
Governor,"MARX, VICTOR",Republican,2.05,10/15/25,Winred Technical Services Llc,Arlington,VA,22203,Bank Fees,
Governor,"MARX, VICTOR",Republican,0.29,10/15/25,Winred Technical Services Llc,Arlington,VA,22203,Bank Fees,
Governor,"MARX, VICTOR",Republican,10.25,10/15/25,Winred Technical Services Llc,Arlington,VA,22203,Bank Fees,
Governor,"MARX, VICTOR",Republican,1.97,10/15/25,Winred Technical Services Llc,Arlington,VA,22203,Bank Fees,
Governor,"MARX, VICTOR",Republican,1.03,10/15/25,Winred Technical Services Llc,Arlington,VA,22203,Bank Fees,
Governor,"MARX, VICTOR",Republican,4.1,10/15/25,Winred Technical Services Llc,Arlington,VA,22203,Bank Fees,
Governor,"MARX, VICTOR",Republican,1.03,10/15/25,Winred Technical Services Llc,Arlington,VA,22203,Bank Fees,
Governor,"MARX, VICTOR",Republican,4.1,10/15/25,Winred Technical Services Llc,Arlington,VA,22203,Bank Fees,
Governor,"MARX, VICTOR",Republican,2.05,10/15/25,Winred Technical Services Llc,Arlington,VA,22203,Bank Fees,
Governor,"MARX, VICTOR",Republican,2.05,10/15/25,Winred Technical Services Llc,Arlington,VA,22203,Bank Fees,
Governor,"MARX, VICTOR",Republican,2.05,10/15/25,Winred Technical Services Llc,Arlington,VA,22203,Bank Fees,
Governor,"MARX, VICTOR",Republican,1.03,10/15/25,Winred Technical Services Llc,Arlington,VA,22203,Bank Fees,
Governor,"MARX, VICTOR",Republican,1.03,10/15/25,Winred Technical Services Llc,Arlington,VA,22203,Bank Fees,
Governor,"MARX, VICTOR",Republican,0.16,10/15/25,Winred Technical Services Llc,Arlington,VA,22203,Bank Fees,
Governor,"MARX, VICTOR",Republican,2.05,10/15/25,Winred Technical Services Llc,Arlington,VA,22203,Bank Fees,
Governor,"MARX, VICTOR",Republican,2.05,10/15/25,Winred Technical Services Llc,Arlington,VA,22203,Bank Fees,
Governor,"MARX, VICTOR",Republican,1.03,10/15/25,Winred Technical Services Llc,Arlington,VA,22203,Bank Fees,
Governor,"MARX, VICTOR",Republican,1.03,10/15/25,Winred Technical Services Llc,Arlington,VA,22203,Bank Fees,
Governor,"MARX, VICTOR",Republican,4.1,10/15/25,Winred Technical Services Llc,Arlington,VA,22203,Bank Fees,
Governor,"MARX, VICTOR",Republican,0.41,10/15/25,Winred Technical Services Llc,Arlington,VA,22203,Bank Fees,
Governor,"MARX, VICTOR",Republican,20.51,10/15/25,Winred Technical Services Llc,Arlington,VA,22203,Bank Fees,
Governor,"MARX, VICTOR",Republican,4.1,10/15/25,Winred Technical Services Llc,Arlington,VA,22203,Bank Fees,
Governor,"MARX, VICTOR",Republican,0.39,10/15/25,Winred Technical Services Llc,Arlington,VA,22203,Bank Fees,
Governor,"MARX, VICTOR",Republican,1.03,10/15/25,Winred Technical Services Llc,Arlington,VA,22203,Bank Fees,
Governor,"MARX, VICTOR",Republican,4.1,10/15/25,Winred Technical Services Llc,Arlington,VA,22203,Bank Fees,
Governor,"MARX, VICTOR",Republican,57.13,10/15/25,Winred Technical Services Llc,Arlington,VA,22203,Bank Fees,
Governor,"MARX, VICTOR",Republican,2.05,10/15/25,Winred Technical Services Llc,Arlington,VA,22203,Bank Fees,
Governor,"MARX, VICTOR",Republican,1.03,10/15/25,Winred Technical Services Llc,Arlington,VA,22203,Bank Fees,
Governor,"MARX, VICTOR",Republican,4.1,10/15/25,Winred Technical Services Llc,Arlington,VA,22203,Bank Fees,
Governor,"MARX, VICTOR",Republican,1.03,10/15/25,Winred Technical Services Llc,Arlington,VA,22203,Bank Fees,
Governor,"MARX, VICTOR",Republican,1.03,10/15/25,Winred Technical Services Llc,Arlington,VA,22203,Bank Fees,
Governor,"MARX, VICTOR",Republican,1.03,10/15/25,Winred Technical Services Llc,Arlington,VA,22203,Bank Fees,
Governor,"MARX, VICTOR",Republican,4.1,10/15/25,Winred Technical Services Llc,Arlington,VA,22203,Bank Fees,
Governor,"MARX, VICTOR",Republican,3.94,10/15/25,Winred Technical Services Llc,Arlington,VA,22203,Bank Fees,
Governor,"MARX, VICTOR",Republican,1.03,10/15/25,Winred Technical Services Llc,Arlington,VA,22203,Bank Fees,
Governor,"MARX, VICTOR",Republican,2.05,10/15/25,Winred Technical Services Llc,Arlington,VA,22203,Bank Fees,
Governor,"MARX, VICTOR",Republican,2.05,10/15/25,Winred Technical Services Llc,Arlington,VA,22203,Bank Fees,
Governor,"MARX, VICTOR",Republican,4.1,10/15/25,Winred Technical Services Llc,Arlington,VA,22203,Bank Fees,
Governor,"MARX, VICTOR",Republican,2.05,10/15/25,Winred Technical Services Llc,Arlington,VA,22203,Bank Fees,
Governor,"MARX, VICTOR",Republican,1.03,10/15/25,Winred Technical Services Llc,Arlington,VA,22203,Bank Fees,
Governor,"MARX, VICTOR",Republican,1.03,10/15/25,Winred Technical Services Llc,Arlington,VA,22203,Bank Fees,
Governor,"MARX, VICTOR",Republican,1.03,10/15/25,Winred Technical Services Llc,Arlington,VA,22203,Bank Fees,
Governor,"MARX, VICTOR",Republican,1.03,10/15/25,Winred Technical Services Llc,Arlington,VA,22203,Bank Fees,
Governor,"MARX, VICTOR",Republican,0.41,10/15/25,Winred Technical Services Llc,Arlington,VA,22203,Bank Fees,
Governor,"MARX, VICTOR",Republican,4.1,10/15/25,Winred Technical Services Llc,Arlington,VA,22203,Bank Fees,
Governor,"MARX, VICTOR",Republican,2.05,10/15/25,Winred Technical Services Llc,Arlington,VA,22203,Bank Fees,
Governor,"MARX, VICTOR",Republican,0.41,10/15/25,Winred Technical Services Llc,Arlington,VA,22203,Bank Fees,
Governor,"MARX, VICTOR",Republican,4.1,10/15/25,Winred Technical Services Llc,Arlington,VA,22203,Bank Fees,
Governor,"MARX, VICTOR",Republican,0.99,10/15/25,Winred Technical Services Llc,Arlington,VA,22203,Bank Fees,
Governor,"MARX, VICTOR",Republican,1.03,10/15/25,Winred Technical Services Llc,Arlington,VA,22203,Bank Fees,
Governor,"MARX, VICTOR",Republican,4.1,10/15/25,Winred Technical Services Llc,Arlington,VA,22203,Bank Fees,
Governor,"MARX, VICTOR",Republican,1.03,10/15/25,Winred Technical Services Llc,Arlington,VA,22203,Bank Fees,
Governor,"MARX, VICTOR",Republican,1.03,10/15/25,Winred Technical Services Llc,Arlington,VA,22203,Bank Fees,
Governor,"MARX, VICTOR",Republican,4.1,10/15/25,Winred Technical Services Llc,Arlington,VA,22203,Bank Fees,
Governor,"MARX, VICTOR",Republican,0.39,10/16/25,Winred Technical Services Llc,Arlington,VA,22203,Bank Fees,
Governor,"MARX, VICTOR",Republican,1.03,10/16/25,Winred Technical Services Llc,Arlington,VA,22203,Bank Fees,
Governor,"MARX, VICTOR",Republican,0.41,10/16/25,Winred Technical Services Llc,Arlington,VA,22203,Bank Fees,
Governor,"MARX, VICTOR",Republican,1.03,10/16/25,Winred Technical Services Llc,Arlington,VA,22203,Bank Fees,
Governor,"MARX, VICTOR",Republican,3.94,10/16/25,Winred Technical Services Llc,Arlington,VA,22203,Bank Fees,
Governor,"MARX, VICTOR",Republican,2.05,10/16/25,Winred Technical Services Llc,Arlington,VA,22203,Bank Fees,
Governor,"MARX, VICTOR",Republican,4.1,10/16/25,Winred Technical Services Llc,Arlington,VA,22203,Bank Fees,
Governor,"MARX, VICTOR",Republican,4.1,10/16/25,Winred Technical Services Llc,Arlington,VA,22203,Bank Fees,
Governor,"MARX, VICTOR",Republican,1.03,10/16/25,Winred Technical Services Llc,Arlington,VA,22203,Bank Fees,
Governor,"MARX, VICTOR",Republican,4.1,10/16/25,Winred Technical Services Llc,Arlington,VA,22203,Bank Fees,
Governor,"MARX, VICTOR",Republican,4.1,10/16/25,Winred Technical Services Llc,Arlington,VA,22203,Bank Fees,
Governor,"MARX, VICTOR",Republican,4.1,10/16/25,Winred Technical Services Llc,Arlington,VA,22203,Bank Fees,
Governor,"MARX, VICTOR",Republican,7.88,10/16/25,Winred Technical Services Llc,Arlington,VA,22203,Bank Fees,
Governor,"MARX, VICTOR",Republican,1.03,10/16/25,Winred Technical Services Llc,Arlington,VA,22203,Bank Fees,
Governor,"MARX, VICTOR",Republican,1.03,10/16/25,Winred Technical Services Llc,Arlington,VA,22203,Bank Fees,
Governor,"MARX, VICTOR",Republican,1.03,10/16/25,Winred Technical Services Llc,Arlington,VA,22203,Bank Fees,
Governor,"MARX, VICTOR",Republican,1.03,10/16/25,Winred Technical Services Llc,Arlington,VA,22203,Bank Fees,
Governor,"MARX, VICTOR",Republican,4.1,10/16/25,Winred Technical Services Llc,Arlington,VA,22203,Bank Fees,
Governor,"MARX, VICTOR",Republican,5.91,10/16/25,Winred Technical Services Llc,Arlington,VA,22203,Bank Fees,
Governor,"MARX, VICTOR",Republican,1.03,10/16/25,Winred Technical Services Llc,Arlington,VA,22203,Bank Fees,
Governor,"MARX, VICTOR",Republican,4.1,10/16/25,Winred Technical Services Llc,Arlington,VA,22203,Bank Fees,
Governor,"MARX, VICTOR",Republican,20.51,10/16/25,Winred Technical Services Llc,Arlington,VA,22203,Bank Fees,
Governor,"MARX, VICTOR",Republican,2.05,10/16/25,Winred Technical Services Llc,Arlington,VA,22203,Bank Fees,
Governor,"MARX, VICTOR",Republican,1.03,10/16/25,Winred Technical Services Llc,Arlington,VA,22203,Bank Fees,
Governor,"MARX, VICTOR",Republican,1.03,10/16/25,Winred Technical Services Llc,Arlington,VA,22203,Bank Fees,
Governor,"MARX, VICTOR",Republican,4.1,10/16/25,Winred Technical Services Llc,Arlington,VA,22203,Bank Fees,
Governor,"MARX, VICTOR",Republican,1.03,10/16/25,Winred Technical Services Llc,Arlington,VA,22203,Bank Fees,
Governor,"MARX, VICTOR",Republican,4.1,10/16/25,Winred Technical Services Llc,Arlington,VA,22203,Bank Fees,
Governor,"MARX, VICTOR",Republican,1.03,10/16/25,Winred Technical Services Llc,Arlington,VA,22203,Bank Fees,
Governor,"MARX, VICTOR",Republican,1.97,10/16/25,Winred Technical Services Llc,Arlington,VA,22203,Bank Fees,
Governor,"MARX, VICTOR",Republican,1.03,10/16/25,Winred Technical Services Llc,Arlington,VA,22203,Bank Fees,
Governor,"MARX, VICTOR",Republican,4.1,10/16/25,Winred Technical Services Llc,Arlington,VA,22203,Bank Fees,
Governor,"MARX, VICTOR",Republican,0.79,10/16/25,Winred Technical Services Llc,Arlington,VA,22203,Bank Fees,
Governor,"MARX, VICTOR",Republican,4.1,10/16/25,Winred Technical Services Llc,Arlington,VA,22203,Bank Fees,
Governor,"MARX, VICTOR",Republican,1.03,10/16/25,Winred Technical Services Llc,Arlington,VA,22203,Bank Fees,
Governor,"MARX, VICTOR",Republican,1.03,10/16/25,Winred Technical Services Llc,Arlington,VA,22203,Bank Fees,
Governor,"MARX, VICTOR",Republican,4.1,10/16/25,Winred Technical Services Llc,Arlington,VA,22203,Bank Fees,
Governor,"MARX, VICTOR",Republican,39.4,10/16/25,Winred Technical Services Llc,Arlington,VA,22203,Bank Fees,
Governor,"MARX, VICTOR",Republican,1.03,10/16/25,Winred Technical Services Llc,Arlington,VA,22203,Bank Fees,
Governor,"MARX, VICTOR",Republican,20.51,10/16/25,Winred Technical Services Llc,Arlington,VA,22203,Bank Fees,
Governor,"MARX, VICTOR",Republican,3.94,10/16/25,Winred Technical Services Llc,Arlington,VA,22203,Bank Fees,
Governor,"MARX, VICTOR",Republican,2.05,10/16/25,Winred Technical Services Llc,Arlington,VA,22203,Bank Fees,
Governor,"MARX, VICTOR",Republican,4.1,10/16/25,Winred Technical Services Llc,Arlington,VA,22203,Bank Fees,
Governor,"MARX, VICTOR",Republican,2.05,10/16/25,Winred Technical Services Llc,Arlington,VA,22203,Bank Fees,
Governor,"MARX, VICTOR",Republican,1.03,10/16/25,Winred Technical Services Llc,Arlington,VA,22203,Bank Fees,
Governor,"MARX, VICTOR",Republican,20.51,10/16/25,Winred Technical Services Llc,Arlington,VA,22203,Bank Fees,
Governor,"MARX, VICTOR",Republican,1.03,10/16/25,Winred Technical Services Llc,Arlington,VA,22203,Bank Fees,
Governor,"MARX, VICTOR",Republican,1.03,10/16/25,Winred Technical Services Llc,Arlington,VA,22203,Bank Fees,
Governor,"MARX, VICTOR",Republican,1.03,10/16/25,Winred Technical Services Llc,Arlington,VA,22203,Bank Fees,
Governor,"MARX, VICTOR",Republican,0.41,10/16/25,Winred Technical Services Llc,Arlington,VA,22203,Bank Fees,
Governor,"MARX, VICTOR",Republican,2.05,10/16/25,Winred Technical Services Llc,Arlington,VA,22203,Bank Fees,
Governor,"MARX, VICTOR",Republican,12500,10/17/25,Campaign Catalyst,Pueblo West,CO,81007,Consultant & Professional Services,"Nucleus, Field Consulting, Grid"
Governor,"MARX, VICTOR",Republican,3318.7,10/17/25,Hudson Printing,Carlsbad,CA,92010,Other,Flyers
Governor,"MARX, VICTOR",Republican,4.1,10/17/25,Winred Technical Services Llc,Arlington,VA,22203,Bank Fees,
Governor,"MARX, VICTOR",Republican,3.94,10/17/25,Winred Technical Services Llc,Arlington,VA,22203,Bank Fees,
Governor,"MARX, VICTOR",Republican,4.1,10/17/25,Winred Technical Services Llc,Arlington,VA,22203,Bank Fees,
Governor,"MARX, VICTOR",Republican,1.03,10/17/25,Winred Technical Services Llc,Arlington,VA,22203,Bank Fees,
Governor,"MARX, VICTOR",Republican,1.97,10/17/25,Winred Technical Services Llc,Arlington,VA,22203,Bank Fees,
Governor,"MARX, VICTOR",Republican,1.03,10/17/25,Winred Technical Services Llc,Arlington,VA,22203,Bank Fees,
Governor,"MARX, VICTOR",Republican,2.05,10/17/25,Winred Technical Services Llc,Arlington,VA,22203,Bank Fees,
Governor,"MARX, VICTOR",Republican,4.1,10/17/25,Winred Technical Services Llc,Arlington,VA,22203,Bank Fees,
Governor,"MARX, VICTOR",Republican,1.03,10/17/25,Winred Technical Services Llc,Arlington,VA,22203,Bank Fees,
Governor,"MARX, VICTOR",Republican,2.05,10/17/25,Winred Technical Services Llc,Arlington,VA,22203,Bank Fees,
Governor,"MARX, VICTOR",Republican,2.05,10/17/25,Winred Technical Services Llc,Arlington,VA,22203,Bank Fees,
Governor,"MARX, VICTOR",Republican,2.05,10/17/25,Winred Technical Services Llc,Arlington,VA,22203,Bank Fees,
Governor,"MARX, VICTOR",Republican,2.05,10/17/25,Winred Technical Services Llc,Arlington,VA,22203,Bank Fees,
Governor,"MARX, VICTOR",Republican,2.05,10/17/25,Winred Technical Services Llc,Arlington,VA,22203,Bank Fees,
Governor,"MARX, VICTOR",Republican,2.05,10/17/25,Winred Technical Services Llc,Arlington,VA,22203,Bank Fees,
Governor,"MARX, VICTOR",Republican,4.1,10/17/25,Winred Technical Services Llc,Arlington,VA,22203,Bank Fees,
Governor,"MARX, VICTOR",Republican,0.99,10/17/25,Winred Technical Services Llc,Arlington,VA,22203,Bank Fees,
Governor,"MARX, VICTOR",Republican,30.76,10/17/25,Winred Technical Services Llc,Arlington,VA,22203,Bank Fees,
Governor,"MARX, VICTOR",Republican,2.05,10/17/25,Winred Technical Services Llc,Arlington,VA,22203,Bank Fees,
Governor,"MARX, VICTOR",Republican,2.05,10/17/25,Winred Technical Services Llc,Arlington,VA,22203,Bank Fees,
Governor,"MARX, VICTOR",Republican,1.03,10/17/25,Winred Technical Services Llc,Arlington,VA,22203,Bank Fees,
Governor,"MARX, VICTOR",Republican,4.1,10/17/25,Winred Technical Services Llc,Arlington,VA,22203,Bank Fees,
Governor,"MARX, VICTOR",Republican,19.7,10/17/25,Winred Technical Services Llc,Arlington,VA,22203,Bank Fees,
Governor,"MARX, VICTOR",Republican,4.1,10/17/25,Winred Technical Services Llc,Arlington,VA,22203,Bank Fees,
Governor,"MARX, VICTOR",Republican,10.25,10/17/25,Winred Technical Services Llc,Arlington,VA,22203,Bank Fees,
Governor,"MARX, VICTOR",Republican,1.03,10/17/25,Winred Technical Services Llc,Arlington,VA,22203,Bank Fees,
Governor,"MARX, VICTOR",Republican,2.05,10/17/25,Winred Technical Services Llc,Arlington,VA,22203,Bank Fees,
Governor,"MARX, VICTOR",Republican,4.1,10/17/25,Winred Technical Services Llc,Arlington,VA,22203,Bank Fees,
Governor,"MARX, VICTOR",Republican,39.4,10/17/25,Winred Technical Services Llc,Arlington,VA,22203,Bank Fees,
Governor,"MARX, VICTOR",Republican,4.1,10/18/25,Winred Technical Services Llc,Arlington,VA,22203,Bank Fees,
Governor,"MARX, VICTOR",Republican,1.03,10/18/25,Winred Technical Services Llc,Arlington,VA,22203,Bank Fees,
Governor,"MARX, VICTOR",Republican,0.41,10/18/25,Winred Technical Services Llc,Arlington,VA,22203,Bank Fees,
Governor,"MARX, VICTOR",Republican,20.51,10/18/25,Winred Technical Services Llc,Arlington,VA,22203,Bank Fees,
Governor,"MARX, VICTOR",Republican,1.03,10/18/25,Winred Technical Services Llc,Arlington,VA,22203,Bank Fees,
Governor,"MARX, VICTOR",Republican,4.1,10/18/25,Winred Technical Services Llc,Arlington,VA,22203,Bank Fees,
Governor,"MARX, VICTOR",Republican,10.25,10/18/25,Winred Technical Services Llc,Arlington,VA,22203,Bank Fees,
Governor,"MARX, VICTOR",Republican,57.13,10/18/25,Winred Technical Services Llc,Arlington,VA,22203,Bank Fees,
Governor,"MARX, VICTOR",Republican,1.03,10/18/25,Winred Technical Services Llc,Arlington,VA,22203,Bank Fees,
Governor,"MARX, VICTOR",Republican,4.1,10/18/25,Winred Technical Services Llc,Arlington,VA,22203,Bank Fees,
Governor,"MARX, VICTOR",Republican,4.1,10/18/25,Winred Technical Services Llc,Arlington,VA,22203,Bank Fees,
Governor,"MARX, VICTOR",Republican,4.1,10/18/25,Winred Technical Services Llc,Arlington,VA,22203,Bank Fees,
Governor,"MARX, VICTOR",Republican,74.48,10/18/25,Winred Technical Services Llc,Arlington,VA,22203,Other,Merchandise Shipping And Fees
Governor,"MARX, VICTOR",Republican,2.05,10/18/25,Winred Technical Services Llc,Arlington,VA,22203,Bank Fees,
Governor,"MARX, VICTOR",Republican,2.05,10/18/25,Winred Technical Services Llc,Arlington,VA,22203,Bank Fees,
Governor,"MARX, VICTOR",Republican,2.05,10/18/25,Winred Technical Services Llc,Arlington,VA,22203,Bank Fees,
Governor,"MARX, VICTOR",Republican,2.05,10/18/25,Winred Technical Services Llc,Arlington,VA,22203,Bank Fees,
Governor,"MARX, VICTOR",Republican,102.93,10/18/25,Winred Technical Services Llc,Arlington,VA,22203,Other,Merchandise Shipping And Fees
Governor,"MARX, VICTOR",Republican,0.41,10/18/25,Winred Technical Services Llc,Arlington,VA,22203,Bank Fees,
Governor,"MARX, VICTOR",Republican,4.1,10/18/25,Winred Technical Services Llc,Arlington,VA,22203,Bank Fees,
Governor,"MARX, VICTOR",Republican,7.88,10/18/25,Winred Technical Services Llc,Arlington,VA,22203,Bank Fees,
Governor,"MARX, VICTOR",Republican,0.99,10/18/25,Winred Technical Services Llc,Arlington,VA,22203,Bank Fees,
Governor,"MARX, VICTOR",Republican,10.25,10/18/25,Winred Technical Services Llc,Arlington,VA,22203,Bank Fees,
Governor,"MARX, VICTOR",Republican,56.44,10/18/25,Winred Technical Services Llc,Arlington,VA,22203,Other,Merchandise Shipping And Fees
Governor,"MARX, VICTOR",Republican,1.03,10/18/25,Winred Technical Services Llc,Arlington,VA,22203,Bank Fees,
Governor,"MARX, VICTOR",Republican,61.52,10/19/25,Winred Technical Services Llc,Arlington,VA,22203,Other,Merchandise Shipping And Fees
Governor,"MARX, VICTOR",Republican,57.13,10/19/25,Winred Technical Services Llc,Arlington,VA,22203,Bank Fees,
Governor,"MARX, VICTOR",Republican,20.51,10/19/25,Winred Technical Services Llc,Arlington,VA,22203,Bank Fees,
Governor,"MARX, VICTOR",Republican,48.8,10/19/25,Winred Technical Services Llc,Arlington,VA,22203,Other,Merchandise Shipping And Fees
Governor,"MARX, VICTOR",Republican,0.21,10/19/25,Winred Technical Services Llc,Arlington,VA,22203,Bank Fees,
Governor,"MARX, VICTOR",Republican,1.03,10/19/25,Winred Technical Services Llc,Arlington,VA,22203,Bank Fees,
Governor,"MARX, VICTOR",Republican,1.03,10/19/25,Winred Technical Services Llc,Arlington,VA,22203,Bank Fees,
Governor,"MARX, VICTOR",Republican,58.52,10/19/25,Winred Technical Services Llc,Arlington,VA,22203,Other,Merchandise Shipping And Fees
Governor,"MARX, VICTOR",Republican,1.03,10/19/25,Winred Technical Services Llc,Arlington,VA,22203,Bank Fees,
Governor,"MARX, VICTOR",Republican,2.05,10/19/25,Winred Technical Services Llc,Arlington,VA,22203,Bank Fees,
Governor,"MARX, VICTOR",Republican,1.03,10/19/25,Winred Technical Services Llc,Arlington,VA,22203,Bank Fees,
Governor,"MARX, VICTOR",Republican,4.1,10/19/25,Winred Technical Services Llc,Arlington,VA,22203,Bank Fees,
Governor,"MARX, VICTOR",Republican,48.88,10/19/25,Winred Technical Services Llc,Arlington,VA,22203,Other,Merchandise Shipping And Fees
Governor,"MARX, VICTOR",Republican,51.61,10/19/25,Winred Technical Services Llc,Arlington,VA,22203,Other,Merchandise Shipping And Fees
Governor,"MARX, VICTOR",Republican,57.13,10/19/25,Winred Technical Services Llc,Arlington,VA,22203,Bank Fees,
Governor,"MARX, VICTOR",Republican,57.13,10/19/25,Winred Technical Services Llc,Arlington,VA,22203,Bank Fees,
Governor,"MARX, VICTOR",Republican,2.05,10/19/25,Winred Technical Services Llc,Arlington,VA,22203,Bank Fees,
Governor,"MARX, VICTOR",Republican,48.68,10/19/25,Winred Technical Services Llc,Arlington,VA,22203,Other,Merchandise Shipping And Fees
Governor,"MARX, VICTOR",Republican,2.05,10/19/25,Winred Technical Services Llc,Arlington,VA,22203,Bank Fees,
Governor,"MARX, VICTOR",Republican,4.1,10/19/25,Winred Technical Services Llc,Arlington,VA,22203,Bank Fees,
Governor,"MARX, VICTOR",Republican,45.25,10/19/25,Winred Technical Services Llc,Arlington,VA,22203,Other,Merchandise Shipping And Fees
Governor,"MARX, VICTOR",Republican,0.99,10/19/25,Winred Technical Services Llc,Arlington,VA,22203,Bank Fees,
Governor,"MARX, VICTOR",Republican,2.05,10/19/25,Winred Technical Services Llc,Arlington,VA,22203,Bank Fees,
Governor,"MARX, VICTOR",Republican,2.05,10/19/25,Winred Technical Services Llc,Arlington,VA,22203,Bank Fees,
Governor,"MARX, VICTOR",Republican,0.41,10/19/25,Winred Technical Services Llc,Arlington,VA,22203,Bank Fees,
Governor,"MARX, VICTOR",Republican,75.83,10/19/25,Winred Technical Services Llc,Arlington,VA,22203,Other,Merchandise Shipping And Fees
Governor,"MARX, VICTOR",Republican,1.03,10/19/25,Winred Technical Services Llc,Arlington,VA,22203,Bank Fees,
Governor,"MARX, VICTOR",Republican,2.05,10/19/25,Winred Technical Services Llc,Arlington,VA,22203,Bank Fees,
Governor,"MARX, VICTOR",Republican,2.05,10/19/25,Winred Technical Services Llc,Arlington,VA,22203,Bank Fees,
Governor,"MARX, VICTOR",Republican,489,10/20/25,United States Postal Service,Florence,CO,81226,Other,Po Box
Governor,"MARX, VICTOR",Republican,57.13,10/20/25,Winred Technical Services Llc,Arlington,VA,22203,Bank Fees,
Governor,"MARX, VICTOR",Republican,2.05,10/20/25,Winred Technical Services Llc,Arlington,VA,22203,Bank Fees,
Governor,"MARX, VICTOR",Republican,218.13,10/20/25,Winred Technical Services Llc,Arlington,VA,22203,Other,Merchandise Shipping And Fees
Governor,"MARX, VICTOR",Republican,2.05,10/20/25,Winred Technical Services Llc,Arlington,VA,22203,Bank Fees,
Governor,"MARX, VICTOR",Republican,2.05,10/20/25,Winred Technical Services Llc,Arlington,VA,22203,Bank Fees,
Governor,"MARX, VICTOR",Republican,56.44,10/20/25,Winred Technical Services Llc,Arlington,VA,22203,Other,Merchandise Shipping And Fees
Governor,"MARX, VICTOR",Republican,51.61,10/20/25,Winred Technical Services Llc,Arlington,VA,22203,Other,Merchandise Shipping And Fees
Governor,"MARX, VICTOR",Republican,113.87,10/20/25,Winred Technical Services Llc,Arlington,VA,22203,Other,Merchandise Shipping And Fees
Governor,"MARX, VICTOR",Republican,2.05,10/20/25,Winred Technical Services Llc,Arlington,VA,22203,Bank Fees,
Governor,"MARX, VICTOR",Republican,10.25,10/20/25,Winred Technical Services Llc,Arlington,VA,22203,Bank Fees,
Governor,"MARX, VICTOR",Republican,1.03,10/20/25,Winred Technical Services Llc,Arlington,VA,22203,Bank Fees,
Governor,"MARX, VICTOR",Republican,2.05,10/20/25,Winred Technical Services Llc,Arlington,VA,22203,Bank Fees,
Governor,"MARX, VICTOR",Republican,168.5,10/20/25,Winred Technical Services Llc,Arlington,VA,22203,Other,Merchandise Shipping And Fees
Governor,"MARX, VICTOR",Republican,1.03,10/20/25,Winred Technical Services Llc,Arlington,VA,22203,Bank Fees,
Governor,"MARX, VICTOR",Republican,4.92,10/20/25,Winred Technical Services Llc,Arlington,VA,22203,Bank Fees,
Governor,"MARX, VICTOR",Republican,4.1,10/20/25,Winred Technical Services Llc,Arlington,VA,22203,Bank Fees,
Governor,"MARX, VICTOR",Republican,66.4,10/20/25,Winred Technical Services Llc,Arlington,VA,22203,Other,Merchandise Shipping And Fees
Governor,"MARX, VICTOR",Republican,1.03,10/20/25,Winred Technical Services Llc,Arlington,VA,22203,Bank Fees,
Governor,"MARX, VICTOR",Republican,1.03,10/20/25,Winred Technical Services Llc,Arlington,VA,22203,Bank Fees,
Governor,"MARX, VICTOR",Republican,24.65,10/20/25,Winred Technical Services Llc,Arlington,VA,22203,Other,Merchandise Shipping And Fees
Governor,"MARX, VICTOR",Republican,56.44,10/20/25,Winred Technical Services Llc,Arlington,VA,22203,Other,Merchandise Shipping And Fees
Governor,"MARX, VICTOR",Republican,200.58,10/20/25,Winred Technical Services Llc,Arlington,VA,22203,Other,Merchandise Shipping And Fees
Governor,"MARX, VICTOR",Republican,1.03,10/20/25,Winred Technical Services Llc,Arlington,VA,22203,Bank Fees,
Governor,"MARX, VICTOR",Republican,56.44,10/20/25,Winred Technical Services Llc,Arlington,VA,22203,Other,Merchandise Shipping And Fees
Governor,"MARX, VICTOR",Republican,4.1,10/20/25,Winred Technical Services Llc,Arlington,VA,22203,Bank Fees,
Governor,"MARX, VICTOR",Republican,4.1,10/20/25,Winred Technical Services Llc,Arlington,VA,22203,Bank Fees,
Governor,"MARX, VICTOR",Republican,24.73,10/20/25,Winred Technical Services Llc,Arlington,VA,22203,Other,Merchandise Shipping And Fees
Governor,"MARX, VICTOR",Republican,58.41,10/20/25,Winred Technical Services Llc,Arlington,VA,22203,Other,Merchandise Shipping And Fees
Governor,"MARX, VICTOR",Republican,160.78,10/20/25,Winred Technical Services Llc,Arlington,VA,22203,Other,Merchandise Shipping And Fees
Governor,"MARX, VICTOR",Republican,118.72,10/20/25,Winred Technical Services Llc,Arlington,VA,22203,Other,Merchandise Shipping And Fees
Governor,"MARX, VICTOR",Republican,4.1,10/20/25,Winred Technical Services Llc,Arlington,VA,22203,Bank Fees,
Governor,"MARX, VICTOR",Republican,105.04,10/20/25,Winred Technical Services Llc,Arlington,VA,22203,Other,Merchandise Shipping And Fees
Governor,"MARX, VICTOR",Republican,27.35,10/20/25,Winred Technical Services Llc,Arlington,VA,22203,Other,Merchandise Shipping And Fees
Governor,"MARX, VICTOR",Republican,28.4,10/20/25,Winred Technical Services Llc,Arlington,VA,22203,Other,Merchandise Shipping And Fees
Governor,"MARX, VICTOR",Republican,1.03,10/20/25,Winred Technical Services Llc,Arlington,VA,22203,Bank Fees,
Governor,"MARX, VICTOR",Republican,3.94,10/20/25,Winred Technical Services Llc,Arlington,VA,22203,Bank Fees,
Governor,"MARX, VICTOR",Republican,189.84,10/20/25,Winred Technical Services Llc,Arlington,VA,22203,Other,Merchandise Shipping And Fees
Governor,"MARX, VICTOR",Republican,117.04,10/20/25,Winred Technical Services Llc,Arlington,VA,22203,Other,Merchandise Shipping And Fees
Governor,"MARX, VICTOR",Republican,24.46,10/20/25,Winred Technical Services Llc,Arlington,VA,22203,Other,Merchandise Shipping And Fees
Governor,"MARX, VICTOR",Republican,26.54,10/20/25,Winred Technical Services Llc,Arlington,VA,22203,Other,Merchandise Shipping And Fees
Governor,"MARX, VICTOR",Republican,56.44,10/20/25,Winred Technical Services Llc,Arlington,VA,22203,Other,Merchandise Shipping And Fees
Governor,"MARX, VICTOR",Republican,48.8,10/20/25,Winred Technical Services Llc,Arlington,VA,22203,Other,Merchandise Shipping And Fees
Governor,"MARX, VICTOR",Republican,24.26,10/20/25,Winred Technical Services Llc,Arlington,VA,22203,Other,Merchandise Shipping And Fees
Governor,"MARX, VICTOR",Republican,24.65,10/20/25,Winred Technical Services Llc,Arlington,VA,22203,Other,Merchandise Shipping And Fees
Governor,"MARX, VICTOR",Republican,122.85,10/20/25,Winred Technical Services Llc,Arlington,VA,22203,Other,Merchandise Shipping And Fees
Governor,"MARX, VICTOR",Republican,2.05,10/20/25,Winred Technical Services Llc,Arlington,VA,22203,Bank Fees,
Governor,"MARX, VICTOR",Republican,4.1,10/20/25,Winred Technical Services Llc,Arlington,VA,22203,Bank Fees,
Governor,"MARX, VICTOR",Republican,1.03,10/20/25,Winred Technical Services Llc,Arlington,VA,22203,Bank Fees,
Governor,"MARX, VICTOR",Republican,59.64,10/20/25,Winred Technical Services Llc,Arlington,VA,22203,Other,Merchandise Shipping And Fees
Governor,"MARX, VICTOR",Republican,4.1,10/20/25,Winred Technical Services Llc,Arlington,VA,22203,Bank Fees,
Governor,"MARX, VICTOR",Republican,27.52,10/20/25,Winred Technical Services Llc,Arlington,VA,22203,Other,Merchandise Shipping And Fees
Governor,"MARX, VICTOR",Republican,25.32,10/20/25,Winred Technical Services Llc,Arlington,VA,22203,Other,Merchandise Shipping And Fees
Governor,"MARX, VICTOR",Republican,48.68,10/20/25,Winred Technical Services Llc,Arlington,VA,22203,Other,Merchandise Shipping And Fees
Governor,"MARX, VICTOR",Republican,24.34,10/20/25,Winred Technical Services Llc,Arlington,VA,22203,Other,Merchandise Shipping And Fees
Governor,"MARX, VICTOR",Republican,26.96,10/20/25,Winred Technical Services Llc,Arlington,VA,22203,Other,Merchandise Shipping And Fees
Governor,"MARX, VICTOR",Republican,0.82,10/20/25,Winred Technical Services Llc,Arlington,VA,22203,Bank Fees,
Governor,"MARX, VICTOR",Republican,104.69,10/20/25,Winred Technical Services Llc,Arlington,VA,22203,Other,Merchandise Shipping And Fees
Governor,"MARX, VICTOR",Republican,20.51,10/20/25,Winred Technical Services Llc,Arlington,VA,22203,Bank Fees,
Governor,"MARX, VICTOR",Republican,48.92,10/20/25,Winred Technical Services Llc,Arlington,VA,22203,Other,Merchandise Shipping And Fees
Governor,"MARX, VICTOR",Republican,54.44,10/21/25,Wells Fargo / Harland Clarke,San Antonio,TX,78256,Bank Fees,
Governor,"MARX, VICTOR",Republican,54.9,10/21/25,Winred Technical Services Llc,Arlington,VA,22203,Other,Merchandise Shipping And Fees
Governor,"MARX, VICTOR",Republican,30.13,10/21/25,Winred Technical Services Llc,Arlington,VA,22203,Other,Merchandise Shipping And Fees
Governor,"MARX, VICTOR",Republican,1.03,10/21/25,Winred Technical Services Llc,Arlington,VA,22203,Bank Fees,
Governor,"MARX, VICTOR",Republican,20.51,10/21/25,Winred Technical Services Llc,Arlington,VA,22203,Bank Fees,
Governor,"MARX, VICTOR",Republican,15.06,10/21/25,Winred Technical Services Llc,Arlington,VA,22203,Other,Merchandise Shipping And Fees
Governor,"MARX, VICTOR",Republican,78.37,10/21/25,Winred Technical Services Llc,Arlington,VA,22203,Other,Merchandise Shipping And Fees
Governor,"MARX, VICTOR",Republican,1.03,10/21/25,Winred Technical Services Llc,Arlington,VA,22203,Bank Fees,
Governor,"MARX, VICTOR",Republican,15.26,10/21/25,Winred Technical Services Llc,Arlington,VA,22203,Other,Merchandise Shipping And Fees
Governor,"MARX, VICTOR",Republican,30.13,10/21/25,Winred Technical Services Llc,Arlington,VA,22203,Other,Merchandise Shipping And Fees
Governor,"MARX, VICTOR",Republican,60.26,10/21/25,Winred Technical Services Llc,Arlington,VA,22203,Other,Merchandise Shipping And Fees
Governor,"MARX, VICTOR",Republican,0.41,10/21/25,Winred Technical Services Llc,Arlington,VA,22203,Bank Fees,
Governor,"MARX, VICTOR",Republican,61.65,10/21/25,Winred Technical Services Llc,Arlington,VA,22203,Other,Merchandise Shipping And Fees
Governor,"MARX, VICTOR",Republican,60.26,10/21/25,Winred Technical Services Llc,Arlington,VA,22203,Other,Merchandise Shipping And Fees
Governor,"MARX, VICTOR",Republican,15.46,10/21/25,Winred Technical Services Llc,Arlington,VA,22203,Other,Merchandise Shipping And Fees
Governor,"MARX, VICTOR",Republican,9.85,10/21/25,Winred Technical Services Llc,Arlington,VA,22203,Bank Fees,
Governor,"MARX, VICTOR",Republican,9.85,10/21/25,Winred Technical Services Llc,Arlington,VA,22203,Bank Fees,
Governor,"MARX, VICTOR",Republican,1.03,10/21/25,Winred Technical Services Llc,Arlington,VA,22203,Bank Fees,
Governor,"MARX, VICTOR",Republican,19.7,10/21/25,Winred Technical Services Llc,Arlington,VA,22203,Bank Fees,
Governor,"MARX, VICTOR",Republican,10.25,10/21/25,Winred Technical Services Llc,Arlington,VA,22203,Bank Fees,
Governor,"MARX, VICTOR",Republican,15.06,10/21/25,Winred Technical Services Llc,Arlington,VA,22203,Other,Merchandise Shipping And Fees
Governor,"MARX, VICTOR",Republican,56.44,10/21/25,Winred Technical Services Llc,Arlington,VA,22203,Other,Merchandise Shipping And Fees
Governor,"MARX, VICTOR",Republican,20.51,10/21/25,Winred Technical Services Llc,Arlington,VA,22203,Bank Fees,
Governor,"MARX, VICTOR",Republican,0.59,10/21/25,Winred Technical Services Llc,Arlington,VA,22203,Bank Fees,
Governor,"MARX, VICTOR",Republican,2.05,10/21/25,Winred Technical Services Llc,Arlington,VA,22203,Bank Fees,
Governor,"MARX, VICTOR",Republican,2.05,10/21/25,Winred Technical Services Llc,Arlington,VA,22203,Bank Fees,
Governor,"MARX, VICTOR",Republican,3.94,10/21/25,Winred Technical Services Llc,Arlington,VA,22203,Bank Fees,
Governor,"MARX, VICTOR",Republican,9.85,10/21/25,Winred Technical Services Llc,Arlington,VA,22203,Bank Fees,
Governor,"MARX, VICTOR",Republican,60.49,10/21/25,Winred Technical Services Llc,Arlington,VA,22203,Other,Merchandise Shipping And Fees
Governor,"MARX, VICTOR",Republican,4.1,10/21/25,Winred Technical Services Llc,Arlington,VA,22203,Bank Fees,
Governor,"MARX, VICTOR",Republican,76.74,10/21/25,Winred Technical Services Llc,Arlington,VA,22203,Other,Merchandise Shipping And Fees
Governor,"MARX, VICTOR",Republican,1.03,10/21/25,Winred Technical Services Llc,Arlington,VA,22203,Bank Fees,
Governor,"MARX, VICTOR",Republican,45.64,10/21/25,Winred Technical Services Llc,Arlington,VA,22203,Other,Merchandise Shipping And Fees
Governor,"MARX, VICTOR",Republican,1.03,10/21/25,Winred Technical Services Llc,Arlington,VA,22203,Bank Fees,
Governor,"MARX, VICTOR",Republican,2.05,10/21/25,Winred Technical Services Llc,Arlington,VA,22203,Bank Fees,
Governor,"MARX, VICTOR",Republican,1.97,10/21/25,Winred Technical Services Llc,Arlington,VA,22203,Bank Fees,
Governor,"MARX, VICTOR",Republican,131,10/21/25,Winred Technical Services Llc,Arlington,VA,22203,Other,Merchandise Shipping And Fees
Governor,"MARX, VICTOR",Republican,48.6,10/21/25,Winred Technical Services Llc,Arlington,VA,22203,Other,Merchandise Shipping And Fees
Governor,"MARX, VICTOR",Republican,57.43,10/21/25,Winred Technical Services Llc,Arlington,VA,22203,Other,Merchandise Shipping And Fees
Governor,"MARX, VICTOR",Republican,175.93,10/21/25,Winred Technical Services Llc,Arlington,VA,22203,Other,Merchandise Shipping And Fees
Governor,"MARX, VICTOR",Republican,24.26,10/21/25,Winred Technical Services Llc,Arlington,VA,22203,Other,Merchandise Shipping And Fees
Governor,"MARX, VICTOR",Republican,56.44,10/22/25,Winred Technical Services Llc,Arlington,VA,22203,Other,Merchandise Shipping And Fees
Governor,"MARX, VICTOR",Republican,15.06,10/22/25,Winred Technical Services Llc,Arlington,VA,22203,Other,Merchandise Shipping And Fees
Governor,"MARX, VICTOR",Republican,2.05,10/22/25,Winred Technical Services Llc,Arlington,VA,22203,Bank Fees,
Governor,"MARX, VICTOR",Republican,56.44,10/22/25,Winred Technical Services Llc,Arlington,VA,22203,Other,Merchandise Shipping And Fees
Governor,"MARX, VICTOR",Republican,1.03,10/22/25,Winred Technical Services Llc,Arlington,VA,22203,Bank Fees,
Governor,"MARX, VICTOR",Republican,30.13,10/22/25,Winred Technical Services Llc,Arlington,VA,22203,Other,Merchandise Shipping And Fees
Governor,"MARX, VICTOR",Republican,2.05,10/22/25,Winred Technical Services Llc,Arlington,VA,22203,Bank Fees,
Governor,"MARX, VICTOR",Republican,2.05,10/22/25,Winred Technical Services Llc,Arlington,VA,22203,Bank Fees,
Governor,"MARX, VICTOR",Republican,15.06,10/22/25,Winred Technical Services Llc,Arlington,VA,22203,Other,Merchandise Shipping And Fees
Governor,"MARX, VICTOR",Republican,16.25,10/22/25,Winred Technical Services Llc,Arlington,VA,22203,Other,Merchandise Shipping And Fees
Governor,"MARX, VICTOR",Republican,15.06,10/22/25,Winred Technical Services Llc,Arlington,VA,22203,Other,Merchandise Shipping And Fees
Governor,"MARX, VICTOR",Republican,15.06,10/22/25,Winred Technical Services Llc,Arlington,VA,22203,Other,Merchandise Shipping And Fees
Governor,"MARX, VICTOR",Republican,91.65,10/22/25,Winred Technical Services Llc,Arlington,VA,22203,Other,Merchandise Shipping And Fees
Governor,"MARX, VICTOR",Republican,70.63,10/22/25,Winred Technical Services Llc,Arlington,VA,22203,Other,Merchandise Shipping And Fees
Governor,"MARX, VICTOR",Republican,17.03,10/22/25,Winred Technical Services Llc,Arlington,VA,22203,Other,Merchandise Shipping And Fees
Governor,"MARX, VICTOR",Republican,72.69,10/22/25,Winred Technical Services Llc,Arlington,VA,22203,Other,Merchandise Shipping And Fees
Governor,"MARX, VICTOR",Republican,1.97,10/22/25,Winred Technical Services Llc,Arlington,VA,22203,Bank Fees,
Governor,"MARX, VICTOR",Republican,15.06,10/22/25,Winred Technical Services Llc,Arlington,VA,22203,Other,Merchandise Shipping And Fees
Governor,"MARX, VICTOR",Republican,2.05,10/22/25,Winred Technical Services Llc,Arlington,VA,22203,Bank Fees,
Governor,"MARX, VICTOR",Republican,2.05,10/22/25,Winred Technical Services Llc,Arlington,VA,22203,Bank Fees,
Governor,"MARX, VICTOR",Republican,15.26,10/22/25,Winred Technical Services Llc,Arlington,VA,22203,Other,Merchandise Shipping And Fees
Governor,"MARX, VICTOR",Republican,37.4,10/22/25,Winred Technical Services Llc,Arlington,VA,22203,Other,Merchandise Shipping And Fees
Governor,"MARX, VICTOR",Republican,30.13,10/22/25,Winred Technical Services Llc,Arlington,VA,22203,Other,Merchandise Shipping And Fees
Governor,"MARX, VICTOR",Republican,38.97,10/22/25,Winred Technical Services Llc,Arlington,VA,22203,Bank Fees,
Governor,"MARX, VICTOR",Republican,4.1,10/22/25,Winred Technical Services Llc,Arlington,VA,22203,Bank Fees,
Governor,"MARX, VICTOR",Republican,15.06,10/22/25,Winred Technical Services Llc,Arlington,VA,22203,Other,Merchandise Shipping And Fees
Governor,"MARX, VICTOR",Republican,52.36,10/22/25,Winred Technical Services Llc,Arlington,VA,22203,Other,Merchandise Shipping And Fees
Governor,"MARX, VICTOR",Republican,1.03,10/22/25,Winred Technical Services Llc,Arlington,VA,22203,Bank Fees,
Governor,"MARX, VICTOR",Republican,15.06,10/22/25,Winred Technical Services Llc,Arlington,VA,22203,Other,Merchandise Shipping And Fees
Governor,"MARX, VICTOR",Republican,54.59,10/22/25,Winred Technical Services Llc,Arlington,VA,22203,Other,Merchandise Shipping And Fees
Governor,"MARX, VICTOR",Republican,15.06,10/22/25,Winred Technical Services Llc,Arlington,VA,22203,Other,Merchandise Shipping And Fees
Governor,"MARX, VICTOR",Republican,15.06,10/22/25,Winred Technical Services Llc,Arlington,VA,22203,Other,Merchandise Shipping And Fees
Governor,"MARX, VICTOR",Republican,24.54,10/22/25,Winred Technical Services Llc,Arlington,VA,22203,Other,Merchandise Shipping And Fees
Governor,"MARX, VICTOR",Republican,41.6,10/22/25,Winred Technical Services Llc,Arlington,VA,22203,Other,Merchandise Shipping And Fees
Governor,"MARX, VICTOR",Republican,137.89,10/22/25,Winred Technical Services Llc,Arlington,VA,22203,Other,Merchandise Shipping And Fees
Governor,"MARX, VICTOR",Republican,78.78,10/22/25,Winred Technical Services Llc,Arlington,VA,22203,Other,Merchandise Shipping And Fees
Governor,"MARX, VICTOR",Republican,12.3,10/22/25,Winred Technical Services Llc,Arlington,VA,22203,Bank Fees,
Governor,"MARX, VICTOR",Republican,15.06,10/22/25,Winred Technical Services Llc,Arlington,VA,22203,Other,Merchandise Shipping And Fees
Governor,"MARX, VICTOR",Republican,56.44,10/22/25,Winred Technical Services Llc,Arlington,VA,22203,Other,Merchandise Shipping And Fees
Governor,"MARX, VICTOR",Republican,15.46,10/22/25,Winred Technical Services Llc,Arlington,VA,22203,Other,Merchandise Shipping And Fees
Governor,"MARX, VICTOR",Republican,74.85,10/22/25,Winred Technical Services Llc,Arlington,VA,22203,Other,Merchandise Shipping And Fees
Governor,"MARX, VICTOR",Republican,179.63,10/22/25,Winred Technical Services Llc,Arlington,VA,22203,Other,Merchandise Shipping And Fees
Governor,"MARX, VICTOR",Republican,30.36,10/22/25,Winred Technical Services Llc,Arlington,VA,22203,Other,Merchandise Shipping And Fees
Governor,"MARX, VICTOR",Republican,139.23,10/22/25,Winred Technical Services Llc,Arlington,VA,22203,Other,Merchandise Shipping And Fees
Governor,"MARX, VICTOR",Republican,15.06,10/22/25,Winred Technical Services Llc,Arlington,VA,22203,Other,Merchandise Shipping And Fees
Governor,"MARX, VICTOR",Republican,15.06,10/22/25,Winred Technical Services Llc,Arlington,VA,22203,Other,Merchandise Shipping And Fees
Governor,"MARX, VICTOR",Republican,15.06,10/22/25,Winred Technical Services Llc,Arlington,VA,22203,Other,Merchandise Shipping And Fees
Governor,"MARX, VICTOR",Republican,15.46,10/22/25,Winred Technical Services Llc,Arlington,VA,22203,Other,Merchandise Shipping And Fees
Governor,"MARX, VICTOR",Republican,46.6,10/22/25,Winred Technical Services Llc,Arlington,VA,22203,Other,Merchandise Shipping And Fees
Governor,"MARX, VICTOR",Republican,1.03,10/22/25,Winred Technical Services Llc,Arlington,VA,22203,Bank Fees,
Governor,"MARX, VICTOR",Republican,32.1,10/22/25,Winred Technical Services Llc,Arlington,VA,22203,Other,Merchandise Shipping And Fees
Governor,"MARX, VICTOR",Republican,1.03,10/22/25,Winred Technical Services Llc,Arlington,VA,22203,Bank Fees,
Governor,"MARX, VICTOR",Republican,15.06,10/22/25,Winred Technical Services Llc,Arlington,VA,22203,Other,Merchandise Shipping And Fees
Governor,"MARX, VICTOR",Republican,2.05,10/22/25,Winred Technical Services Llc,Arlington,VA,22203,Bank Fees,
Governor,"MARX, VICTOR",Republican,140.96,10/22/25,Winred Technical Services Llc,Arlington,VA,22203,Other,Merchandise Shipping And Fees
Governor,"MARX, VICTOR",Republican,15.46,10/22/25,Winred Technical Services Llc,Arlington,VA,22203,Other,Merchandise Shipping And Fees
Governor,"MARX, VICTOR",Republican,60.26,10/22/25,Winred Technical Services Llc,Arlington,VA,22203,Other,Merchandise Shipping And Fees
Governor,"MARX, VICTOR",Republican,4.1,10/22/25,Winred Technical Services Llc,Arlington,VA,22203,Bank Fees,
Governor,"MARX, VICTOR",Republican,15.06,10/22/25,Winred Technical Services Llc,Arlington,VA,22203,Other,Merchandise Shipping And Fees
Governor,"MARX, VICTOR",Republican,2.05,10/22/25,Winred Technical Services Llc,Arlington,VA,22203,Bank Fees,
Governor,"MARX, VICTOR",Republican,30.13,10/22/25,Winred Technical Services Llc,Arlington,VA,22203,Other,Merchandise Shipping And Fees
Governor,"MARX, VICTOR",Republican,30.13,10/22/25,Winred Technical Services Llc,Arlington,VA,22203,Other,Merchandise Shipping And Fees
Governor,"MARX, VICTOR",Republican,16.05,10/22/25,Winred Technical Services Llc,Arlington,VA,22203,Other,Merchandise Shipping And Fees
Governor,"MARX, VICTOR",Republican,2.05,10/22/25,Winred Technical Services Llc,Arlington,VA,22203,Bank Fees,
Governor,"MARX, VICTOR",Republican,15.46,10/22/25,Winred Technical Services Llc,Arlington,VA,22203,Other,Merchandise Shipping And Fees
Governor,"MARX, VICTOR",Republican,17.03,10/22/25,Winred Technical Services Llc,Arlington,VA,22203,Other,Merchandise Shipping And Fees
Governor,"MARX, VICTOR",Republican,480.48,10/23/25,American Airlines,Fort Worth,TX,76155,Travel & Lodging,
Governor,"MARX, VICTOR",Republican,541.08,10/23/25,American Airlines,Fort Worth,TX,76155,Travel & Lodging,
Governor,"MARX, VICTOR",Republican,515.49,10/23/25,American Airlines,Fort Worth,TX,76155,Travel & Lodging,
Governor,"MARX, VICTOR",Republican,2131.48,10/23/25,American Airlines,Fort Worth,TX,76155,Travel & Lodging,
Governor,"MARX, VICTOR",Republican,1.03,10/23/25,Winred Technical Services Llc,Arlington,VA,22203,Bank Fees,
Governor,"MARX, VICTOR",Republican,4.1,10/23/25,Winred Technical Services Llc,Arlington,VA,22203,Bank Fees,
Governor,"MARX, VICTOR",Republican,30.13,10/23/25,Winred Technical Services Llc,Arlington,VA,22203,Other,Merchandise Shipping And Fees
Governor,"MARX, VICTOR",Republican,17.03,10/23/25,Winred Technical Services Llc,Arlington,VA,22203,Other,Merchandise Shipping And Fees
Governor,"MARX, VICTOR",Republican,30.13,10/23/25,Winred Technical Services Llc,Arlington,VA,22203,Other,Merchandise Shipping And Fees
Governor,"MARX, VICTOR",Republican,31.11,10/23/25,Winred Technical Services Llc,Arlington,VA,22203,Other,Merchandise Shipping And Fees
Governor,"MARX, VICTOR",Republican,116.83,10/23/25,Winred Technical Services Llc,Arlington,VA,22203,Other,Merchandise Shipping And Fees
Governor,"MARX, VICTOR",Republican,20.51,10/23/25,Winred Technical Services Llc,Arlington,VA,22203,Bank Fees,
Governor,"MARX, VICTOR",Republican,4.1,10/23/25,Winred Technical Services Llc,Arlington,VA,22203,Bank Fees,
Governor,"MARX, VICTOR",Republican,20.51,10/23/25,Winred Technical Services Llc,Arlington,VA,22203,Bank Fees,
Governor,"MARX, VICTOR",Republican,2.05,10/23/25,Winred Technical Services Llc,Arlington,VA,22203,Bank Fees,
Governor,"MARX, VICTOR",Republican,15.06,10/23/25,Winred Technical Services Llc,Arlington,VA,22203,Other,Merchandise Shipping And Fees
Governor,"MARX, VICTOR",Republican,63.98,10/23/25,Winred Technical Services Llc,Arlington,VA,22203,Other,Merchandise Shipping And Fees
Governor,"MARX, VICTOR",Republican,15.26,10/23/25,Winred Technical Services Llc,Arlington,VA,22203,Other,Merchandise Shipping And Fees
Governor,"MARX, VICTOR",Republican,1.03,10/23/25,Winred Technical Services Llc,Arlington,VA,22203,Bank Fees,
Governor,"MARX, VICTOR",Republican,1.64,10/23/25,Winred Technical Services Llc,Arlington,VA,22203,Bank Fees,
Governor,"MARX, VICTOR",Republican,0.99,10/23/25,Winred Technical Services Llc,Arlington,VA,22203,Bank Fees,
Governor,"MARX, VICTOR",Republican,30.13,10/23/25,Winred Technical Services Llc,Arlington,VA,22203,Other,Merchandise Shipping And Fees
Governor,"MARX, VICTOR",Republican,1.03,10/23/25,Winred Technical Services Llc,Arlington,VA,22203,Bank Fees,
Governor,"MARX, VICTOR",Republican,57.43,10/23/25,Winred Technical Services Llc,Arlington,VA,22203,Other,Merchandise Shipping And Fees
Governor,"MARX, VICTOR",Republican,4.1,10/23/25,Winred Technical Services Llc,Arlington,VA,22203,Bank Fees,
Governor,"MARX, VICTOR",Republican,1.03,10/23/25,Winred Technical Services Llc,Arlington,VA,22203,Bank Fees,
Governor,"MARX, VICTOR",Republican,100.85,10/23/25,Winred Technical Services Llc,Arlington,VA,22203,Other,Merchandise Shipping And Fees
Governor,"MARX, VICTOR",Republican,0.82,10/23/25,Winred Technical Services Llc,Arlington,VA,22203,Bank Fees,
Governor,"MARX, VICTOR",Republican,30.13,10/23/25,Winred Technical Services Llc,Arlington,VA,22203,Other,Merchandise Shipping And Fees
Governor,"MARX, VICTOR",Republican,15.06,10/23/25,Winred Technical Services Llc,Arlington,VA,22203,Other,Merchandise Shipping And Fees
Governor,"MARX, VICTOR",Republican,15.06,10/23/25,Winred Technical Services Llc,Arlington,VA,22203,Other,Merchandise Shipping And Fees
Governor,"MARX, VICTOR",Republican,15.06,10/23/25,Winred Technical Services Llc,Arlington,VA,22203,Other,Merchandise Shipping And Fees
Governor,"MARX, VICTOR",Republican,1.03,10/23/25,Winred Technical Services Llc,Arlington,VA,22203,Bank Fees,
Governor,"MARX, VICTOR",Republican,20.51,10/23/25,Winred Technical Services Llc,Arlington,VA,22203,Bank Fees,
Governor,"MARX, VICTOR",Republican,45.19,10/23/25,Winred Technical Services Llc,Arlington,VA,22203,Other,Merchandise Shipping And Fees
Governor,"MARX, VICTOR",Republican,39.98,10/23/25,Winred Technical Services Llc,Arlington,VA,22203,Other,Merchandise Shipping And Fees
Governor,"MARX, VICTOR",Republican,15.06,10/23/25,Winred Technical Services Llc,Arlington,VA,22203,Other,Merchandise Shipping And Fees
Governor,"MARX, VICTOR",Republican,39.32,10/23/25,Winred Technical Services Llc,Arlington,VA,22203,Other,Merchandise Shipping And Fees
Governor,"MARX, VICTOR",Republican,30.13,10/23/25,Winred Technical Services Llc,Arlington,VA,22203,Other,Merchandise Shipping And Fees
Governor,"MARX, VICTOR",Republican,45.25,10/23/25,Winred Technical Services Llc,Arlington,VA,22203,Other,Merchandise Shipping And Fees
Governor,"MARX, VICTOR",Republican,19,10/23/25,Winred Technical Services Llc,Arlington,VA,22203,Other,Merchandise Shipping And Fees
Governor,"MARX, VICTOR",Republican,58.52,10/23/25,Winred Technical Services Llc,Arlington,VA,22203,Other,Merchandise Shipping And Fees
Governor,"MARX, VICTOR",Republican,0.99,10/23/25,Winred Technical Services Llc,Arlington,VA,22203,Bank Fees,
Governor,"MARX, VICTOR",Republican,47.22,10/24/25,Winred Technical Services Llc,Arlington,VA,22203,Other,Merchandise Shipping And Fees
Governor,"MARX, VICTOR",Republican,0.99,10/24/25,Winred Technical Services Llc,Arlington,VA,22203,Bank Fees,
Governor,"MARX, VICTOR",Republican,15.06,10/24/25,Winred Technical Services Llc,Arlington,VA,22203,Other,Merchandise Shipping And Fees
Governor,"MARX, VICTOR",Republican,56.84,10/24/25,Winred Technical Services Llc,Arlington,VA,22203,Other,Merchandise Shipping And Fees
Governor,"MARX, VICTOR",Republican,15.46,10/24/25,Winred Technical Services Llc,Arlington,VA,22203,Other,Merchandise Shipping And Fees
Governor,"MARX, VICTOR",Republican,32.1,10/24/25,Winred Technical Services Llc,Arlington,VA,22203,Other,Merchandise Shipping And Fees
Governor,"MARX, VICTOR",Republican,0.99,10/24/25,Winred Technical Services Llc,Arlington,VA,22203,Bank Fees,
Governor,"MARX, VICTOR",Republican,3.94,10/24/25,Winred Technical Services Llc,Arlington,VA,22203,Bank Fees,
Governor,"MARX, VICTOR",Republican,45.44,10/24/25,Winred Technical Services Llc,Arlington,VA,22203,Other,Merchandise Shipping And Fees
Governor,"MARX, VICTOR",Republican,1.03,10/24/25,Winred Technical Services Llc,Arlington,VA,22203,Bank Fees,
Governor,"MARX, VICTOR",Republican,1.03,10/24/25,Winred Technical Services Llc,Arlington,VA,22203,Bank Fees,
Governor,"MARX, VICTOR",Republican,59.44,10/24/25,Winred Technical Services Llc,Arlington,VA,22203,Other,Merchandise Shipping And Fees
Governor,"MARX, VICTOR",Republican,15.06,10/24/25,Winred Technical Services Llc,Arlington,VA,22203,Other,Merchandise Shipping And Fees
Governor,"MARX, VICTOR",Republican,15.26,10/24/25,Winred Technical Services Llc,Arlington,VA,22203,Other,Merchandise Shipping And Fees
Governor,"MARX, VICTOR",Republican,0.99,10/24/25,Winred Technical Services Llc,Arlington,VA,22203,Bank Fees,
Governor,"MARX, VICTOR",Republican,61.41,10/24/25,Winred Technical Services Llc,Arlington,VA,22203,Other,Merchandise Shipping And Fees
Governor,"MARX, VICTOR",Republican,4.1,10/24/25,Winred Technical Services Llc,Arlington,VA,22203,Bank Fees,
Governor,"MARX, VICTOR",Republican,26.28,10/24/25,Winred Technical Services Llc,Arlington,VA,22203,Other,Merchandise Shipping And Fees
Governor,"MARX, VICTOR",Republican,4.1,10/24/25,Winred Technical Services Llc,Arlington,VA,22203,Bank Fees,
Governor,"MARX, VICTOR",Republican,1.03,10/24/25,Winred Technical Services Llc,Arlington,VA,22203,Bank Fees,
Governor,"MARX, VICTOR",Republican,85.98,10/24/25,Winred Technical Services Llc,Arlington,VA,22203,Other,Merchandise Shipping And Fees
Governor,"MARX, VICTOR",Republican,0.41,10/25/25,Winred Technical Services Llc,Arlington,VA,22203,Bank Fees,
Governor,"MARX, VICTOR",Republican,0.99,10/25/25,Winred Technical Services Llc,Arlington,VA,22203,Bank Fees,
Governor,"MARX, VICTOR",Republican,1.03,10/25/25,Winred Technical Services Llc,Arlington,VA,22203,Bank Fees,
Governor,"MARX, VICTOR",Republican,4.1,10/25/25,Winred Technical Services Llc,Arlington,VA,22203,Bank Fees,
Governor,"MARX, VICTOR",Republican,2.05,10/25/25,Winred Technical Services Llc,Arlington,VA,22203,Bank Fees,
Governor,"MARX, VICTOR",Republican,8.2,10/25/25,Winred Technical Services Llc,Arlington,VA,22203,Bank Fees,
Governor,"MARX, VICTOR",Republican,4.1,10/25/25,Winred Technical Services Llc,Arlington,VA,22203,Bank Fees,
Governor,"MARX, VICTOR",Republican,2.05,10/25/25,Winred Technical Services Llc,Arlington,VA,22203,Bank Fees,
Governor,"MARX, VICTOR",Republican,1.03,10/25/25,Winred Technical Services Llc,Arlington,VA,22203,Bank Fees,
Governor,"MARX, VICTOR",Republican,1.03,10/25/25,Winred Technical Services Llc,Arlington,VA,22203,Bank Fees,
Governor,"MARX, VICTOR",Republican,56.44,10/25/25,Winred Technical Services Llc,Arlington,VA,22203,Other,Merchandise Shipping And Fees
Governor,"MARX, VICTOR",Republican,56.44,10/25/25,Winred Technical Services Llc,Arlington,VA,22203,Other,Merchandise Shipping And Fees
Governor,"MARX, VICTOR",Republican,0.41,10/25/25,Winred Technical Services Llc,Arlington,VA,22203,Bank Fees,
Governor,"MARX, VICTOR",Republican,1.03,10/25/25,Winred Technical Services Llc,Arlington,VA,22203,Bank Fees,
Governor,"MARX, VICTOR",Republican,1.03,10/25/25,Winred Technical Services Llc,Arlington,VA,22203,Bank Fees,
Governor,"MARX, VICTOR",Republican,1.03,10/25/25,Winred Technical Services Llc,Arlington,VA,22203,Bank Fees,
Governor,"MARX, VICTOR",Republican,19.7,10/25/25,Winred Technical Services Llc,Arlington,VA,22203,Bank Fees,
Governor,"MARX, VICTOR",Republican,4.1,10/25/25,Winred Technical Services Llc,Arlington,VA,22203,Bank Fees,
Governor,"MARX, VICTOR",Republican,79.26,10/25/25,Winred Technical Services Llc,Arlington,VA,22203,Other,Merchandise Shipping And Fees
Governor,"MARX, VICTOR",Republican,1.03,10/25/25,Winred Technical Services Llc,Arlington,VA,22203,Bank Fees,
Governor,"MARX, VICTOR",Republican,0.41,10/25/25,Winred Technical Services Llc,Arlington,VA,22203,Bank Fees,
Governor,"MARX, VICTOR",Republican,1.03,10/25/25,Winred Technical Services Llc,Arlington,VA,22203,Bank Fees,
Governor,"MARX, VICTOR",Republican,1.97,10/25/25,Winred Technical Services Llc,Arlington,VA,22203,Bank Fees,
Governor,"MARX, VICTOR",Republican,2.05,10/25/25,Winred Technical Services Llc,Arlington,VA,22203,Bank Fees,
Governor,"MARX, VICTOR",Republican,2.05,10/25/25,Winred Technical Services Llc,Arlington,VA,22203,Bank Fees,
Governor,"MARX, VICTOR",Republican,4.1,10/25/25,Winred Technical Services Llc,Arlington,VA,22203,Bank Fees,
Governor,"MARX, VICTOR",Republican,30.13,10/25/25,Winred Technical Services Llc,Arlington,VA,22203,Other,Merchandise Shipping And Fees
Governor,"MARX, VICTOR",Republican,108.83,10/25/25,Winred Technical Services Llc,Arlington,VA,22203,Other,Merchandise Shipping And Fees
Governor,"MARX, VICTOR",Republican,16.05,10/25/25,Winred Technical Services Llc,Arlington,VA,22203,Other,Merchandise Shipping And Fees
Governor,"MARX, VICTOR",Republican,15.46,10/25/25,Winred Technical Services Llc,Arlington,VA,22203,Other,Merchandise Shipping And Fees
Governor,"MARX, VICTOR",Republican,183.68,10/25/25,Winred Technical Services Llc,Arlington,VA,22203,Other,Merchandise Shipping And Fees
Governor,"MARX, VICTOR",Republican,15.06,10/25/25,Winred Technical Services Llc,Arlington,VA,22203,Other,Merchandise Shipping And Fees
Governor,"MARX, VICTOR",Republican,15.26,10/25/25,Winred Technical Services Llc,Arlington,VA,22203,Other,Merchandise Shipping And Fees
Governor,"MARX, VICTOR",Republican,2.05,10/25/25,Winred Technical Services Llc,Arlington,VA,22203,Bank Fees,
Governor,"MARX, VICTOR",Republican,1.03,10/25/25,Winred Technical Services Llc,Arlington,VA,22203,Bank Fees,
Governor,"MARX, VICTOR",Republican,1.03,10/25/25,Winred Technical Services Llc,Arlington,VA,22203,Bank Fees,
Governor,"MARX, VICTOR",Republican,2.05,10/25/25,Winred Technical Services Llc,Arlington,VA,22203,Bank Fees,
Governor,"MARX, VICTOR",Republican,2.05,10/25/25,Winred Technical Services Llc,Arlington,VA,22203,Bank Fees,
Governor,"MARX, VICTOR",Republican,19,10/25/25,Winred Technical Services Llc,Arlington,VA,22203,Other,Merchandise Shipping And Fees
Governor,"MARX, VICTOR",Republican,4.1,10/25/25,Winred Technical Services Llc,Arlington,VA,22203,Bank Fees,
Governor,"MARX, VICTOR",Republican,4.1,10/25/25,Winred Technical Services Llc,Arlington,VA,22203,Bank Fees,
Governor,"MARX, VICTOR",Republican,4.1,10/25/25,Winred Technical Services Llc,Arlington,VA,22203,Bank Fees,
Governor,"MARX, VICTOR",Republican,25.32,10/25/25,Winred Technical Services Llc,Arlington,VA,22203,Other,Merchandise Shipping And Fees
Governor,"MARX, VICTOR",Republican,0.99,10/25/25,Winred Technical Services Llc,Arlington,VA,22203,Bank Fees,
Governor,"MARX, VICTOR",Republican,1.03,10/25/25,Winred Technical Services Llc,Arlington,VA,22203,Bank Fees,
Governor,"MARX, VICTOR",Republican,4.1,10/26/25,Winred Technical Services Llc,Arlington,VA,22203,Bank Fees,
Governor,"MARX, VICTOR",Republican,1.03,10/26/25,Winred Technical Services Llc,Arlington,VA,22203,Bank Fees,
Governor,"MARX, VICTOR",Republican,30.13,10/26/25,Winred Technical Services Llc,Arlington,VA,22203,Other,Merchandise Shipping And Fees
Governor,"MARX, VICTOR",Republican,0.41,10/26/25,Winred Technical Services Llc,Arlington,VA,22203,Bank Fees,
Governor,"MARX, VICTOR",Republican,30.52,10/26/25,Winred Technical Services Llc,Arlington,VA,22203,Other,Merchandise Shipping And Fees
Governor,"MARX, VICTOR",Republican,4.1,10/26/25,Winred Technical Services Llc,Arlington,VA,22203,Bank Fees,
Governor,"MARX, VICTOR",Republican,96.83,10/26/25,Winred Technical Services Llc,Arlington,VA,22203,Other,Merchandise Shipping And Fees
Governor,"MARX, VICTOR",Republican,10.25,10/26/25,Winred Technical Services Llc,Arlington,VA,22203,Bank Fees,
Governor,"MARX, VICTOR",Republican,30.52,10/26/25,Winred Technical Services Llc,Arlington,VA,22203,Other,Merchandise Shipping And Fees
Governor,"MARX, VICTOR",Republican,15.26,10/26/25,Winred Technical Services Llc,Arlington,VA,22203,Other,Merchandise Shipping And Fees
Governor,"MARX, VICTOR",Republican,3.94,10/26/25,Winred Technical Services Llc,Arlington,VA,22203,Bank Fees,
Governor,"MARX, VICTOR",Republican,81.54,10/26/25,Winred Technical Services Llc,Arlington,VA,22203,Other,Merchandise Shipping And Fees
Governor,"MARX, VICTOR",Republican,2.05,10/26/25,Winred Technical Services Llc,Arlington,VA,22203,Bank Fees,
Governor,"MARX, VICTOR",Republican,15.06,10/26/25,Winred Technical Services Llc,Arlington,VA,22203,Other,Merchandise Shipping And Fees
Governor,"MARX, VICTOR",Republican,64.25,10/26/25,Winred Technical Services Llc,Arlington,VA,22203,Other,Merchandise Shipping And Fees
Governor,"MARX, VICTOR",Republican,57.13,10/26/25,Winred Technical Services Llc,Arlington,VA,22203,Bank Fees,
Governor,"MARX, VICTOR",Republican,4.1,10/26/25,Winred Technical Services Llc,Arlington,VA,22203,Bank Fees,
Governor,"MARX, VICTOR",Republican,24.46,10/26/25,Winred Technical Services Llc,Arlington,VA,22203,Other,Merchandise Shipping And Fees
Governor,"MARX, VICTOR",Republican,0.99,10/26/25,Winred Technical Services Llc,Arlington,VA,22203,Bank Fees,
Governor,"MARX, VICTOR",Republican,0.99,10/26/25,Winred Technical Services Llc,Arlington,VA,22203,Bank Fees,
Governor,"MARX, VICTOR",Republican,0.82,10/26/25,Winred Technical Services Llc,Arlington,VA,22203,Bank Fees,
Governor,"MARX, VICTOR",Republican,47.16,10/26/25,Winred Technical Services Llc,Arlington,VA,22203,Other,Merchandise Shipping And Fees
Governor,"MARX, VICTOR",Republican,4.1,10/26/25,Winred Technical Services Llc,Arlington,VA,22203,Bank Fees,
Governor,"MARX, VICTOR",Republican,10.25,10/26/25,Winred Technical Services Llc,Arlington,VA,22203,Bank Fees,
Governor,"MARX, VICTOR",Republican,10000,10/27/25,Optik Consulting Strategies,Miami,FL,33131,Consultant & Professional Services,Website Email Social Media Strategy Special Projects
Governor,"MARX, VICTOR",Republican,40.6,10/27/25,Amazon.Com,Seattle,WA,98109,"Food, Beverages and Meals",Event Supplies
Governor,"MARX, VICTOR",Republican,38.05,10/27/25,Amazon.Com,Seattle,WA,98109,Miscellaneous,Event Supplies
Governor,"MARX, VICTOR",Republican,8476.66,10/27/25,Bourbon Brothers,Colorado Springs,CO,80921,Other,Venue Fee
Governor,"MARX, VICTOR",Republican,363.27,10/27/25,Marvin Rentals,Colorado Springs,CO,80915,Other,Tables/Chairs
Governor,"MARX, VICTOR",Republican,632.57,10/27/25,Marriott Hotels,Dallas,TX,75201,Travel & Lodging,
Governor,"MARX, VICTOR",Republican,531.84,10/27/25,Marriott Hotels,Dallas,TX,75201,Travel & Lodging,
Governor,"MARX, VICTOR",Republican,0.62,10/27/25,Winred Technical Services Llc,Arlington,VA,22203,Bank Fees,
Governor,"MARX, VICTOR",Republican,15.06,10/27/25,Winred Technical Services Llc,Arlington,VA,22203,Other,Merchandise Shipping And Fees
Governor,"MARX, VICTOR",Republican,4.1,10/27/25,Winred Technical Services Llc,Arlington,VA,22203,Bank Fees,
Governor,"MARX, VICTOR",Republican,42.02,10/27/25,Winred Technical Services Llc,Arlington,VA,22203,Other,Merchandise Shipping And Fees
Governor,"MARX, VICTOR",Republican,32.1,10/27/25,Winred Technical Services Llc,Arlington,VA,22203,Other,Merchandise Shipping And Fees
Governor,"MARX, VICTOR",Republican,34.07,10/27/25,Winred Technical Services Llc,Arlington,VA,22203,Other,Merchandise Shipping And Fees
Governor,"MARX, VICTOR",Republican,0.21,10/27/25,Winred Technical Services Llc,Arlington,VA,22203,Bank Fees,
Governor,"MARX, VICTOR",Republican,2.05,10/27/25,Winred Technical Services Llc,Arlington,VA,22203,Bank Fees,
Governor,"MARX, VICTOR",Republican,4.1,10/27/25,Winred Technical Services Llc,Arlington,VA,22203,Bank Fees,
Governor,"MARX, VICTOR",Republican,15.06,10/27/25,Winred Technical Services Llc,Arlington,VA,22203,Other,Merchandise Shipping And Fees
Governor,"MARX, VICTOR",Republican,3.94,10/27/25,Winred Technical Services Llc,Arlington,VA,22203,Bank Fees,
Governor,"MARX, VICTOR",Republican,0.7,10/27/25,Winred Technical Services Llc,Arlington,VA,22203,Bank Fees,
Governor,"MARX, VICTOR",Republican,2.05,10/27/25,Winred Technical Services Llc,Arlington,VA,22203,Bank Fees,
Governor,"MARX, VICTOR",Republican,0.62,10/27/25,Winred Technical Services Llc,Arlington,VA,22203,Bank Fees,
Governor,"MARX, VICTOR",Republican,2.05,10/27/25,Winred Technical Services Llc,Arlington,VA,22203,Bank Fees,
Governor,"MARX, VICTOR",Republican,1.03,10/27/25,Winred Technical Services Llc,Arlington,VA,22203,Bank Fees,
Governor,"MARX, VICTOR",Republican,4.1,10/27/25,Winred Technical Services Llc,Arlington,VA,22203,Bank Fees,
Governor,"MARX, VICTOR",Republican,1.03,10/27/25,Winred Technical Services Llc,Arlington,VA,22203,Bank Fees,
Governor,"MARX, VICTOR",Republican,1.03,10/27/25,Winred Technical Services Llc,Arlington,VA,22203,Bank Fees,
Governor,"MARX, VICTOR",Republican,10.25,10/27/25,Winred Technical Services Llc,Arlington,VA,22203,Bank Fees,
Governor,"MARX, VICTOR",Republican,1.03,10/27/25,Winred Technical Services Llc,Arlington,VA,22203,Bank Fees,
Governor,"MARX, VICTOR",Republican,7.88,10/27/25,Winred Technical Services Llc,Arlington,VA,22203,Bank Fees,
Governor,"MARX, VICTOR",Republican,1.03,10/27/25,Winred Technical Services Llc,Arlington,VA,22203,Bank Fees,
Governor,"MARX, VICTOR",Republican,1.07,10/27/25,Winred Technical Services Llc,Arlington,VA,22203,Bank Fees,
Governor,"MARX, VICTOR",Republican,4.1,10/27/25,Winred Technical Services Llc,Arlington,VA,22203,Bank Fees,
Governor,"MARX, VICTOR",Republican,8.2,10/27/25,Winred Technical Services Llc,Arlington,VA,22203,Bank Fees,
Governor,"MARX, VICTOR",Republican,42.02,10/27/25,Winred Technical Services Llc,Arlington,VA,22203,Other,Merchandise Shipping And Fees
Governor,"MARX, VICTOR",Republican,4.1,10/27/25,Winred Technical Services Llc,Arlington,VA,22203,Bank Fees,
Governor,"MARX, VICTOR",Republican,2.05,10/27/25,Winred Technical Services Llc,Arlington,VA,22203,Bank Fees,
Governor,"MARX, VICTOR",Republican,1.03,10/27/25,Winred Technical Services Llc,Arlington,VA,22203,Bank Fees,
Governor,"MARX, VICTOR",Republican,2.05,10/27/25,Winred Technical Services Llc,Arlington,VA,22203,Bank Fees,
Governor,"MARX, VICTOR",Republican,138.29,10/27/25,Winred Technical Services Llc,Arlington,VA,22203,Other,Merchandise Shipping And Fees
Governor,"MARX, VICTOR",Republican,20.51,10/27/25,Winred Technical Services Llc,Arlington,VA,22203,Bank Fees,
Governor,"MARX, VICTOR",Republican,4.1,10/27/25,Winred Technical Services Llc,Arlington,VA,22203,Bank Fees,
Governor,"MARX, VICTOR",Republican,1.03,10/27/25,Winred Technical Services Llc,Arlington,VA,22203,Bank Fees,
Governor,"MARX, VICTOR",Republican,45.66,10/27/25,Winred Technical Services Llc,Arlington,VA,22203,Other,Merchandise Shipping And Fees
Governor,"MARX, VICTOR",Republican,57.13,10/27/25,Winred Technical Services Llc,Arlington,VA,22203,Bank Fees,
Governor,"MARX, VICTOR",Republican,4.1,10/27/25,Winred Technical Services Llc,Arlington,VA,22203,Bank Fees,
Governor,"MARX, VICTOR",Republican,9.85,10/27/25,Winred Technical Services Llc,Arlington,VA,22203,Bank Fees,
Governor,"MARX, VICTOR",Republican,1.03,10/27/25,Winred Technical Services Llc,Arlington,VA,22203,Bank Fees,
Governor,"MARX, VICTOR",Republican,20.51,10/27/25,Winred Technical Services Llc,Arlington,VA,22203,Bank Fees,
Governor,"MARX, VICTOR",Republican,47.32,10/27/25,Winred Technical Services Llc,Arlington,VA,22203,Other,Merchandise Shipping And Fees
Governor,"MARX, VICTOR",Republican,1.97,10/27/25,Winred Technical Services Llc,Arlington,VA,22203,Bank Fees,
Governor,"MARX, VICTOR",Republican,2.05,10/27/25,Winred Technical Services Llc,Arlington,VA,22203,Bank Fees,
Governor,"MARX, VICTOR",Republican,13.05,10/28/25,Venchi Broadw Miami,New York,NY,10003,"Food, Beverages and Meals",Accidental Charge Was Reimbursed
Governor,"MARX, VICTOR",Republican,2.05,10/28/25,Winred Technical Services Llc,Arlington,VA,22203,Bank Fees,
Governor,"MARX, VICTOR",Republican,10.25,10/28/25,Winred Technical Services Llc,Arlington,VA,22203,Bank Fees,
Governor,"MARX, VICTOR",Republican,30.13,10/28/25,Winred Technical Services Llc,Arlington,VA,22203,Other,Merchandise Shipping And Fees
Governor,"MARX, VICTOR",Republican,0.39,10/28/25,Winred Technical Services Llc,Arlington,VA,22203,Bank Fees,
Governor,"MARX, VICTOR",Republican,4.1,10/28/25,Winred Technical Services Llc,Arlington,VA,22203,Bank Fees,
Governor,"MARX, VICTOR",Republican,4.1,10/28/25,Winred Technical Services Llc,Arlington,VA,22203,Bank Fees,
Governor,"MARX, VICTOR",Republican,4.1,10/28/25,Winred Technical Services Llc,Arlington,VA,22203,Bank Fees,
Governor,"MARX, VICTOR",Republican,2.05,10/28/25,Winred Technical Services Llc,Arlington,VA,22203,Bank Fees,
Governor,"MARX, VICTOR",Republican,2.05,10/28/25,Winred Technical Services Llc,Arlington,VA,22203,Bank Fees,
Governor,"MARX, VICTOR",Republican,4.1,10/28/25,Winred Technical Services Llc,Arlington,VA,22203,Bank Fees,
Governor,"MARX, VICTOR",Republican,4.1,10/28/25,Winred Technical Services Llc,Arlington,VA,22203,Bank Fees,
Governor,"MARX, VICTOR",Republican,0.99,10/28/25,Winred Technical Services Llc,Arlington,VA,22203,Bank Fees,
Governor,"MARX, VICTOR",Republican,30.13,10/28/25,Winred Technical Services Llc,Arlington,VA,22203,Other,Merchandise Shipping And Fees
Governor,"MARX, VICTOR",Republican,4.1,10/28/25,Winred Technical Services Llc,Arlington,VA,22203,Bank Fees,
Governor,"MARX, VICTOR",Republican,15.06,10/28/25,Winred Technical Services Llc,Arlington,VA,22203,Other,Merchandise Shipping And Fees
Governor,"MARX, VICTOR",Republican,15.26,10/28/25,Winred Technical Services Llc,Arlington,VA,22203,Other,Merchandise Shipping And Fees
Governor,"MARX, VICTOR",Republican,15.06,10/28/25,Winred Technical Services Llc,Arlington,VA,22203,Other,Merchandise Shipping And Fees
Governor,"MARX, VICTOR",Republican,2.05,10/28/25,Winred Technical Services Llc,Arlington,VA,22203,Bank Fees,
Governor,"MARX, VICTOR",Republican,1.03,10/28/25,Winred Technical Services Llc,Arlington,VA,22203,Bank Fees,
Governor,"MARX, VICTOR",Republican,7.88,10/28/25,Winred Technical Services Llc,Arlington,VA,22203,Bank Fees,
Governor,"MARX, VICTOR",Republican,2.05,10/28/25,Winred Technical Services Llc,Arlington,VA,22203,Bank Fees,
Governor,"MARX, VICTOR",Republican,10.25,10/28/25,Winred Technical Services Llc,Arlington,VA,22203,Bank Fees,
Governor,"MARX, VICTOR",Republican,84.65,10/28/25,Winred Technical Services Llc,Arlington,VA,22203,Other,Merchandise Shipping And Fees
Governor,"MARX, VICTOR",Republican,3.94,10/28/25,Winred Technical Services Llc,Arlington,VA,22203,Bank Fees,
Governor,"MARX, VICTOR",Republican,146.42,10/28/25,Winred Technical Services Llc,Arlington,VA,22203,Other,Merchandise Shipping And Fees
Governor,"MARX, VICTOR",Republican,57.13,10/28/25,Winred Technical Services Llc,Arlington,VA,22203,Bank Fees,
Governor,"MARX, VICTOR",Republican,301.28,10/28/25,Winred Technical Services Llc,Arlington,VA,22203,Other,Merchandise Shipping And Fees
Governor,"MARX, VICTOR",Republican,4.1,10/28/25,Winred Technical Services Llc,Arlington,VA,22203,Bank Fees,
Governor,"MARX, VICTOR",Republican,1.03,10/28/25,Winred Technical Services Llc,Arlington,VA,22203,Bank Fees,
Governor,"MARX, VICTOR",Republican,4.1,10/28/25,Winred Technical Services Llc,Arlington,VA,22203,Bank Fees,
Governor,"MARX, VICTOR",Republican,4.1,10/28/25,Winred Technical Services Llc,Arlington,VA,22203,Bank Fees,
Governor,"MARX, VICTOR",Republican,2.05,10/28/25,Winred Technical Services Llc,Arlington,VA,22203,Bank Fees,
Governor,"MARX, VICTOR",Republican,4.1,10/28/25,Winred Technical Services Llc,Arlington,VA,22203,Bank Fees,
Governor,"MARX, VICTOR",Republican,4.1,10/28/25,Winred Technical Services Llc,Arlington,VA,22203,Bank Fees,
Governor,"MARX, VICTOR",Republican,30.52,10/28/25,Winred Technical Services Llc,Arlington,VA,22203,Other,Merchandise Shipping And Fees
Governor,"MARX, VICTOR",Republican,15.26,10/28/25,Winred Technical Services Llc,Arlington,VA,22203,Other,Merchandise Shipping And Fees
Governor,"MARX, VICTOR",Republican,1.03,10/28/25,Winred Technical Services Llc,Arlington,VA,22203,Bank Fees,
Governor,"MARX, VICTOR",Republican,4.1,10/28/25,Winred Technical Services Llc,Arlington,VA,22203,Bank Fees,
Governor,"MARX, VICTOR",Republican,20.51,10/28/25,Winred Technical Services Llc,Arlington,VA,22203,Bank Fees,
Governor,"MARX, VICTOR",Republican,4.1,10/28/25,Winred Technical Services Llc,Arlington,VA,22203,Bank Fees,
Governor,"MARX, VICTOR",Republican,2.05,10/28/25,Winred Technical Services Llc,Arlington,VA,22203,Bank Fees,
Governor,"MARX, VICTOR",Republican,2.05,10/28/25,Winred Technical Services Llc,Arlington,VA,22203,Bank Fees,
Governor,"MARX, VICTOR",Republican,10.25,10/28/25,Winred Technical Services Llc,Arlington,VA,22203,Bank Fees,
Governor,"MARX, VICTOR",Republican,1.03,10/28/25,Winred Technical Services Llc,Arlington,VA,22203,Bank Fees,
Governor,"MARX, VICTOR",Republican,15.06,10/28/25,Winred Technical Services Llc,Arlington,VA,22203,Other,Merchandise Shipping And Fees
Governor,"MARX, VICTOR",Republican,10.25,10/28/25,Winred Technical Services Llc,Arlington,VA,22203,Bank Fees,
Governor,"MARX, VICTOR",Republican,270,10/29/25,Mcs Portable Restrooms,Colorado Springs,CO,80905,Other,Portable Restroom
Governor,"MARX, VICTOR",Republican,63.99,10/29/25,Amazon.Com,Seattle,WA,98109,Other,Event Supplies
Governor,"MARX, VICTOR",Republican,10.77,10/29/25,Amazon.Com,Seattle,WA,98109,Other,Event Supplies
Governor,"MARX, VICTOR",Republican,9.73,10/29/25,Amazon.Com,Seattle,WA,98109,Other,Event Supplies
Governor,"MARX, VICTOR",Republican,10.25,10/29/25,Winred Technical Services Llc,Arlington,VA,22203,Bank Fees,
Governor,"MARX, VICTOR",Republican,1.03,10/29/25,Winred Technical Services Llc,Arlington,VA,22203,Bank Fees,
Governor,"MARX, VICTOR",Republican,3.28,10/29/25,Winred Technical Services Llc,Arlington,VA,22203,Bank Fees,
Governor,"MARX, VICTOR",Republican,2.05,10/29/25,Winred Technical Services Llc,Arlington,VA,22203,Bank Fees,
Governor,"MARX, VICTOR",Republican,0.41,10/29/25,Winred Technical Services Llc,Arlington,VA,22203,Bank Fees,
Governor,"MARX, VICTOR",Republican,15.06,10/29/25,Winred Technical Services Llc,Arlington,VA,22203,Other,Merchandise Shipping And Fees
Governor,"MARX, VICTOR",Republican,3.94,10/29/25,Winred Technical Services Llc,Arlington,VA,22203,Bank Fees,
Governor,"MARX, VICTOR",Republican,1.03,10/29/25,Winred Technical Services Llc,Arlington,VA,22203,Bank Fees,
Governor,"MARX, VICTOR",Republican,15.46,10/29/25,Winred Technical Services Llc,Arlington,VA,22203,Other,Merchandise Shipping And Fees
Governor,"MARX, VICTOR",Republican,2.05,10/29/25,Winred Technical Services Llc,Arlington,VA,22203,Bank Fees,
Governor,"MARX, VICTOR",Republican,1.03,10/29/25,Winred Technical Services Llc,Arlington,VA,22203,Bank Fees,
Governor,"MARX, VICTOR",Republican,4.1,10/29/25,Winred Technical Services Llc,Arlington,VA,22203,Bank Fees,
Governor,"MARX, VICTOR",Republican,30.13,10/29/25,Winred Technical Services Llc,Arlington,VA,22203,Other,Merchandise Shipping And Fees
Governor,"MARX, VICTOR",Republican,15.46,10/29/25,Winred Technical Services Llc,Arlington,VA,22203,Other,Merchandise Shipping And Fees
Governor,"MARX, VICTOR",Republican,2.05,10/29/25,Winred Technical Services Llc,Arlington,VA,22203,Bank Fees,
Governor,"MARX, VICTOR",Republican,2.05,10/29/25,Winred Technical Services Llc,Arlington,VA,22203,Bank Fees,
Governor,"MARX, VICTOR",Republican,4.1,10/29/25,Winred Technical Services Llc,Arlington,VA,22203,Bank Fees,
Governor,"MARX, VICTOR",Republican,0.41,10/29/25,Winred Technical Services Llc,Arlington,VA,22203,Bank Fees,
Governor,"MARX, VICTOR",Republican,17.03,10/29/25,Winred Technical Services Llc,Arlington,VA,22203,Other,Merchandise Shipping And Fees
Governor,"MARX, VICTOR",Republican,4.1,10/29/25,Winred Technical Services Llc,Arlington,VA,22203,Bank Fees,
Governor,"MARX, VICTOR",Republican,20.51,10/29/25,Winred Technical Services Llc,Arlington,VA,22203,Bank Fees,
Governor,"MARX, VICTOR",Republican,0.82,10/29/25,Winred Technical Services Llc,Arlington,VA,22203,Bank Fees,
Governor,"MARX, VICTOR",Republican,2.05,10/29/25,Winred Technical Services Llc,Arlington,VA,22203,Bank Fees,
Governor,"MARX, VICTOR",Republican,7.88,10/29/25,Winred Technical Services Llc,Arlington,VA,22203,Bank Fees,
Governor,"MARX, VICTOR",Republican,39.8,10/29/25,Winred Technical Services Llc,Arlington,VA,22203,Other,Merchandise Shipping And Fees
Governor,"MARX, VICTOR",Republican,60.26,10/29/25,Winred Technical Services Llc,Arlington,VA,22203,Other,Merchandise Shipping And Fees
Governor,"MARX, VICTOR",Republican,1.03,10/29/25,Winred Technical Services Llc,Arlington,VA,22203,Bank Fees,
Governor,"MARX, VICTOR",Republican,30.13,10/29/25,Winred Technical Services Llc,Arlington,VA,22203,Other,Merchandise Shipping And Fees
Governor,"MARX, VICTOR",Republican,4.1,10/29/25,Winred Technical Services Llc,Arlington,VA,22203,Bank Fees,
Governor,"MARX, VICTOR",Republican,0.99,10/29/25,Winred Technical Services Llc,Arlington,VA,22203,Bank Fees,
Governor,"MARX, VICTOR",Republican,10.25,10/29/25,Winred Technical Services Llc,Arlington,VA,22203,Bank Fees,
Governor,"MARX, VICTOR",Republican,3.94,10/29/25,Winred Technical Services Llc,Arlington,VA,22203,Bank Fees,
Governor,"MARX, VICTOR",Republican,156.1,10/29/25,Winred Technical Services Llc,Arlington,VA,22203,Other,Merchandise Shipping And Fees
Governor,"MARX, VICTOR",Republican,2.05,10/29/25,Winred Technical Services Llc,Arlington,VA,22203,Bank Fees,
Governor,"MARX, VICTOR",Republican,1.03,10/29/25,Winred Technical Services Llc,Arlington,VA,22203,Bank Fees,
Governor,"MARX, VICTOR",Republican,63.74,10/29/25,Winred Technical Services Llc,Arlington,VA,22203,Other,Merchandise Shipping And Fees
Governor,"MARX, VICTOR",Republican,10000,10/30/25,Gessler Blue Llc,Greenwood Village,CO,80111,Consultant & Professional Services,
Governor,"MARX, VICTOR",Republican,39.52,10/30/25,Winred Technical Services Llc,Arlington,VA,22203,Other,Merchandise Shipping And Fees
Governor,"MARX, VICTOR",Republican,2.05,10/30/25,Winred Technical Services Llc,Arlington,VA,22203,Bank Fees,
Governor,"MARX, VICTOR",Republican,15.06,10/30/25,Winred Technical Services Llc,Arlington,VA,22203,Other,Merchandise Shipping And Fees
Governor,"MARX, VICTOR",Republican,1.03,10/30/25,Winred Technical Services Llc,Arlington,VA,22203,Bank Fees,
Governor,"MARX, VICTOR",Republican,4.1,10/30/25,Winred Technical Services Llc,Arlington,VA,22203,Bank Fees,
Governor,"MARX, VICTOR",Republican,4.1,10/30/25,Winred Technical Services Llc,Arlington,VA,22203,Bank Fees,
Governor,"MARX, VICTOR",Republican,10.25,10/30/25,Winred Technical Services Llc,Arlington,VA,22203,Bank Fees,
Governor,"MARX, VICTOR",Republican,4.1,10/30/25,Winred Technical Services Llc,Arlington,VA,22203,Bank Fees,
Governor,"MARX, VICTOR",Republican,0.82,10/30/25,Winred Technical Services Llc,Arlington,VA,22203,Bank Fees,
Governor,"MARX, VICTOR",Republican,4.1,10/30/25,Winred Technical Services Llc,Arlington,VA,22203,Bank Fees,
Governor,"MARX, VICTOR",Republican,44.49,10/30/25,Winred Technical Services Llc,Arlington,VA,22203,Other,Merchandise Shipping And Fees
Governor,"MARX, VICTOR",Republican,4.1,10/30/25,Winred Technical Services Llc,Arlington,VA,22203,Bank Fees,
Governor,"MARX, VICTOR",Republican,4.1,10/30/25,Winred Technical Services Llc,Arlington,VA,22203,Bank Fees,
Governor,"MARX, VICTOR",Republican,2.05,10/30/25,Winred Technical Services Llc,Arlington,VA,22203,Bank Fees,
Governor,"MARX, VICTOR",Republican,24.58,10/30/25,Winred Technical Services Llc,Arlington,VA,22203,Other,Merchandise Shipping And Fees
Governor,"MARX, VICTOR",Republican,434.8,10/31/25,Master Printers,Canon City,CO,81212,Fundraising Expenses,Envelopes
Governor,"MARX, VICTOR",Republican,12500,10/31/25,Campaign Catalyst,Pueblo West,CO,81007,Consultant & Professional Services,"Nucleus, Field Consulting, Grid"
Governor,"MARX, VICTOR",Republican,2500,10/31/25,Gregory Carlson Prp Llc,Canon City,CO,81212,Consultant & Professional Services,Campaign Compliance
Governor,"MARX, VICTOR",Republican,299.24,10/31/25,Marvin Rentals,Colorado Springs,CO,80915,Other,Tables/Chairs
Governor,"MARX, VICTOR",Republican,781.3,10/31/25,Extra Duty Solutions,Shelton,CT,6484,Other,Security
Governor,"MARX, VICTOR",Republican,1.03,10/31/25,Winred Technical Services Llc,Arlington,VA,22203,Bank Fees,
Governor,"MARX, VICTOR",Republican,135.37,10/31/25,Winred Technical Services Llc,Arlington,VA,22203,Other,Merchandise Shipping And Fees
Governor,"MARX, VICTOR",Republican,56.44,10/31/25,Winred Technical Services Llc,Arlington,VA,22203,Other,Merchandise Shipping And Fees
Governor,"MARX, VICTOR",Republican,1.03,10/31/25,Winred Technical Services Llc,Arlington,VA,22203,Bank Fees,
Governor,"MARX, VICTOR",Republican,20.51,10/31/25,Winred Technical Services Llc,Arlington,VA,22203,Bank Fees,
Governor,"MARX, VICTOR",Republican,1.03,10/31/25,Winred Technical Services Llc,Arlington,VA,22203,Bank Fees,
Governor,"MARX, VICTOR",Republican,2.05,10/31/25,Winred Technical Services Llc,Arlington,VA,22203,Bank Fees,
Governor,"MARX, VICTOR",Republican,1.03,10/31/25,Winred Technical Services Llc,Arlington,VA,22203,Bank Fees,
Governor,"MARX, VICTOR",Republican,15.06,10/31/25,Winred Technical Services Llc,Arlington,VA,22203,Other,Merchandise Shipping And Fees
Governor,"MARX, VICTOR",Republican,94.97,10/31/25,Winred Technical Services Llc,Arlington,VA,22203,Other,Merchandise Shipping And Fees
Governor,"MARX, VICTOR",Republican,15.06,10/31/25,Winred Technical Services Llc,Arlington,VA,22203,Other,Merchandise Shipping And Fees
Governor,"MARX, VICTOR",Republican,4.1,10/31/25,Winred Technical Services Llc,Arlington,VA,22203,Bank Fees,
Governor,"MARX, VICTOR",Republican,10.25,10/31/25,Winred Technical Services Llc,Arlington,VA,22203,Bank Fees,
Governor,"MARX, VICTOR",Republican,1.03,10/31/25,Winred Technical Services Llc,Arlington,VA,22203,Bank Fees,
Governor,"MARX, VICTOR",Republican,17.03,10/31/25,Winred Technical Services Llc,Arlington,VA,22203,Other,Merchandise Shipping And Fees
Governor,"MARX, VICTOR",Republican,56.44,10/31/25,Winred Technical Services Llc,Arlington,VA,22203,Other,Merchandise Shipping And Fees
Governor,"MARX, VICTOR",Republican,15.06,10/31/25,Winred Technical Services Llc,Arlington,VA,22203,Other,Merchandise Shipping And Fees
Governor,"MARX, VICTOR",Republican,1.03,10/31/25,Winred Technical Services Llc,Arlington,VA,22203,Bank Fees,
Governor,"MARX, VICTOR",Republican,0.41,10/31/25,Winred Technical Services Llc,Arlington,VA,22203,Bank Fees,
Governor,"MARX, VICTOR",Republican,2.05,10/31/25,Winred Technical Services Llc,Arlington,VA,22203,Bank Fees,
Governor,"MARX, VICTOR",Republican,1.03,10/31/25,Winred Technical Services Llc,Arlington,VA,22203,Bank Fees,
Governor,"MARX, VICTOR",Republican,4.1,10/31/25,Winred Technical Services Llc,Arlington,VA,22203,Bank Fees,
Governor,"MARX, VICTOR",Republican,15.06,11/1/25,Winred Technical Services Llc,Arlington,VA,22203,Other,Merchandise Shipping And Fees
Governor,"MARX, VICTOR",Republican,61.29,11/1/25,Winred Technical Services Llc,Arlington,VA,22203,Other,Merchandise Shipping And Fees
Governor,"MARX, VICTOR",Republican,30.36,11/1/25,Winred Technical Services Llc,Arlington,VA,22203,Other,Merchandise Shipping And Fees
Governor,"MARX, VICTOR",Republican,1.03,11/1/25,Winred Technical Services Llc,Arlington,VA,22203,Bank Fees,
Governor,"MARX, VICTOR",Republican,0.82,11/1/25,Winred Technical Services Llc,Arlington,VA,22203,Bank Fees,
Governor,"MARX, VICTOR",Republican,2.05,11/1/25,Winred Technical Services Llc,Arlington,VA,22203,Bank Fees,
Governor,"MARX, VICTOR",Republican,17.03,11/1/25,Winred Technical Services Llc,Arlington,VA,22203,Other,Merchandise Shipping And Fees
Governor,"MARX, VICTOR",Republican,24.54,11/1/25,Winred Technical Services Llc,Arlington,VA,22203,Other,Merchandise Shipping And Fees
Governor,"MARX, VICTOR",Republican,56.64,11/1/25,Winred Technical Services Llc,Arlington,VA,22203,Other,Merchandise Shipping And Fees
Governor,"MARX, VICTOR",Republican,15.26,11/1/25,Winred Technical Services Llc,Arlington,VA,22203,Other,Merchandise Shipping And Fees
Governor,"MARX, VICTOR",Republican,1.03,11/1/25,Winred Technical Services Llc,Arlington,VA,22203,Bank Fees,
Governor,"MARX, VICTOR",Republican,16.05,11/1/25,Winred Technical Services Llc,Arlington,VA,22203,Other,Merchandise Shipping And Fees
Governor,"MARX, VICTOR",Republican,2.05,11/1/25,Winred Technical Services Llc,Arlington,VA,22203,Bank Fees,
Governor,"MARX, VICTOR",Republican,15.26,11/1/25,Winred Technical Services Llc,Arlington,VA,22203,Other,Merchandise Shipping And Fees
Governor,"MARX, VICTOR",Republican,1.03,11/1/25,Winred Technical Services Llc,Arlington,VA,22203,Bank Fees,
Governor,"MARX, VICTOR",Republican,15.06,11/1/25,Winred Technical Services Llc,Arlington,VA,22203,Other,Merchandise Shipping And Fees
Governor,"MARX, VICTOR",Republican,2.05,11/1/25,Winred Technical Services Llc,Arlington,VA,22203,Bank Fees,
Governor,"MARX, VICTOR",Republican,4.1,11/1/25,Winred Technical Services Llc,Arlington,VA,22203,Bank Fees,
Governor,"MARX, VICTOR",Republican,16.41,11/1/25,Winred Technical Services Llc,Arlington,VA,22203,Bank Fees,
Governor,"MARX, VICTOR",Republican,4.1,11/1/25,Winred Technical Services Llc,Arlington,VA,22203,Bank Fees,
Governor,"MARX, VICTOR",Republican,1.03,11/1/25,Winred Technical Services Llc,Arlington,VA,22203,Bank Fees,
Governor,"MARX, VICTOR",Republican,303.27,11/1/25,Winred Technical Services Llc,Arlington,VA,22203,Other,Merchandise Shipping And Fees
Governor,"MARX, VICTOR",Republican,750,11/1/25,All Things Possible Ministries,Colorado Springs,CO,80908,Other,Venue Fee For Event
Governor,"MARX, VICTOR",Republican,3750,11/1/25,Onesimus Publishing,Colorado Springs,CO,80908,Other,Dangerous Gentleman Books See Corresponding In Kind Contribution
Governor,"MARX, VICTOR",Republican,0.82,11/2/25,Winred Technical Services Llc,Arlington,VA,22203,Bank Fees,
Governor,"MARX, VICTOR",Republican,45.19,11/2/25,Winred Technical Services Llc,Arlington,VA,22203,Other,Merchandise Shipping And Fees
Governor,"MARX, VICTOR",Republican,15.26,11/2/25,Winred Technical Services Llc,Arlington,VA,22203,Other,Merchandise Shipping And Fees
Governor,"MARX, VICTOR",Republican,15.06,11/2/25,Winred Technical Services Llc,Arlington,VA,22203,Other,Merchandise Shipping And Fees
Governor,"MARX, VICTOR",Republican,25.32,11/2/25,Winred Technical Services Llc,Arlington,VA,22203,Other,Merchandise Shipping And Fees
Governor,"MARX, VICTOR",Republican,1.03,11/2/25,Winred Technical Services Llc,Arlington,VA,22203,Bank Fees,
Governor,"MARX, VICTOR",Republican,15.26,11/2/25,Winred Technical Services Llc,Arlington,VA,22203,Other,Merchandise Shipping And Fees
Governor,"MARX, VICTOR",Republican,4.14,11/2/25,Winred Technical Services Llc,Arlington,VA,22203,Bank Fees,
Governor,"MARX, VICTOR",Republican,0.41,11/2/25,Winred Technical Services Llc,Arlington,VA,22203,Bank Fees,
Governor,"MARX, VICTOR",Republican,8.2,11/2/25,Winred Technical Services Llc,Arlington,VA,22203,Bank Fees,
Governor,"MARX, VICTOR",Republican,2.05,11/2/25,Winred Technical Services Llc,Arlington,VA,22203,Bank Fees,
Governor,"MARX, VICTOR",Republican,94.32,11/2/25,Winred Technical Services Llc,Arlington,VA,22203,Other,Merchandise Shipping And Fees
Governor,"MARX, VICTOR",Republican,57.13,11/2/25,Winred Technical Services Llc,Arlington,VA,22203,Bank Fees,
Governor,"MARX, VICTOR",Republican,221.32,11/2/25,Winred Technical Services Llc,Arlington,VA,22203,Other,Merchandise Shipping And Fees
Governor,"MARX, VICTOR",Republican,10.25,11/2/25,Winred Technical Services Llc,Arlington,VA,22203,Bank Fees,
Governor,"MARX, VICTOR",Republican,2.05,11/2/25,Winred Technical Services Llc,Arlington,VA,22203,Bank Fees,
Governor,"MARX, VICTOR",Republican,4.06,11/2/25,Winred Technical Services Llc,Arlington,VA,22203,Bank Fees,
Governor,"MARX, VICTOR",Republican,2315.83,11/3/25,Mission Bbq Colorado,Colorado Springs,CO,80921,"Food, Beverages and Meals",
Governor,"MARX, VICTOR",Republican,98.16,11/3/25,Fedex,Colorado Springs,CO,80922,Other,Flyers
Governor,"MARX, VICTOR",Republican,1.03,11/3/25,Winred Technical Services Llc,Arlington,VA,22203,Bank Fees,
Governor,"MARX, VICTOR",Republican,1.03,11/3/25,Winred Technical Services Llc,Arlington,VA,22203,Bank Fees,
Governor,"MARX, VICTOR",Republican,112.89,11/3/25,Winred Technical Services Llc,Arlington,VA,22203,Other,Merchandise Shipping And Fees
Governor,"MARX, VICTOR",Republican,25.44,11/3/25,Winred Technical Services Llc,Arlington,VA,22203,Other,Merchandise Shipping And Fees
Governor,"MARX, VICTOR",Republican,24.34,11/3/25,Winred Technical Services Llc,Arlington,VA,22203,Other,Merchandise Shipping And Fees
Governor,"MARX, VICTOR",Republican,2.05,11/3/25,Winred Technical Services Llc,Arlington,VA,22203,Bank Fees,
Governor,"MARX, VICTOR",Republican,2.05,11/3/25,Winred Technical Services Llc,Arlington,VA,22203,Bank Fees,
Governor,"MARX, VICTOR",Republican,1.03,11/3/25,Winred Technical Services Llc,Arlington,VA,22203,Bank Fees,
Governor,"MARX, VICTOR",Republican,56.44,11/3/25,Winred Technical Services Llc,Arlington,VA,22203,Other,Merchandise Shipping And Fees
Governor,"MARX, VICTOR",Republican,31.11,11/3/25,Winred Technical Services Llc,Arlington,VA,22203,Other,Merchandise Shipping And Fees
Governor,"MARX, VICTOR",Republican,0.79,11/3/25,Winred Technical Services Llc,Arlington,VA,22203,Bank Fees,
Governor,"MARX, VICTOR",Republican,1.03,11/3/25,Winred Technical Services Llc,Arlington,VA,22203,Bank Fees,
Governor,"MARX, VICTOR",Republican,2.05,11/3/25,Winred Technical Services Llc,Arlington,VA,22203,Bank Fees,
Governor,"MARX, VICTOR",Republican,57.13,11/3/25,Winred Technical Services Llc,Arlington,VA,22203,Bank Fees,
Governor,"MARX, VICTOR",Republican,2.05,11/3/25,Winred Technical Services Llc,Arlington,VA,22203,Bank Fees,
Governor,"MARX, VICTOR",Republican,1.03,11/3/25,Winred Technical Services Llc,Arlington,VA,22203,Bank Fees,
Governor,"MARX, VICTOR",Republican,54.59,11/3/25,Winred Technical Services Llc,Arlington,VA,22203,Other,Merchandise Shipping And Fees
Governor,"MARX, VICTOR",Republican,4.1,11/3/25,Winred Technical Services Llc,Arlington,VA,22203,Bank Fees,
Governor,"MARX, VICTOR",Republican,4.1,11/3/25,Winred Technical Services Llc,Arlington,VA,22203,Bank Fees,
Governor,"MARX, VICTOR",Republican,4.1,11/3/25,Winred Technical Services Llc,Arlington,VA,22203,Bank Fees,
Governor,"MARX, VICTOR",Republican,27.15,11/3/25,Winred Technical Services Llc,Arlington,VA,22203,Other,Merchandise Shipping And Fees
Governor,"MARX, VICTOR",Republican,122.39,11/3/25,Winred Technical Services Llc,Arlington,VA,22203,Other,Merchandise Shipping And Fees
Governor,"MARX, VICTOR",Republican,1.03,11/3/25,Winred Technical Services Llc,Arlington,VA,22203,Bank Fees,
Governor,"MARX, VICTOR",Republican,2.05,11/3/25,Winred Technical Services Llc,Arlington,VA,22203,Bank Fees,
Governor,"MARX, VICTOR",Republican,2.05,11/3/25,Winred Technical Services Llc,Arlington,VA,22203,Bank Fees,
Governor,"MARX, VICTOR",Republican,1.03,11/4/25,Winred Technical Services Llc,Arlington,VA,22203,Bank Fees,
Governor,"MARX, VICTOR",Republican,1.03,11/4/25,Winred Technical Services Llc,Arlington,VA,22203,Bank Fees,
Governor,"MARX, VICTOR",Republican,2.05,11/4/25,Winred Technical Services Llc,Arlington,VA,22203,Bank Fees,
Governor,"MARX, VICTOR",Republican,4.1,11/4/25,Winred Technical Services Llc,Arlington,VA,22203,Bank Fees,
Governor,"MARX, VICTOR",Republican,3.94,11/4/25,Winred Technical Services Llc,Arlington,VA,22203,Bank Fees,
Governor,"MARX, VICTOR",Republican,0.99,11/4/25,Winred Technical Services Llc,Arlington,VA,22203,Bank Fees,
Governor,"MARX, VICTOR",Republican,1.03,11/4/25,Winred Technical Services Llc,Arlington,VA,22203,Bank Fees,
Governor,"MARX, VICTOR",Republican,2.05,11/4/25,Winred Technical Services Llc,Arlington,VA,22203,Bank Fees,
Governor,"MARX, VICTOR",Republican,15.46,11/4/25,Winred Technical Services Llc,Arlington,VA,22203,Other,Merchandise Shipping And Fees
Governor,"MARX, VICTOR",Republican,3.94,11/4/25,Winred Technical Services Llc,Arlington,VA,22203,Bank Fees,
Governor,"MARX, VICTOR",Republican,1.03,11/4/25,Winred Technical Services Llc,Arlington,VA,22203,Bank Fees,
Governor,"MARX, VICTOR",Republican,1.03,11/4/25,Winred Technical Services Llc,Arlington,VA,22203,Bank Fees,
Governor,"MARX, VICTOR",Republican,15.46,11/4/25,Winred Technical Services Llc,Arlington,VA,22203,Other,Merchandise Shipping And Fees
Governor,"MARX, VICTOR",Republican,1180.98,11/5/25,Krystal  Freeland,Colorado Springs,CO,80921,Other,Reimbursment For In Kind Donation Decorations
Governor,"MARX, VICTOR",Republican,2.05,11/5/25,Winred Technical Services Llc,Arlington,VA,22203,Bank Fees,
Governor,"MARX, VICTOR",Republican,56.44,11/5/25,Winred Technical Services Llc,Arlington,VA,22203,Other,Merchandise Shipping And Fees
Governor,"MARX, VICTOR",Republican,2.05,11/5/25,Winred Technical Services Llc,Arlington,VA,22203,Bank Fees,
Governor,"MARX, VICTOR",Republican,2.05,11/5/25,Winred Technical Services Llc,Arlington,VA,22203,Bank Fees,
Governor,"MARX, VICTOR",Republican,1.03,11/5/25,Winred Technical Services Llc,Arlington,VA,22203,Bank Fees,
Governor,"MARX, VICTOR",Republican,3.94,11/5/25,Winred Technical Services Llc,Arlington,VA,22203,Bank Fees,
Governor,"MARX, VICTOR",Republican,4.1,11/5/25,Winred Technical Services Llc,Arlington,VA,22203,Bank Fees,
Governor,"MARX, VICTOR",Republican,90.49,11/5/25,Winred Technical Services Llc,Arlington,VA,22203,Other,Merchandise Shipping And Fees
Governor,"MARX, VICTOR",Republican,0.99,11/5/25,Winred Technical Services Llc,Arlington,VA,22203,Bank Fees,
Governor,"MARX, VICTOR",Republican,131.7,11/5/25,Winred Technical Services Llc,Arlington,VA,22203,Other,Merchandise Shipping And Fees
Governor,"MARX, VICTOR",Republican,5000,11/6/25,Trent  Langhofer,Colorado Springs,CO,80927,Consultant & Professional Services,
Governor,"MARX, VICTOR",Republican,20.26,11/6/25,Winred Technical Services Llc,Arlington,VA,22203,Other,Merchandise Shipping And Fees
Governor,"MARX, VICTOR",Republican,39.4,11/6/25,Winred Technical Services Llc,Arlington,VA,22203,Other,Merchandise Shipping And Fees
Governor,"MARX, VICTOR",Republican,29.74,11/6/25,Winred Technical Services Llc,Arlington,VA,22203,Bank Fees,
Governor,"MARX, VICTOR",Republican,4.1,11/6/25,Winred Technical Services Llc,Arlington,VA,22203,Bank Fees,
Governor,"MARX, VICTOR",Republican,57.09,11/6/25,Winred Technical Services Llc,Arlington,VA,22203,Other,Merchandise Shipping And Fees
Governor,"MARX, VICTOR",Republican,20.51,11/6/25,Winred Technical Services Llc,Arlington,VA,22203,Bank Fees,
Governor,"MARX, VICTOR",Republican,34.07,11/6/25,Winred Technical Services Llc,Arlington,VA,22203,Other,Merchandise Shipping And Fees
Governor,"MARX, VICTOR",Republican,4.1,11/6/25,Winred Technical Services Llc,Arlington,VA,22203,Bank Fees,
Governor,"MARX, VICTOR",Republican,3.94,11/6/25,Winred Technical Services Llc,Arlington,VA,22203,Bank Fees,
Governor,"MARX, VICTOR",Republican,4.1,11/6/25,Winred Technical Services Llc,Arlington,VA,22203,Bank Fees,
Governor,"MARX, VICTOR",Republican,57.13,11/6/25,Winred Technical Services Llc,Arlington,VA,22203,Bank Fees,
Governor,"MARX, VICTOR",Republican,2.05,11/6/25,Winred Technical Services Llc,Arlington,VA,22203,Bank Fees,
Governor,"MARX, VICTOR",Republican,1.03,11/6/25,Winred Technical Services Llc,Arlington,VA,22203,Bank Fees,
Governor,"MARX, VICTOR",Republican,4.1,11/6/25,Winred Technical Services Llc,Arlington,VA,22203,Bank Fees,
Governor,"MARX, VICTOR",Republican,1.03,11/6/25,Winred Technical Services Llc,Arlington,VA,22203,Bank Fees,
Governor,"MARX, VICTOR",Republican,4.1,11/6/25,Winred Technical Services Llc,Arlington,VA,22203,Bank Fees,
Governor,"MARX, VICTOR",Republican,112.85,11/6/25,Winred Technical Services Llc,Arlington,VA,22203,Other,Merchandise Shipping And Fees
Governor,"MARX, VICTOR",Republican,1.03,11/6/25,Winred Technical Services Llc,Arlington,VA,22203,Bank Fees,
Governor,"MARX, VICTOR",Republican,0.82,11/6/25,Winred Technical Services Llc,Arlington,VA,22203,Bank Fees,
Governor,"MARX, VICTOR",Republican,16.05,11/6/25,Winred Technical Services Llc,Arlington,VA,22203,Other,Merchandise Shipping And Fees
Governor,"MARX, VICTOR",Republican,0.62,11/6/25,Winred Technical Services Llc,Arlington,VA,22203,Bank Fees,
Governor,"MARX, VICTOR",Republican,0.99,11/6/25,Winred Technical Services Llc,Arlington,VA,22203,Bank Fees,
Governor,"MARX, VICTOR",Republican,4.1,11/6/25,Winred Technical Services Llc,Arlington,VA,22203,Bank Fees,
Governor,"MARX, VICTOR",Republican,1.03,11/6/25,Winred Technical Services Llc,Arlington,VA,22203,Bank Fees,
Governor,"MARX, VICTOR",Republican,10.25,11/6/25,Winred Technical Services Llc,Arlington,VA,22203,Bank Fees,
Governor,"MARX, VICTOR",Republican,15.06,11/6/25,Winred Technical Services Llc,Arlington,VA,22203,Other,Merchandise Shipping And Fees
Governor,"MARX, VICTOR",Republican,4.1,11/6/25,Winred Technical Services Llc,Arlington,VA,22203,Bank Fees,
Governor,"MARX, VICTOR",Republican,1.03,11/6/25,Winred Technical Services Llc,Arlington,VA,22203,Bank Fees,
Governor,"MARX, VICTOR",Republican,1.03,11/6/25,Winred Technical Services Llc,Arlington,VA,22203,Bank Fees,
Governor,"MARX, VICTOR",Republican,31.11,11/6/25,Winred Technical Services Llc,Arlington,VA,22203,Other,Merchandise Shipping And Fees
Governor,"MARX, VICTOR",Republican,4.1,11/6/25,Winred Technical Services Llc,Arlington,VA,22203,Bank Fees,
Governor,"MARX, VICTOR",Republican,4.1,11/6/25,Winred Technical Services Llc,Arlington,VA,22203,Bank Fees,
Governor,"MARX, VICTOR",Republican,4.1,11/6/25,Winred Technical Services Llc,Arlington,VA,22203,Bank Fees,
Governor,"MARX, VICTOR",Republican,2.05,11/6/25,Winred Technical Services Llc,Arlington,VA,22203,Bank Fees,
Governor,"MARX, VICTOR",Republican,0.99,11/6/25,Winred Technical Services Llc,Arlington,VA,22203,Bank Fees,
Governor,"MARX, VICTOR",Republican,20.38,11/6/25,Winred Technical Services Llc,Arlington,VA,22203,Other,Merchandise Shipping And Fees
Governor,"MARX, VICTOR",Republican,1.03,11/7/25,Winred Technical Services Llc,Arlington,VA,22203,Bank Fees,
Governor,"MARX, VICTOR",Republican,2.05,11/7/25,Winred Technical Services Llc,Arlington,VA,22203,Bank Fees,
Governor,"MARX, VICTOR",Republican,2.05,11/7/25,Winred Technical Services Llc,Arlington,VA,22203,Bank Fees,
Governor,"MARX, VICTOR",Republican,1.03,11/7/25,Winred Technical Services Llc,Arlington,VA,22203,Bank Fees,
Governor,"MARX, VICTOR",Republican,1.03,11/7/25,Winred Technical Services Llc,Arlington,VA,22203,Bank Fees,
Governor,"MARX, VICTOR",Republican,1.03,11/7/25,Winred Technical Services Llc,Arlington,VA,22203,Bank Fees,
Governor,"MARX, VICTOR",Republican,0.62,11/7/25,Winred Technical Services Llc,Arlington,VA,22203,Bank Fees,
Governor,"MARX, VICTOR",Republican,54.94,11/7/25,Winred Technical Services Llc,Arlington,VA,22203,Other,Merchandise Shipping And Fees
Governor,"MARX, VICTOR",Republican,1.03,11/7/25,Winred Technical Services Llc,Arlington,VA,22203,Bank Fees,
Governor,"MARX, VICTOR",Republican,2.05,11/7/25,Winred Technical Services Llc,Arlington,VA,22203,Bank Fees,
Governor,"MARX, VICTOR",Republican,2.05,11/7/25,Winred Technical Services Llc,Arlington,VA,22203,Bank Fees,
Governor,"MARX, VICTOR",Republican,0.41,11/7/25,Winred Technical Services Llc,Arlington,VA,22203,Bank Fees,
Governor,"MARX, VICTOR",Republican,0.62,11/7/25,Winred Technical Services Llc,Arlington,VA,22203,Bank Fees,
Governor,"MARX, VICTOR",Republican,2.05,11/7/25,Winred Technical Services Llc,Arlington,VA,22203,Bank Fees,
Governor,"MARX, VICTOR",Republican,27.15,11/7/25,Winred Technical Services Llc,Arlington,VA,22203,Other,Merchandise Shipping And Fees
Governor,"MARX, VICTOR",Republican,71.51,11/7/25,Winred Technical Services Llc,Arlington,VA,22203,Other,Merchandise Shipping And Fees
Governor,"MARX, VICTOR",Republican,0.99,11/7/25,Winred Technical Services Llc,Arlington,VA,22203,Bank Fees,
Governor,"MARX, VICTOR",Republican,1.03,11/7/25,Winred Technical Services Llc,Arlington,VA,22203,Bank Fees,
Governor,"MARX, VICTOR",Republican,13.93,11/7/25,Winred Technical Services Llc,Arlington,VA,22203,Bank Fees,
Governor,"MARX, VICTOR",Republican,2.05,11/7/25,Winred Technical Services Llc,Arlington,VA,22203,Bank Fees,
Governor,"MARX, VICTOR",Republican,59.44,11/7/25,Winred Technical Services Llc,Arlington,VA,22203,Other,Merchandise Shipping And Fees
Governor,"MARX, VICTOR",Republican,1.03,11/7/25,Winred Technical Services Llc,Arlington,VA,22203,Bank Fees,
Governor,"MARX, VICTOR",Republican,60.43,11/7/25,Winred Technical Services Llc,Arlington,VA,22203,Other,Merchandise Shipping And Fees
Governor,"MARX, VICTOR",Republican,1.97,11/7/25,Winred Technical Services Llc,Arlington,VA,22203,Bank Fees,
Governor,"MARX, VICTOR",Republican,2.05,11/7/25,Winred Technical Services Llc,Arlington,VA,22203,Bank Fees,
Governor,"MARX, VICTOR",Republican,1.03,11/7/25,Winred Technical Services Llc,Arlington,VA,22203,Bank Fees,
Governor,"MARX, VICTOR",Republican,4.1,11/7/25,Winred Technical Services Llc,Arlington,VA,22203,Bank Fees,
Governor,"MARX, VICTOR",Republican,3.94,11/7/25,Winred Technical Services Llc,Arlington,VA,22203,Bank Fees,
Governor,"MARX, VICTOR",Republican,24.46,11/7/25,Winred Technical Services Llc,Arlington,VA,22203,Other,Merchandise Shipping And Fees
Governor,"MARX, VICTOR",Republican,4.1,11/7/25,Winred Technical Services Llc,Arlington,VA,22203,Bank Fees,
Governor,"MARX, VICTOR",Republican,4.1,11/7/25,Winred Technical Services Llc,Arlington,VA,22203,Bank Fees,
Governor,"MARX, VICTOR",Republican,20.51,11/7/25,Winred Technical Services Llc,Arlington,VA,22203,Bank Fees,
Governor,"MARX, VICTOR",Republican,15.06,11/7/25,Winred Technical Services Llc,Arlington,VA,22203,Other,Merchandise Shipping And Fees
Governor,"MARX, VICTOR",Republican,4.1,11/7/25,Winred Technical Services Llc,Arlington,VA,22203,Bank Fees,
Governor,"MARX, VICTOR",Republican,1.03,11/7/25,Winred Technical Services Llc,Arlington,VA,22203,Bank Fees,
Governor,"MARX, VICTOR",Republican,15.26,11/7/25,Winred Technical Services Llc,Arlington,VA,22203,Other,Merchandise Shipping And Fees
Governor,"MARX, VICTOR",Republican,1.03,11/7/25,Winred Technical Services Llc,Arlington,VA,22203,Bank Fees,
Governor,"MARX, VICTOR",Republican,10.25,11/8/25,Winred Technical Services Llc,Arlington,VA,22203,Bank Fees,
Governor,"MARX, VICTOR",Republican,4.1,11/8/25,Winred Technical Services Llc,Arlington,VA,22203,Bank Fees,
Governor,"MARX, VICTOR",Republican,1.97,11/8/25,Winred Technical Services Llc,Arlington,VA,22203,Bank Fees,
Governor,"MARX, VICTOR",Republican,124.17,11/8/25,Winred Technical Services Llc,Arlington,VA,22203,Other,Merchandise Shipping And Fees
Governor,"MARX, VICTOR",Republican,1.03,11/8/25,Winred Technical Services Llc,Arlington,VA,22203,Bank Fees,
Governor,"MARX, VICTOR",Republican,1.03,11/8/25,Winred Technical Services Llc,Arlington,VA,22203,Bank Fees,
Governor,"MARX, VICTOR",Republican,1.03,11/8/25,Winred Technical Services Llc,Arlington,VA,22203,Bank Fees,
Governor,"MARX, VICTOR",Republican,42.02,11/8/25,Winred Technical Services Llc,Arlington,VA,22203,Other,Merchandise Shipping And Fees
Governor,"MARX, VICTOR",Republican,4.1,11/8/25,Winred Technical Services Llc,Arlington,VA,22203,Bank Fees,
Governor,"MARX, VICTOR",Republican,1.03,11/8/25,Winred Technical Services Llc,Arlington,VA,22203,Bank Fees,
Governor,"MARX, VICTOR",Republican,4.1,11/8/25,Winred Technical Services Llc,Arlington,VA,22203,Bank Fees,
Governor,"MARX, VICTOR",Republican,2.05,11/8/25,Winred Technical Services Llc,Arlington,VA,22203,Bank Fees,
Governor,"MARX, VICTOR",Republican,1.03,11/9/25,Winred Technical Services Llc,Arlington,VA,22203,Bank Fees,
Governor,"MARX, VICTOR",Republican,4.1,11/9/25,Winred Technical Services Llc,Arlington,VA,22203,Bank Fees,
Governor,"MARX, VICTOR",Republican,1.03,11/9/25,Winred Technical Services Llc,Arlington,VA,22203,Bank Fees,
Governor,"MARX, VICTOR",Republican,1.03,11/9/25,Winred Technical Services Llc,Arlington,VA,22203,Bank Fees,
Governor,"MARX, VICTOR",Republican,24.34,11/9/25,Winred Technical Services Llc,Arlington,VA,22203,Other,Merchandise Shipping And Fees
Governor,"MARX, VICTOR",Republican,0.99,11/9/25,Winred Technical Services Llc,Arlington,VA,22203,Bank Fees,
Governor,"MARX, VICTOR",Republican,1.03,11/9/25,Winred Technical Services Llc,Arlington,VA,22203,Bank Fees,
Governor,"MARX, VICTOR",Republican,2.05,11/9/25,Winred Technical Services Llc,Arlington,VA,22203,Bank Fees,
Governor,"MARX, VICTOR",Republican,1.97,11/9/25,Winred Technical Services Llc,Arlington,VA,22203,Bank Fees,
Governor,"MARX, VICTOR",Republican,20.51,11/9/25,Winred Technical Services Llc,Arlington,VA,22203,Bank Fees,
Governor,"MARX, VICTOR",Republican,56.64,11/9/25,Winred Technical Services Llc,Arlington,VA,22203,Other,Merchandise Shipping And Fees
Governor,"MARX, VICTOR",Republican,2.05,11/9/25,Winred Technical Services Llc,Arlington,VA,22203,Bank Fees,
Governor,"MARX, VICTOR",Republican,1.03,11/9/25,Winred Technical Services Llc,Arlington,VA,22203,Bank Fees,
Governor,"MARX, VICTOR",Republican,10000,11/10/25,Optik Consulting Strategies,Miami,FL,33131,Consultant & Professional Services,Website Email Social Media Strategy Special Projects
Governor,"MARX, VICTOR",Republican,312.48,11/10/25,Southwest,Dallas,TX,75235,Travel & Lodging,
Governor,"MARX, VICTOR",Republican,198.3,11/10/25,Alaska Airlines,Seatac,WA,98188,Travel & Lodging,
Governor,"MARX, VICTOR",Republican,1.03,11/10/25,Winred Technical Services Llc,Arlington,VA,22203,Bank Fees,
Governor,"MARX, VICTOR",Republican,30.13,11/10/25,Winred Technical Services Llc,Arlington,VA,22203,Other,Merchandise Shipping And Fees
Governor,"MARX, VICTOR",Republican,40.39,11/10/25,Winred Technical Services Llc,Arlington,VA,22203,Other,Merchandise Shipping And Fees
Governor,"MARX, VICTOR",Republican,1.03,11/10/25,Winred Technical Services Llc,Arlington,VA,22203,Bank Fees,
Governor,"MARX, VICTOR",Republican,4.1,11/10/25,Winred Technical Services Llc,Arlington,VA,22203,Bank Fees,
Governor,"MARX, VICTOR",Republican,15.06,11/10/25,Winred Technical Services Llc,Arlington,VA,22203,Other,Merchandise Shipping And Fees
Governor,"MARX, VICTOR",Republican,1.03,11/10/25,Winred Technical Services Llc,Arlington,VA,22203,Bank Fees,
Governor,"MARX, VICTOR",Republican,24.26,11/10/25,Winred Technical Services Llc,Arlington,VA,22203,Other,Merchandise Shipping And Fees
Governor,"MARX, VICTOR",Republican,60.49,11/10/25,Winred Technical Services Llc,Arlington,VA,22203,Other,Merchandise Shipping And Fees
Governor,"MARX, VICTOR",Republican,10.25,11/10/25,Winred Technical Services Llc,Arlington,VA,22203,Bank Fees,
Governor,"MARX, VICTOR",Republican,10.25,11/10/25,Winred Technical Services Llc,Arlington,VA,22203,Bank Fees,
Governor,"MARX, VICTOR",Republican,1.03,11/10/25,Winred Technical Services Llc,Arlington,VA,22203,Bank Fees,
Governor,"MARX, VICTOR",Republican,4.1,11/10/25,Winred Technical Services Llc,Arlington,VA,22203,Bank Fees,
Governor,"MARX, VICTOR",Republican,4.1,11/10/25,Winred Technical Services Llc,Arlington,VA,22203,Bank Fees,
Governor,"MARX, VICTOR",Republican,10.25,11/10/25,Winred Technical Services Llc,Arlington,VA,22203,Bank Fees,
Governor,"MARX, VICTOR",Republican,1.03,11/10/25,Winred Technical Services Llc,Arlington,VA,22203,Bank Fees,
Governor,"MARX, VICTOR",Republican,0.41,11/11/25,Winred Technical Services Llc,Arlington,VA,22203,Bank Fees,
Governor,"MARX, VICTOR",Republican,15.06,11/11/25,Winred Technical Services Llc,Arlington,VA,22203,Other,Merchandise Shipping And Fees
Governor,"MARX, VICTOR",Republican,20.51,11/11/25,Winred Technical Services Llc,Arlington,VA,22203,Bank Fees,
Governor,"MARX, VICTOR",Republican,75.87,11/11/25,Winred Technical Services Llc,Arlington,VA,22203,Other,Merchandise Shipping And Fees
Governor,"MARX, VICTOR",Republican,1.03,11/11/25,Winred Technical Services Llc,Arlington,VA,22203,Bank Fees,
Governor,"MARX, VICTOR",Republican,1.03,11/11/25,Winred Technical Services Llc,Arlington,VA,22203,Bank Fees,
Governor,"MARX, VICTOR",Republican,4.1,11/11/25,Winred Technical Services Llc,Arlington,VA,22203,Bank Fees,
Governor,"MARX, VICTOR",Republican,101.63,11/11/25,Winred Technical Services Llc,Arlington,VA,22203,Other,Merchandise Shipping And Fees
Governor,"MARX, VICTOR",Republican,15.46,11/11/25,Winred Technical Services Llc,Arlington,VA,22203,Other,Merchandise Shipping And Fees
Governor,"MARX, VICTOR",Republican,0.21,11/11/25,Winred Technical Services Llc,Arlington,VA,22203,Bank Fees,
Governor,"MARX, VICTOR",Republican,75.45,11/11/25,Winred Technical Services Llc,Arlington,VA,22203,Other,Merchandise Shipping And Fees
Governor,"MARX, VICTOR",Republican,41.02,11/11/25,Winred Technical Services Llc,Arlington,VA,22203,Bank Fees,
Governor,"MARX, VICTOR",Republican,7500,11/12/25,The Hudson Firm Llc,Castle Pines,CO,80108,Consultant & Professional Services,
Governor,"MARX, VICTOR",Republican,384,11/12/25,Rebrandly.Com,Dublin,XX,0,Other,Website Fees
Governor,"MARX, VICTOR",Republican,132,11/12/25,Rebrandly.Com,Dublin,XX,0,Other,Website Fees
Governor,"MARX, VICTOR",Republican,19.7,11/12/25,Winred Technical Services Llc,Arlington,VA,22203,Bank Fees,
Governor,"MARX, VICTOR",Republican,30.13,11/12/25,Winred Technical Services Llc,Arlington,VA,22203,Other,Merchandise Shipping And Fees
Governor,"MARX, VICTOR",Republican,26.96,11/12/25,Winred Technical Services Llc,Arlington,VA,22203,Other,Merchandise Shipping And Fees
Governor,"MARX, VICTOR",Republican,0.82,11/12/25,Winred Technical Services Llc,Arlington,VA,22203,Bank Fees,
Governor,"MARX, VICTOR",Republican,2.05,11/12/25,Winred Technical Services Llc,Arlington,VA,22203,Bank Fees,
Governor,"MARX, VICTOR",Republican,2.05,11/12/25,Winred Technical Services Llc,Arlington,VA,22203,Bank Fees,
Governor,"MARX, VICTOR",Republican,2.05,11/12/25,Winred Technical Services Llc,Arlington,VA,22203,Bank Fees,
Governor,"MARX, VICTOR",Republican,2.05,11/12/25,Winred Technical Services Llc,Arlington,VA,22203,Bank Fees,
Governor,"MARX, VICTOR",Republican,19.7,11/12/25,Winred Technical Services Llc,Arlington,VA,22203,Bank Fees,
Governor,"MARX, VICTOR",Republican,1.03,11/12/25,Winred Technical Services Llc,Arlington,VA,22203,Bank Fees,
Governor,"MARX, VICTOR",Republican,3.94,11/12/25,Winred Technical Services Llc,Arlington,VA,22203,Bank Fees,
Governor,"MARX, VICTOR",Republican,0.99,11/12/25,Winred Technical Services Llc,Arlington,VA,22203,Bank Fees,
Governor,"MARX, VICTOR",Republican,1.03,11/12/25,Winred Technical Services Llc,Arlington,VA,22203,Bank Fees,
Governor,"MARX, VICTOR",Republican,83.78,11/12/25,Winred Technical Services Llc,Arlington,VA,22203,Other,Merchandise Shipping And Fees
Governor,"MARX, VICTOR",Republican,15.06,11/12/25,Winred Technical Services Llc,Arlington,VA,22203,Other,Merchandise Shipping And Fees
Governor,"MARX, VICTOR",Republican,1.97,11/12/25,Winred Technical Services Llc,Arlington,VA,22203,Bank Fees,
Governor,"MARX, VICTOR",Republican,0.41,11/12/25,Winred Technical Services Llc,Arlington,VA,22203,Bank Fees,
Governor,"MARX, VICTOR",Republican,1.03,11/12/25,Winred Technical Services Llc,Arlington,VA,22203,Bank Fees,
Governor,"MARX, VICTOR",Republican,8.2,11/12/25,Winred Technical Services Llc,Arlington,VA,22203,Bank Fees,
Governor,"MARX, VICTOR",Republican,3.94,11/12/25,Winred Technical Services Llc,Arlington,VA,22203,Bank Fees,
Governor,"MARX, VICTOR",Republican,31.11,11/13/25,Winred Technical Services Llc,Arlington,VA,22203,Other,Merchandise Shipping And Fees
Governor,"MARX, VICTOR",Republican,16.05,11/13/25,Winred Technical Services Llc,Arlington,VA,22203,Other,Merchandise Shipping And Fees
Governor,"MARX, VICTOR",Republican,4.1,11/13/25,Winred Technical Services Llc,Arlington,VA,22203,Bank Fees,
Governor,"MARX, VICTOR",Republican,2.05,11/13/25,Winred Technical Services Llc,Arlington,VA,22203,Bank Fees,
Governor,"MARX, VICTOR",Republican,1.03,11/13/25,Winred Technical Services Llc,Arlington,VA,22203,Bank Fees,
Governor,"MARX, VICTOR",Republican,1.03,11/13/25,Winred Technical Services Llc,Arlington,VA,22203,Bank Fees,
Governor,"MARX, VICTOR",Republican,1.03,11/13/25,Winred Technical Services Llc,Arlington,VA,22203,Bank Fees,
Governor,"MARX, VICTOR",Republican,0.41,11/13/25,Winred Technical Services Llc,Arlington,VA,22203,Bank Fees,
Governor,"MARX, VICTOR",Republican,0.62,11/13/25,Winred Technical Services Llc,Arlington,VA,22203,Bank Fees,
Governor,"MARX, VICTOR",Republican,6.15,11/13/25,Winred Technical Services Llc,Arlington,VA,22203,Bank Fees,
Governor,"MARX, VICTOR",Republican,2.05,11/13/25,Winred Technical Services Llc,Arlington,VA,22203,Bank Fees,
Governor,"MARX, VICTOR",Republican,253.36,11/14/25,Ben  Honken,Colorado Springs,CO,12655,Other,Reimbursment Of In Kind Reimbursment For Passenger Van
Governor,"MARX, VICTOR",Republican,2.05,11/14/25,Winred Technical Services Llc,Arlington,VA,22203,Bank Fees,
Governor,"MARX, VICTOR",Republican,0.41,11/14/25,Winred Technical Services Llc,Arlington,VA,22203,Bank Fees,
Governor,"MARX, VICTOR",Republican,0.41,11/14/25,Winred Technical Services Llc,Arlington,VA,22203,Bank Fees,
Governor,"MARX, VICTOR",Republican,1.03,11/14/25,Winred Technical Services Llc,Arlington,VA,22203,Bank Fees,
Governor,"MARX, VICTOR",Republican,4.1,11/14/25,Winred Technical Services Llc,Arlington,VA,22203,Bank Fees,
Governor,"MARX, VICTOR",Republican,20.51,11/14/25,Winred Technical Services Llc,Arlington,VA,22203,Bank Fees,
Governor,"MARX, VICTOR",Republican,0.41,11/14/25,Winred Technical Services Llc,Arlington,VA,22203,Bank Fees,
Governor,"MARX, VICTOR",Republican,4.1,11/14/25,Winred Technical Services Llc,Arlington,VA,22203,Bank Fees,
Governor,"MARX, VICTOR",Republican,1.03,11/14/25,Winred Technical Services Llc,Arlington,VA,22203,Bank Fees,
Governor,"MARX, VICTOR",Republican,4.1,11/14/25,Winred Technical Services Llc,Arlington,VA,22203,Bank Fees,
Governor,"MARX, VICTOR",Republican,1.03,11/14/25,Winred Technical Services Llc,Arlington,VA,22203,Bank Fees,
Governor,"MARX, VICTOR",Republican,0.04,11/14/25,Winred Technical Services Llc,Arlington,VA,22203,Bank Fees,
Governor,"MARX, VICTOR",Republican,2.05,11/14/25,Winred Technical Services Llc,Arlington,VA,22203,Bank Fees,
Governor,"MARX, VICTOR",Republican,2.05,11/14/25,Winred Technical Services Llc,Arlington,VA,22203,Bank Fees,
Governor,"MARX, VICTOR",Republican,49.7,11/14/25,Winred Technical Services Llc,Arlington,VA,22203,Other,Merchandise Shipping And Fees
Governor,"MARX, VICTOR",Republican,2.05,11/14/25,Winred Technical Services Llc,Arlington,VA,22203,Bank Fees,
Governor,"MARX, VICTOR",Republican,1.03,11/15/25,Winred Technical Services Llc,Arlington,VA,22203,Bank Fees,
Governor,"MARX, VICTOR",Republican,1.03,11/15/25,Winred Technical Services Llc,Arlington,VA,22203,Bank Fees,
Governor,"MARX, VICTOR",Republican,0.99,11/15/25,Winred Technical Services Llc,Arlington,VA,22203,Bank Fees,
Governor,"MARX, VICTOR",Republican,1.03,11/15/25,Winred Technical Services Llc,Arlington,VA,22203,Bank Fees,
Governor,"MARX, VICTOR",Republican,1.03,11/15/25,Winred Technical Services Llc,Arlington,VA,22203,Bank Fees,
Governor,"MARX, VICTOR",Republican,0.41,11/15/25,Winred Technical Services Llc,Arlington,VA,22203,Bank Fees,
Governor,"MARX, VICTOR",Republican,4.1,11/15/25,Winred Technical Services Llc,Arlington,VA,22203,Bank Fees,
Governor,"MARX, VICTOR",Republican,1.03,11/15/25,Winred Technical Services Llc,Arlington,VA,22203,Bank Fees,
Governor,"MARX, VICTOR",Republican,1.03,11/15/25,Winred Technical Services Llc,Arlington,VA,22203,Bank Fees,
Governor,"MARX, VICTOR",Republican,15.26,11/15/25,Winred Technical Services Llc,Arlington,VA,22203,Other,Merchandise Shipping And Fees
Governor,"MARX, VICTOR",Republican,0.41,11/15/25,Winred Technical Services Llc,Arlington,VA,22203,Bank Fees,
Governor,"MARX, VICTOR",Republican,4.1,11/15/25,Winred Technical Services Llc,Arlington,VA,22203,Bank Fees,
Governor,"MARX, VICTOR",Republican,0.62,11/15/25,Winred Technical Services Llc,Arlington,VA,22203,Bank Fees,
Governor,"MARX, VICTOR",Republican,15.26,11/15/25,Winred Technical Services Llc,Arlington,VA,22203,Other,Merchandise Shipping And Fees
Governor,"MARX, VICTOR",Republican,4.1,11/15/25,Winred Technical Services Llc,Arlington,VA,22203,Bank Fees,
Governor,"MARX, VICTOR",Republican,1.03,11/15/25,Winred Technical Services Llc,Arlington,VA,22203,Bank Fees,
Governor,"MARX, VICTOR",Republican,1.44,11/15/25,Winred Technical Services Llc,Arlington,VA,22203,Bank Fees,
Governor,"MARX, VICTOR",Republican,4.1,11/15/25,Winred Technical Services Llc,Arlington,VA,22203,Bank Fees,
Governor,"MARX, VICTOR",Republican,1.03,11/15/25,Winred Technical Services Llc,Arlington,VA,22203,Bank Fees,
Governor,"MARX, VICTOR",Republican,2.05,11/15/25,Winred Technical Services Llc,Arlington,VA,22203,Bank Fees,
Governor,"MARX, VICTOR",Republican,41.02,11/15/25,Winred Technical Services Llc,Arlington,VA,22203,Bank Fees,
Governor,"MARX, VICTOR",Republican,0.82,11/15/25,Winred Technical Services Llc,Arlington,VA,22203,Bank Fees,
Governor,"MARX, VICTOR",Republican,1.03,11/15/25,Winred Technical Services Llc,Arlington,VA,22203,Bank Fees,
Governor,"MARX, VICTOR",Republican,0.82,11/15/25,Winred Technical Services Llc,Arlington,VA,22203,Bank Fees,
Governor,"MARX, VICTOR",Republican,1.03,11/15/25,Winred Technical Services Llc,Arlington,VA,22203,Bank Fees,
Governor,"MARX, VICTOR",Republican,1.03,11/15/25,Winred Technical Services Llc,Arlington,VA,22203,Bank Fees,
Governor,"MARX, VICTOR",Republican,1.03,11/15/25,Winred Technical Services Llc,Arlington,VA,22203,Bank Fees,
Governor,"MARX, VICTOR",Republican,3.94,11/15/25,Winred Technical Services Llc,Arlington,VA,22203,Bank Fees,
Governor,"MARX, VICTOR",Republican,0.41,11/15/25,Winred Technical Services Llc,Arlington,VA,22203,Bank Fees,
Governor,"MARX, VICTOR",Republican,4.1,11/15/25,Winred Technical Services Llc,Arlington,VA,22203,Bank Fees,
Governor,"MARX, VICTOR",Republican,2.05,11/15/25,Winred Technical Services Llc,Arlington,VA,22203,Bank Fees,
Governor,"MARX, VICTOR",Republican,3.94,11/15/25,Winred Technical Services Llc,Arlington,VA,22203,Bank Fees,
Governor,"MARX, VICTOR",Republican,2.05,11/15/25,Winred Technical Services Llc,Arlington,VA,22203,Bank Fees,
Governor,"MARX, VICTOR",Republican,0.62,11/15/25,Winred Technical Services Llc,Arlington,VA,22203,Bank Fees,
Governor,"MARX, VICTOR",Republican,2.05,11/15/25,Winred Technical Services Llc,Arlington,VA,22203,Bank Fees,
Governor,"MARX, VICTOR",Republican,4.1,11/15/25,Winred Technical Services Llc,Arlington,VA,22203,Bank Fees,
Governor,"MARX, VICTOR",Republican,4.1,11/15/25,Winred Technical Services Llc,Arlington,VA,22203,Bank Fees,
Governor,"MARX, VICTOR",Republican,1.03,11/15/25,Winred Technical Services Llc,Arlington,VA,22203,Bank Fees,
Governor,"MARX, VICTOR",Republican,10.25,11/15/25,Winred Technical Services Llc,Arlington,VA,22203,Bank Fees,
Governor,"MARX, VICTOR",Republican,1.03,11/15/25,Winred Technical Services Llc,Arlington,VA,22203,Bank Fees,
Governor,"MARX, VICTOR",Republican,1.03,11/15/25,Winred Technical Services Llc,Arlington,VA,22203,Bank Fees,
Governor,"MARX, VICTOR",Republican,1.03,11/15/25,Winred Technical Services Llc,Arlington,VA,22203,Bank Fees,
Governor,"MARX, VICTOR",Republican,2.05,11/15/25,Winred Technical Services Llc,Arlington,VA,22203,Bank Fees,
Governor,"MARX, VICTOR",Republican,1.03,11/16/25,Winred Technical Services Llc,Arlington,VA,22203,Bank Fees,
Governor,"MARX, VICTOR",Republican,1.03,11/16/25,Winred Technical Services Llc,Arlington,VA,22203,Bank Fees,
Governor,"MARX, VICTOR",Republican,0.39,11/16/25,Winred Technical Services Llc,Arlington,VA,22203,Bank Fees,
Governor,"MARX, VICTOR",Republican,20.51,11/16/25,Winred Technical Services Llc,Arlington,VA,22203,Bank Fees,
Governor,"MARX, VICTOR",Republican,2.05,11/16/25,Winred Technical Services Llc,Arlington,VA,22203,Bank Fees,
Governor,"MARX, VICTOR",Republican,1.03,11/16/25,Winred Technical Services Llc,Arlington,VA,22203,Bank Fees,
Governor,"MARX, VICTOR",Republican,56.44,11/16/25,Winred Technical Services Llc,Arlington,VA,22203,Other,Merchandise Shipping And Fees
Governor,"MARX, VICTOR",Republican,2.05,11/16/25,Winred Technical Services Llc,Arlington,VA,22203,Bank Fees,
Governor,"MARX, VICTOR",Republican,0.99,11/16/25,Winred Technical Services Llc,Arlington,VA,22203,Bank Fees,
Governor,"MARX, VICTOR",Republican,1.97,11/16/25,Winred Technical Services Llc,Arlington,VA,22203,Bank Fees,
Governor,"MARX, VICTOR",Republican,3.94,11/16/25,Winred Technical Services Llc,Arlington,VA,22203,Bank Fees,
Governor,"MARX, VICTOR",Republican,2.05,11/16/25,Winred Technical Services Llc,Arlington,VA,22203,Bank Fees,
Governor,"MARX, VICTOR",Republican,10.25,11/16/25,Winred Technical Services Llc,Arlington,VA,22203,Bank Fees,
Governor,"MARX, VICTOR",Republican,3.94,11/16/25,Winred Technical Services Llc,Arlington,VA,22203,Bank Fees,
Governor,"MARX, VICTOR",Republican,2.05,11/16/25,Winred Technical Services Llc,Arlington,VA,22203,Bank Fees,
Governor,"MARX, VICTOR",Republican,1.03,11/16/25,Winred Technical Services Llc,Arlington,VA,22203,Bank Fees,
Governor,"MARX, VICTOR",Republican,4.1,11/16/25,Winred Technical Services Llc,Arlington,VA,22203,Bank Fees,
Governor,"MARX, VICTOR",Republican,30.13,11/16/25,Winred Technical Services Llc,Arlington,VA,22203,Other,Merchandise Shipping And Fees
Governor,"MARX, VICTOR",Republican,1.03,11/16/25,Winred Technical Services Llc,Arlington,VA,22203,Bank Fees,
Governor,"MARX, VICTOR",Republican,1.03,11/16/25,Winred Technical Services Llc,Arlington,VA,22203,Bank Fees,
Governor,"MARX, VICTOR",Republican,20.51,11/16/25,Winred Technical Services Llc,Arlington,VA,22203,Bank Fees,
Governor,"MARX, VICTOR",Republican,4.1,11/16/25,Winred Technical Services Llc,Arlington,VA,22203,Bank Fees,
Governor,"MARX, VICTOR",Republican,2.05,11/16/25,Winred Technical Services Llc,Arlington,VA,22203,Bank Fees,
Governor,"MARX, VICTOR",Republican,1.03,11/16/25,Winred Technical Services Llc,Arlington,VA,22203,Bank Fees,
Governor,"MARX, VICTOR",Republican,0.7,11/16/25,Winred Technical Services Llc,Arlington,VA,22203,Bank Fees,
Governor,"MARX, VICTOR",Republican,1.03,11/16/25,Winred Technical Services Llc,Arlington,VA,22203,Bank Fees,
Governor,"MARX, VICTOR",Republican,2.05,11/16/25,Winred Technical Services Llc,Arlington,VA,22203,Bank Fees,
Governor,"MARX, VICTOR",Republican,4.1,11/16/25,Winred Technical Services Llc,Arlington,VA,22203,Bank Fees,
Governor,"MARX, VICTOR",Republican,1.03,11/16/25,Winred Technical Services Llc,Arlington,VA,22203,Bank Fees,
Governor,"MARX, VICTOR",Republican,4.1,11/16/25,Winred Technical Services Llc,Arlington,VA,22203,Bank Fees,
Governor,"MARX, VICTOR",Republican,1.23,11/16/25,Winred Technical Services Llc,Arlington,VA,22203,Bank Fees,
Governor,"MARX, VICTOR",Republican,0.21,11/16/25,Winred Technical Services Llc,Arlington,VA,22203,Bank Fees,
Governor,"MARX, VICTOR",Republican,0.99,11/16/25,Winred Technical Services Llc,Arlington,VA,22203,Bank Fees,
Governor,"MARX, VICTOR",Republican,2.05,11/16/25,Winred Technical Services Llc,Arlington,VA,22203,Bank Fees,
Governor,"MARX, VICTOR",Republican,0.41,11/16/25,Winred Technical Services Llc,Arlington,VA,22203,Bank Fees,
Governor,"MARX, VICTOR",Republican,4.1,11/16/25,Winred Technical Services Llc,Arlington,VA,22203,Bank Fees,
Governor,"MARX, VICTOR",Republican,1.03,11/16/25,Winred Technical Services Llc,Arlington,VA,22203,Bank Fees,
Governor,"MARX, VICTOR",Republican,1.03,11/16/25,Winred Technical Services Llc,Arlington,VA,22203,Bank Fees,
Governor,"MARX, VICTOR",Republican,4.1,11/16/25,Winred Technical Services Llc,Arlington,VA,22203,Bank Fees,
Governor,"MARX, VICTOR",Republican,0.99,11/16/25,Winred Technical Services Llc,Arlington,VA,22203,Bank Fees,
Governor,"MARX, VICTOR",Republican,4.1,11/16/25,Winred Technical Services Llc,Arlington,VA,22203,Bank Fees,
Governor,"MARX, VICTOR",Republican,1.03,11/16/25,Winred Technical Services Llc,Arlington,VA,22203,Bank Fees,
Governor,"MARX, VICTOR",Republican,1.03,11/16/25,Winred Technical Services Llc,Arlington,VA,22203,Bank Fees,
Governor,"MARX, VICTOR",Republican,0.41,11/16/25,Winred Technical Services Llc,Arlington,VA,22203,Bank Fees,
Governor,"MARX, VICTOR",Republican,1.03,11/16/25,Winred Technical Services Llc,Arlington,VA,22203,Bank Fees,
Governor,"MARX, VICTOR",Republican,1.03,11/16/25,Winred Technical Services Llc,Arlington,VA,22203,Bank Fees,
Governor,"MARX, VICTOR",Republican,1.03,11/16/25,Winred Technical Services Llc,Arlington,VA,22203,Bank Fees,
Governor,"MARX, VICTOR",Republican,2.05,11/16/25,Winred Technical Services Llc,Arlington,VA,22203,Bank Fees,
Governor,"MARX, VICTOR",Republican,1.97,11/16/25,Winred Technical Services Llc,Arlington,VA,22203,Bank Fees,
Governor,"MARX, VICTOR",Republican,1.03,11/16/25,Winred Technical Services Llc,Arlington,VA,22203,Bank Fees,
Governor,"MARX, VICTOR",Republican,1.03,11/16/25,Winred Technical Services Llc,Arlington,VA,22203,Bank Fees,
Governor,"MARX, VICTOR",Republican,1.03,11/16/25,Winred Technical Services Llc,Arlington,VA,22203,Bank Fees,
Governor,"MARX, VICTOR",Republican,4.1,11/16/25,Winred Technical Services Llc,Arlington,VA,22203,Bank Fees,
Governor,"MARX, VICTOR",Republican,4.1,11/16/25,Winred Technical Services Llc,Arlington,VA,22203,Bank Fees,
Governor,"MARX, VICTOR",Republican,2.05,11/16/25,Winred Technical Services Llc,Arlington,VA,22203,Bank Fees,
Governor,"MARX, VICTOR",Republican,4.1,11/16/25,Winred Technical Services Llc,Arlington,VA,22203,Bank Fees,
Governor,"MARX, VICTOR",Republican,4.1,11/16/25,Winred Technical Services Llc,Arlington,VA,22203,Bank Fees,
Governor,"MARX, VICTOR",Republican,31.11,11/16/25,Winred Technical Services Llc,Arlington,VA,22203,Other,Merchandise Shipping And Fees
Governor,"MARX, VICTOR",Republican,1.97,11/16/25,Winred Technical Services Llc,Arlington,VA,22203,Bank Fees,
Governor,"MARX, VICTOR",Republican,1.03,11/16/25,Winred Technical Services Llc,Arlington,VA,22203,Bank Fees,
Governor,"MARX, VICTOR",Republican,1.03,11/16/25,Winred Technical Services Llc,Arlington,VA,22203,Bank Fees,
Governor,"MARX, VICTOR",Republican,4.1,11/16/25,Winred Technical Services Llc,Arlington,VA,22203,Bank Fees,
Governor,"MARX, VICTOR",Republican,1.03,11/16/25,Winred Technical Services Llc,Arlington,VA,22203,Bank Fees,
Governor,"MARX, VICTOR",Republican,20.51,11/16/25,Winred Technical Services Llc,Arlington,VA,22203,Bank Fees,
Governor,"MARX, VICTOR",Republican,4.1,11/16/25,Winred Technical Services Llc,Arlington,VA,22203,Bank Fees,
Governor,"MARX, VICTOR",Republican,0.41,11/16/25,Winred Technical Services Llc,Arlington,VA,22203,Bank Fees,
Governor,"MARX, VICTOR",Republican,1.03,11/16/25,Winred Technical Services Llc,Arlington,VA,22203,Bank Fees,
Governor,"MARX, VICTOR",Republican,4.1,11/16/25,Winred Technical Services Llc,Arlington,VA,22203,Bank Fees,
Governor,"MARX, VICTOR",Republican,10.25,11/16/25,Winred Technical Services Llc,Arlington,VA,22203,Bank Fees,
Governor,"MARX, VICTOR",Republican,4.1,11/16/25,Winred Technical Services Llc,Arlington,VA,22203,Bank Fees,
Governor,"MARX, VICTOR",Republican,1.03,11/16/25,Winred Technical Services Llc,Arlington,VA,22203,Bank Fees,
Governor,"MARX, VICTOR",Republican,251.94,11/16/25,Winred Technical Services Llc,Arlington,VA,22203,Other,Merchandise Shipping And Fees
Governor,"MARX, VICTOR",Republican,1.03,11/16/25,Winred Technical Services Llc,Arlington,VA,22203,Bank Fees,
Governor,"MARX, VICTOR",Republican,4.1,11/16/25,Winred Technical Services Llc,Arlington,VA,22203,Bank Fees,
Governor,"MARX, VICTOR",Republican,2.05,11/16/25,Winred Technical Services Llc,Arlington,VA,22203,Bank Fees,
Governor,"MARX, VICTOR",Republican,1.03,11/16/25,Winred Technical Services Llc,Arlington,VA,22203,Bank Fees,
Governor,"MARX, VICTOR",Republican,0.79,11/16/25,Winred Technical Services Llc,Arlington,VA,22203,Bank Fees,
Governor,"MARX, VICTOR",Republican,4.1,11/16/25,Winred Technical Services Llc,Arlington,VA,22203,Bank Fees,
Governor,"MARX, VICTOR",Republican,4.1,11/16/25,Winred Technical Services Llc,Arlington,VA,22203,Bank Fees,
Governor,"MARX, VICTOR",Republican,20.51,11/16/25,Winred Technical Services Llc,Arlington,VA,22203,Bank Fees,
Governor,"MARX, VICTOR",Republican,1.03,11/16/25,Winred Technical Services Llc,Arlington,VA,22203,Bank Fees,
Governor,"MARX, VICTOR",Republican,4.1,11/16/25,Winred Technical Services Llc,Arlington,VA,22203,Bank Fees,
Governor,"MARX, VICTOR",Republican,1.03,11/16/25,Winred Technical Services Llc,Arlington,VA,22203,Bank Fees,
Governor,"MARX, VICTOR",Republican,2.05,11/16/25,Winred Technical Services Llc,Arlington,VA,22203,Bank Fees,
Governor,"MARX, VICTOR",Republican,1.03,11/16/25,Winred Technical Services Llc,Arlington,VA,22203,Bank Fees,
Governor,"MARX, VICTOR",Republican,1.03,11/16/25,Winred Technical Services Llc,Arlington,VA,22203,Bank Fees,
Governor,"MARX, VICTOR",Republican,0.41,11/16/25,Winred Technical Services Llc,Arlington,VA,22203,Bank Fees,
Governor,"MARX, VICTOR",Republican,0.41,11/16/25,Winred Technical Services Llc,Arlington,VA,22203,Bank Fees,
Governor,"MARX, VICTOR",Republican,0.99,11/16/25,Winred Technical Services Llc,Arlington,VA,22203,Bank Fees,
Governor,"MARX, VICTOR",Republican,4.1,11/16/25,Winred Technical Services Llc,Arlington,VA,22203,Bank Fees,
Governor,"MARX, VICTOR",Republican,2.05,11/16/25,Winred Technical Services Llc,Arlington,VA,22203,Bank Fees,
Governor,"MARX, VICTOR",Republican,2.05,11/16/25,Winred Technical Services Llc,Arlington,VA,22203,Bank Fees,
Governor,"MARX, VICTOR",Republican,1.03,11/16/25,Winred Technical Services Llc,Arlington,VA,22203,Bank Fees,
Governor,"MARX, VICTOR",Republican,0.99,11/16/25,Winred Technical Services Llc,Arlington,VA,22203,Bank Fees,
Governor,"MARX, VICTOR",Republican,2.05,11/16/25,Winred Technical Services Llc,Arlington,VA,22203,Bank Fees,
Governor,"MARX, VICTOR",Republican,4.1,11/16/25,Winred Technical Services Llc,Arlington,VA,22203,Bank Fees,
Governor,"MARX, VICTOR",Republican,1.03,11/16/25,Winred Technical Services Llc,Arlington,VA,22203,Bank Fees,
Governor,"MARX, VICTOR",Republican,2.05,11/16/25,Winred Technical Services Llc,Arlington,VA,22203,Bank Fees,
Governor,"MARX, VICTOR",Republican,15.06,11/16/25,Winred Technical Services Llc,Arlington,VA,22203,Other,Merchandise Shipping And Fees
Governor,"MARX, VICTOR",Republican,0.59,11/16/25,Winred Technical Services Llc,Arlington,VA,22203,Bank Fees,
Governor,"MARX, VICTOR",Republican,1.03,11/16/25,Winred Technical Services Llc,Arlington,VA,22203,Bank Fees,
Governor,"MARX, VICTOR",Republican,2.05,11/16/25,Winred Technical Services Llc,Arlington,VA,22203,Bank Fees,
Governor,"MARX, VICTOR",Republican,19.7,11/16/25,Winred Technical Services Llc,Arlington,VA,22203,Bank Fees,
Governor,"MARX, VICTOR",Republican,1.03,11/16/25,Winred Technical Services Llc,Arlington,VA,22203,Bank Fees,
Governor,"MARX, VICTOR",Republican,9.85,11/16/25,Winred Technical Services Llc,Arlington,VA,22203,Bank Fees,
Governor,"MARX, VICTOR",Republican,1.03,11/16/25,Winred Technical Services Llc,Arlington,VA,22203,Bank Fees,
Governor,"MARX, VICTOR",Republican,1.03,11/16/25,Winred Technical Services Llc,Arlington,VA,22203,Bank Fees,
Governor,"MARX, VICTOR",Republican,1.97,11/16/25,Winred Technical Services Llc,Arlington,VA,22203,Bank Fees,
Governor,"MARX, VICTOR",Republican,0.99,11/16/25,Winred Technical Services Llc,Arlington,VA,22203,Bank Fees,
Governor,"MARX, VICTOR",Republican,1.03,11/16/25,Winred Technical Services Llc,Arlington,VA,22203,Bank Fees,
Governor,"MARX, VICTOR",Republican,2.05,11/16/25,Winred Technical Services Llc,Arlington,VA,22203,Bank Fees,
Governor,"MARX, VICTOR",Republican,1.03,11/16/25,Winred Technical Services Llc,Arlington,VA,22203,Bank Fees,
Governor,"MARX, VICTOR",Republican,4.1,11/16/25,Winred Technical Services Llc,Arlington,VA,22203,Bank Fees,
Governor,"MARX, VICTOR",Republican,1.03,11/16/25,Winred Technical Services Llc,Arlington,VA,22203,Bank Fees,
Governor,"MARX, VICTOR",Republican,3.94,11/16/25,Winred Technical Services Llc,Arlington,VA,22203,Bank Fees,
Governor,"MARX, VICTOR",Republican,1.64,11/16/25,Winred Technical Services Llc,Arlington,VA,22203,Bank Fees,
Governor,"MARX, VICTOR",Republican,1.03,11/16/25,Winred Technical Services Llc,Arlington,VA,22203,Bank Fees,
Governor,"MARX, VICTOR",Republican,2.05,11/16/25,Winred Technical Services Llc,Arlington,VA,22203,Bank Fees,
Governor,"MARX, VICTOR",Republican,2.05,11/16/25,Winred Technical Services Llc,Arlington,VA,22203,Bank Fees,
Governor,"MARX, VICTOR",Republican,1.03,11/16/25,Winred Technical Services Llc,Arlington,VA,22203,Bank Fees,
Governor,"MARX, VICTOR",Republican,2.05,11/16/25,Winred Technical Services Llc,Arlington,VA,22203,Bank Fees,
Governor,"MARX, VICTOR",Republican,0.99,11/16/25,Winred Technical Services Llc,Arlington,VA,22203,Bank Fees,
Governor,"MARX, VICTOR",Republican,39.4,11/16/25,Winred Technical Services Llc,Arlington,VA,22203,Bank Fees,
Governor,"MARX, VICTOR",Republican,1.03,11/16/25,Winred Technical Services Llc,Arlington,VA,22203,Bank Fees,
Governor,"MARX, VICTOR",Republican,4.1,11/16/25,Winred Technical Services Llc,Arlington,VA,22203,Bank Fees,
Governor,"MARX, VICTOR",Republican,1.03,11/16/25,Winred Technical Services Llc,Arlington,VA,22203,Bank Fees,
Governor,"MARX, VICTOR",Republican,42.02,11/16/25,Winred Technical Services Llc,Arlington,VA,22203,Other,Merchandise Shipping And Fees
Governor,"MARX, VICTOR",Republican,2.05,11/16/25,Winred Technical Services Llc,Arlington,VA,22203,Bank Fees,
Governor,"MARX, VICTOR",Republican,1.97,11/16/25,Winred Technical Services Llc,Arlington,VA,22203,Bank Fees,
Governor,"MARX, VICTOR",Republican,0.41,11/16/25,Winred Technical Services Llc,Arlington,VA,22203,Bank Fees,
Governor,"MARX, VICTOR",Republican,1.03,11/16/25,Winred Technical Services Llc,Arlington,VA,22203,Bank Fees,
Governor,"MARX, VICTOR",Republican,0.82,11/16/25,Winred Technical Services Llc,Arlington,VA,22203,Bank Fees,
Governor,"MARX, VICTOR",Republican,4.1,11/16/25,Winred Technical Services Llc,Arlington,VA,22203,Bank Fees,
Governor,"MARX, VICTOR",Republican,4.1,11/16/25,Winred Technical Services Llc,Arlington,VA,22203,Bank Fees,
Governor,"MARX, VICTOR",Republican,3.94,11/16/25,Winred Technical Services Llc,Arlington,VA,22203,Bank Fees,
Governor,"MARX, VICTOR",Republican,1.03,11/16/25,Winred Technical Services Llc,Arlington,VA,22203,Bank Fees,
Governor,"MARX, VICTOR",Republican,4.1,11/16/25,Winred Technical Services Llc,Arlington,VA,22203,Bank Fees,
Governor,"MARX, VICTOR",Republican,1.03,11/16/25,Winred Technical Services Llc,Arlington,VA,22203,Bank Fees,
Governor,"MARX, VICTOR",Republican,4.1,11/16/25,Winred Technical Services Llc,Arlington,VA,22203,Bank Fees,
Governor,"MARX, VICTOR",Republican,1.03,11/16/25,Winred Technical Services Llc,Arlington,VA,22203,Bank Fees,
Governor,"MARX, VICTOR",Republican,3.94,11/16/25,Winred Technical Services Llc,Arlington,VA,22203,Bank Fees,
Governor,"MARX, VICTOR",Republican,30.52,11/16/25,Winred Technical Services Llc,Arlington,VA,22203,Other,Merchandise Shipping And Fees
Governor,"MARX, VICTOR",Republican,1.03,11/16/25,Winred Technical Services Llc,Arlington,VA,22203,Bank Fees,
Governor,"MARX, VICTOR",Republican,1.97,11/16/25,Winred Technical Services Llc,Arlington,VA,22203,Bank Fees,
Governor,"MARX, VICTOR",Republican,2.05,11/16/25,Winred Technical Services Llc,Arlington,VA,22203,Bank Fees,
Governor,"MARX, VICTOR",Republican,4.1,11/16/25,Winred Technical Services Llc,Arlington,VA,22203,Bank Fees,
Governor,"MARX, VICTOR",Republican,19,11/16/25,Winred Technical Services Llc,Arlington,VA,22203,Other,Merchandise Shipping And Fees
Governor,"MARX, VICTOR",Republican,2.05,11/17/25,Winred Technical Services Llc,Arlington,VA,22203,Bank Fees,
Governor,"MARX, VICTOR",Republican,1.03,11/17/25,Winred Technical Services Llc,Arlington,VA,22203,Bank Fees,
Governor,"MARX, VICTOR",Republican,0.41,11/17/25,Winred Technical Services Llc,Arlington,VA,22203,Bank Fees,
Governor,"MARX, VICTOR",Republican,1.03,11/17/25,Winred Technical Services Llc,Arlington,VA,22203,Bank Fees,
Governor,"MARX, VICTOR",Republican,4.1,11/17/25,Winred Technical Services Llc,Arlington,VA,22203,Bank Fees,
Governor,"MARX, VICTOR",Republican,1.03,11/17/25,Winred Technical Services Llc,Arlington,VA,22203,Bank Fees,
Governor,"MARX, VICTOR",Republican,10.25,11/17/25,Winred Technical Services Llc,Arlington,VA,22203,Bank Fees,
Governor,"MARX, VICTOR",Republican,1.03,11/17/25,Winred Technical Services Llc,Arlington,VA,22203,Bank Fees,
Governor,"MARX, VICTOR",Republican,0.41,11/17/25,Winred Technical Services Llc,Arlington,VA,22203,Bank Fees,
Governor,"MARX, VICTOR",Republican,1.03,11/17/25,Winred Technical Services Llc,Arlington,VA,22203,Bank Fees,
Governor,"MARX, VICTOR",Republican,1.03,11/17/25,Winred Technical Services Llc,Arlington,VA,22203,Bank Fees,
Governor,"MARX, VICTOR",Republican,0.41,11/17/25,Winred Technical Services Llc,Arlington,VA,22203,Bank Fees,
Governor,"MARX, VICTOR",Republican,80.78,11/17/25,Winred Technical Services Llc,Arlington,VA,22203,Other,Merchandise Shipping And Fees
Governor,"MARX, VICTOR",Republican,2.05,11/17/25,Winred Technical Services Llc,Arlington,VA,22203,Bank Fees,
Governor,"MARX, VICTOR",Republican,1.03,11/17/25,Winred Technical Services Llc,Arlington,VA,22203,Bank Fees,
Governor,"MARX, VICTOR",Republican,4.1,11/17/25,Winred Technical Services Llc,Arlington,VA,22203,Bank Fees,
Governor,"MARX, VICTOR",Republican,0.99,11/17/25,Winred Technical Services Llc,Arlington,VA,22203,Bank Fees,
Governor,"MARX, VICTOR",Republican,1.97,11/17/25,Winred Technical Services Llc,Arlington,VA,22203,Bank Fees,
Governor,"MARX, VICTOR",Republican,2.05,11/17/25,Winred Technical Services Llc,Arlington,VA,22203,Bank Fees,
Governor,"MARX, VICTOR",Republican,1.03,11/17/25,Winred Technical Services Llc,Arlington,VA,22203,Bank Fees,
Governor,"MARX, VICTOR",Republican,2.05,11/17/25,Winred Technical Services Llc,Arlington,VA,22203,Bank Fees,
Governor,"MARX, VICTOR",Republican,0.41,11/17/25,Winred Technical Services Llc,Arlington,VA,22203,Bank Fees,
Governor,"MARX, VICTOR",Republican,20.51,11/17/25,Winred Technical Services Llc,Arlington,VA,22203,Bank Fees,
Governor,"MARX, VICTOR",Republican,1.97,11/17/25,Winred Technical Services Llc,Arlington,VA,22203,Bank Fees,
Governor,"MARX, VICTOR",Republican,2.05,11/17/25,Winred Technical Services Llc,Arlington,VA,22203,Bank Fees,
Governor,"MARX, VICTOR",Republican,0.62,11/17/25,Winred Technical Services Llc,Arlington,VA,22203,Bank Fees,
Governor,"MARX, VICTOR",Republican,4.1,11/17/25,Winred Technical Services Llc,Arlington,VA,22203,Bank Fees,
Governor,"MARX, VICTOR",Republican,1.97,11/17/25,Winred Technical Services Llc,Arlington,VA,22203,Bank Fees,
Governor,"MARX, VICTOR",Republican,1.03,11/17/25,Winred Technical Services Llc,Arlington,VA,22203,Bank Fees,
Governor,"MARX, VICTOR",Republican,4.1,11/17/25,Winred Technical Services Llc,Arlington,VA,22203,Bank Fees,
Governor,"MARX, VICTOR",Republican,0.99,11/17/25,Winred Technical Services Llc,Arlington,VA,22203,Bank Fees,
Governor,"MARX, VICTOR",Republican,1.03,11/17/25,Winred Technical Services Llc,Arlington,VA,22203,Bank Fees,
Governor,"MARX, VICTOR",Republican,57.13,11/17/25,Winred Technical Services Llc,Arlington,VA,22203,Bank Fees,
Governor,"MARX, VICTOR",Republican,0.82,11/17/25,Winred Technical Services Llc,Arlington,VA,22203,Bank Fees,
Governor,"MARX, VICTOR",Republican,4.1,11/17/25,Winred Technical Services Llc,Arlington,VA,22203,Bank Fees,
Governor,"MARX, VICTOR",Republican,0.41,11/17/25,Winred Technical Services Llc,Arlington,VA,22203,Bank Fees,
Governor,"MARX, VICTOR",Republican,3.94,11/17/25,Winred Technical Services Llc,Arlington,VA,22203,Bank Fees,
Governor,"MARX, VICTOR",Republican,4.1,11/17/25,Winred Technical Services Llc,Arlington,VA,22203,Bank Fees,
Governor,"MARX, VICTOR",Republican,24.34,11/17/25,Winred Technical Services Llc,Arlington,VA,22203,Other,Merchandise Shipping And Fees
Governor,"MARX, VICTOR",Republican,1.03,11/17/25,Winred Technical Services Llc,Arlington,VA,22203,Bank Fees,
Governor,"MARX, VICTOR",Republican,1.97,11/17/25,Winred Technical Services Llc,Arlington,VA,22203,Bank Fees,
Governor,"MARX, VICTOR",Republican,1.02,11/17/25,Winred Technical Services Llc,Arlington,VA,22203,Bank Fees,
Governor,"MARX, VICTOR",Republican,57.13,11/17/25,Winred Technical Services Llc,Arlington,VA,22203,Bank Fees,
Governor,"MARX, VICTOR",Republican,4.1,11/17/25,Winred Technical Services Llc,Arlington,VA,22203,Bank Fees,
Governor,"MARX, VICTOR",Republican,1.03,11/17/25,Winred Technical Services Llc,Arlington,VA,22203,Bank Fees,
Governor,"MARX, VICTOR",Republican,2.05,11/17/25,Winred Technical Services Llc,Arlington,VA,22203,Bank Fees,
Governor,"MARX, VICTOR",Republican,4.1,11/17/25,Winred Technical Services Llc,Arlington,VA,22203,Bank Fees,
Governor,"MARX, VICTOR",Republican,0.99,11/17/25,Winred Technical Services Llc,Arlington,VA,22203,Bank Fees,
Governor,"MARX, VICTOR",Republican,0.99,11/17/25,Winred Technical Services Llc,Arlington,VA,22203,Bank Fees,
Governor,"MARX, VICTOR",Republican,3.82,11/17/25,Winred Technical Services Llc,Arlington,VA,22203,Bank Fees,
Governor,"MARX, VICTOR",Republican,1.03,11/17/25,Winred Technical Services Llc,Arlington,VA,22203,Bank Fees,
Governor,"MARX, VICTOR",Republican,23.32,11/18/25,Winred Technical Services Llc,Arlington,VA,22203,Other,Merchandise Shipping And Fees
Governor,"MARX, VICTOR",Republican,2.05,11/18/25,Winred Technical Services Llc,Arlington,VA,22203,Bank Fees,
Governor,"MARX, VICTOR",Republican,0.21,11/18/25,Winred Technical Services Llc,Arlington,VA,22203,Bank Fees,
Governor,"MARX, VICTOR",Republican,1.03,11/18/25,Winred Technical Services Llc,Arlington,VA,22203,Bank Fees,
Governor,"MARX, VICTOR",Republican,2.05,11/18/25,Winred Technical Services Llc,Arlington,VA,22203,Bank Fees,
Governor,"MARX, VICTOR",Republican,1.03,11/18/25,Winred Technical Services Llc,Arlington,VA,22203,Bank Fees,
Governor,"MARX, VICTOR",Republican,1.03,11/18/25,Winred Technical Services Llc,Arlington,VA,22203,Bank Fees,
Governor,"MARX, VICTOR",Republican,1.03,11/18/25,Winred Technical Services Llc,Arlington,VA,22203,Bank Fees,
Governor,"MARX, VICTOR",Republican,4.1,11/18/25,Winred Technical Services Llc,Arlington,VA,22203,Bank Fees,
Governor,"MARX, VICTOR",Republican,2.05,11/18/25,Winred Technical Services Llc,Arlington,VA,22203,Bank Fees,
Governor,"MARX, VICTOR",Republican,40.19,11/18/25,Winred Technical Services Llc,Arlington,VA,22203,Other,Merchandise Shipping And Fees
Governor,"MARX, VICTOR",Republican,3.94,11/18/25,Winred Technical Services Llc,Arlington,VA,22203,Bank Fees,
Governor,"MARX, VICTOR",Republican,2.05,11/18/25,Winred Technical Services Llc,Arlington,VA,22203,Bank Fees,
Governor,"MARX, VICTOR",Republican,0.39,11/18/25,Winred Technical Services Llc,Arlington,VA,22203,Bank Fees,
Governor,"MARX, VICTOR",Republican,60.26,11/18/25,Winred Technical Services Llc,Arlington,VA,22203,Other,Merchandise Shipping And Fees
Governor,"MARX, VICTOR",Republican,4.1,11/18/25,Winred Technical Services Llc,Arlington,VA,22203,Bank Fees,
Governor,"MARX, VICTOR",Republican,4.1,11/18/25,Winred Technical Services Llc,Arlington,VA,22203,Bank Fees,
Governor,"MARX, VICTOR",Republican,2.05,11/18/25,Winred Technical Services Llc,Arlington,VA,22203,Bank Fees,
Governor,"MARX, VICTOR",Republican,4.1,11/18/25,Winred Technical Services Llc,Arlington,VA,22203,Bank Fees,
Governor,"MARX, VICTOR",Republican,0.99,11/18/25,Winred Technical Services Llc,Arlington,VA,22203,Bank Fees,
Governor,"MARX, VICTOR",Republican,19.7,11/18/25,Winred Technical Services Llc,Arlington,VA,22203,Bank Fees,
Governor,"MARX, VICTOR",Republican,0.99,11/18/25,Winred Technical Services Llc,Arlington,VA,22203,Bank Fees,
Governor,"MARX, VICTOR",Republican,7500,11/19/25,The Hudson Firm Llc,Castle Pines,CO,80108,Consultant & Professional Services,
Governor,"MARX, VICTOR",Republican,4.1,11/19/25,Winred Technical Services Llc,Arlington,VA,22203,Bank Fees,
Governor,"MARX, VICTOR",Republican,4.1,11/19/25,Winred Technical Services Llc,Arlington,VA,22203,Bank Fees,
Governor,"MARX, VICTOR",Republican,4.1,11/19/25,Winred Technical Services Llc,Arlington,VA,22203,Bank Fees,
Governor,"MARX, VICTOR",Republican,2.05,11/19/25,Winred Technical Services Llc,Arlington,VA,22203,Bank Fees,
Governor,"MARX, VICTOR",Republican,20.51,11/19/25,Winred Technical Services Llc,Arlington,VA,22203,Bank Fees,
Governor,"MARX, VICTOR",Republican,2.05,11/19/25,Winred Technical Services Llc,Arlington,VA,22203,Bank Fees,
Governor,"MARX, VICTOR",Republican,1.03,11/19/25,Winred Technical Services Llc,Arlington,VA,22203,Bank Fees,
Governor,"MARX, VICTOR",Republican,1.03,11/19/25,Winred Technical Services Llc,Arlington,VA,22203,Bank Fees,
Governor,"MARX, VICTOR",Republican,41.02,11/19/25,Winred Technical Services Llc,Arlington,VA,22203,Bank Fees,
Governor,"MARX, VICTOR",Republican,229.9,11/19/25,Winred Technical Services Llc,Arlington,VA,22203,Other,Merchandise Shipping And Fees
Governor,"MARX, VICTOR",Republican,39.4,11/19/25,Winred Technical Services Llc,Arlington,VA,22203,Other,Merchandise Shipping And Fees
Governor,"MARX, VICTOR",Republican,2.05,11/19/25,Winred Technical Services Llc,Arlington,VA,22203,Bank Fees,
Governor,"MARX, VICTOR",Republican,57.13,11/19/25,Winred Technical Services Llc,Arlington,VA,22203,Bank Fees,
Governor,"MARX, VICTOR",Republican,1.03,11/19/25,Winred Technical Services Llc,Arlington,VA,22203,Bank Fees,
Governor,"MARX, VICTOR",Republican,1.97,11/19/25,Winred Technical Services Llc,Arlington,VA,22203,Bank Fees,
Governor,"MARX, VICTOR",Republican,4.1,11/19/25,Winred Technical Services Llc,Arlington,VA,22203,Bank Fees,
Governor,"MARX, VICTOR",Republican,1.03,11/19/25,Winred Technical Services Llc,Arlington,VA,22203,Bank Fees,
Governor,"MARX, VICTOR",Republican,1.03,11/19/25,Winred Technical Services Llc,Arlington,VA,22203,Bank Fees,
Governor,"MARX, VICTOR",Republican,4.1,11/19/25,Winred Technical Services Llc,Arlington,VA,22203,Bank Fees,
Governor,"MARX, VICTOR",Republican,4.1,11/19/25,Winred Technical Services Llc,Arlington,VA,22203,Bank Fees,
Governor,"MARX, VICTOR",Republican,12500,11/20/25,Campaign Catalyst,Pueblo West,CO,81007,Consultant & Professional Services,"Nucleus, Field Consulting, Grid"
Governor,"MARX, VICTOR",Republican,2500,11/20/25,Gregory Carlson Prp Llc,Canon City,CO,81212,Consultant & Professional Services,Campaign Compliance
Governor,"MARX, VICTOR",Republican,60,11/20/25,7-Eleven,Colorado Springs,CO,80924,"Food, Beverages and Meals",
Governor,"MARX, VICTOR",Republican,1.03,11/20/25,Winred Technical Services Llc,Arlington,VA,22203,Bank Fees,
Governor,"MARX, VICTOR",Republican,24.34,11/20/25,Winred Technical Services Llc,Arlington,VA,22203,Other,Merchandise Shipping And Fees
Governor,"MARX, VICTOR",Republican,104.69,11/20/25,Winred Technical Services Llc,Arlington,VA,22203,Other,Merchandise Shipping And Fees
Governor,"MARX, VICTOR",Republican,4.1,11/20/25,Winred Technical Services Llc,Arlington,VA,22203,Bank Fees,
Governor,"MARX, VICTOR",Republican,3.94,11/20/25,Winred Technical Services Llc,Arlington,VA,22203,Bank Fees,
Governor,"MARX, VICTOR",Republican,168.95,11/20/25,Winred Technical Services Llc,Arlington,VA,22203,Other,Merchandise Shipping And Fees
Governor,"MARX, VICTOR",Republican,10.25,11/20/25,Winred Technical Services Llc,Arlington,VA,22203,Bank Fees,
Governor,"MARX, VICTOR",Republican,59.44,11/20/25,Winred Technical Services Llc,Arlington,VA,22203,Other,Merchandise Shipping And Fees
Governor,"MARX, VICTOR",Republican,29.74,11/20/25,Winred Technical Services Llc,Arlington,VA,22203,Bank Fees,
Governor,"MARX, VICTOR",Republican,15.06,11/20/25,Winred Technical Services Llc,Arlington,VA,22203,Other,Merchandise Shipping And Fees
Governor,"MARX, VICTOR",Republican,1.03,11/20/25,Winred Technical Services Llc,Arlington,VA,22203,Bank Fees,
Governor,"MARX, VICTOR",Republican,1.03,11/20/25,Winred Technical Services Llc,Arlington,VA,22203,Bank Fees,
Governor,"MARX, VICTOR",Republican,2.05,11/20/25,Winred Technical Services Llc,Arlington,VA,22203,Bank Fees,
Governor,"MARX, VICTOR",Republican,2.05,11/20/25,Winred Technical Services Llc,Arlington,VA,22203,Bank Fees,
Governor,"MARX, VICTOR",Republican,1.03,11/20/25,Winred Technical Services Llc,Arlington,VA,22203,Bank Fees,
Governor,"MARX, VICTOR",Republican,28.93,11/20/25,Winred Technical Services Llc,Arlington,VA,22203,Other,Merchandise Shipping And Fees
Governor,"MARX, VICTOR",Republican,1.03,11/20/25,Winred Technical Services Llc,Arlington,VA,22203,Bank Fees,
Governor,"MARX, VICTOR",Republican,1.97,11/20/25,Winred Technical Services Llc,Arlington,VA,22203,Bank Fees,
Governor,"MARX, VICTOR",Republican,20.51,11/20/25,Winred Technical Services Llc,Arlington,VA,22203,Bank Fees,
Governor,"MARX, VICTOR",Republican,2.05,11/20/25,Winred Technical Services Llc,Arlington,VA,22203,Bank Fees,
Governor,"MARX, VICTOR",Republican,4.1,11/20/25,Winred Technical Services Llc,Arlington,VA,22203,Bank Fees,
Governor,"MARX, VICTOR",Republican,1.97,11/20/25,Winred Technical Services Llc,Arlington,VA,22203,Bank Fees,
Governor,"MARX, VICTOR",Republican,24.34,11/20/25,Winred Technical Services Llc,Arlington,VA,22203,Other,Merchandise Shipping And Fees
Governor,"MARX, VICTOR",Republican,146.01,11/20/25,Winred Technical Services Llc,Arlington,VA,22203,Other,Merchandise Shipping And Fees
Governor,"MARX, VICTOR",Republican,15.26,11/20/25,Winred Technical Services Llc,Arlington,VA,22203,Other,Merchandise Shipping And Fees
Governor,"MARX, VICTOR",Republican,1.03,11/20/25,Winred Technical Services Llc,Arlington,VA,22203,Bank Fees,
Governor,"MARX, VICTOR",Republican,5.41,11/20/25,Winred Technical Services Llc,Arlington,VA,22203,Bank Fees,
Governor,"MARX, VICTOR",Republican,0.99,11/20/25,Winred Technical Services Llc,Arlington,VA,22203,Bank Fees,
Governor,"MARX, VICTOR",Republican,23.32,11/20/25,Winred Technical Services Llc,Arlington,VA,22203,Other,Merchandise Shipping And Fees
Governor,"MARX, VICTOR",Republican,1520.97,11/21/25,Rathbone Hotel,Montrose,CO,81401,Travel & Lodging,
Governor,"MARX, VICTOR",Republican,4.1,11/21/25,Winred Technical Services Llc,Arlington,VA,22203,Bank Fees,
Governor,"MARX, VICTOR",Republican,4.1,11/21/25,Winred Technical Services Llc,Arlington,VA,22203,Bank Fees,
Governor,"MARX, VICTOR",Republican,10.25,11/21/25,Winred Technical Services Llc,Arlington,VA,22203,Bank Fees,
Governor,"MARX, VICTOR",Republican,15.06,11/21/25,Winred Technical Services Llc,Arlington,VA,22203,Other,Merchandise Shipping And Fees
Governor,"MARX, VICTOR",Republican,15.06,11/21/25,Winred Technical Services Llc,Arlington,VA,22203,Other,Merchandise Shipping And Fees
Governor,"MARX, VICTOR",Republican,1.03,11/21/25,Winred Technical Services Llc,Arlington,VA,22203,Bank Fees,
Governor,"MARX, VICTOR",Republican,1.03,11/21/25,Winred Technical Services Llc,Arlington,VA,22203,Bank Fees,
Governor,"MARX, VICTOR",Republican,20.51,11/21/25,Winred Technical Services Llc,Arlington,VA,22203,Bank Fees,
Governor,"MARX, VICTOR",Republican,41.02,11/21/25,Winred Technical Services Llc,Arlington,VA,22203,Bank Fees,
Governor,"MARX, VICTOR",Republican,0.99,11/21/25,Winred Technical Services Llc,Arlington,VA,22203,Bank Fees,
Governor,"MARX, VICTOR",Republican,0.99,11/21/25,Winred Technical Services Llc,Arlington,VA,22203,Bank Fees,
Governor,"MARX, VICTOR",Republican,1.97,11/21/25,Winred Technical Services Llc,Arlington,VA,22203,Bank Fees,
Governor,"MARX, VICTOR",Republican,20.51,11/21/25,Winred Technical Services Llc,Arlington,VA,22203,Bank Fees,
Governor,"MARX, VICTOR",Republican,2.05,11/21/25,Winred Technical Services Llc,Arlington,VA,22203,Bank Fees,
Governor,"MARX, VICTOR",Republican,2.05,11/21/25,Winred Technical Services Llc,Arlington,VA,22203,Bank Fees,
Governor,"MARX, VICTOR",Republican,0.41,11/21/25,Winred Technical Services Llc,Arlington,VA,22203,Bank Fees,
Governor,"MARX, VICTOR",Republican,0.41,11/21/25,Winred Technical Services Llc,Arlington,VA,22203,Bank Fees,
Governor,"MARX, VICTOR",Republican,4.1,11/21/25,Winred Technical Services Llc,Arlington,VA,22203,Bank Fees,
Governor,"MARX, VICTOR",Republican,0.82,11/21/25,Winred Technical Services Llc,Arlington,VA,22203,Bank Fees,
Governor,"MARX, VICTOR",Republican,3.94,11/21/25,Winred Technical Services Llc,Arlington,VA,22203,Bank Fees,
Governor,"MARX, VICTOR",Republican,2.05,11/21/25,Winred Technical Services Llc,Arlington,VA,22203,Bank Fees,
Governor,"MARX, VICTOR",Republican,3.94,11/21/25,Winred Technical Services Llc,Arlington,VA,22203,Bank Fees,
Governor,"MARX, VICTOR",Republican,4.1,11/21/25,Winred Technical Services Llc,Arlington,VA,22203,Bank Fees,
Governor,"MARX, VICTOR",Republican,1.03,11/21/25,Winred Technical Services Llc,Arlington,VA,22203,Bank Fees,
Governor,"MARX, VICTOR",Republican,0.41,11/21/25,Winred Technical Services Llc,Arlington,VA,22203,Bank Fees,
Governor,"MARX, VICTOR",Republican,1.03,11/21/25,Winred Technical Services Llc,Arlington,VA,22203,Bank Fees,
Governor,"MARX, VICTOR",Republican,4.1,11/21/25,Winred Technical Services Llc,Arlington,VA,22203,Bank Fees,
Governor,"MARX, VICTOR",Republican,79.79,11/21/25,Winred Technical Services Llc,Arlington,VA,22203,Other,Merchandise Shipping And Fees
Governor,"MARX, VICTOR",Republican,2.05,11/21/25,Winred Technical Services Llc,Arlington,VA,22203,Bank Fees,
Governor,"MARX, VICTOR",Republican,17.03,11/21/25,Winred Technical Services Llc,Arlington,VA,22203,Other,Merchandise Shipping And Fees
Governor,"MARX, VICTOR",Republican,1.03,11/21/25,Winred Technical Services Llc,Arlington,VA,22203,Bank Fees,
Governor,"MARX, VICTOR",Republican,0.04,11/21/25,Winred Technical Services Llc,Arlington,VA,22203,Bank Fees,
Governor,"MARX, VICTOR",Republican,1.03,11/21/25,Winred Technical Services Llc,Arlington,VA,22203,Bank Fees,
Governor,"MARX, VICTOR",Republican,2.05,11/21/25,Winred Technical Services Llc,Arlington,VA,22203,Bank Fees,
Governor,"MARX, VICTOR",Republican,20.51,11/21/25,Winred Technical Services Llc,Arlington,VA,22203,Bank Fees,
Governor,"MARX, VICTOR",Republican,0.99,11/21/25,Winred Technical Services Llc,Arlington,VA,22203,Bank Fees,
Governor,"MARX, VICTOR",Republican,76.98,11/22/25,Winred Technical Services Llc,Arlington,VA,22203,Other,Merchandise Shipping And Fees
Governor,"MARX, VICTOR",Republican,1.03,11/22/25,Winred Technical Services Llc,Arlington,VA,22203,Bank Fees,
Governor,"MARX, VICTOR",Republican,2.05,11/22/25,Winred Technical Services Llc,Arlington,VA,22203,Bank Fees,
Governor,"MARX, VICTOR",Republican,4.1,11/22/25,Winred Technical Services Llc,Arlington,VA,22203,Bank Fees,
Governor,"MARX, VICTOR",Republican,4.1,11/22/25,Winred Technical Services Llc,Arlington,VA,22203,Bank Fees,
Governor,"MARX, VICTOR",Republican,1.03,11/22/25,Winred Technical Services Llc,Arlington,VA,22203,Bank Fees,
Governor,"MARX, VICTOR",Republican,2.05,11/22/25,Winred Technical Services Llc,Arlington,VA,22203,Bank Fees,
Governor,"MARX, VICTOR",Republican,2.05,11/22/25,Winred Technical Services Llc,Arlington,VA,22203,Bank Fees,
Governor,"MARX, VICTOR",Republican,4.1,11/22/25,Winred Technical Services Llc,Arlington,VA,22203,Bank Fees,
Governor,"MARX, VICTOR",Republican,10.25,11/22/25,Winred Technical Services Llc,Arlington,VA,22203,Bank Fees,
Governor,"MARX, VICTOR",Republican,15.26,11/22/25,Winred Technical Services Llc,Arlington,VA,22203,Other,Merchandise Shipping And Fees
Governor,"MARX, VICTOR",Republican,29.75,11/22/25,Winred Technical Services Llc,Arlington,VA,22203,Bank Fees,
Governor,"MARX, VICTOR",Republican,4.1,11/22/25,Winred Technical Services Llc,Arlington,VA,22203,Bank Fees,
Governor,"MARX, VICTOR",Republican,1.03,11/22/25,Winred Technical Services Llc,Arlington,VA,22203,Bank Fees,
Governor,"MARX, VICTOR",Republican,1.03,11/22/25,Winred Technical Services Llc,Arlington,VA,22203,Bank Fees,
Governor,"MARX, VICTOR",Republican,41.6,11/22/25,Winred Technical Services Llc,Arlington,VA,22203,Other,Merchandise Shipping And Fees
Governor,"MARX, VICTOR",Republican,2.05,11/22/25,Winred Technical Services Llc,Arlington,VA,22203,Bank Fees,
Governor,"MARX, VICTOR",Republican,1.03,11/22/25,Winred Technical Services Llc,Arlington,VA,22203,Bank Fees,
Governor,"MARX, VICTOR",Republican,1.03,11/22/25,Winred Technical Services Llc,Arlington,VA,22203,Bank Fees,
Governor,"MARX, VICTOR",Republican,3.94,11/22/25,Winred Technical Services Llc,Arlington,VA,22203,Bank Fees,
Governor,"MARX, VICTOR",Republican,55.45,11/22/25,Winred Technical Services Llc,Arlington,VA,22203,Other,Merchandise Shipping And Fees
Governor,"MARX, VICTOR",Republican,99.18,11/22/25,Winred Technical Services Llc,Arlington,VA,22203,Other,Merchandise Shipping And Fees
Governor,"MARX, VICTOR",Republican,24.34,11/22/25,Winred Technical Services Llc,Arlington,VA,22203,Other,Merchandise Shipping And Fees
Governor,"MARX, VICTOR",Republican,15.06,11/22/25,Winred Technical Services Llc,Arlington,VA,22203,Other,Merchandise Shipping And Fees
Governor,"MARX, VICTOR",Republican,24.54,11/22/25,Winred Technical Services Llc,Arlington,VA,22203,Other,Merchandise Shipping And Fees
Governor,"MARX, VICTOR",Republican,108.98,11/22/25,Winred Technical Services Llc,Arlington,VA,22203,Other,Merchandise Shipping And Fees
Governor,"MARX, VICTOR",Republican,2.05,11/22/25,Winred Technical Services Llc,Arlington,VA,22203,Bank Fees,
Governor,"MARX, VICTOR",Republican,2.05,11/22/25,Winred Technical Services Llc,Arlington,VA,22203,Bank Fees,
Governor,"MARX, VICTOR",Republican,1.03,11/23/25,Winred Technical Services Llc,Arlington,VA,22203,Bank Fees,
Governor,"MARX, VICTOR",Republican,1.03,11/23/25,Winred Technical Services Llc,Arlington,VA,22203,Bank Fees,
Governor,"MARX, VICTOR",Republican,4.92,11/23/25,Winred Technical Services Llc,Arlington,VA,22203,Bank Fees,
Governor,"MARX, VICTOR",Republican,27.35,11/23/25,Winred Technical Services Llc,Arlington,VA,22203,Other,Merchandise Shipping And Fees
Governor,"MARX, VICTOR",Republican,4.1,11/23/25,Winred Technical Services Llc,Arlington,VA,22203,Bank Fees,
Governor,"MARX, VICTOR",Republican,1.03,11/23/25,Winred Technical Services Llc,Arlington,VA,22203,Bank Fees,
Governor,"MARX, VICTOR",Republican,2.05,11/23/25,Winred Technical Services Llc,Arlington,VA,22203,Bank Fees,
Governor,"MARX, VICTOR",Republican,2.05,11/23/25,Winred Technical Services Llc,Arlington,VA,22203,Bank Fees,
Governor,"MARX, VICTOR",Republican,1.03,11/23/25,Winred Technical Services Llc,Arlington,VA,22203,Bank Fees,
Governor,"MARX, VICTOR",Republican,3.94,11/23/25,Winred Technical Services Llc,Arlington,VA,22203,Bank Fees,
Governor,"MARX, VICTOR",Republican,4.1,11/23/25,Winred Technical Services Llc,Arlington,VA,22203,Bank Fees,
Governor,"MARX, VICTOR",Republican,1.03,11/23/25,Winred Technical Services Llc,Arlington,VA,22203,Bank Fees,
Governor,"MARX, VICTOR",Republican,2.05,11/23/25,Winred Technical Services Llc,Arlington,VA,22203,Bank Fees,
Governor,"MARX, VICTOR",Republican,1.97,11/23/25,Winred Technical Services Llc,Arlington,VA,22203,Bank Fees,
Governor,"MARX, VICTOR",Republican,2.05,11/23/25,Winred Technical Services Llc,Arlington,VA,22203,Bank Fees,
Governor,"MARX, VICTOR",Republican,10.25,11/23/25,Winred Technical Services Llc,Arlington,VA,22203,Bank Fees,
Governor,"MARX, VICTOR",Republican,0.99,11/23/25,Winred Technical Services Llc,Arlington,VA,22203,Bank Fees,
Governor,"MARX, VICTOR",Republican,4.1,11/23/25,Winred Technical Services Llc,Arlington,VA,22203,Bank Fees,
Governor,"MARX, VICTOR",Republican,1.03,11/23/25,Winred Technical Services Llc,Arlington,VA,22203,Bank Fees,
Governor,"MARX, VICTOR",Republican,3.94,11/23/25,Winred Technical Services Llc,Arlington,VA,22203,Bank Fees,
Governor,"MARX, VICTOR",Republican,2.05,11/23/25,Winred Technical Services Llc,Arlington,VA,22203,Bank Fees,
Governor,"MARX, VICTOR",Republican,1.03,11/23/25,Winred Technical Services Llc,Arlington,VA,22203,Bank Fees,
Governor,"MARX, VICTOR",Republican,2.05,11/23/25,Winred Technical Services Llc,Arlington,VA,22203,Bank Fees,
Governor,"MARX, VICTOR",Republican,2.05,11/23/25,Winred Technical Services Llc,Arlington,VA,22203,Bank Fees,
Governor,"MARX, VICTOR",Republican,4.1,11/23/25,Winred Technical Services Llc,Arlington,VA,22203,Bank Fees,
Governor,"MARX, VICTOR",Republican,50.6,11/23/25,Winred Technical Services Llc,Arlington,VA,22203,Other,Merchandise Shipping And Fees
Governor,"MARX, VICTOR",Republican,115.89,11/23/25,Winred Technical Services Llc,Arlington,VA,22203,Other,Merchandise Shipping And Fees
Governor,"MARX, VICTOR",Republican,1.97,11/23/25,Winred Technical Services Llc,Arlington,VA,22203,Bank Fees,
Governor,"MARX, VICTOR",Republican,4.1,11/23/25,Winred Technical Services Llc,Arlington,VA,22203,Bank Fees,
Governor,"MARX, VICTOR",Republican,15.06,11/23/25,Winred Technical Services Llc,Arlington,VA,22203,Other,Merchandise Shipping And Fees
Governor,"MARX, VICTOR",Republican,2.05,11/23/25,Winred Technical Services Llc,Arlington,VA,22203,Bank Fees,
Governor,"MARX, VICTOR",Republican,1.03,11/23/25,Winred Technical Services Llc,Arlington,VA,22203,Bank Fees,
Governor,"MARX, VICTOR",Republican,500,11/24/25,S And K Parks And Event Center,Delta,CO,81416,Other,Venue Fee
Governor,"MARX, VICTOR",Republican,37.37,11/24/25,City Market,Grand Junction,CO,81501,"Food, Beverages and Meals",
Governor,"MARX, VICTOR",Republican,40.47,11/24/25,City Market,Montrose,CO,81401,"Food, Beverages and Meals",
Governor,"MARX, VICTOR",Republican,100.82,11/24/25,Palisades Restaurant,Gunnison,CO,81230,"Food, Beverages and Meals",
Governor,"MARX, VICTOR",Republican,49.42,11/24/25,Mojos Eatery,Salida,CO,81201,"Food, Beverages and Meals",
Governor,"MARX, VICTOR",Republican,365.65,11/24/25,Mesa County,Grand Junction,CO,81505,Other,Venue Fee
Governor,"MARX, VICTOR",Republican,1.03,11/24/25,Winred Technical Services Llc,Arlington,VA,22203,Bank Fees,
Governor,"MARX, VICTOR",Republican,0.99,11/24/25,Winred Technical Services Llc,Arlington,VA,22203,Bank Fees,
Governor,"MARX, VICTOR",Republican,2.05,11/24/25,Winred Technical Services Llc,Arlington,VA,22203,Bank Fees,
Governor,"MARX, VICTOR",Republican,3.94,11/24/25,Winred Technical Services Llc,Arlington,VA,22203,Bank Fees,
Governor,"MARX, VICTOR",Republican,1.03,11/24/25,Winred Technical Services Llc,Arlington,VA,22203,Bank Fees,
Governor,"MARX, VICTOR",Republican,0.82,11/24/25,Winred Technical Services Llc,Arlington,VA,22203,Bank Fees,
Governor,"MARX, VICTOR",Republican,1.03,11/24/25,Winred Technical Services Llc,Arlington,VA,22203,Bank Fees,
Governor,"MARX, VICTOR",Republican,61.04,11/24/25,Winred Technical Services Llc,Arlington,VA,22203,Other,Merchandise Shipping And Fees
Governor,"MARX, VICTOR",Republican,1.03,11/24/25,Winred Technical Services Llc,Arlington,VA,22203,Bank Fees,
Governor,"MARX, VICTOR",Republican,30.13,11/24/25,Winred Technical Services Llc,Arlington,VA,22203,Other,Merchandise Shipping And Fees
Governor,"MARX, VICTOR",Republican,0.99,11/24/25,Winred Technical Services Llc,Arlington,VA,22203,Bank Fees,
Governor,"MARX, VICTOR",Republican,10.25,11/24/25,Winred Technical Services Llc,Arlington,VA,22203,Bank Fees,
Governor,"MARX, VICTOR",Republican,30.13,11/24/25,Winred Technical Services Llc,Arlington,VA,22203,Other,Merchandise Shipping And Fees
Governor,"MARX, VICTOR",Republican,2.05,11/25/25,Winred Technical Services Llc,Arlington,VA,22203,Bank Fees,
Governor,"MARX, VICTOR",Republican,1.03,11/25/25,Winred Technical Services Llc,Arlington,VA,22203,Bank Fees,
Governor,"MARX, VICTOR",Republican,0.41,11/25/25,Winred Technical Services Llc,Arlington,VA,22203,Bank Fees,
Governor,"MARX, VICTOR",Republican,2.05,11/25/25,Winred Technical Services Llc,Arlington,VA,22203,Bank Fees,
Governor,"MARX, VICTOR",Republican,4.1,11/25/25,Winred Technical Services Llc,Arlington,VA,22203,Bank Fees,
Governor,"MARX, VICTOR",Republican,2.05,11/25/25,Winred Technical Services Llc,Arlington,VA,22203,Bank Fees,
Governor,"MARX, VICTOR",Republican,4.1,11/25/25,Winred Technical Services Llc,Arlington,VA,22203,Bank Fees,
Governor,"MARX, VICTOR",Republican,1.03,11/25/25,Winred Technical Services Llc,Arlington,VA,22203,Bank Fees,
Governor,"MARX, VICTOR",Republican,4.1,11/25/25,Winred Technical Services Llc,Arlington,VA,22203,Bank Fees,
Governor,"MARX, VICTOR",Republican,1.03,11/25/25,Winred Technical Services Llc,Arlington,VA,22203,Bank Fees,
Governor,"MARX, VICTOR",Republican,1.03,11/25/25,Winred Technical Services Llc,Arlington,VA,22203,Bank Fees,
Governor,"MARX, VICTOR",Republican,0.99,11/25/25,Winred Technical Services Llc,Arlington,VA,22203,Bank Fees,
Governor,"MARX, VICTOR",Republican,3.94,11/25/25,Winred Technical Services Llc,Arlington,VA,22203,Bank Fees,
Governor,"MARX, VICTOR",Republican,47.28,11/25/25,Winred Technical Services Llc,Arlington,VA,22203,Bank Fees,
Governor,"MARX, VICTOR",Republican,15.26,11/25/25,Winred Technical Services Llc,Arlington,VA,22203,Other,Merchandise Shipping And Fees
Governor,"MARX, VICTOR",Republican,15.06,11/25/25,Winred Technical Services Llc,Arlington,VA,22203,Other,Merchandise Shipping And Fees
Governor,"MARX, VICTOR",Republican,0.79,11/25/25,Winred Technical Services Llc,Arlington,VA,22203,Bank Fees,
Governor,"MARX, VICTOR",Republican,4.1,11/25/25,Winred Technical Services Llc,Arlington,VA,22203,Bank Fees,
Governor,"MARX, VICTOR",Republican,1.03,11/25/25,Winred Technical Services Llc,Arlington,VA,22203,Bank Fees,
Governor,"MARX, VICTOR",Republican,2.05,11/25/25,Winred Technical Services Llc,Arlington,VA,22203,Bank Fees,
Governor,"MARX, VICTOR",Republican,4.1,11/25/25,Winred Technical Services Llc,Arlington,VA,22203,Bank Fees,
Governor,"MARX, VICTOR",Republican,4.1,11/25/25,Winred Technical Services Llc,Arlington,VA,22203,Bank Fees,
Governor,"MARX, VICTOR",Republican,1.97,11/25/25,Winred Technical Services Llc,Arlington,VA,22203,Bank Fees,
Governor,"MARX, VICTOR",Republican,4.1,11/25/25,Winred Technical Services Llc,Arlington,VA,22203,Bank Fees,
Governor,"MARX, VICTOR",Republican,2.05,11/25/25,Winred Technical Services Llc,Arlington,VA,22203,Bank Fees,
Governor,"MARX, VICTOR",Republican,138.44,11/26/25,Pufferbelly Restaurant,Grand Junction,CO,81501,"Food, Beverages and Meals",
Governor,"MARX, VICTOR",Republican,4.1,11/26/25,Winred Technical Services Llc,Arlington,VA,22203,Bank Fees,
Governor,"MARX, VICTOR",Republican,1.03,11/26/25,Winred Technical Services Llc,Arlington,VA,22203,Bank Fees,
Governor,"MARX, VICTOR",Republican,3.94,11/26/25,Winred Technical Services Llc,Arlington,VA,22203,Bank Fees,
Governor,"MARX, VICTOR",Republican,30.13,11/26/25,Winred Technical Services Llc,Arlington,VA,22203,Other,Merchandise Shipping And Fees
Governor,"MARX, VICTOR",Republican,2.05,11/26/25,Winred Technical Services Llc,Arlington,VA,22203,Bank Fees,
Governor,"MARX, VICTOR",Republican,1.38,11/26/25,Winred Technical Services Llc,Arlington,VA,22203,Bank Fees,
Governor,"MARX, VICTOR",Republican,0.41,11/26/25,Winred Technical Services Llc,Arlington,VA,22203,Bank Fees,
Governor,"MARX, VICTOR",Republican,2.05,11/26/25,Winred Technical Services Llc,Arlington,VA,22203,Bank Fees,
Governor,"MARX, VICTOR",Republican,4.92,11/26/25,Winred Technical Services Llc,Arlington,VA,22203,Bank Fees,
Governor,"MARX, VICTOR",Republican,80.57,11/26/25,Winred Technical Services Llc,Arlington,VA,22203,Other,Merchandise Shipping And Fees
Governor,"MARX, VICTOR",Republican,10.25,11/26/25,Winred Technical Services Llc,Arlington,VA,22203,Bank Fees,
Governor,"MARX, VICTOR",Republican,20.51,11/26/25,Winred Technical Services Llc,Arlington,VA,22203,Bank Fees,
Governor,"MARX, VICTOR",Republican,2.05,11/26/25,Winred Technical Services Llc,Arlington,VA,22203,Bank Fees,
Governor,"MARX, VICTOR",Republican,1.03,11/26/25,Winred Technical Services Llc,Arlington,VA,22203,Bank Fees,
Governor,"MARX, VICTOR",Republican,4.1,11/26/25,Winred Technical Services Llc,Arlington,VA,22203,Bank Fees,
Governor,"MARX, VICTOR",Republican,2.05,11/26/25,Winred Technical Services Llc,Arlington,VA,22203,Bank Fees,
Governor,"MARX, VICTOR",Republican,1.03,11/26/25,Winred Technical Services Llc,Arlington,VA,22203,Bank Fees,
Governor,"MARX, VICTOR",Republican,4.1,11/26/25,Winred Technical Services Llc,Arlington,VA,22203,Bank Fees,
Governor,"MARX, VICTOR",Republican,52.66,11/26/25,Winred Technical Services Llc,Arlington,VA,22203,Other,Merchandise Shipping And Fees
Governor,"MARX, VICTOR",Republican,15.46,11/26/25,Winred Technical Services Llc,Arlington,VA,22203,Other,Merchandise Shipping And Fees
Governor,"MARX, VICTOR",Republican,0.62,11/27/25,Winred Technical Services Llc,Arlington,VA,22203,Bank Fees,
Governor,"MARX, VICTOR",Republican,1.03,11/27/25,Winred Technical Services Llc,Arlington,VA,22203,Bank Fees,
Governor,"MARX, VICTOR",Republican,10.25,11/27/25,Winred Technical Services Llc,Arlington,VA,22203,Bank Fees,
Governor,"MARX, VICTOR",Republican,1.03,11/27/25,Winred Technical Services Llc,Arlington,VA,22203,Bank Fees,
Governor,"MARX, VICTOR",Republican,4.1,11/27/25,Winred Technical Services Llc,Arlington,VA,22203,Bank Fees,
Governor,"MARX, VICTOR",Republican,4.1,11/27/25,Winred Technical Services Llc,Arlington,VA,22203,Bank Fees,
Governor,"MARX, VICTOR",Republican,77.79,11/27/25,Winred Technical Services Llc,Arlington,VA,22203,Other,Merchandise Shipping And Fees
Governor,"MARX, VICTOR",Republican,4.1,11/27/25,Winred Technical Services Llc,Arlington,VA,22203,Bank Fees,
Governor,"MARX, VICTOR",Republican,1.03,11/27/25,Winred Technical Services Llc,Arlington,VA,22203,Bank Fees,
Governor,"MARX, VICTOR",Republican,534.41,11/28/25,Home2 Suites,Grand Junction,CO,81505,Travel & Lodging,
Governor,"MARX, VICTOR",Republican,534.41,11/28/25,Home2 Suites,Grand Junction,CO,81505,Travel & Lodging,
Governor,"MARX, VICTOR",Republican,534.41,11/28/25,Home2 Suites,Grand Junction,CO,81505,Travel & Lodging,
Governor,"MARX, VICTOR",Republican,534.41,11/28/25,Home2 Suites,Grand Junction,CO,81505,Travel & Lodging,
Governor,"MARX, VICTOR",Republican,1.97,11/28/25,Winred Technical Services Llc,Arlington,VA,22203,Bank Fees,
Governor,"MARX, VICTOR",Republican,3.94,11/28/25,Winred Technical Services Llc,Arlington,VA,22203,Bank Fees,
Governor,"MARX, VICTOR",Republican,4.1,11/28/25,Winred Technical Services Llc,Arlington,VA,22203,Bank Fees,
Governor,"MARX, VICTOR",Republican,41.4,11/28/25,Winred Technical Services Llc,Arlington,VA,22203,Other,Merchandise Shipping And Fees
Governor,"MARX, VICTOR",Republican,2.05,11/28/25,Winred Technical Services Llc,Arlington,VA,22203,Bank Fees,
Governor,"MARX, VICTOR",Republican,4.1,11/28/25,Winred Technical Services Llc,Arlington,VA,22203,Bank Fees,
Governor,"MARX, VICTOR",Republican,4.1,11/28/25,Winred Technical Services Llc,Arlington,VA,22203,Bank Fees,
Governor,"MARX, VICTOR",Republican,1.03,11/28/25,Winred Technical Services Llc,Arlington,VA,22203,Bank Fees,
Governor,"MARX, VICTOR",Republican,3.94,11/28/25,Winred Technical Services Llc,Arlington,VA,22203,Bank Fees,
Governor,"MARX, VICTOR",Republican,64.85,11/28/25,Winred Technical Services Llc,Arlington,VA,22203,Other,Merchandise Shipping And Fees
Governor,"MARX, VICTOR",Republican,1.03,11/28/25,Winred Technical Services Llc,Arlington,VA,22203,Bank Fees,
Governor,"MARX, VICTOR",Republican,2.05,11/28/25,Winred Technical Services Llc,Arlington,VA,22203,Bank Fees,
Governor,"MARX, VICTOR",Republican,1.03,11/29/25,Winred Technical Services Llc,Arlington,VA,22203,Bank Fees,
Governor,"MARX, VICTOR",Republican,4.1,11/29/25,Winred Technical Services Llc,Arlington,VA,22203,Bank Fees,
Governor,"MARX, VICTOR",Republican,2.05,11/29/25,Winred Technical Services Llc,Arlington,VA,22203,Bank Fees,
Governor,"MARX, VICTOR",Republican,2.05,11/29/25,Winred Technical Services Llc,Arlington,VA,22203,Bank Fees,
Governor,"MARX, VICTOR",Republican,56.64,11/29/25,Winred Technical Services Llc,Arlington,VA,22203,Other,Merchandise Shipping And Fees
Governor,"MARX, VICTOR",Republican,10.25,11/29/25,Winred Technical Services Llc,Arlington,VA,22203,Bank Fees,
Governor,"MARX, VICTOR",Republican,0.79,11/29/25,Winred Technical Services Llc,Arlington,VA,22203,Bank Fees,
Governor,"MARX, VICTOR",Republican,10.25,11/29/25,Winred Technical Services Llc,Arlington,VA,22203,Bank Fees,
Governor,"MARX, VICTOR",Republican,0.99,11/29/25,Winred Technical Services Llc,Arlington,VA,22203,Bank Fees,
Governor,"MARX, VICTOR",Republican,1.44,11/29/25,Winred Technical Services Llc,Arlington,VA,22203,Bank Fees,
Governor,"MARX, VICTOR",Republican,1.03,11/29/25,Winred Technical Services Llc,Arlington,VA,22203,Bank Fees,
Governor,"MARX, VICTOR",Republican,0.99,11/29/25,Winred Technical Services Llc,Arlington,VA,22203,Bank Fees,
Governor,"MARX, VICTOR",Republican,2.05,11/29/25,Winred Technical Services Llc,Arlington,VA,22203,Bank Fees,
Governor,"MARX, VICTOR",Republican,1.03,11/30/25,Winred Technical Services Llc,Arlington,VA,22203,Bank Fees,
Governor,"MARX, VICTOR",Republican,1.03,11/30/25,Winred Technical Services Llc,Arlington,VA,22203,Bank Fees,
Governor,"MARX, VICTOR",Republican,3.94,11/30/25,Winred Technical Services Llc,Arlington,VA,22203,Bank Fees,
Governor,"MARX, VICTOR",Republican,0.04,11/30/25,Winred Technical Services Llc,Arlington,VA,22203,Bank Fees,
Governor,"MARX, VICTOR",Republican,2.05,11/30/25,Winred Technical Services Llc,Arlington,VA,22203,Bank Fees,
Governor,"MARX, VICTOR",Republican,1.03,11/30/25,Winred Technical Services Llc,Arlington,VA,22203,Bank Fees,
Governor,"MARX, VICTOR",Republican,11.82,11/30/25,Winred Technical Services Llc,Arlington,VA,22203,Bank Fees,
Governor,"MARX, VICTOR",Republican,1.03,11/30/25,Winred Technical Services Llc,Arlington,VA,22203,Bank Fees,
Governor,"MARX, VICTOR",Republican,1.03,11/30/25,Winred Technical Services Llc,Arlington,VA,22203,Bank Fees,
Governor,"MARX, VICTOR",Republican,10.25,11/30/25,Winred Technical Services Llc,Arlington,VA,22203,Bank Fees,
Governor,"MARX, VICTOR",Republican,4.1,11/30/25,Winred Technical Services Llc,Arlington,VA,22203,Bank Fees,
Governor,"MARX, VICTOR",Republican,4.1,11/30/25,Winred Technical Services Llc,Arlington,VA,22203,Bank Fees,
Governor,"MARX, VICTOR",Republican,4.1,11/30/25,Winred Technical Services Llc,Arlington,VA,22203,Bank Fees,
Governor,"MARX, VICTOR",Republican,1.03,11/30/25,Winred Technical Services Llc,Arlington,VA,22203,Bank Fees,
Governor,"MARX, VICTOR",Republican,2.05,11/30/25,Winred Technical Services Llc,Arlington,VA,22203,Bank Fees,
Governor,"MARX, VICTOR",Republican,0.79,11/30/25,Winred Technical Services Llc,Arlington,VA,22203,Bank Fees,
Governor,"MARX, VICTOR",Republican,4.1,12/1/25,Winred Technical Services Llc,Arlington,VA,22203,Bank Fees,
Governor,"MARX, VICTOR",Republican,3.94,12/1/25,Winred Technical Services Llc,Arlington,VA,22203,Bank Fees,
Governor,"MARX, VICTOR",Republican,1.03,12/1/25,Winred Technical Services Llc,Arlington,VA,22203,Bank Fees,
Governor,"MARX, VICTOR",Republican,2.05,12/1/25,Winred Technical Services Llc,Arlington,VA,22203,Bank Fees,
Governor,"MARX, VICTOR",Republican,1.97,12/1/25,Winred Technical Services Llc,Arlington,VA,22203,Bank Fees,
Governor,"MARX, VICTOR",Republican,57.13,12/1/25,Winred Technical Services Llc,Arlington,VA,22203,Bank Fees,
Governor,"MARX, VICTOR",Republican,4.1,12/1/25,Winred Technical Services Llc,Arlington,VA,22203,Bank Fees,
Governor,"MARX, VICTOR",Republican,4.1,12/1/25,Winred Technical Services Llc,Arlington,VA,22203,Bank Fees,
Governor,"MARX, VICTOR",Republican,0.41,12/1/25,Winred Technical Services Llc,Arlington,VA,22203,Bank Fees,
Governor,"MARX, VICTOR",Republican,0.99,12/1/25,Winred Technical Services Llc,Arlington,VA,22203,Bank Fees,
Governor,"MARX, VICTOR",Republican,1.03,12/1/25,Winred Technical Services Llc,Arlington,VA,22203,Bank Fees,
Governor,"MARX, VICTOR",Republican,4.1,12/1/25,Winred Technical Services Llc,Arlington,VA,22203,Bank Fees,
Governor,"MARX, VICTOR",Republican,1.03,12/1/25,Winred Technical Services Llc,Arlington,VA,22203,Bank Fees,
Governor,"MARX, VICTOR",Republican,15000,12/1/25,Superboost Llc,Colorado Springs,CO,80908,Other,Media Team / Production
Governor,"MARX, VICTOR",Republican,3.94,12/2/25,Winred Technical Services Llc,Arlington,VA,22203,Bank Fees,
Governor,"MARX, VICTOR",Republican,34.1,12/2/25,Winred Technical Services Llc,Arlington,VA,22203,Other,Merchandise Shipping And Fees
Governor,"MARX, VICTOR",Republican,0.99,12/2/25,Winred Technical Services Llc,Arlington,VA,22203,Bank Fees,
Governor,"MARX, VICTOR",Republican,3.94,12/2/25,Winred Technical Services Llc,Arlington,VA,22203,Bank Fees,
Governor,"MARX, VICTOR",Republican,15.06,12/2/25,Winred Technical Services Llc,Arlington,VA,22203,Other,Merchandise Shipping And Fees
Governor,"MARX, VICTOR",Republican,1.03,12/2/25,Winred Technical Services Llc,Arlington,VA,22203,Bank Fees,
Governor,"MARX, VICTOR",Republican,4.1,12/2/25,Winred Technical Services Llc,Arlington,VA,22203,Bank Fees,
Governor,"MARX, VICTOR",Republican,2.05,12/2/25,Winred Technical Services Llc,Arlington,VA,22203,Bank Fees,
Governor,"MARX, VICTOR",Republican,0.41,12/2/25,Winred Technical Services Llc,Arlington,VA,22203,Bank Fees,
Governor,"MARX, VICTOR",Republican,8.2,12/2/25,Winred Technical Services Llc,Arlington,VA,22203,Bank Fees,
Governor,"MARX, VICTOR",Republican,1.03,12/2/25,Winred Technical Services Llc,Arlington,VA,22203,Bank Fees,
Governor,"MARX, VICTOR",Republican,39.4,12/2/25,Winred Technical Services Llc,Arlington,VA,22203,Other,Merchandise Shipping And Fees
Governor,"MARX, VICTOR",Republican,114.72,12/2/25,Winred Technical Services Llc,Arlington,VA,22203,Other,Merchandise Shipping And Fees
Governor,"MARX, VICTOR",Republican,19.7,12/2/25,Winred Technical Services Llc,Arlington,VA,22203,Bank Fees,
Governor,"MARX, VICTOR",Republican,4.14,12/2/25,Winred Technical Services Llc,Arlington,VA,22203,Bank Fees,
Governor,"MARX, VICTOR",Republican,0.99,12/2/25,Winred Technical Services Llc,Arlington,VA,22203,Bank Fees,
Governor,"MARX, VICTOR",Republican,2.05,12/2/25,Winred Technical Services Llc,Arlington,VA,22203,Bank Fees,
Governor,"MARX, VICTOR",Republican,10.25,12/2/25,Winred Technical Services Llc,Arlington,VA,22203,Bank Fees,
Governor,"MARX, VICTOR",Republican,1.03,12/2/25,Winred Technical Services Llc,Arlington,VA,22203,Bank Fees,
Governor,"MARX, VICTOR",Republican,2.05,12/2/25,Winred Technical Services Llc,Arlington,VA,22203,Bank Fees,
Governor,"MARX, VICTOR",Republican,4.1,12/2/25,Winred Technical Services Llc,Arlington,VA,22203,Bank Fees,
Governor,"MARX, VICTOR",Republican,2.05,12/2/25,Winred Technical Services Llc,Arlington,VA,22203,Bank Fees,
Governor,"MARX, VICTOR",Republican,1.03,12/2/25,Winred Technical Services Llc,Arlington,VA,22203,Bank Fees,
Governor,"MARX, VICTOR",Republican,0.41,12/2/25,Winred Technical Services Llc,Arlington,VA,22203,Bank Fees,
Governor,"MARX, VICTOR",Republican,1.03,12/2/25,Winred Technical Services Llc,Arlington,VA,22203,Bank Fees,
Governor,"MARX, VICTOR",Republican,2.05,12/2/25,Winred Technical Services Llc,Arlington,VA,22203,Bank Fees,
Governor,"MARX, VICTOR",Republican,15.06,12/2/25,Winred Technical Services Llc,Arlington,VA,22203,Other,Merchandise Shipping And Fees
Governor,"MARX, VICTOR",Republican,118.34,12/2/25,Elite Card Processing,Hagerstown,MD,21740,Bank Fees,
Governor,"MARX, VICTOR",Republican,10000,12/3/25,Varyation Consulting Llc,Las Vegas,NV,89113,Consultant & Professional Services,
Governor,"MARX, VICTOR",Republican,1.03,12/3/25,Winred Technical Services Llc,Arlington,VA,22203,Bank Fees,
Governor,"MARX, VICTOR",Republican,1.03,12/3/25,Winred Technical Services Llc,Arlington,VA,22203,Bank Fees,
Governor,"MARX, VICTOR",Republican,28.2,12/3/25,Winred Technical Services Llc,Arlington,VA,22203,Other,Merchandise Shipping And Fees
Governor,"MARX, VICTOR",Republican,4.1,12/3/25,Winred Technical Services Llc,Arlington,VA,22203,Bank Fees,
Governor,"MARX, VICTOR",Republican,3.94,12/3/25,Winred Technical Services Llc,Arlington,VA,22203,Bank Fees,
Governor,"MARX, VICTOR",Republican,1.03,12/3/25,Winred Technical Services Llc,Arlington,VA,22203,Bank Fees,
Governor,"MARX, VICTOR",Republican,0.99,12/3/25,Winred Technical Services Llc,Arlington,VA,22203,Bank Fees,
Governor,"MARX, VICTOR",Republican,1.03,12/3/25,Winred Technical Services Llc,Arlington,VA,22203,Bank Fees,
Governor,"MARX, VICTOR",Republican,1.03,12/3/25,Winred Technical Services Llc,Arlington,VA,22203,Bank Fees,
Governor,"MARX, VICTOR",Republican,1.03,12/3/25,Winred Technical Services Llc,Arlington,VA,22203,Bank Fees,
Governor,"MARX, VICTOR",Republican,4.1,12/3/25,Winred Technical Services Llc,Arlington,VA,22203,Bank Fees,
Governor,"MARX, VICTOR",Republican,35.32,12/3/25,Winred Technical Services Llc,Arlington,VA,22203,Other,Merchandise Shipping And Fees
Governor,"MARX, VICTOR",Republican,1.03,12/3/25,Winred Technical Services Llc,Arlington,VA,22203,Bank Fees,
Governor,"MARX, VICTOR",Republican,1.03,12/3/25,Winred Technical Services Llc,Arlington,VA,22203,Bank Fees,
Governor,"MARX, VICTOR",Republican,2.05,12/3/25,Winred Technical Services Llc,Arlington,VA,22203,Bank Fees,
Governor,"MARX, VICTOR",Republican,2.05,12/3/25,Winred Technical Services Llc,Arlington,VA,22203,Bank Fees,
Governor,"MARX, VICTOR",Republican,2.05,12/3/25,Winred Technical Services Llc,Arlington,VA,22203,Bank Fees,
Governor,"MARX, VICTOR",Republican,2.05,12/3/25,Winred Technical Services Llc,Arlington,VA,22203,Bank Fees,
Governor,"MARX, VICTOR",Republican,1.03,12/3/25,Winred Technical Services Llc,Arlington,VA,22203,Bank Fees,
Governor,"MARX, VICTOR",Republican,4.1,12/3/25,Winred Technical Services Llc,Arlington,VA,22203,Bank Fees,
Governor,"MARX, VICTOR",Republican,4.1,12/3/25,Winred Technical Services Llc,Arlington,VA,22203,Bank Fees,
Governor,"MARX, VICTOR",Republican,1.97,12/3/25,Winred Technical Services Llc,Arlington,VA,22203,Bank Fees,
Governor,"MARX, VICTOR",Republican,4.1,12/3/25,Winred Technical Services Llc,Arlington,VA,22203,Bank Fees,
Governor,"MARX, VICTOR",Republican,1.03,12/3/25,Winred Technical Services Llc,Arlington,VA,22203,Bank Fees,
Governor,"MARX, VICTOR",Republican,2.05,12/3/25,Winred Technical Services Llc,Arlington,VA,22203,Bank Fees,
Governor,"MARX, VICTOR",Republican,0.41,12/3/25,Winred Technical Services Llc,Arlington,VA,22203,Bank Fees,
Governor,"MARX, VICTOR",Republican,1.03,12/3/25,Winred Technical Services Llc,Arlington,VA,22203,Bank Fees,
Governor,"MARX, VICTOR",Republican,2.05,12/3/25,Winred Technical Services Llc,Arlington,VA,22203,Bank Fees,
Governor,"MARX, VICTOR",Republican,2.05,12/3/25,Winred Technical Services Llc,Arlington,VA,22203,Bank Fees,
Governor,"MARX, VICTOR",Republican,7500,12/4/25,Trent  Langhofer,Colorado Springs,CO,80927,Consultant & Professional Services,
Governor,"MARX, VICTOR",Republican,10000,12/4/25,Optik Consulting Strategies,Miami,FL,33131,Consultant & Professional Services,Website Email Social Media Strategy Special Projects
Governor,"MARX, VICTOR",Republican,0.08,12/4/25,Winred Technical Services Llc,Arlington,VA,22203,Bank Fees,
Governor,"MARX, VICTOR",Republican,4.1,12/4/25,Winred Technical Services Llc,Arlington,VA,22203,Bank Fees,
Governor,"MARX, VICTOR",Republican,1.03,12/4/25,Winred Technical Services Llc,Arlington,VA,22203,Bank Fees,
Governor,"MARX, VICTOR",Republican,2.05,12/4/25,Winred Technical Services Llc,Arlington,VA,22203,Bank Fees,
Governor,"MARX, VICTOR",Republican,1.03,12/4/25,Winred Technical Services Llc,Arlington,VA,22203,Bank Fees,
Governor,"MARX, VICTOR",Republican,1.03,12/4/25,Winred Technical Services Llc,Arlington,VA,22203,Bank Fees,
Governor,"MARX, VICTOR",Republican,2.05,12/4/25,Winred Technical Services Llc,Arlington,VA,22203,Bank Fees,
Governor,"MARX, VICTOR",Republican,2.05,12/4/25,Winred Technical Services Llc,Arlington,VA,22203,Bank Fees,
Governor,"MARX, VICTOR",Republican,2.05,12/4/25,Winred Technical Services Llc,Arlington,VA,22203,Bank Fees,
Governor,"MARX, VICTOR",Republican,62.46,12/4/25,Winred Technical Services Llc,Arlington,VA,22203,Other,Merchandise Shipping And Fees
Governor,"MARX, VICTOR",Republican,1.03,12/4/25,Winred Technical Services Llc,Arlington,VA,22203,Bank Fees,
Governor,"MARX, VICTOR",Republican,4.1,12/4/25,Winred Technical Services Llc,Arlington,VA,22203,Bank Fees,
Governor,"MARX, VICTOR",Republican,2.05,12/4/25,Winred Technical Services Llc,Arlington,VA,22203,Bank Fees,
Governor,"MARX, VICTOR",Republican,3.94,12/4/25,Winred Technical Services Llc,Arlington,VA,22203,Bank Fees,
Governor,"MARX, VICTOR",Republican,0.41,12/4/25,Winred Technical Services Llc,Arlington,VA,22203,Bank Fees,
Governor,"MARX, VICTOR",Republican,0.21,12/4/25,Winred Technical Services Llc,Arlington,VA,22203,Bank Fees,
Governor,"MARX, VICTOR",Republican,0.99,12/4/25,Winred Technical Services Llc,Arlington,VA,22203,Bank Fees,
Governor,"MARX, VICTOR",Republican,1.03,12/4/25,Winred Technical Services Llc,Arlington,VA,22203,Bank Fees,
Governor,"MARX, VICTOR",Republican,0.33,12/4/25,Winred Technical Services Llc,Arlington,VA,22203,Bank Fees,
Governor,"MARX, VICTOR",Republican,1.03,12/4/25,Winred Technical Services Llc,Arlington,VA,22203,Bank Fees,
Governor,"MARX, VICTOR",Republican,0.21,12/4/25,Winred Technical Services Llc,Arlington,VA,22203,Bank Fees,
Governor,"MARX, VICTOR",Republican,2.05,12/4/25,Winred Technical Services Llc,Arlington,VA,22203,Bank Fees,
Governor,"MARX, VICTOR",Republican,4.1,12/4/25,Winred Technical Services Llc,Arlington,VA,22203,Bank Fees,
Governor,"MARX, VICTOR",Republican,56.44,12/4/25,Winred Technical Services Llc,Arlington,VA,22203,Other,Merchandise Shipping And Fees
Governor,"MARX, VICTOR",Republican,0.79,12/4/25,Winred Technical Services Llc,Arlington,VA,22203,Bank Fees,
Governor,"MARX, VICTOR",Republican,1.03,12/4/25,Winred Technical Services Llc,Arlington,VA,22203,Bank Fees,
Governor,"MARX, VICTOR",Republican,2.05,12/4/25,Winred Technical Services Llc,Arlington,VA,22203,Bank Fees,
Governor,"MARX, VICTOR",Republican,1.03,12/4/25,Winred Technical Services Llc,Arlington,VA,22203,Bank Fees,
Governor,"MARX, VICTOR",Republican,3.94,12/4/25,Winred Technical Services Llc,Arlington,VA,22203,Bank Fees,
Governor,"MARX, VICTOR",Republican,104.69,12/4/25,Winred Technical Services Llc,Arlington,VA,22203,Other,Merchandise Shipping And Fees
Governor,"MARX, VICTOR",Republican,1.03,12/4/25,Winred Technical Services Llc,Arlington,VA,22203,Bank Fees,
Governor,"MARX, VICTOR",Republican,1.03,12/4/25,Winred Technical Services Llc,Arlington,VA,22203,Bank Fees,
Governor,"MARX, VICTOR",Republican,0.62,12/4/25,Winred Technical Services Llc,Arlington,VA,22203,Bank Fees,
Governor,"MARX, VICTOR",Republican,0.62,12/4/25,Winred Technical Services Llc,Arlington,VA,22203,Bank Fees,
Governor,"MARX, VICTOR",Republican,0.04,12/4/25,Winred Technical Services Llc,Arlington,VA,22203,Bank Fees,
Governor,"MARX, VICTOR",Republican,0.39,12/4/25,Winred Technical Services Llc,Arlington,VA,22203,Bank Fees,
Governor,"MARX, VICTOR",Republican,10.25,12/4/25,Winred Technical Services Llc,Arlington,VA,22203,Bank Fees,
Governor,"MARX, VICTOR",Republican,4.1,12/4/25,Winred Technical Services Llc,Arlington,VA,22203,Bank Fees,
Governor,"MARX, VICTOR",Republican,4.1,12/4/25,Winred Technical Services Llc,Arlington,VA,22203,Bank Fees,
Governor,"MARX, VICTOR",Republican,1.03,12/4/25,Winred Technical Services Llc,Arlington,VA,22203,Bank Fees,
Governor,"MARX, VICTOR",Republican,0.39,12/4/25,Winred Technical Services Llc,Arlington,VA,22203,Bank Fees,
Governor,"MARX, VICTOR",Republican,4.1,12/4/25,Winred Technical Services Llc,Arlington,VA,22203,Bank Fees,
Governor,"MARX, VICTOR",Republican,4.1,12/4/25,Winred Technical Services Llc,Arlington,VA,22203,Bank Fees,
Governor,"MARX, VICTOR",Republican,3.94,12/4/25,Winred Technical Services Llc,Arlington,VA,22203,Bank Fees,
Governor,"MARX, VICTOR",Republican,1.03,12/4/25,Winred Technical Services Llc,Arlington,VA,22203,Bank Fees,
Governor,"MARX, VICTOR",Republican,0.59,12/4/25,Winred Technical Services Llc,Arlington,VA,22203,Bank Fees,
Governor,"MARX, VICTOR",Republican,885,12/5/25,Premier Fulfillment Processing,Pueblo West,CO,81008,Other,Flyers
Governor,"MARX, VICTOR",Republican,3595.9,12/5/25,Maga Mall Usa Corporation,Palm City,CO,34990,Other,Campaign Clothing
Governor,"MARX, VICTOR",Republican,0.04,12/5/25,Winred Technical Services Llc,Arlington,VA,22203,Bank Fees,
Governor,"MARX, VICTOR",Republican,4.1,12/5/25,Winred Technical Services Llc,Arlington,VA,22203,Bank Fees,
Governor,"MARX, VICTOR",Republican,30.52,12/5/25,Winred Technical Services Llc,Arlington,VA,22203,Other,Merchandise Shipping And Fees
Governor,"MARX, VICTOR",Republican,2.05,12/5/25,Winred Technical Services Llc,Arlington,VA,22203,Bank Fees,
Governor,"MARX, VICTOR",Republican,0.39,12/5/25,Winred Technical Services Llc,Arlington,VA,22203,Bank Fees,
Governor,"MARX, VICTOR",Republican,24.34,12/5/25,Winred Technical Services Llc,Arlington,VA,22203,Other,Merchandise Shipping And Fees
Governor,"MARX, VICTOR",Republican,4.1,12/5/25,Winred Technical Services Llc,Arlington,VA,22203,Bank Fees,
Governor,"MARX, VICTOR",Republican,0.2,12/5/25,Winred Technical Services Llc,Arlington,VA,22203,Bank Fees,
Governor,"MARX, VICTOR",Republican,1.64,12/5/25,Winred Technical Services Llc,Arlington,VA,22203,Bank Fees,
Governor,"MARX, VICTOR",Republican,2.05,12/5/25,Winred Technical Services Llc,Arlington,VA,22203,Bank Fees,
Governor,"MARX, VICTOR",Republican,2.05,12/5/25,Winred Technical Services Llc,Arlington,VA,22203,Bank Fees,
Governor,"MARX, VICTOR",Republican,0.62,12/5/25,Winred Technical Services Llc,Arlington,VA,22203,Bank Fees,
Governor,"MARX, VICTOR",Republican,2.05,12/5/25,Winred Technical Services Llc,Arlington,VA,22203,Bank Fees,
Governor,"MARX, VICTOR",Republican,3.94,12/5/25,Winred Technical Services Llc,Arlington,VA,22203,Bank Fees,
Governor,"MARX, VICTOR",Republican,0.82,12/5/25,Winred Technical Services Llc,Arlington,VA,22203,Bank Fees,
Governor,"MARX, VICTOR",Republican,1.03,12/5/25,Winred Technical Services Llc,Arlington,VA,22203,Bank Fees,
Governor,"MARX, VICTOR",Republican,1.03,12/5/25,Winred Technical Services Llc,Arlington,VA,22203,Bank Fees,
Governor,"MARX, VICTOR",Republican,2.05,12/5/25,Winred Technical Services Llc,Arlington,VA,22203,Bank Fees,
Governor,"MARX, VICTOR",Republican,43.78,12/5/25,Winred Technical Services Llc,Arlington,VA,22203,Bank Fees,
Governor,"MARX, VICTOR",Republican,2.05,12/5/25,Winred Technical Services Llc,Arlington,VA,22203,Bank Fees,
Governor,"MARX, VICTOR",Republican,0.99,12/5/25,Winred Technical Services Llc,Arlington,VA,22203,Bank Fees,
Governor,"MARX, VICTOR",Republican,0.99,12/5/25,Winred Technical Services Llc,Arlington,VA,22203,Bank Fees,
Governor,"MARX, VICTOR",Republican,0.41,12/5/25,Winred Technical Services Llc,Arlington,VA,22203,Bank Fees,
Governor,"MARX, VICTOR",Republican,1.03,12/5/25,Winred Technical Services Llc,Arlington,VA,22203,Bank Fees,
Governor,"MARX, VICTOR",Republican,1.03,12/5/25,Winred Technical Services Llc,Arlington,VA,22203,Bank Fees,
Governor,"MARX, VICTOR",Republican,0.41,12/5/25,Winred Technical Services Llc,Arlington,VA,22203,Bank Fees,
Governor,"MARX, VICTOR",Republican,3.94,12/5/25,Winred Technical Services Llc,Arlington,VA,22203,Bank Fees,
Governor,"MARX, VICTOR",Republican,1.03,12/5/25,Winred Technical Services Llc,Arlington,VA,22203,Bank Fees,
Governor,"MARX, VICTOR",Republican,72.98,12/5/25,Winred Technical Services Llc,Arlington,VA,22203,Other,Merchandise Shipping And Fees
Governor,"MARX, VICTOR",Republican,4.1,12/5/25,Winred Technical Services Llc,Arlington,VA,22203,Bank Fees,
Governor,"MARX, VICTOR",Republican,4.1,12/5/25,Winred Technical Services Llc,Arlington,VA,22203,Bank Fees,
Governor,"MARX, VICTOR",Republican,1.97,12/6/25,Winred Technical Services Llc,Arlington,VA,22203,Bank Fees,
Governor,"MARX, VICTOR",Republican,3.94,12/6/25,Winred Technical Services Llc,Arlington,VA,22203,Bank Fees,
Governor,"MARX, VICTOR",Republican,1.03,12/6/25,Winred Technical Services Llc,Arlington,VA,22203,Bank Fees,
Governor,"MARX, VICTOR",Republican,4.1,12/6/25,Winred Technical Services Llc,Arlington,VA,22203,Bank Fees,
Governor,"MARX, VICTOR",Republican,4.1,12/6/25,Winred Technical Services Llc,Arlington,VA,22203,Bank Fees,
Governor,"MARX, VICTOR",Republican,1.03,12/6/25,Winred Technical Services Llc,Arlington,VA,22203,Bank Fees,
Governor,"MARX, VICTOR",Republican,0.62,12/6/25,Winred Technical Services Llc,Arlington,VA,22203,Bank Fees,
Governor,"MARX, VICTOR",Republican,0.99,12/6/25,Winred Technical Services Llc,Arlington,VA,22203,Bank Fees,
Governor,"MARX, VICTOR",Republican,0.99,12/6/25,Winred Technical Services Llc,Arlington,VA,22203,Bank Fees,
Governor,"MARX, VICTOR",Republican,1.03,12/6/25,Winred Technical Services Llc,Arlington,VA,22203,Bank Fees,
Governor,"MARX, VICTOR",Republican,1.03,12/6/25,Winred Technical Services Llc,Arlington,VA,22203,Bank Fees,
Governor,"MARX, VICTOR",Republican,1.03,12/6/25,Winred Technical Services Llc,Arlington,VA,22203,Bank Fees,
Governor,"MARX, VICTOR",Republican,1.97,12/6/25,Winred Technical Services Llc,Arlington,VA,22203,Bank Fees,
Governor,"MARX, VICTOR",Republican,1.03,12/6/25,Winred Technical Services Llc,Arlington,VA,22203,Bank Fees,
Governor,"MARX, VICTOR",Republican,2.05,12/6/25,Winred Technical Services Llc,Arlington,VA,22203,Bank Fees,
Governor,"MARX, VICTOR",Republican,1.03,12/6/25,Winred Technical Services Llc,Arlington,VA,22203,Bank Fees,
Governor,"MARX, VICTOR",Republican,4.1,12/6/25,Winred Technical Services Llc,Arlington,VA,22203,Bank Fees,
Governor,"MARX, VICTOR",Republican,0.99,12/6/25,Winred Technical Services Llc,Arlington,VA,22203,Bank Fees,
Governor,"MARX, VICTOR",Republican,1.03,12/6/25,Winred Technical Services Llc,Arlington,VA,22203,Bank Fees,
Governor,"MARX, VICTOR",Republican,0.99,12/6/25,Winred Technical Services Llc,Arlington,VA,22203,Bank Fees,
Governor,"MARX, VICTOR",Republican,0.33,12/6/25,Winred Technical Services Llc,Arlington,VA,22203,Bank Fees,
Governor,"MARX, VICTOR",Republican,2.05,12/6/25,Winred Technical Services Llc,Arlington,VA,22203,Bank Fees,
Governor,"MARX, VICTOR",Republican,0.82,12/7/25,Winred Technical Services Llc,Arlington,VA,22203,Bank Fees,
Governor,"MARX, VICTOR",Republican,1.03,12/7/25,Winred Technical Services Llc,Arlington,VA,22203,Bank Fees,
Governor,"MARX, VICTOR",Republican,0.41,12/7/25,Winred Technical Services Llc,Arlington,VA,22203,Bank Fees,
Governor,"MARX, VICTOR",Republican,2.05,12/7/25,Winred Technical Services Llc,Arlington,VA,22203,Bank Fees,
Governor,"MARX, VICTOR",Republican,2.05,12/7/25,Winred Technical Services Llc,Arlington,VA,22203,Bank Fees,
Governor,"MARX, VICTOR",Republican,0.32,12/7/25,Winred Technical Services Llc,Arlington,VA,22203,Bank Fees,
Governor,"MARX, VICTOR",Republican,3.94,12/7/25,Winred Technical Services Llc,Arlington,VA,22203,Bank Fees,
Governor,"MARX, VICTOR",Republican,2.05,12/7/25,Winred Technical Services Llc,Arlington,VA,22203,Bank Fees,
Governor,"MARX, VICTOR",Republican,1.03,12/7/25,Winred Technical Services Llc,Arlington,VA,22203,Bank Fees,
Governor,"MARX, VICTOR",Republican,2.05,12/7/25,Winred Technical Services Llc,Arlington,VA,22203,Bank Fees,
Governor,"MARX, VICTOR",Republican,0.59,12/7/25,Winred Technical Services Llc,Arlington,VA,22203,Bank Fees,
Governor,"MARX, VICTOR",Republican,0.21,12/7/25,Winred Technical Services Llc,Arlington,VA,22203,Bank Fees,
Governor,"MARX, VICTOR",Republican,0.21,12/7/25,Winred Technical Services Llc,Arlington,VA,22203,Bank Fees,
Governor,"MARX, VICTOR",Republican,4.1,12/7/25,Winred Technical Services Llc,Arlington,VA,22203,Bank Fees,
Governor,"MARX, VICTOR",Republican,0.62,12/7/25,Winred Technical Services Llc,Arlington,VA,22203,Bank Fees,
Governor,"MARX, VICTOR",Republican,59.64,12/7/25,Winred Technical Services Llc,Arlington,VA,22203,Other,Merchandise Shipping And Fees
Governor,"MARX, VICTOR",Republican,1.03,12/7/25,Winred Technical Services Llc,Arlington,VA,22203,Bank Fees,
Governor,"MARX, VICTOR",Republican,0.29,12/7/25,Winred Technical Services Llc,Arlington,VA,22203,Bank Fees,
Governor,"MARX, VICTOR",Republican,1.97,12/7/25,Winred Technical Services Llc,Arlington,VA,22203,Bank Fees,
Governor,"MARX, VICTOR",Republican,0.41,12/7/25,Winred Technical Services Llc,Arlington,VA,22203,Bank Fees,
Governor,"MARX, VICTOR",Republican,1.03,12/7/25,Winred Technical Services Llc,Arlington,VA,22203,Bank Fees,
Governor,"MARX, VICTOR",Republican,41.02,12/7/25,Winred Technical Services Llc,Arlington,VA,22203,Bank Fees,
Governor,"MARX, VICTOR",Republican,0.39,12/7/25,Winred Technical Services Llc,Arlington,VA,22203,Bank Fees,
Governor,"MARX, VICTOR",Republican,0.47,12/7/25,Winred Technical Services Llc,Arlington,VA,22203,Bank Fees,
Governor,"MARX, VICTOR",Republican,3.9,12/7/25,Winred Technical Services Llc,Arlington,VA,22203,Bank Fees,
Governor,"MARX, VICTOR",Republican,1.97,12/7/25,Winred Technical Services Llc,Arlington,VA,22203,Bank Fees,
Governor,"MARX, VICTOR",Republican,4.1,12/7/25,Winred Technical Services Llc,Arlington,VA,22203,Bank Fees,
Governor,"MARX, VICTOR",Republican,2.05,12/7/25,Winred Technical Services Llc,Arlington,VA,22203,Bank Fees,
Governor,"MARX, VICTOR",Republican,1.03,12/7/25,Winred Technical Services Llc,Arlington,VA,22203,Bank Fees,
Governor,"MARX, VICTOR",Republican,3.94,12/7/25,Winred Technical Services Llc,Arlington,VA,22203,Bank Fees,
Governor,"MARX, VICTOR",Republican,2.05,12/7/25,Winred Technical Services Llc,Arlington,VA,22203,Bank Fees,
Governor,"MARX, VICTOR",Republican,1.03,12/7/25,Winred Technical Services Llc,Arlington,VA,22203,Bank Fees,
Governor,"MARX, VICTOR",Republican,0.12,12/7/25,Winred Technical Services Llc,Arlington,VA,22203,Bank Fees,
Governor,"MARX, VICTOR",Republican,4.1,12/7/25,Winred Technical Services Llc,Arlington,VA,22203,Bank Fees,
Governor,"MARX, VICTOR",Republican,1.03,12/7/25,Winred Technical Services Llc,Arlington,VA,22203,Bank Fees,
Governor,"MARX, VICTOR",Republican,1.03,12/7/25,Winred Technical Services Llc,Arlington,VA,22203,Bank Fees,
Governor,"MARX, VICTOR",Republican,1.03,12/7/25,Winred Technical Services Llc,Arlington,VA,22203,Bank Fees,
Governor,"MARX, VICTOR",Republican,3595.9,12/8/25,Maga Mall Usa Corporation,Palm City,CO,34990,Other,Campaign Clothing
Governor,"MARX, VICTOR",Republican,10,12/8/25,Wells Fargo,Canon City,CO,81212,Bank Fees,
Governor,"MARX, VICTOR",Republican,0.21,12/8/25,Winred Technical Services Llc,Arlington,VA,22203,Bank Fees,
Governor,"MARX, VICTOR",Republican,1.03,12/8/25,Winred Technical Services Llc,Arlington,VA,22203,Bank Fees,
Governor,"MARX, VICTOR",Republican,3.94,12/8/25,Winred Technical Services Llc,Arlington,VA,22203,Bank Fees,
Governor,"MARX, VICTOR",Republican,1.03,12/8/25,Winred Technical Services Llc,Arlington,VA,22203,Bank Fees,
Governor,"MARX, VICTOR",Republican,45.19,12/8/25,Winred Technical Services Llc,Arlington,VA,22203,Other,Merchandise Shipping And Fees
Governor,"MARX, VICTOR",Republican,2.05,12/8/25,Winred Technical Services Llc,Arlington,VA,22203,Bank Fees,
Governor,"MARX, VICTOR",Republican,1.97,12/8/25,Winred Technical Services Llc,Arlington,VA,22203,Bank Fees,
Governor,"MARX, VICTOR",Republican,1.03,12/8/25,Winred Technical Services Llc,Arlington,VA,22203,Bank Fees,
Governor,"MARX, VICTOR",Republican,2.05,12/8/25,Winred Technical Services Llc,Arlington,VA,22203,Bank Fees,
Governor,"MARX, VICTOR",Republican,0.41,12/8/25,Winred Technical Services Llc,Arlington,VA,22203,Bank Fees,
Governor,"MARX, VICTOR",Republican,0.41,12/8/25,Winred Technical Services Llc,Arlington,VA,22203,Bank Fees,
Governor,"MARX, VICTOR",Republican,0.21,12/8/25,Winred Technical Services Llc,Arlington,VA,22203,Bank Fees,
Governor,"MARX, VICTOR",Republican,0.99,12/8/25,Winred Technical Services Llc,Arlington,VA,22203,Bank Fees,
Governor,"MARX, VICTOR",Republican,4.1,12/8/25,Winred Technical Services Llc,Arlington,VA,22203,Bank Fees,
Governor,"MARX, VICTOR",Republican,0.99,12/8/25,Winred Technical Services Llc,Arlington,VA,22203,Bank Fees,
Governor,"MARX, VICTOR",Republican,0.04,12/8/25,Winred Technical Services Llc,Arlington,VA,22203,Bank Fees,
Governor,"MARX, VICTOR",Republican,3.94,12/8/25,Winred Technical Services Llc,Arlington,VA,22203,Bank Fees,
Governor,"MARX, VICTOR",Republican,39.4,12/8/25,Winred Technical Services Llc,Arlington,VA,22203,Bank Fees,
Governor,"MARX, VICTOR",Republican,0.39,12/8/25,Winred Technical Services Llc,Arlington,VA,22203,Bank Fees,
Governor,"MARX, VICTOR",Republican,1.97,12/8/25,Winred Technical Services Llc,Arlington,VA,22203,Bank Fees,
Governor,"MARX, VICTOR",Republican,0.82,12/8/25,Winred Technical Services Llc,Arlington,VA,22203,Bank Fees,
Governor,"MARX, VICTOR",Republican,0.82,12/8/25,Winred Technical Services Llc,Arlington,VA,22203,Bank Fees,
Governor,"MARX, VICTOR",Republican,0.08,12/8/25,Winred Technical Services Llc,Arlington,VA,22203,Bank Fees,
Governor,"MARX, VICTOR",Republican,2.05,12/8/25,Winred Technical Services Llc,Arlington,VA,22203,Bank Fees,
Governor,"MARX, VICTOR",Republican,1.03,12/8/25,Winred Technical Services Llc,Arlington,VA,22203,Bank Fees,
Governor,"MARX, VICTOR",Republican,20.51,12/8/25,Winred Technical Services Llc,Arlington,VA,22203,Bank Fees,
Governor,"MARX, VICTOR",Republican,3.94,12/8/25,Winred Technical Services Llc,Arlington,VA,22203,Bank Fees,
Governor,"MARX, VICTOR",Republican,4.1,12/8/25,Winred Technical Services Llc,Arlington,VA,22203,Bank Fees,
Governor,"MARX, VICTOR",Republican,19.7,12/8/25,Winred Technical Services Llc,Arlington,VA,22203,Bank Fees,
Governor,"MARX, VICTOR",Republican,2.05,12/8/25,Winred Technical Services Llc,Arlington,VA,22203,Bank Fees,
Governor,"MARX, VICTOR",Republican,0.41,12/8/25,Winred Technical Services Llc,Arlington,VA,22203,Bank Fees,
Governor,"MARX, VICTOR",Republican,9.85,12/8/25,Winred Technical Services Llc,Arlington,VA,22203,Bank Fees,
Governor,"MARX, VICTOR",Republican,1.03,12/8/25,Winred Technical Services Llc,Arlington,VA,22203,Bank Fees,
Governor,"MARX, VICTOR",Republican,1.97,12/8/25,Winred Technical Services Llc,Arlington,VA,22203,Bank Fees,
Governor,"MARX, VICTOR",Republican,0.99,12/8/25,Winred Technical Services Llc,Arlington,VA,22203,Bank Fees,
Governor,"MARX, VICTOR",Republican,4.1,12/9/25,Winred Technical Services Llc,Arlington,VA,22203,Bank Fees,
Governor,"MARX, VICTOR",Republican,1.97,12/9/25,Winred Technical Services Llc,Arlington,VA,22203,Bank Fees,
Governor,"MARX, VICTOR",Republican,0.41,12/9/25,Winred Technical Services Llc,Arlington,VA,22203,Bank Fees,
Governor,"MARX, VICTOR",Republican,0.41,12/9/25,Winred Technical Services Llc,Arlington,VA,22203,Bank Fees,
Governor,"MARX, VICTOR",Republican,1.03,12/9/25,Winred Technical Services Llc,Arlington,VA,22203,Bank Fees,
Governor,"MARX, VICTOR",Republican,1.44,12/9/25,Winred Technical Services Llc,Arlington,VA,22203,Bank Fees,
Governor,"MARX, VICTOR",Republican,1.03,12/9/25,Winred Technical Services Llc,Arlington,VA,22203,Bank Fees,
Governor,"MARX, VICTOR",Republican,1.03,12/9/25,Winred Technical Services Llc,Arlington,VA,22203,Bank Fees,
Governor,"MARX, VICTOR",Republican,1.44,12/9/25,Winred Technical Services Llc,Arlington,VA,22203,Bank Fees,
Governor,"MARX, VICTOR",Republican,1.44,12/9/25,Winred Technical Services Llc,Arlington,VA,22203,Bank Fees,
Governor,"MARX, VICTOR",Republican,4.1,12/9/25,Winred Technical Services Llc,Arlington,VA,22203,Bank Fees,
Governor,"MARX, VICTOR",Republican,9.85,12/9/25,Winred Technical Services Llc,Arlington,VA,22203,Bank Fees,
Governor,"MARX, VICTOR",Republican,2.05,12/9/25,Winred Technical Services Llc,Arlington,VA,22203,Bank Fees,
Governor,"MARX, VICTOR",Republican,0.21,12/9/25,Winred Technical Services Llc,Arlington,VA,22203,Bank Fees,
Governor,"MARX, VICTOR",Republican,1.97,12/9/25,Winred Technical Services Llc,Arlington,VA,22203,Bank Fees,
Governor,"MARX, VICTOR",Republican,4.1,12/9/25,Winred Technical Services Llc,Arlington,VA,22203,Bank Fees,
Governor,"MARX, VICTOR",Republican,0.41,12/9/25,Winred Technical Services Llc,Arlington,VA,22203,Bank Fees,
Governor,"MARX, VICTOR",Republican,4.1,12/9/25,Winred Technical Services Llc,Arlington,VA,22203,Bank Fees,
Governor,"MARX, VICTOR",Republican,3.94,12/9/25,Winred Technical Services Llc,Arlington,VA,22203,Bank Fees,
Governor,"MARX, VICTOR",Republican,0.08,12/9/25,Winred Technical Services Llc,Arlington,VA,22203,Bank Fees,
Governor,"MARX, VICTOR",Republican,1.03,12/9/25,Winred Technical Services Llc,Arlington,VA,22203,Bank Fees,
Governor,"MARX, VICTOR",Republican,1.03,12/9/25,Winred Technical Services Llc,Arlington,VA,22203,Bank Fees,
Governor,"MARX, VICTOR",Republican,5.5,12/9/25,Winred Technical Services Llc,Arlington,VA,22203,Bank Fees,
Governor,"MARX, VICTOR",Republican,1.03,12/9/25,Winred Technical Services Llc,Arlington,VA,22203,Bank Fees,
Governor,"MARX, VICTOR",Republican,0.99,12/9/25,Winred Technical Services Llc,Arlington,VA,22203,Bank Fees,
Governor,"MARX, VICTOR",Republican,3.94,12/9/25,Winred Technical Services Llc,Arlington,VA,22203,Bank Fees,
Governor,"MARX, VICTOR",Republican,2.05,12/9/25,Winred Technical Services Llc,Arlington,VA,22203,Bank Fees,
Governor,"MARX, VICTOR",Republican,2.05,12/9/25,Winred Technical Services Llc,Arlington,VA,22203,Bank Fees,
Governor,"MARX, VICTOR",Republican,0.41,12/9/25,Winred Technical Services Llc,Arlington,VA,22203,Bank Fees,
Governor,"MARX, VICTOR",Republican,0.2,12/9/25,Winred Technical Services Llc,Arlington,VA,22203,Bank Fees,
Governor,"MARX, VICTOR",Republican,1.03,12/9/25,Winred Technical Services Llc,Arlington,VA,22203,Bank Fees,
Governor,"MARX, VICTOR",Republican,0.82,12/9/25,Winred Technical Services Llc,Arlington,VA,22203,Bank Fees,
Governor,"MARX, VICTOR",Republican,2.05,12/9/25,Winred Technical Services Llc,Arlington,VA,22203,Bank Fees,
Governor,"MARX, VICTOR",Republican,2.05,12/9/25,Winred Technical Services Llc,Arlington,VA,22203,Bank Fees,
Governor,"MARX, VICTOR",Republican,1.03,12/9/25,Winred Technical Services Llc,Arlington,VA,22203,Bank Fees,
Governor,"MARX, VICTOR",Republican,1.97,12/9/25,Winred Technical Services Llc,Arlington,VA,22203,Bank Fees,
Governor,"MARX, VICTOR",Republican,2.05,12/9/25,Winred Technical Services Llc,Arlington,VA,22203,Bank Fees,
Governor,"MARX, VICTOR",Republican,57.13,12/9/25,Winred Technical Services Llc,Arlington,VA,22203,Bank Fees,
Governor,"MARX, VICTOR",Republican,1.03,12/9/25,Winred Technical Services Llc,Arlington,VA,22203,Bank Fees,
Governor,"MARX, VICTOR",Republican,1.03,12/9/25,Winred Technical Services Llc,Arlington,VA,22203,Bank Fees,
Governor,"MARX, VICTOR",Republican,2.05,12/9/25,Winred Technical Services Llc,Arlington,VA,22203,Bank Fees,
Governor,"MARX, VICTOR",Republican,0.04,12/9/25,Winred Technical Services Llc,Arlington,VA,22203,Bank Fees,
Governor,"MARX, VICTOR",Republican,1.03,12/9/25,Winred Technical Services Llc,Arlington,VA,22203,Bank Fees,
Governor,"MARX, VICTOR",Republican,2.05,12/9/25,Winred Technical Services Llc,Arlington,VA,22203,Bank Fees,
Governor,"MARX, VICTOR",Republican,6.7,12/9/25,Winred Technical Services Llc,Arlington,VA,22203,Bank Fees,
Governor,"MARX, VICTOR",Republican,2.05,12/9/25,Winred Technical Services Llc,Arlington,VA,22203,Bank Fees,
Governor,"MARX, VICTOR",Republican,4.1,12/9/25,Winred Technical Services Llc,Arlington,VA,22203,Bank Fees,
Governor,"MARX, VICTOR",Republican,0.62,12/9/25,Winred Technical Services Llc,Arlington,VA,22203,Bank Fees,
Governor,"MARX, VICTOR",Republican,3.94,12/9/25,Winred Technical Services Llc,Arlington,VA,22203,Bank Fees,
Governor,"MARX, VICTOR",Republican,2.05,12/9/25,Winred Technical Services Llc,Arlington,VA,22203,Bank Fees,
Governor,"MARX, VICTOR",Republican,4.1,12/9/25,Winred Technical Services Llc,Arlington,VA,22203,Bank Fees,
Governor,"MARX, VICTOR",Republican,1.97,12/9/25,Winred Technical Services Llc,Arlington,VA,22203,Bank Fees,
Governor,"MARX, VICTOR",Republican,1.03,12/9/25,Winred Technical Services Llc,Arlington,VA,22203,Bank Fees,
Governor,"MARX, VICTOR",Republican,4.1,12/9/25,Winred Technical Services Llc,Arlington,VA,22203,Bank Fees,
Governor,"MARX, VICTOR",Republican,2.05,12/10/25,Winred Technical Services Llc,Arlington,VA,22203,Bank Fees,
Governor,"MARX, VICTOR",Republican,1.64,12/10/25,Winred Technical Services Llc,Arlington,VA,22203,Bank Fees,
Governor,"MARX, VICTOR",Republican,2.05,12/10/25,Winred Technical Services Llc,Arlington,VA,22203,Bank Fees,
Governor,"MARX, VICTOR",Republican,1.03,12/10/25,Winred Technical Services Llc,Arlington,VA,22203,Bank Fees,
Governor,"MARX, VICTOR",Republican,1.03,12/10/25,Winred Technical Services Llc,Arlington,VA,22203,Bank Fees,
Governor,"MARX, VICTOR",Republican,4.1,12/10/25,Winred Technical Services Llc,Arlington,VA,22203,Bank Fees,
Governor,"MARX, VICTOR",Republican,2.05,12/10/25,Winred Technical Services Llc,Arlington,VA,22203,Bank Fees,
Governor,"MARX, VICTOR",Republican,3.94,12/10/25,Winred Technical Services Llc,Arlington,VA,22203,Bank Fees,
Governor,"MARX, VICTOR",Republican,1.03,12/10/25,Winred Technical Services Llc,Arlington,VA,22203,Bank Fees,
Governor,"MARX, VICTOR",Republican,41.02,12/10/25,Winred Technical Services Llc,Arlington,VA,22203,Bank Fees,
Governor,"MARX, VICTOR",Republican,2.05,12/10/25,Winred Technical Services Llc,Arlington,VA,22203,Bank Fees,
Governor,"MARX, VICTOR",Republican,1.03,12/10/25,Winred Technical Services Llc,Arlington,VA,22203,Bank Fees,
Governor,"MARX, VICTOR",Republican,1.03,12/10/25,Winred Technical Services Llc,Arlington,VA,22203,Bank Fees,
Governor,"MARX, VICTOR",Republican,4.39,12/10/25,Winred Technical Services Llc,Arlington,VA,22203,Bank Fees,
Governor,"MARX, VICTOR",Republican,0.99,12/10/25,Winred Technical Services Llc,Arlington,VA,22203,Bank Fees,
Governor,"MARX, VICTOR",Republican,0.41,12/10/25,Winred Technical Services Llc,Arlington,VA,22203,Bank Fees,
Governor,"MARX, VICTOR",Republican,0.41,12/10/25,Winred Technical Services Llc,Arlington,VA,22203,Bank Fees,
Governor,"MARX, VICTOR",Republican,1.03,12/10/25,Winred Technical Services Llc,Arlington,VA,22203,Bank Fees,
Governor,"MARX, VICTOR",Republican,39.4,12/10/25,Winred Technical Services Llc,Arlington,VA,22203,Bank Fees,
Governor,"MARX, VICTOR",Republican,3.94,12/10/25,Winred Technical Services Llc,Arlington,VA,22203,Bank Fees,
Governor,"MARX, VICTOR",Republican,0.62,12/10/25,Winred Technical Services Llc,Arlington,VA,22203,Bank Fees,
Governor,"MARX, VICTOR",Republican,2.05,12/10/25,Winred Technical Services Llc,Arlington,VA,22203,Bank Fees,
Governor,"MARX, VICTOR",Republican,0.2,12/10/25,Winred Technical Services Llc,Arlington,VA,22203,Bank Fees,
Governor,"MARX, VICTOR",Republican,1.03,12/10/25,Winred Technical Services Llc,Arlington,VA,22203,Bank Fees,
Governor,"MARX, VICTOR",Republican,0.99,12/10/25,Winred Technical Services Llc,Arlington,VA,22203,Bank Fees,
Governor,"MARX, VICTOR",Republican,1.44,12/10/25,Winred Technical Services Llc,Arlington,VA,22203,Bank Fees,
Governor,"MARX, VICTOR",Republican,1.44,12/10/25,Winred Technical Services Llc,Arlington,VA,22203,Bank Fees,
Governor,"MARX, VICTOR",Republican,1.18,12/10/25,Winred Technical Services Llc,Arlington,VA,22203,Bank Fees,
Governor,"MARX, VICTOR",Republican,2.05,12/10/25,Winred Technical Services Llc,Arlington,VA,22203,Bank Fees,
Governor,"MARX, VICTOR",Republican,2.05,12/10/25,Winred Technical Services Llc,Arlington,VA,22203,Bank Fees,
Governor,"MARX, VICTOR",Republican,2.05,12/10/25,Winred Technical Services Llc,Arlington,VA,22203,Bank Fees,
Governor,"MARX, VICTOR",Republican,8.2,12/10/25,Winred Technical Services Llc,Arlington,VA,22203,Bank Fees,
Governor,"MARX, VICTOR",Republican,8.2,12/10/25,Winred Technical Services Llc,Arlington,VA,22203,Bank Fees,
Governor,"MARX, VICTOR",Republican,2.05,12/10/25,Winred Technical Services Llc,Arlington,VA,22203,Bank Fees,
Governor,"MARX, VICTOR",Republican,2.05,12/10/25,Winred Technical Services Llc,Arlington,VA,22203,Bank Fees,
Governor,"MARX, VICTOR",Republican,3.94,12/10/25,Winred Technical Services Llc,Arlington,VA,22203,Bank Fees,
Governor,"MARX, VICTOR",Republican,2.05,12/10/25,Winred Technical Services Llc,Arlington,VA,22203,Bank Fees,
Governor,"MARX, VICTOR",Republican,1.97,12/10/25,Winred Technical Services Llc,Arlington,VA,22203,Bank Fees,
Governor,"MARX, VICTOR",Republican,1.03,12/10/25,Winred Technical Services Llc,Arlington,VA,22203,Bank Fees,
Governor,"MARX, VICTOR",Republican,0.99,12/10/25,Winred Technical Services Llc,Arlington,VA,22203,Bank Fees,
Governor,"MARX, VICTOR",Republican,1.97,12/10/25,Winred Technical Services Llc,Arlington,VA,22203,Bank Fees,
Governor,"MARX, VICTOR",Republican,1.03,12/10/25,Winred Technical Services Llc,Arlington,VA,22203,Bank Fees,
Governor,"MARX, VICTOR",Republican,8.2,12/10/25,Winred Technical Services Llc,Arlington,VA,22203,Bank Fees,
Governor,"MARX, VICTOR",Republican,1.03,12/10/25,Winred Technical Services Llc,Arlington,VA,22203,Bank Fees,
Governor,"MARX, VICTOR",Republican,1.03,12/10/25,Winred Technical Services Llc,Arlington,VA,22203,Bank Fees,
Governor,"MARX, VICTOR",Republican,2.05,12/10/25,Winred Technical Services Llc,Arlington,VA,22203,Bank Fees,
Governor,"MARX, VICTOR",Republican,8.2,12/10/25,Winred Technical Services Llc,Arlington,VA,22203,Bank Fees,
Governor,"MARX, VICTOR",Republican,2.05,12/10/25,Winred Technical Services Llc,Arlington,VA,22203,Bank Fees,
Governor,"MARX, VICTOR",Republican,434.8,12/11/25,Master Printers,Canon City,CO,81212,Fundraising Expenses,Envelopes
Governor,"MARX, VICTOR",Republican,746.68,12/11/25,Ace Specialties,Lafayette,LA,70598,Other,Campaign Signs/Shirts
Governor,"MARX, VICTOR",Republican,1.03,12/11/25,Winred Technical Services Llc,Arlington,VA,22203,Bank Fees,
Governor,"MARX, VICTOR",Republican,2.05,12/11/25,Winred Technical Services Llc,Arlington,VA,22203,Bank Fees,
Governor,"MARX, VICTOR",Republican,2.05,12/11/25,Winred Technical Services Llc,Arlington,VA,22203,Bank Fees,
Governor,"MARX, VICTOR",Republican,0.41,12/11/25,Winred Technical Services Llc,Arlington,VA,22203,Bank Fees,
Governor,"MARX, VICTOR",Republican,1.44,12/11/25,Winred Technical Services Llc,Arlington,VA,22203,Bank Fees,
Governor,"MARX, VICTOR",Republican,1.44,12/11/25,Winred Technical Services Llc,Arlington,VA,22203,Bank Fees,
Governor,"MARX, VICTOR",Republican,2.05,12/11/25,Winred Technical Services Llc,Arlington,VA,22203,Bank Fees,
Governor,"MARX, VICTOR",Republican,0.99,12/11/25,Winred Technical Services Llc,Arlington,VA,22203,Bank Fees,
Governor,"MARX, VICTOR",Republican,57.13,12/11/25,Winred Technical Services Llc,Arlington,VA,22203,Bank Fees,
Governor,"MARX, VICTOR",Republican,53.19,12/11/25,Winred Technical Services Llc,Arlington,VA,22203,Bank Fees,
Governor,"MARX, VICTOR",Republican,2.05,12/11/25,Winred Technical Services Llc,Arlington,VA,22203,Bank Fees,
Governor,"MARX, VICTOR",Republican,2.05,12/11/25,Winred Technical Services Llc,Arlington,VA,22203,Bank Fees,
Governor,"MARX, VICTOR",Republican,41.02,12/11/25,Winred Technical Services Llc,Arlington,VA,22203,Bank Fees,
Governor,"MARX, VICTOR",Republican,0.2,12/11/25,Winred Technical Services Llc,Arlington,VA,22203,Bank Fees,
Governor,"MARX, VICTOR",Republican,4.1,12/11/25,Winred Technical Services Llc,Arlington,VA,22203,Bank Fees,
Governor,"MARX, VICTOR",Republican,2.05,12/11/25,Winred Technical Services Llc,Arlington,VA,22203,Bank Fees,
Governor,"MARX, VICTOR",Republican,41.02,12/11/25,Winred Technical Services Llc,Arlington,VA,22203,Bank Fees,
Governor,"MARX, VICTOR",Republican,10.25,12/11/25,Winred Technical Services Llc,Arlington,VA,22203,Bank Fees,
Governor,"MARX, VICTOR",Republican,57.13,12/11/25,Winred Technical Services Llc,Arlington,VA,22203,Bank Fees,
Governor,"MARX, VICTOR",Republican,1.97,12/11/25,Winred Technical Services Llc,Arlington,VA,22203,Bank Fees,
Governor,"MARX, VICTOR",Republican,2.05,12/11/25,Winred Technical Services Llc,Arlington,VA,22203,Bank Fees,
Governor,"MARX, VICTOR",Republican,2.05,12/11/25,Winred Technical Services Llc,Arlington,VA,22203,Bank Fees,
Governor,"MARX, VICTOR",Republican,20.51,12/11/25,Winred Technical Services Llc,Arlington,VA,22203,Bank Fees,
Governor,"MARX, VICTOR",Republican,19.7,12/11/25,Winred Technical Services Llc,Arlington,VA,22203,Bank Fees,
Governor,"MARX, VICTOR",Republican,4.1,12/11/25,Winred Technical Services Llc,Arlington,VA,22203,Bank Fees,
Governor,"MARX, VICTOR",Republican,1.58,12/11/25,Winred Technical Services Llc,Arlington,VA,22203,Bank Fees,
Governor,"MARX, VICTOR",Republican,0.04,12/11/25,Winred Technical Services Llc,Arlington,VA,22203,Bank Fees,
Governor,"MARX, VICTOR",Republican,2.05,12/11/25,Winred Technical Services Llc,Arlington,VA,22203,Bank Fees,
Governor,"MARX, VICTOR",Republican,2.05,12/11/25,Winred Technical Services Llc,Arlington,VA,22203,Bank Fees,
Governor,"MARX, VICTOR",Republican,1.64,12/11/25,Winred Technical Services Llc,Arlington,VA,22203,Bank Fees,
Governor,"MARX, VICTOR",Republican,1.64,12/11/25,Winred Technical Services Llc,Arlington,VA,22203,Bank Fees,
Governor,"MARX, VICTOR",Republican,1.64,12/11/25,Winred Technical Services Llc,Arlington,VA,22203,Bank Fees,
Governor,"MARX, VICTOR",Republican,2.05,12/11/25,Winred Technical Services Llc,Arlington,VA,22203,Bank Fees,
Governor,"MARX, VICTOR",Republican,0.62,12/11/25,Winred Technical Services Llc,Arlington,VA,22203,Bank Fees,
Governor,"MARX, VICTOR",Republican,57.13,12/11/25,Winred Technical Services Llc,Arlington,VA,22203,Bank Fees,
Governor,"MARX, VICTOR",Republican,2.05,12/11/25,Winred Technical Services Llc,Arlington,VA,22203,Bank Fees,
Governor,"MARX, VICTOR",Republican,1.03,12/11/25,Winred Technical Services Llc,Arlington,VA,22203,Bank Fees,
Governor,"MARX, VICTOR",Republican,9.85,12/11/25,Winred Technical Services Llc,Arlington,VA,22203,Bank Fees,
Governor,"MARX, VICTOR",Republican,3.94,12/11/25,Winred Technical Services Llc,Arlington,VA,22203,Bank Fees,
Governor,"MARX, VICTOR",Republican,1.97,12/11/25,Winred Technical Services Llc,Arlington,VA,22203,Bank Fees,
Governor,"MARX, VICTOR",Republican,1.97,12/11/25,Winred Technical Services Llc,Arlington,VA,22203,Bank Fees,
Governor,"MARX, VICTOR",Republican,2.05,12/11/25,Winred Technical Services Llc,Arlington,VA,22203,Bank Fees,
Governor,"MARX, VICTOR",Republican,2.05,12/11/25,Winred Technical Services Llc,Arlington,VA,22203,Bank Fees,
Governor,"MARX, VICTOR",Republican,2.05,12/11/25,Winred Technical Services Llc,Arlington,VA,22203,Bank Fees,
Governor,"MARX, VICTOR",Republican,1.03,12/11/25,Winred Technical Services Llc,Arlington,VA,22203,Bank Fees,
Governor,"MARX, VICTOR",Republican,2.05,12/11/25,Winred Technical Services Llc,Arlington,VA,22203,Bank Fees,
Governor,"MARX, VICTOR",Republican,2.05,12/11/25,Winred Technical Services Llc,Arlington,VA,22203,Bank Fees,
Governor,"MARX, VICTOR",Republican,2.05,12/11/25,Winred Technical Services Llc,Arlington,VA,22203,Bank Fees,
Governor,"MARX, VICTOR",Republican,57.13,12/11/25,Winred Technical Services Llc,Arlington,VA,22203,Bank Fees,
Governor,"MARX, VICTOR",Republican,2.05,12/11/25,Winred Technical Services Llc,Arlington,VA,22203,Bank Fees,
Governor,"MARX, VICTOR",Republican,2.05,12/11/25,Winred Technical Services Llc,Arlington,VA,22203,Bank Fees,
Governor,"MARX, VICTOR",Republican,2.05,12/11/25,Winred Technical Services Llc,Arlington,VA,22203,Bank Fees,
Governor,"MARX, VICTOR",Republican,1.97,12/11/25,Winred Technical Services Llc,Arlington,VA,22203,Bank Fees,
Governor,"MARX, VICTOR",Republican,4.1,12/11/25,Winred Technical Services Llc,Arlington,VA,22203,Bank Fees,
Governor,"MARX, VICTOR",Republican,1.97,12/11/25,Winred Technical Services Llc,Arlington,VA,22203,Bank Fees,
Governor,"MARX, VICTOR",Republican,1.97,12/11/25,Winred Technical Services Llc,Arlington,VA,22203,Bank Fees,
Governor,"MARX, VICTOR",Republican,1.97,12/11/25,Winred Technical Services Llc,Arlington,VA,22203,Bank Fees,
Governor,"MARX, VICTOR",Republican,2.05,12/11/25,Winred Technical Services Llc,Arlington,VA,22203,Bank Fees,
Governor,"MARX, VICTOR",Republican,2.05,12/11/25,Winred Technical Services Llc,Arlington,VA,22203,Bank Fees,
Governor,"MARX, VICTOR",Republican,1.97,12/11/25,Winred Technical Services Llc,Arlington,VA,22203,Bank Fees,
Governor,"MARX, VICTOR",Republican,2.05,12/11/25,Winred Technical Services Llc,Arlington,VA,22203,Bank Fees,
Governor,"MARX, VICTOR",Republican,2.05,12/11/25,Winred Technical Services Llc,Arlington,VA,22203,Bank Fees,
Governor,"MARX, VICTOR",Republican,2.05,12/11/25,Winred Technical Services Llc,Arlington,VA,22203,Bank Fees,
Governor,"MARX, VICTOR",Republican,2.05,12/11/25,Winred Technical Services Llc,Arlington,VA,22203,Bank Fees,
Governor,"MARX, VICTOR",Republican,2.05,12/11/25,Winred Technical Services Llc,Arlington,VA,22203,Bank Fees,
Governor,"MARX, VICTOR",Republican,2.05,12/11/25,Winred Technical Services Llc,Arlington,VA,22203,Bank Fees,
Governor,"MARX, VICTOR",Republican,4.1,12/11/25,Winred Technical Services Llc,Arlington,VA,22203,Bank Fees,
Governor,"MARX, VICTOR",Republican,1.03,12/11/25,Winred Technical Services Llc,Arlington,VA,22203,Bank Fees,
Governor,"MARX, VICTOR",Republican,2.05,12/11/25,Winred Technical Services Llc,Arlington,VA,22203,Bank Fees,
Governor,"MARX, VICTOR",Republican,57.13,12/11/25,Winred Technical Services Llc,Arlington,VA,22203,Bank Fees,
Governor,"MARX, VICTOR",Republican,10.25,12/11/25,Winred Technical Services Llc,Arlington,VA,22203,Bank Fees,
Governor,"MARX, VICTOR",Republican,12.3,12/11/25,Winred Technical Services Llc,Arlington,VA,22203,Bank Fees,
Governor,"MARX, VICTOR",Republican,4.1,12/11/25,Winred Technical Services Llc,Arlington,VA,22203,Bank Fees,
Governor,"MARX, VICTOR",Republican,10.25,12/11/25,Winred Technical Services Llc,Arlington,VA,22203,Bank Fees,
Governor,"MARX, VICTOR",Republican,1.97,12/11/25,Winred Technical Services Llc,Arlington,VA,22203,Bank Fees,
Governor,"MARX, VICTOR",Republican,56.44,12/11/25,Winred Technical Services Llc,Arlington,VA,22203,Other,Merchandise Shipping And Fees
Governor,"MARX, VICTOR",Republican,3.94,12/11/25,Winred Technical Services Llc,Arlington,VA,22203,Bank Fees,
Governor,"MARX, VICTOR",Republican,0.39,12/11/25,Winred Technical Services Llc,Arlington,VA,22203,Bank Fees,
Governor,"MARX, VICTOR",Republican,4.1,12/11/25,Winred Technical Services Llc,Arlington,VA,22203,Bank Fees,
Governor,"MARX, VICTOR",Republican,1.38,12/11/25,Winred Technical Services Llc,Arlington,VA,22203,Bank Fees,
Governor,"MARX, VICTOR",Republican,1.44,12/11/25,Winred Technical Services Llc,Arlington,VA,22203,Bank Fees,
Governor,"MARX, VICTOR",Republican,0.21,12/11/25,Winred Technical Services Llc,Arlington,VA,22203,Bank Fees,
Governor,"MARX, VICTOR",Republican,30.13,12/11/25,Winred Technical Services Llc,Arlington,VA,22203,Other,Merchandise Shipping And Fees
Governor,"MARX, VICTOR",Republican,2.05,12/11/25,Winred Technical Services Llc,Arlington,VA,22203,Bank Fees,
Governor,"MARX, VICTOR",Republican,51.42,12/11/25,Winred Technical Services Llc,Arlington,VA,22203,Other,Merchandise Shipping And Fees
Governor,"MARX, VICTOR",Republican,15.26,12/11/25,Winred Technical Services Llc,Arlington,VA,22203,Other,Merchandise Shipping And Fees
Governor,"MARX, VICTOR",Republican,39.4,12/11/25,Winred Technical Services Llc,Arlington,VA,22203,Bank Fees,
Governor,"MARX, VICTOR",Republican,39.4,12/11/25,Winred Technical Services Llc,Arlington,VA,22203,Bank Fees,
Governor,"MARX, VICTOR",Republican,1.03,12/11/25,Winred Technical Services Llc,Arlington,VA,22203,Bank Fees,
Governor,"MARX, VICTOR",Republican,1.03,12/11/25,Winred Technical Services Llc,Arlington,VA,22203,Bank Fees,
Governor,"MARX, VICTOR",Republican,57.13,12/11/25,Winred Technical Services Llc,Arlington,VA,22203,Bank Fees,
Governor,"MARX, VICTOR",Republican,7838,12/11/25,"Direct Mail Fundraising, Llc",Ashburn,VA,20147,Fundraising Expenses,Mailers
Governor,"MARX, VICTOR",Republican,4.1,12/12/25,Winred Technical Services Llc,Arlington,VA,22203,Bank Fees,
Governor,"MARX, VICTOR",Republican,2.05,12/12/25,Winred Technical Services Llc,Arlington,VA,22203,Bank Fees,
Governor,"MARX, VICTOR",Republican,1.97,12/12/25,Winred Technical Services Llc,Arlington,VA,22203,Bank Fees,
Governor,"MARX, VICTOR",Republican,0.99,12/12/25,Winred Technical Services Llc,Arlington,VA,22203,Bank Fees,
Governor,"MARX, VICTOR",Republican,8.2,12/12/25,Winred Technical Services Llc,Arlington,VA,22203,Bank Fees,
Governor,"MARX, VICTOR",Republican,15.26,12/12/25,Winred Technical Services Llc,Arlington,VA,22203,Other,Merchandise Shipping And Fees
Governor,"MARX, VICTOR",Republican,2.05,12/12/25,Winred Technical Services Llc,Arlington,VA,22203,Bank Fees,
Governor,"MARX, VICTOR",Republican,2.05,12/12/25,Winred Technical Services Llc,Arlington,VA,22203,Bank Fees,
Governor,"MARX, VICTOR",Republican,1.03,12/12/25,Winred Technical Services Llc,Arlington,VA,22203,Bank Fees,
Governor,"MARX, VICTOR",Republican,2.05,12/12/25,Winred Technical Services Llc,Arlington,VA,22203,Bank Fees,
Governor,"MARX, VICTOR",Republican,2.05,12/12/25,Winred Technical Services Llc,Arlington,VA,22203,Bank Fees,
Governor,"MARX, VICTOR",Republican,1.03,12/12/25,Winred Technical Services Llc,Arlington,VA,22203,Bank Fees,
Governor,"MARX, VICTOR",Republican,2.05,12/12/25,Winred Technical Services Llc,Arlington,VA,22203,Bank Fees,
Governor,"MARX, VICTOR",Republican,2.96,12/12/25,Winred Technical Services Llc,Arlington,VA,22203,Bank Fees,
Governor,"MARX, VICTOR",Republican,0.41,12/12/25,Winred Technical Services Llc,Arlington,VA,22203,Bank Fees,
Governor,"MARX, VICTOR",Republican,1.97,12/12/25,Winred Technical Services Llc,Arlington,VA,22203,Bank Fees,
Governor,"MARX, VICTOR",Republican,2.05,12/12/25,Winred Technical Services Llc,Arlington,VA,22203,Bank Fees,
Governor,"MARX, VICTOR",Republican,2.05,12/12/25,Winred Technical Services Llc,Arlington,VA,22203,Bank Fees,
Governor,"MARX, VICTOR",Republican,2.05,12/12/25,Winred Technical Services Llc,Arlington,VA,22203,Bank Fees,
Governor,"MARX, VICTOR",Republican,4.1,12/12/25,Winred Technical Services Llc,Arlington,VA,22203,Bank Fees,
Governor,"MARX, VICTOR",Republican,10.25,12/12/25,Winred Technical Services Llc,Arlington,VA,22203,Bank Fees,
Governor,"MARX, VICTOR",Republican,2.05,12/12/25,Winred Technical Services Llc,Arlington,VA,22203,Bank Fees,
Governor,"MARX, VICTOR",Republican,45.19,12/12/25,Winred Technical Services Llc,Arlington,VA,22203,Other,Merchandise Shipping And Fees
Governor,"MARX, VICTOR",Republican,2.05,12/12/25,Winred Technical Services Llc,Arlington,VA,22203,Bank Fees,
Governor,"MARX, VICTOR",Republican,2.05,12/12/25,Winred Technical Services Llc,Arlington,VA,22203,Bank Fees,
Governor,"MARX, VICTOR",Republican,1.03,12/12/25,Winred Technical Services Llc,Arlington,VA,22203,Bank Fees,
Governor,"MARX, VICTOR",Republican,1.03,12/12/25,Winred Technical Services Llc,Arlington,VA,22203,Bank Fees,
Governor,"MARX, VICTOR",Republican,2.05,12/12/25,Winred Technical Services Llc,Arlington,VA,22203,Bank Fees,
Governor,"MARX, VICTOR",Republican,1.03,12/12/25,Winred Technical Services Llc,Arlington,VA,22203,Bank Fees,
Governor,"MARX, VICTOR",Republican,1.03,12/12/25,Winred Technical Services Llc,Arlington,VA,22203,Bank Fees,
Governor,"MARX, VICTOR",Republican,2.05,12/12/25,Winred Technical Services Llc,Arlington,VA,22203,Bank Fees,
Governor,"MARX, VICTOR",Republican,1.97,12/12/25,Winred Technical Services Llc,Arlington,VA,22203,Bank Fees,
Governor,"MARX, VICTOR",Republican,39.8,12/12/25,Winred Technical Services Llc,Arlington,VA,22203,Other,Merchandise Shipping And Fees
Governor,"MARX, VICTOR",Republican,8.2,12/12/25,Winred Technical Services Llc,Arlington,VA,22203,Bank Fees,
Governor,"MARX, VICTOR",Republican,10.25,12/12/25,Winred Technical Services Llc,Arlington,VA,22203,Bank Fees,
Governor,"MARX, VICTOR",Republican,2.05,12/12/25,Winred Technical Services Llc,Arlington,VA,22203,Bank Fees,
Governor,"MARX, VICTOR",Republican,1.97,12/12/25,Winred Technical Services Llc,Arlington,VA,22203,Bank Fees,
Governor,"MARX, VICTOR",Republican,1.44,12/12/25,Winred Technical Services Llc,Arlington,VA,22203,Bank Fees,
Governor,"MARX, VICTOR",Republican,8.2,12/12/25,Winred Technical Services Llc,Arlington,VA,22203,Bank Fees,
Governor,"MARX, VICTOR",Republican,1.44,12/12/25,Winred Technical Services Llc,Arlington,VA,22203,Bank Fees,
Governor,"MARX, VICTOR",Republican,1.44,12/12/25,Winred Technical Services Llc,Arlington,VA,22203,Bank Fees,
Governor,"MARX, VICTOR",Republican,0.41,12/12/25,Winred Technical Services Llc,Arlington,VA,22203,Bank Fees,
Governor,"MARX, VICTOR",Republican,57.13,12/12/25,Winred Technical Services Llc,Arlington,VA,22203,Bank Fees,
Governor,"MARX, VICTOR",Republican,10.25,12/12/25,Winred Technical Services Llc,Arlington,VA,22203,Bank Fees,
Governor,"MARX, VICTOR",Republican,4.1,12/12/25,Winred Technical Services Llc,Arlington,VA,22203,Bank Fees,
Governor,"MARX, VICTOR",Republican,1.03,12/12/25,Winred Technical Services Llc,Arlington,VA,22203,Bank Fees,
Governor,"MARX, VICTOR",Republican,2.05,12/12/25,Winred Technical Services Llc,Arlington,VA,22203,Bank Fees,
Governor,"MARX, VICTOR",Republican,20.51,12/12/25,Winred Technical Services Llc,Arlington,VA,22203,Bank Fees,
Governor,"MARX, VICTOR",Republican,57.13,12/12/25,Winred Technical Services Llc,Arlington,VA,22203,Bank Fees,
Governor,"MARX, VICTOR",Republican,2.05,12/12/25,Winred Technical Services Llc,Arlington,VA,22203,Bank Fees,
Governor,"MARX, VICTOR",Republican,1.03,12/12/25,Winred Technical Services Llc,Arlington,VA,22203,Bank Fees,
Governor,"MARX, VICTOR",Republican,2.05,12/12/25,Winred Technical Services Llc,Arlington,VA,22203,Bank Fees,
Governor,"MARX, VICTOR",Republican,3.94,12/12/25,Winred Technical Services Llc,Arlington,VA,22203,Bank Fees,
Governor,"MARX, VICTOR",Republican,2.05,12/12/25,Winred Technical Services Llc,Arlington,VA,22203,Bank Fees,
Governor,"MARX, VICTOR",Republican,0.04,12/12/25,Winred Technical Services Llc,Arlington,VA,22203,Bank Fees,
Governor,"MARX, VICTOR",Republican,2.46,12/12/25,Winred Technical Services Llc,Arlington,VA,22203,Bank Fees,
Governor,"MARX, VICTOR",Republican,0.41,12/13/25,Winred Technical Services Llc,Arlington,VA,22203,Bank Fees,
Governor,"MARX, VICTOR",Republican,1.03,12/13/25,Winred Technical Services Llc,Arlington,VA,22203,Bank Fees,
Governor,"MARX, VICTOR",Republican,1.44,12/13/25,Winred Technical Services Llc,Arlington,VA,22203,Bank Fees,
Governor,"MARX, VICTOR",Republican,2.05,12/13/25,Winred Technical Services Llc,Arlington,VA,22203,Bank Fees,
Governor,"MARX, VICTOR",Republican,1.44,12/13/25,Winred Technical Services Llc,Arlington,VA,22203,Bank Fees,
Governor,"MARX, VICTOR",Republican,0.41,12/13/25,Winred Technical Services Llc,Arlington,VA,22203,Bank Fees,
Governor,"MARX, VICTOR",Republican,2.05,12/13/25,Winred Technical Services Llc,Arlington,VA,22203,Bank Fees,
Governor,"MARX, VICTOR",Republican,0.62,12/13/25,Winred Technical Services Llc,Arlington,VA,22203,Bank Fees,
Governor,"MARX, VICTOR",Republican,1.44,12/13/25,Winred Technical Services Llc,Arlington,VA,22203,Bank Fees,
Governor,"MARX, VICTOR",Republican,1.44,12/13/25,Winred Technical Services Llc,Arlington,VA,22203,Bank Fees,
Governor,"MARX, VICTOR",Republican,4.1,12/13/25,Winred Technical Services Llc,Arlington,VA,22203,Bank Fees,
Governor,"MARX, VICTOR",Republican,2.05,12/13/25,Winred Technical Services Llc,Arlington,VA,22203,Bank Fees,
Governor,"MARX, VICTOR",Republican,15.46,12/13/25,Winred Technical Services Llc,Arlington,VA,22203,Other,Merchandise Shipping And Fees
Governor,"MARX, VICTOR",Republican,1.44,12/13/25,Winred Technical Services Llc,Arlington,VA,22203,Bank Fees,
Governor,"MARX, VICTOR",Republican,1.44,12/13/25,Winred Technical Services Llc,Arlington,VA,22203,Bank Fees,
Governor,"MARX, VICTOR",Republican,1.44,12/13/25,Winred Technical Services Llc,Arlington,VA,22203,Bank Fees,
Governor,"MARX, VICTOR",Republican,1.44,12/13/25,Winred Technical Services Llc,Arlington,VA,22203,Bank Fees,
Governor,"MARX, VICTOR",Republican,1.44,12/13/25,Winred Technical Services Llc,Arlington,VA,22203,Bank Fees,
Governor,"MARX, VICTOR",Republican,1.44,12/13/25,Winred Technical Services Llc,Arlington,VA,22203,Bank Fees,
Governor,"MARX, VICTOR",Republican,8.2,12/13/25,Winred Technical Services Llc,Arlington,VA,22203,Bank Fees,
Governor,"MARX, VICTOR",Republican,1.03,12/13/25,Winred Technical Services Llc,Arlington,VA,22203,Bank Fees,
Governor,"MARX, VICTOR",Republican,9.85,12/13/25,Winred Technical Services Llc,Arlington,VA,22203,Bank Fees,
Governor,"MARX, VICTOR",Republican,2.05,12/13/25,Winred Technical Services Llc,Arlington,VA,22203,Bank Fees,
Governor,"MARX, VICTOR",Republican,2.05,12/13/25,Winred Technical Services Llc,Arlington,VA,22203,Bank Fees,
Governor,"MARX, VICTOR",Republican,1.03,12/13/25,Winred Technical Services Llc,Arlington,VA,22203,Bank Fees,
Governor,"MARX, VICTOR",Republican,3.94,12/13/25,Winred Technical Services Llc,Arlington,VA,22203,Bank Fees,
Governor,"MARX, VICTOR",Republican,1.03,12/13/25,Winred Technical Services Llc,Arlington,VA,22203,Bank Fees,
Governor,"MARX, VICTOR",Republican,4.1,12/13/25,Winred Technical Services Llc,Arlington,VA,22203,Bank Fees,
Governor,"MARX, VICTOR",Republican,1.38,12/13/25,Winred Technical Services Llc,Arlington,VA,22203,Bank Fees,
Governor,"MARX, VICTOR",Republican,2.05,12/13/25,Winred Technical Services Llc,Arlington,VA,22203,Bank Fees,
Governor,"MARX, VICTOR",Republican,1.97,12/13/25,Winred Technical Services Llc,Arlington,VA,22203,Bank Fees,
Governor,"MARX, VICTOR",Republican,0.39,12/13/25,Winred Technical Services Llc,Arlington,VA,22203,Bank Fees,
Governor,"MARX, VICTOR",Republican,0.41,12/13/25,Winred Technical Services Llc,Arlington,VA,22203,Bank Fees,
Governor,"MARX, VICTOR",Republican,2.05,12/13/25,Winred Technical Services Llc,Arlington,VA,22203,Bank Fees,
Governor,"MARX, VICTOR",Republican,10.25,12/13/25,Winred Technical Services Llc,Arlington,VA,22203,Bank Fees,
Governor,"MARX, VICTOR",Republican,1.03,12/13/25,Winred Technical Services Llc,Arlington,VA,22203,Bank Fees,
Governor,"MARX, VICTOR",Republican,0.59,12/13/25,Winred Technical Services Llc,Arlington,VA,22203,Bank Fees,
Governor,"MARX, VICTOR",Republican,2.05,12/13/25,Winred Technical Services Llc,Arlington,VA,22203,Bank Fees,
Governor,"MARX, VICTOR",Republican,1.03,12/13/25,Winred Technical Services Llc,Arlington,VA,22203,Bank Fees,
Governor,"MARX, VICTOR",Republican,2.05,12/13/25,Winred Technical Services Llc,Arlington,VA,22203,Bank Fees,
Governor,"MARX, VICTOR",Republican,1.97,12/13/25,Winred Technical Services Llc,Arlington,VA,22203,Bank Fees,
Governor,"MARX, VICTOR",Republican,1.03,12/13/25,Winred Technical Services Llc,Arlington,VA,22203,Bank Fees,
Governor,"MARX, VICTOR",Republican,1.44,12/13/25,Winred Technical Services Llc,Arlington,VA,22203,Bank Fees,
Governor,"MARX, VICTOR",Republican,1.44,12/13/25,Winred Technical Services Llc,Arlington,VA,22203,Bank Fees,
Governor,"MARX, VICTOR",Republican,4.1,12/13/25,Winred Technical Services Llc,Arlington,VA,22203,Bank Fees,
Governor,"MARX, VICTOR",Republican,2.05,12/13/25,Winred Technical Services Llc,Arlington,VA,22203,Bank Fees,
Governor,"MARX, VICTOR",Republican,4.1,12/13/25,Winred Technical Services Llc,Arlington,VA,22203,Bank Fees,
Governor,"MARX, VICTOR",Republican,2.05,12/14/25,Winred Technical Services Llc,Arlington,VA,22203,Bank Fees,
Governor,"MARX, VICTOR",Republican,0.2,12/14/25,Winred Technical Services Llc,Arlington,VA,22203,Bank Fees,
Governor,"MARX, VICTOR",Republican,1.03,12/14/25,Winred Technical Services Llc,Arlington,VA,22203,Bank Fees,
Governor,"MARX, VICTOR",Republican,4.1,12/14/25,Winred Technical Services Llc,Arlington,VA,22203,Bank Fees,
Governor,"MARX, VICTOR",Republican,1.03,12/14/25,Winred Technical Services Llc,Arlington,VA,22203,Bank Fees,
Governor,"MARX, VICTOR",Republican,2.05,12/14/25,Winred Technical Services Llc,Arlington,VA,22203,Bank Fees,
Governor,"MARX, VICTOR",Republican,0.99,12/14/25,Winred Technical Services Llc,Arlington,VA,22203,Bank Fees,
Governor,"MARX, VICTOR",Republican,10.25,12/14/25,Winred Technical Services Llc,Arlington,VA,22203,Bank Fees,
Governor,"MARX, VICTOR",Republican,1.03,12/14/25,Winred Technical Services Llc,Arlington,VA,22203,Bank Fees,
Governor,"MARX, VICTOR",Republican,0.41,12/14/25,Winred Technical Services Llc,Arlington,VA,22203,Bank Fees,
Governor,"MARX, VICTOR",Republican,2.05,12/14/25,Winred Technical Services Llc,Arlington,VA,22203,Bank Fees,
Governor,"MARX, VICTOR",Republican,57.13,12/14/25,Winred Technical Services Llc,Arlington,VA,22203,Bank Fees,
Governor,"MARX, VICTOR",Republican,2.05,12/14/25,Winred Technical Services Llc,Arlington,VA,22203,Bank Fees,
Governor,"MARX, VICTOR",Republican,1.03,12/14/25,Winred Technical Services Llc,Arlington,VA,22203,Bank Fees,
Governor,"MARX, VICTOR",Republican,4.1,12/14/25,Winred Technical Services Llc,Arlington,VA,22203,Bank Fees,
Governor,"MARX, VICTOR",Republican,8.2,12/14/25,Winred Technical Services Llc,Arlington,VA,22203,Bank Fees,
Governor,"MARX, VICTOR",Republican,0.62,12/14/25,Winred Technical Services Llc,Arlington,VA,22203,Bank Fees,
Governor,"MARX, VICTOR",Republican,0.39,12/14/25,Winred Technical Services Llc,Arlington,VA,22203,Bank Fees,
Governor,"MARX, VICTOR",Republican,0.2,12/14/25,Winred Technical Services Llc,Arlington,VA,22203,Bank Fees,
Governor,"MARX, VICTOR",Republican,2.05,12/14/25,Winred Technical Services Llc,Arlington,VA,22203,Bank Fees,
Governor,"MARX, VICTOR",Republican,0.99,12/14/25,Winred Technical Services Llc,Arlington,VA,22203,Bank Fees,
Governor,"MARX, VICTOR",Republican,1.44,12/14/25,Winred Technical Services Llc,Arlington,VA,22203,Bank Fees,
Governor,"MARX, VICTOR",Republican,1.03,12/14/25,Winred Technical Services Llc,Arlington,VA,22203,Bank Fees,
Governor,"MARX, VICTOR",Republican,4.1,12/14/25,Winred Technical Services Llc,Arlington,VA,22203,Bank Fees,
Governor,"MARX, VICTOR",Republican,3.08,12/14/25,Winred Technical Services Llc,Arlington,VA,22203,Bank Fees,
Governor,"MARX, VICTOR",Republican,19.7,12/14/25,Winred Technical Services Llc,Arlington,VA,22203,Bank Fees,
Governor,"MARX, VICTOR",Republican,4.1,12/14/25,Winred Technical Services Llc,Arlington,VA,22203,Bank Fees,
Governor,"MARX, VICTOR",Republican,1.03,12/14/25,Winred Technical Services Llc,Arlington,VA,22203,Bank Fees,
Governor,"MARX, VICTOR",Republican,0.41,12/14/25,Winred Technical Services Llc,Arlington,VA,22203,Bank Fees,
Governor,"MARX, VICTOR",Republican,1.44,12/15/25,Winred Technical Services Llc,Arlington,VA,22203,Bank Fees,
Governor,"MARX, VICTOR",Republican,1.44,12/15/25,Winred Technical Services Llc,Arlington,VA,22203,Bank Fees,
Governor,"MARX, VICTOR",Republican,1.44,12/15/25,Winred Technical Services Llc,Arlington,VA,22203,Bank Fees,
Governor,"MARX, VICTOR",Republican,1.03,12/15/25,Winred Technical Services Llc,Arlington,VA,22203,Bank Fees,
Governor,"MARX, VICTOR",Republican,10.25,12/15/25,Winred Technical Services Llc,Arlington,VA,22203,Bank Fees,
Governor,"MARX, VICTOR",Republican,1.03,12/15/25,Winred Technical Services Llc,Arlington,VA,22203,Bank Fees,
Governor,"MARX, VICTOR",Republican,173.2,12/15/25,Winred Technical Services Llc,Arlington,VA,22203,Other,Merchandise Shipping And Fees
Governor,"MARX, VICTOR",Republican,1.97,12/15/25,Winred Technical Services Llc,Arlington,VA,22203,Bank Fees,
Governor,"MARX, VICTOR",Republican,48.8,12/15/25,Winred Technical Services Llc,Arlington,VA,22203,Other,Merchandise Shipping And Fees
Governor,"MARX, VICTOR",Republican,46.65,12/15/25,Winred Technical Services Llc,Arlington,VA,22203,Other,Merchandise Shipping And Fees
Governor,"MARX, VICTOR",Republican,15.06,12/15/25,Winred Technical Services Llc,Arlington,VA,22203,Other,Merchandise Shipping And Fees
Governor,"MARX, VICTOR",Republican,38.39,12/15/25,Winred Technical Services Llc,Arlington,VA,22203,Other,Merchandise Shipping And Fees
Governor,"MARX, VICTOR",Republican,24.85,12/15/25,Winred Technical Services Llc,Arlington,VA,22203,Other,Merchandise Shipping And Fees
Governor,"MARX, VICTOR",Republican,49.37,12/15/25,Winred Technical Services Llc,Arlington,VA,22203,Other,Merchandise Shipping And Fees
Governor,"MARX, VICTOR",Republican,2.05,12/15/25,Winred Technical Services Llc,Arlington,VA,22203,Bank Fees,
Governor,"MARX, VICTOR",Republican,3.94,12/15/25,Winred Technical Services Llc,Arlington,VA,22203,Bank Fees,
Governor,"MARX, VICTOR",Republican,24.34,12/15/25,Winred Technical Services Llc,Arlington,VA,22203,Other,Merchandise Shipping And Fees
Governor,"MARX, VICTOR",Republican,13.17,12/15/25,Winred Technical Services Llc,Arlington,VA,22203,Bank Fees,
Governor,"MARX, VICTOR",Republican,83.86,12/15/25,Winred Technical Services Llc,Arlington,VA,22203,Other,Merchandise Shipping And Fees
Governor,"MARX, VICTOR",Republican,57.13,12/15/25,Winred Technical Services Llc,Arlington,VA,22203,Bank Fees,
Governor,"MARX, VICTOR",Republican,1.23,12/15/25,Winred Technical Services Llc,Arlington,VA,22203,Bank Fees,
Governor,"MARX, VICTOR",Republican,20.51,12/15/25,Winred Technical Services Llc,Arlington,VA,22203,Bank Fees,
Governor,"MARX, VICTOR",Republican,1.03,12/15/25,Winred Technical Services Llc,Arlington,VA,22203,Bank Fees,
Governor,"MARX, VICTOR",Republican,2.05,12/15/25,Winred Technical Services Llc,Arlington,VA,22203,Bank Fees,
Governor,"MARX, VICTOR",Republican,4.1,12/15/25,Winred Technical Services Llc,Arlington,VA,22203,Bank Fees,
Governor,"MARX, VICTOR",Republican,20.51,12/15/25,Winred Technical Services Llc,Arlington,VA,22203,Bank Fees,
Governor,"MARX, VICTOR",Republican,41.02,12/15/25,Winred Technical Services Llc,Arlington,VA,22203,Bank Fees,
Governor,"MARX, VICTOR",Republican,2.05,12/15/25,Winred Technical Services Llc,Arlington,VA,22203,Bank Fees,
Governor,"MARX, VICTOR",Republican,33.84,12/15/25,Winred Technical Services Llc,Arlington,VA,22203,Bank Fees,
Governor,"MARX, VICTOR",Republican,1.03,12/15/25,Winred Technical Services Llc,Arlington,VA,22203,Bank Fees,
Governor,"MARX, VICTOR",Republican,4.1,12/15/25,Winred Technical Services Llc,Arlington,VA,22203,Bank Fees,
Governor,"MARX, VICTOR",Republican,3.94,12/15/25,Winred Technical Services Llc,Arlington,VA,22203,Bank Fees,
Governor,"MARX, VICTOR",Republican,1.03,12/15/25,Winred Technical Services Llc,Arlington,VA,22203,Bank Fees,
Governor,"MARX, VICTOR",Republican,0.99,12/15/25,Winred Technical Services Llc,Arlington,VA,22203,Bank Fees,
Governor,"MARX, VICTOR",Republican,20.51,12/15/25,Winred Technical Services Llc,Arlington,VA,22203,Bank Fees,
Governor,"MARX, VICTOR",Republican,39.4,12/15/25,Winred Technical Services Llc,Arlington,VA,22203,Bank Fees,
Governor,"MARX, VICTOR",Republican,1.97,12/15/25,Winred Technical Services Llc,Arlington,VA,22203,Bank Fees,
Governor,"MARX, VICTOR",Republican,0.59,12/15/25,Winred Technical Services Llc,Arlington,VA,22203,Bank Fees,
Governor,"MARX, VICTOR",Republican,4.1,12/15/25,Winred Technical Services Llc,Arlington,VA,22203,Bank Fees,
Governor,"MARX, VICTOR",Republican,39.4,12/15/25,Winred Technical Services Llc,Arlington,VA,22203,Bank Fees,
Governor,"MARX, VICTOR",Republican,5.13,12/15/25,Winred Technical Services Llc,Arlington,VA,22203,Bank Fees,
Governor,"MARX, VICTOR",Republican,3.94,12/15/25,Winred Technical Services Llc,Arlington,VA,22203,Bank Fees,
Governor,"MARX, VICTOR",Republican,2.05,12/15/25,Winred Technical Services Llc,Arlington,VA,22203,Bank Fees,
Governor,"MARX, VICTOR",Republican,2.05,12/15/25,Winred Technical Services Llc,Arlington,VA,22203,Bank Fees,
Governor,"MARX, VICTOR",Republican,1.03,12/15/25,Winred Technical Services Llc,Arlington,VA,22203,Bank Fees,
Governor,"MARX, VICTOR",Republican,12500,12/16/25,Campaign Catalyst,Pueblo West,CO,81007,Consultant & Professional Services,"Nucleus, Field Consulting, Grid"
Governor,"MARX, VICTOR",Republican,2310,12/16/25,Gray Shadows Protection,Aurora,CO,80015,Other,Security
Governor,"MARX, VICTOR",Republican,0.39,12/16/25,Winred Technical Services Llc,Arlington,VA,22203,Bank Fees,
Governor,"MARX, VICTOR",Republican,3.94,12/16/25,Winred Technical Services Llc,Arlington,VA,22203,Bank Fees,
Governor,"MARX, VICTOR",Republican,3.94,12/16/25,Winred Technical Services Llc,Arlington,VA,22203,Bank Fees,
Governor,"MARX, VICTOR",Republican,1.03,12/16/25,Winred Technical Services Llc,Arlington,VA,22203,Bank Fees,
Governor,"MARX, VICTOR",Republican,1.03,12/16/25,Winred Technical Services Llc,Arlington,VA,22203,Bank Fees,
Governor,"MARX, VICTOR",Republican,4.1,12/16/25,Winred Technical Services Llc,Arlington,VA,22203,Bank Fees,
Governor,"MARX, VICTOR",Republican,3.94,12/16/25,Winred Technical Services Llc,Arlington,VA,22203,Bank Fees,
Governor,"MARX, VICTOR",Republican,2.05,12/16/25,Winred Technical Services Llc,Arlington,VA,22203,Bank Fees,
Governor,"MARX, VICTOR",Republican,1.03,12/16/25,Winred Technical Services Llc,Arlington,VA,22203,Bank Fees,
Governor,"MARX, VICTOR",Republican,2.05,12/16/25,Winred Technical Services Llc,Arlington,VA,22203,Bank Fees,
Governor,"MARX, VICTOR",Republican,0.99,12/16/25,Winred Technical Services Llc,Arlington,VA,22203,Bank Fees,
Governor,"MARX, VICTOR",Republican,10.71,12/16/25,Winred Technical Services Llc,Arlington,VA,22203,Other,Merchandise Shipping And Fees
Governor,"MARX, VICTOR",Republican,1.03,12/16/25,Winred Technical Services Llc,Arlington,VA,22203,Bank Fees,
Governor,"MARX, VICTOR",Republican,2.05,12/16/25,Winred Technical Services Llc,Arlington,VA,22203,Bank Fees,
Governor,"MARX, VICTOR",Republican,1.03,12/16/25,Winred Technical Services Llc,Arlington,VA,22203,Bank Fees,
Governor,"MARX, VICTOR",Republican,1.38,12/16/25,Winred Technical Services Llc,Arlington,VA,22203,Bank Fees,
Governor,"MARX, VICTOR",Republican,1.03,12/16/25,Winred Technical Services Llc,Arlington,VA,22203,Bank Fees,
Governor,"MARX, VICTOR",Republican,4.1,12/16/25,Winred Technical Services Llc,Arlington,VA,22203,Bank Fees,
Governor,"MARX, VICTOR",Republican,1.03,12/16/25,Winred Technical Services Llc,Arlington,VA,22203,Bank Fees,
Governor,"MARX, VICTOR",Republican,4.1,12/16/25,Winred Technical Services Llc,Arlington,VA,22203,Bank Fees,
Governor,"MARX, VICTOR",Republican,2.05,12/16/25,Winred Technical Services Llc,Arlington,VA,22203,Bank Fees,
Governor,"MARX, VICTOR",Republican,2.05,12/16/25,Winred Technical Services Llc,Arlington,VA,22203,Bank Fees,
Governor,"MARX, VICTOR",Republican,2.05,12/16/25,Winred Technical Services Llc,Arlington,VA,22203,Bank Fees,
Governor,"MARX, VICTOR",Republican,1.03,12/16/25,Winred Technical Services Llc,Arlington,VA,22203,Bank Fees,
Governor,"MARX, VICTOR",Republican,1.97,12/16/25,Winred Technical Services Llc,Arlington,VA,22203,Bank Fees,
Governor,"MARX, VICTOR",Republican,1.03,12/16/25,Winred Technical Services Llc,Arlington,VA,22203,Bank Fees,
Governor,"MARX, VICTOR",Republican,2.05,12/16/25,Winred Technical Services Llc,Arlington,VA,22203,Bank Fees,
Governor,"MARX, VICTOR",Republican,4.1,12/16/25,Winred Technical Services Llc,Arlington,VA,22203,Bank Fees,
Governor,"MARX, VICTOR",Republican,1.97,12/16/25,Winred Technical Services Llc,Arlington,VA,22203,Bank Fees,
Governor,"MARX, VICTOR",Republican,2.05,12/16/25,Winred Technical Services Llc,Arlington,VA,22203,Bank Fees,
Governor,"MARX, VICTOR",Republican,4.1,12/16/25,Winred Technical Services Llc,Arlington,VA,22203,Bank Fees,
Governor,"MARX, VICTOR",Republican,0.99,12/16/25,Winred Technical Services Llc,Arlington,VA,22203,Bank Fees,
Governor,"MARX, VICTOR",Republican,2.05,12/16/25,Winred Technical Services Llc,Arlington,VA,22203,Bank Fees,
Governor,"MARX, VICTOR",Republican,4.1,12/16/25,Winred Technical Services Llc,Arlington,VA,22203,Bank Fees,
Governor,"MARX, VICTOR",Republican,58.41,12/16/25,Winred Technical Services Llc,Arlington,VA,22203,Other,Merchandise Shipping And Fees
Governor,"MARX, VICTOR",Republican,2.05,12/16/25,Winred Technical Services Llc,Arlington,VA,22203,Bank Fees,
Governor,"MARX, VICTOR",Republican,1.03,12/16/25,Winred Technical Services Llc,Arlington,VA,22203,Bank Fees,
Governor,"MARX, VICTOR",Republican,0.41,12/16/25,Winred Technical Services Llc,Arlington,VA,22203,Bank Fees,
Governor,"MARX, VICTOR",Republican,1.23,12/16/25,Winred Technical Services Llc,Arlington,VA,22203,Bank Fees,
Governor,"MARX, VICTOR",Republican,0.99,12/16/25,Winred Technical Services Llc,Arlington,VA,22203,Bank Fees,
Governor,"MARX, VICTOR",Republican,2.05,12/16/25,Winred Technical Services Llc,Arlington,VA,22203,Bank Fees,
Governor,"MARX, VICTOR",Republican,2.05,12/16/25,Winred Technical Services Llc,Arlington,VA,22203,Bank Fees,
Governor,"MARX, VICTOR",Republican,9.85,12/16/25,Winred Technical Services Llc,Arlington,VA,22203,Bank Fees,
Governor,"MARX, VICTOR",Republican,2.05,12/16/25,Winred Technical Services Llc,Arlington,VA,22203,Bank Fees,
Governor,"MARX, VICTOR",Republican,1.03,12/16/25,Winred Technical Services Llc,Arlington,VA,22203,Bank Fees,
Governor,"MARX, VICTOR",Republican,1.03,12/16/25,Winred Technical Services Llc,Arlington,VA,22203,Bank Fees,
Governor,"MARX, VICTOR",Republican,1.97,12/16/25,Winred Technical Services Llc,Arlington,VA,22203,Bank Fees,
Governor,"MARX, VICTOR",Republican,2915,12/17/25,Gray Shadows Protection,Aurora,CO,80015,Other,Security
Governor,"MARX, VICTOR",Republican,0.39,12/17/25,Winred Technical Services Llc,Arlington,VA,22203,Bank Fees,
Governor,"MARX, VICTOR",Republican,1.97,12/17/25,Winred Technical Services Llc,Arlington,VA,22203,Bank Fees,
Governor,"MARX, VICTOR",Republican,1.97,12/17/25,Winred Technical Services Llc,Arlington,VA,22203,Bank Fees,
Governor,"MARX, VICTOR",Republican,3.94,12/17/25,Winred Technical Services Llc,Arlington,VA,22203,Bank Fees,
Governor,"MARX, VICTOR",Republican,24.65,12/17/25,Winred Technical Services Llc,Arlington,VA,22203,Other,Merchandise Shipping And Fees
Governor,"MARX, VICTOR",Republican,1.03,12/17/25,Winred Technical Services Llc,Arlington,VA,22203,Bank Fees,
Governor,"MARX, VICTOR",Republican,1.03,12/17/25,Winred Technical Services Llc,Arlington,VA,22203,Bank Fees,
Governor,"MARX, VICTOR",Republican,0.82,12/17/25,Winred Technical Services Llc,Arlington,VA,22203,Bank Fees,
Governor,"MARX, VICTOR",Republican,11.69,12/17/25,Winred Technical Services Llc,Arlington,VA,22203,Other,Merchandise Shipping And Fees
Governor,"MARX, VICTOR",Republican,10.71,12/17/25,Winred Technical Services Llc,Arlington,VA,22203,Other,Merchandise Shipping And Fees
Governor,"MARX, VICTOR",Republican,2.05,12/17/25,Winred Technical Services Llc,Arlington,VA,22203,Bank Fees,
Governor,"MARX, VICTOR",Republican,1.64,12/17/25,Winred Technical Services Llc,Arlington,VA,22203,Bank Fees,
Governor,"MARX, VICTOR",Republican,3.94,12/17/25,Winred Technical Services Llc,Arlington,VA,22203,Bank Fees,
Governor,"MARX, VICTOR",Republican,57.13,12/17/25,Winred Technical Services Llc,Arlington,VA,22203,Bank Fees,
Governor,"MARX, VICTOR",Republican,1.03,12/17/25,Winred Technical Services Llc,Arlington,VA,22203,Bank Fees,
Governor,"MARX, VICTOR",Republican,1.03,12/17/25,Winred Technical Services Llc,Arlington,VA,22203,Bank Fees,
Governor,"MARX, VICTOR",Republican,1.64,12/17/25,Winred Technical Services Llc,Arlington,VA,22203,Bank Fees,
Governor,"MARX, VICTOR",Republican,1.03,12/17/25,Winred Technical Services Llc,Arlington,VA,22203,Bank Fees,
Governor,"MARX, VICTOR",Republican,1.03,12/17/25,Winred Technical Services Llc,Arlington,VA,22203,Bank Fees,
Governor,"MARX, VICTOR",Republican,1.03,12/17/25,Winred Technical Services Llc,Arlington,VA,22203,Bank Fees,
Governor,"MARX, VICTOR",Republican,1.64,12/17/25,Winred Technical Services Llc,Arlington,VA,22203,Bank Fees,
Governor,"MARX, VICTOR",Republican,3.94,12/17/25,Winred Technical Services Llc,Arlington,VA,22203,Bank Fees,
Governor,"MARX, VICTOR",Republican,4.1,12/17/25,Winred Technical Services Llc,Arlington,VA,22203,Bank Fees,
Governor,"MARX, VICTOR",Republican,48.62,12/17/25,Winred Technical Services Llc,Arlington,VA,22203,Other,Merchandise Shipping And Fees
Governor,"MARX, VICTOR",Republican,19.7,12/17/25,Winred Technical Services Llc,Arlington,VA,22203,Bank Fees,
Governor,"MARX, VICTOR",Republican,4.1,12/17/25,Winred Technical Services Llc,Arlington,VA,22203,Bank Fees,
Governor,"MARX, VICTOR",Republican,1716.51,12/18/25,Active Engagement,San Jose,CO,95002,Fundraising Expenses,
Governor,"MARX, VICTOR",Republican,293.04,12/18/25,Active Engagement,San Jose,CO,95002,Fundraising Expenses,
Governor,"MARX, VICTOR",Republican,2.05,12/18/25,Winred Technical Services Llc,Arlington,VA,22203,Bank Fees,
Governor,"MARX, VICTOR",Republican,1.64,12/18/25,Winred Technical Services Llc,Arlington,VA,22203,Bank Fees,
Governor,"MARX, VICTOR",Republican,1.03,12/18/25,Winred Technical Services Llc,Arlington,VA,22203,Bank Fees,
Governor,"MARX, VICTOR",Republican,1.64,12/18/25,Winred Technical Services Llc,Arlington,VA,22203,Bank Fees,
Governor,"MARX, VICTOR",Republican,1.64,12/18/25,Winred Technical Services Llc,Arlington,VA,22203,Bank Fees,
Governor,"MARX, VICTOR",Republican,1.03,12/18/25,Winred Technical Services Llc,Arlington,VA,22203,Bank Fees,
Governor,"MARX, VICTOR",Republican,2.05,12/18/25,Winred Technical Services Llc,Arlington,VA,22203,Bank Fees,
Governor,"MARX, VICTOR",Republican,1.64,12/18/25,Winred Technical Services Llc,Arlington,VA,22203,Bank Fees,
Governor,"MARX, VICTOR",Republican,2.05,12/18/25,Winred Technical Services Llc,Arlington,VA,22203,Bank Fees,
Governor,"MARX, VICTOR",Republican,1.64,12/18/25,Winred Technical Services Llc,Arlington,VA,22203,Bank Fees,
Governor,"MARX, VICTOR",Republican,1.64,12/18/25,Winred Technical Services Llc,Arlington,VA,22203,Bank Fees,
Governor,"MARX, VICTOR",Republican,7.88,12/18/25,Winred Technical Services Llc,Arlington,VA,22203,Bank Fees,
Governor,"MARX, VICTOR",Republican,71.51,12/18/25,Winred Technical Services Llc,Arlington,VA,22203,Other,Merchandise Shipping And Fees
Governor,"MARX, VICTOR",Republican,2.05,12/18/25,Winred Technical Services Llc,Arlington,VA,22203,Bank Fees,
Governor,"MARX, VICTOR",Republican,2.05,12/18/25,Winred Technical Services Llc,Arlington,VA,22203,Bank Fees,
Governor,"MARX, VICTOR",Republican,2.05,12/18/25,Winred Technical Services Llc,Arlington,VA,22203,Bank Fees,
Governor,"MARX, VICTOR",Republican,2.05,12/18/25,Winred Technical Services Llc,Arlington,VA,22203,Bank Fees,
Governor,"MARX, VICTOR",Republican,2.05,12/18/25,Winred Technical Services Llc,Arlington,VA,22203,Bank Fees,
Governor,"MARX, VICTOR",Republican,10.32,12/18/25,Winred Technical Services Llc,Arlington,VA,22203,Bank Fees,
Governor,"MARX, VICTOR",Republican,2.05,12/18/25,Winred Technical Services Llc,Arlington,VA,22203,Bank Fees,
Governor,"MARX, VICTOR",Republican,2.05,12/18/25,Winred Technical Services Llc,Arlington,VA,22203,Bank Fees,
Governor,"MARX, VICTOR",Republican,2.05,12/18/25,Winred Technical Services Llc,Arlington,VA,22203,Bank Fees,
Governor,"MARX, VICTOR",Republican,15.06,12/18/25,Winred Technical Services Llc,Arlington,VA,22203,Other,Merchandise Shipping And Fees
Governor,"MARX, VICTOR",Republican,1.97,12/18/25,Winred Technical Services Llc,Arlington,VA,22203,Bank Fees,
Governor,"MARX, VICTOR",Republican,2.05,12/18/25,Winred Technical Services Llc,Arlington,VA,22203,Bank Fees,
Governor,"MARX, VICTOR",Republican,2.05,12/18/25,Winred Technical Services Llc,Arlington,VA,22203,Bank Fees,
Governor,"MARX, VICTOR",Republican,2.05,12/18/25,Winred Technical Services Llc,Arlington,VA,22203,Bank Fees,
Governor,"MARX, VICTOR",Republican,2.05,12/18/25,Winred Technical Services Llc,Arlington,VA,22203,Bank Fees,
Governor,"MARX, VICTOR",Republican,2.05,12/18/25,Winred Technical Services Llc,Arlington,VA,22203,Bank Fees,
Governor,"MARX, VICTOR",Republican,2.05,12/18/25,Winred Technical Services Llc,Arlington,VA,22203,Bank Fees,
Governor,"MARX, VICTOR",Republican,2.05,12/18/25,Winred Technical Services Llc,Arlington,VA,22203,Bank Fees,
Governor,"MARX, VICTOR",Republican,2.05,12/18/25,Winred Technical Services Llc,Arlington,VA,22203,Bank Fees,
Governor,"MARX, VICTOR",Republican,1.03,12/18/25,Winred Technical Services Llc,Arlington,VA,22203,Bank Fees,
Governor,"MARX, VICTOR",Republican,24.26,12/18/25,Winred Technical Services Llc,Arlington,VA,22203,Other,Merchandise Shipping And Fees
Governor,"MARX, VICTOR",Republican,2.05,12/18/25,Winred Technical Services Llc,Arlington,VA,22203,Bank Fees,
Governor,"MARX, VICTOR",Republican,28.45,12/18/25,Winred Technical Services Llc,Arlington,VA,22203,Bank Fees,
Governor,"MARX, VICTOR",Republican,4.1,12/18/25,Winred Technical Services Llc,Arlington,VA,22203,Bank Fees,
Governor,"MARX, VICTOR",Republican,1.97,12/18/25,Winred Technical Services Llc,Arlington,VA,22203,Bank Fees,
Governor,"MARX, VICTOR",Republican,0.99,12/18/25,Winred Technical Services Llc,Arlington,VA,22203,Bank Fees,
Governor,"MARX, VICTOR",Republican,2.05,12/18/25,Winred Technical Services Llc,Arlington,VA,22203,Bank Fees,
Governor,"MARX, VICTOR",Republican,350,12/18/25,Onpoint Data Strategy Llc,Ashburn,VA,20147,Fundraising Expenses,
Governor,"MARX, VICTOR",Republican,2.05,12/19/25,Winred Technical Services Llc,Arlington,VA,22203,Bank Fees,
Governor,"MARX, VICTOR",Republican,2.05,12/19/25,Winred Technical Services Llc,Arlington,VA,22203,Bank Fees,
Governor,"MARX, VICTOR",Republican,1.03,12/19/25,Winred Technical Services Llc,Arlington,VA,22203,Bank Fees,
Governor,"MARX, VICTOR",Republican,24.85,12/19/25,Winred Technical Services Llc,Arlington,VA,22203,Other,Merchandise Shipping And Fees
Governor,"MARX, VICTOR",Republican,25.77,12/19/25,Winred Technical Services Llc,Arlington,VA,22203,Other,Merchandise Shipping And Fees
Governor,"MARX, VICTOR",Republican,1.03,12/19/25,Winred Technical Services Llc,Arlington,VA,22203,Bank Fees,
Governor,"MARX, VICTOR",Republican,2.05,12/19/25,Winred Technical Services Llc,Arlington,VA,22203,Bank Fees,
Governor,"MARX, VICTOR",Republican,6.15,12/19/25,Winred Technical Services Llc,Arlington,VA,22203,Bank Fees,
Governor,"MARX, VICTOR",Republican,43.01,12/19/25,Winred Technical Services Llc,Arlington,VA,22203,Other,Merchandise Shipping And Fees
Governor,"MARX, VICTOR",Republican,56.44,12/19/25,Winred Technical Services Llc,Arlington,VA,22203,Other,Merchandise Shipping And Fees
Governor,"MARX, VICTOR",Republican,4.1,12/19/25,Winred Technical Services Llc,Arlington,VA,22203,Bank Fees,
Governor,"MARX, VICTOR",Republican,10.25,12/19/25,Winred Technical Services Llc,Arlington,VA,22203,Bank Fees,
Governor,"MARX, VICTOR",Republican,2.05,12/19/25,Winred Technical Services Llc,Arlington,VA,22203,Bank Fees,
Governor,"MARX, VICTOR",Republican,2.05,12/19/25,Winred Technical Services Llc,Arlington,VA,22203,Bank Fees,
Governor,"MARX, VICTOR",Republican,2.05,12/19/25,Winred Technical Services Llc,Arlington,VA,22203,Bank Fees,
Governor,"MARX, VICTOR",Republican,0.21,12/19/25,Winred Technical Services Llc,Arlington,VA,22203,Bank Fees,
Governor,"MARX, VICTOR",Republican,2.05,12/20/25,Winred Technical Services Llc,Arlington,VA,22203,Bank Fees,
Governor,"MARX, VICTOR",Republican,1.03,12/20/25,Winred Technical Services Llc,Arlington,VA,22203,Bank Fees,
Governor,"MARX, VICTOR",Republican,2.05,12/20/25,Winred Technical Services Llc,Arlington,VA,22203,Bank Fees,
Governor,"MARX, VICTOR",Republican,1.03,12/20/25,Winred Technical Services Llc,Arlington,VA,22203,Bank Fees,
Governor,"MARX, VICTOR",Republican,4.1,12/20/25,Winred Technical Services Llc,Arlington,VA,22203,Bank Fees,
Governor,"MARX, VICTOR",Republican,2.05,12/20/25,Winred Technical Services Llc,Arlington,VA,22203,Bank Fees,
Governor,"MARX, VICTOR",Republican,4.1,12/20/25,Winred Technical Services Llc,Arlington,VA,22203,Bank Fees,
Governor,"MARX, VICTOR",Republican,3.94,12/20/25,Winred Technical Services Llc,Arlington,VA,22203,Bank Fees,
Governor,"MARX, VICTOR",Republican,0.99,12/20/25,Winred Technical Services Llc,Arlington,VA,22203,Bank Fees,
Governor,"MARX, VICTOR",Republican,9.23,12/20/25,Winred Technical Services Llc,Arlington,VA,22203,Bank Fees,
Governor,"MARX, VICTOR",Republican,1.44,12/20/25,Winred Technical Services Llc,Arlington,VA,22203,Bank Fees,
Governor,"MARX, VICTOR",Republican,1.03,12/20/25,Winred Technical Services Llc,Arlington,VA,22203,Bank Fees,
Governor,"MARX, VICTOR",Republican,1.97,12/20/25,Winred Technical Services Llc,Arlington,VA,22203,Bank Fees,
Governor,"MARX, VICTOR",Republican,20.51,12/20/25,Winred Technical Services Llc,Arlington,VA,22203,Bank Fees,
Governor,"MARX, VICTOR",Republican,10.25,12/20/25,Winred Technical Services Llc,Arlington,VA,22203,Bank Fees,
Governor,"MARX, VICTOR",Republican,1.03,12/20/25,Winred Technical Services Llc,Arlington,VA,22203,Bank Fees,
Governor,"MARX, VICTOR",Republican,0.39,12/20/25,Winred Technical Services Llc,Arlington,VA,22203,Bank Fees,
Governor,"MARX, VICTOR",Republican,44.81,12/20/25,Winred Technical Services Llc,Arlington,VA,22203,Other,Merchandise Shipping And Fees
Governor,"MARX, VICTOR",Republican,2.05,12/20/25,Winred Technical Services Llc,Arlington,VA,22203,Bank Fees,
Governor,"MARX, VICTOR",Republican,2.05,12/20/25,Winred Technical Services Llc,Arlington,VA,22203,Bank Fees,
Governor,"MARX, VICTOR",Republican,0.41,12/20/25,Winred Technical Services Llc,Arlington,VA,22203,Bank Fees,
Governor,"MARX, VICTOR",Republican,2.05,12/20/25,Winred Technical Services Llc,Arlington,VA,22203,Bank Fees,
Governor,"MARX, VICTOR",Republican,4.1,12/20/25,Winred Technical Services Llc,Arlington,VA,22203,Bank Fees,
Governor,"MARX, VICTOR",Republican,4.92,12/20/25,Winred Technical Services Llc,Arlington,VA,22203,Bank Fees,
Governor,"MARX, VICTOR",Republican,1.44,12/20/25,Winred Technical Services Llc,Arlington,VA,22203,Bank Fees,
Governor,"MARX, VICTOR",Republican,1.44,12/20/25,Winred Technical Services Llc,Arlington,VA,22203,Bank Fees,
Governor,"MARX, VICTOR",Republican,1.03,12/20/25,Winred Technical Services Llc,Arlington,VA,22203,Bank Fees,
Governor,"MARX, VICTOR",Republican,59.39,12/21/25,Winred Technical Services Llc,Arlington,VA,22203,Other,Merchandise Shipping And Fees
Governor,"MARX, VICTOR",Republican,4.1,12/21/25,Winred Technical Services Llc,Arlington,VA,22203,Bank Fees,
Governor,"MARX, VICTOR",Republican,59.44,12/21/25,Winred Technical Services Llc,Arlington,VA,22203,Other,Merchandise Shipping And Fees
Governor,"MARX, VICTOR",Republican,10.25,12/21/25,Winred Technical Services Llc,Arlington,VA,22203,Bank Fees,
Governor,"MARX, VICTOR",Republican,1.03,12/21/25,Winred Technical Services Llc,Arlington,VA,22203,Bank Fees,
Governor,"MARX, VICTOR",Republican,1.03,12/21/25,Winred Technical Services Llc,Arlington,VA,22203,Bank Fees,
Governor,"MARX, VICTOR",Republican,57.13,12/21/25,Winred Technical Services Llc,Arlington,VA,22203,Bank Fees,
Governor,"MARX, VICTOR",Republican,1.03,12/21/25,Winred Technical Services Llc,Arlington,VA,22203,Bank Fees,
Governor,"MARX, VICTOR",Republican,1.03,12/21/25,Winred Technical Services Llc,Arlington,VA,22203,Bank Fees,
Governor,"MARX, VICTOR",Republican,2.05,12/21/25,Winred Technical Services Llc,Arlington,VA,22203,Bank Fees,
Governor,"MARX, VICTOR",Republican,36.91,12/21/25,Winred Technical Services Llc,Arlington,VA,22203,Bank Fees,
Governor,"MARX, VICTOR",Republican,0.39,12/21/25,Winred Technical Services Llc,Arlington,VA,22203,Bank Fees,
Governor,"MARX, VICTOR",Republican,3.94,12/21/25,Winred Technical Services Llc,Arlington,VA,22203,Bank Fees,
Governor,"MARX, VICTOR",Republican,4.1,12/21/25,Winred Technical Services Llc,Arlington,VA,22203,Bank Fees,
Governor,"MARX, VICTOR",Republican,2.05,12/21/25,Winred Technical Services Llc,Arlington,VA,22203,Bank Fees,
Governor,"MARX, VICTOR",Republican,0.2,12/21/25,Winred Technical Services Llc,Arlington,VA,22203,Bank Fees,
Governor,"MARX, VICTOR",Republican,2.05,12/21/25,Winred Technical Services Llc,Arlington,VA,22203,Bank Fees,
Governor,"MARX, VICTOR",Republican,1.03,12/21/25,Winred Technical Services Llc,Arlington,VA,22203,Bank Fees,
Governor,"MARX, VICTOR",Republican,12.3,12/21/25,Winred Technical Services Llc,Arlington,VA,22203,Bank Fees,
Governor,"MARX, VICTOR",Republican,2.05,12/21/25,Winred Technical Services Llc,Arlington,VA,22203,Bank Fees,
Governor,"MARX, VICTOR",Republican,15.06,12/21/25,Winred Technical Services Llc,Arlington,VA,22203,Other,Merchandise Shipping And Fees
Governor,"MARX, VICTOR",Republican,4.1,12/21/25,Winred Technical Services Llc,Arlington,VA,22203,Bank Fees,
Governor,"MARX, VICTOR",Republican,3.94,12/21/25,Winred Technical Services Llc,Arlington,VA,22203,Bank Fees,
Governor,"MARX, VICTOR",Republican,1.03,12/21/25,Winred Technical Services Llc,Arlington,VA,22203,Bank Fees,
Governor,"MARX, VICTOR",Republican,2.05,12/21/25,Winred Technical Services Llc,Arlington,VA,22203,Bank Fees,
Governor,"MARX, VICTOR",Republican,10.25,12/21/25,Winred Technical Services Llc,Arlington,VA,22203,Bank Fees,
Governor,"MARX, VICTOR",Republican,2.05,12/21/25,Winred Technical Services Llc,Arlington,VA,22203,Bank Fees,
Governor,"MARX, VICTOR",Republican,4.1,12/21/25,Winred Technical Services Llc,Arlington,VA,22203,Bank Fees,
Governor,"MARX, VICTOR",Republican,1.03,12/21/25,Winred Technical Services Llc,Arlington,VA,22203,Bank Fees,
Governor,"MARX, VICTOR",Republican,3432.41,12/22/25,Mark  Geist,Colorado Springs,CO,80921,Other,Security
Governor,"MARX, VICTOR",Republican,2.05,12/22/25,Winred Technical Services Llc,Arlington,VA,22203,Bank Fees,
Governor,"MARX, VICTOR",Republican,2.05,12/22/25,Winred Technical Services Llc,Arlington,VA,22203,Bank Fees,
Governor,"MARX, VICTOR",Republican,2.05,12/22/25,Winred Technical Services Llc,Arlington,VA,22203,Bank Fees,
Governor,"MARX, VICTOR",Republican,57.13,12/22/25,Winred Technical Services Llc,Arlington,VA,22203,Bank Fees,
Governor,"MARX, VICTOR",Republican,57.13,12/22/25,Winred Technical Services Llc,Arlington,VA,22203,Bank Fees,
Governor,"MARX, VICTOR",Republican,4.1,12/22/25,Winred Technical Services Llc,Arlington,VA,22203,Bank Fees,
Governor,"MARX, VICTOR",Republican,57.13,12/22/25,Winred Technical Services Llc,Arlington,VA,22203,Bank Fees,
Governor,"MARX, VICTOR",Republican,4.1,12/22/25,Winred Technical Services Llc,Arlington,VA,22203,Bank Fees,
Governor,"MARX, VICTOR",Republican,57.13,12/22/25,Winred Technical Services Llc,Arlington,VA,22203,Bank Fees,
Governor,"MARX, VICTOR",Republican,20.51,12/22/25,Winred Technical Services Llc,Arlington,VA,22203,Bank Fees,
Governor,"MARX, VICTOR",Republican,1.03,12/22/25,Winred Technical Services Llc,Arlington,VA,22203,Bank Fees,
Governor,"MARX, VICTOR",Republican,57.13,12/22/25,Winred Technical Services Llc,Arlington,VA,22203,Bank Fees,
Governor,"MARX, VICTOR",Republican,1.03,12/22/25,Winred Technical Services Llc,Arlington,VA,22203,Bank Fees,
Governor,"MARX, VICTOR",Republican,1.03,12/22/25,Winred Technical Services Llc,Arlington,VA,22203,Bank Fees,
Governor,"MARX, VICTOR",Republican,1.03,12/22/25,Winred Technical Services Llc,Arlington,VA,22203,Bank Fees,
Governor,"MARX, VICTOR",Republican,57.13,12/22/25,Winred Technical Services Llc,Arlington,VA,22203,Bank Fees,
Governor,"MARX, VICTOR",Republican,1.03,12/22/25,Winred Technical Services Llc,Arlington,VA,22203,Bank Fees,
Governor,"MARX, VICTOR",Republican,1.97,12/22/25,Winred Technical Services Llc,Arlington,VA,22203,Bank Fees,
Governor,"MARX, VICTOR",Republican,1.03,12/22/25,Winred Technical Services Llc,Arlington,VA,22203,Bank Fees,
Governor,"MARX, VICTOR",Republican,1.03,12/22/25,Winred Technical Services Llc,Arlington,VA,22203,Bank Fees,
Governor,"MARX, VICTOR",Republican,3.94,12/22/25,Winred Technical Services Llc,Arlington,VA,22203,Bank Fees,
Governor,"MARX, VICTOR",Republican,4.1,12/22/25,Winred Technical Services Llc,Arlington,VA,22203,Bank Fees,
Governor,"MARX, VICTOR",Republican,2.05,12/23/25,Winred Technical Services Llc,Arlington,VA,22203,Bank Fees,
Governor,"MARX, VICTOR",Republican,10.71,12/23/25,Winred Technical Services Llc,Arlington,VA,22203,Other,Merchandise Shipping And Fees
Governor,"MARX, VICTOR",Republican,30.13,12/23/25,Winred Technical Services Llc,Arlington,VA,22203,Other,Merchandise Shipping And Fees
Governor,"MARX, VICTOR",Republican,4.1,12/23/25,Winred Technical Services Llc,Arlington,VA,22203,Bank Fees,
Governor,"MARX, VICTOR",Republican,57.13,12/23/25,Winred Technical Services Llc,Arlington,VA,22203,Bank Fees,
Governor,"MARX, VICTOR",Republican,1.03,12/23/25,Winred Technical Services Llc,Arlington,VA,22203,Bank Fees,
Governor,"MARX, VICTOR",Republican,2.05,12/23/25,Winred Technical Services Llc,Arlington,VA,22203,Bank Fees,
Governor,"MARX, VICTOR",Republican,2.05,12/23/25,Winred Technical Services Llc,Arlington,VA,22203,Bank Fees,
Governor,"MARX, VICTOR",Republican,4.92,12/23/25,Winred Technical Services Llc,Arlington,VA,22203,Bank Fees,
Governor,"MARX, VICTOR",Republican,4.1,12/23/25,Winred Technical Services Llc,Arlington,VA,22203,Bank Fees,
Governor,"MARX, VICTOR",Republican,3.08,12/23/25,Winred Technical Services Llc,Arlington,VA,22203,Bank Fees,
Governor,"MARX, VICTOR",Republican,4.1,12/23/25,Winred Technical Services Llc,Arlington,VA,22203,Bank Fees,
Governor,"MARX, VICTOR",Republican,0.41,12/23/25,Winred Technical Services Llc,Arlington,VA,22203,Bank Fees,
Governor,"MARX, VICTOR",Republican,4.1,12/23/25,Winred Technical Services Llc,Arlington,VA,22203,Bank Fees,
Governor,"MARX, VICTOR",Republican,2.05,12/23/25,Winred Technical Services Llc,Arlington,VA,22203,Bank Fees,
Governor,"MARX, VICTOR",Republican,3.94,12/23/25,Winred Technical Services Llc,Arlington,VA,22203,Bank Fees,
Governor,"MARX, VICTOR",Republican,0.99,12/23/25,Winred Technical Services Llc,Arlington,VA,22203,Bank Fees,
Governor,"MARX, VICTOR",Republican,1.64,12/23/25,Winred Technical Services Llc,Arlington,VA,22203,Bank Fees,
Governor,"MARX, VICTOR",Republican,4.1,12/23/25,Winred Technical Services Llc,Arlington,VA,22203,Bank Fees,
Governor,"MARX, VICTOR",Republican,2.05,12/23/25,Winred Technical Services Llc,Arlington,VA,22203,Bank Fees,
Governor,"MARX, VICTOR",Republican,57.13,12/23/25,Winred Technical Services Llc,Arlington,VA,22203,Bank Fees,
Governor,"MARX, VICTOR",Republican,0.79,12/23/25,Winred Technical Services Llc,Arlington,VA,22203,Bank Fees,
Governor,"MARX, VICTOR",Republican,3.94,12/23/25,Winred Technical Services Llc,Arlington,VA,22203,Bank Fees,
Governor,"MARX, VICTOR",Republican,1.03,12/23/25,Winred Technical Services Llc,Arlington,VA,22203,Bank Fees,
Governor,"MARX, VICTOR",Republican,1.03,12/23/25,Winred Technical Services Llc,Arlington,VA,22203,Bank Fees,
Governor,"MARX, VICTOR",Republican,3.94,12/23/25,Winred Technical Services Llc,Arlington,VA,22203,Bank Fees,
Governor,"MARX, VICTOR",Republican,0.41,12/23/25,Winred Technical Services Llc,Arlington,VA,22203,Bank Fees,
Governor,"MARX, VICTOR",Republican,10.25,12/23/25,Winred Technical Services Llc,Arlington,VA,22203,Bank Fees,
Governor,"MARX, VICTOR",Republican,2.05,12/23/25,Winred Technical Services Llc,Arlington,VA,22203,Bank Fees,
Governor,"MARX, VICTOR",Republican,2.05,12/23/25,Winred Technical Services Llc,Arlington,VA,22203,Bank Fees,
Governor,"MARX, VICTOR",Republican,4.1,12/23/25,Winred Technical Services Llc,Arlington,VA,22203,Bank Fees,
Governor,"MARX, VICTOR",Republican,4.1,12/23/25,Winred Technical Services Llc,Arlington,VA,22203,Bank Fees,
Governor,"MARX, VICTOR",Republican,1.03,12/23/25,Winred Technical Services Llc,Arlington,VA,22203,Bank Fees,
Governor,"MARX, VICTOR",Republican,2.05,12/23/25,Winred Technical Services Llc,Arlington,VA,22203,Bank Fees,
Governor,"MARX, VICTOR",Republican,1.03,12/23/25,Winred Technical Services Llc,Arlington,VA,22203,Bank Fees,
Governor,"MARX, VICTOR",Republican,1.03,12/23/25,Winred Technical Services Llc,Arlington,VA,22203,Bank Fees,
Governor,"MARX, VICTOR",Republican,19.7,12/23/25,Winred Technical Services Llc,Arlington,VA,22203,Bank Fees,
Governor,"MARX, VICTOR",Republican,4.1,12/23/25,Winred Technical Services Llc,Arlington,VA,22203,Bank Fees,
Governor,"MARX, VICTOR",Republican,1.03,12/23/25,Winred Technical Services Llc,Arlington,VA,22203,Bank Fees,
Governor,"MARX, VICTOR",Republican,0.99,12/23/25,Winred Technical Services Llc,Arlington,VA,22203,Bank Fees,
Governor,"MARX, VICTOR",Republican,2.05,12/23/25,Winred Technical Services Llc,Arlington,VA,22203,Bank Fees,
Governor,"MARX, VICTOR",Republican,2.05,12/23/25,Winred Technical Services Llc,Arlington,VA,22203,Bank Fees,
Governor,"MARX, VICTOR",Republican,2.05,12/23/25,Winred Technical Services Llc,Arlington,VA,22203,Bank Fees,
Governor,"MARX, VICTOR",Republican,2.05,12/23/25,Winred Technical Services Llc,Arlington,VA,22203,Bank Fees,
Governor,"MARX, VICTOR",Republican,20.51,12/23/25,Winred Technical Services Llc,Arlington,VA,22203,Bank Fees,
Governor,"MARX, VICTOR",Republican,4.1,12/23/25,Winred Technical Services Llc,Arlington,VA,22203,Bank Fees,
Governor,"MARX, VICTOR",Republican,3.94,12/23/25,Winred Technical Services Llc,Arlington,VA,22203,Bank Fees,
Governor,"MARX, VICTOR",Republican,1.03,12/23/25,Winred Technical Services Llc,Arlington,VA,22203,Bank Fees,
Governor,"MARX, VICTOR",Republican,4.1,12/23/25,Winred Technical Services Llc,Arlington,VA,22203,Bank Fees,
Governor,"MARX, VICTOR",Republican,4.1,12/23/25,Winred Technical Services Llc,Arlington,VA,22203,Bank Fees,
Governor,"MARX, VICTOR",Republican,2.05,12/23/25,Winred Technical Services Llc,Arlington,VA,22203,Bank Fees,
Governor,"MARX, VICTOR",Republican,1.64,12/23/25,Winred Technical Services Llc,Arlington,VA,22203,Bank Fees,
Governor,"MARX, VICTOR",Republican,4.1,12/23/25,Winred Technical Services Llc,Arlington,VA,22203,Bank Fees,
Governor,"MARX, VICTOR",Republican,1.97,12/23/25,Winred Technical Services Llc,Arlington,VA,22203,Bank Fees,
Governor,"MARX, VICTOR",Republican,4.1,12/23/25,Winred Technical Services Llc,Arlington,VA,22203,Bank Fees,
Governor,"MARX, VICTOR",Republican,1.03,12/23/25,Winred Technical Services Llc,Arlington,VA,22203,Bank Fees,
Governor,"MARX, VICTOR",Republican,2.05,12/23/25,Winred Technical Services Llc,Arlington,VA,22203,Bank Fees,
Governor,"MARX, VICTOR",Republican,4.1,12/23/25,Winred Technical Services Llc,Arlington,VA,22203,Bank Fees,
Governor,"MARX, VICTOR",Republican,2.05,12/23/25,Winred Technical Services Llc,Arlington,VA,22203,Bank Fees,
Governor,"MARX, VICTOR",Republican,1.03,12/23/25,Winred Technical Services Llc,Arlington,VA,22203,Bank Fees,
Governor,"MARX, VICTOR",Republican,1.03,12/23/25,Winred Technical Services Llc,Arlington,VA,22203,Bank Fees,
Governor,"MARX, VICTOR",Republican,350,12/24/25,Wix,New York,NY,10014,Other,Website Fees
Governor,"MARX, VICTOR",Republican,277,12/24/25,The Ahbe Group Inc,Centennial,CO,80112,Other,Insurance
Governor,"MARX, VICTOR",Republican,76.95,12/24/25,Malia  Weaver,Colorado Springs,CO,80918,Other,Reimbursment For In Kind Donation Event Materials
Governor,"MARX, VICTOR",Republican,0.99,12/24/25,Winred Technical Services Llc,Arlington,VA,22203,Bank Fees,
Governor,"MARX, VICTOR",Republican,2.05,12/24/25,Winred Technical Services Llc,Arlington,VA,22203,Bank Fees,
Governor,"MARX, VICTOR",Republican,1.97,12/24/25,Winred Technical Services Llc,Arlington,VA,22203,Bank Fees,
Governor,"MARX, VICTOR",Republican,0.39,12/24/25,Winred Technical Services Llc,Arlington,VA,22203,Bank Fees,
Governor,"MARX, VICTOR",Republican,20.51,12/24/25,Winred Technical Services Llc,Arlington,VA,22203,Bank Fees,
Governor,"MARX, VICTOR",Republican,1.03,12/24/25,Winred Technical Services Llc,Arlington,VA,22203,Bank Fees,
Governor,"MARX, VICTOR",Republican,2.05,12/24/25,Winred Technical Services Llc,Arlington,VA,22203,Bank Fees,
Governor,"MARX, VICTOR",Republican,1.03,12/24/25,Winred Technical Services Llc,Arlington,VA,22203,Bank Fees,
Governor,"MARX, VICTOR",Republican,1.03,12/24/25,Winred Technical Services Llc,Arlington,VA,22203,Bank Fees,
Governor,"MARX, VICTOR",Republican,9.85,12/24/25,Winred Technical Services Llc,Arlington,VA,22203,Bank Fees,
Governor,"MARX, VICTOR",Republican,9.23,12/24/25,Winred Technical Services Llc,Arlington,VA,22203,Bank Fees,
Governor,"MARX, VICTOR",Republican,8.2,12/24/25,Winred Technical Services Llc,Arlington,VA,22203,Bank Fees,
Governor,"MARX, VICTOR",Republican,2.05,12/24/25,Winred Technical Services Llc,Arlington,VA,22203,Bank Fees,
Governor,"MARX, VICTOR",Republican,4.1,12/24/25,Winred Technical Services Llc,Arlington,VA,22203,Bank Fees,
Governor,"MARX, VICTOR",Republican,2.05,12/24/25,Winred Technical Services Llc,Arlington,VA,22203,Bank Fees,
Governor,"MARX, VICTOR",Republican,1.03,12/24/25,Winred Technical Services Llc,Arlington,VA,22203,Bank Fees,
Governor,"MARX, VICTOR",Republican,2.05,12/24/25,Winred Technical Services Llc,Arlington,VA,22203,Bank Fees,
Governor,"MARX, VICTOR",Republican,4.1,12/24/25,Winred Technical Services Llc,Arlington,VA,22203,Bank Fees,
Governor,"MARX, VICTOR",Republican,2.05,12/24/25,Winred Technical Services Llc,Arlington,VA,22203,Bank Fees,
Governor,"MARX, VICTOR",Republican,2.05,12/24/25,Winred Technical Services Llc,Arlington,VA,22203,Bank Fees,
Governor,"MARX, VICTOR",Republican,57.13,12/24/25,Winred Technical Services Llc,Arlington,VA,22203,Bank Fees,
Governor,"MARX, VICTOR",Republican,2.05,12/24/25,Winred Technical Services Llc,Arlington,VA,22203,Bank Fees,
Governor,"MARX, VICTOR",Republican,4.1,12/24/25,Winred Technical Services Llc,Arlington,VA,22203,Bank Fees,
Governor,"MARX, VICTOR",Republican,2.05,12/24/25,Winred Technical Services Llc,Arlington,VA,22203,Bank Fees,
Governor,"MARX, VICTOR",Republican,0.62,12/24/25,Winred Technical Services Llc,Arlington,VA,22203,Bank Fees,
Governor,"MARX, VICTOR",Republican,1.97,12/24/25,Winred Technical Services Llc,Arlington,VA,22203,Bank Fees,
Governor,"MARX, VICTOR",Republican,4.1,12/24/25,Winred Technical Services Llc,Arlington,VA,22203,Bank Fees,
Governor,"MARX, VICTOR",Republican,4.1,12/24/25,Winred Technical Services Llc,Arlington,VA,22203,Bank Fees,
Governor,"MARX, VICTOR",Republican,4.1,12/24/25,Winred Technical Services Llc,Arlington,VA,22203,Bank Fees,
Governor,"MARX, VICTOR",Republican,1.03,12/24/25,Winred Technical Services Llc,Arlington,VA,22203,Bank Fees,
Governor,"MARX, VICTOR",Republican,57.13,12/24/25,Winred Technical Services Llc,Arlington,VA,22203,Bank Fees,
Governor,"MARX, VICTOR",Republican,2.05,12/24/25,Winred Technical Services Llc,Arlington,VA,22203,Bank Fees,
Governor,"MARX, VICTOR",Republican,1.03,12/24/25,Winred Technical Services Llc,Arlington,VA,22203,Bank Fees,
Governor,"MARX, VICTOR",Republican,1.03,12/24/25,Winred Technical Services Llc,Arlington,VA,22203,Bank Fees,
Governor,"MARX, VICTOR",Republican,2.05,12/24/25,Winred Technical Services Llc,Arlington,VA,22203,Bank Fees,
Governor,"MARX, VICTOR",Republican,2.05,12/24/25,Winred Technical Services Llc,Arlington,VA,22203,Bank Fees,
Governor,"MARX, VICTOR",Republican,1.97,12/24/25,Winred Technical Services Llc,Arlington,VA,22203,Bank Fees,
Governor,"MARX, VICTOR",Republican,2.05,12/24/25,Winred Technical Services Llc,Arlington,VA,22203,Bank Fees,
Governor,"MARX, VICTOR",Republican,1.03,12/24/25,Winred Technical Services Llc,Arlington,VA,22203,Bank Fees,
Governor,"MARX, VICTOR",Republican,1.03,12/24/25,Winred Technical Services Llc,Arlington,VA,22203,Bank Fees,
Governor,"MARX, VICTOR",Republican,1.03,12/24/25,Winred Technical Services Llc,Arlington,VA,22203,Bank Fees,
Governor,"MARX, VICTOR",Republican,4.1,12/25/25,Winred Technical Services Llc,Arlington,VA,22203,Bank Fees,
Governor,"MARX, VICTOR",Republican,2.05,12/25/25,Winred Technical Services Llc,Arlington,VA,22203,Bank Fees,
Governor,"MARX, VICTOR",Republican,0.41,12/25/25,Winred Technical Services Llc,Arlington,VA,22203,Bank Fees,
Governor,"MARX, VICTOR",Republican,1.03,12/25/25,Winred Technical Services Llc,Arlington,VA,22203,Bank Fees,
Governor,"MARX, VICTOR",Republican,0.99,12/25/25,Winred Technical Services Llc,Arlington,VA,22203,Bank Fees,
Governor,"MARX, VICTOR",Republican,2.05,12/25/25,Winred Technical Services Llc,Arlington,VA,22203,Bank Fees,
Governor,"MARX, VICTOR",Republican,16.41,12/25/25,Winred Technical Services Llc,Arlington,VA,22203,Bank Fees,
Governor,"MARX, VICTOR",Republican,3.94,12/25/25,Winred Technical Services Llc,Arlington,VA,22203,Bank Fees,
Governor,"MARX, VICTOR",Republican,4.1,12/25/25,Winred Technical Services Llc,Arlington,VA,22203,Bank Fees,
Governor,"MARX, VICTOR",Republican,1.97,12/25/25,Winred Technical Services Llc,Arlington,VA,22203,Bank Fees,
Governor,"MARX, VICTOR",Republican,2.05,12/25/25,Winred Technical Services Llc,Arlington,VA,22203,Bank Fees,
Governor,"MARX, VICTOR",Republican,41.02,12/25/25,Winred Technical Services Llc,Arlington,VA,22203,Bank Fees,
Governor,"MARX, VICTOR",Republican,4.1,12/25/25,Winred Technical Services Llc,Arlington,VA,22203,Bank Fees,
Governor,"MARX, VICTOR",Republican,4.1,12/25/25,Winred Technical Services Llc,Arlington,VA,22203,Bank Fees,
Governor,"MARX, VICTOR",Republican,1.97,12/25/25,Winred Technical Services Llc,Arlington,VA,22203,Bank Fees,
Governor,"MARX, VICTOR",Republican,4.1,12/25/25,Winred Technical Services Llc,Arlington,VA,22203,Bank Fees,
Governor,"MARX, VICTOR",Republican,4.1,12/25/25,Winred Technical Services Llc,Arlington,VA,22203,Bank Fees,
Governor,"MARX, VICTOR",Republican,2.05,12/25/25,Winred Technical Services Llc,Arlington,VA,22203,Bank Fees,
Governor,"MARX, VICTOR",Republican,0.41,12/25/25,Winred Technical Services Llc,Arlington,VA,22203,Bank Fees,
Governor,"MARX, VICTOR",Republican,0.99,12/25/25,Winred Technical Services Llc,Arlington,VA,22203,Bank Fees,
Governor,"MARX, VICTOR",Republican,102.1,12/26/25,Office Depot,Colorado Springs,CO,80920,Other,Flyers
Governor,"MARX, VICTOR",Republican,4.1,12/26/25,Winred Technical Services Llc,Arlington,VA,22203,Bank Fees,
Governor,"MARX, VICTOR",Republican,1.03,12/26/25,Winred Technical Services Llc,Arlington,VA,22203,Bank Fees,
Governor,"MARX, VICTOR",Republican,2.05,12/26/25,Winred Technical Services Llc,Arlington,VA,22203,Bank Fees,
Governor,"MARX, VICTOR",Republican,2.05,12/26/25,Winred Technical Services Llc,Arlington,VA,22203,Bank Fees,
Governor,"MARX, VICTOR",Republican,2.05,12/26/25,Winred Technical Services Llc,Arlington,VA,22203,Bank Fees,
Governor,"MARX, VICTOR",Republican,1.03,12/26/25,Winred Technical Services Llc,Arlington,VA,22203,Bank Fees,
Governor,"MARX, VICTOR",Republican,4.1,12/26/25,Winred Technical Services Llc,Arlington,VA,22203,Bank Fees,
Governor,"MARX, VICTOR",Republican,3.94,12/26/25,Winred Technical Services Llc,Arlington,VA,22203,Bank Fees,
Governor,"MARX, VICTOR",Republican,20.51,12/26/25,Winred Technical Services Llc,Arlington,VA,22203,Bank Fees,
Governor,"MARX, VICTOR",Republican,2.05,12/26/25,Winred Technical Services Llc,Arlington,VA,22203,Bank Fees,
Governor,"MARX, VICTOR",Republican,0.2,12/26/25,Winred Technical Services Llc,Arlington,VA,22203,Bank Fees,
Governor,"MARX, VICTOR",Republican,1.03,12/26/25,Winred Technical Services Llc,Arlington,VA,22203,Bank Fees,
Governor,"MARX, VICTOR",Republican,0.99,12/26/25,Winred Technical Services Llc,Arlington,VA,22203,Bank Fees,
Governor,"MARX, VICTOR",Republican,0.41,12/26/25,Winred Technical Services Llc,Arlington,VA,22203,Bank Fees,
Governor,"MARX, VICTOR",Republican,1.03,12/26/25,Winred Technical Services Llc,Arlington,VA,22203,Bank Fees,
Governor,"MARX, VICTOR",Republican,0.41,12/26/25,Winred Technical Services Llc,Arlington,VA,22203,Bank Fees,
Governor,"MARX, VICTOR",Republican,1.03,12/26/25,Winred Technical Services Llc,Arlington,VA,22203,Bank Fees,
Governor,"MARX, VICTOR",Republican,1.03,12/26/25,Winred Technical Services Llc,Arlington,VA,22203,Bank Fees,
Governor,"MARX, VICTOR",Republican,2.05,12/26/25,Winred Technical Services Llc,Arlington,VA,22203,Bank Fees,
Governor,"MARX, VICTOR",Republican,0.99,12/26/25,Winred Technical Services Llc,Arlington,VA,22203,Bank Fees,
Governor,"MARX, VICTOR",Republican,4.1,12/26/25,Winred Technical Services Llc,Arlington,VA,22203,Bank Fees,
Governor,"MARX, VICTOR",Republican,2.05,12/26/25,Winred Technical Services Llc,Arlington,VA,22203,Bank Fees,
Governor,"MARX, VICTOR",Republican,2.05,12/26/25,Winred Technical Services Llc,Arlington,VA,22203,Bank Fees,
Governor,"MARX, VICTOR",Republican,3.94,12/26/25,Winred Technical Services Llc,Arlington,VA,22203,Bank Fees,
Governor,"MARX, VICTOR",Republican,4.1,12/26/25,Winred Technical Services Llc,Arlington,VA,22203,Bank Fees,
Governor,"MARX, VICTOR",Republican,0.41,12/26/25,Winred Technical Services Llc,Arlington,VA,22203,Bank Fees,
Governor,"MARX, VICTOR",Republican,0.41,12/26/25,Winred Technical Services Llc,Arlington,VA,22203,Bank Fees,
Governor,"MARX, VICTOR",Republican,1.03,12/26/25,Winred Technical Services Llc,Arlington,VA,22203,Bank Fees,
Governor,"MARX, VICTOR",Republican,20.65,12/26/25,Winred Technical Services Llc,Arlington,VA,22203,Other,Merchandise Shipping And Fees
Governor,"MARX, VICTOR",Republican,1.38,12/26/25,Winred Technical Services Llc,Arlington,VA,22203,Bank Fees,
Governor,"MARX, VICTOR",Republican,0.12,12/26/25,Winred Technical Services Llc,Arlington,VA,22203,Bank Fees,
Governor,"MARX, VICTOR",Republican,48.52,12/26/25,Winred Technical Services Llc,Arlington,VA,22203,Other,Merchandise Shipping And Fees
Governor,"MARX, VICTOR",Republican,0.41,12/26/25,Winred Technical Services Llc,Arlington,VA,22203,Bank Fees,
Governor,"MARX, VICTOR",Republican,4.92,12/26/25,Winred Technical Services Llc,Arlington,VA,22203,Bank Fees,
Governor,"MARX, VICTOR",Republican,10.25,12/26/25,Winred Technical Services Llc,Arlington,VA,22203,Bank Fees,
Governor,"MARX, VICTOR",Republican,4.1,12/26/25,Winred Technical Services Llc,Arlington,VA,22203,Bank Fees,
Governor,"MARX, VICTOR",Republican,4.1,12/26/25,Winred Technical Services Llc,Arlington,VA,22203,Bank Fees,
Governor,"MARX, VICTOR",Republican,9.85,12/26/25,Winred Technical Services Llc,Arlington,VA,22203,Bank Fees,
Governor,"MARX, VICTOR",Republican,1.03,12/26/25,Winred Technical Services Llc,Arlington,VA,22203,Bank Fees,
Governor,"MARX, VICTOR",Republican,2.05,12/26/25,Winred Technical Services Llc,Arlington,VA,22203,Bank Fees,
Governor,"MARX, VICTOR",Republican,1.23,12/26/25,Winred Technical Services Llc,Arlington,VA,22203,Bank Fees,
Governor,"MARX, VICTOR",Republican,0.39,12/26/25,Winred Technical Services Llc,Arlington,VA,22203,Bank Fees,
Governor,"MARX, VICTOR",Republican,4.1,12/26/25,Winred Technical Services Llc,Arlington,VA,22203,Bank Fees,
Governor,"MARX, VICTOR",Republican,2.05,12/26/25,Winred Technical Services Llc,Arlington,VA,22203,Bank Fees,
Governor,"MARX, VICTOR",Republican,2.05,12/26/25,Winred Technical Services Llc,Arlington,VA,22203,Bank Fees,
Governor,"MARX, VICTOR",Republican,2.05,12/26/25,Winred Technical Services Llc,Arlington,VA,22203,Bank Fees,
Governor,"MARX, VICTOR",Republican,1.03,12/26/25,Winred Technical Services Llc,Arlington,VA,22203,Bank Fees,
Governor,"MARX, VICTOR",Republican,39.4,12/26/25,Winred Technical Services Llc,Arlington,VA,22203,Bank Fees,
Governor,"MARX, VICTOR",Republican,1.03,12/26/25,Winred Technical Services Llc,Arlington,VA,22203,Bank Fees,
Governor,"MARX, VICTOR",Republican,2.05,12/26/25,Winred Technical Services Llc,Arlington,VA,22203,Bank Fees,
Governor,"MARX, VICTOR",Republican,4.1,12/27/25,Winred Technical Services Llc,Arlington,VA,22203,Bank Fees,
Governor,"MARX, VICTOR",Republican,2.05,12/27/25,Winred Technical Services Llc,Arlington,VA,22203,Bank Fees,
Governor,"MARX, VICTOR",Republican,1.03,12/27/25,Winred Technical Services Llc,Arlington,VA,22203,Bank Fees,
Governor,"MARX, VICTOR",Republican,0.62,12/27/25,Winred Technical Services Llc,Arlington,VA,22203,Bank Fees,
Governor,"MARX, VICTOR",Republican,1.03,12/27/25,Winred Technical Services Llc,Arlington,VA,22203,Bank Fees,
Governor,"MARX, VICTOR",Republican,4.1,12/27/25,Winred Technical Services Llc,Arlington,VA,22203,Bank Fees,
Governor,"MARX, VICTOR",Republican,3.94,12/27/25,Winred Technical Services Llc,Arlington,VA,22203,Bank Fees,
Governor,"MARX, VICTOR",Republican,4.1,12/27/25,Winred Technical Services Llc,Arlington,VA,22203,Bank Fees,
Governor,"MARX, VICTOR",Republican,4.1,12/27/25,Winred Technical Services Llc,Arlington,VA,22203,Bank Fees,
Governor,"MARX, VICTOR",Republican,2.05,12/27/25,Winred Technical Services Llc,Arlington,VA,22203,Bank Fees,
Governor,"MARX, VICTOR",Republican,1.97,12/27/25,Winred Technical Services Llc,Arlington,VA,22203,Bank Fees,
Governor,"MARX, VICTOR",Republican,2.05,12/27/25,Winred Technical Services Llc,Arlington,VA,22203,Bank Fees,
Governor,"MARX, VICTOR",Republican,2.05,12/27/25,Winred Technical Services Llc,Arlington,VA,22203,Bank Fees,
Governor,"MARX, VICTOR",Republican,1.03,12/27/25,Winred Technical Services Llc,Arlington,VA,22203,Bank Fees,
Governor,"MARX, VICTOR",Republican,20.51,12/27/25,Winred Technical Services Llc,Arlington,VA,22203,Bank Fees,
Governor,"MARX, VICTOR",Republican,0.99,12/27/25,Winred Technical Services Llc,Arlington,VA,22203,Bank Fees,
Governor,"MARX, VICTOR",Republican,0.99,12/27/25,Winred Technical Services Llc,Arlington,VA,22203,Bank Fees,
Governor,"MARX, VICTOR",Republican,0.21,12/27/25,Winred Technical Services Llc,Arlington,VA,22203,Bank Fees,
Governor,"MARX, VICTOR",Republican,0.49,12/27/25,Winred Technical Services Llc,Arlington,VA,22203,Bank Fees,
Governor,"MARX, VICTOR",Republican,2.05,12/27/25,Winred Technical Services Llc,Arlington,VA,22203,Bank Fees,
Governor,"MARX, VICTOR",Republican,1.03,12/27/25,Winred Technical Services Llc,Arlington,VA,22203,Bank Fees,
Governor,"MARX, VICTOR",Republican,9.85,12/27/25,Winred Technical Services Llc,Arlington,VA,22203,Bank Fees,
Governor,"MARX, VICTOR",Republican,0.41,12/27/25,Winred Technical Services Llc,Arlington,VA,22203,Bank Fees,
Governor,"MARX, VICTOR",Republican,0.98,12/27/25,Winred Technical Services Llc,Arlington,VA,22203,Bank Fees,
Governor,"MARX, VICTOR",Republican,4.1,12/27/25,Winred Technical Services Llc,Arlington,VA,22203,Bank Fees,
Governor,"MARX, VICTOR",Republican,4.1,12/27/25,Winred Technical Services Llc,Arlington,VA,22203,Bank Fees,
Governor,"MARX, VICTOR",Republican,1.03,12/27/25,Winred Technical Services Llc,Arlington,VA,22203,Bank Fees,
Governor,"MARX, VICTOR",Republican,2.05,12/27/25,Winred Technical Services Llc,Arlington,VA,22203,Bank Fees,
Governor,"MARX, VICTOR",Republican,15.06,12/27/25,Winred Technical Services Llc,Arlington,VA,22203,Other,Merchandise Shipping And Fees
Governor,"MARX, VICTOR",Republican,1.03,12/27/25,Winred Technical Services Llc,Arlington,VA,22203,Bank Fees,
Governor,"MARX, VICTOR",Republican,1.03,12/27/25,Winred Technical Services Llc,Arlington,VA,22203,Bank Fees,
Governor,"MARX, VICTOR",Republican,4.1,12/27/25,Winred Technical Services Llc,Arlington,VA,22203,Bank Fees,
Governor,"MARX, VICTOR",Republican,4.1,12/27/25,Winred Technical Services Llc,Arlington,VA,22203,Bank Fees,
Governor,"MARX, VICTOR",Republican,2.05,12/27/25,Winred Technical Services Llc,Arlington,VA,22203,Bank Fees,
Governor,"MARX, VICTOR",Republican,0.79,12/27/25,Winred Technical Services Llc,Arlington,VA,22203,Bank Fees,
Governor,"MARX, VICTOR",Republican,2.05,12/27/25,Winred Technical Services Llc,Arlington,VA,22203,Bank Fees,
Governor,"MARX, VICTOR",Republican,2.05,12/27/25,Winred Technical Services Llc,Arlington,VA,22203,Bank Fees,
Governor,"MARX, VICTOR",Republican,2.05,12/27/25,Winred Technical Services Llc,Arlington,VA,22203,Bank Fees,
Governor,"MARX, VICTOR",Republican,41.02,12/27/25,Winred Technical Services Llc,Arlington,VA,22203,Bank Fees,
Governor,"MARX, VICTOR",Republican,3.94,12/27/25,Winred Technical Services Llc,Arlington,VA,22203,Bank Fees,
Governor,"MARX, VICTOR",Republican,2.05,12/27/25,Winred Technical Services Llc,Arlington,VA,22203,Bank Fees,
Governor,"MARX, VICTOR",Republican,1.03,12/27/25,Winred Technical Services Llc,Arlington,VA,22203,Bank Fees,
Governor,"MARX, VICTOR",Republican,4.1,12/27/25,Winred Technical Services Llc,Arlington,VA,22203,Bank Fees,
Governor,"MARX, VICTOR",Republican,1.03,12/27/25,Winred Technical Services Llc,Arlington,VA,22203,Bank Fees,
Governor,"MARX, VICTOR",Republican,2.05,12/27/25,Winred Technical Services Llc,Arlington,VA,22203,Bank Fees,
Governor,"MARX, VICTOR",Republican,2.05,12/27/25,Winred Technical Services Llc,Arlington,VA,22203,Bank Fees,
Governor,"MARX, VICTOR",Republican,4.1,12/27/25,Winred Technical Services Llc,Arlington,VA,22203,Bank Fees,
Governor,"MARX, VICTOR",Republican,3.94,12/27/25,Winred Technical Services Llc,Arlington,VA,22203,Bank Fees,
Governor,"MARX, VICTOR",Republican,1.03,12/27/25,Winred Technical Services Llc,Arlington,VA,22203,Bank Fees,
Governor,"MARX, VICTOR",Republican,1.03,12/27/25,Winred Technical Services Llc,Arlington,VA,22203,Bank Fees,
Governor,"MARX, VICTOR",Republican,1.44,12/27/25,Winred Technical Services Llc,Arlington,VA,22203,Bank Fees,
Governor,"MARX, VICTOR",Republican,1.44,12/27/25,Winred Technical Services Llc,Arlington,VA,22203,Bank Fees,
Governor,"MARX, VICTOR",Republican,20.51,12/27/25,Winred Technical Services Llc,Arlington,VA,22203,Bank Fees,
Governor,"MARX, VICTOR",Republican,2.05,12/27/25,Winred Technical Services Llc,Arlington,VA,22203,Bank Fees,
Governor,"MARX, VICTOR",Republican,4.1,12/27/25,Winred Technical Services Llc,Arlington,VA,22203,Bank Fees,
Governor,"MARX, VICTOR",Republican,2.05,12/27/25,Winred Technical Services Llc,Arlington,VA,22203,Bank Fees,
Governor,"MARX, VICTOR",Republican,4.1,12/27/25,Winred Technical Services Llc,Arlington,VA,22203,Bank Fees,
Governor,"MARX, VICTOR",Republican,4.1,12/27/25,Winred Technical Services Llc,Arlington,VA,22203,Bank Fees,
Governor,"MARX, VICTOR",Republican,9.85,12/27/25,Winred Technical Services Llc,Arlington,VA,22203,Bank Fees,
Governor,"MARX, VICTOR",Republican,2.05,12/27/25,Winred Technical Services Llc,Arlington,VA,22203,Bank Fees,
Governor,"MARX, VICTOR",Republican,2.05,12/27/25,Winred Technical Services Llc,Arlington,VA,22203,Bank Fees,
Governor,"MARX, VICTOR",Republican,0.39,12/27/25,Winred Technical Services Llc,Arlington,VA,22203,Bank Fees,
Governor,"MARX, VICTOR",Republican,3.94,12/27/25,Winred Technical Services Llc,Arlington,VA,22203,Bank Fees,
Governor,"MARX, VICTOR",Republican,1.03,12/27/25,Winred Technical Services Llc,Arlington,VA,22203,Bank Fees,
Governor,"MARX, VICTOR",Republican,2.05,12/27/25,Winred Technical Services Llc,Arlington,VA,22203,Bank Fees,
Governor,"MARX, VICTOR",Republican,1.97,12/27/25,Winred Technical Services Llc,Arlington,VA,22203,Bank Fees,
Governor,"MARX, VICTOR",Republican,4.1,12/27/25,Winred Technical Services Llc,Arlington,VA,22203,Bank Fees,
Governor,"MARX, VICTOR",Republican,0.99,12/27/25,Winred Technical Services Llc,Arlington,VA,22203,Bank Fees,
Governor,"MARX, VICTOR",Republican,1.03,12/27/25,Winred Technical Services Llc,Arlington,VA,22203,Bank Fees,
Governor,"MARX, VICTOR",Republican,0.82,12/27/25,Winred Technical Services Llc,Arlington,VA,22203,Bank Fees,
Governor,"MARX, VICTOR",Republican,4.1,12/27/25,Winred Technical Services Llc,Arlington,VA,22203,Bank Fees,
Governor,"MARX, VICTOR",Republican,1.03,12/27/25,Winred Technical Services Llc,Arlington,VA,22203,Bank Fees,
Governor,"MARX, VICTOR",Republican,1.03,12/27/25,Winred Technical Services Llc,Arlington,VA,22203,Bank Fees,
Governor,"MARX, VICTOR",Republican,41.02,12/27/25,Winred Technical Services Llc,Arlington,VA,22203,Bank Fees,
Governor,"MARX, VICTOR",Republican,22.73,12/27/25,Winred Technical Services Llc,Arlington,VA,22203,Other,Merchandise Shipping And Fees
Governor,"MARX, VICTOR",Republican,2.05,12/27/25,Winred Technical Services Llc,Arlington,VA,22203,Bank Fees,
Governor,"MARX, VICTOR",Republican,4.1,12/27/25,Winred Technical Services Llc,Arlington,VA,22203,Bank Fees,
Governor,"MARX, VICTOR",Republican,2.05,12/27/25,Winred Technical Services Llc,Arlington,VA,22203,Bank Fees,
Governor,"MARX, VICTOR",Republican,2.05,12/27/25,Winred Technical Services Llc,Arlington,VA,22203,Bank Fees,
Governor,"MARX, VICTOR",Republican,2.05,12/27/25,Winred Technical Services Llc,Arlington,VA,22203,Bank Fees,
Governor,"MARX, VICTOR",Republican,2.05,12/27/25,Winred Technical Services Llc,Arlington,VA,22203,Bank Fees,
Governor,"MARX, VICTOR",Republican,0.39,12/27/25,Winred Technical Services Llc,Arlington,VA,22203,Bank Fees,
Governor,"MARX, VICTOR",Republican,1.03,12/27/25,Winred Technical Services Llc,Arlington,VA,22203,Bank Fees,
Governor,"MARX, VICTOR",Republican,4.1,12/27/25,Winred Technical Services Llc,Arlington,VA,22203,Bank Fees,
Governor,"MARX, VICTOR",Republican,4.1,12/27/25,Winred Technical Services Llc,Arlington,VA,22203,Bank Fees,
Governor,"MARX, VICTOR",Republican,4.1,12/27/25,Winred Technical Services Llc,Arlington,VA,22203,Bank Fees,
Governor,"MARX, VICTOR",Republican,2.05,12/27/25,Winred Technical Services Llc,Arlington,VA,22203,Bank Fees,
Governor,"MARX, VICTOR",Republican,1.03,12/27/25,Winred Technical Services Llc,Arlington,VA,22203,Bank Fees,
Governor,"MARX, VICTOR",Republican,2.05,12/27/25,Winred Technical Services Llc,Arlington,VA,22203,Bank Fees,
Governor,"MARX, VICTOR",Republican,1.03,12/27/25,Winred Technical Services Llc,Arlington,VA,22203,Bank Fees,
Governor,"MARX, VICTOR",Republican,20.51,12/27/25,Winred Technical Services Llc,Arlington,VA,22203,Bank Fees,
Governor,"MARX, VICTOR",Republican,2.05,12/27/25,Winred Technical Services Llc,Arlington,VA,22203,Bank Fees,
Governor,"MARX, VICTOR",Republican,2.05,12/27/25,Winred Technical Services Llc,Arlington,VA,22203,Bank Fees,
Governor,"MARX, VICTOR",Republican,9.85,12/27/25,Winred Technical Services Llc,Arlington,VA,22203,Bank Fees,
Governor,"MARX, VICTOR",Republican,1.03,12/27/25,Winred Technical Services Llc,Arlington,VA,22203,Bank Fees,
Governor,"MARX, VICTOR",Republican,32.81,12/27/25,Winred Technical Services Llc,Arlington,VA,22203,Bank Fees,
Governor,"MARX, VICTOR",Republican,2.05,12/27/25,Winred Technical Services Llc,Arlington,VA,22203,Bank Fees,
Governor,"MARX, VICTOR",Republican,4.1,12/27/25,Winred Technical Services Llc,Arlington,VA,22203,Bank Fees,
Governor,"MARX, VICTOR",Republican,1.03,12/27/25,Winred Technical Services Llc,Arlington,VA,22203,Bank Fees,
Governor,"MARX, VICTOR",Republican,2.05,12/27/25,Winred Technical Services Llc,Arlington,VA,22203,Bank Fees,
Governor,"MARX, VICTOR",Republican,4.1,12/27/25,Winred Technical Services Llc,Arlington,VA,22203,Bank Fees,
Governor,"MARX, VICTOR",Republican,1.97,12/27/25,Winred Technical Services Llc,Arlington,VA,22203,Bank Fees,
Governor,"MARX, VICTOR",Republican,4.1,12/27/25,Winred Technical Services Llc,Arlington,VA,22203,Bank Fees,
Governor,"MARX, VICTOR",Republican,1.03,12/27/25,Winred Technical Services Llc,Arlington,VA,22203,Bank Fees,
Governor,"MARX, VICTOR",Republican,2.05,12/27/25,Winred Technical Services Llc,Arlington,VA,22203,Bank Fees,
Governor,"MARX, VICTOR",Republican,4.1,12/27/25,Winred Technical Services Llc,Arlington,VA,22203,Bank Fees,
Governor,"MARX, VICTOR",Republican,2.05,12/27/25,Winred Technical Services Llc,Arlington,VA,22203,Bank Fees,
Governor,"MARX, VICTOR",Republican,0.82,12/27/25,Winred Technical Services Llc,Arlington,VA,22203,Bank Fees,
Governor,"MARX, VICTOR",Republican,10.25,12/27/25,Winred Technical Services Llc,Arlington,VA,22203,Bank Fees,
Governor,"MARX, VICTOR",Republican,2.05,12/27/25,Winred Technical Services Llc,Arlington,VA,22203,Bank Fees,
Governor,"MARX, VICTOR",Republican,57.13,12/27/25,Winred Technical Services Llc,Arlington,VA,22203,Bank Fees,
Governor,"MARX, VICTOR",Republican,4.1,12/27/25,Winred Technical Services Llc,Arlington,VA,22203,Bank Fees,
Governor,"MARX, VICTOR",Republican,2.05,12/27/25,Winred Technical Services Llc,Arlington,VA,22203,Bank Fees,
Governor,"MARX, VICTOR",Republican,3.94,12/27/25,Winred Technical Services Llc,Arlington,VA,22203,Bank Fees,
Governor,"MARX, VICTOR",Republican,2.05,12/27/25,Winred Technical Services Llc,Arlington,VA,22203,Bank Fees,
Governor,"MARX, VICTOR",Republican,4.1,12/27/25,Winred Technical Services Llc,Arlington,VA,22203,Bank Fees,
Governor,"MARX, VICTOR",Republican,1.03,12/27/25,Winred Technical Services Llc,Arlington,VA,22203,Bank Fees,
Governor,"MARX, VICTOR",Republican,20.51,12/27/25,Winred Technical Services Llc,Arlington,VA,22203,Bank Fees,
Governor,"MARX, VICTOR",Republican,2.05,12/27/25,Winred Technical Services Llc,Arlington,VA,22203,Bank Fees,
Governor,"MARX, VICTOR",Republican,20.51,12/27/25,Winred Technical Services Llc,Arlington,VA,22203,Bank Fees,
Governor,"MARX, VICTOR",Republican,0.82,12/27/25,Winred Technical Services Llc,Arlington,VA,22203,Bank Fees,
Governor,"MARX, VICTOR",Republican,1.03,12/27/25,Winred Technical Services Llc,Arlington,VA,22203,Bank Fees,
Governor,"MARX, VICTOR",Republican,20.51,12/27/25,Winred Technical Services Llc,Arlington,VA,22203,Bank Fees,
Governor,"MARX, VICTOR",Republican,1.03,12/27/25,Winred Technical Services Llc,Arlington,VA,22203,Bank Fees,
Governor,"MARX, VICTOR",Republican,2.05,12/27/25,Winred Technical Services Llc,Arlington,VA,22203,Bank Fees,
Governor,"MARX, VICTOR",Republican,14.52,12/27/25,Winred Technical Services Llc,Arlington,VA,22203,Bank Fees,
Governor,"MARX, VICTOR",Republican,4.1,12/27/25,Winred Technical Services Llc,Arlington,VA,22203,Bank Fees,
Governor,"MARX, VICTOR",Republican,4.1,12/27/25,Winred Technical Services Llc,Arlington,VA,22203,Bank Fees,
Governor,"MARX, VICTOR",Republican,1.03,12/27/25,Winred Technical Services Llc,Arlington,VA,22203,Bank Fees,
Governor,"MARX, VICTOR",Republican,0.62,12/27/25,Winred Technical Services Llc,Arlington,VA,22203,Bank Fees,
Governor,"MARX, VICTOR",Republican,2.05,12/27/25,Winred Technical Services Llc,Arlington,VA,22203,Bank Fees,
Governor,"MARX, VICTOR",Republican,4.1,12/27/25,Winred Technical Services Llc,Arlington,VA,22203,Bank Fees,
Governor,"MARX, VICTOR",Republican,0.41,12/27/25,Winred Technical Services Llc,Arlington,VA,22203,Bank Fees,
Governor,"MARX, VICTOR",Republican,1.03,12/27/25,Winred Technical Services Llc,Arlington,VA,22203,Bank Fees,
Governor,"MARX, VICTOR",Republican,0.99,12/27/25,Winred Technical Services Llc,Arlington,VA,22203,Bank Fees,
Governor,"MARX, VICTOR",Republican,0.62,12/27/25,Winred Technical Services Llc,Arlington,VA,22203,Bank Fees,
Governor,"MARX, VICTOR",Republican,1.03,12/27/25,Winred Technical Services Llc,Arlington,VA,22203,Bank Fees,
Governor,"MARX, VICTOR",Republican,1.03,12/27/25,Winred Technical Services Llc,Arlington,VA,22203,Bank Fees,
Governor,"MARX, VICTOR",Republican,4.1,12/27/25,Winred Technical Services Llc,Arlington,VA,22203,Bank Fees,
Governor,"MARX, VICTOR",Republican,9.85,12/27/25,Winred Technical Services Llc,Arlington,VA,22203,Bank Fees,
Governor,"MARX, VICTOR",Republican,4.1,12/27/25,Winred Technical Services Llc,Arlington,VA,22203,Bank Fees,
Governor,"MARX, VICTOR",Republican,41.02,12/27/25,Winred Technical Services Llc,Arlington,VA,22203,Bank Fees,
Governor,"MARX, VICTOR",Republican,4.1,12/27/25,Winred Technical Services Llc,Arlington,VA,22203,Bank Fees,
Governor,"MARX, VICTOR",Republican,2.05,12/27/25,Winred Technical Services Llc,Arlington,VA,22203,Bank Fees,
Governor,"MARX, VICTOR",Republican,8.2,12/27/25,Winred Technical Services Llc,Arlington,VA,22203,Bank Fees,
Governor,"MARX, VICTOR",Republican,1.03,12/27/25,Winred Technical Services Llc,Arlington,VA,22203,Bank Fees,
Governor,"MARX, VICTOR",Republican,2.76,12/27/25,Winred Technical Services Llc,Arlington,VA,22203,Bank Fees,
Governor,"MARX, VICTOR",Republican,0.41,12/27/25,Winred Technical Services Llc,Arlington,VA,22203,Bank Fees,
Governor,"MARX, VICTOR",Republican,2.05,12/27/25,Winred Technical Services Llc,Arlington,VA,22203,Bank Fees,
Governor,"MARX, VICTOR",Republican,1.03,12/27/25,Winred Technical Services Llc,Arlington,VA,22203,Bank Fees,
Governor,"MARX, VICTOR",Republican,1.97,12/27/25,Winred Technical Services Llc,Arlington,VA,22203,Bank Fees,
Governor,"MARX, VICTOR",Republican,1.03,12/27/25,Winred Technical Services Llc,Arlington,VA,22203,Bank Fees,
Governor,"MARX, VICTOR",Republican,2.05,12/27/25,Winred Technical Services Llc,Arlington,VA,22203,Bank Fees,
Governor,"MARX, VICTOR",Republican,4.1,12/27/25,Winred Technical Services Llc,Arlington,VA,22203,Bank Fees,
Governor,"MARX, VICTOR",Republican,4.1,12/27/25,Winred Technical Services Llc,Arlington,VA,22203,Bank Fees,
Governor,"MARX, VICTOR",Republican,4.1,12/27/25,Winred Technical Services Llc,Arlington,VA,22203,Bank Fees,
Governor,"MARX, VICTOR",Republican,1.97,12/27/25,Winred Technical Services Llc,Arlington,VA,22203,Bank Fees,
Governor,"MARX, VICTOR",Republican,2.46,12/27/25,Winred Technical Services Llc,Arlington,VA,22203,Bank Fees,
Governor,"MARX, VICTOR",Republican,2.05,12/27/25,Winred Technical Services Llc,Arlington,VA,22203,Bank Fees,
Governor,"MARX, VICTOR",Republican,1.03,12/27/25,Winred Technical Services Llc,Arlington,VA,22203,Bank Fees,
Governor,"MARX, VICTOR",Republican,2.05,12/27/25,Winred Technical Services Llc,Arlington,VA,22203,Bank Fees,
Governor,"MARX, VICTOR",Republican,2.05,12/27/25,Winred Technical Services Llc,Arlington,VA,22203,Bank Fees,
Governor,"MARX, VICTOR",Republican,2.05,12/27/25,Winred Technical Services Llc,Arlington,VA,22203,Bank Fees,
Governor,"MARX, VICTOR",Republican,57.13,12/27/25,Winred Technical Services Llc,Arlington,VA,22203,Bank Fees,
Governor,"MARX, VICTOR",Republican,1.03,12/27/25,Winred Technical Services Llc,Arlington,VA,22203,Bank Fees,
Governor,"MARX, VICTOR",Republican,2.05,12/27/25,Winred Technical Services Llc,Arlington,VA,22203,Bank Fees,
Governor,"MARX, VICTOR",Republican,4.1,12/27/25,Winred Technical Services Llc,Arlington,VA,22203,Bank Fees,
Governor,"MARX, VICTOR",Republican,41.02,12/27/25,Winred Technical Services Llc,Arlington,VA,22203,Bank Fees,
Governor,"MARX, VICTOR",Republican,4.1,12/27/25,Winred Technical Services Llc,Arlington,VA,22203,Bank Fees,
Governor,"MARX, VICTOR",Republican,1.03,12/27/25,Winred Technical Services Llc,Arlington,VA,22203,Bank Fees,
Governor,"MARX, VICTOR",Republican,4.1,12/27/25,Winred Technical Services Llc,Arlington,VA,22203,Bank Fees,
Governor,"MARX, VICTOR",Republican,1.03,12/27/25,Winred Technical Services Llc,Arlington,VA,22203,Bank Fees,
Governor,"MARX, VICTOR",Republican,57.13,12/27/25,Winred Technical Services Llc,Arlington,VA,22203,Bank Fees,
Governor,"MARX, VICTOR",Republican,1.03,12/27/25,Winred Technical Services Llc,Arlington,VA,22203,Bank Fees,
Governor,"MARX, VICTOR",Republican,2.05,12/27/25,Winred Technical Services Llc,Arlington,VA,22203,Bank Fees,
Governor,"MARX, VICTOR",Republican,2.05,12/27/25,Winred Technical Services Llc,Arlington,VA,22203,Bank Fees,
Governor,"MARX, VICTOR",Republican,4.1,12/27/25,Winred Technical Services Llc,Arlington,VA,22203,Bank Fees,
Governor,"MARX, VICTOR",Republican,1.03,12/27/25,Winred Technical Services Llc,Arlington,VA,22203,Bank Fees,
Governor,"MARX, VICTOR",Republican,1.03,12/27/25,Winred Technical Services Llc,Arlington,VA,22203,Bank Fees,
Governor,"MARX, VICTOR",Republican,1.03,12/27/25,Winred Technical Services Llc,Arlington,VA,22203,Bank Fees,
Governor,"MARX, VICTOR",Republican,4.1,12/27/25,Winred Technical Services Llc,Arlington,VA,22203,Bank Fees,
Governor,"MARX, VICTOR",Republican,1.03,12/27/25,Winred Technical Services Llc,Arlington,VA,22203,Bank Fees,
Governor,"MARX, VICTOR",Republican,20.51,12/27/25,Winred Technical Services Llc,Arlington,VA,22203,Bank Fees,
Governor,"MARX, VICTOR",Republican,1.03,12/27/25,Winred Technical Services Llc,Arlington,VA,22203,Bank Fees,
Governor,"MARX, VICTOR",Republican,3.94,12/27/25,Winred Technical Services Llc,Arlington,VA,22203,Bank Fees,
Governor,"MARX, VICTOR",Republican,1.03,12/27/25,Winred Technical Services Llc,Arlington,VA,22203,Bank Fees,
Governor,"MARX, VICTOR",Republican,3.94,12/27/25,Winred Technical Services Llc,Arlington,VA,22203,Bank Fees,
Governor,"MARX, VICTOR",Republican,1.03,12/27/25,Winred Technical Services Llc,Arlington,VA,22203,Bank Fees,
Governor,"MARX, VICTOR",Republican,1.03,12/27/25,Winred Technical Services Llc,Arlington,VA,22203,Bank Fees,
Governor,"MARX, VICTOR",Republican,2.05,12/27/25,Winred Technical Services Llc,Arlington,VA,22203,Bank Fees,
Governor,"MARX, VICTOR",Republican,4.1,12/27/25,Winred Technical Services Llc,Arlington,VA,22203,Bank Fees,
Governor,"MARX, VICTOR",Republican,0.82,12/27/25,Winred Technical Services Llc,Arlington,VA,22203,Bank Fees,
Governor,"MARX, VICTOR",Republican,4.1,12/27/25,Winred Technical Services Llc,Arlington,VA,22203,Bank Fees,
Governor,"MARX, VICTOR",Republican,2.05,12/27/25,Winred Technical Services Llc,Arlington,VA,22203,Bank Fees,
Governor,"MARX, VICTOR",Republican,1.03,12/27/25,Winred Technical Services Llc,Arlington,VA,22203,Bank Fees,
Governor,"MARX, VICTOR",Republican,1.03,12/27/25,Winred Technical Services Llc,Arlington,VA,22203,Bank Fees,
Governor,"MARX, VICTOR",Republican,2.05,12/27/25,Winred Technical Services Llc,Arlington,VA,22203,Bank Fees,
Governor,"MARX, VICTOR",Republican,2.05,12/27/25,Winred Technical Services Llc,Arlington,VA,22203,Bank Fees,
Governor,"MARX, VICTOR",Republican,1.03,12/27/25,Winred Technical Services Llc,Arlington,VA,22203,Bank Fees,
Governor,"MARX, VICTOR",Republican,4.1,12/27/25,Winred Technical Services Llc,Arlington,VA,22203,Bank Fees,
Governor,"MARX, VICTOR",Republican,1.03,12/27/25,Winred Technical Services Llc,Arlington,VA,22203,Bank Fees,
Governor,"MARX, VICTOR",Republican,4.1,12/27/25,Winred Technical Services Llc,Arlington,VA,22203,Bank Fees,
Governor,"MARX, VICTOR",Republican,4.1,12/27/25,Winred Technical Services Llc,Arlington,VA,22203,Bank Fees,
Governor,"MARX, VICTOR",Republican,0.99,12/27/25,Winred Technical Services Llc,Arlington,VA,22203,Bank Fees,
Governor,"MARX, VICTOR",Republican,4.1,12/27/25,Winred Technical Services Llc,Arlington,VA,22203,Bank Fees,
Governor,"MARX, VICTOR",Republican,0.99,12/27/25,Winred Technical Services Llc,Arlington,VA,22203,Bank Fees,
Governor,"MARX, VICTOR",Republican,2.05,12/27/25,Winred Technical Services Llc,Arlington,VA,22203,Bank Fees,
Governor,"MARX, VICTOR",Republican,1.03,12/27/25,Winred Technical Services Llc,Arlington,VA,22203,Bank Fees,
Governor,"MARX, VICTOR",Republican,0.21,12/27/25,Winred Technical Services Llc,Arlington,VA,22203,Bank Fees,
Governor,"MARX, VICTOR",Republican,3.94,12/27/25,Winred Technical Services Llc,Arlington,VA,22203,Bank Fees,
Governor,"MARX, VICTOR",Republican,1.03,12/28/25,Winred Technical Services Llc,Arlington,VA,22203,Bank Fees,
Governor,"MARX, VICTOR",Republican,2.05,12/28/25,Winred Technical Services Llc,Arlington,VA,22203,Bank Fees,
Governor,"MARX, VICTOR",Republican,4.1,12/28/25,Winred Technical Services Llc,Arlington,VA,22203,Bank Fees,
Governor,"MARX, VICTOR",Republican,2.05,12/28/25,Winred Technical Services Llc,Arlington,VA,22203,Bank Fees,
Governor,"MARX, VICTOR",Republican,1.03,12/28/25,Winred Technical Services Llc,Arlington,VA,22203,Bank Fees,
Governor,"MARX, VICTOR",Republican,2.05,12/28/25,Winred Technical Services Llc,Arlington,VA,22203,Bank Fees,
Governor,"MARX, VICTOR",Republican,1.03,12/28/25,Winred Technical Services Llc,Arlington,VA,22203,Bank Fees,
Governor,"MARX, VICTOR",Republican,2.05,12/28/25,Winred Technical Services Llc,Arlington,VA,22203,Bank Fees,
Governor,"MARX, VICTOR",Republican,4.1,12/28/25,Winred Technical Services Llc,Arlington,VA,22203,Bank Fees,
Governor,"MARX, VICTOR",Republican,10.25,12/28/25,Winred Technical Services Llc,Arlington,VA,22203,Bank Fees,
Governor,"MARX, VICTOR",Republican,1.03,12/28/25,Winred Technical Services Llc,Arlington,VA,22203,Bank Fees,
Governor,"MARX, VICTOR",Republican,4.1,12/28/25,Winred Technical Services Llc,Arlington,VA,22203,Bank Fees,
Governor,"MARX, VICTOR",Republican,10.25,12/28/25,Winred Technical Services Llc,Arlington,VA,22203,Bank Fees,
Governor,"MARX, VICTOR",Republican,1.03,12/28/25,Winred Technical Services Llc,Arlington,VA,22203,Bank Fees,
Governor,"MARX, VICTOR",Republican,4.1,12/28/25,Winred Technical Services Llc,Arlington,VA,22203,Bank Fees,
Governor,"MARX, VICTOR",Republican,4.1,12/28/25,Winred Technical Services Llc,Arlington,VA,22203,Bank Fees,
Governor,"MARX, VICTOR",Republican,1.03,12/28/25,Winred Technical Services Llc,Arlington,VA,22203,Bank Fees,
Governor,"MARX, VICTOR",Republican,3.94,12/28/25,Winred Technical Services Llc,Arlington,VA,22203,Bank Fees,
Governor,"MARX, VICTOR",Republican,21.42,12/28/25,Winred Technical Services Llc,Arlington,VA,22203,Other,Merchandise Shipping And Fees
Governor,"MARX, VICTOR",Republican,4.1,12/28/25,Winred Technical Services Llc,Arlington,VA,22203,Bank Fees,
Governor,"MARX, VICTOR",Republican,4.1,12/28/25,Winred Technical Services Llc,Arlington,VA,22203,Bank Fees,
Governor,"MARX, VICTOR",Republican,1.03,12/28/25,Winred Technical Services Llc,Arlington,VA,22203,Bank Fees,
Governor,"MARX, VICTOR",Republican,4.1,12/28/25,Winred Technical Services Llc,Arlington,VA,22203,Bank Fees,
Governor,"MARX, VICTOR",Republican,3.94,12/28/25,Winred Technical Services Llc,Arlington,VA,22203,Bank Fees,
Governor,"MARX, VICTOR",Republican,3.94,12/28/25,Winred Technical Services Llc,Arlington,VA,22203,Bank Fees,
Governor,"MARX, VICTOR",Republican,0.41,12/28/25,Winred Technical Services Llc,Arlington,VA,22203,Bank Fees,
Governor,"MARX, VICTOR",Republican,2.05,12/28/25,Winred Technical Services Llc,Arlington,VA,22203,Bank Fees,
Governor,"MARX, VICTOR",Republican,10.25,12/28/25,Winred Technical Services Llc,Arlington,VA,22203,Bank Fees,
Governor,"MARX, VICTOR",Republican,2.05,12/28/25,Winred Technical Services Llc,Arlington,VA,22203,Bank Fees,
Governor,"MARX, VICTOR",Republican,0.99,12/28/25,Winred Technical Services Llc,Arlington,VA,22203,Bank Fees,
Governor,"MARX, VICTOR",Republican,1.03,12/28/25,Winred Technical Services Llc,Arlington,VA,22203,Bank Fees,
Governor,"MARX, VICTOR",Republican,2.05,12/28/25,Winred Technical Services Llc,Arlington,VA,22203,Bank Fees,
Governor,"MARX, VICTOR",Republican,2.05,12/28/25,Winred Technical Services Llc,Arlington,VA,22203,Bank Fees,
Governor,"MARX, VICTOR",Republican,2.05,12/28/25,Winred Technical Services Llc,Arlington,VA,22203,Bank Fees,
Governor,"MARX, VICTOR",Republican,4.1,12/28/25,Winred Technical Services Llc,Arlington,VA,22203,Bank Fees,
Governor,"MARX, VICTOR",Republican,9.85,12/28/25,Winred Technical Services Llc,Arlington,VA,22203,Bank Fees,
Governor,"MARX, VICTOR",Republican,4.1,12/28/25,Winred Technical Services Llc,Arlington,VA,22203,Bank Fees,
Governor,"MARX, VICTOR",Republican,1.03,12/28/25,Winred Technical Services Llc,Arlington,VA,22203,Bank Fees,
Governor,"MARX, VICTOR",Republican,0.39,12/28/25,Winred Technical Services Llc,Arlington,VA,22203,Bank Fees,
Governor,"MARX, VICTOR",Republican,10.71,12/28/25,Winred Technical Services Llc,Arlington,VA,22203,Other,Merchandise Shipping And Fees
Governor,"MARX, VICTOR",Republican,3.94,12/28/25,Winred Technical Services Llc,Arlington,VA,22203,Bank Fees,
Governor,"MARX, VICTOR",Republican,2.05,12/28/25,Winred Technical Services Llc,Arlington,VA,22203,Bank Fees,
Governor,"MARX, VICTOR",Republican,1.03,12/28/25,Winred Technical Services Llc,Arlington,VA,22203,Bank Fees,
Governor,"MARX, VICTOR",Republican,0.21,12/28/25,Winred Technical Services Llc,Arlington,VA,22203,Bank Fees,
Governor,"MARX, VICTOR",Republican,4.1,12/28/25,Winred Technical Services Llc,Arlington,VA,22203,Bank Fees,
Governor,"MARX, VICTOR",Republican,4.1,12/28/25,Winred Technical Services Llc,Arlington,VA,22203,Bank Fees,
Governor,"MARX, VICTOR",Republican,4.1,12/28/25,Winred Technical Services Llc,Arlington,VA,22203,Bank Fees,
Governor,"MARX, VICTOR",Republican,4.1,12/28/25,Winred Technical Services Llc,Arlington,VA,22203,Bank Fees,
Governor,"MARX, VICTOR",Republican,2.05,12/28/25,Winred Technical Services Llc,Arlington,VA,22203,Bank Fees,
Governor,"MARX, VICTOR",Republican,10.25,12/28/25,Winred Technical Services Llc,Arlington,VA,22203,Bank Fees,
Governor,"MARX, VICTOR",Republican,4.1,12/28/25,Winred Technical Services Llc,Arlington,VA,22203,Bank Fees,
Governor,"MARX, VICTOR",Republican,41.02,12/28/25,Winred Technical Services Llc,Arlington,VA,22203,Bank Fees,
Governor,"MARX, VICTOR",Republican,1.03,12/28/25,Winred Technical Services Llc,Arlington,VA,22203,Bank Fees,
Governor,"MARX, VICTOR",Republican,1.03,12/28/25,Winred Technical Services Llc,Arlington,VA,22203,Bank Fees,
Governor,"MARX, VICTOR",Republican,7.88,12/28/25,Winred Technical Services Llc,Arlington,VA,22203,Bank Fees,
Governor,"MARX, VICTOR",Republican,0.41,12/28/25,Winred Technical Services Llc,Arlington,VA,22203,Bank Fees,
Governor,"MARX, VICTOR",Republican,4.1,12/28/25,Winred Technical Services Llc,Arlington,VA,22203,Bank Fees,
Governor,"MARX, VICTOR",Republican,7.88,12/28/25,Winred Technical Services Llc,Arlington,VA,22203,Bank Fees,
Governor,"MARX, VICTOR",Republican,0.79,12/28/25,Winred Technical Services Llc,Arlington,VA,22203,Bank Fees,
Governor,"MARX, VICTOR",Republican,0.82,12/28/25,Winred Technical Services Llc,Arlington,VA,22203,Bank Fees,
Governor,"MARX, VICTOR",Republican,4.1,12/28/25,Winred Technical Services Llc,Arlington,VA,22203,Bank Fees,
Governor,"MARX, VICTOR",Republican,4.1,12/28/25,Winred Technical Services Llc,Arlington,VA,22203,Bank Fees,
Governor,"MARX, VICTOR",Republican,4.1,12/28/25,Winred Technical Services Llc,Arlington,VA,22203,Bank Fees,
Governor,"MARX, VICTOR",Republican,4.1,12/28/25,Winred Technical Services Llc,Arlington,VA,22203,Bank Fees,
Governor,"MARX, VICTOR",Republican,4.1,12/28/25,Winred Technical Services Llc,Arlington,VA,22203,Bank Fees,
Governor,"MARX, VICTOR",Republican,4.1,12/28/25,Winred Technical Services Llc,Arlington,VA,22203,Bank Fees,
Governor,"MARX, VICTOR",Republican,10.25,12/28/25,Winred Technical Services Llc,Arlington,VA,22203,Bank Fees,
Governor,"MARX, VICTOR",Republican,10.25,12/28/25,Winred Technical Services Llc,Arlington,VA,22203,Bank Fees,
Governor,"MARX, VICTOR",Republican,4.1,12/28/25,Winred Technical Services Llc,Arlington,VA,22203,Bank Fees,
Governor,"MARX, VICTOR",Republican,1.03,12/28/25,Winred Technical Services Llc,Arlington,VA,22203,Bank Fees,
Governor,"MARX, VICTOR",Republican,20.51,12/28/25,Winred Technical Services Llc,Arlington,VA,22203,Bank Fees,
Governor,"MARX, VICTOR",Republican,0.21,12/28/25,Winred Technical Services Llc,Arlington,VA,22203,Bank Fees,
Governor,"MARX, VICTOR",Republican,10.25,12/28/25,Winred Technical Services Llc,Arlington,VA,22203,Bank Fees,
Governor,"MARX, VICTOR",Republican,1.03,12/28/25,Winred Technical Services Llc,Arlington,VA,22203,Bank Fees,
Governor,"MARX, VICTOR",Republican,2.05,12/28/25,Winred Technical Services Llc,Arlington,VA,22203,Bank Fees,
Governor,"MARX, VICTOR",Republican,1.03,12/28/25,Winred Technical Services Llc,Arlington,VA,22203,Bank Fees,
Governor,"MARX, VICTOR",Republican,2.05,12/28/25,Winred Technical Services Llc,Arlington,VA,22203,Bank Fees,
Governor,"MARX, VICTOR",Republican,1.03,12/28/25,Winred Technical Services Llc,Arlington,VA,22203,Bank Fees,
Governor,"MARX, VICTOR",Republican,3.94,12/28/25,Winred Technical Services Llc,Arlington,VA,22203,Bank Fees,
Governor,"MARX, VICTOR",Republican,2.05,12/28/25,Winred Technical Services Llc,Arlington,VA,22203,Bank Fees,
Governor,"MARX, VICTOR",Republican,1.03,12/28/25,Winred Technical Services Llc,Arlington,VA,22203,Bank Fees,
Governor,"MARX, VICTOR",Republican,0.82,12/28/25,Winred Technical Services Llc,Arlington,VA,22203,Bank Fees,
Governor,"MARX, VICTOR",Republican,2.05,12/28/25,Winred Technical Services Llc,Arlington,VA,22203,Bank Fees,
Governor,"MARX, VICTOR",Republican,10.25,12/28/25,Winred Technical Services Llc,Arlington,VA,22203,Bank Fees,
Governor,"MARX, VICTOR",Republican,1.03,12/28/25,Winred Technical Services Llc,Arlington,VA,22203,Bank Fees,
Governor,"MARX, VICTOR",Republican,11.69,12/28/25,Winred Technical Services Llc,Arlington,VA,22203,Other,Merchandise Shipping And Fees
Governor,"MARX, VICTOR",Republican,1.03,12/28/25,Winred Technical Services Llc,Arlington,VA,22203,Bank Fees,
Governor,"MARX, VICTOR",Republican,3.94,12/28/25,Winred Technical Services Llc,Arlington,VA,22203,Bank Fees,
Governor,"MARX, VICTOR",Republican,1.03,12/28/25,Winred Technical Services Llc,Arlington,VA,22203,Bank Fees,
Governor,"MARX, VICTOR",Republican,41.02,12/28/25,Winred Technical Services Llc,Arlington,VA,22203,Bank Fees,
Governor,"MARX, VICTOR",Republican,4.1,12/28/25,Winred Technical Services Llc,Arlington,VA,22203,Bank Fees,
Governor,"MARX, VICTOR",Republican,2.05,12/28/25,Winred Technical Services Llc,Arlington,VA,22203,Bank Fees,
Governor,"MARX, VICTOR",Republican,0.99,12/28/25,Winred Technical Services Llc,Arlington,VA,22203,Bank Fees,
Governor,"MARX, VICTOR",Republican,1.03,12/28/25,Winred Technical Services Llc,Arlington,VA,22203,Bank Fees,
Governor,"MARX, VICTOR",Republican,1.97,12/29/25,Winred Technical Services Llc,Arlington,VA,22203,Bank Fees,
Governor,"MARX, VICTOR",Republican,2.05,12/29/25,Winred Technical Services Llc,Arlington,VA,22203,Bank Fees,
Governor,"MARX, VICTOR",Republican,10.25,12/29/25,Winred Technical Services Llc,Arlington,VA,22203,Bank Fees,
Governor,"MARX, VICTOR",Republican,37.44,12/29/25,Winred Technical Services Llc,Arlington,VA,22203,Other,Merchandise Shipping And Fees
Governor,"MARX, VICTOR",Republican,1.03,12/29/25,Winred Technical Services Llc,Arlington,VA,22203,Bank Fees,
Governor,"MARX, VICTOR",Republican,2.05,12/29/25,Winred Technical Services Llc,Arlington,VA,22203,Bank Fees,
Governor,"MARX, VICTOR",Republican,1.03,12/29/25,Winred Technical Services Llc,Arlington,VA,22203,Bank Fees,
Governor,"MARX, VICTOR",Republican,1.03,12/29/25,Winred Technical Services Llc,Arlington,VA,22203,Bank Fees,
Governor,"MARX, VICTOR",Republican,2.05,12/29/25,Winred Technical Services Llc,Arlington,VA,22203,Bank Fees,
Governor,"MARX, VICTOR",Republican,4.1,12/29/25,Winred Technical Services Llc,Arlington,VA,22203,Bank Fees,
Governor,"MARX, VICTOR",Republican,1.03,12/29/25,Winred Technical Services Llc,Arlington,VA,22203,Bank Fees,
Governor,"MARX, VICTOR",Republican,2.05,12/29/25,Winred Technical Services Llc,Arlington,VA,22203,Bank Fees,
Governor,"MARX, VICTOR",Republican,0.82,12/29/25,Winred Technical Services Llc,Arlington,VA,22203,Bank Fees,
Governor,"MARX, VICTOR",Republican,20.51,12/29/25,Winred Technical Services Llc,Arlington,VA,22203,Bank Fees,
Governor,"MARX, VICTOR",Republican,3.94,12/29/25,Winred Technical Services Llc,Arlington,VA,22203,Bank Fees,
Governor,"MARX, VICTOR",Republican,1.97,12/29/25,Winred Technical Services Llc,Arlington,VA,22203,Bank Fees,
Governor,"MARX, VICTOR",Republican,1.03,12/29/25,Winred Technical Services Llc,Arlington,VA,22203,Bank Fees,
Governor,"MARX, VICTOR",Republican,1.03,12/29/25,Winred Technical Services Llc,Arlington,VA,22203,Bank Fees,
Governor,"MARX, VICTOR",Republican,4.1,12/29/25,Winred Technical Services Llc,Arlington,VA,22203,Bank Fees,
Governor,"MARX, VICTOR",Republican,2.05,12/29/25,Winred Technical Services Llc,Arlington,VA,22203,Bank Fees,
Governor,"MARX, VICTOR",Republican,17.03,12/29/25,Winred Technical Services Llc,Arlington,VA,22203,Other,Merchandise Shipping And Fees
Governor,"MARX, VICTOR",Republican,2.05,12/29/25,Winred Technical Services Llc,Arlington,VA,22203,Bank Fees,
Governor,"MARX, VICTOR",Republican,1.97,12/29/25,Winred Technical Services Llc,Arlington,VA,22203,Bank Fees,
Governor,"MARX, VICTOR",Republican,2.05,12/29/25,Winred Technical Services Llc,Arlington,VA,22203,Bank Fees,
Governor,"MARX, VICTOR",Republican,38.97,12/29/25,Winred Technical Services Llc,Arlington,VA,22203,Bank Fees,
Governor,"MARX, VICTOR",Republican,41.02,12/29/25,Winred Technical Services Llc,Arlington,VA,22203,Bank Fees,
Governor,"MARX, VICTOR",Republican,1.03,12/29/25,Winred Technical Services Llc,Arlington,VA,22203,Bank Fees,
Governor,"MARX, VICTOR",Republican,1.97,12/29/25,Winred Technical Services Llc,Arlington,VA,22203,Bank Fees,
Governor,"MARX, VICTOR",Republican,2.05,12/29/25,Winred Technical Services Llc,Arlington,VA,22203,Bank Fees,
Governor,"MARX, VICTOR",Republican,10.25,12/29/25,Winred Technical Services Llc,Arlington,VA,22203,Bank Fees,
Governor,"MARX, VICTOR",Republican,2.05,12/29/25,Winred Technical Services Llc,Arlington,VA,22203,Bank Fees,
Governor,"MARX, VICTOR",Republican,2.05,12/29/25,Winred Technical Services Llc,Arlington,VA,22203,Bank Fees,
Governor,"MARX, VICTOR",Republican,1.03,12/29/25,Winred Technical Services Llc,Arlington,VA,22203,Bank Fees,
Governor,"MARX, VICTOR",Republican,2.05,12/29/25,Winred Technical Services Llc,Arlington,VA,22203,Bank Fees,
Governor,"MARX, VICTOR",Republican,4.1,12/29/25,Winred Technical Services Llc,Arlington,VA,22203,Bank Fees,
Governor,"MARX, VICTOR",Republican,1.03,12/29/25,Winred Technical Services Llc,Arlington,VA,22203,Bank Fees,
Governor,"MARX, VICTOR",Republican,4.1,12/29/25,Winred Technical Services Llc,Arlington,VA,22203,Bank Fees,
Governor,"MARX, VICTOR",Republican,19.7,12/29/25,Winred Technical Services Llc,Arlington,VA,22203,Bank Fees,
Governor,"MARX, VICTOR",Republican,4.1,12/29/25,Winred Technical Services Llc,Arlington,VA,22203,Bank Fees,
Governor,"MARX, VICTOR",Republican,10.25,12/29/25,Winred Technical Services Llc,Arlington,VA,22203,Bank Fees,
Governor,"MARX, VICTOR",Republican,0.82,12/29/25,Winred Technical Services Llc,Arlington,VA,22203,Bank Fees,
Governor,"MARX, VICTOR",Republican,0.99,12/29/25,Winred Technical Services Llc,Arlington,VA,22203,Bank Fees,
Governor,"MARX, VICTOR",Republican,7.88,12/29/25,Winred Technical Services Llc,Arlington,VA,22203,Bank Fees,
Governor,"MARX, VICTOR",Republican,3.94,12/29/25,Winred Technical Services Llc,Arlington,VA,22203,Bank Fees,
Governor,"MARX, VICTOR",Republican,19.7,12/29/25,Winred Technical Services Llc,Arlington,VA,22203,Bank Fees,
Governor,"MARX, VICTOR",Republican,1.03,12/29/25,Winred Technical Services Llc,Arlington,VA,22203,Bank Fees,
Governor,"MARX, VICTOR",Republican,2.05,12/29/25,Winred Technical Services Llc,Arlington,VA,22203,Bank Fees,
Governor,"MARX, VICTOR",Republican,1.03,12/29/25,Winred Technical Services Llc,Arlington,VA,22203,Bank Fees,
Governor,"MARX, VICTOR",Republican,1.03,12/29/25,Winred Technical Services Llc,Arlington,VA,22203,Bank Fees,
Governor,"MARX, VICTOR",Republican,4.1,12/29/25,Winred Technical Services Llc,Arlington,VA,22203,Bank Fees,
Governor,"MARX, VICTOR",Republican,10.25,12/29/25,Winred Technical Services Llc,Arlington,VA,22203,Bank Fees,
Governor,"MARX, VICTOR",Republican,9.85,12/29/25,Winred Technical Services Llc,Arlington,VA,22203,Bank Fees,
Governor,"MARX, VICTOR",Republican,1.03,12/29/25,Winred Technical Services Llc,Arlington,VA,22203,Bank Fees,
Governor,"MARX, VICTOR",Republican,4.1,12/29/25,Winred Technical Services Llc,Arlington,VA,22203,Bank Fees,
Governor,"MARX, VICTOR",Republican,3.94,12/29/25,Winred Technical Services Llc,Arlington,VA,22203,Bank Fees,
Governor,"MARX, VICTOR",Republican,10.25,12/29/25,Winred Technical Services Llc,Arlington,VA,22203,Bank Fees,
Governor,"MARX, VICTOR",Republican,20.51,12/29/25,Winred Technical Services Llc,Arlington,VA,22203,Bank Fees,
Governor,"MARX, VICTOR",Republican,3.94,12/29/25,Winred Technical Services Llc,Arlington,VA,22203,Bank Fees,
Governor,"MARX, VICTOR",Republican,0.41,12/29/25,Winred Technical Services Llc,Arlington,VA,22203,Bank Fees,
Governor,"MARX, VICTOR",Republican,0.21,12/29/25,Winred Technical Services Llc,Arlington,VA,22203,Bank Fees,
Governor,"MARX, VICTOR",Republican,3.94,12/29/25,Winred Technical Services Llc,Arlington,VA,22203,Bank Fees,
Governor,"MARX, VICTOR",Republican,3.94,12/29/25,Winred Technical Services Llc,Arlington,VA,22203,Bank Fees,
Governor,"MARX, VICTOR",Republican,2.05,12/29/25,Winred Technical Services Llc,Arlington,VA,22203,Bank Fees,
Governor,"MARX, VICTOR",Republican,0.99,12/29/25,Winred Technical Services Llc,Arlington,VA,22203,Bank Fees,
Governor,"MARX, VICTOR",Republican,1.03,12/29/25,Winred Technical Services Llc,Arlington,VA,22203,Bank Fees,
Governor,"MARX, VICTOR",Republican,6.7,12/29/25,Winred Technical Services Llc,Arlington,VA,22203,Bank Fees,
Governor,"MARX, VICTOR",Republican,39.4,12/29/25,Winred Technical Services Llc,Arlington,VA,22203,Bank Fees,
Governor,"MARX, VICTOR",Republican,1.03,12/29/25,Winred Technical Services Llc,Arlington,VA,22203,Bank Fees,
Governor,"MARX, VICTOR",Republican,54.47,12/29/25,Winred Technical Services Llc,Arlington,VA,22203,Other,Merchandise Shipping And Fees
Governor,"MARX, VICTOR",Republican,10.25,12/29/25,Winred Technical Services Llc,Arlington,VA,22203,Bank Fees,
Governor,"MARX, VICTOR",Republican,2.05,12/29/25,Winred Technical Services Llc,Arlington,VA,22203,Bank Fees,
Governor,"MARX, VICTOR",Republican,1.03,12/29/25,Winred Technical Services Llc,Arlington,VA,22203,Bank Fees,
Governor,"MARX, VICTOR",Republican,2.05,12/29/25,Winred Technical Services Llc,Arlington,VA,22203,Bank Fees,
Governor,"MARX, VICTOR",Republican,1.03,12/29/25,Winred Technical Services Llc,Arlington,VA,22203,Bank Fees,
Governor,"MARX, VICTOR",Republican,14.36,12/29/25,Winred Technical Services Llc,Arlington,VA,22203,Bank Fees,
Governor,"MARX, VICTOR",Republican,4.1,12/29/25,Winred Technical Services Llc,Arlington,VA,22203,Bank Fees,
Governor,"MARX, VICTOR",Republican,9.85,12/29/25,Winred Technical Services Llc,Arlington,VA,22203,Bank Fees,
Governor,"MARX, VICTOR",Republican,0.99,12/29/25,Winred Technical Services Llc,Arlington,VA,22203,Bank Fees,
Governor,"MARX, VICTOR",Republican,1.03,12/29/25,Winred Technical Services Llc,Arlington,VA,22203,Bank Fees,
Governor,"MARX, VICTOR",Republican,4.1,12/29/25,Winred Technical Services Llc,Arlington,VA,22203,Bank Fees,
Governor,"MARX, VICTOR",Republican,57.13,12/29/25,Winred Technical Services Llc,Arlington,VA,22203,Bank Fees,
Governor,"MARX, VICTOR",Republican,4.1,12/29/25,Winred Technical Services Llc,Arlington,VA,22203,Bank Fees,
Governor,"MARX, VICTOR",Republican,4.1,12/29/25,Winred Technical Services Llc,Arlington,VA,22203,Bank Fees,
Governor,"MARX, VICTOR",Republican,1.03,12/29/25,Winred Technical Services Llc,Arlington,VA,22203,Bank Fees,
Governor,"MARX, VICTOR",Republican,41.02,12/29/25,Winred Technical Services Llc,Arlington,VA,22203,Bank Fees,
Governor,"MARX, VICTOR",Republican,1.97,12/29/25,Winred Technical Services Llc,Arlington,VA,22203,Bank Fees,
Governor,"MARX, VICTOR",Republican,0.99,12/29/25,Winred Technical Services Llc,Arlington,VA,22203,Bank Fees,
Governor,"MARX, VICTOR",Republican,2.05,12/29/25,Winred Technical Services Llc,Arlington,VA,22203,Bank Fees,
Governor,"MARX, VICTOR",Republican,171.61,12/30/25,Holiday Inn Express,Gunnison,CO,81230,Travel & Lodging,
Governor,"MARX, VICTOR",Republican,171.61,12/30/25,Holiday Inn Express,Gunnison,CO,81230,Travel & Lodging,
Governor,"MARX, VICTOR",Republican,2.05,12/30/25,Winred Technical Services Llc,Arlington,VA,22203,Bank Fees,
Governor,"MARX, VICTOR",Republican,1.03,12/30/25,Winred Technical Services Llc,Arlington,VA,22203,Bank Fees,
Governor,"MARX, VICTOR",Republican,1.03,12/30/25,Winred Technical Services Llc,Arlington,VA,22203,Bank Fees,
Governor,"MARX, VICTOR",Republican,0.99,12/30/25,Winred Technical Services Llc,Arlington,VA,22203,Bank Fees,
Governor,"MARX, VICTOR",Republican,1.03,12/30/25,Winred Technical Services Llc,Arlington,VA,22203,Bank Fees,
Governor,"MARX, VICTOR",Republican,20.51,12/30/25,Winred Technical Services Llc,Arlington,VA,22203,Bank Fees,
Governor,"MARX, VICTOR",Republican,20.51,12/30/25,Winred Technical Services Llc,Arlington,VA,22203,Bank Fees,
Governor,"MARX, VICTOR",Republican,2.05,12/30/25,Winred Technical Services Llc,Arlington,VA,22203,Bank Fees,
Governor,"MARX, VICTOR",Republican,0.99,12/30/25,Winred Technical Services Llc,Arlington,VA,22203,Bank Fees,
Governor,"MARX, VICTOR",Republican,3.94,12/30/25,Winred Technical Services Llc,Arlington,VA,22203,Bank Fees,
Governor,"MARX, VICTOR",Republican,4.1,12/30/25,Winred Technical Services Llc,Arlington,VA,22203,Bank Fees,
Governor,"MARX, VICTOR",Republican,4.1,12/30/25,Winred Technical Services Llc,Arlington,VA,22203,Bank Fees,
Governor,"MARX, VICTOR",Republican,6.15,12/30/25,Winred Technical Services Llc,Arlington,VA,22203,Bank Fees,
Governor,"MARX, VICTOR",Republican,0.41,12/30/25,Winred Technical Services Llc,Arlington,VA,22203,Bank Fees,
Governor,"MARX, VICTOR",Republican,9.84,12/30/25,Winred Technical Services Llc,Arlington,VA,22203,Bank Fees,
Governor,"MARX, VICTOR",Republican,0.99,12/30/25,Winred Technical Services Llc,Arlington,VA,22203,Bank Fees,
Governor,"MARX, VICTOR",Republican,0.99,12/30/25,Winred Technical Services Llc,Arlington,VA,22203,Bank Fees,
Governor,"MARX, VICTOR",Republican,39.4,12/30/25,Winred Technical Services Llc,Arlington,VA,22203,Bank Fees,
Governor,"MARX, VICTOR",Republican,4.1,12/30/25,Winred Technical Services Llc,Arlington,VA,22203,Bank Fees,
Governor,"MARX, VICTOR",Republican,10.25,12/30/25,Winred Technical Services Llc,Arlington,VA,22203,Bank Fees,
Governor,"MARX, VICTOR",Republican,4.55,12/30/25,Winred Technical Services Llc,Arlington,VA,22203,Bank Fees,
Governor,"MARX, VICTOR",Republican,2.05,12/30/25,Winred Technical Services Llc,Arlington,VA,22203,Bank Fees,
Governor,"MARX, VICTOR",Republican,145.83,12/30/25,Winred Technical Services Llc,Arlington,VA,22203,Other,Merchandise Shipping And Fees
Governor,"MARX, VICTOR",Republican,10.25,12/30/25,Winred Technical Services Llc,Arlington,VA,22203,Bank Fees,
Governor,"MARX, VICTOR",Republican,0.99,12/30/25,Winred Technical Services Llc,Arlington,VA,22203,Bank Fees,
Governor,"MARX, VICTOR",Republican,2.05,12/30/25,Winred Technical Services Llc,Arlington,VA,22203,Bank Fees,
Governor,"MARX, VICTOR",Republican,4.1,12/30/25,Winred Technical Services Llc,Arlington,VA,22203,Bank Fees,
Governor,"MARX, VICTOR",Republican,0.99,12/30/25,Winred Technical Services Llc,Arlington,VA,22203,Bank Fees,
Governor,"MARX, VICTOR",Republican,0.95,12/30/25,Winred Technical Services Llc,Arlington,VA,22203,Bank Fees,
Governor,"MARX, VICTOR",Republican,109.56,12/30/25,Winred Technical Services Llc,Arlington,VA,22203,Other,Merchandise Shipping And Fees
Governor,"MARX, VICTOR",Republican,1.03,12/30/25,Winred Technical Services Llc,Arlington,VA,22203,Bank Fees,
Governor,"MARX, VICTOR",Republican,57.13,12/30/25,Winred Technical Services Llc,Arlington,VA,22203,Bank Fees,
Governor,"MARX, VICTOR",Republican,2.05,12/30/25,Winred Technical Services Llc,Arlington,VA,22203,Bank Fees,
Governor,"MARX, VICTOR",Republican,4.1,12/30/25,Winred Technical Services Llc,Arlington,VA,22203,Bank Fees,
Governor,"MARX, VICTOR",Republican,2.05,12/30/25,Winred Technical Services Llc,Arlington,VA,22203,Bank Fees,
Governor,"MARX, VICTOR",Republican,1.26,12/30/25,Winred Technical Services Llc,Arlington,VA,22203,Bank Fees,
Governor,"MARX, VICTOR",Republican,1.03,12/30/25,Winred Technical Services Llc,Arlington,VA,22203,Bank Fees,
Governor,"MARX, VICTOR",Republican,19.7,12/30/25,Winred Technical Services Llc,Arlington,VA,22203,Bank Fees,
Governor,"MARX, VICTOR",Republican,4.1,12/30/25,Winred Technical Services Llc,Arlington,VA,22203,Bank Fees,
Governor,"MARX, VICTOR",Republican,4.1,12/30/25,Winred Technical Services Llc,Arlington,VA,22203,Bank Fees,
Governor,"MARX, VICTOR",Republican,0.99,12/30/25,Winred Technical Services Llc,Arlington,VA,22203,Bank Fees,
Governor,"MARX, VICTOR",Republican,0.99,12/30/25,Winred Technical Services Llc,Arlington,VA,22203,Bank Fees,
Governor,"MARX, VICTOR",Republican,0.41,12/30/25,Winred Technical Services Llc,Arlington,VA,22203,Bank Fees,
Governor,"MARX, VICTOR",Republican,4.1,12/30/25,Winred Technical Services Llc,Arlington,VA,22203,Bank Fees,
Governor,"MARX, VICTOR",Republican,1.03,12/30/25,Winred Technical Services Llc,Arlington,VA,22203,Bank Fees,
Governor,"MARX, VICTOR",Republican,6.93,12/30/25,Winred Technical Services Llc,Arlington,VA,22203,Bank Fees,
Governor,"MARX, VICTOR",Republican,4.1,12/30/25,Winred Technical Services Llc,Arlington,VA,22203,Bank Fees,
Governor,"MARX, VICTOR",Republican,0.41,12/30/25,Winred Technical Services Llc,Arlington,VA,22203,Bank Fees,
Governor,"MARX, VICTOR",Republican,4.1,12/30/25,Winred Technical Services Llc,Arlington,VA,22203,Bank Fees,
Governor,"MARX, VICTOR",Republican,9.85,12/30/25,Winred Technical Services Llc,Arlington,VA,22203,Bank Fees,
Governor,"MARX, VICTOR",Republican,16.77,12/30/25,Winred Technical Services Llc,Arlington,VA,22203,Bank Fees,
Governor,"MARX, VICTOR",Republican,35.46,12/30/25,Winred Technical Services Llc,Arlington,VA,22203,Bank Fees,
Governor,"MARX, VICTOR",Republican,57.13,12/30/25,Winred Technical Services Llc,Arlington,VA,22203,Bank Fees,
Governor,"MARX, VICTOR",Republican,10.25,12/30/25,Winred Technical Services Llc,Arlington,VA,22203,Bank Fees,
Governor,"MARX, VICTOR",Republican,10.25,12/30/25,Winred Technical Services Llc,Arlington,VA,22203,Bank Fees,
Governor,"MARX, VICTOR",Republican,4.1,12/30/25,Winred Technical Services Llc,Arlington,VA,22203,Bank Fees,
Governor,"MARX, VICTOR",Republican,9.85,12/30/25,Winred Technical Services Llc,Arlington,VA,22203,Bank Fees,
Governor,"MARX, VICTOR",Republican,1.03,12/30/25,Winred Technical Services Llc,Arlington,VA,22203,Bank Fees,
Governor,"MARX, VICTOR",Republican,4.1,12/30/25,Winred Technical Services Llc,Arlington,VA,22203,Bank Fees,
Governor,"MARX, VICTOR",Republican,4.1,12/30/25,Winred Technical Services Llc,Arlington,VA,22203,Bank Fees,
Governor,"MARX, VICTOR",Republican,1.97,12/30/25,Winred Technical Services Llc,Arlington,VA,22203,Bank Fees,
Governor,"MARX, VICTOR",Republican,4.1,12/30/25,Winred Technical Services Llc,Arlington,VA,22203,Bank Fees,
Governor,"MARX, VICTOR",Republican,2.05,12/30/25,Winred Technical Services Llc,Arlington,VA,22203,Bank Fees,
Governor,"MARX, VICTOR",Republican,9.85,12/30/25,Winred Technical Services Llc,Arlington,VA,22203,Bank Fees,
Governor,"MARX, VICTOR",Republican,1.23,12/30/25,Winred Technical Services Llc,Arlington,VA,22203,Bank Fees,
Governor,"MARX, VICTOR",Republican,12.3,12/30/25,Winred Technical Services Llc,Arlington,VA,22203,Bank Fees,
Governor,"MARX, VICTOR",Republican,6.93,12/30/25,Winred Technical Services Llc,Arlington,VA,22203,Bank Fees,
Governor,"MARX, VICTOR",Republican,1.03,12/30/25,Winred Technical Services Llc,Arlington,VA,22203,Bank Fees,
Governor,"MARX, VICTOR",Republican,2.05,12/30/25,Winred Technical Services Llc,Arlington,VA,22203,Bank Fees,
Governor,"MARX, VICTOR",Republican,2.05,12/30/25,Winred Technical Services Llc,Arlington,VA,22203,Bank Fees,
Governor,"MARX, VICTOR",Republican,4.1,12/30/25,Winred Technical Services Llc,Arlington,VA,22203,Bank Fees,
Governor,"MARX, VICTOR",Republican,4.1,12/30/25,Winred Technical Services Llc,Arlington,VA,22203,Bank Fees,
Governor,"MARX, VICTOR",Republican,1.03,12/30/25,Winred Technical Services Llc,Arlington,VA,22203,Bank Fees,
Governor,"MARX, VICTOR",Republican,1.07,12/30/25,Winred Technical Services Llc,Arlington,VA,22203,Bank Fees,
Governor,"MARX, VICTOR",Republican,4.1,12/30/25,Winred Technical Services Llc,Arlington,VA,22203,Bank Fees,
Governor,"MARX, VICTOR",Republican,233.24,12/30/25,Winred Technical Services Llc,Arlington,VA,22203,Other,Merchandise Shipping And Fees
Governor,"MARX, VICTOR",Republican,1.03,12/30/25,Winred Technical Services Llc,Arlington,VA,22203,Bank Fees,
Governor,"MARX, VICTOR",Republican,2.05,12/30/25,Winred Technical Services Llc,Arlington,VA,22203,Bank Fees,
Governor,"MARX, VICTOR",Republican,1.03,12/30/25,Winred Technical Services Llc,Arlington,VA,22203,Bank Fees,
Governor,"MARX, VICTOR",Republican,1.44,12/30/25,Winred Technical Services Llc,Arlington,VA,22203,Bank Fees,
Governor,"MARX, VICTOR",Republican,1.44,12/30/25,Winred Technical Services Llc,Arlington,VA,22203,Bank Fees,
Governor,"MARX, VICTOR",Republican,1.97,12/30/25,Winred Technical Services Llc,Arlington,VA,22203,Bank Fees,
Governor,"MARX, VICTOR",Republican,4.1,12/30/25,Winred Technical Services Llc,Arlington,VA,22203,Bank Fees,
Governor,"MARX, VICTOR",Republican,4.1,12/30/25,Winred Technical Services Llc,Arlington,VA,22203,Bank Fees,
Governor,"MARX, VICTOR",Republican,0.82,12/30/25,Winred Technical Services Llc,Arlington,VA,22203,Bank Fees,
Governor,"MARX, VICTOR",Republican,3.94,12/30/25,Winred Technical Services Llc,Arlington,VA,22203,Bank Fees,
Governor,"MARX, VICTOR",Republican,51.27,12/30/25,Winred Technical Services Llc,Arlington,VA,22203,Bank Fees,
Governor,"MARX, VICTOR",Republican,12.3,12/30/25,Winred Technical Services Llc,Arlington,VA,22203,Bank Fees,
Governor,"MARX, VICTOR",Republican,4.1,12/30/25,Winred Technical Services Llc,Arlington,VA,22203,Bank Fees,
Governor,"MARX, VICTOR",Republican,4.1,12/30/25,Winred Technical Services Llc,Arlington,VA,22203,Bank Fees,
Governor,"MARX, VICTOR",Republican,1.03,12/30/25,Winred Technical Services Llc,Arlington,VA,22203,Bank Fees,
Governor,"MARX, VICTOR",Republican,57.13,12/30/25,Winred Technical Services Llc,Arlington,VA,22203,Bank Fees,
Governor,"MARX, VICTOR",Republican,10.25,12/30/25,Winred Technical Services Llc,Arlington,VA,22203,Bank Fees,
Governor,"MARX, VICTOR",Republican,2.05,12/30/25,Winred Technical Services Llc,Arlington,VA,22203,Bank Fees,
Governor,"MARX, VICTOR",Republican,20.51,12/30/25,Winred Technical Services Llc,Arlington,VA,22203,Bank Fees,
Governor,"MARX, VICTOR",Republican,0.99,12/30/25,Winred Technical Services Llc,Arlington,VA,22203,Bank Fees,
Governor,"MARX, VICTOR",Republican,1.44,12/30/25,Winred Technical Services Llc,Arlington,VA,22203,Bank Fees,
Governor,"MARX, VICTOR",Republican,4.1,12/30/25,Winred Technical Services Llc,Arlington,VA,22203,Bank Fees,
Governor,"MARX, VICTOR",Republican,4.1,12/30/25,Winred Technical Services Llc,Arlington,VA,22203,Bank Fees,
Governor,"MARX, VICTOR",Republican,2.05,12/30/25,Winred Technical Services Llc,Arlington,VA,22203,Bank Fees,
Governor,"MARX, VICTOR",Republican,4.1,12/30/25,Winred Technical Services Llc,Arlington,VA,22203,Bank Fees,
Governor,"MARX, VICTOR",Republican,6.15,12/30/25,Winred Technical Services Llc,Arlington,VA,22203,Bank Fees,
Governor,"MARX, VICTOR",Republican,1.97,12/30/25,Winred Technical Services Llc,Arlington,VA,22203,Bank Fees,
Governor,"MARX, VICTOR",Republican,1.97,12/30/25,Winred Technical Services Llc,Arlington,VA,22203,Bank Fees,
Governor,"MARX, VICTOR",Republican,1.44,12/30/25,Winred Technical Services Llc,Arlington,VA,22203,Bank Fees,
Governor,"MARX, VICTOR",Republican,1.44,12/30/25,Winred Technical Services Llc,Arlington,VA,22203,Bank Fees,
Governor,"MARX, VICTOR",Republican,1.44,12/30/25,Winred Technical Services Llc,Arlington,VA,22203,Bank Fees,
Governor,"MARX, VICTOR",Republican,1.03,12/30/25,Winred Technical Services Llc,Arlington,VA,22203,Bank Fees,
Governor,"MARX, VICTOR",Republican,1.03,12/30/25,Winred Technical Services Llc,Arlington,VA,22203,Bank Fees,
Governor,"MARX, VICTOR",Republican,1.03,12/30/25,Winred Technical Services Llc,Arlington,VA,22203,Bank Fees,
Governor,"MARX, VICTOR",Republican,53.32,12/30/25,Winred Technical Services Llc,Arlington,VA,22203,Bank Fees,
Governor,"MARX, VICTOR",Republican,29.74,12/30/25,Winred Technical Services Llc,Arlington,VA,22203,Bank Fees,
Governor,"MARX, VICTOR",Republican,2.05,12/30/25,Winred Technical Services Llc,Arlington,VA,22203,Bank Fees,
Governor,"MARX, VICTOR",Republican,1.03,12/30/25,Winred Technical Services Llc,Arlington,VA,22203,Bank Fees,
Governor,"MARX, VICTOR",Republican,2.05,12/30/25,Winred Technical Services Llc,Arlington,VA,22203,Bank Fees,
Governor,"MARX, VICTOR",Republican,1.03,12/30/25,Winred Technical Services Llc,Arlington,VA,22203,Bank Fees,
Governor,"MARX, VICTOR",Republican,20.51,12/30/25,Winred Technical Services Llc,Arlington,VA,22203,Bank Fees,
Governor,"MARX, VICTOR",Republican,41.02,12/30/25,Winred Technical Services Llc,Arlington,VA,22203,Bank Fees,
Governor,"MARX, VICTOR",Republican,1.97,12/30/25,Winred Technical Services Llc,Arlington,VA,22203,Bank Fees,
Governor,"MARX, VICTOR",Republican,20.51,12/30/25,Winred Technical Services Llc,Arlington,VA,22203,Bank Fees,
Governor,"MARX, VICTOR",Republican,1.03,12/30/25,Winred Technical Services Llc,Arlington,VA,22203,Bank Fees,
Governor,"MARX, VICTOR",Republican,10.25,12/30/25,Winred Technical Services Llc,Arlington,VA,22203,Bank Fees,
Governor,"MARX, VICTOR",Republican,57.13,12/30/25,Winred Technical Services Llc,Arlington,VA,22203,Bank Fees,
Governor,"MARX, VICTOR",Republican,4.93,12/30/25,Winred Technical Services Llc,Arlington,VA,22203,Bank Fees,
Governor,"MARX, VICTOR",Republican,57.13,12/30/25,Winred Technical Services Llc,Arlington,VA,22203,Bank Fees,
Governor,"MARX, VICTOR",Republican,57.13,12/30/25,Winred Technical Services Llc,Arlington,VA,22203,Bank Fees,
Governor,"MARX, VICTOR",Republican,4.1,12/30/25,Winred Technical Services Llc,Arlington,VA,22203,Bank Fees,
Governor,"MARX, VICTOR",Republican,1.03,12/30/25,Winred Technical Services Llc,Arlington,VA,22203,Bank Fees,
Governor,"MARX, VICTOR",Republican,20.51,12/30/25,Winred Technical Services Llc,Arlington,VA,22203,Bank Fees,
Governor,"MARX, VICTOR",Republican,2.26,12/30/25,Winred Technical Services Llc,Arlington,VA,22203,Bank Fees,
Governor,"MARX, VICTOR",Republican,4.1,12/30/25,Winred Technical Services Llc,Arlington,VA,22203,Bank Fees,
Governor,"MARX, VICTOR",Republican,41.02,12/30/25,Winred Technical Services Llc,Arlington,VA,22203,Bank Fees,
Governor,"MARX, VICTOR",Republican,1.03,12/30/25,Winred Technical Services Llc,Arlington,VA,22203,Bank Fees,
Governor,"MARX, VICTOR",Republican,41.02,12/30/25,Winred Technical Services Llc,Arlington,VA,22203,Bank Fees,
Governor,"MARX, VICTOR",Republican,1.03,12/30/25,Winred Technical Services Llc,Arlington,VA,22203,Bank Fees,
Governor,"MARX, VICTOR",Republican,0.99,12/30/25,Winred Technical Services Llc,Arlington,VA,22203,Bank Fees,
Governor,"MARX, VICTOR",Republican,4.1,12/30/25,Winred Technical Services Llc,Arlington,VA,22203,Bank Fees,
Governor,"MARX, VICTOR",Republican,7500,12/31/25,The Hudson Firm Llc,Castle Pines,CO,80108,Consultant & Professional Services,
Governor,"MARX, VICTOR",Republican,10000,12/31/25,Optik Consulting Strategies,Miami,FL,33131,Consultant & Professional Services,Website Email Social Media Strategy Special Projects
Governor,"MARX, VICTOR",Republican,20.51,12/31/25,Winred Technical Services Llc,Arlington,VA,22203,Bank Fees,
Governor,"MARX, VICTOR",Republican,0.99,12/31/25,Winred Technical Services Llc,Arlington,VA,22203,Bank Fees,
Governor,"MARX, VICTOR",Republican,12.3,12/31/25,Winred Technical Services Llc,Arlington,VA,22203,Bank Fees,
Governor,"MARX, VICTOR",Republican,1.03,12/31/25,Winred Technical Services Llc,Arlington,VA,22203,Bank Fees,
Governor,"MARX, VICTOR",Republican,2.05,12/31/25,Winred Technical Services Llc,Arlington,VA,22203,Bank Fees,
Governor,"MARX, VICTOR",Republican,4.1,12/31/25,Winred Technical Services Llc,Arlington,VA,22203,Bank Fees,
Governor,"MARX, VICTOR",Republican,4.1,12/31/25,Winred Technical Services Llc,Arlington,VA,22203,Bank Fees,
Governor,"MARX, VICTOR",Republican,2.05,12/31/25,Winred Technical Services Llc,Arlington,VA,22203,Bank Fees,
Governor,"MARX, VICTOR",Republican,1.03,12/31/25,Winred Technical Services Llc,Arlington,VA,22203,Bank Fees,
Governor,"MARX, VICTOR",Republican,4.1,12/31/25,Winred Technical Services Llc,Arlington,VA,22203,Bank Fees,
Governor,"MARX, VICTOR",Republican,10.25,12/31/25,Winred Technical Services Llc,Arlington,VA,22203,Bank Fees,
Governor,"MARX, VICTOR",Republican,24.61,12/31/25,Winred Technical Services Llc,Arlington,VA,22203,Bank Fees,
Governor,"MARX, VICTOR",Republican,1.03,12/31/25,Winred Technical Services Llc,Arlington,VA,22203,Bank Fees,
Governor,"MARX, VICTOR",Republican,0.41,12/31/25,Winred Technical Services Llc,Arlington,VA,22203,Bank Fees,
Governor,"MARX, VICTOR",Republican,0.82,12/31/25,Winred Technical Services Llc,Arlington,VA,22203,Bank Fees,
Governor,"MARX, VICTOR",Republican,1.03,12/31/25,Winred Technical Services Llc,Arlington,VA,22203,Bank Fees,
Governor,"MARX, VICTOR",Republican,3.94,12/31/25,Winred Technical Services Llc,Arlington,VA,22203,Bank Fees,
Governor,"MARX, VICTOR",Republican,10.25,12/31/25,Winred Technical Services Llc,Arlington,VA,22203,Bank Fees,
Governor,"MARX, VICTOR",Republican,1.03,12/31/25,Winred Technical Services Llc,Arlington,VA,22203,Bank Fees,
Governor,"MARX, VICTOR",Republican,1.03,12/31/25,Winred Technical Services Llc,Arlington,VA,22203,Bank Fees,
Governor,"MARX, VICTOR",Republican,2.05,12/31/25,Winred Technical Services Llc,Arlington,VA,22203,Bank Fees,
Governor,"MARX, VICTOR",Republican,1.97,12/31/25,Winred Technical Services Llc,Arlington,VA,22203,Bank Fees,
Governor,"MARX, VICTOR",Republican,1.03,12/31/25,Winred Technical Services Llc,Arlington,VA,22203,Bank Fees,
Governor,"MARX, VICTOR",Republican,2.05,12/31/25,Winred Technical Services Llc,Arlington,VA,22203,Bank Fees,
Governor,"MARX, VICTOR",Republican,2.05,12/31/25,Winred Technical Services Llc,Arlington,VA,22203,Bank Fees,
Governor,"MARX, VICTOR",Republican,2.05,12/31/25,Winred Technical Services Llc,Arlington,VA,22203,Bank Fees,
Governor,"MARX, VICTOR",Republican,20.51,12/31/25,Winred Technical Services Llc,Arlington,VA,22203,Bank Fees,
Governor,"MARX, VICTOR",Republican,20.51,12/31/25,Winred Technical Services Llc,Arlington,VA,22203,Bank Fees,
Governor,"MARX, VICTOR",Republican,0.99,12/31/25,Winred Technical Services Llc,Arlington,VA,22203,Bank Fees,
Governor,"MARX, VICTOR",Republican,20.51,12/31/25,Winred Technical Services Llc,Arlington,VA,22203,Bank Fees,
Governor,"MARX, VICTOR",Republican,2.05,12/31/25,Winred Technical Services Llc,Arlington,VA,22203,Bank Fees,
Governor,"MARX, VICTOR",Republican,3.94,12/31/25,Winred Technical Services Llc,Arlington,VA,22203,Bank Fees,
Governor,"MARX, VICTOR",Republican,7.88,12/31/25,Winred Technical Services Llc,Arlington,VA,22203,Bank Fees,
Governor,"MARX, VICTOR",Republican,1.03,12/31/25,Winred Technical Services Llc,Arlington,VA,22203,Bank Fees,
Governor,"MARX, VICTOR",Republican,282.19,12/31/25,Winred Technical Services Llc,Arlington,VA,22203,Other,Merchandise Shipping And Fees
Governor,"MARX, VICTOR",Republican,1.44,12/31/25,Winred Technical Services Llc,Arlington,VA,22203,Bank Fees,
Governor,"MARX, VICTOR",Republican,2.05,12/31/25,Winred Technical Services Llc,Arlington,VA,22203,Bank Fees,
Governor,"MARX, VICTOR",Republican,1.03,12/31/25,Winred Technical Services Llc,Arlington,VA,22203,Bank Fees,
Governor,"MARX, VICTOR",Republican,0.57,12/31/25,Winred Technical Services Llc,Arlington,VA,22203,Bank Fees,
Governor,"MARX, VICTOR",Republican,1.03,12/31/25,Winred Technical Services Llc,Arlington,VA,22203,Bank Fees,
Governor,"MARX, VICTOR",Republican,0.08,12/31/25,Winred Technical Services Llc,Arlington,VA,22203,Bank Fees,
Governor,"MARX, VICTOR",Republican,1.03,12/31/25,Winred Technical Services Llc,Arlington,VA,22203,Bank Fees,
Governor,"MARX, VICTOR",Republican,1.23,12/31/25,Winred Technical Services Llc,Arlington,VA,22203,Bank Fees,
Governor,"MARX, VICTOR",Republican,1.03,12/31/25,Winred Technical Services Llc,Arlington,VA,22203,Bank Fees,
Governor,"MARX, VICTOR",Republican,1.23,12/31/25,Winred Technical Services Llc,Arlington,VA,22203,Bank Fees,
Governor,"MARX, VICTOR",Republican,42.81,12/31/25,Winred Technical Services Llc,Arlington,VA,22203,Other,Merchandise Shipping And Fees
Governor,"MARX, VICTOR",Republican,4.1,12/31/25,Winred Technical Services Llc,Arlington,VA,22203,Bank Fees,
Governor,"MARX, VICTOR",Republican,1.44,12/31/25,Winred Technical Services Llc,Arlington,VA,22203,Bank Fees,
Governor,"MARX, VICTOR",Republican,4.1,12/31/25,Winred Technical Services Llc,Arlington,VA,22203,Bank Fees,
Governor,"MARX, VICTOR",Republican,1.03,12/31/25,Winred Technical Services Llc,Arlington,VA,22203,Bank Fees,
Governor,"MARX, VICTOR",Republican,0.99,12/31/25,Winred Technical Services Llc,Arlington,VA,22203,Bank Fees,
Governor,"MARX, VICTOR",Republican,2.05,12/31/25,Winred Technical Services Llc,Arlington,VA,22203,Bank Fees,
Governor,"MARX, VICTOR",Republican,2.05,12/31/25,Winred Technical Services Llc,Arlington,VA,22203,Bank Fees,
Governor,"MARX, VICTOR",Republican,3.94,12/31/25,Winred Technical Services Llc,Arlington,VA,22203,Bank Fees,
Governor,"MARX, VICTOR",Republican,4.1,12/31/25,Winred Technical Services Llc,Arlington,VA,22203,Bank Fees,
Governor,"MARX, VICTOR",Republican,20.51,12/31/25,Winred Technical Services Llc,Arlington,VA,22203,Bank Fees,
Governor,"MARX, VICTOR",Republican,1.03,12/31/25,Winred Technical Services Llc,Arlington,VA,22203,Bank Fees,
Governor,"MARX, VICTOR",Republican,9.85,12/31/25,Winred Technical Services Llc,Arlington,VA,22203,Bank Fees,
Governor,"MARX, VICTOR",Republican,2.05,12/31/25,Winred Technical Services Llc,Arlington,VA,22203,Bank Fees,
Governor,"MARX, VICTOR",Republican,1.03,12/31/25,Winred Technical Services Llc,Arlington,VA,22203,Bank Fees,
Governor,"MARX, VICTOR",Republican,19.7,12/31/25,Winred Technical Services Llc,Arlington,VA,22203,Bank Fees,
Governor,"MARX, VICTOR",Republican,12.3,12/31/25,Winred Technical Services Llc,Arlington,VA,22203,Bank Fees,
Governor,"MARX, VICTOR",Republican,20.51,12/31/25,Winred Technical Services Llc,Arlington,VA,22203,Bank Fees,
Governor,"MARX, VICTOR",Republican,4.1,12/31/25,Winred Technical Services Llc,Arlington,VA,22203,Bank Fees,
Governor,"MARX, VICTOR",Republican,4.1,12/31/25,Winred Technical Services Llc,Arlington,VA,22203,Bank Fees,
Governor,"MARX, VICTOR",Republican,9.85,12/31/25,Winred Technical Services Llc,Arlington,VA,22203,Bank Fees,
Governor,"MARX, VICTOR",Republican,2.05,12/31/25,Winred Technical Services Llc,Arlington,VA,22203,Bank Fees,
Governor,"MARX, VICTOR",Republican,1.03,12/31/25,Winred Technical Services Llc,Arlington,VA,22203,Bank Fees,
Governor,"MARX, VICTOR",Republican,4.1,12/31/25,Winred Technical Services Llc,Arlington,VA,22203,Bank Fees,
Governor,"MARX, VICTOR",Republican,2.05,12/31/25,Winred Technical Services Llc,Arlington,VA,22203,Bank Fees,
Governor,"MARX, VICTOR",Republican,1.64,12/31/25,Winred Technical Services Llc,Arlington,VA,22203,Bank Fees,
Governor,"MARX, VICTOR",Republican,41.02,12/31/25,Winred Technical Services Llc,Arlington,VA,22203,Bank Fees,
Governor,"MARX, VICTOR",Republican,1.97,12/31/25,Winred Technical Services Llc,Arlington,VA,22203,Bank Fees,
Governor,"MARX, VICTOR",Republican,0.21,12/31/25,Winred Technical Services Llc,Arlington,VA,22203,Bank Fees,
Governor,"MARX, VICTOR",Republican,57.13,12/31/25,Winred Technical Services Llc,Arlington,VA,22203,Bank Fees,
Governor,"MARX, VICTOR",Republican,19.7,12/31/25,Winred Technical Services Llc,Arlington,VA,22203,Bank Fees,
Governor,"MARX, VICTOR",Republican,4.1,12/31/25,Winred Technical Services Llc,Arlington,VA,22203,Bank Fees,
Governor,"MARX, VICTOR",Republican,57.13,12/31/25,Winred Technical Services Llc,Arlington,VA,22203,Bank Fees,
Governor,"MARX, VICTOR",Republican,2.05,12/31/25,Winred Technical Services Llc,Arlington,VA,22203,Bank Fees,
Governor,"MARX, VICTOR",Republican,10.25,12/31/25,Winred Technical Services Llc,Arlington,VA,22203,Bank Fees,
Governor,"MARX, VICTOR",Republican,0.62,12/31/25,Winred Technical Services Llc,Arlington,VA,22203,Bank Fees,
Governor,"MARX, VICTOR",Republican,2.05,12/31/25,Winred Technical Services Llc,Arlington,VA,22203,Bank Fees,
Governor,"MARX, VICTOR",Republican,1.03,12/31/25,Winred Technical Services Llc,Arlington,VA,22203,Bank Fees,
Governor,"MARX, VICTOR",Republican,2.05,12/31/25,Winred Technical Services Llc,Arlington,VA,22203,Bank Fees,
Governor,"MARX, VICTOR",Republican,1.03,12/31/25,Winred Technical Services Llc,Arlington,VA,22203,Bank Fees,
Governor,"MARX, VICTOR",Republican,2.05,12/31/25,Winred Technical Services Llc,Arlington,VA,22203,Bank Fees,
Governor,"MARX, VICTOR",Republican,2.05,12/31/25,Winred Technical Services Llc,Arlington,VA,22203,Bank Fees,
Governor,"MARX, VICTOR",Republican,1.03,12/31/25,Winred Technical Services Llc,Arlington,VA,22203,Bank Fees,
Governor,"MARX, VICTOR",Republican,2.05,12/31/25,Winred Technical Services Llc,Arlington,VA,22203,Bank Fees,
Governor,"MARX, VICTOR",Republican,1.03,12/31/25,Winred Technical Services Llc,Arlington,VA,22203,Bank Fees,
Governor,"MARX, VICTOR",Republican,1.03,12/31/25,Winred Technical Services Llc,Arlington,VA,22203,Bank Fees,
Governor,"MARX, VICTOR",Republican,2.05,12/31/25,Winred Technical Services Llc,Arlington,VA,22203,Bank Fees,
Governor,"MARX, VICTOR",Republican,20.51,12/31/25,Winred Technical Services Llc,Arlington,VA,22203,Bank Fees,
Governor,"MARX, VICTOR",Republican,4.1,12/31/25,Winred Technical Services Llc,Arlington,VA,22203,Bank Fees,
Governor,"MARX, VICTOR",Republican,2.05,12/31/25,Winred Technical Services Llc,Arlington,VA,22203,Bank Fees,
Governor,"MARX, VICTOR",Republican,1.03,12/31/25,Winred Technical Services Llc,Arlington,VA,22203,Bank Fees,
Governor,"MARX, VICTOR",Republican,4.1,12/31/25,Winred Technical Services Llc,Arlington,VA,22203,Bank Fees,
Governor,"MARX, VICTOR",Republican,4.1,12/31/25,Winred Technical Services Llc,Arlington,VA,22203,Bank Fees,
Governor,"MARX, VICTOR",Republican,2.05,12/31/25,Winred Technical Services Llc,Arlington,VA,22203,Bank Fees,
Governor,"MARX, VICTOR",Republican,0.41,12/31/25,Winred Technical Services Llc,Arlington,VA,22203,Bank Fees,
Governor,"MARX, VICTOR",Republican,1.44,12/31/25,Winred Technical Services Llc,Arlington,VA,22203,Bank Fees,
Governor,"MARX, VICTOR",Republican,2.05,12/31/25,Winred Technical Services Llc,Arlington,VA,22203,Bank Fees,
Governor,"MARX, VICTOR",Republican,2.05,12/31/25,Winred Technical Services Llc,Arlington,VA,22203,Bank Fees,
Governor,"MARX, VICTOR",Republican,4.1,12/31/25,Winred Technical Services Llc,Arlington,VA,22203,Bank Fees,
Governor,"MARX, VICTOR",Republican,1.03,12/31/25,Winred Technical Services Llc,Arlington,VA,22203,Bank Fees,
Governor,"MARX, VICTOR",Republican,1.97,12/31/25,Winred Technical Services Llc,Arlington,VA,22203,Bank Fees,
Governor,"MARX, VICTOR",Republican,0.62,12/31/25,Winred Technical Services Llc,Arlington,VA,22203,Bank Fees,
Governor,"MARX, VICTOR",Republican,19.7,12/31/25,Winred Technical Services Llc,Arlington,VA,22203,Bank Fees,
Governor,"MARX, VICTOR",Republican,2.05,12/31/25,Winred Technical Services Llc,Arlington,VA,22203,Bank Fees,
Governor,"MARX, VICTOR",Republican,2.05,12/31/25,Winred Technical Services Llc,Arlington,VA,22203,Bank Fees,
Governor,"MARX, VICTOR",Republican,2.05,12/31/25,Winred Technical Services Llc,Arlington,VA,22203,Bank Fees,
Governor,"MARX, VICTOR",Republican,1.03,12/31/25,Winred Technical Services Llc,Arlington,VA,22203,Bank Fees,
Governor,"MARX, VICTOR",Republican,2.05,12/31/25,Winred Technical Services Llc,Arlington,VA,22203,Bank Fees,
Governor,"MARX, VICTOR",Republican,2.05,12/31/25,Winred Technical Services Llc,Arlington,VA,22203,Bank Fees,
Governor,"MARX, VICTOR",Republican,1.03,12/31/25,Winred Technical Services Llc,Arlington,VA,22203,Bank Fees,
Governor,"MARX, VICTOR",Republican,1.03,12/31/25,Winred Technical Services Llc,Arlington,VA,22203,Bank Fees,
Governor,"MARX, VICTOR",Republican,1.44,12/31/25,Winred Technical Services Llc,Arlington,VA,22203,Bank Fees,
Governor,"MARX, VICTOR",Republican,1.97,12/31/25,Winred Technical Services Llc,Arlington,VA,22203,Bank Fees,
Governor,"MARX, VICTOR",Republican,4.1,12/31/25,Winred Technical Services Llc,Arlington,VA,22203,Bank Fees,
Governor,"MARX, VICTOR",Republican,2.05,12/31/25,Winred Technical Services Llc,Arlington,VA,22203,Bank Fees,
Governor,"MARX, VICTOR",Republican,2.05,12/31/25,Winred Technical Services Llc,Arlington,VA,22203,Bank Fees,
Governor,"MARX, VICTOR",Republican,4.1,12/31/25,Winred Technical Services Llc,Arlington,VA,22203,Bank Fees,
Governor,"MARX, VICTOR",Republican,1.97,12/31/25,Winred Technical Services Llc,Arlington,VA,22203,Bank Fees,
Governor,"MARX, VICTOR",Republican,2.79,12/31/25,Winred Technical Services Llc,Arlington,VA,22203,Bank Fees,
Governor,"MARX, VICTOR",Republican,4.1,12/31/25,Winred Technical Services Llc,Arlington,VA,22203,Bank Fees,
Governor,"MARX, VICTOR",Republican,41.02,12/31/25,Winred Technical Services Llc,Arlington,VA,22203,Bank Fees,
Governor,"MARX, VICTOR",Republican,41.02,12/31/25,Winred Technical Services Llc,Arlington,VA,22203,Bank Fees,
Governor,"MARX, VICTOR",Republican,3.94,12/31/25,Winred Technical Services Llc,Arlington,VA,22203,Bank Fees,
Governor,"MARX, VICTOR",Republican,41.02,12/31/25,Winred Technical Services Llc,Arlington,VA,22203,Bank Fees,
Governor,"MARX, VICTOR",Republican,10.25,12/31/25,Winred Technical Services Llc,Arlington,VA,22203,Bank Fees,
Governor,"MARX, VICTOR",Republican,1.03,12/31/25,Winred Technical Services Llc,Arlington,VA,22203,Bank Fees,
Governor,"MARX, VICTOR",Republican,20.51,12/31/25,Winred Technical Services Llc,Arlington,VA,22203,Bank Fees,
Governor,"MARX, VICTOR",Republican,2.05,12/31/25,Winred Technical Services Llc,Arlington,VA,22203,Bank Fees,
Governor,"MARX, VICTOR",Republican,4.1,12/31/25,Winred Technical Services Llc,Arlington,VA,22203,Bank Fees,
Governor,"MARX, VICTOR",Republican,6.15,12/31/25,Winred Technical Services Llc,Arlington,VA,22203,Bank Fees,
Governor,"MARX, VICTOR",Republican,2.05,12/31/25,Winred Technical Services Llc,Arlington,VA,22203,Bank Fees,
Governor,"MARX, VICTOR",Republican,20.51,12/31/25,Winred Technical Services Llc,Arlington,VA,22203,Bank Fees,
Governor,"MARX, VICTOR",Republican,41.02,12/31/25,Winred Technical Services Llc,Arlington,VA,22203,Bank Fees,
Governor,"MARX, VICTOR",Republican,0.82,12/31/25,Winred Technical Services Llc,Arlington,VA,22203,Bank Fees,
Governor,"MARX, VICTOR",Republican,4.1,12/31/25,Winred Technical Services Llc,Arlington,VA,22203,Bank Fees,
Governor,"MARX, VICTOR",Republican,3.94,12/31/25,Winred Technical Services Llc,Arlington,VA,22203,Bank Fees,
Governor,"MARX, VICTOR",Republican,6.15,12/31/25,Winred Technical Services Llc,Arlington,VA,22203,Bank Fees,
Governor,"MARX, VICTOR",Republican,4.1,12/31/25,Winred Technical Services Llc,Arlington,VA,22203,Bank Fees,
Governor,"MARX, VICTOR",Republican,1.44,12/31/25,Winred Technical Services Llc,Arlington,VA,22203,Bank Fees,
Governor,"MARX, VICTOR",Republican,57.13,12/31/25,Winred Technical Services Llc,Arlington,VA,22203,Bank Fees,
Governor,"MARX, VICTOR",Republican,9.85,12/31/25,Winred Technical Services Llc,Arlington,VA,22203,Bank Fees,
Governor,"MARX, VICTOR",Republican,1.03,12/31/25,Winred Technical Services Llc,Arlington,VA,22203,Bank Fees,
Governor,"MARX, VICTOR",Republican,9.85,12/31/25,Winred Technical Services Llc,Arlington,VA,22203,Bank Fees,
Governor,"MARX, VICTOR",Republican,0.21,12/31/25,Winred Technical Services Llc,Arlington,VA,22203,Bank Fees,
Governor,"MARX, VICTOR",Republican,1.03,12/31/25,Winred Technical Services Llc,Arlington,VA,22203,Bank Fees,
Governor,"MARX, VICTOR",Republican,10.25,12/31/25,Winred Technical Services Llc,Arlington,VA,22203,Bank Fees,
Governor,"MARX, VICTOR",Republican,1.97,12/31/25,Winred Technical Services Llc,Arlington,VA,22203,Bank Fees,
Governor,"MARX, VICTOR",Republican,1.03,12/31/25,Winred Technical Services Llc,Arlington,VA,22203,Bank Fees,
Governor,"MARX, VICTOR",Republican,1.03,12/31/25,Winred Technical Services Llc,Arlington,VA,22203,Bank Fees,
Governor,"MARX, VICTOR",Republican,1.03,12/31/25,Winred Technical Services Llc,Arlington,VA,22203,Bank Fees,
Governor,"MARX, VICTOR",Republican,0.29,12/31/25,Winred Technical Services Llc,Arlington,VA,22203,Bank Fees,
Governor,"MARX, VICTOR",Republican,6.15,12/31/25,Winred Technical Services Llc,Arlington,VA,22203,Bank Fees,
Governor,"MARX, VICTOR",Republican,1.03,12/31/25,Winred Technical Services Llc,Arlington,VA,22203,Bank Fees,
Governor,"MARX, VICTOR",Republican,3.94,12/31/25,Winred Technical Services Llc,Arlington,VA,22203,Bank Fees,
Governor,"MARX, VICTOR",Republican,4.1,12/31/25,Winred Technical Services Llc,Arlington,VA,22203,Bank Fees,
Governor,"MARX, VICTOR",Republican,4.1,12/31/25,Winred Technical Services Llc,Arlington,VA,22203,Bank Fees,
Governor,"MARX, VICTOR",Republican,2.05,12/31/25,Winred Technical Services Llc,Arlington,VA,22203,Bank Fees,
Governor,"MARX, VICTOR",Republican,4.1,12/31/25,Winred Technical Services Llc,Arlington,VA,22203,Bank Fees,
Governor,"MARX, VICTOR",Republican,1.03,12/31/25,Winred Technical Services Llc,Arlington,VA,22203,Bank Fees,
Governor,"MARX, VICTOR",Republican,2.05,12/31/25,Winred Technical Services Llc,Arlington,VA,22203,Bank Fees,
Governor,"MARX, VICTOR",Republican,1.03,12/31/25,Winred Technical Services Llc,Arlington,VA,22203,Bank Fees,
Governor,"MARX, VICTOR",Republican,2.05,12/31/25,Winred Technical Services Llc,Arlington,VA,22203,Bank Fees,
Governor,"MARX, VICTOR",Republican,1.03,12/31/25,Winred Technical Services Llc,Arlington,VA,22203,Bank Fees,
Governor,"MARX, VICTOR",Republican,2.05,12/31/25,Winred Technical Services Llc,Arlington,VA,22203,Bank Fees,
Governor,"MARX, VICTOR",Republican,4.1,12/31/25,Winred Technical Services Llc,Arlington,VA,22203,Bank Fees,
Governor,"MARX, VICTOR",Republican,0.21,12/31/25,Winred Technical Services Llc,Arlington,VA,22203,Bank Fees,
Governor,"MARX, VICTOR",Republican,0.99,12/31/25,Winred Technical Services Llc,Arlington,VA,22203,Bank Fees,
Governor,"MARX, VICTOR",Republican,1.97,12/31/25,Winred Technical Services Llc,Arlington,VA,22203,Bank Fees,
Governor,"MARX, VICTOR",Republican,0.12,12/31/25,Winred Technical Services Llc,Arlington,VA,22203,Bank Fees,
Governor,"MARX, VICTOR",Republican,1.44,12/31/25,Winred Technical Services Llc,Arlington,VA,22203,Bank Fees,
Governor,"MARX, VICTOR",Republican,4.1,12/31/25,Winred Technical Services Llc,Arlington,VA,22203,Bank Fees,
Governor,"MARX, VICTOR",Republican,2.05,12/31/25,Winred Technical Services Llc,Arlington,VA,22203,Bank Fees,
Governor,"MARX, VICTOR",Republican,4.1,12/31/25,Winred Technical Services Llc,Arlington,VA,22203,Bank Fees,
Governor,"MARX, VICTOR",Republican,3.94,12/31/25,Winred Technical Services Llc,Arlington,VA,22203,Bank Fees,
Governor,"MARX, VICTOR",Republican,0.41,12/31/25,Winred Technical Services Llc,Arlington,VA,22203,Bank Fees,
Governor,"MARX, VICTOR",Republican,1.44,12/31/25,Winred Technical Services Llc,Arlington,VA,22203,Bank Fees,
Governor,"MARX, VICTOR",Republican,2.05,12/31/25,Winred Technical Services Llc,Arlington,VA,22203,Bank Fees,
Governor,"MARX, VICTOR",Republican,0.99,12/31/25,Winred Technical Services Llc,Arlington,VA,22203,Bank Fees,
Governor,"MARX, VICTOR",Republican,2.05,12/31/25,Winred Technical Services Llc,Arlington,VA,22203,Bank Fees,
Governor,"MARX, VICTOR",Republican,4.1,12/31/25,Winred Technical Services Llc,Arlington,VA,22203,Bank Fees,
Governor,"MARX, VICTOR",Republican,3.94,12/31/25,Winred Technical Services Llc,Arlington,VA,22203,Bank Fees,
Governor,"MARX, VICTOR",Republican,1.97,12/31/25,Winred Technical Services Llc,Arlington,VA,22203,Bank Fees,
Governor,"MARX, VICTOR",Republican,1.03,12/31/25,Winred Technical Services Llc,Arlington,VA,22203,Bank Fees,
Governor,"MARX, VICTOR",Republican,2.05,12/31/25,Winred Technical Services Llc,Arlington,VA,22203,Bank Fees,
Governor,"MARX, VICTOR",Republican,0.99,12/31/25,Winred Technical Services Llc,Arlington,VA,22203,Bank Fees,
Governor,"MARX, VICTOR",Republican,2.05,12/31/25,Winred Technical Services Llc,Arlington,VA,22203,Bank Fees,
Governor,"MARX, VICTOR",Republican,41.02,12/31/25,Winred Technical Services Llc,Arlington,VA,22203,Bank Fees,
Governor,"MARX, VICTOR",Republican,0.99,12/31/25,Winred Technical Services Llc,Arlington,VA,22203,Bank Fees,
Governor,"MARX, VICTOR",Republican,3.94,12/31/25,Winred Technical Services Llc,Arlington,VA,22203,Bank Fees,
Governor,"MARX, VICTOR",Republican,1.03,12/31/25,Winred Technical Services Llc,Arlington,VA,22203,Bank Fees,
Governor,"MARX, VICTOR",Republican,0.99,12/31/25,Winred Technical Services Llc,Arlington,VA,22203,Bank Fees,
Governor,"MARX, VICTOR",Republican,2.05,12/31/25,Winred Technical Services Llc,Arlington,VA,22203,Bank Fees,
Governor,"MARX, VICTOR",Republican,2.05,12/31/25,Winred Technical Services Llc,Arlington,VA,22203,Bank Fees,
Governor,"MARX, VICTOR",Republican,2.05,12/31/25,Winred Technical Services Llc,Arlington,VA,22203,Bank Fees,
Governor,"MARX, VICTOR",Republican,0.99,12/31/25,Winred Technical Services Llc,Arlington,VA,22203,Bank Fees,
Governor,"MARX, VICTOR",Republican,1.03,12/31/25,Winred Technical Services Llc,Arlington,VA,22203,Bank Fees,
Governor,"MARX, VICTOR",Republican,1.97,12/31/25,Winred Technical Services Llc,Arlington,VA,22203,Bank Fees,
Governor,"MARX, VICTOR",Republican,4.1,12/31/25,Winred Technical Services Llc,Arlington,VA,22203,Bank Fees,
Governor,"MARX, VICTOR",Republican,4.1,12/31/25,Winred Technical Services Llc,Arlington,VA,22203,Bank Fees,
Governor,"MARX, VICTOR",Republican,4.1,12/31/25,Winred Technical Services Llc,Arlington,VA,22203,Bank Fees,
Governor,"MARX, VICTOR",Republican,2.05,12/31/25,Winred Technical Services Llc,Arlington,VA,22203,Bank Fees,
Governor,"MARX, VICTOR",Republican,4.1,12/31/25,Winred Technical Services Llc,Arlington,VA,22203,Bank Fees,
Governor,"MARX, VICTOR",Republican,2.05,12/31/25,Winred Technical Services Llc,Arlington,VA,22203,Bank Fees,
Governor,"MARX, VICTOR",Republican,1.03,12/31/25,Winred Technical Services Llc,Arlington,VA,22203,Bank Fees,
Governor,"MARX, VICTOR",Republican,1.03,12/31/25,Winred Technical Services Llc,Arlington,VA,22203,Bank Fees,
Governor,"MARX, VICTOR",Republican,3.94,12/31/25,Winred Technical Services Llc,Arlington,VA,22203,Bank Fees,
Governor,"MARX, VICTOR",Republican,3.24,12/31/25,Winred Technical Services Llc,Arlington,VA,22203,Bank Fees,
Governor,"MARX, VICTOR",Republican,1.03,12/31/25,Winred Technical Services Llc,Arlington,VA,22203,Bank Fees,
Governor,"MARX, VICTOR",Republican,1.03,12/31/25,Winred Technical Services Llc,Arlington,VA,22203,Bank Fees,
Governor,"MARX, VICTOR",Republican,2.05,12/31/25,Winred Technical Services Llc,Arlington,VA,22203,Bank Fees,
Governor,"MARX, VICTOR",Republican,4.1,12/31/25,Winred Technical Services Llc,Arlington,VA,22203,Bank Fees,
Governor,"MARX, VICTOR",Republican,1.03,12/31/25,Winred Technical Services Llc,Arlington,VA,22203,Bank Fees,
Governor,"MARX, VICTOR",Republican,2.05,12/31/25,Winred Technical Services Llc,Arlington,VA,22203,Bank Fees,
Governor,"MARX, VICTOR",Republican,0.41,12/31/25,Winred Technical Services Llc,Arlington,VA,22203,Bank Fees,
Governor,"MARX, VICTOR",Republican,4.72,12/31/25,Winred Technical Services Llc,Arlington,VA,22203,Bank Fees,
Governor,"MARX, VICTOR",Republican,10.25,12/31/25,Winred Technical Services Llc,Arlington,VA,22203,Bank Fees,
Governor,"MARX, VICTOR",Republican,2.05,12/31/25,Winred Technical Services Llc,Arlington,VA,22203,Bank Fees,
Governor,"MARX, VICTOR",Republican,19.7,12/31/25,Winred Technical Services Llc,Arlington,VA,22203,Bank Fees,
Governor,"MARX, VICTOR",Republican,1.03,12/31/25,Winred Technical Services Llc,Arlington,VA,22203,Bank Fees,
Governor,"MARX, VICTOR",Republican,2.05,12/31/25,Winred Technical Services Llc,Arlington,VA,22203,Bank Fees,
Governor,"MARX, VICTOR",Republican,0.41,12/31/25,Winred Technical Services Llc,Arlington,VA,22203,Bank Fees,
Governor,"MARX, VICTOR",Republican,1.03,12/31/25,Winred Technical Services Llc,Arlington,VA,22203,Bank Fees,
Governor,"MARX, VICTOR",Republican,1.03,12/31/25,Winred Technical Services Llc,Arlington,VA,22203,Bank Fees,
Governor,"MARX, VICTOR",Republican,1.44,12/31/25,Winred Technical Services Llc,Arlington,VA,22203,Bank Fees,
Governor,"MARX, VICTOR",Republican,39.4,12/31/25,Winred Technical Services Llc,Arlington,VA,22203,Bank Fees,
Governor,"MARX, VICTOR",Republican,1.03,12/31/25,Winred Technical Services Llc,Arlington,VA,22203,Bank Fees,
Governor,"MARX, VICTOR",Republican,57.13,12/31/25,Winred Technical Services Llc,Arlington,VA,22203,Bank Fees,
Governor,"MARX, VICTOR",Republican,1.23,12/31/25,Winred Technical Services Llc,Arlington,VA,22203,Bank Fees,
Governor,"MARX, VICTOR",Republican,4.1,12/31/25,Winred Technical Services Llc,Arlington,VA,22203,Bank Fees,
Governor,"MARX, VICTOR",Republican,15.46,12/31/25,Winred Technical Services Llc,Arlington,VA,22203,Other,Merchandise Shipping And Fees
Governor,"MARX, VICTOR",Republican,1.03,12/31/25,Winred Technical Services Llc,Arlington,VA,22203,Bank Fees,
Governor,"MARX, VICTOR",Republican,0.82,12/31/25,Winred Technical Services Llc,Arlington,VA,22203,Bank Fees,
Governor,"MARX, VICTOR",Republican,4.93,12/31/25,Winred Technical Services Llc,Arlington,VA,22203,Bank Fees,
Governor,"MARX, VICTOR",Republican,4.1,12/31/25,Winred Technical Services Llc,Arlington,VA,22203,Bank Fees,
Governor,"MARX, VICTOR",Republican,1.03,12/31/25,Winred Technical Services Llc,Arlington,VA,22203,Bank Fees,
Governor,"MARX, VICTOR",Republican,0.99,12/31/25,Winred Technical Services Llc,Arlington,VA,22203,Bank Fees,
Governor,"MARX, VICTOR",Republican,17.73,12/31/25,Winred Technical Services Llc,Arlington,VA,22203,Bank Fees,
Governor,"MARX, VICTOR",Republican,2.05,12/31/25,Winred Technical Services Llc,Arlington,VA,22203,Bank Fees,
Governor,"MARX, VICTOR",Republican,41.02,12/31/25,Winred Technical Services Llc,Arlington,VA,22203,Bank Fees,
Governor,"MARX, VICTOR",Republican,3.94,12/31/25,Winred Technical Services Llc,Arlington,VA,22203,Bank Fees,
Governor,"MARX, VICTOR",Republican,57.13,12/31/25,Winred Technical Services Llc,Arlington,VA,22203,Bank Fees,
Governor,"MARX, VICTOR",Republican,9.11,12/31/25,Winred Technical Services Llc,Arlington,VA,22203,Bank Fees,
Governor,"MARX, VICTOR",Republican,2.05,12/31/25,Winred Technical Services Llc,Arlington,VA,22203,Bank Fees,
Governor,"MARX, VICTOR",Republican,0.99,12/31/25,Winred Technical Services Llc,Arlington,VA,22203,Bank Fees,
Governor,"MARX, VICTOR",Republican,20.51,12/31/25,Winred Technical Services Llc,Arlington,VA,22203,Bank Fees,
Governor,"MARX, VICTOR",Republican,4.1,12/31/25,Winred Technical Services Llc,Arlington,VA,22203,Bank Fees,
Governor,"MARX, VICTOR",Republican,4.1,12/31/25,Winred Technical Services Llc,Arlington,VA,22203,Bank Fees,
Governor,"MARX, VICTOR",Republican,1.03,12/31/25,Winred Technical Services Llc,Arlington,VA,22203,Bank Fees,
Governor,"MARX, VICTOR",Republican,4.1,12/31/25,Winred Technical Services Llc,Arlington,VA,22203,Bank Fees,
Governor,"MARX, VICTOR",Republican,2.05,12/31/25,Winred Technical Services Llc,Arlington,VA,22203,Bank Fees,
Governor,"MARX, VICTOR",Republican,0.45,12/31/25,Winred Technical Services Llc,Arlington,VA,22203,Bank Fees,
Governor,"MARX, VICTOR",Republican,1.03,12/31/25,Winred Technical Services Llc,Arlington,VA,22203,Bank Fees,
Governor,"MARX, VICTOR",Republican,0.52,12/31/25,Winred Technical Services Llc,Arlington,VA,22203,Bank Fees,
Governor,"MARX, VICTOR",Republican,4.1,12/31/25,Winred Technical Services Llc,Arlington,VA,22203,Bank Fees,
Governor,"MARX, VICTOR",Republican,2.05,12/31/25,Winred Technical Services Llc,Arlington,VA,22203,Bank Fees,
Governor,"MARX, VICTOR",Republican,2.05,12/31/25,Winred Technical Services Llc,Arlington,VA,22203,Bank Fees,
Governor,"MARX, VICTOR",Republican,1.03,12/31/25,Winred Technical Services Llc,Arlington,VA,22203,Bank Fees,
Governor,"MARX, VICTOR",Republican,1.03,12/31/25,Winred Technical Services Llc,Arlington,VA,22203,Bank Fees,
Governor,"MARX, VICTOR",Republican,2.96,12/31/25,Winred Technical Services Llc,Arlington,VA,22203,Bank Fees,
Governor,"MARX, VICTOR",Republican,1.03,12/31/25,Winred Technical Services Llc,Arlington,VA,22203,Bank Fees,
Governor,"MARX, VICTOR",Republican,1.03,12/31/25,Winred Technical Services Llc,Arlington,VA,22203,Bank Fees,
Governor,"MARX, VICTOR",Republican,1.03,12/31/25,Winred Technical Services Llc,Arlington,VA,22203,Bank Fees,
Governor,"MARX, VICTOR",Republican,2.05,12/31/25,Winred Technical Services Llc,Arlington,VA,22203,Bank Fees,
Governor,"MARX, VICTOR",Republican,2.05,12/31/25,Winred Technical Services Llc,Arlington,VA,22203,Bank Fees,
Governor,"MARX, VICTOR",Republican,1.03,12/31/25,Winred Technical Services Llc,Arlington,VA,22203,Bank Fees,
Governor,"MARX, VICTOR",Republican,2.05,12/31/25,Winred Technical Services Llc,Arlington,VA,22203,Bank Fees,
Governor,"MARX, VICTOR",Republican,4.1,12/31/25,Winred Technical Services Llc,Arlington,VA,22203,Bank Fees,
Governor,"MARX, VICTOR",Republican,4.1,12/31/25,Winred Technical Services Llc,Arlington,VA,22203,Bank Fees,
Governor,"MARX, VICTOR",Republican,7.18,12/31/25,Winred Technical Services Llc,Arlington,VA,22203,Bank Fees,
Governor,"MARX, VICTOR",Republican,2.05,12/31/25,Winred Technical Services Llc,Arlington,VA,22203,Bank Fees,
Governor,"MARX, VICTOR",Republican,33.88,12/31/25,Servisfirst Bank,Birmingham,AL,35201,Bank Fees,
Governor,"WEISER, PHILIP",Democratic,8522.02,1/5/25,Actblue Technical Services,Somerville,MA,02144,Fundraising Expenses,Processing Fees
Governor,"WEISER, PHILIP",Democratic,5000,1/6/25,Apollo Artistry,Chicago,IL,60610,Consultant & Professional Services,Website Development
Governor,"WEISER, PHILIP",Democratic,100,1/9/25,Apollo Artistry,Chicago,IL,60610,Consultant & Professional Services,Website Hosting
Governor,"WEISER, PHILIP",Democratic,4838.07,1/12/25,Actblue Technical Services,Somerville,MA,02144,Fundraising Expenses,Processing Fees
Governor,"WEISER, PHILIP",Democratic,3895.26,1/14/25,Gusto,San Francisco,CA,94107,Employee Services,Payroll Taxes
Governor,"WEISER, PHILIP",Democratic,7349.66,1/14/25,Gusto,San Francisco,CA,94107,Employee Services,Payroll
Governor,"WEISER, PHILIP",Democratic,4848.52,1/19/25,Actblue Technical Services,Somerville,MA,02144,Fundraising Expenses,Processing Fees
Governor,"WEISER, PHILIP",Democratic,163.37,1/21/25,Vistaprint,Waltham,MA,02451,Fundraising Expenses,Thank You Notes
Governor,"WEISER, PHILIP",Democratic,654.9,1/22/25,Artist Proof Collective,Denver,CO,80204,Office Equipment & Supplies,Envelopes
Governor,"WEISER, PHILIP",Democratic,27500,1/24/25,Ascend Digital Strategies Llc,Washington,DC,20001,Fundraising Expenses,Digital Acquisition
Governor,"WEISER, PHILIP",Democratic,4734,1/24/25,Mara  Tasker,Lyons,CO,80540,Advertising,Video Development
Governor,"WEISER, PHILIP",Democratic,7859.01,1/26/25,Actblue Technical Services,Somerville,MA,02144,Fundraising Expenses,Processing Fees
Governor,"WEISER, PHILIP",Democratic,367.55,1/27/25,Usps,Denver,CO,80202,Office Equipment & Supplies,Postage
Governor,"WEISER, PHILIP",Democratic,481.98,1/27/25,Vistaprint,Waltham,MA,02451,Office Equipment & Supplies,Envelopes
Governor,"WEISER, PHILIP",Democratic,6076.93,1/28/25,Gusto,San Francisco,CA,94107,Employee Services,Payroll
Governor,"WEISER, PHILIP",Democratic,2635.55,1/28/25,Gusto,San Francisco,CA,94107,Employee Services,Payroll Taxes
Governor,"WEISER, PHILIP",Democratic,2,1/31/25,Firstbank,Lakewood,CO,80215,Bank Fees,Bank Fees
Governor,"WEISER, PHILIP",Democratic,52,1/31/25,Firstbank,Lakewood,CO,80215,Bank Fees,Bank Fees
Governor,"WEISER, PHILIP",Democratic,5614.89,2/2/25,Actblue Technical Services,Somerville,MA,02144,Fundraising Expenses,Processing Fees
Governor,"WEISER, PHILIP",Democratic,10295.7,2/4/25,Ascend Digital Strategies Llc,Washington,DC,20001,Consultant & Professional Services,Email Services & Texting
Governor,"WEISER, PHILIP",Democratic,59.94,2/4/25,Gusto,San Francisco,CA,94107,Office Equipment & Supplies,Payroll Processing Fees
Governor,"WEISER, PHILIP",Democratic,732.55,2/4/25,Usps,Denver,CO,80202,Office Equipment & Supplies,Postage
Governor,"WEISER, PHILIP",Democratic,7500,2/5/25,The Bighorn Company,Lakewood,CO,80226,Consultant & Professional Services,Communications Consulting
Governor,"WEISER, PHILIP",Democratic,24,2/6/25,Airtable,San Francisco,CA,94103,Office Equipment & Supplies,Software
Governor,"WEISER, PHILIP",Democratic,4875,2/7/25,"Ngpvan, Inc.",Pittsburgh,PA,15251,Other,Software
Governor,"WEISER, PHILIP",Democratic,-4410,2/7/25,"Ngpvan, Inc.",Pittsburgh,PA,15251,Returned Expenditure,Vendor Refund - Software
Governor,"WEISER, PHILIP",Democratic,4859.63,2/9/25,Actblue Technical Services,Somerville,MA,02144,Fundraising Expenses,Processing Fees
Governor,"WEISER, PHILIP",Democratic,100,2/10/25,Apollo Artistry,Chicago,IL,60610,Consultant & Professional Services,Website Hosting
Governor,"WEISER, PHILIP",Democratic,4476.23,2/11/25,Gusto,San Francisco,CA,94107,Employee Services,Payroll
Governor,"WEISER, PHILIP",Democratic,2257.91,2/11/25,Gusto,San Francisco,CA,94107,Employee Services,Payroll
Governor,"WEISER, PHILIP",Democratic,2021.66,2/11/25,Gusto,San Francisco,CA,94107,Employee Services,Payroll Taxes
Governor,"WEISER, PHILIP",Democratic,988.65,2/11/25,Gusto,San Francisco,CA,94107,Employee Services,Payroll Taxes
Governor,"WEISER, PHILIP",Democratic,44.66,2/11/25,Anna  Wert,Denver,CO,80201,Travel & Lodging,Mileage Reimbursement
Governor,"WEISER, PHILIP",Democratic,217.32,2/11/25,Anna  Wert,Denver,CO,80201,Office Equipment & Supplies,Printing Reimbursement
Governor,"WEISER, PHILIP",Democratic,199,2/13/25,Dropbox,San Francisco,CA,94107,Other,Data Storage
Governor,"WEISER, PHILIP",Democratic,457,2/14/25,Pinnacol Assurance,Denver,CO,80256,Employee Services,Insurance
Governor,"WEISER, PHILIP",Democratic,2932.38,2/16/25,Actblue Technical Services,Somerville,MA,02144,Fundraising Expenses,Processing Fees
Governor,"WEISER, PHILIP",Democratic,5087.18,2/23/25,Actblue Technical Services,Somerville,MA,02144,Fundraising Expenses,Processing Fees
Governor,"WEISER, PHILIP",Democratic,4481.98,2/25/25,Gusto,San Francisco,CA,94107,Employee Services,Payroll
Governor,"WEISER, PHILIP",Democratic,2010.16,2/25/25,Gusto,San Francisco,CA,94107,Employee Services,Payroll Taxes
Governor,"WEISER, PHILIP",Democratic,2,2/28/25,Firstbank,Lakewood,CO,80215,Bank Fees,Bank Fees
Governor,"WEISER, PHILIP",Democratic,52,2/28/25,Firstbank,Lakewood,CO,80215,Bank Fees,Bank Fees
Governor,"WEISER, PHILIP",Democratic,4163.75,3/2/25,Actblue Technical Services,Somerville,MA,02144,Fundraising Expenses,Processing Fees
Governor,"WEISER, PHILIP",Democratic,675,3/3/25,Numero,Costa Mesa,CA,92626,Bank Fees,Merchant Fees
Governor,"WEISER, PHILIP",Democratic,59.94,3/4/25,Gusto,San Francisco,CA,94107,Office Equipment & Supplies,Payroll Processing Fees
Governor,"WEISER, PHILIP",Democratic,45.85,3/6/25,Airtable,San Francisco,CA,94103,Office Equipment & Supplies,Software
Governor,"WEISER, PHILIP",Democratic,11496.66,3/6/25,Ascend Digital Strategies Llc,Washington,DC,20001,Consultant & Professional Services,"Email Services, Digital Ads & Texting"
Governor,"WEISER, PHILIP",Democratic,7387.1,3/7/25,Bee Compliance Llc,Washington,DC,20003,Consultant & Professional Services,Compliance Consulting
Governor,"WEISER, PHILIP",Democratic,2572.24,3/9/25,Actblue Technical Services,Somerville,MA,02144,Fundraising Expenses,Processing Fees
Governor,"WEISER, PHILIP",Democratic,100,3/10/25,Apollo Artistry,Chicago,IL,60610,Consultant & Professional Services,Website Hosting
Governor,"WEISER, PHILIP",Democratic,4884.49,3/11/25,Gusto,San Francisco,CA,94107,Employee Services,Payroll
Governor,"WEISER, PHILIP",Democratic,2190.27,3/11/25,Gusto,San Francisco,CA,94107,Employee Services,Payroll Taxes
Governor,"WEISER, PHILIP",Democratic,69.42,3/11/25,Carolina  Skinner,Denver,CO,80218,Office Equipment & Supplies,Reimbursement - Office Equipment And Printing
Governor,"WEISER, PHILIP",Democratic,2400.93,3/16/25,Actblue Technical Services,Somerville,MA,02144,Fundraising Expenses,Processing Fees
Governor,"WEISER, PHILIP",Democratic,4000,3/17/25,Bee Compliance Llc,Washington,DC,20003,Consultant & Professional Services,Compliance Consulting
Governor,"WEISER, PHILIP",Democratic,104.1,3/17/25,Intuit,Atlanta,GA,30308,Office Equipment & Supplies,Accounting Software
Governor,"WEISER, PHILIP",Democratic,2914.13,3/23/25,Actblue Technical Services,Somerville,MA,02144,Fundraising Expenses,Processing Fees
Governor,"WEISER, PHILIP",Democratic,64.71,3/24/25,Numero,Costa Mesa,CA,92626,Fundraising Expenses,Processing Fees
Governor,"WEISER, PHILIP",Democratic,1992.55,3/26/25,Gusto,San Francisco,CA,94107,Employee Services,Payroll Taxes
Governor,"WEISER, PHILIP",Democratic,4481.99,3/26/25,Gusto,San Francisco,CA,94107,Employee Services,Payroll
Governor,"WEISER, PHILIP",Democratic,732.55,3/28/25,Usps,Denver,CO,80202,Office Equipment & Supplies,Postage
Governor,"WEISER, PHILIP",Democratic,2724.82,3/30/25,Actblue Technical Services,Somerville,MA,02144,Fundraising Expenses,Processing Fees
Governor,"WEISER, PHILIP",Democratic,867.38,3/31/25,Actblue Technical Services,Somerville,MA,02144,Fundraising Expenses,Processing Fees
Governor,"WEISER, PHILIP",Democratic,62,3/31/25,Firstbank,Lakewood,CO,80215,Bank Fees,Bank Fees
Governor,"WEISER, PHILIP",Democratic,3,3/31/25,Firstbank,Lakewood,CO,80215,Bank Fees,Bank Fees
Governor,"WEISER, PHILIP",Democratic,1299.65,3/31/25,Sydney  Powell,Crested Butte,CO,81224,"Food, Beverages and Meals",Reimbursement - Meeting Food/Beverages
Governor,"WEISER, PHILIP",Democratic,65.07,3/31/25,Carolina  Skinner,Denver,CO,80218,Office Equipment & Supplies,Reimbursement - Office Supplies And Printing
Governor,"WEISER, PHILIP",Democratic,107.44,3/31/25,Squarespace,New York,NY,10014,Office Equipment & Supplies,Software
Governor,"WEISER, PHILIP",Democratic,107.44,3/31/25,Squarespace,New York,NY,10014,Office Equipment & Supplies,Software
Governor,"WEISER, PHILIP",Democratic,675,4/1/25,Numero,Costa Mesa,CA,92626,Other,Software
Governor,"WEISER, PHILIP",Democratic,106.2,4/1/25,Squarespace,New York,NY,10014,Other,Software
Governor,"WEISER, PHILIP",Democratic,53.63,4/2/25,Gusto,San Francisco,CA,94107,Other,Payroll Processing Fees
Governor,"WEISER, PHILIP",Democratic,6305.74,4/3/25,Ascend Digital Strategies Llc,Washington,DC,20001,Consultant & Professional Services,"Email Services, Digital Ads & Texting"
Governor,"WEISER, PHILIP",Democratic,30800,4/3/25,Ascend Digital Strategies Llc,Washington,DC,20001,Fundraising Expenses,Digital Acquisition
Governor,"WEISER, PHILIP",Democratic,1875,4/4/25,"Ngpvan, Inc.",Pittsburgh,PA,15251,Other,Software
Governor,"WEISER, PHILIP",Democratic,2041.89,4/6/25,Actblue Technical Services,Somerville,MA,02144,Fundraising Expenses,Processing Fees
Governor,"WEISER, PHILIP",Democratic,46.73,4/7/25,Airtable,San Francisco,CA,94103,Other,Software
Governor,"WEISER, PHILIP",Democratic,171.58,4/7/25,Numero,Costa Mesa,CA,92626,Fundraising Expenses,Merchant Fees
Governor,"WEISER, PHILIP",Democratic,-40.86,4/8/25,Gusto,San Francisco,CA,94107,Returned Expenditure,Tax Refund
Governor,"WEISER, PHILIP",Democratic,100,4/9/25,Apollo Artistry,Chicago,IL,60610,Consultant & Professional Services,Website Hosting
Governor,"WEISER, PHILIP",Democratic,2939.47,4/10/25,Gusto,San Francisco,CA,94107,Employee Services,Payroll Taxes
Governor,"WEISER, PHILIP",Democratic,7149.48,4/10/25,Gusto,San Francisco,CA,94107,Employee Services,Payroll
Governor,"WEISER, PHILIP",Democratic,2681.3,4/13/25,Actblue Technical Services,Somerville,MA,02144,Fundraising Expenses,Processing Fees
Governor,"WEISER, PHILIP",Democratic,4500,4/14/25,Bee Compliance Llc,Washington,DC,20003,Consultant & Professional Services,Compliance Consulting
Governor,"WEISER, PHILIP",Democratic,104.1,4/14/25,Intuit,Atlanta,GA,30308,Other,Accounting Software
Governor,"WEISER, PHILIP",Democratic,9.38,4/14/25,Numero,Costa Mesa,CA,92626,Fundraising Expenses,Merchant Fees
Governor,"WEISER, PHILIP",Democratic,19.8,4/15/25,,,,,Miscellaneous,Checks
Governor,"WEISER, PHILIP",Democratic,2101.74,4/20/25,Actblue Technical Services,Somerville,MA,02144,Fundraising Expenses,Processing Fees
Governor,"WEISER, PHILIP",Democratic,28.68,4/25/25,Evan  Barrie-Kivel,Denver,CO,80201,Office Equipment & Supplies,Reimbursement - Office Supplies
Governor,"WEISER, PHILIP",Democratic,128.83,4/25/25,Luca  Capaldi,Denver,CO,80201,Office Equipment & Supplies,Reimbursement - Office Supplies
Governor,"WEISER, PHILIP",Democratic,3153.32,4/25/25,Gusto,San Francisco,CA,94107,Employee Services,Payroll Taxes
Governor,"WEISER, PHILIP",Democratic,7671.86,4/25/25,Gusto,San Francisco,CA,94107,Employee Services,Payroll
Governor,"WEISER, PHILIP",Democratic,2278.83,4/27/25,Actblue Technical Services,Somerville,MA,02144,Fundraising Expenses,Processing Fees
Governor,"WEISER, PHILIP",Democratic,1200.65,4/28/25,Artist Proof Collective,Denver,CO,80204,Office Equipment & Supplies,Stickers
Governor,"WEISER, PHILIP",Democratic,219.39,4/28/25,Numero,Costa Mesa,CA,92626,Fundraising Expenses,Merchant Fees
Governor,"WEISER, PHILIP",Democratic,62,4/30/25,Firstbank,Lakewood,CO,80215,Bank Fees,Bank Fees
Governor,"WEISER, PHILIP",Democratic,7,4/30/25,Firstbank,Lakewood,CO,80215,Bank Fees,Bank Fees
Governor,"WEISER, PHILIP",Democratic,675,5/1/25,Numero,Costa Mesa,CA,92626,Other,Software
Governor,"WEISER, PHILIP",Democratic,6153.43,5/2/25,Ascend Digital Strategies Llc,Washington,DC,20001,Consultant & Professional Services,"Email Services, Digital Ads & Texting"
Governor,"WEISER, PHILIP",Democratic,66.25,5/2/25,Gusto,San Francisco,CA,94107,Other,Payroll Processing Fees
Governor,"WEISER, PHILIP",Democratic,7500,5/2/25,The Bighorn Company,Lakewood,CO,80226,Consultant & Professional Services,Communications Consulting
Governor,"WEISER, PHILIP",Democratic,2017.24,5/4/25,Actblue Technical Services,Somerville,MA,02144,Fundraising Expenses,Processing Fees
Governor,"WEISER, PHILIP",Democratic,91.68,5/5/25,Squarespace,New York,NY,10014,Other,Software
Governor,"WEISER, PHILIP",Democratic,91.68,5/5/25,Squarespace,New York,NY,10014,Other,Software
Governor,"WEISER, PHILIP",Democratic,10.27,5/6/25,Airtable,San Francisco,CA,94103,Other,Software
Governor,"WEISER, PHILIP",Democratic,88.58,5/6/25,Numero,Costa Mesa,CA,92626,Fundraising Expenses,Merchant Fees
Governor,"WEISER, PHILIP",Democratic,100,5/9/25,Apollo Artistry,Chicago,IL,60610,Consultant & Professional Services,Website Hosting
Governor,"WEISER, PHILIP",Democratic,2460.49,5/11/25,Actblue Technical Services,Somerville,MA,02144,Fundraising Expenses,Processing Fees
Governor,"WEISER, PHILIP",Democratic,26.19,5/12/25,Evan  Barrie-Kivel,Denver,CO,80201,Office Equipment & Supplies,Reimbursement - Office Supplies
Governor,"WEISER, PHILIP",Democratic,27500,5/12/25,Colorado Democratic Party,Denver,CO,80203,Other,Data Services
Governor,"WEISER, PHILIP",Democratic,11674.03,5/12/25,Gusto,San Francisco,CA,94107,Employee Services,Payroll
Governor,"WEISER, PHILIP",Democratic,5395.92,5/12/25,Gusto,San Francisco,CA,94107,Employee Services,Payroll Taxes
Governor,"WEISER, PHILIP",Democratic,60,5/12/25,Carolina  Skinner,Denver,CO,80218,Other,Reimbursement - Software
Governor,"WEISER, PHILIP",Democratic,206.25,5/13/25,Numero,Costa Mesa,CA,92626,Fundraising Expenses,Merchant Fees
Governor,"WEISER, PHILIP",Democratic,104.1,5/14/25,Intuit,Atlanta,GA,30308,Other,Accounting Software
Governor,"WEISER, PHILIP",Democratic,4500,5/16/25,Bee Compliance Llc,Washington,DC,20003,Consultant & Professional Services,Compliance Consulting
Governor,"WEISER, PHILIP",Democratic,2170.08,5/18/25,Actblue Technical Services,Somerville,MA,02144,Fundraising Expenses,Processing Fees
Governor,"WEISER, PHILIP",Democratic,6750,5/19/25,"Ngpvan, Inc.",Pittsburgh,PA,15251,Other,Software
Governor,"WEISER, PHILIP",Democratic,120.01,5/20/25,Numero,Costa Mesa,CA,92626,Fundraising Expenses,Merchant Fees
Governor,"WEISER, PHILIP",Democratic,163.73,5/23/25,Artist Proof Collective,Denver,CO,80204,Advertising,Event Banner
Governor,"WEISER, PHILIP",Democratic,1775.08,5/25/25,Actblue Technical Services,Somerville,MA,02144,Fundraising Expenses,Processing Fees
Governor,"WEISER, PHILIP",Democratic,304.25,5/27/25,Numero,Costa Mesa,CA,92626,Fundraising Expenses,Merchant Fees
Governor,"WEISER, PHILIP",Democratic,41.15,5/28/25,Evan  Barrie-Kivel,Denver,CO,80201,Office Equipment & Supplies,Reimbursement - Office Supplies
Governor,"WEISER, PHILIP",Democratic,5333.23,5/28/25,Gusto,San Francisco,CA,94107,Employee Services,Payroll Taxes
Governor,"WEISER, PHILIP",Democratic,11691.28,5/28/25,Gusto,San Francisco,CA,94107,Employee Services,Payroll
Governor,"WEISER, PHILIP",Democratic,20,5/30/25,Firstbank,Lakewood,CO,80215,Bank Fees,Bank Fees
Governor,"WEISER, PHILIP",Democratic,418.8,5/30/25,Numero,Costa Mesa,CA,92626,Fundraising Expenses,Merchant Fees
Governor,"WEISER, PHILIP",Democratic,2373.18,6/1/25,Actblue Technical Services,Somerville,MA,02144,Fundraising Expenses,Processing Fees
Governor,"WEISER, PHILIP",Democratic,675,6/2/25,Numero,Costa Mesa,CA,92626,Other,Software
Governor,"WEISER, PHILIP",Democratic,4500,6/4/25,Bee Compliance Llc,Washington,DC,20003,Consultant & Professional Services,Compliance Consulting
Governor,"WEISER, PHILIP",Democratic,72.56,6/4/25,Gusto,San Francisco,CA,94107,Other,Payroll Processing Fees
Governor,"WEISER, PHILIP",Democratic,7500,6/4/25,The Bighorn Company,Lakewood,CO,80226,Consultant & Professional Services,Communications Consulting
Governor,"WEISER, PHILIP",Democratic,322.65,6/5/25,Gusto,San Francisco,CA,94107,Employee Services,Payroll Taxes
Governor,"WEISER, PHILIP",Democratic,298.37,6/5/25,Gusto,San Francisco,CA,94107,Employee Services,Payroll Taxes
Governor,"WEISER, PHILIP",Democratic,955.87,6/5/25,Gusto,San Francisco,CA,94107,Employee Services,Payroll
Governor,"WEISER, PHILIP",Democratic,340.89,6/5/25,Gusto,San Francisco,CA,94107,Employee Services,Payroll
Governor,"WEISER, PHILIP",Democratic,24,6/6/25,Airtable,San Francisco,CA,94103,Other,Software
Governor,"WEISER, PHILIP",Democratic,586.55,6/6/25,Usps,Denver,CO,80202,Office Equipment & Supplies,Postage
Governor,"WEISER, PHILIP",Democratic,2339.73,6/8/25,Actblue Technical Services,Somerville,MA,02144,Fundraising Expenses,Processing Fees
Governor,"WEISER, PHILIP",Democratic,100,6/9/25,Apollo Artistry,Chicago,IL,60610,Consultant & Professional Services,Website Hosting
Governor,"WEISER, PHILIP",Democratic,268.15,6/9/25,Numero,Costa Mesa,CA,92626,Fundraising Expenses,Merchant Fees
Governor,"WEISER, PHILIP",Democratic,26.19,6/10/25,Evan  Barrie-Kivel,Denver,CO,80201,Office Equipment & Supplies,Reimbursement - Office Supplies
Governor,"WEISER, PHILIP",Democratic,13540.88,6/10/25,Gusto,San Francisco,CA,94107,Employee Services,Payroll
Governor,"WEISER, PHILIP",Democratic,6241.47,6/10/25,Gusto,San Francisco,CA,94107,Employee Services,Payroll Taxes
Governor,"WEISER, PHILIP",Democratic,214,6/10/25,Usps,Denver,CO,80202,Other,Po Box Rental Fee
Governor,"WEISER, PHILIP",Democratic,290.21,6/13/25,Squarespace,New York,NY,10014,Other,Software
Governor,"WEISER, PHILIP",Democratic,1731.05,6/15/25,Actblue Technical Services,Somerville,MA,02144,Fundraising Expenses,Processing Fees
Governor,"WEISER, PHILIP",Democratic,100,6/16/25,Colorado Organization For Victim Assistance (Cova),Denver,CO,80222,Contributions,Charitable Contribution
Governor,"WEISER, PHILIP",Democratic,104.1,6/16/25,Intuit,Atlanta,GA,30308,Other,Accounting Software
Governor,"WEISER, PHILIP",Democratic,217.53,6/16/25,Numero,Costa Mesa,CA,92626,Fundraising Expenses,Merchant Fees
Governor,"WEISER, PHILIP",Democratic,2569.62,6/22/25,Actblue Technical Services,Somerville,MA,02144,Fundraising Expenses,Processing Fees
Governor,"WEISER, PHILIP",Democratic,418.18,6/23/25,Numero,Costa Mesa,CA,92626,Fundraising Expenses,Merchant Fees
Governor,"WEISER, PHILIP",Democratic,30.33,6/25/25,Evan  Barrie-Kivel,Denver,CO,80201,Office Equipment & Supplies,Reimbursement - Office Supplies And Printing
Governor,"WEISER, PHILIP",Democratic,13558.13,6/25/25,Gusto,San Francisco,CA,94107,Employee Services,Payroll
Governor,"WEISER, PHILIP",Democratic,6212.22,6/25/25,Gusto,San Francisco,CA,94107,Employee Services,Payroll Taxes
Governor,"WEISER, PHILIP",Democratic,217.48,6/25/25,Anna  Huck,Denver,CO,80201,Office Equipment & Supplies,Reimbursement - Office Supplies
Governor,"WEISER, PHILIP",Democratic,1255.23,6/27/25,Artist Proof Collective,Denver,CO,80204,Advertising,Signs
Governor,"WEISER, PHILIP",Democratic,1364.38,6/27/25,Artist Proof Collective,Denver,CO,80204,Office Equipment & Supplies,Envelopes
Governor,"WEISER, PHILIP",Democratic,1816.26,6/27/25,Artist Proof Collective,Denver,CO,80204,Advertising,Apparel
Governor,"WEISER, PHILIP",Democratic,3253.12,6/29/25,Actblue Technical Services,Somerville,MA,02144,Fundraising Expenses,Processing Fees
Governor,"WEISER, PHILIP",Democratic,1283.73,6/30/25,Actblue Technical Services,Somerville,MA,02144,Fundraising Expenses,Processing Fees
Governor,"WEISER, PHILIP",Democratic,14,6/30/25,Firstbank,Lakewood,CO,80215,Bank Fees,Bank Fees
Governor,"WEISER, PHILIP",Democratic,585.91,6/30/25,Numero,Costa Mesa,CA,92626,Fundraising Expenses,Merchant Fees
Governor,"WEISER, PHILIP",Democratic,675,7/1/25,Numero,Costa Mesa,CA,92626,Other,Software
Governor,"WEISER, PHILIP",Democratic,16500,7/3/25,Ascend Digital Strategies Llc,Washington,DC,20001,Consultant & Professional Services,Digital Ads And Acquisiton
Governor,"WEISER, PHILIP",Democratic,6962.31,7/3/25,Ascend Digital Strategies Llc,Washington,DC,20001,Consultant & Professional Services,Email Services & Texting
Governor,"WEISER, PHILIP",Democratic,6698.97,7/3/25,Ascend Digital Strategies Llc,Washington,DC,20001,Consultant & Professional Services,Email Services & Texting
Governor,"WEISER, PHILIP",Democratic,85.17,7/3/25,Gusto,San Francisco,CA,94107,Other,Payroll Processing Fees
Governor,"WEISER, PHILIP",Democratic,1223.91,7/6/25,Actblue Technical Services,Somerville,MA,02144,Fundraising Expenses,Processing Fees
Governor,"WEISER, PHILIP",Democratic,24,7/7/25,Airtable,San Francisco,CA,94103,Other,Software
Governor,"WEISER, PHILIP",Democratic,909.57,7/7/25,Numero,Costa Mesa,CA,92626,Fundraising Expenses,Merchant Fees
Governor,"WEISER, PHILIP",Democratic,100,7/9/25,Apollo Artistry,Chicago,IL,60610,Consultant & Professional Services,Website Hosting
Governor,"WEISER, PHILIP",Democratic,7500,7/9/25,The Bighorn Company,Lakewood,CO,80226,Consultant & Professional Services,Communications Consulting
Governor,"WEISER, PHILIP",Democratic,33000,7/10/25,Ascend Digital Strategies Llc,Washington,DC,20001,Consultant & Professional Services,Digital Ads And Acquisiton
Governor,"WEISER, PHILIP",Democratic,4500,7/10/25,Bee Compliance Llc,Washington,DC,20003,Consultant & Professional Services,Compliance Consulting
Governor,"WEISER, PHILIP",Democratic,6222.01,7/10/25,Gusto,San Francisco,CA,94107,Employee Services,Payroll Taxes
Governor,"WEISER, PHILIP",Democratic,13540.88,7/10/25,Gusto,San Francisco,CA,94107,Employee Services,Payroll
Governor,"WEISER, PHILIP",Democratic,60,7/10/25,Carolina  Skinner,Denver,CO,80218,Other,Reimbursement - Software
Governor,"WEISER, PHILIP",Democratic,807.93,7/13/25,Actblue Technical Services,Somerville,MA,02144,Fundraising Expenses,Processing Fees
Governor,"WEISER, PHILIP",Democratic,104.1,7/14/25,Intuit,Atlanta,GA,30308,Other,Accounting Software
Governor,"WEISER, PHILIP",Democratic,301.76,7/14/25,Numero,Costa Mesa,CA,92626,Fundraising Expenses,Merchant Fees
Governor,"WEISER, PHILIP",Democratic,50400,7/18/25,Greenberg Quinlan Rosner Research,Washington,DC,20005,Consultant & Professional Services,Polling
Governor,"WEISER, PHILIP",Democratic,1800,7/18/25,Greenberg Quinlan Rosner Research,Washington,DC,20005,Consultant & Professional Services,Polling
Governor,"WEISER, PHILIP",Democratic,1572.19,7/20/25,Actblue Technical Services,Somerville,MA,02144,Fundraising Expenses,Processing Fees
Governor,"WEISER, PHILIP",Democratic,140.99,7/21/25,Numero,Costa Mesa,CA,92626,Fundraising Expenses,Merchant Fees
Governor,"WEISER, PHILIP",Democratic,2,7/23/25,,,,,Miscellaneous,Processing Fees
Governor,"WEISER, PHILIP",Democratic,2,7/24/25,,,,,Miscellaneous,Processing Fees
Governor,"WEISER, PHILIP",Democratic,1994.29,7/27/25,Actblue Technical Services,Somerville,MA,02144,Fundraising Expenses,Processing Fees
Governor,"WEISER, PHILIP",Democratic,6080.49,7/28/25,Gusto,San Francisco,CA,94107,Employee Services,Payroll Taxes
Governor,"WEISER, PHILIP",Democratic,13558.13,7/28/25,Gusto,San Francisco,CA,94107,Employee Services,Payroll
Governor,"WEISER, PHILIP",Democratic,62.45,7/28/25,Numero,Costa Mesa,CA,92626,Fundraising Expenses,Merchant Fees
Governor,"WEISER, PHILIP",Democratic,277.2,7/28/25,Sydney  Powell,Crested Butte,CO,81224,Travel & Lodging,Reimbursement - Travel
Governor,"WEISER, PHILIP",Democratic,13,7/31/25,Firstbank,Lakewood,CO,80215,Bank Fees,Bank Fees
Governor,"WEISER, PHILIP",Democratic,675,8/1/25,Numero,Costa Mesa,CA,92626,Other,Software
Governor,"WEISER, PHILIP",Democratic,2281.03,8/3/25,Actblue Technical Services,Somerville,MA,02144,Fundraising Expenses,Processing Fees
Governor,"WEISER, PHILIP",Democratic,85.17,8/4/25,Gusto,San Francisco,CA,94107,Other,Payroll Processing Fees
Governor,"WEISER, PHILIP",Democratic,54.34,8/4/25,Squarespace,New York,NY,10014,Other,Software
Governor,"WEISER, PHILIP",Democratic,7500,8/4/25,The Bighorn Company,Lakewood,CO,80226,Consultant & Professional Services,Communications Consulting
Governor,"WEISER, PHILIP",Democratic,101.27,8/5/25,Numero,Costa Mesa,CA,92626,Fundraising Expenses,Merchant Fees
Governor,"WEISER, PHILIP",Democratic,24,8/6/25,Airtable,San Francisco,CA,94103,Other,Software
Governor,"WEISER, PHILIP",Democratic,7139.1,8/6/25,Ascend Digital Strategies Llc,Washington,DC,20001,Consultant & Professional Services,Email Services & Texting
Governor,"WEISER, PHILIP",Democratic,5000,8/6/25,Bee Compliance Llc,Washington,DC,20003,Consultant & Professional Services,Compliance Consulting
Governor,"WEISER, PHILIP",Democratic,2267.09,8/10/25,Actblue Technical Services,Somerville,MA,02144,Fundraising Expenses,Processing Fees
Governor,"WEISER, PHILIP",Democratic,100,8/11/25,Apollo Artistry,Chicago,IL,60610,Consultant & Professional Services,Website Hosting
Governor,"WEISER, PHILIP",Democratic,6750,8/11/25,"Ngpvan, Inc.",Pittsburgh,PA,15251,Other,Software
Governor,"WEISER, PHILIP",Democratic,101.42,8/11/25,Numero,Costa Mesa,CA,92626,Fundraising Expenses,Merchant Fees
Governor,"WEISER, PHILIP",Democratic,15180.56,8/12/25,Gusto,San Francisco,CA,94107,Employee Services,Payroll
Governor,"WEISER, PHILIP",Democratic,6526.85,8/12/25,Gusto,San Francisco,CA,94107,Employee Services,Payroll Taxes
Governor,"WEISER, PHILIP",Democratic,159.85,8/13/25,Vistaprint,Waltham,MA,02451,Office Equipment & Supplies,Postcards
Governor,"WEISER, PHILIP",Democratic,104.1,8/14/25,Intuit,Atlanta,GA,30308,Other,Accounting Software
Governor,"WEISER, PHILIP",Democratic,2036.09,8/17/25,Actblue Technical Services,Somerville,MA,02144,Fundraising Expenses,Processing Fees
Governor,"WEISER, PHILIP",Democratic,246.58,8/18/25,Numero,Costa Mesa,CA,92626,Fundraising Expenses,Merchant Fees
Governor,"WEISER, PHILIP",Democratic,2251.2,8/24/25,Actblue Technical Services,Somerville,MA,02144,Fundraising Expenses,Processing Fees
Governor,"WEISER, PHILIP",Democratic,30,8/25/25,Canva,Surry Hills,NS,2010,Other,Software
Governor,"WEISER, PHILIP",Democratic,51.56,8/25/25,Numero,Costa Mesa,CA,92626,Fundraising Expenses,Merchant Fees
Governor,"WEISER, PHILIP",Democratic,28.8,8/26/25,Evan  Barrie-Kivel,Denver,CO,80201,Office Equipment & Supplies,Reimbursement - Office Supplies
Governor,"WEISER, PHILIP",Democratic,19046.59,8/26/25,Gusto,San Francisco,CA,94107,Employee Services,Payroll
Governor,"WEISER, PHILIP",Democratic,3623.04,8/26/25,Gusto,San Francisco,CA,94107,Employee Services,Payroll
Governor,"WEISER, PHILIP",Democratic,8741.24,8/26/25,Gusto,San Francisco,CA,94107,Employee Services,Payroll Taxes
Governor,"WEISER, PHILIP",Democratic,1781.96,8/26/25,Gusto,San Francisco,CA,94107,Employee Services,Payroll Taxes
Governor,"WEISER, PHILIP",Democratic,96.48,8/26/25,Anna  Huck,Denver,CO,80201,Office Equipment & Supplies,Reimbursement - Office Supplies
Governor,"WEISER, PHILIP",Democratic,60.69,8/27/25,Stripe,South San Francisco,CA,94080,Fundraising Expenses,Processing Fees
Governor,"WEISER, PHILIP",Democratic,36.24,8/28/25,Stripe,South San Francisco,CA,94080,Fundraising Expenses,Processing Fees
Governor,"WEISER, PHILIP",Democratic,57,8/29/25,Firstbank,Lakewood,CO,80215,Bank Fees,Bank Fees
Governor,"WEISER, PHILIP",Democratic,7,8/29/25,Firstbank,Lakewood,CO,80215,Bank Fees,Bank Fees
Governor,"WEISER, PHILIP",Democratic,2.1,8/29/25,Stripe,South San Francisco,CA,94080,Fundraising Expenses,Processing Fees
Governor,"WEISER, PHILIP",Democratic,1812.31,8/31/25,Actblue Technical Services,Somerville,MA,02144,Fundraising Expenses,Processing Fees
Governor,"WEISER, PHILIP",Democratic,364.76,9/2/25,Numero,Costa Mesa,CA,92626,Fundraising Expenses,Merchant Fees
Governor,"WEISER, PHILIP",Democratic,675,9/2/25,Numero,Costa Mesa,CA,92626,Other,Software
Governor,"WEISER, PHILIP",Democratic,91.48,9/3/25,Gusto,San Francisco,CA,94107,Other,Payroll Processing Fees
Governor,"WEISER, PHILIP",Democratic,2.97,9/3/25,Stripe,South San Francisco,CA,94080,Fundraising Expenses,Processing Fees
Governor,"WEISER, PHILIP",Democratic,22.37,9/4/25,Stripe,South San Francisco,CA,94080,Fundraising Expenses,Processing Fees
Governor,"WEISER, PHILIP",Democratic,8.91,9/5/25,Stripe,South San Francisco,CA,94080,Fundraising Expenses,Processing Fees
Governor,"WEISER, PHILIP",Democratic,7500,9/5/25,The Bighorn Company,Lakewood,CO,80226,Consultant & Professional Services,Communications Consulting
Governor,"WEISER, PHILIP",Democratic,1633.19,9/7/25,Actblue Technical Services,Somerville,MA,02144,Fundraising Expenses,Processing Fees
Governor,"WEISER, PHILIP",Democratic,24,9/8/25,Airtable,San Francisco,CA,94103,Other,Software
Governor,"WEISER, PHILIP",Democratic,18.63,9/8/25,Stripe,South San Francisco,CA,94080,Fundraising Expenses,Processing Fees
Governor,"WEISER, PHILIP",Democratic,100,9/9/25,Apollo Artistry,Chicago,IL,60610,Consultant & Professional Services,Website Hosting
Governor,"WEISER, PHILIP",Democratic,7027.06,9/9/25,Ascend Digital Strategies Llc,Washington,DC,20001,Consultant & Professional Services,Email Services & Texting
Governor,"WEISER, PHILIP",Democratic,699.6,9/9/25,Numero,Costa Mesa,CA,92626,Fundraising Expenses,Merchant Fees
Governor,"WEISER, PHILIP",Democratic,5694.59,9/10/25,Gusto,San Francisco,CA,94107,Employee Services,Payroll Taxes
Governor,"WEISER, PHILIP",Democratic,14348.26,9/10/25,Gusto,San Francisco,CA,94107,Employee Services,Payroll
Governor,"WEISER, PHILIP",Democratic,9.6,9/10/25,Stripe,South San Francisco,CA,94080,Fundraising Expenses,Processing Fees
Governor,"WEISER, PHILIP",Democratic,0.65,9/11/25,Stripe,South San Francisco,CA,94080,Fundraising Expenses,Processing Fees
Governor,"WEISER, PHILIP",Democratic,2.13,9/12/25,Stripe,South San Francisco,CA,94080,Fundraising Expenses,Processing Fees
Governor,"WEISER, PHILIP",Democratic,1832.91,9/14/25,Actblue Technical Services,Somerville,MA,02144,Fundraising Expenses,Processing Fees
Governor,"WEISER, PHILIP",Democratic,120.92,9/15/25,Intuit,Atlanta,GA,30308,Other,Accounting Software
Governor,"WEISER, PHILIP",Democratic,150.24,9/15/25,Numero,Costa Mesa,CA,92626,Fundraising Expenses,Merchant Fees
Governor,"WEISER, PHILIP",Democratic,4.71,9/18/25,Stripe,South San Francisco,CA,94080,Fundraising Expenses,Processing Fees
Governor,"WEISER, PHILIP",Democratic,1.4,9/19/25,Stripe,South San Francisco,CA,94080,Fundraising Expenses,Processing Fees
Governor,"WEISER, PHILIP",Democratic,1707.04,9/21/25,Actblue Technical Services,Somerville,MA,02144,Fundraising Expenses,Processing Fees
Governor,"WEISER, PHILIP",Democratic,2.54,9/22/25,Stripe,South San Francisco,CA,94080,Fundraising Expenses,Processing Fees
Governor,"WEISER, PHILIP",Democratic,380.91,9/23/25,Numero,Costa Mesa,CA,92626,Fundraising Expenses,Merchant Fees
Governor,"WEISER, PHILIP",Democratic,2.45,9/23/25,Stripe,South San Francisco,CA,94080,Fundraising Expenses,Processing Fees
Governor,"WEISER, PHILIP",Democratic,15.33,9/24/25,Stripe,South San Francisco,CA,94080,Fundraising Expenses,Processing Fees
Governor,"WEISER, PHILIP",Democratic,17.99,9/25/25,Evan  Barrie-Kivel,Denver,CO,80201,Office Equipment & Supplies,Reimbursement - Office Supplies
Governor,"WEISER, PHILIP",Democratic,30,9/25/25,Canva,Surry Hills,NS,2010,Other,Software
Governor,"WEISER, PHILIP",Democratic,7021.3,9/25/25,Gusto,San Francisco,CA,94107,Employee Services,Payroll Taxes
Governor,"WEISER, PHILIP",Democratic,16956.63,9/25/25,Gusto,San Francisco,CA,94107,Employee Services,Payroll
Governor,"WEISER, PHILIP",Democratic,0.65,9/25/25,Stripe,South San Francisco,CA,94080,Fundraising Expenses,Processing Fees
Governor,"WEISER, PHILIP",Democratic,1.32,9/26/25,Stripe,South San Francisco,CA,94080,Fundraising Expenses,Processing Fees
Governor,"WEISER, PHILIP",Democratic,1668.34,9/28/25,Actblue Technical Services,Somerville,MA,02144,Fundraising Expenses,Processing Fees
Governor,"WEISER, PHILIP",Democratic,508.86,9/29/25,Pat J Blumenthal,Denver,CO,80201,Other,Paid Canvassing
Governor,"WEISER, PHILIP",Democratic,6.89,9/29/25,Stripe,South San Francisco,CA,94080,Fundraising Expenses,Processing Fees
Governor,"WEISER, PHILIP",Democratic,1171.71,9/30/25,Actblue Technical Services,Somerville,MA,02144,Fundraising Expenses,Processing Fees
Governor,"WEISER, PHILIP",Democratic,2019.28,9/30/25,Artist Proof Collective,Denver,CO,80204,Advertising,Flyers
Governor,"WEISER, PHILIP",Democratic,6,9/30/25,Firstbank,Lakewood,CO,80215,Bank Fees,Bank Fees
Governor,"WEISER, PHILIP",Democratic,67,9/30/25,Firstbank,Lakewood,CO,80215,Bank Fees,Bank Fees
Governor,"WEISER, PHILIP",Democratic,280.63,9/30/25,Numero,Costa Mesa,CA,92626,Fundraising Expenses,Merchant Fees
Governor,"WEISER, PHILIP",Democratic,675,10/1/25,Numero,Costa Mesa,CA,92626,Other,Software
Governor,"WEISER, PHILIP",Democratic,91.48,10/2/25,Gusto,San Francisco,CA,94107,Other,Payroll Processing Fees
Governor,"WEISER, PHILIP",Democratic,22.04,10/2/25,Stripe,South San Francisco,CA,94080,Fundraising Expenses,Processing Fees
Governor,"WEISER, PHILIP",Democratic,7388.47,10/3/25,Ascend Digital Strategies Llc,Boulder,CO,80303,Consultant & Professional Services,Email Services & Texting
Governor,"WEISER, PHILIP",Democratic,5000,10/3/25,Bee Compliance Llc,Washington,DC,20003,Consultant & Professional Services,Compliance Consulting
Governor,"WEISER, PHILIP",Democratic,3119.34,10/3/25,Bumperactive.Com,Austin,TX,78723,Other,Merchandise
Governor,"WEISER, PHILIP",Democratic,450,10/3/25,Bumperactive.Com,Austin,TX,78723,Other,Software
Governor,"WEISER, PHILIP",Democratic,999.32,10/5/25,Actblue Technical Services,Somerville,MA,02144,Fundraising Expenses,Processing Fees
Governor,"WEISER, PHILIP",Democratic,53.88,10/6/25,Airtable,San Francisco,CA,94103,Other,Software
Governor,"WEISER, PHILIP",Democratic,150,10/6/25,Avogadro'S Number,Fort Collins,CO,80524,Fundraising Expenses,Event Space Rental
Governor,"WEISER, PHILIP",Democratic,5.7,10/6/25,Stripe,South San Francisco,CA,94080,Fundraising Expenses,Processing Fees
Governor,"WEISER, PHILIP",Democratic,892.98,10/7/25,Numero,Costa Mesa,CA,92626,Fundraising Expenses,Merchant Fees
Governor,"WEISER, PHILIP",Democratic,-9.75,10/7/25,Gusto,San Francisco,CA,94107,Returned Expenditure,Tax Refund
Governor,"WEISER, PHILIP",Democratic,-0.1,10/7/25,Gusto,San Francisco,CA,94107,Returned Expenditure,Tax Refund
Governor,"WEISER, PHILIP",Democratic,4.27,10/8/25,Stripe,South San Francisco,CA,94080,Fundraising Expenses,Processing Fees
Governor,"WEISER, PHILIP",Democratic,7500,10/8/25,The Bighorn Company,Lakewood,CO,80226,Consultant & Professional Services,Communications Consulting
Governor,"WEISER, PHILIP",Democratic,944.55,10/8/25,United Healthcare,Hopkins,MN,55343,Employee Services,Health Insurance
Governor,"WEISER, PHILIP",Democratic,100,10/9/25,Apollo Artistry,Chicago,IL,60610,Consultant & Professional Services,Website Hosting
Governor,"WEISER, PHILIP",Democratic,5000,10/9/25,Bee Compliance Llc,Washington,DC,20003,Consultant & Professional Services,Compliance Consulting
Governor,"WEISER, PHILIP",Democratic,16610.83,10/10/25,Gusto,San Francisco,CA,94107,Employee Services,Payroll
Governor,"WEISER, PHILIP",Democratic,6906.04,10/10/25,Gusto,San Francisco,CA,94107,Employee Services,Payroll Taxes
Governor,"WEISER, PHILIP",Democratic,3.54,10/10/25,Stripe,South San Francisco,CA,94080,Fundraising Expenses,Processing Fees
Governor,"WEISER, PHILIP",Democratic,1697.93,10/12/25,Actblue Technical Services,Somerville,MA,02144,Fundraising Expenses,Processing Fees
Governor,"WEISER, PHILIP",Democratic,120.92,10/14/25,Intuit,Atlanta,GA,30308,Other,Accounting Software
Governor,"WEISER, PHILIP",Democratic,215.11,10/14/25,Numero,Costa Mesa,CA,92626,Fundraising Expenses,Merchant Fees
Governor,"WEISER, PHILIP",Democratic,19.04,10/14/25,Stripe,South San Francisco,CA,94080,Fundraising Expenses,Processing Fees
Governor,"WEISER, PHILIP",Democratic,2.43,10/15/25,Stripe,South San Francisco,CA,94080,Fundraising Expenses,Processing Fees
Governor,"WEISER, PHILIP",Democratic,43.03,10/16/25,Stripe,South San Francisco,CA,94080,Fundraising Expenses,Processing Fees
Governor,"WEISER, PHILIP",Democratic,944.55,10/16/25,United Healthcare,Hopkins,MN,55343,Employee Services,Health Insurance
Governor,"WEISER, PHILIP",Democratic,5.21,10/17/25,Stripe,South San Francisco,CA,94080,Fundraising Expenses,Processing Fees
Governor,"WEISER, PHILIP",Democratic,1943.27,10/19/25,Actblue Technical Services,Somerville,MA,02144,Fundraising Expenses,Processing Fees
Governor,"WEISER, PHILIP",Democratic,16.65,10/20/25,Stripe,South San Francisco,CA,94080,Fundraising Expenses,Processing Fees
Governor,"WEISER, PHILIP",Democratic,170.64,10/21/25,Numero,Costa Mesa,CA,92626,Fundraising Expenses,Merchant Fees
Governor,"WEISER, PHILIP",Democratic,5.34,10/21/25,Stripe,South San Francisco,CA,94080,Fundraising Expenses,Processing Fees
Governor,"WEISER, PHILIP",Democratic,25.56,10/22/25,Stripe,South San Francisco,CA,94080,Fundraising Expenses,Processing Fees
Governor,"WEISER, PHILIP",Democratic,60.03,10/23/25,Artist Proof Collective,Denver,CO,80204,Advertising,Signs
Governor,"WEISER, PHILIP",Democratic,4.87,10/23/25,Stripe,South San Francisco,CA,94080,Fundraising Expenses,Processing Fees
Governor,"WEISER, PHILIP",Democratic,3.03,10/24/25,Stripe,South San Francisco,CA,94080,Fundraising Expenses,Processing Fees
Governor,"WEISER, PHILIP",Democratic,1528.3,10/26/25,Actblue Technical Services,Somerville,MA,02144,Fundraising Expenses,Processing Fees
Governor,"WEISER, PHILIP",Democratic,9848.52,10/27/25,Br Printers,Denver,CO,80229,Fundraising Expenses,Direct Mail Production & Postage
Governor,"WEISER, PHILIP",Democratic,15,10/27/25,Canva,Surry Hills,NS,2010,Other,Software
Governor,"WEISER, PHILIP",Democratic,2.13,10/27/25,Stripe,South San Francisco,CA,94080,Fundraising Expenses,Processing Fees
Governor,"WEISER, PHILIP",Democratic,-2746.39,10/27/25,Ascend Digital Strategies Llc,Boulder,CO,80303,Returned Expenditure,Vendor Refund
Governor,"WEISER, PHILIP",Democratic,16633.83,10/28/25,Gusto,San Francisco,CA,94107,Employee Services,Payroll
Governor,"WEISER, PHILIP",Democratic,6851.12,10/28/25,Gusto,San Francisco,CA,94107,Employee Services,Payroll Taxes
Governor,"WEISER, PHILIP",Democratic,226.42,10/28/25,Anna  Huck,Denver,CO,80201,Office Equipment & Supplies,Reimbursement - Office Supplies
Governor,"WEISER, PHILIP",Democratic,158.2,10/28/25,Anna  Huck,Denver,CO,80201,Travel & Lodging,Mileage Reimbursement
Governor,"WEISER, PHILIP",Democratic,82.33,10/28/25,Numero,Costa Mesa,CA,92626,Fundraising Expenses,Merchant Fees
Governor,"WEISER, PHILIP",Democratic,26.52,10/28/25,Stripe,South San Francisco,CA,94080,Fundraising Expenses,Processing Fees
Governor,"WEISER, PHILIP",Democratic,8.62,10/29/25,Stripe,South San Francisco,CA,94080,Fundraising Expenses,Processing Fees
Governor,"WEISER, PHILIP",Democratic,2.04,10/30/25,Stripe,South San Francisco,CA,94080,Fundraising Expenses,Processing Fees
Governor,"WEISER, PHILIP",Democratic,2639.79,10/31/25,Bumperactive.Com,Austin,TX,78723,Other,Merchandise
Governor,"WEISER, PHILIP",Democratic,7,10/31/25,Firstbank,Lakewood,CO,80215,Bank Fees,Bank Fees
Governor,"WEISER, PHILIP",Democratic,5.15,10/31/25,Stripe,South San Francisco,CA,94080,Fundraising Expenses,Processing Fees
Governor,"WEISER, PHILIP",Democratic,1574.41,11/2/25,Actblue Technical Services,Somerville,MA,02144,Fundraising Expenses,Processing Fees
Governor,"WEISER, PHILIP",Democratic,675,11/3/25,Numero,Costa Mesa,CA,92626,Other,Software
Governor,"WEISER, PHILIP",Democratic,3.58,11/3/25,Stripe,South San Francisco,CA,94080,Fundraising Expenses,Processing Fees
Governor,"WEISER, PHILIP",Democratic,85.17,11/4/25,Gusto,San Francisco,CA,94107,Other,Payroll Processing Fees
Governor,"WEISER, PHILIP",Democratic,234.42,11/4/25,Numero,Costa Mesa,CA,92626,Fundraising Expenses,Merchant Fees
Governor,"WEISER, PHILIP",Democratic,2.89,11/4/25,Stripe,South San Francisco,CA,94080,Fundraising Expenses,Processing Fees
Governor,"WEISER, PHILIP",Democratic,7500,11/4/25,The Bighorn Company,Lakewood,CO,80226,Consultant & Professional Services,Communications Consulting
Governor,"WEISER, PHILIP",Democratic,6750,11/5/25,"Ngpvan, Inc.",Pittsburgh,PA,15251,Other,Software
Governor,"WEISER, PHILIP",Democratic,8.03,11/5/25,Stripe,South San Francisco,CA,94080,Fundraising Expenses,Processing Fees
Governor,"WEISER, PHILIP",Democratic,48,11/6/25,Airtable,San Francisco,CA,94103,Other,Software
Governor,"WEISER, PHILIP",Democratic,15.69,11/6/25,Stripe,South San Francisco,CA,94080,Fundraising Expenses,Processing Fees
Governor,"WEISER, PHILIP",Democratic,1900,11/6/25,York 38 Llc,Denver,CO,80204,Rent & Utilities,Rent Payment
Governor,"WEISER, PHILIP",Democratic,10.75,11/7/25,Stripe,South San Francisco,CA,94080,Fundraising Expenses,Processing Fees
Governor,"WEISER, PHILIP",Democratic,626.75,11/7/25,Usps,Denver,CO,80202,Office Equipment & Supplies,Postage
Governor,"WEISER, PHILIP",Democratic,2027.55,11/9/25,Actblue Technical Services,Somerville,MA,02144,Fundraising Expenses,Processing Fees
Governor,"WEISER, PHILIP",Democratic,100,11/10/25,Apollo Artistry,Chicago,IL,60610,Consultant & Professional Services,Website Hosting
Governor,"WEISER, PHILIP",Democratic,11.53,11/10/25,Stripe,South San Francisco,CA,94080,Fundraising Expenses,Processing Fees
Governor,"WEISER, PHILIP",Democratic,68.6,11/12/25,Evan  Barrie-Kivel,Denver,CO,80201,Travel & Lodging,Reimbursement - Mileage
Governor,"WEISER, PHILIP",Democratic,5000,11/12/25,Bee Compliance Llc,Washington,DC,20003,Consultant & Professional Services,Compliance Consulting
Governor,"WEISER, PHILIP",Democratic,16610.82,11/12/25,Gusto,San Francisco,CA,94107,Employee Services,Payroll
Governor,"WEISER, PHILIP",Democratic,6883.14,11/12/25,Gusto,San Francisco,CA,94107,Employee Services,Payroll Taxes
Governor,"WEISER, PHILIP",Democratic,458.72,11/12/25,Numero,Costa Mesa,CA,92626,Fundraising Expenses,Merchant Fees
Governor,"WEISER, PHILIP",Democratic,2.06,11/12/25,Stripe,South San Francisco,CA,94080,Fundraising Expenses,Processing Fees
Governor,"WEISER, PHILIP",Democratic,10,11/13/25,Firstbank,Lakewood,CO,80215,Bank Fees,Bank Fees
Governor,"WEISER, PHILIP",Democratic,7000,11/13/25,Greenberg Quinlan Rosner Research,Washington,DC,20005,Consultant & Professional Services,Research Services
Governor,"WEISER, PHILIP",Democratic,2.22,11/13/25,Stripe,South San Francisco,CA,94080,Fundraising Expenses,Processing Fees
Governor,"WEISER, PHILIP",Democratic,491.07,11/13/25,Switchboard,Washington,DC,20033,Fundraising Expenses,Texting
Governor,"WEISER, PHILIP",Democratic,29774.16,11/13/25,Village Square Llc,Washington,DC,20003,Consultant & Professional Services,Production Services And Travel
Governor,"WEISER, PHILIP",Democratic,5646.77,11/13/25,Village Square Llc,Washington,DC,20003,Consultant & Professional Services,Production Services
Governor,"WEISER, PHILIP",Democratic,120.92,11/14/25,Intuit,Atlanta,GA,30308,Other,Accounting Software
Governor,"WEISER, PHILIP",Democratic,8.54,11/14/25,Stripe,South San Francisco,CA,94080,Fundraising Expenses,Processing Fees
Governor,"WEISER, PHILIP",Democratic,1966.72,11/16/25,Actblue Technical Services,Somerville,MA,02144,Fundraising Expenses,Processing Fees
Governor,"WEISER, PHILIP",Democratic,3.15,11/17/25,Stripe,South San Francisco,CA,94080,Fundraising Expenses,Processing Fees
Governor,"WEISER, PHILIP",Democratic,222.59,11/18/25,Numero,Costa Mesa,CA,92626,Fundraising Expenses,Merchant Fees
Governor,"WEISER, PHILIP",Democratic,1.76,11/18/25,Stripe,South San Francisco,CA,94080,Fundraising Expenses,Processing Fees
Governor,"WEISER, PHILIP",Democratic,2.9,11/19/25,Stripe,South San Francisco,CA,94080,Fundraising Expenses,Processing Fees
Governor,"WEISER, PHILIP",Democratic,2.96,11/20/25,Stripe,South San Francisco,CA,94080,Fundraising Expenses,Processing Fees
Governor,"WEISER, PHILIP",Democratic,8.47,11/21/25,Stripe,South San Francisco,CA,94080,Fundraising Expenses,Processing Fees
Governor,"WEISER, PHILIP",Democratic,1745.23,11/23/25,Actblue Technical Services,Somerville,MA,02144,Fundraising Expenses,Processing Fees
Governor,"WEISER, PHILIP",Democratic,34.87,11/24/25,Evan  Barrie-Kivel,Denver,CO,80201,Office Equipment & Supplies,Reimbursement - Office Supplies
Governor,"WEISER, PHILIP",Democratic,6798.84,11/24/25,Gusto,San Francisco,CA,94107,Employee Services,Payroll Taxes
Governor,"WEISER, PHILIP",Democratic,16633.84,11/24/25,Gusto,San Francisco,CA,94107,Employee Services,Payroll
Governor,"WEISER, PHILIP",Democratic,23,11/24/25,Sydney  Powell,Crested Butte,CO,81224,Office Equipment & Supplies,Reimbursement - Shipping And Software
Governor,"WEISER, PHILIP",Democratic,2.63,11/24/25,Stripe,South San Francisco,CA,94080,Fundraising Expenses,Processing Fees
Governor,"WEISER, PHILIP",Democratic,15,11/25/25,Canva,Surry Hills,NS,2010,Other,Software
Governor,"WEISER, PHILIP",Democratic,548.3,11/25/25,Numero,Costa Mesa,CA,92626,Fundraising Expenses,Merchant Fees
Governor,"WEISER, PHILIP",Democratic,0.83,11/25/25,Stripe,South San Francisco,CA,94080,Fundraising Expenses,Processing Fees
Governor,"WEISER, PHILIP",Democratic,16.5,11/26/25,Stripe,South San Francisco,CA,94080,Fundraising Expenses,Processing Fees
Governor,"WEISER, PHILIP",Democratic,3366.79,11/28/25,Bumperactive.Com,Austin,TX,78723,Other,Merchandise
Governor,"WEISER, PHILIP",Democratic,10,11/28/25,Firstbank,Lakewood,CO,80215,Bank Fees,Bank Fees
Governor,"WEISER, PHILIP",Democratic,2296.48,11/28/25,Squarespace,New York,NY,10014,Other,Software
Governor,"WEISER, PHILIP",Democratic,1346.52,11/30/25,Actblue Technical Services,Somerville,MA,02144,Fundraising Expenses,Processing Fees
Governor,"WEISER, PHILIP",Democratic,675,12/1/25,Numero,Costa Mesa,CA,92626,Other,Software
Governor,"WEISER, PHILIP",Democratic,78.86,12/2/25,Gusto,San Francisco,CA,94107,Other,Payroll Processing Fees
Governor,"WEISER, PHILIP",Democratic,184.93,12/2/25,Numero,Costa Mesa,CA,92626,Fundraising Expenses,Merchant Fees
Governor,"WEISER, PHILIP",Democratic,1.49,12/2/25,Stripe,South San Francisco,CA,94080,Fundraising Expenses,Processing Fees
Governor,"WEISER, PHILIP",Democratic,45.12,12/3/25,Stripe,South San Francisco,CA,94080,Fundraising Expenses,Processing Fees
Governor,"WEISER, PHILIP",Democratic,5000,12/4/25,Bee Compliance Llc,Washington,DC,20003,Consultant & Professional Services,Compliance Consulting
Governor,"WEISER, PHILIP",Democratic,9.99,12/4/25,Stripe,South San Francisco,CA,94080,Fundraising Expenses,Processing Fees
Governor,"WEISER, PHILIP",Democratic,758.44,12/4/25,Switchboard,Washington,DC,20033,Fundraising Expenses,Texting
Governor,"WEISER, PHILIP",Democratic,3800,12/4/25,York 38 Llc,Denver,CO,80204,Rent & Utilities,Rent Payment
Governor,"WEISER, PHILIP",Democratic,1.5,12/5/25,Stripe,South San Francisco,CA,94080,Fundraising Expenses,Processing Fees
Governor,"WEISER, PHILIP",Democratic,1797.33,12/7/25,Actblue Technical Services,Somerville,MA,02144,Fundraising Expenses,Processing Fees
Governor,"WEISER, PHILIP",Democratic,48,12/8/25,Airtable,San Francisco,CA,94103,Other,Software
Governor,"WEISER, PHILIP",Democratic,11.01,12/8/25,Stripe,South San Francisco,CA,94080,Fundraising Expenses,Processing Fees
Governor,"WEISER, PHILIP",Democratic,100,12/9/25,Apollo Artistry,Chicago,IL,60610,Consultant & Professional Services,Website Hosting
Governor,"WEISER, PHILIP",Democratic,239.1,12/9/25,Numero,Costa Mesa,CA,92626,Fundraising Expenses,Merchant Fees
Governor,"WEISER, PHILIP",Democratic,2.62,12/9/25,Stripe,South San Francisco,CA,94080,Fundraising Expenses,Processing Fees
Governor,"WEISER, PHILIP",Democratic,16610.82,12/10/25,Gusto,San Francisco,CA,94107,Employee Services,Payroll
Governor,"WEISER, PHILIP",Democratic,6794.32,12/10/25,Gusto,San Francisco,CA,94107,Employee Services,Payroll Taxes
Governor,"WEISER, PHILIP",Democratic,35.68,12/10/25,Stripe,South San Francisco,CA,94080,Fundraising Expenses,Processing Fees
Governor,"WEISER, PHILIP",Democratic,944.55,12/10/25,United Healthcare,Hopkins,MN,55343,Employee Services,Health Insurance
Governor,"WEISER, PHILIP",Democratic,2000,12/11/25,Joyann  Ruscha,Denver,CO,80238,Consultant & Professional Services,Communications Consulting
Governor,"WEISER, PHILIP",Democratic,6.15,12/11/25,Stripe,South San Francisco,CA,94080,Fundraising Expenses,Processing Fees
Governor,"WEISER, PHILIP",Democratic,10000,12/11/25,The Bighorn Company,Lakewood,CO,80226,Consultant & Professional Services,Communications Consulting
Governor,"WEISER, PHILIP",Democratic,5.12,12/12/25,Stripe,South San Francisco,CA,94080,Fundraising Expenses,Processing Fees
Governor,"WEISER, PHILIP",Democratic,-175.83,12/12/25,Squarespace,New York,NY,10014,Returned Expenditure,Vendor Refund
Governor,"WEISER, PHILIP",Democratic,1161.22,12/14/25,Actblue Technical Services,Somerville,MA,02144,Fundraising Expenses,Processing Fees
Governor,"WEISER, PHILIP",Democratic,120.92,12/15/25,Intuit,Atlanta,GA,30308,Other,Accounting Software
Governor,"WEISER, PHILIP",Democratic,2.89,12/15/25,Stripe,South San Francisco,CA,94080,Fundraising Expenses,Processing Fees
Governor,"WEISER, PHILIP",Democratic,324.41,12/16/25,Numero,Costa Mesa,CA,92626,Fundraising Expenses,Merchant Fees
Governor,"WEISER, PHILIP",Democratic,650,12/16/25,The Lincoln Center,Fort Collins,CO,80521,Fundraising Expenses,Event Space Rental
Governor,"WEISER, PHILIP",Democratic,433.75,12/17/25,Clements Center,Lakewood,CO,80214,Fundraising Expenses,Event Space Rental
Governor,"WEISER, PHILIP",Democratic,13.55,12/17/25,Stripe,South San Francisco,CA,94080,Fundraising Expenses,Processing Fees
Governor,"WEISER, PHILIP",Democratic,174.23,12/18/25,Squarespace,New York,NY,10014,Other,Software
Governor,"WEISER, PHILIP",Democratic,1595.57,12/21/25,Actblue Technical Services,Somerville,MA,02144,Fundraising Expenses,Processing Fees
Governor,"WEISER, PHILIP",Democratic,352.18,12/23/25,Numero,Costa Mesa,CA,92626,Fundraising Expenses,Merchant Fees
Governor,"WEISER, PHILIP",Democratic,20,12/24/25,Colorado Organization For Victim Assistance (Cova),Denver,CO,80222,Contributions,Charitable Contribution
Governor,"WEISER, PHILIP",Democratic,15,12/26/25,Canva,Surry Hills,NS,2010,Other,Software
Governor,"WEISER, PHILIP",Democratic,6746.94,12/26/25,Gusto,San Francisco,CA,94107,Employee Services,Payroll Taxes
Governor,"WEISER, PHILIP",Democratic,16633.84,12/26/25,Gusto,San Francisco,CA,94107,Employee Services,Payroll
Governor,"WEISER, PHILIP",Democratic,130.48,12/26/25,Anna  Huck,Denver,CO,80201,Travel & Lodging,Reimbursement - Travel
Governor,"WEISER, PHILIP",Democratic,145.03,12/26/25,Sydney  Powell,Crested Butte,CO,81224,Office Equipment & Supplies,Reimbursement - Software And Travel
Governor,"WEISER, PHILIP",Democratic,1143.7,12/28/25,Actblue Technical Services,Somerville,MA,02144,Fundraising Expenses,Processing Fees
Governor,"WEISER, PHILIP",Democratic,548.08,12/29/25,Numero,Costa Mesa,CA,92626,Fundraising Expenses,Merchant Fees
Governor,"WEISER, PHILIP",Democratic,28.95,12/29/25,Stripe,South San Francisco,CA,94080,Fundraising Expenses,Processing Fees
Governor,"WEISER, PHILIP",Democratic,167.95,12/30/25,Squarespace,New York,NY,10014,Other,Software
Governor,"WEISER, PHILIP",Democratic,1732.4,12/31/25,Actblue Technical Services,Somerville,MA,02144,Fundraising Expenses,Processing Fees
Governor,"WEISER, PHILIP",Democratic,8,12/31/25,Firstbank,Lakewood,CO,80215,Bank Fees,Bank Fees
Secretary of State,"DANIELSON, JESSIE",Democratic,250,7/18/25,Douglas County Democratic Party,Highlands Ranch,CO,80130,Other,Dcdp Gala
Secretary of State,"DANIELSON, JESSIE",Democratic,1758.72,7/20/25,Actblue,Somerville,MA,02144,Fundraising Expenses,
Secretary of State,"DANIELSON, JESSIE",Democratic,101.89,7/21/25,Verizon,New York,NY,10036,Telephone,
Secretary of State,"DANIELSON, JESSIE",Democratic,36.81,7/21/25,Denver Post,Denver,CO,80216,Consultant & Professional Services,
Secretary of State,"DANIELSON, JESSIE",Democratic,500,7/22/25,Jessie Danielson Pac,Wheat Ridge,CO,80034,Contributions,
Secretary of State,"DANIELSON, JESSIE",Democratic,11.99,7/22/25,,,,,Consultant & Professional Services,
Secretary of State,"DANIELSON, JESSIE",Democratic,237.84,7/27/25,Actblue,Somerville,MA,02144,Fundraising Expenses,
Secretary of State,"DANIELSON, JESSIE",Democratic,3000,7/28/25,Dk Consulting Llc,Aurora,CO,80016,Consultant & Professional Services,
Secretary of State,"DANIELSON, JESSIE",Democratic,15,7/31/25,,,,,Bank Fees,
Secretary of State,"DANIELSON, JESSIE",Democratic,600,8/1/25,Numero Inc,Irvine,CA,92618,Consultant & Professional Services,
Secretary of State,"DANIELSON, JESSIE",Democratic,116.75,8/3/25,Actblue,Somerville,MA,02144,Fundraising Expenses,
Secretary of State,"DANIELSON, JESSIE",Democratic,12168.4,8/4/25,Upstream,Wheat Ridge,CO,80033,Consultant & Professional Services,
Secretary of State,"DANIELSON, JESSIE",Democratic,650,8/4/25,Ngp Van,Washington,DC,20005,Consultant & Professional Services,
Secretary of State,"DANIELSON, JESSIE",Democratic,3000,8/5/25,Philantropy Experts Political,Denver,CO,80250,Consultant & Professional Services,
Secretary of State,"DANIELSON, JESSIE",Democratic,60.1,8/7/25,Loaded Joe'S,Avon,CO,81620,"Food, Beverages and Meals",
Secretary of State,"DANIELSON, JESSIE",Democratic,17.7,8/7/25,,,,,Travel & Lodging,
Secretary of State,"DANIELSON, JESSIE",Democratic,57.43,8/8/25,Safeway,Alamosa,CO,81101,Travel & Lodging,
Secretary of State,"DANIELSON, JESSIE",Democratic,35.95,8/8/25,San Luis Valley Brewing Company,Alamosa,CO,81101,Travel & Lodging,
Secretary of State,"DANIELSON, JESSIE",Democratic,23.16,8/8/25,Raisin' Rye,Del Norte,CO,81132,Travel & Lodging,
Secretary of State,"DANIELSON, JESSIE",Democratic,17.99,8/8/25,,,,,Travel & Lodging,
Secretary of State,"DANIELSON, JESSIE",Democratic,5.48,8/8/25,,,,,Travel & Lodging,
Secretary of State,"DANIELSON, JESSIE",Democratic,4.46,8/8/25,,,,,Travel & Lodging,
Secretary of State,"DANIELSON, JESSIE",Democratic,2.05,8/8/25,,,,,Travel & Lodging,
Secretary of State,"DANIELSON, JESSIE",Democratic,17.4,8/10/25,Actblue,Somerville,MA,02144,Fundraising Expenses,
Secretary of State,"DANIELSON, JESSIE",Democratic,154.4,8/11/25,The Windsor Hotel,Del Norte,CO,81132,Travel & Lodging,
Secretary of State,"DANIELSON, JESSIE",Democratic,154.4,8/11/25,The Windsor Hotel,Del Norte,CO,81132,Travel & Lodging,
Secretary of State,"DANIELSON, JESSIE",Democratic,31.98,8/11/25,The Village Pub,Saguache,CO,81149,Travel & Lodging,
Secretary of State,"DANIELSON, JESSIE",Democratic,63.46,8/17/25,Actblue,Somerville,MA,02144,Fundraising Expenses,
Secretary of State,"DANIELSON, JESSIE",Democratic,102.44,8/19/25,Verizon,New York,NY,10036,Telephone,
Secretary of State,"DANIELSON, JESSIE",Democratic,36.81,8/20/25,Denver Post,Denver,CO,80216,Consultant & Professional Services,
Secretary of State,"DANIELSON, JESSIE",Democratic,11.99,8/22/25,,,,,Consultant & Professional Services,
Secretary of State,"DANIELSON, JESSIE",Democratic,10.74,8/24/25,Actblue,Somerville,MA,02144,Fundraising Expenses,
Secretary of State,"DANIELSON, JESSIE",Democratic,15142.2,8/25/25,Dialogue Digital,Lakewood,CO,80226,Consultant & Professional Services,
Secretary of State,"DANIELSON, JESSIE",Democratic,31.95,8/28/25,Grateful Deli,Aspen,CO,81611,Travel & Lodging,
Secretary of State,"DANIELSON, JESSIE",Democratic,7.32,8/28/25,,,,,Travel & Lodging,
Secretary of State,"DANIELSON, JESSIE",Democratic,86.8,8/29/25,Love'S Travel Stops,Buena Vista,CO,81211,Travel & Lodging,
Secretary of State,"DANIELSON, JESSIE",Democratic,10.4,8/29/25,,,,,Travel & Lodging,
Secretary of State,"DANIELSON, JESSIE",Democratic,10.39,8/29/25,,,,,Travel & Lodging,
Secretary of State,"DANIELSON, JESSIE",Democratic,19.59,8/31/25,Actblue,Somerville,MA,02144,Fundraising Expenses,
Secretary of State,"DANIELSON, JESSIE",Democratic,600,9/2/25,Numero Inc,Irvine,CA,92618,Consultant & Professional Services,
Secretary of State,"DANIELSON, JESSIE",Democratic,2000,9/4/25,Datazapp,Ormond Beach,FL,32174,Consultant & Professional Services,
Secretary of State,"DANIELSON, JESSIE",Democratic,58.87,9/7/25,Actblue,Somerville,MA,02144,Fundraising Expenses,
Secretary of State,"DANIELSON, JESSIE",Democratic,276,9/8/25,Squarespace,New York,NY,10014,Consultant & Professional Services,
Secretary of State,"DANIELSON, JESSIE",Democratic,100,9/9/25,Eagle County Democrats,Basalt,CO,81621,Other,Event
Secretary of State,"DANIELSON, JESSIE",Democratic,101.96,9/14/25,Actblue,Somerville,MA,02144,Fundraising Expenses,
Secretary of State,"DANIELSON, JESSIE",Democratic,75,9/15/25,Jefferson County Democratic Party,Lakewood,CO,80226,Other,Event
Secretary of State,"DANIELSON, JESSIE",Democratic,102.8,9/19/25,Verizon,New York,NY,10036,Telephone,
Secretary of State,"DANIELSON, JESSIE",Democratic,36.81,9/19/25,Denver Post,Denver,CO,80216,Consultant & Professional Services,
Secretary of State,"DANIELSON, JESSIE",Democratic,189.44,9/21/25,Actblue,Somerville,MA,02144,Fundraising Expenses,
Secretary of State,"DANIELSON, JESSIE",Democratic,11.99,9/22/25,,,,,Consultant & Professional Services,
Secretary of State,"DANIELSON, JESSIE",Democratic,60.98,9/26/25,La Baguette,Colorado Springs,CO,80903,"Food, Beverages and Meals",
Secretary of State,"DANIELSON, JESSIE",Democratic,7.04,9/26/25,,,,,Travel & Lodging,
Secretary of State,"DANIELSON, JESSIE",Democratic,2.5,9/26/25,,,,,Travel & Lodging,
Secretary of State,"DANIELSON, JESSIE",Democratic,1.5,9/26/25,,,,,Travel & Lodging,
Secretary of State,"DANIELSON, JESSIE",Democratic,351.47,9/28/25,Actblue,Somerville,MA,02144,Fundraising Expenses,
Secretary of State,"DANIELSON, JESSIE",Democratic,144.35,9/29/25,Hampton Inn,Mclean,VA,22102,Travel & Lodging,
Secretary of State,"DANIELSON, JESSIE",Democratic,144.35,9/29/25,Hampton Inn,Mclean,VA,22102,Travel & Lodging,
Secretary of State,"DANIELSON, JESSIE",Democratic,7.47,9/29/25,,,,,Travel & Lodging,
Secretary of State,"DANIELSON, JESSIE",Democratic,286.29,9/30/25,Actblue,Somerville,MA,02144,Fundraising Expenses,
Secretary of State,"DANIELSON, JESSIE",Democratic,600,10/1/25,Numero Inc,Irvine,CA,92618,Consultant & Professional Services,
Secretary of State,"DANIELSON, JESSIE",Democratic,3000,10/1/25,Pe Political,Denver,CO,80250,Consultant & Professional Services,
Secretary of State,"DANIELSON, JESSIE",Democratic,8350,10/1/25,Upstream,Wheat Ridge,CO,80033,Consultant & Professional Services,
Secretary of State,"DANIELSON, JESSIE",Democratic,1365,10/3/25,Ngp Van,Washington,DC,20005,Consultant & Professional Services,
Secretary of State,"DANIELSON, JESSIE",Democratic,7.91,10/5/25,,,,,Bank Fees,
Secretary of State,"DANIELSON, JESSIE",Democratic,32.19,10/12/25,Actblue,Somerville,MA,02144,Bank Fees,
Secretary of State,"DANIELSON, JESSIE",Democratic,3000,10/14/25,Pe Political,Denver,CO,80250,Consultant & Professional Services,
Secretary of State,"DANIELSON, JESSIE",Democratic,9200,10/14/25,Upstream,Wheat Ridge,CO,80033,Consultant & Professional Services,
Secretary of State,"DANIELSON, JESSIE",Democratic,9.73,10/19/25,,,,,Bank Fees,
Secretary of State,"DANIELSON, JESSIE",Democratic,102.96,10/20/25,Verizon,New York,NY,10036,Telephone,
Secretary of State,"DANIELSON, JESSIE",Democratic,11.99,10/22/25,,,,,Consultant & Professional Services,
Secretary of State,"DANIELSON, JESSIE",Democratic,96.7,10/26/25,Actblue,Somerville,MA,02144,Bank Fees,
Secretary of State,"DANIELSON, JESSIE",Democratic,500,10/31/25,Colorado Secretary Of State,Denver,CO,80290,Other,Invoice 2025E000389
Secretary of State,"DANIELSON, JESSIE",Democratic,124.44,11/2/25,Actblue,Somerville,MA,02144,Bank Fees,
Secretary of State,"DANIELSON, JESSIE",Democratic,682.5,11/3/25,Ngp Van,Washington,DC,20005,Consultant & Professional Services,
Secretary of State,"DANIELSON, JESSIE",Democratic,600,11/3/25,Numero Inc,Irvine,CA,92618,Consultant & Professional Services,
Secretary of State,"DANIELSON, JESSIE",Democratic,3172.23,11/5/25,Dialogue Digital,Lakewood,CO,80226,Consultant & Professional Services,
Secretary of State,"DANIELSON, JESSIE",Democratic,1136.88,11/5/25,Dialogue Digital,Lakewood,CO,80226,Consultant & Professional Services,
Secretary of State,"DANIELSON, JESSIE",Democratic,1124.92,11/5/25,Dialogue Digital,Lakewood,CO,80226,Consultant & Professional Services,
Secretary of State,"DANIELSON, JESSIE",Democratic,100,11/5/25,Rio Grande Democratic Central Committee,Monte Vista,CO,81144,Contributions,
Secretary of State,"DANIELSON, JESSIE",Democratic,249,11/9/25,Actblue,Somerville,MA,02144,Bank Fees,
Secretary of State,"DANIELSON, JESSIE",Democratic,110.95,11/13/25,Godaddy,Tempe,AZ,85284,Consultant & Professional Services,
Secretary of State,"DANIELSON, JESSIE",Democratic,12.23,11/14/25,,,,,"Food, Beverages and Meals",
Secretary of State,"DANIELSON, JESSIE",Democratic,3077,11/18/25,Pe Political,Denver,CO,80250,Consultant & Professional Services,
Secretary of State,"DANIELSON, JESSIE",Democratic,102.96,11/19/25,Verizon,New York,NY,10036,Telephone,
Secretary of State,"DANIELSON, JESSIE",Democratic,6.45,11/19/25,,,,,Travel & Lodging,
Secretary of State,"DANIELSON, JESSIE",Democratic,11.99,11/24/25,,,,,Consultant & Professional Services,
Secretary of State,"DANIELSON, JESSIE",Democratic,103.49,12/1/25,Microsoft,Redmond,WA,98052,Consultant & Professional Services,
Secretary of State,"DANIELSON, JESSIE",Democratic,600,12/1/25,Numero Inc,Irvine,CA,92618,Consultant & Professional Services,
Secretary of State,"DANIELSON, JESSIE",Democratic,682.5,12/3/25,Ngp Van,Washington,DC,20005,Consultant & Professional Services,
Secretary of State,"DANIELSON, JESSIE",Democratic,14.76,12/4/25,,,,,"Food, Beverages and Meals",
Secretary of State,"DANIELSON, JESSIE",Democratic,9.6,12/5/25,,,,,"Food, Beverages and Meals",
Secretary of State,"DANIELSON, JESSIE",Democratic,1750,12/10/25,Hms Communications,Centennial,CO,80112,Consultant & Professional Services,
Secretary of State,"DANIELSON, JESSIE",Democratic,102.69,12/19/25,Verizon,New York,NY,10036,Telephone,
Secretary of State,"DANIELSON, JESSIE",Democratic,11.99,12/22/25,,,,,Consultant & Professional Services,
Secretary of State,"DANIELSON, JESSIE",Democratic,18.34,12/23/25,,,,,Consultant & Professional Services,
Secretary of State,"GONZALEZ, AMANDA",Democratic,671.72,1/12/25,Actblue Technical Services,Somerville,MA,02144,Bank Fees,Merchant Processing Fee
Secretary of State,"GONZALEZ, AMANDA",Democratic,46.64,1/19/25,Actblue Technical Services,Somerville,MA,02144,Bank Fees,Merchant Processing Fee
Secretary of State,"GONZALEZ, AMANDA",Democratic,141.68,1/26/25,Actblue Technical Services,Somerville,MA,02144,Bank Fees,Merchant Processing Fee
Secretary of State,"GONZALEZ, AMANDA",Democratic,25.68,2/2/25,Actblue Technical Services,Somerville,MA,02144,Bank Fees,Merchant Processing Fee
Secretary of State,"GONZALEZ, AMANDA",Democratic,84.4,2/9/25,Actblue Technical Services,Somerville,MA,02144,Bank Fees,Merchant Processing Fee
Secretary of State,"GONZALEZ, AMANDA",Democratic,348.98,2/10/25,Corazon Printing,Broomfield,CO,80020,Advertising,Printing
Secretary of State,"GONZALEZ, AMANDA",Democratic,2500,2/10/25,Flatirons Strategies Llc,Denver,CO,80202,Advertising,Consulting / Digital
Secretary of State,"GONZALEZ, AMANDA",Democratic,49.6,2/16/25,Actblue Technical Services,Somerville,MA,02144,Bank Fees,Merchant Processing Fee
Secretary of State,"GONZALEZ, AMANDA",Democratic,117.56,2/16/25,Actblue Technical Services,Somerville,MA,02144,Bank Fees,Merchant Processing Fee
Secretary of State,"GONZALEZ, AMANDA",Democratic,125,2/19/25,Denver Democratic Central Committee,Denver,CO,80205,Contributions,Contribution
Secretary of State,"GONZALEZ, AMANDA",Democratic,127.74,2/24/25,Corazon Printing,Broomfield,CO,80020,Advertising,Printing
Secretary of State,"GONZALEZ, AMANDA",Democratic,250,2/24/25,Grassroots Analytics,Washington,DC,20001,Consultant & Professional Services,Consulting / Communications
Secretary of State,"GONZALEZ, AMANDA",Democratic,14,2/26/25,Amalgamated Bank,New York,NY,10001,Bank Fees,Bank Fee
Secretary of State,"GONZALEZ, AMANDA",Democratic,2000,2/27/25,Blue Wave Political Partners,Seattle,WA,98104,Consultant & Professional Services,Consulting / Compliance
Secretary of State,"GONZALEZ, AMANDA",Democratic,111.25,3/2/25,Actblue Technical Services,Somerville,MA,02144,Bank Fees,Merchant Processing Fee
Secretary of State,"GONZALEZ, AMANDA",Democratic,100,3/3/25,Federal: Colorado Democratic Party,Denver,CO,80203,Contributions,Contribution
Secretary of State,"GONZALEZ, AMANDA",Democratic,37.85,3/3/25,Squarespace,New York,NY,10014,Other,Website
Secretary of State,"GONZALEZ, AMANDA",Democratic,200,3/7/25,Clayton Hotel F And B,Denver,CO,80206,"Food, Beverages and Meals",Catering
Secretary of State,"GONZALEZ, AMANDA",Democratic,247.53,3/9/25,Actblue Technical Services,Somerville,MA,02144,Bank Fees,Merchant Processing Fee
Secretary of State,"GONZALEZ, AMANDA",Democratic,5,3/10/25,Libra Labs Llc,Falls Church,VA,22043,Consultant & Professional Services,Software
Secretary of State,"GONZALEZ, AMANDA",Democratic,500,3/10/25,Libra Labs Llc,Falls Church,VA,22043,Consultant & Professional Services,Software
Secretary of State,"GONZALEZ, AMANDA",Democratic,254.46,3/16/25,Actblue Technical Services,Somerville,MA,02144,Bank Fees,Merchant Processing Fee
Secretary of State,"GONZALEZ, AMANDA",Democratic,120.72,3/18/25,Squarespace,New York,NY,10014,Other,Website
Secretary of State,"GONZALEZ, AMANDA",Democratic,764.38,3/19/25,Corazon Printing,Broomfield,CO,80020,Advertising,Printing
Secretary of State,"GONZALEZ, AMANDA",Democratic,349.67,3/23/25,Actblue Technical Services,Somerville,MA,02144,Bank Fees,Merchant Processing Fee
Secretary of State,"GONZALEZ, AMANDA",Democratic,129.42,3/27/25,Amalgamated Bank,New York,NY,10001,Bank Fees,Bank Fee
Secretary of State,"GONZALEZ, AMANDA",Democratic,1000,3/27/25,Grassroots Analytics,Washington,DC,20001,Consultant & Professional Services,Consulting / Communications
Secretary of State,"GONZALEZ, AMANDA",Democratic,370.66,3/30/25,Actblue Technical Services,Somerville,MA,02144,Bank Fees,Merchant Processing Fee
Secretary of State,"GONZALEZ, AMANDA",Democratic,172.7,3/31/25,Actblue Technical Services,Somerville,MA,02144,Bank Fees,Merchant Processing Fee
Secretary of State,"GONZALEZ, AMANDA",Democratic,1000,3/31/25,Heart And Mind Media Llc,Denver,CO,80207,Consultant & Professional Services,Consulting / Digital Communications
Secretary of State,"GONZALEZ, AMANDA",Democratic,2242.28,3/31/25,Mac Group Consulting,Denver,CO,80220,Consultant & Professional Services,Consulting / Political Strategy
Secretary of State,"GONZALEZ, AMANDA",Democratic,2000,4/1/25,Grassroots Analytics,Washington,DC,20001,Consultant & Professional Services,Consulting / Communications
Secretary of State,"GONZALEZ, AMANDA",Democratic,37.85,4/1/25,Squarespace,New York,NY,10014,Other,Website
Secretary of State,"GONZALEZ, AMANDA",Democratic,200,4/2/25,Clayton Hotel F And B,Denver,CO,80206,"Food, Beverages and Meals",Catering
Secretary of State,"GONZALEZ, AMANDA",Democratic,65.28,4/6/25,Actblue Technical Services,Somerville,MA,02144,Bank Fees,Merchant Processing Fee
Secretary of State,"GONZALEZ, AMANDA",Democratic,2000,4/7/25,Grassroots Analytics,Washington,DC,20001,Consultant & Professional Services,Consulting / Communications
Secretary of State,"GONZALEZ, AMANDA",Democratic,3500,4/7/25,Grassroots Analytics,Washington,DC,20001,Consultant & Professional Services,Consulting / Communications
Secretary of State,"GONZALEZ, AMANDA",Democratic,5,4/8/25,Libra Labs Llc,Falls Church,VA,22043,Consultant & Professional Services,Software
Secretary of State,"GONZALEZ, AMANDA",Democratic,1414.42,4/9/25,Gusto,San Francisco,CA,94107,Employee Services,Payroll Taxes
Secretary of State,"GONZALEZ, AMANDA",Democratic,2827.49,4/9/25,Andrew  Chase,Colorado Springs,CO,80910,Employee Services,Salary
Secretary of State,"GONZALEZ, AMANDA",Democratic,500,4/9/25,Libra Labs Llc,Falls Church,VA,22043,Consultant & Professional Services,Software
Secretary of State,"GONZALEZ, AMANDA",Democratic,61.45,4/13/25,Actblue Technical Services,Somerville,MA,02144,Bank Fees,Merchant Processing Fee
Secretary of State,"GONZALEZ, AMANDA",Democratic,942.19,4/14/25,Gusto,San Francisco,CA,94107,Employee Services,Payroll Taxes
Secretary of State,"GONZALEZ, AMANDA",Democratic,2178.23,4/14/25,Andrew  Chase,Colorado Springs,CO,80910,Employee Services,Salary
Secretary of State,"GONZALEZ, AMANDA",Democratic,5,4/18/25,Libra Labs Llc,Falls Church,VA,22043,Consultant & Professional Services,Software
Secretary of State,"GONZALEZ, AMANDA",Democratic,52.17,4/20/25,Actblue Technical Services,Somerville,MA,02144,Bank Fees,Merchant Processing Fee
Secretary of State,"GONZALEZ, AMANDA",Democratic,50.01,4/21/25,Next Insurance,Palo Alto,CA,94304,Other,Workers Compensation
Secretary of State,"GONZALEZ, AMANDA",Democratic,720,4/21/25,Monday.Com,New York,NY,10003,Consultant & Professional Services,Software
Secretary of State,"GONZALEZ, AMANDA",Democratic,3000,4/22/25,Heart And Mind Media Llc,Denver,CO,80207,Consultant & Professional Services,Consulting / Digital Communications
Secretary of State,"GONZALEZ, AMANDA",Democratic,5,4/22/25,Libra Labs Llc,Falls Church,VA,22043,Consultant & Professional Services,Software
Secretary of State,"GONZALEZ, AMANDA",Democratic,-200,4/24/25,Clayton Hotel F And B,Denver,CO,80206,Returned Expenditure,Refund - Catering
Secretary of State,"GONZALEZ, AMANDA",Democratic,-200,4/24/25,Clayton Hotel F And B,Denver,CO,80206,Returned Expenditure,Refund - Catering
Secretary of State,"GONZALEZ, AMANDA",Democratic,15.57,4/25/25,Amalgamated Bank,New York,NY,10001,Bank Fees,Bank Fee
Secretary of State,"GONZALEZ, AMANDA",Democratic,6250,4/25/25,Blue Wave Political Partners,Seattle,WA,98104,Consultant & Professional Services,Consulting / Compliance
Secretary of State,"GONZALEZ, AMANDA",Democratic,60,4/27/25,Yamm.Com,New York,NY,10020,Other,Software
Secretary of State,"GONZALEZ, AMANDA",Democratic,11.28,4/27/25,Actblue Technical Services,Somerville,MA,02144,Bank Fees,Merchant Processing Fee
Secretary of State,"GONZALEZ, AMANDA",Democratic,908.46,4/29/25,Gusto,San Francisco,CA,94107,Employee Services,Payroll Taxes
Secretary of State,"GONZALEZ, AMANDA",Democratic,2150.67,4/29/25,Andrew  Chase,Colorado Springs,CO,80910,Employee Services,Salary
Secretary of State,"GONZALEZ, AMANDA",Democratic,37.85,5/1/25,Squarespace,New York,NY,10014,Other,Website
Secretary of State,"GONZALEZ, AMANDA",Democratic,52.4,5/2/25,Office Depot,Denver,CO,80209,Office Equipment & Supplies,Office Supplies
Secretary of State,"GONZALEZ, AMANDA",Democratic,44.8,5/2/25,United States Post Office,Denver,CO,80220,Office Equipment & Supplies,Postage
Secretary of State,"GONZALEZ, AMANDA",Democratic,10.58,5/2/25,Office Depot,Denver,CO,80209,Office Equipment & Supplies,Office Supplies
Secretary of State,"GONZALEZ, AMANDA",Democratic,65.05,5/4/25,Actblue Technical Services,Somerville,MA,02144,Bank Fees,Merchant Processing Fee
Secretary of State,"GONZALEZ, AMANDA",Democratic,20.89,5/5/25,Next Insurance,Palo Alto,CA,94304,Other,Workers Compensation
Secretary of State,"GONZALEZ, AMANDA",Democratic,72.56,5/5/25,Gusto,San Francisco,CA,94107,Consultant & Professional Services,Payroll Fees
Secretary of State,"GONZALEZ, AMANDA",Democratic,750,5/5/25,Ngp Van,Washington,DC,20005,Office Equipment & Supplies,Software
Secretary of State,"GONZALEZ, AMANDA",Democratic,500,5/6/25,Grassroots Analytics,Washington,DC,20001,Consultant & Professional Services,Consulting / Communications
Secretary of State,"GONZALEZ, AMANDA",Democratic,5,5/8/25,Libra Labs Llc,Falls Church,VA,22043,Consultant & Professional Services,Software
Secretary of State,"GONZALEZ, AMANDA",Democratic,500,5/9/25,Libra Labs Llc,Falls Church,VA,22043,Consultant & Professional Services,Software
Secretary of State,"GONZALEZ, AMANDA",Democratic,102.55,5/11/25,Actblue Technical Services,Somerville,MA,02144,Bank Fees,Merchant Processing Fee
Secretary of State,"GONZALEZ, AMANDA",Democratic,7,5/14/25,,,,,Miscellaneous,Parking
Secretary of State,"GONZALEZ, AMANDA",Democratic,915.74,5/14/25,Gusto,San Francisco,CA,94107,Consultant & Professional Services,Payroll Taxes
Secretary of State,"GONZALEZ, AMANDA",Democratic,2144.91,5/14/25,Andrew  Chase,Colorado Springs,CO,80910,Employee Services,Salary
Secretary of State,"GONZALEZ, AMANDA",Democratic,7,5/14/25,,,,,Miscellaneous,Parking
Secretary of State,"GONZALEZ, AMANDA",Democratic,93.65,5/18/25,Actblue Technical Services,Somerville,MA,02144,Bank Fees,Merchant Processing Fee
Secretary of State,"GONZALEZ, AMANDA",Democratic,5,5/19/25,Libra Labs Llc,Falls Church,VA,22043,Consultant & Professional Services,Software
Secretary of State,"GONZALEZ, AMANDA",Democratic,2500,5/22/25,Flatirons Strategies Llc,Denver,CO,80202,Advertising,Consulting / Digital
Secretary of State,"GONZALEZ, AMANDA",Democratic,5,5/22/25,Libra Labs Llc,Falls Church,VA,22043,Consultant & Professional Services,Software
Secretary of State,"GONZALEZ, AMANDA",Democratic,112.35,5/25/25,Actblue Technical Services,Somerville,MA,02144,Bank Fees,Merchant Processing Fee
Secretary of State,"GONZALEZ, AMANDA",Democratic,20.89,5/27/25,Next Insurance,Palo Alto,CA,94304,Other,Workers Compensation
Secretary of State,"GONZALEZ, AMANDA",Democratic,905.97,5/29/25,Gusto,San Francisco,CA,94107,Consultant & Professional Services,Payroll Taxes
Secretary of State,"GONZALEZ, AMANDA",Democratic,15.15,5/29/25,Amalgamated Bank,New York,NY,10001,Bank Fees,Bank Fee
Secretary of State,"GONZALEZ, AMANDA",Democratic,2150.67,5/29/25,Andrew  Chase,Colorado Springs,CO,80910,Employee Services,Salary
Secretary of State,"GONZALEZ, AMANDA",Democratic,500,5/30/25,Grassroots Analytics,Washington,DC,20001,Consultant & Professional Services,Consulting / Communications
Secretary of State,"GONZALEZ, AMANDA",Democratic,69.03,6/1/25,Actblue Technical Services,Somerville,MA,02144,Bank Fees,Merchant Processing Fee
Secretary of State,"GONZALEZ, AMANDA",Democratic,37.85,6/2/25,Squarespace,New York,NY,10014,Other,Website
Secretary of State,"GONZALEZ, AMANDA",Democratic,2750,6/3/25,Blue Wave Political Partners,Seattle,WA,98104,Consultant & Professional Services,Consulting / Compliance
Secretary of State,"GONZALEZ, AMANDA",Democratic,72.56,6/4/25,Gusto,San Francisco,CA,94107,Consultant & Professional Services,Payroll Fees
Secretary of State,"GONZALEZ, AMANDA",Democratic,750,6/4/25,Ngp Van,Washington,DC,20005,Office Equipment & Supplies,Software
Secretary of State,"GONZALEZ, AMANDA",Democratic,56.78,6/8/25,Actblue Technical Services,Somerville,MA,02144,Bank Fees,Merchant Processing Fee
Secretary of State,"GONZALEZ, AMANDA",Democratic,4,6/9/25,Gusto,San Francisco,CA,94107,Consultant & Professional Services,Payroll Taxes
Secretary of State,"GONZALEZ, AMANDA",Democratic,20.89,6/9/25,Next Insurance,Palo Alto,CA,94304,Other,Workers Compensation
Secretary of State,"GONZALEZ, AMANDA",Democratic,5,6/9/25,Libra Labs Llc,Falls Church,VA,22043,Consultant & Professional Services,Software
Secretary of State,"GONZALEZ, AMANDA",Democratic,500,6/9/25,Libra Labs Llc,Falls Church,VA,22043,Consultant & Professional Services,Software
Secretary of State,"GONZALEZ, AMANDA",Democratic,907.36,6/12/25,Gusto,San Francisco,CA,94107,Consultant & Professional Services,Payroll Taxes
Secretary of State,"GONZALEZ, AMANDA",Democratic,2144.91,6/12/25,Andrew  Chase,Colorado Springs,CO,80910,Employee Services,Salary
Secretary of State,"GONZALEZ, AMANDA",Democratic,306.19,6/13/25,Corazon Printing,Broomfield,CO,80020,Advertising,Printing
Secretary of State,"GONZALEZ, AMANDA",Democratic,2000,6/13/25,Blue Wave Political Partners,Seattle,WA,98104,Consultant & Professional Services,Consulting / Compliance
Secretary of State,"GONZALEZ, AMANDA",Democratic,40.71,6/15/25,Actblue Technical Services,Somerville,MA,02144,Bank Fees,Merchant Processing Fee
Secretary of State,"GONZALEZ, AMANDA",Democratic,3000,6/16/25,Mac Group Consulting,Denver,CO,80220,Consultant & Professional Services,Consulting / Political Strategy
Secretary of State,"GONZALEZ, AMANDA",Democratic,5,6/18/25,Libra Labs Llc,Falls Church,VA,22043,Consultant & Professional Services,Software
Secretary of State,"GONZALEZ, AMANDA",Democratic,74.48,6/22/25,Actblue Technical Services,Somerville,MA,02144,Bank Fees,Merchant Processing Fee
Secretary of State,"GONZALEZ, AMANDA",Democratic,5,6/23/25,Libra Labs Llc,Falls Church,VA,22043,Consultant & Professional Services,Software
Secretary of State,"GONZALEZ, AMANDA",Democratic,20.89,6/23/25,Next Insurance,Palo Alto,CA,94304,Other,Workers Compensation
Secretary of State,"GONZALEZ, AMANDA",Democratic,500,6/26/25,Grassroots Analytics,Washington,DC,20001,Consultant & Professional Services,Consulting / Communications
Secretary of State,"GONZALEZ, AMANDA",Democratic,1000,6/26/25,Grassroots Analytics,Washington,DC,20001,Consultant & Professional Services,Consulting / Communications
Secretary of State,"GONZALEZ, AMANDA",Democratic,2150.67,6/27/25,Andrew  Chase,Colorado Springs,CO,80910,Employee Services,Salary
Secretary of State,"GONZALEZ, AMANDA",Democratic,893.59,6/27/25,Gusto,San Francisco,CA,94107,Consultant & Professional Services,Payroll Taxes
Secretary of State,"GONZALEZ, AMANDA",Democratic,16.3,6/27/25,Amalgamated Bank,New York,NY,10001,Bank Fees,Bank Fee
Secretary of State,"GONZALEZ, AMANDA",Democratic,277.62,6/29/25,Actblue Technical Services,Somerville,MA,02144,Bank Fees,Merchant Processing Fee
Secretary of State,"GONZALEZ, AMANDA",Democratic,37.56,6/30/25,Actblue Technical Services,Somerville,MA,02144,Bank Fees,Merchant Processing Fee
Secretary of State,"GONZALEZ, AMANDA",Democratic,37.85,7/1/25,Squarespace,New York,NY,10014,Other,Website
Secretary of State,"GONZALEZ, AMANDA",Democratic,750,7/3/25,Ngp Van,Washington,DC,20005,Office Equipment & Supplies,Software
Secretary of State,"GONZALEZ, AMANDA",Democratic,36.78,7/6/25,Actblue Technical Services,Somerville,MA,02144,Bank Fees,Merchant Processing Fee
Secretary of State,"GONZALEZ, AMANDA",Democratic,72.56,7/7/25,Gusto,San Francisco,CA,94107,Consultant & Professional Services,Payroll Fees
Secretary of State,"GONZALEZ, AMANDA",Democratic,20.89,7/7/25,Next Insurance,Palo Alto,CA,94304,Other,Workers Compensation
Secretary of State,"GONZALEZ, AMANDA",Democratic,2020,7/8/25,Blue Wave Political Partners,Seattle,WA,98104,Consultant & Professional Services,Consulting / Compliance
Secretary of State,"GONZALEZ, AMANDA",Democratic,4,7/8/25,Gusto,San Francisco,CA,94107,Consultant & Professional Services,Payroll Taxes
Secretary of State,"GONZALEZ, AMANDA",Democratic,-66.81,7/8/25,Gusto,San Francisco,CA,94107,Returned Expenditure,Payroll Taxes - Overpayment Refund
Secretary of State,"GONZALEZ, AMANDA",Democratic,4025,7/9/25,Mac Group Consulting,Denver,CO,80220,Consultant & Professional Services,Consulting / Political Strategy
Secretary of State,"GONZALEZ, AMANDA",Democratic,47.46,7/13/25,Actblue Technical Services,Somerville,MA,02144,Bank Fees,Merchant Processing Fee
Secretary of State,"GONZALEZ, AMANDA",Democratic,222.29,7/13/25,Andrew  Chase,Colorado Springs,CO,80910,Employee Services,Salary
Secretary of State,"GONZALEZ, AMANDA",Democratic,62.72,7/13/25,Gusto,San Francisco,CA,94107,Consultant & Professional Services,Payroll Taxes
Secretary of State,"GONZALEZ, AMANDA",Democratic,1.93,7/14/25,Next Insurance,Palo Alto,CA,94304,Other,Workers Compensation
Secretary of State,"GONZALEZ, AMANDA",Democratic,5,7/15/25,Libra Labs Llc,Falls Church,VA,22043,Consultant & Professional Services,Software
Secretary of State,"GONZALEZ, AMANDA",Democratic,66.32,7/20/25,Actblue Technical Services,Somerville,MA,02144,Bank Fees,Merchant Processing Fee
Secretary of State,"GONZALEZ, AMANDA",Democratic,32.62,7/27/25,Actblue Technical Services,Somerville,MA,02144,Bank Fees,Merchant Processing Fee
Secretary of State,"GONZALEZ, AMANDA",Democratic,14,7/29/25,Amalgamated Bank,New York,NY,10001,Bank Fees,Bank Fee
Secretary of State,"GONZALEZ, AMANDA",Democratic,600,7/31/25,Diego  Saenz,Westminster,CO,80005,Consultant & Professional Services,Consulting / Finance
Secretary of State,"GONZALEZ, AMANDA",Democratic,37.85,8/1/25,Squarespace,New York,NY,10014,Other,Website
Secretary of State,"GONZALEZ, AMANDA",Democratic,14.68,8/3/25,Actblue Technical Services,Somerville,MA,02144,Bank Fees,Merchant Processing Fee
Secretary of State,"GONZALEZ, AMANDA",Democratic,96.74,8/4/25,Gusto,San Francisco,CA,94107,Consultant & Professional Services,Payroll Fees
Secretary of State,"GONZALEZ, AMANDA",Democratic,500,8/4/25,Libra Labs Llc,Falls Church,VA,22043,Consultant & Professional Services,Software
Secretary of State,"GONZALEZ, AMANDA",Democratic,750,8/4/25,Ngp Van,Washington,DC,20005,Office Equipment & Supplies,Software
Secretary of State,"GONZALEZ, AMANDA",Democratic,600,8/8/25,Diego  Saenz,Westminster,CO,80005,Consultant & Professional Services,Consulting / Finance
Secretary of State,"GONZALEZ, AMANDA",Democratic,44.97,8/10/25,Actblue Technical Services,Somerville,MA,02144,Bank Fees,Merchant Processing Fee
Secretary of State,"GONZALEZ, AMANDA",Democratic,27.2,8/17/25,Actblue Technical Services,Somerville,MA,02144,Bank Fees,Merchant Processing Fee
Secretary of State,"GONZALEZ, AMANDA",Democratic,423.12,8/18/25,Corazon Printing,Broomfield,CO,80020,Advertising,Printing
Secretary of State,"GONZALEZ, AMANDA",Democratic,500,8/18/25,Grassroots Analytics,Washington,DC,20001,Consultant & Professional Services,Consulting / Communications
Secretary of State,"GONZALEZ, AMANDA",Democratic,2000,8/22/25,Blue Wave Political Partners,Seattle,WA,98104,Consultant & Professional Services,Consulting / Compliance
Secretary of State,"GONZALEZ, AMANDA",Democratic,70.58,8/24/25,Actblue Technical Services,Somerville,MA,02144,Bank Fees,Merchant Processing Fee
Secretary of State,"GONZALEZ, AMANDA",Democratic,41.67,8/25/25,Next Insurance,Palo Alto,CA,94304,Other,Workers Compensation
Secretary of State,"GONZALEZ, AMANDA",Democratic,14,8/28/25,Amalgamated Bank,New York,NY,10001,Bank Fees,Bank Fee
Secretary of State,"GONZALEZ, AMANDA",Democratic,21.78,8/31/25,Actblue Technical Services,Somerville,MA,02144,Bank Fees,Merchant Processing Fee
Secretary of State,"GONZALEZ, AMANDA",Democratic,37.85,9/2/25,Squarespace,New York,NY,10014,Other,Website
Secretary of State,"GONZALEZ, AMANDA",Democratic,96.74,9/4/25,Gusto,San Francisco,CA,94107,Consultant & Professional Services,Payroll Fees
Secretary of State,"GONZALEZ, AMANDA",Democratic,750,9/5/25,Ngp Van,Washington,DC,20005,Office Equipment & Supplies,Software
Secretary of State,"GONZALEZ, AMANDA",Democratic,59.99,9/7/25,Actblue Technical Services,Somerville,MA,02144,Bank Fees,Merchant Processing Fee
Secretary of State,"GONZALEZ, AMANDA",Democratic,4,9/9/25,Gusto,San Francisco,CA,94107,Consultant & Professional Services,Payroll Taxes
Secretary of State,"GONZALEZ, AMANDA",Democratic,2000,9/10/25,Blue Wave Political Partners,Seattle,WA,98104,Consultant & Professional Services,Consulting / Compliance
Secretary of State,"GONZALEZ, AMANDA",Democratic,17.25,9/14/25,Actblue Technical Services,Somerville,MA,02144,Bank Fees,Merchant Processing Fee
Secretary of State,"GONZALEZ, AMANDA",Democratic,10.68,9/21/25,Actblue Technical Services,Somerville,MA,02144,Bank Fees,Merchant Processing Fee
Secretary of State,"GONZALEZ, AMANDA",Democratic,14,9/26/25,Amalgamated Bank,New York,NY,10001,Bank Fees,Bank Fee
Secretary of State,"GONZALEZ, AMANDA",Democratic,27.3,9/28/25,Actblue Technical Services,Somerville,MA,02144,Bank Fees,Merchant Processing Fee
Secretary of State,"GONZALEZ, AMANDA",Democratic,41.67,9/29/25,Next Insurance,Palo Alto,CA,94304,Other,Workers Compensation
Secretary of State,"GONZALEZ, AMANDA",Democratic,56.56,9/30/25,Actblue Technical Services,Somerville,MA,02144,Bank Fees,Merchant Processing Fee
Secretary of State,"GONZALEZ, AMANDA",Democratic,37.85,10/1/25,Squarespace,New York,NY,10014,Other,Website
Secretary of State,"GONZALEZ, AMANDA",Democratic,84.12,10/2/25,Gusto,San Francisco,CA,94107,Consultant & Professional Services,Payroll Fees
Secretary of State,"GONZALEZ, AMANDA",Democratic,750,10/2/25,Ngp Van,Washington,DC,20005,Office Equipment & Supplies,Software
Secretary of State,"GONZALEZ, AMANDA",Democratic,2000,10/3/25,Blue Wave Political Partners,Seattle,WA,98104,Consultant & Professional Services,Consulting / Compliance
Secretary of State,"GONZALEZ, AMANDA",Democratic,34.01,10/5/25,Actblue Technical Services,Somerville,MA,02144,Bank Fees,Merchant Processing Fee
Secretary of State,"GONZALEZ, AMANDA",Democratic,4,10/7/25,Gusto,San Francisco,CA,94107,Consultant & Professional Services,Payroll Taxes
Secretary of State,"GONZALEZ, AMANDA",Democratic,40.94,10/12/25,Actblue Technical Services,Somerville,MA,02144,Bank Fees,Merchant Processing Fee
Secretary of State,"GONZALEZ, AMANDA",Democratic,10.71,10/19/25,Actblue Technical Services,Somerville,MA,02144,Bank Fees,Merchant Processing Fee
Secretary of State,"GONZALEZ, AMANDA",Democratic,500,10/20/25,Grassroots Analytics,Washington,DC,20001,Consultant & Professional Services,Consulting / Communications
Secretary of State,"GONZALEZ, AMANDA",Democratic,500,10/20/25,Grassroots Analytics,Washington,DC,20001,Consultant & Professional Services,Consulting / Communications
Secretary of State,"GONZALEZ, AMANDA",Democratic,48,10/24/25,Colorado Department Of Revenue,Lakewood,CO,80214,Other,Taxes
Secretary of State,"GONZALEZ, AMANDA",Democratic,84.14,10/26/25,Actblue Technical Services,Somerville,MA,02144,Bank Fees,Merchant Processing Fee
Secretary of State,"GONZALEZ, AMANDA",Democratic,41.67,10/27/25,Next Insurance,Palo Alto,CA,94304,Other,Workers Compensation
Secretary of State,"GONZALEZ, AMANDA",Democratic,14,10/29/25,Amalgamated Bank,New York,NY,10001,Bank Fees,Bank Fee
Secretary of State,"GONZALEZ, AMANDA",Democratic,1.47,10/30/25,,,,,Miscellaneous,Software
Secretary of State,"GONZALEZ, AMANDA",Democratic,140.22,11/2/25,Actblue Technical Services,Somerville,MA,02144,Bank Fees,Merchant Processing Fee
Secretary of State,"GONZALEZ, AMANDA",Democratic,37.85,11/3/25,Squarespace,New York,NY,10014,Other,Website
Secretary of State,"GONZALEZ, AMANDA",Democratic,84.12,11/5/25,Gusto,San Francisco,CA,94107,Consultant & Professional Services,Payroll Fees
Secretary of State,"GONZALEZ, AMANDA",Democratic,750,11/5/25,Ngp Van,Washington,DC,20005,Office Equipment & Supplies,Software
Secretary of State,"GONZALEZ, AMANDA",Democratic,4,11/7/25,Gusto,San Francisco,CA,94107,Consultant & Professional Services,Payroll Taxes
Secretary of State,"GONZALEZ, AMANDA",Democratic,47.09,11/9/25,Actblue Technical Services,Somerville,MA,02144,Bank Fees,Merchant Processing Fee
Secretary of State,"GONZALEZ, AMANDA",Democratic,1.47,11/12/25,,,,,Miscellaneous,Software
Secretary of State,"GONZALEZ, AMANDA",Democratic,32.45,11/16/25,Actblue Technical Services,Somerville,MA,02144,Bank Fees,Merchant Processing Fee
Secretary of State,"GONZALEZ, AMANDA",Democratic,2000,11/20/25,Blue Wave Political Partners,Seattle,WA,98104,Consultant & Professional Services,Consulting / Compliance
Secretary of State,"GONZALEZ, AMANDA",Democratic,298.07,11/21/25,Monday.Com,New York,NY,10003,Consultant & Professional Services,Software
Secretary of State,"GONZALEZ, AMANDA",Democratic,52.3,11/23/25,Actblue Technical Services,Somerville,MA,02144,Bank Fees,Merchant Processing Fee
Secretary of State,"GONZALEZ, AMANDA",Democratic,41.67,11/24/25,Next Insurance,Palo Alto,CA,94304,Other,Workers Compensation
Secretary of State,"GONZALEZ, AMANDA",Democratic,14,11/26/25,Amalgamated Bank,New York,NY,10001,Bank Fees,Bank Fee
Secretary of State,"GONZALEZ, AMANDA",Democratic,53.77,11/30/25,Actblue Technical Services,Somerville,MA,02144,Bank Fees,Merchant Processing Fee
Secretary of State,"GONZALEZ, AMANDA",Democratic,84.12,12/2/25,Gusto,San Francisco,CA,94107,Consultant & Professional Services,Payroll Fees
Secretary of State,"GONZALEZ, AMANDA",Democratic,750,12/4/25,Ngp Van,Washington,DC,20005,Office Equipment & Supplies,Software
Secretary of State,"GONZALEZ, AMANDA",Democratic,86.51,12/7/25,Actblue Technical Services,Somerville,MA,02144,Bank Fees,Merchant Processing Fee
Secretary of State,"GONZALEZ, AMANDA",Democratic,4,12/8/25,Gusto,San Francisco,CA,94107,Consultant & Professional Services,Payroll Taxes
Secretary of State,"GONZALEZ, AMANDA",Democratic,18.43,12/14/25,Actblue Technical Services,Somerville,MA,02144,Bank Fees,Merchant Processing Fee
Secretary of State,"GONZALEZ, AMANDA",Democratic,2000,12/16/25,Blue Wave Political Partners,Seattle,WA,98104,Consultant & Professional Services,Consulting / Compliance
Secretary of State,"GONZALEZ, AMANDA",Democratic,347.63,12/19/25,Squarespace,New York,NY,10014,Other,Website
Secretary of State,"GONZALEZ, AMANDA",Democratic,131.26,12/21/25,Actblue Technical Services,Somerville,MA,02144,Bank Fees,Merchant Processing Fee
Secretary of State,"GONZALEZ, AMANDA",Democratic,2.43,12/22/25,,,,,Miscellaneous,Digital Advertising
Secretary of State,"GONZALEZ, AMANDA",Democratic,94.95,12/28/25,Actblue Technical Services,Somerville,MA,02144,Bank Fees,Merchant Processing Fee
Secretary of State,"GONZALEZ, AMANDA",Democratic,41.67,12/29/25,Next Insurance,Palo Alto,CA,94304,Other,Workers Compensation
Secretary of State,"GONZALEZ, AMANDA",Democratic,14,12/30/25,Amalgamated Bank,New York,NY,10001,Bank Fees,Bank Fee
Secretary of State,"GONZALEZ, AMANDA",Democratic,40,12/30/25,Squarespace,New York,NY,10014,Other,Website
Secretary of State,"GONZALEZ, AMANDA",Democratic,24.17,12/31/25,Actblue Technical Services,Somerville,MA,02144,Bank Fees,Merchant Processing Fee
Secretary of State,"LANDRY, CELESTE",Colorado Forward Party,,,,,,,,
Secretary of State,"MCKINZIE, JAMES (J.J.)",Republican,,,,,,,,
Secretary of State,"TARABORELLI, ROSS",Republican,,,,,,,,
Secretary of State,"WILEY, JAMES",Republican,,,,,,,,
Bd. Ed. District 03,"CLEMENTI, BARBARA",Democratic,,,,,,,,
Bd. Ed. District 01,"ESCÁRCEGA, LISA",Democratic,19.76,7/13/25,Actblue,Boston,MA,02196,Bank Fees,
Bd. Ed. District 01,"ESCÁRCEGA, LISA",Democratic,9.88,7/20/25,Actblue,Boston,MA,02196,Bank Fees,
Bd. Ed. District 01,"ESCÁRCEGA, LISA",Democratic,33.58,7/27/25,Actblue,Boston,MA,02196,Bank Fees,
Bd. Ed. District 01,"ESCÁRCEGA, LISA",Democratic,21.25,7/28/25,1St Bank,Lakewood,CO,80217,Bank Fees,
Bd. Ed. District 01,"ESCÁRCEGA, LISA",Democratic,92.05,7/28/25,Corazon Printing,Broomfield,CO,80020,Advertising,
Bd. Ed. District 01,"ESCÁRCEGA, LISA",Democratic,19.75,8/3/25,Actblue,Boston,MA,02196,Bank Fees,
Bd. Ed. District 01,"ESCÁRCEGA, LISA",Democratic,17.78,8/10/25,Actblue,Boston,MA,02196,Bank Fees,
Bd. Ed. District 01,"ESCÁRCEGA, LISA",Democratic,4.94,8/17/25,Actblue,Boston,MA,02196,Bank Fees,
Bd. Ed. District 01,"ESCÁRCEGA, LISA",Democratic,19.75,8/24/25,Actblue,Boston,MA,02196,Bank Fees,
Bd. Ed. District 01,"ESCÁRCEGA, LISA",Democratic,25.68,8/31/25,Actblue,Boston,MA,02196,Bank Fees,
Bd. Ed. District 01,"ESCÁRCEGA, LISA",Democratic,25.68,9/7/25,Actblue,Boston,MA,02196,Bank Fees,
Bd. Ed. District 01,"ESCÁRCEGA, LISA",Democratic,40,9/11/25,Squarespace Inc,New York,NY,10014,Advertising,
Bd. Ed. District 01,"ESCÁRCEGA, LISA",Democratic,75,9/11/25,The Conflict Center,Denver,CO,80211,Fundraising Expenses,Room Rental
Bd. Ed. District 01,"ESCÁRCEGA, LISA",Democratic,82.55,9/14/25,Actblue,Boston,MA,02196,Bank Fees,
Bd. Ed. District 01,"ESCÁRCEGA, LISA",Democratic,7.91,9/21/25,Actblue,Boston,MA,02196,Bank Fees,
Bd. Ed. District 01,"ESCÁRCEGA, LISA",Democratic,260.23,9/22/25,Corazon Printing,Broomfield,CO,80020,Advertising,
Bd. Ed. District 01,"ESCÁRCEGA, LISA",Democratic,15.81,9/28/25,Actblue,Boston,MA,02196,Bank Fees,
Bd. Ed. District 01,"ESCÁRCEGA, LISA",Democratic,11.85,9/30/25,Actblue,Boston,MA,02196,Bank Fees,
Bd. Ed. District 01,"ESCÁRCEGA, LISA",Democratic,1000,10/1/25,Kristen  Seidel,Denver,CO,80224,Consultant & Professional Services,
Bd. Ed. District 01,"ESCÁRCEGA, LISA",Democratic,7.9,10/8/25,Actblue,Boston,MA,02196,Bank Fees,
Bd. Ed. District 01,"ESCÁRCEGA, LISA",Democratic,2.97,10/19/25,Actblue,Boston,MA,02196,Bank Fees,
Bd. Ed. District 01,"ESCÁRCEGA, LISA",Democratic,3.95,10/26/25,Actblue,Boston,MA,02196,Bank Fees,
Bd. Ed. District 01,"ESCÁRCEGA, LISA",Democratic,3.95,11/2/25,Actblue,Boston,MA,02196,Bank Fees,
Bd. Ed. District 01,"ESCÁRCEGA, LISA",Democratic,7.9,11/9/25,Actblue,Boston,MA,02196,Bank Fees,
Bd. Ed. District 01,"ESCÁRCEGA, LISA",Democratic,15.82,11/16/25,Actblue,Boston,MA,02196,Bank Fees,
Bd. Ed. District 01,"ESCÁRCEGA, LISA",Democratic,2.97,12/14/25,Actblue,Boston,MA,02196,Bank Fees,
Bd. Ed. District 01,"ESCÁRCEGA, LISA",Democratic,3.95,12/21/25,Actblue,Boston,MA,02196,Bank Fees,
Bd. Ed. District 01,"ESCÁRCEGA, LISA",Democratic,226,12/30/25,United States Postal Service,Denver,CO,80217,Other,Po Box Rental Fee
Bd. Ed. District 07,"ESSER, KARLA",Democratic,12.25,8/3/25,Actblue,Boston,MA,02196,Bank Fees,
Bd. Ed. District 07,"ESSER, KARLA",Democratic,22.3,8/8/25,1St Bank,Lakewood,CO,80215,Bank Fees,
Bd. Ed. District 07,"ESSER, KARLA",Democratic,41.49,8/10/25,Actblue,Boston,MA,02196,Bank Fees,
Bd. Ed. District 07,"ESSER, KARLA",Democratic,43.47,8/17/25,Actblue,Boston,MA,02196,Bank Fees,
Bd. Ed. District 07,"ESSER, KARLA",Democratic,20,8/24/25,Squarespace Inc,New York,NY,10014,Advertising,
Bd. Ed. District 07,"ESSER, KARLA",Democratic,27.66,8/24/25,Actblue,Boston,MA,02196,Bank Fees,
Bd. Ed. District 07,"ESSER, KARLA",Democratic,55.32,8/31/25,Actblue,Boston,MA,02196,Bank Fees,
Bd. Ed. District 07,"ESSER, KARLA",Democratic,45.44,9/7/25,Actblue,Boston,MA,02196,Bank Fees,
Bd. Ed. District 07,"ESSER, KARLA",Democratic,108.66,9/14/25,Actblue,Boston,MA,02196,Bank Fees,
Bd. Ed. District 07,"ESSER, KARLA",Democratic,181.82,9/20/25,Corazon Printing,Broomfield,CO,80020,Advertising,
Bd. Ed. District 07,"ESSER, KARLA",Democratic,44.46,9/21/25,Actblue,Boston,MA,02196,Bank Fees,
Bd. Ed. District 07,"ESSER, KARLA",Democratic,49.39,9/28/25,Actblue,Boston,MA,02196,Bank Fees,
Bd. Ed. District 07,"ESSER, KARLA",Democratic,3.95,10/1/25,Actblue,Boston,MA,02196,Bank Fees,
Bd. Ed. District 07,"ESSER, KARLA",Democratic,800,10/2/25,Seidel Consuting,Denver,CO,80224,Consultant & Professional Services,
Bd. Ed. District 07,"ESSER, KARLA",Democratic,1.98,10/29/25,Actblue,Boston,MA,02196,Bank Fees,
Bd. Ed. District 07,"ESSER, KARLA",Democratic,5.93,11/5/25,Actblue,Boston,MA,02196,Bank Fees,
Bd. Ed. District 07,"ESSER, KARLA",Democratic,1.98,11/12/25,Actblue,Boston,MA,02196,Bank Fees,
Bd. Ed. District 07,"ESSER, KARLA",Democratic,1.98,11/23/25,Actblue,Boston,MA,02196,Bank Fees,
Bd. Ed. District 07,"ESSER, KARLA",Democratic,1.98,12/1/25,Actblue,Boston,MA,02196,Bank Fees,
Bd. Ed. District 07,"ESSER, KARLA",Democratic,3.95,12/14/25,Actblue,Boston,MA,02196,Bank Fees,
Bd. Ed. District 07,"ESSER, KARLA",Democratic,1.98,12/21/25,Actblue,Boston,MA,02196,Bank Fees,
Bd. Ed. District 07,"ESSER, KARLA",Democratic,13.84,12/31/25,Actblue,Boston,MA,02196,Bank Fees,
State Treasurer,"BRIDGES, JEFF",Democratic,1200,4/15/25,Weststar Management,Denver,CO,80224,Rent & Utilities,
State Treasurer,"BRIDGES, JEFF",Democratic,449.61,4/20/25,Actblue,Somerville,MA,02144,Bank Fees,
State Treasurer,"BRIDGES, JEFF",Democratic,270.47,4/27/25,Actblue,Somerville,MA,02144,Bank Fees,
State Treasurer,"BRIDGES, JEFF",Democratic,77.25,5/1/25,Mailchimp,Atlanta,GA,30308,Office Equipment & Supplies,
State Treasurer,"BRIDGES, JEFF",Democratic,320.84,5/4/25,Actblue,Somerville,MA,02144,Bank Fees,
State Treasurer,"BRIDGES, JEFF",Democratic,13.1,5/5/25,Google Inc.,Mountain View,CA,94043,Office Equipment & Supplies,
State Treasurer,"BRIDGES, JEFF",Democratic,17.8,5/6/25,Deluxe Business System,Shoreview,MN,55126,Bank Fees,
State Treasurer,"BRIDGES, JEFF",Democratic,1267,5/9/25,Rkg Development,Lafayette,CO,80026,Consultant & Professional Services,
State Treasurer,"BRIDGES, JEFF",Democratic,400,5/9/25,Weststar Management,Denver,CO,80224,Rent & Utilities,
State Treasurer,"BRIDGES, JEFF",Democratic,2.18,5/11/25,Actblue,Somerville,MA,02144,Bank Fees,
State Treasurer,"BRIDGES, JEFF",Democratic,1250,5/11/25,Michael  Stella,Denver,CO,80203,Consultant & Professional Services,
State Treasurer,"BRIDGES, JEFF",Democratic,61.23,5/18/25,Actblue,Somerville,MA,02144,Bank Fees,
State Treasurer,"BRIDGES, JEFF",Democratic,222,5/19/25,Weststar Management,Denver,CO,80224,Rent & Utilities,
State Treasurer,"BRIDGES, JEFF",Democratic,173.82,5/25/25,Actblue,Somerville,MA,02144,Bank Fees,
State Treasurer,"BRIDGES, JEFF",Democratic,67.36,6/1/25,Actblue,Somerville,MA,02144,Bank Fees,
State Treasurer,"BRIDGES, JEFF",Democratic,77.25,6/2/25,Mailchimp,Atlanta,GA,30308,Office Equipment & Supplies,
State Treasurer,"BRIDGES, JEFF",Democratic,14.38,6/5/25,Google Inc.,Mountain View,CA,94043,Office Equipment & Supplies,
State Treasurer,"BRIDGES, JEFF",Democratic,440.48,6/8/25,Actblue,Somerville,MA,02144,Bank Fees,
State Treasurer,"BRIDGES, JEFF",Democratic,95,6/9/25,Campaign Verify,Washington,DC,20007,Office Equipment & Supplies,
State Treasurer,"BRIDGES, JEFF",Democratic,4000,6/9/25,Michael  Stella,Denver,CO,80203,Consultant & Professional Services,
State Treasurer,"BRIDGES, JEFF",Democratic,507.65,6/15/25,Actblue,Somerville,MA,02144,Bank Fees,
State Treasurer,"BRIDGES, JEFF",Democratic,2000,6/20/25,Michael  Stella,Denver,CO,80203,Consultant & Professional Services,
State Treasurer,"BRIDGES, JEFF",Democratic,516.17,6/22/25,Actblue,Somerville,MA,02144,Bank Fees,
State Treasurer,"BRIDGES, JEFF",Democratic,911.59,6/29/25,Actblue,Somerville,MA,02144,Bank Fees,
State Treasurer,"BRIDGES, JEFF",Democratic,654.24,6/30/25,Actblue,Somerville,MA,02144,Bank Fees,
State Treasurer,"BRIDGES, JEFF",Democratic,83.8,6/30/25,"Square, Inc.",San Francisco,CA,94103,Office Equipment & Supplies,
State Treasurer,"BRIDGES, JEFF",Democratic,77.25,7/1/25,Mailchimp,Atlanta,GA,30308,Office Equipment & Supplies,
State Treasurer,"BRIDGES, JEFF",Democratic,2000,7/2/25,Michael  Stella,Denver,CO,80203,Consultant & Professional Services,
State Treasurer,"BRIDGES, JEFF",Democratic,449.92,7/3/25,The Ups Store,Denver,CO,80205,Office Equipment & Supplies,
State Treasurer,"BRIDGES, JEFF",Democratic,112.79,7/6/25,Actblue,Somerville,MA,02144,Bank Fees,
State Treasurer,"BRIDGES, JEFF",Democratic,52.54,7/10/25,Switchboard,Washington,DC,20005,Office Equipment & Supplies,
State Treasurer,"BRIDGES, JEFF",Democratic,14.82,7/13/25,Actblue,Somerville,MA,02144,Bank Fees,
State Treasurer,"BRIDGES, JEFF",Democratic,2000,7/18/25,Michael  Stella,Denver,CO,80203,Consultant & Professional Services,
State Treasurer,"BRIDGES, JEFF",Democratic,25.69,7/20/25,Actblue,Somerville,MA,02144,Bank Fees,
State Treasurer,"BRIDGES, JEFF",Democratic,500,7/21/25,Ngp,Washington,DC,20005,Office Equipment & Supplies,
State Treasurer,"BRIDGES, JEFF",Democratic,7.91,7/27/25,Actblue,Somerville,MA,02144,Bank Fees,
State Treasurer,"BRIDGES, JEFF",Democratic,77.25,8/1/25,Mailchimp,Atlanta,GA,30308,Office Equipment & Supplies,
State Treasurer,"BRIDGES, JEFF",Democratic,2000,8/1/25,Michael  Stella,Denver,CO,80203,Consultant & Professional Services,
State Treasurer,"BRIDGES, JEFF",Democratic,64.19,8/3/25,Actblue,Somerville,MA,02144,Bank Fees,
State Treasurer,"BRIDGES, JEFF",Democratic,16.66,8/5/25,Google Inc.,Mountain View,CA,94043,Office Equipment & Supplies,
State Treasurer,"BRIDGES, JEFF",Democratic,15.81,8/10/25,Actblue,Somerville,MA,02144,Bank Fees,
State Treasurer,"BRIDGES, JEFF",Democratic,197.53,8/17/25,Actblue,Somerville,MA,02144,Bank Fees,
State Treasurer,"BRIDGES, JEFF",Democratic,2000,8/18/25,Michael  Stella,Denver,CO,80203,Consultant & Professional Services,
State Treasurer,"BRIDGES, JEFF",Democratic,143.21,8/24/25,Actblue,Somerville,MA,02144,Bank Fees,
State Treasurer,"BRIDGES, JEFF",Democratic,2000,8/29/25,Michael  Stella,Denver,CO,80203,Consultant & Professional Services,
State Treasurer,"BRIDGES, JEFF",Democratic,104.6,8/30/25,"Square, Inc.",San Francisco,CA,94103,Office Equipment & Supplies,
State Treasurer,"BRIDGES, JEFF",Democratic,247.91,8/31/25,Actblue,Somerville,MA,02144,Bank Fees,
State Treasurer,"BRIDGES, JEFF",Democratic,90.38,9/2/25,Mailchimp,Atlanta,GA,30308,Office Equipment & Supplies,
State Treasurer,"BRIDGES, JEFF",Democratic,17.3,9/5/25,Google Inc.,Mountain View,CA,94043,Office Equipment & Supplies,
State Treasurer,"BRIDGES, JEFF",Democratic,86.92,9/7/25,Actblue,Somerville,MA,02144,Bank Fees,
State Treasurer,"BRIDGES, JEFF",Democratic,76.14,9/9/25,Switchboard,Washington,DC,20005,Office Equipment & Supplies,
State Treasurer,"BRIDGES, JEFF",Democratic,40.51,9/14/25,Actblue,Somerville,MA,02144,Bank Fees,
State Treasurer,"BRIDGES, JEFF",Democratic,14000,9/16/25,Hilltop Public Solutions,Washington,DC,20007,Consultant & Professional Services,
State Treasurer,"BRIDGES, JEFF",Democratic,2000,9/18/25,Michael  Stella,Denver,CO,80203,Consultant & Professional Services,
State Treasurer,"BRIDGES, JEFF",Democratic,424.21,9/21/25,Actblue,Somerville,MA,02144,Bank Fees,
State Treasurer,"BRIDGES, JEFF",Democratic,40.35,9/26/25,Mailchimp,Atlanta,GA,30308,Office Equipment & Supplies,
State Treasurer,"BRIDGES, JEFF",Democratic,431.81,9/28/25,Actblue,Somerville,MA,02144,Bank Fees,
State Treasurer,"BRIDGES, JEFF",Democratic,459.69,9/30/25,Actblue,Somerville,MA,02144,Bank Fees,
State Treasurer,"BRIDGES, JEFF",Democratic,2000,9/30/25,Hilltop Public Solutions,Washington,DC,20007,Consultant & Professional Services,
State Treasurer,"BRIDGES, JEFF",Democratic,1500,9/30/25,Ngp,Washington,DC,20005,Office Equipment & Supplies,
State Treasurer,"BRIDGES, JEFF",Democratic,73.2,9/30/25,"Square, Inc.",San Francisco,CA,94103,Office Equipment & Supplies,
State Treasurer,"BRIDGES, JEFF",Democratic,139.05,10/1/25,Mailchimp,Atlanta,GA,30308,Office Equipment & Supplies,
State Treasurer,"BRIDGES, JEFF",Democratic,195.56,10/5/25,Actblue,Somerville,MA,02144,Bank Fees,
State Treasurer,"BRIDGES, JEFF",Democratic,34.61,10/6/25,Google Inc.,Mountain View,CA,94043,Office Equipment & Supplies,
State Treasurer,"BRIDGES, JEFF",Democratic,2000,10/8/25,Michael  Stella,Denver,CO,80203,Consultant & Professional Services,
State Treasurer,"BRIDGES, JEFF",Democratic,2000,10/8/25,Michael  Stella,Denver,CO,80203,Consultant & Professional Services,
State Treasurer,"BRIDGES, JEFF",Democratic,97.61,10/9/25,Switchboard,Washington,DC,20005,Office Equipment & Supplies,
State Treasurer,"BRIDGES, JEFF",Democratic,123.46,10/12/25,Actblue,Somerville,MA,02144,Bank Fees,
State Treasurer,"BRIDGES, JEFF",Democratic,19,10/14/25,"Square, Inc.",San Francisco,CA,94103,Bank Fees,
State Treasurer,"BRIDGES, JEFF",Democratic,1500,10/17/25,Ngp,Washington,DC,20005,Office Equipment & Supplies,
State Treasurer,"BRIDGES, JEFF",Democratic,500,10/17/25,Ngp,Washington,DC,20005,Office Equipment & Supplies,
State Treasurer,"BRIDGES, JEFF",Democratic,61.44,10/19/25,Actblue,Somerville,MA,02144,Bank Fees,
State Treasurer,"BRIDGES, JEFF",Democratic,71.73,10/26/25,Actblue,Somerville,MA,02144,Bank Fees,
State Treasurer,"BRIDGES, JEFF",Democratic,187,10/27/25,Office Depot,Englewood,CO,80110,Office Equipment & Supplies,
State Treasurer,"BRIDGES, JEFF",Democratic,6.65,10/29/25,"Square, Inc.",San Francisco,CA,94103,Bank Fees,
State Treasurer,"BRIDGES, JEFF",Democratic,13.15,10/29/25,"Square, Inc.",San Francisco,CA,94103,Bank Fees,
State Treasurer,"BRIDGES, JEFF",Democratic,23.55,10/29/25,"Square, Inc.",San Francisco,CA,94103,Bank Fees,
State Treasurer,"BRIDGES, JEFF",Democratic,2000,10/30/25,Michael  Stella,Denver,CO,80203,Consultant & Professional Services,
State Treasurer,"BRIDGES, JEFF",Democratic,200.5,11/2/25,Actblue,Somerville,MA,02144,Bank Fees,
State Treasurer,"BRIDGES, JEFF",Democratic,139.05,11/3/25,Mailchimp,Atlanta,GA,30308,Office Equipment & Supplies,
State Treasurer,"BRIDGES, JEFF",Democratic,18.41,11/5/25,Google Inc.,Mountain View,CA,94043,Office Equipment & Supplies,
State Treasurer,"BRIDGES, JEFF",Democratic,322.37,11/9/25,Actblue,Somerville,MA,02144,Bank Fees,
State Treasurer,"BRIDGES, JEFF",Democratic,500,11/10/25,Ngp,Washington,DC,20005,Office Equipment & Supplies,
State Treasurer,"BRIDGES, JEFF",Democratic,2500,11/10/25,Michael  Stella,Denver,CO,80203,Consultant & Professional Services,
State Treasurer,"BRIDGES, JEFF",Democratic,211.75,11/16/25,Actblue,Somerville,MA,02144,Bank Fees,
State Treasurer,"BRIDGES, JEFF",Democratic,2.49,11/20/25,"Appfolio, Inc.",Goleta,CA,93117,Office Equipment & Supplies,
State Treasurer,"BRIDGES, JEFF",Democratic,2100,11/20/25,Weststar Management,Denver,CO,80224,Rent & Utilities,
State Treasurer,"BRIDGES, JEFF",Democratic,78,11/25/25,"Facebook, Inc.",Palo Alto,CA,94303,Advertising,
State Treasurer,"BRIDGES, JEFF",Democratic,139.05,12/1/25,Mailchimp,Atlanta,GA,30308,Office Equipment & Supplies,
State Treasurer,"BRIDGES, JEFF",Democratic,480,12/1/25,Numero,Costa Mesa,CA,92626,Fundraising Expenses,
State Treasurer,"BRIDGES, JEFF",Democratic,17.3,12/5/25,Google Inc.,Mountain View,CA,94043,Office Equipment & Supplies,
State Treasurer,"BRIDGES, JEFF",Democratic,154.07,12/7/25,Actblue,Somerville,MA,02144,Bank Fees,
State Treasurer,"BRIDGES, JEFF",Democratic,2500,12/10/25,Michael  Stella,Denver,CO,80203,Consultant & Professional Services,
State Treasurer,"BRIDGES, JEFF",Democratic,2500,12/10/25,Michael  Stella,Denver,CO,80203,Consultant & Professional Services,
State Treasurer,"BRIDGES, JEFF",Democratic,453.33,12/14/25,Actblue,Somerville,MA,02144,Bank Fees,
State Treasurer,"BRIDGES, JEFF",Democratic,2000,12/17/25,Hilltop Public Solutions,Washington,DC,20007,Consultant & Professional Services,
State Treasurer,"BRIDGES, JEFF",Democratic,2000,12/17/25,Hilltop Public Solutions,Washington,DC,20007,Consultant & Professional Services,
State Treasurer,"BRIDGES, JEFF",Democratic,2000,12/17/25,Hilltop Public Solutions,Washington,DC,20007,Consultant & Professional Services,
State Treasurer,"BRIDGES, JEFF",Democratic,2500,12/19/25,Michael  Stella,Denver,CO,80203,Consultant & Professional Services,
State Treasurer,"BRIDGES, JEFF",Democratic,149.15,12/21/25,Actblue,Somerville,MA,02144,Bank Fees,
State Treasurer,"BRIDGES, JEFF",Democratic,21.96,12/22/25,"Facebook, Inc.",Palo Alto,CA,94303,Advertising,
State Treasurer,"BRIDGES, JEFF",Democratic,111.8,12/28/25,Actblue,Somerville,MA,02144,Bank Fees,
State Treasurer,"BRIDGES, JEFF",Democratic,274.88,12/31/25,Actblue,Somerville,MA,02144,Bank Fees,
State Treasurer,"BRIDGES, JEFF",Democratic,139.05,12/31/25,Mailchimp,Atlanta,GA,30308,Office Equipment & Supplies,
State Treasurer,"GRANTHAM, KEVIN",Republican,20.3,9/15/25,Anedot,New Orleans,LA,70112,Other,Credit Card Processing Fee
State Treasurer,"GRANTHAM, KEVIN",Republican,20.3,9/16/25,Anedot,New Orleans,LA,70112,Other,Credit Card Processing Fee
State Treasurer,"GRANTHAM, KEVIN",Republican,2.3,9/16/25,Anedot,New Orleans,LA,70112,Other,Credit Card Processing Fee
State Treasurer,"GRANTHAM, KEVIN",Republican,8.3,9/16/25,Anedot,New Orleans,LA,70112,Other,Credit Card Processing Fee
State Treasurer,"GRANTHAM, KEVIN",Republican,4.3,9/16/25,Anedot,New Orleans,LA,70112,Other,Credit Card Processing Fee
State Treasurer,"GRANTHAM, KEVIN",Republican,4.3,9/16/25,Anedot,New Orleans,LA,70112,Other,Credit Card Processing Fee
State Treasurer,"GRANTHAM, KEVIN",Republican,2.3,9/17/25,Anedot,New Orleans,LA,70112,Other,Credit Card Processing Fee
State Treasurer,"GRANTHAM, KEVIN",Republican,40.3,9/17/25,Anedot,New Orleans,LA,70112,Other,Credit Card Processing Fee
State Treasurer,"GRANTHAM, KEVIN",Republican,40.3,9/17/25,Anedot,New Orleans,LA,70112,Other,Credit Card Processing Fee
State Treasurer,"GRANTHAM, KEVIN",Republican,10.3,9/17/25,Anedot,New Orleans,LA,70112,Other,Credit Card Processing Fee
State Treasurer,"GRANTHAM, KEVIN",Republican,2.58,9/17/25,Anedot,New Orleans,LA,70112,Other,Credit Card Processing Fee
State Treasurer,"GRANTHAM, KEVIN",Republican,2.3,9/17/25,Anedot,New Orleans,LA,70112,Other,Credit Card Processing Fee
State Treasurer,"GRANTHAM, KEVIN",Republican,4.3,9/17/25,Anedot,New Orleans,LA,70112,Other,Credit Card Processing Fee
State Treasurer,"GRANTHAM, KEVIN",Republican,4.3,9/18/25,Anedot,New Orleans,LA,70112,Other,Credit Card Processing Fee
State Treasurer,"GRANTHAM, KEVIN",Republican,8.3,9/18/25,Anedot,New Orleans,LA,70112,Other,Credit Card Processing Fee
State Treasurer,"GRANTHAM, KEVIN",Republican,10.3,9/18/25,Anedot,New Orleans,LA,70112,Other,Credit Card Processing Fee
State Treasurer,"GRANTHAM, KEVIN",Republican,8.3,9/18/25,Anedot,New Orleans,LA,70112,Other,Credit Card Processing Fee
State Treasurer,"GRANTHAM, KEVIN",Republican,116.3,9/18/25,Anedot,New Orleans,LA,70112,Other,Credit Card Processing Fee
State Treasurer,"GRANTHAM, KEVIN",Republican,2.3,9/18/25,Anedot,New Orleans,LA,70112,Other,Credit Card Processing Fee
State Treasurer,"GRANTHAM, KEVIN",Republican,8.3,9/19/25,Anedot,New Orleans,LA,70112,Other,Credit Card Processing Fee
State Treasurer,"GRANTHAM, KEVIN",Republican,8.3,9/19/25,Anedot,New Orleans,LA,70112,Other,Credit Card Processing Fee
State Treasurer,"GRANTHAM, KEVIN",Republican,4.3,9/22/25,Anedot,New Orleans,LA,70112,Other,Credit Card Processing Fee
State Treasurer,"GRANTHAM, KEVIN",Republican,4.3,9/23/25,Anedot,New Orleans,LA,70112,Other,Credit Card Processing Fee
State Treasurer,"GRANTHAM, KEVIN",Republican,8.3,9/24/25,Anedot,New Orleans,LA,70112,Other,Credit Card Processing Fee
State Treasurer,"GRANTHAM, KEVIN",Republican,10.3,9/24/25,Anedot,New Orleans,LA,70112,Other,Credit Card Processing Fee
State Treasurer,"GRANTHAM, KEVIN",Republican,20.3,9/24/25,Anedot,New Orleans,LA,70112,Other,Credit Card Processing Fee
State Treasurer,"GRANTHAM, KEVIN",Republican,1.3,9/26/25,Anedot,New Orleans,LA,70112,Other,Credit Card Processing Fee
State Treasurer,"GRANTHAM, KEVIN",Republican,20.3,9/27/25,Anedot,New Orleans,LA,70112,Other,Credit Card Processing Fee
State Treasurer,"GRANTHAM, KEVIN",Republican,8.3,9/27/25,Anedot,New Orleans,LA,70112,Other,Credit Card Processing Fee
State Treasurer,"GRANTHAM, KEVIN",Republican,4.3,9/27/25,Anedot,New Orleans,LA,70112,Other,Credit Card Processing Fee
State Treasurer,"GRANTHAM, KEVIN",Republican,8.3,9/27/25,Anedot,New Orleans,LA,70112,Other,Credit Card Processing Fee
State Treasurer,"GRANTHAM, KEVIN",Republican,40.3,9/27/25,Anedot,New Orleans,LA,70112,Other,Credit Card Processing Fee
State Treasurer,"GRANTHAM, KEVIN",Republican,1.3,9/28/25,Anedot,New Orleans,LA,70112,Other,Credit Card Processing Fee
State Treasurer,"GRANTHAM, KEVIN",Republican,1.3,9/28/25,Anedot,New Orleans,LA,70112,Other,Credit Card Processing Fee
State Treasurer,"GRANTHAM, KEVIN",Republican,4.3,9/28/25,Anedot,New Orleans,LA,70112,Other,Credit Card Processing Fee
State Treasurer,"GRANTHAM, KEVIN",Republican,1.3,9/28/25,Anedot,New Orleans,LA,70112,Other,Credit Card Processing Fee
State Treasurer,"GRANTHAM, KEVIN",Republican,4.3,9/28/25,Anedot,New Orleans,LA,70112,Other,Credit Card Processing Fee
State Treasurer,"GRANTHAM, KEVIN",Republican,2.3,9/29/25,Anedot,New Orleans,LA,70112,Other,Credit Card Processing Fee
State Treasurer,"GRANTHAM, KEVIN",Republican,20.3,9/29/25,Anedot,New Orleans,LA,70112,Other,Credit Card Processing Fee
State Treasurer,"GRANTHAM, KEVIN",Republican,116.3,9/29/25,Anedot,New Orleans,LA,70112,Other,Credit Card Processing Fee
State Treasurer,"GRANTHAM, KEVIN",Republican,2.3,9/29/25,Anedot,New Orleans,LA,70112,Other,Credit Card Processing Fee
State Treasurer,"GRANTHAM, KEVIN",Republican,8.3,9/29/25,Anedot,New Orleans,LA,70112,Other,Credit Card Processing Fee
State Treasurer,"GRANTHAM, KEVIN",Republican,2.3,9/29/25,Anedot,New Orleans,LA,70112,Other,Credit Card Processing Fee
State Treasurer,"GRANTHAM, KEVIN",Republican,8.3,9/29/25,Anedot,New Orleans,LA,70112,Other,Credit Card Processing Fee
State Treasurer,"GRANTHAM, KEVIN",Republican,40.3,9/29/25,Anedot,New Orleans,LA,70112,Other,Credit Card Processing Fee
State Treasurer,"GRANTHAM, KEVIN",Republican,4.3,9/30/25,Anedot,New Orleans,LA,70112,Other,Credit Card Processing Fee
State Treasurer,"GRANTHAM, KEVIN",Republican,2.3,9/30/25,Anedot,New Orleans,LA,70112,Other,Credit Card Processing Fee
State Treasurer,"GRANTHAM, KEVIN",Republican,2.3,9/30/25,Anedot,New Orleans,LA,70112,Other,Credit Card Processing Fee
State Treasurer,"GRANTHAM, KEVIN",Republican,1.3,9/30/25,Anedot,New Orleans,LA,70112,Other,Credit Card Processing Fee
State Treasurer,"GRANTHAM, KEVIN",Republican,20.3,9/30/25,Anedot,New Orleans,LA,70112,Other,Credit Card Processing Fee
State Treasurer,"GRANTHAM, KEVIN",Republican,4.3,9/30/25,Anedot,New Orleans,LA,70112,Other,Credit Card Processing Fee
State Treasurer,"GRANTHAM, KEVIN",Republican,10.3,9/30/25,Anedot,New Orleans,LA,70112,Other,Credit Card Processing Fee
State Treasurer,"GRANTHAM, KEVIN",Republican,2.3,9/30/25,Anedot,New Orleans,LA,70112,Other,Credit Card Processing Fee
State Treasurer,"GRANTHAM, KEVIN",Republican,8.3,9/30/25,Anedot,New Orleans,LA,70112,Other,Credit Card Processing Fee
State Treasurer,"GRANTHAM, KEVIN",Republican,58.3,9/30/25,Anedot,New Orleans,LA,70112,Other,Credit Card Processing Fee
State Treasurer,"GRANTHAM, KEVIN",Republican,4.3,9/30/25,Anedot,New Orleans,LA,70112,Other,Credit Card Processing Fee
State Treasurer,"GRANTHAM, KEVIN",Republican,10.3,9/30/25,Anedot,New Orleans,LA,70112,Other,Credit Card Processing Fee
State Treasurer,"GRANTHAM, KEVIN",Republican,3000,9/30/25,Jay  Misany,Denver,CO,80203,Consultant & Professional Services,Consulting
State Treasurer,"GRANTHAM, KEVIN",Republican,3124.5,9/30/25,Mash Dynamo,Atlanta,GA,30327,Advertising,Palm Cards
State Treasurer,"GRANTHAM, KEVIN",Republican,20.3,10/10/25,Anedot,New Orleans,LA,70112,Other,Credit Card Processing Fee
State Treasurer,"GRANTHAM, KEVIN",Republican,5510.35,10/10/25,Jay  Misany,Denver,CO,80203,Consultant & Professional Services,Consulting And Expenses
State Treasurer,"GRANTHAM, KEVIN",Republican,4686,10/10/25,Ringside Consulting Llc,Wheat Ridge,CO,80121,Consultant & Professional Services,Fundraising Consulting
State Treasurer,"GRANTHAM, KEVIN",Republican,233.17,10/10/25,Ringside Consulting Llc,Wheat Ridge,CO,80121,Other,Campaign Kickoff Event Expenses Paid To Costco
State Treasurer,"GRANTHAM, KEVIN",Republican,8.3,10/16/25,Anedot,New Orleans,LA,70112,Other,Credit Card Processing Fee
State Treasurer,"GRANTHAM, KEVIN",Republican,10.3,10/18/25,Anedot,New Orleans,LA,70112,Other,Credit Card Processing Fee
State Treasurer,"GRANTHAM, KEVIN",Republican,8.3,10/18/25,Anedot,New Orleans,LA,70112,Other,Credit Card Processing Fee
State Treasurer,"GRANTHAM, KEVIN",Republican,4.3,10/21/25,Anedot,New Orleans,LA,70112,Other,Credit Card Processing Fee
State Treasurer,"GRANTHAM, KEVIN",Republican,8.3,10/23/25,Anedot,New Orleans,LA,70112,Other,Credit Card Processing Fee
State Treasurer,"GRANTHAM, KEVIN",Republican,0.7,10/30/25,Anedot,New Orleans,LA,70112,Other,Credit Card Processing Fee
State Treasurer,"GRANTHAM, KEVIN",Republican,1.3,10/30/25,Anedot,New Orleans,LA,70112,Other,Credit Card Processing Fee
State Treasurer,"GRANTHAM, KEVIN",Republican,4.3,11/1/25,Anedot,New Orleans,LA,70112,Other,Credit Card Processing Fee
State Treasurer,"GRANTHAM, KEVIN",Republican,5000,11/3/25,Go Big Media,Washington,DC,20027,Advertising,Production Of Launch Advertising
State Treasurer,"GRANTHAM, KEVIN",Republican,5087.4,11/3/25,Jay  Misany,Denver,CO,80203,Consultant & Professional Services,Consulting And Expenses
State Treasurer,"GRANTHAM, KEVIN",Republican,10.3,11/5/25,Anedot,New Orleans,LA,70112,Other,Credit Card Processing Fee
State Treasurer,"GRANTHAM, KEVIN",Republican,952.42,11/7/25,Ringside Consulting Llc,Wheat Ridge,CO,80121,Consultant & Professional Services,Fundraising Consulting And Expenses
State Treasurer,"GRANTHAM, KEVIN",Republican,8.3,11/13/25,Anedot,New Orleans,LA,70112,Other,Credit Card Processing Fee
State Treasurer,"GRANTHAM, KEVIN",Republican,116.3,11/14/25,Anedot,New Orleans,LA,70112,Other,Credit Card Processing Fee
State Treasurer,"GRANTHAM, KEVIN",Republican,20.3,11/14/25,Anedot,New Orleans,LA,70112,Other,Credit Card Processing Fee
State Treasurer,"GRANTHAM, KEVIN",Republican,4.3,11/19/25,Anedot,New Orleans,LA,70112,Other,Credit Card Processing Fee
State Treasurer,"GRANTHAM, KEVIN",Republican,2.3,11/21/25,Anedot,New Orleans,LA,70112,Other,Credit Card Processing Fee
State Treasurer,"GRANTHAM, KEVIN",Republican,4.3,11/22/25,Anedot,New Orleans,LA,70112,Other,Credit Card Processing Fee
State Treasurer,"GRANTHAM, KEVIN",Republican,4.3,11/22/25,Anedot,New Orleans,LA,70112,Other,Credit Card Processing Fee
State Treasurer,"GRANTHAM, KEVIN",Republican,4.3,11/23/25,Anedot,New Orleans,LA,70112,Other,Credit Card Processing Fee
State Treasurer,"GRANTHAM, KEVIN",Republican,4.3,11/24/25,Anedot,New Orleans,LA,70112,Other,Credit Card Processing Fee
State Treasurer,"GRANTHAM, KEVIN",Republican,4670.11,12/2/25,Jay  Misany,Denver,CO,80203,Consultant & Professional Services,Consulting And Expenses
State Treasurer,"GRANTHAM, KEVIN",Republican,618,12/2/25,Ringside Consulting Llc,Wheat Ridge,CO,80121,Consultant & Professional Services,Fundraising Consulting And Expenses
State Treasurer,"GRANTHAM, KEVIN",Republican,3.26,12/5/25,Anedot,New Orleans,LA,70112,Other,Credit Card Processing Fee
State Treasurer,"GRANTHAM, KEVIN",Republican,2.3,12/6/25,Anedot,New Orleans,LA,70112,Other,Credit Card Processing Fee
State Treasurer,"GRANTHAM, KEVIN",Republican,2.3,12/6/25,Anedot,New Orleans,LA,70112,Other,Credit Card Processing Fee
State Treasurer,"GRANTHAM, KEVIN",Republican,4.3,12/12/25,Anedot,New Orleans,LA,70112,Other,Credit Card Processing Fee
State Treasurer,"GRANTHAM, KEVIN",Republican,1500,12/17/25,Strategic Compliance Llc,Denver,CO,80205,Consultant & Professional Services,Compliance Consulting
State Treasurer,"GRANTHAM, KEVIN",Republican,16.3,12/20/25,Anedot,New Orleans,LA,70112,Other,Credit Card Processing Fee
State Treasurer,"GRANTHAM, KEVIN",Republican,4.3,12/22/25,Anedot,New Orleans,LA,70112,Other,Credit Card Processing Fee
State Treasurer,"GRANTHAM, KEVIN",Republican,30,12/31/25,First Bank,Denver,CO,80203,Bank Fees,Bank Fees
State Treasurer,"GRANTHAM, KEVIN",Republican,7909.7,12/31/25,Timor Strategies Llc,Lakewood,CO,80227,Consultant & Professional Services,"Consulting, Website Design, Domain Name, Administrative Email Subscription"