committee,committee_type,expenditure_amount,expenditure_date,recipient,city,state,zip,expenditure_type,explanation
COLORADO HEALTH FREEDOM PAC,Independent Expenditure Committee,1.9,2025-01-01 00:00:00,,,,,Bank Fees,Fees Taken Out Of Contributions That Were Donated-Anedot
NEW DAY COLORADO FUND,527 Political Organization,40.3,2025-01-01 00:00:00,Anedot,New Orleans,LA,70112,Bank Fees,
NEW DAY COLORADO FUND,527 Political Organization,1000.0,2025-01-01 00:00:00,Sws Polifi Llc,Fort Lupton,CO,80621,Consultant & Professional Services,
ALL TOGETHER COLORADO,527 Political Organization,3000.0,2025-01-02 00:00:00,Scarlett Greene,Denver,CO,80206,Consultant & Professional Services,
ALL TOGETHER COLORADO,Independent Expenditure Committee,8500.0,2025-01-02 00:00:00,Blue Mountain Strategies,Denver,CO,80223,Consultant & Professional Services,
ALL TOGETHER COLORADO,Independent Expenditure Committee,10000.0,2025-01-02 00:00:00,Mountaintop Strategies,Thornton,CO,80229,Consultant & Professional Services,
ALL TOGETHER COLORADO,Independent Expenditure Committee,8000.0,2025-01-02 00:00:00,Scarlett Greene,Denver,CO,80206,Consultant & Professional Services,
COLORADANS CREATING OPPORTUNITIES,Independent Expenditure Committee,500.0,2025-01-02 00:00:00,Scarlett Greene,Denver,CO,80206,Consultant & Professional Services,
COLORADO HEALTH FREEDOM PAC,Independent Expenditure Committee,0.7,2025-01-02 00:00:00,,,,,Bank Fees,Fees Taken Out Of Contributions That Were Donated-Anedot
COLORADO LABOR ACTION,Independent Expenditure Committee,250.0,2025-01-02 00:00:00,Scarlett Greene,Denver,CO,80206,Consultant & Professional Services,
COLORADO WAY FORWARD,527 Political Organization,3000.0,2025-01-02 00:00:00,Scarlett Greene,Denver,CO,80206,Consultant & Professional Services,
COLORADO WAY FORWARD,527 Political Organization,5000.0,2025-01-02 00:00:00,5280 Development,Denver,CO,80206,Consultant & Professional Services,
MONTROSE REPUBLICAN WOMEN,527 Political Organization,525.0,2025-01-02 00:00:00,Colorado Federation Of Republican Women (Cfrw),Golden,CO,80403,Other,Memberships To Cfrw & Nfrw (17) Plus $15 One Time Fee
NEW DAY COLORADO FUND,527 Political Organization,261.2,2025-01-02 00:00:00,Anedot,New Orleans,LA,70112,Bank Fees,
NEW DAY COLORADO FUND,527 Political Organization,6178.9,2025-01-02 00:00:00,Ringside Consulting,Denver,CO,80212,Consultant & Professional Services,
PLANNED PARENTHOOD VOTES COLORADO INDEPENDENT EXPENDITURE COMMITTEE,Independent Expenditure Committee,5.0,2025-01-02 00:00:00,,,,,Bank Fees,Credit Card Processing Fees
ALL TOGETHER COLORADO,Independent Expenditure Committee,607.95,2025-01-03 00:00:00,Event Rents,Englewood,CO,80112,Other,Event Expense
COLORADO CHAMBER 527 POLITICAL ORGANIZATION,527 Political Organization,2500.0,2025-01-03 00:00:00,Colorado Way Forward,Denver,CO,80206,Contributions,Contribution
COLORADO CHAMBER 527 POLITICAL ORGANIZATION,527 Political Organization,2500.0,2025-01-03 00:00:00,Democratic Senate Campaign Fund,Denver,CO,80204,Contributions,
COLORADO CHAMBER 527 POLITICAL ORGANIZATION,527 Political Organization,2500.0,2025-01-03 00:00:00,New Day Colorado Fund,Fort Lupton,CO,80621,Contributions,
COLORADO CHAMBER 527 POLITICAL ORGANIZATION,527 Political Organization,2500.0,2025-01-03 00:00:00,Senate Majority Fund,Denver,CO,80205,Contributions,
PLANNED PARENTHOOD VOTES COLORADO INDEPENDENT EXPENDITURE COMMITTEE,Independent Expenditure Committee,0.41,2025-01-03 00:00:00,,,,,Bank Fees,Credit Card Processing Fees
COLORADO WAY FORWARD,Independent Expenditure Committee,59.25,2025-01-04 00:00:00,Actblue,Sommerville,MA,02144,Bank Fees,
COLORADO WAY FORWARD,Independent Expenditure Committee,79.0,2025-01-04 00:00:00,Actblue,Sommerville,MA,02144,Bank Fees,
JUSTICE FOR JASON,Independent Expenditure Committee,150.0,2025-01-04 00:00:00,Polifi Llc,Fort Lupton,CO,80621,Consultant & Professional Services,
SENATE MAJORITY FUND,527 Political Organization,18000.0,2025-01-04 00:00:00,Cole Communications,Colorado Springs,CO,80903,Consultant & Professional Services,
SENATE MAJORITY FUND,527 Political Organization,1200.0,2025-01-04 00:00:00,Zakhem Law,Denver,CO,80201,Consultant & Professional Services,
BLUEFLOWER ACTION,Independent Expenditure Committee,1850.0,2025-01-05 00:00:00,Markus Williams Young & Hunsicker,Denver,CO,80203,Consultant & Professional Services,
NEW DAY COLORADO FUND,527 Political Organization,75.0,2025-01-05 00:00:00,Cutter Consulting Llc,Alexandria,VA,22303,Advertising,Banner
ALL TOGETHER COLORADO,Independent Expenditure Committee,98.75,2025-01-06 00:00:00,Actblue,Somerville,MA,02144,Bank Fees,
BLUEFLOWER ACTION,Independent Expenditure Committee,2300.0,2025-01-06 00:00:00,Scarlett Greene,Denver,CO,80206,Consultant & Professional Services,
COLORADANS CREATING OPPORTUNITIES,Independent Expenditure Committee,442.0,2025-01-06 00:00:00,Scarlett Greene,Denver,CO,80206,Consultant & Professional Services,
COLORADANS FOR COLORADO VALUES,Independent Expenditure Committee,480.0,2025-01-06 00:00:00,Scarlett Greene,Denver,CO,80206,Consultant & Professional Services,
COLORADO EDUCATION ASSOCIATION VICTORY FUND,Independent Expenditure Committee,2500.0,2025-01-06 00:00:00,Scarlett Greene,Denver,CO,80206,Consultant & Professional Services,
COLORADO WAY FORWARD,Independent Expenditure Committee,20000.0,2025-01-06 00:00:00,You Need A Plan,Littleton,CO,80160,Consultant & Professional Services,
COLORADO WAY FORWARD,Independent Expenditure Committee,15000.0,2025-01-06 00:00:00,5280 Development,Denver,CO,80206,Consultant & Professional Services,
PHARMACEUTICAL RESEARCH AND MANUFACTURERS OF AMERICA COLORADO ACTION FUND (PHRMA COLORADO ACTION FUN,527 Political Organization,10000.0,2025-01-06 00:00:00,All Together Colorado,Denver,CO,80206,Contributions,Contribution
PHARMACEUTICAL RESEARCH AND MANUFACTURERS OF AMERICA COLORADO ACTION FUND (PHRMA COLORADO ACTION FUN,527 Political Organization,10000.0,2025-01-06 00:00:00,Colorado Way Forward,Denver,CO,80206,Contributions,Contribution
RURAL VOICES FOR CHANGE,Independent Expenditure Committee,50.0,2025-01-06 00:00:00,Colorado Secretary Of State,Denver,CO,80210,Other,Late Filing Fee 2024 - Invoice #2025E000005
SENATE MAJORITY FUND,527 Political Organization,600.0,2025-01-06 00:00:00,"Strategic Compliance, Llc",Denver,CO,80205,Consultant & Professional Services,Compliance Consulting
FRIENDS FOR THE FUTURE (F3),527 Political Organization,0.7,2025-01-07 00:00:00,Anedot Inc,New Orleans,LA,70112,Bank Fees,Anedot (Sielaff)
LET COLORADO VOTE ACTION,Independent Expenditure Committee,20.0,2025-01-07 00:00:00,First Bank,Denver,CO,80231,Bank Fees,Bank Fee
LET COLORADO VOTE ACTION,Independent Expenditure Committee,-20.0,2025-01-07 00:00:00,First Bank,Denver,CO,80231,Bank Fees,Offset Due To Update Of Filed Item - Bank Fee
LET COLORADO VOTE ACTION,Independent Expenditure Committee,10.0,2025-01-07 00:00:00,First Bank,Denver,CO,80231,Bank Fees,Bank Fee
PHARMACEUTICAL RESEARCH AND MANUFACTURERS OF AMERICA COLORADO ACTION FUND (PHRMA COLORADO ACTION FUN,527 Political Organization,10000.0,2025-01-07 00:00:00,Senate Majority Fund,Denver,CO,80205,Contributions,Contriution
PHARMACEUTICAL RESEARCH AND MANUFACTURERS OF AMERICA COLORADO ACTION FUND (PHRMA COLORADO ACTION FUN,527 Political Organization,10000.0,2025-01-07 00:00:00,New Day Colorado Fund,Fort Lupton,CO,80621,Contributions,Contribution
SENATE MAJORITY FUND,527 Political Organization,47.32,2025-01-07 00:00:00,Mailchimp,Atlanta,GA,30308,Advertising,Email Communications
ALL TOGETHER COLORADO,Independent Expenditure Committee,4.0,2025-01-08 00:00:00,,,,,Other,Parking
NEW DAY COLORADO FUND,527 Political Organization,238.9,2025-01-09 00:00:00,Anedot,New Orleans,CO,70117,Bank Fees,
COLORADO HEALTH FREEDOM PAC,Independent Expenditure Committee,2.0,2025-01-10 00:00:00,Firstbank,Castle Rock,CO,80104,Bank Fees,Fees For Firstbank Credit/Debit Card
COLORADO'S DISTRICT ATTORNEY ASSOCIATION ACTION,Independent Expenditure Committee,500.0,2025-01-10 00:00:00,Strategic Compliance Llc,Denver,CO,80205,Consultant & Professional Services,
CONSERVATION COLORADO VICTORY FUND,Independent Expenditure Committee,68.0,2025-01-10 00:00:00,Tierney Lawrence,Denver,CO,80203,Consultant & Professional Services,Legal Fees
NEW DAY COLORADO FUND,527 Political Organization,425.69,2025-01-11 00:00:00,Horizon Reprographics,Denver,CO,80223,Miscellaneous,
NEW DAY COLORADO FUND,527 Political Organization,893.59,2025-01-11 00:00:00,Ringside Consulting,Denver,CO,80212,Consultant & Professional Services,Pre-Session
PROTECT OUR VOTE,Independent Expenditure Committee,197.5,2025-01-12 00:00:00,Actblue Technical Services,Somerville,MA,02144,Fundraising Expenses,
ALL TOGETHER COLORADO,Independent Expenditure Committee,39.5,2025-01-13 00:00:00,Actblue,Somerville,MA,02144,Bank Fees,
COLLEGE ACCESS FOR COLORADO,Independent Expenditure Committee,7800.0,2025-01-13 00:00:00,Engage Strategies,Denver,CO,80202,Consultant & Professional Services,
COLORADO HOSPITALS ACTION FUND,Independent Expenditure Committee,89.62,2025-01-13 00:00:00,,,,,Bank Fees,Jan Bank Fees
COLORADO WAY FORWARD,Independent Expenditure Committee,5000.0,2025-01-13 00:00:00,You Need A Plan,Littleton,CO,80160,Consultant & Professional Services,
COLORADO WAY FORWARD,Independent Expenditure Committee,8000.0,2025-01-13 00:00:00,Scarlett Greene,Denver,CO,80206,Consultant & Professional Services,
NEW DAY COLORADO FUND,527 Political Organization,2.3,2025-01-13 00:00:00,Anedot,New Orleans,CO,70117,Bank Fees,
ALL TOGETHER COLORADO,Independent Expenditure Committee,395.0,2025-01-14 00:00:00,Actblue,Somerville,MA,02144,Bank Fees,
COLORADO WAY FORWARD,Independent Expenditure Committee,197.5,2025-01-14 00:00:00,Actblue,Sommerville,MA,02144,Bank Fees,
COLORADO WAY FORWARD,Independent Expenditure Committee,39.5,2025-01-14 00:00:00,Actblue,Sommerville,MA,02144,Bank Fees,
BRIGHTER COLORADO FUTURES 527,527 Political Organization,25.0,2025-01-15 00:00:00,E-File Magic,Portland,OR,97294,Office Equipment & Supplies,1099 Software
NEW COLORADO PROMISE,Independent Expenditure Committee,477.96,2025-01-16 00:00:00,American Airlines,Fort Worth,TX,76155,Consultant & Professional Services,Reimbursement: Travel: Air
NEW COLORADO PROMISE,Independent Expenditure Committee,629.53,2025-01-16 00:00:00,Denver Marriott South At Park Meadows,Lone Tree,CO,80124,Travel & Lodging,Reimbursement: Travel: Lodging
NEW COLORADO PROMISE,Independent Expenditure Committee,320.28,2025-01-16 00:00:00,Avis Car Rental,Parsippany,NJ,07054,Travel & Lodging,Reimbursement: Travel: Ground
NEW COLORADO PROMISE,Independent Expenditure Committee,186.52,2025-01-16 00:00:00,Fedex,Memphis,TN,38120,Office Equipment & Supplies,Reimbursement: Postage Expense
NEW COLORADO PROMISE,Independent Expenditure Committee,358.03,2025-01-16 00:00:00,American Airlines,Fort Worth,TX,76155,Travel & Lodging,Reimbursement: Travel: Air
NEW COLORADO PROMISE,Independent Expenditure Committee,234.44,2025-01-16 00:00:00,Denver Marriott South At Park Meadows,Lone Tree,CO,80124,Travel & Lodging,Reimbursement: Travel: Lodging
NEW COLORADO PROMISE,Independent Expenditure Committee,427.07,2025-01-16 00:00:00,Storyboards Inc,Dallas,TX,75254,Other,Reimbursement: Printing Expense
NEW COLORADO PROMISE,Independent Expenditure Committee,1355.0,2025-01-16 00:00:00,Storyboards Inc,Dallas,TX,75254,Other,Reimbursement: Design Software
COLORADO BEVERAGE ASSOCIATION 527,527 Political Organization,2000.0,2025-01-17 00:00:00,Colorado Democrat Latino Caucus,Denver,CO,80222,Contributions,Contribution
COLORADO BEVERAGE ASSOCIATION 527,527 Political Organization,2000.0,2025-01-17 00:00:00,The Colorado Black Democratic Legislative Caucus,Denver,CO,80207,Contributions,Contribution
STOP ANTISEMITISM COLORADO ACTION FUND,527 Political Organization,6.25,2025-01-17 00:00:00,,,,,Office Equipment & Supplies,
NEW DAY COLORADO FUND,527 Political Organization,0.5,2025-01-20 00:00:00,Anedot,New Orleans,CO,70117,Bank Fees,
MONTROSE REPUBLICAN WOMEN,527 Political Organization,80.85,2025-01-21 00:00:00,Aspen Designs,Annapolis,MD,21403,Fundraising Expenses,Pins
SENATE MAJORITY FUND,527 Political Organization,21917.91,2025-01-21 00:00:00,Westbrooke Group,Denver,CO,80206,Consultant & Professional Services,
COLORADANS FOR HOUSING AFFORDABILITY,Independent Expenditure Committee,30000.0,2025-01-22 00:00:00,Wr Communications Inc,Denver,CO,80220,Consultant & Professional Services,
MONTROSE REPUBLICAN WOMEN,527 Political Organization,175.0,2025-01-22 00:00:00,Kerri  Catlin,Montrose,CO,81403,Advertising,Reimbursement To Kerri Catlin For Advertising
MONTROSE REPUBLICAN WOMEN,527 Political Organization,217.0,2025-01-22 00:00:00,The Association,Montrose,CO,81401,Rent & Utilities,Facility Rental
COLORADO BEVERAGE ASSOCIATION 527,527 Political Organization,163.5,2025-01-23 00:00:00,West Group,Denver,CO,80111,Consultant & Professional Services,Legal And Professional Service Fee
COLORADO BEVERAGE ASSOCIATION 527,527 Political Organization,2000.0,2025-01-23 00:00:00,The Colorado Black Democratic Legislative Caucus,Denver,CO,80207,Contributions,Contribution
RED MAJORITY COLORADO,Independent Expenditure Committee,1.0,2025-01-23 00:00:00,"Anedot, Inc",New Orleans,LA,70112,Fundraising Expenses,
ALL TOGETHER COLORADO,Independent Expenditure Committee,161.95,2025-01-24 00:00:00,Actblue,Somerville,MA,02144,Bank Fees,
COLORADO WAY FORWARD,Independent Expenditure Committee,5000.0,2025-01-24 00:00:00,5280 Development,Denver,CO,80206,Consultant & Professional Services,
COLORADO WAY FORWARD,Independent Expenditure Committee,102.7,2025-01-24 00:00:00,Actblue,Sommerville,MA,02144,Bank Fees,
PROTECT OUR VOTE,Independent Expenditure Committee,197.5,2025-01-26 00:00:00,Actblue Technical Services,Somerville,MA,02144,Fundraising Expenses,
ALL TOGETHER COLORADO,Independent Expenditure Committee,3000.0,2025-01-27 00:00:00,Scarlett Greene,Denver,CO,80206,Consultant & Professional Services,
ALL TOGETHER COLORADO,Independent Expenditure Committee,41.27,2025-01-27 00:00:00,Mailchimp,Atlanta,GA,30308,Office Equipment & Supplies,
BALANCING THE ROCKIES,Independent Expenditure Committee,5.01,2025-01-27 00:00:00,Square,San Francisco,CA,94103,Bank Fees,Processing Fees
CENTENNIAL VALUES,Independent Expenditure Committee,500.0,2025-01-27 00:00:00,"Polestar, Inc.",Denver,CO,80202,Consultant & Professional Services,Monthly Consulting Fee
COLORADANS CREATING OPPORTUNITIES,Independent Expenditure Committee,500.0,2025-01-27 00:00:00,Scarlett Greene,Denver,CO,80206,Consultant & Professional Services,
COLORADO CONSTRUCTION INDUSTRY COALITION - 527 (CCIC - 527),527 Political Organization,693.37,2025-01-27 00:00:00,Foster Graham Milstein & Calisher,Denver,CO,80209,Consultant & Professional Services,Professional Services
COLORADO DEMOCRACY PROJECT,Independent Expenditure Committee,500.0,2025-01-27 00:00:00,"Polestar, Inc.",Denver,CO,80202,Consultant & Professional Services,Monthly Consulting Fee
COLORADO LABOR ACTION,Independent Expenditure Committee,250.0,2025-01-27 00:00:00,Scarlett Greene,Denver,CO,80206,Consultant & Professional Services,
VOTERS FOR COLORADO'S FUTURE,Independent Expenditure Committee,500.0,2025-01-27 00:00:00,"Polestar, Inc.",Denver,CO,80203,Consultant & Professional Services,Monthly Consulting Fee
FRIENDS FOR THE FUTURE (F3),527 Political Organization,0.7,2025-01-28 00:00:00,Anedot Inc,New Orleans,LA,70112,Bank Fees,Anedot (Ortman)
ALL TOGETHER COLORADO,Independent Expenditure Committee,1000.0,2025-01-29 00:00:00,The Ranch Country Club,Westminster,CO,80234,Other,Event Expense
COLORADO WAY FORWARD,Independent Expenditure Committee,3000.0,2025-01-29 00:00:00,Scarlett Greene,Denver,CO,80206,Consultant & Professional Services,
NRA POLITICAL VICTORY FUND - IE COMMITTEE,Independent Expenditure Committee,5.0,2025-01-30 00:00:00,"Chain Bridge Bank, N.A.",Mclean,VA,22101,Bank Fees,Bank Fees
ALL TOGETHER COLORADO,527 Political Organization,2.0,2025-01-31 00:00:00,,,,,Bank Fees,
ALL TOGETHER COLORADO,Independent Expenditure Committee,6.0,2025-01-31 00:00:00,,,,,Bank Fees,
BALANCING THE ROCKIES,Independent Expenditure Committee,2.0,2025-01-31 00:00:00,Independent Financial,Greenwood Village,CO,80111,Bank Fees,Bank Fee
BLUEFLOWER ACTION,Independent Expenditure Committee,2.0,2025-01-31 00:00:00,,,,,Bank Fees,
BRIGHTER COLORADO FUTURES 527,527 Political Organization,12.0,2025-01-31 00:00:00,First Bank,Lakewood,CO,80215,Bank Fees,
COLORADANS CREATING OPPORTUNITIES,Independent Expenditure Committee,2.0,2025-01-31 00:00:00,,,,,Bank Fees,
COLORADANS FOR ACCOUNTABLE GOVERNMENT,Independent Expenditure Committee,10.0,2025-01-31 00:00:00,First Bank,Denver,CO,80203,Bank Fees,
COLORADANS FOR COLORADO VALUES,Independent Expenditure Committee,2.0,2025-01-31 00:00:00,,,,,Bank Fees,
COLORADANS FOR PROPERTY RIGHTS,Independent Expenditure Committee,12.0,2025-01-31 00:00:00,First Bank,Denver,CO,80204,Bank Fees,
COLORADO LABOR ACTION,Independent Expenditure Committee,4.0,2025-01-31 00:00:00,,,,,Bank Fees,
COLORADO WAY FORWARD,527 Political Organization,2.0,2025-01-31 00:00:00,,,,,Bank Fees,
COLORADO WAY FORWARD,Independent Expenditure Committee,4.0,2025-01-31 00:00:00,,,,,Bank Fees,
KEEP COLORADO COUNTIES SAFE,Independent Expenditure Committee,2.0,2025-01-31 00:00:00,First Bank,Littleton,CO,80128,Bank Fees,Bank Fee
NEW DAY COLORADO FUND,527 Political Organization,1.0,2025-01-31 00:00:00,Firstbank North,Arvada,CO,80006,Bank Fees,
PLANNED PARENTHOOD VOTES COLORADO INDEPENDENT EXPENDITURE COMMITTEE,Independent Expenditure Committee,2.0,2025-01-31 00:00:00,,,,,Bank Fees,Bank Fees
COLORADO HEALTH FREEDOM PAC,Independent Expenditure Committee,1.9,2025-02-01 00:00:00,,,,,Bank Fees,Fees Taken Out Of Contributions That Were Donated-Anedot
COLORADO HEALTH FREEDOM PAC,Independent Expenditure Committee,0.7,2025-02-02 00:00:00,,,,,Bank Fees,Fees Taken Out Of Contributions That Were Donated-Anedot
COLORADO CONSTRUCTION INDUSTRY COALITION - 527 (CCIC - 527),527 Political Organization,279.63,2025-02-03 00:00:00,Deluxe,,CO,,Bank Fees,Ccic Check Reorder
CONSERVATION COLORADO VICTORY FUND,Independent Expenditure Committee,11.78,2025-02-03 00:00:00,Www.Tax1099.Com,Fayetteville,AR,72701,Other,1099 Filings
NEW DAY COLORADO FUND,527 Political Organization,13030.62,2025-02-03 00:00:00,Ringside Consulting,Denver,CO,80212,Consultant & Professional Services,
PLANNED PARENTHOOD VOTES COLORADO INDEPENDENT EXPENDITURE COMMITTEE,Independent Expenditure Committee,5.0,2025-02-03 00:00:00,,,,,Bank Fees,Credit Card Processing Fees
PLANNED PARENTHOOD VOTES COLORADO INDEPENDENT EXPENDITURE COMMITTEE,Independent Expenditure Committee,0.41,2025-02-03 00:00:00,,,,,Bank Fees,Credit Card Processing Fees
COLORADANS FOR ACCOUNTABLE GOVERNMENT,Independent Expenditure Committee,2600.0,2025-02-04 00:00:00,Ringside Consulting Llc,Denver,CO,80212,Consultant & Professional Services,
ALL TOGETHER COLORADO,Independent Expenditure Committee,10000.0,2025-02-05 00:00:00,Mountaintop Strategies,Thornton,CO,80229,Consultant & Professional Services,
ALL TOGETHER COLORADO,Independent Expenditure Committee,8500.0,2025-02-05 00:00:00,Blue Mountain Strategies,Denver,CO,80223,Consultant & Professional Services,
BALANCING THE ROCKIES,Independent Expenditure Committee,20.0,2025-02-05 00:00:00,Time Park,Denver,CO,80203,Travel & Lodging,Event Parking
FRIENDS FOR THE FUTURE (F3),527 Political Organization,0.7,2025-02-05 00:00:00,Anedot Inc,New Orleans,LA,70112,Bank Fees,Anedot (Sielaff)
JUSTICE FOR JASON,Independent Expenditure Committee,150.0,2025-02-05 00:00:00,Polifi Llc,Fort Lupton,CO,80621,Consultant & Professional Services,
KEEP COLORADO COUNTIES SAFE,Independent Expenditure Committee,282.0,2025-02-05 00:00:00,Ups,Littleton,CO,80120,Other,Usps Mail Service
LET COLORADO VOTE ACTION,Independent Expenditure Committee,10.0,2025-02-05 00:00:00,First Bank,Denver,CO,80231,Bank Fees,Bank Fee
NEW DAY COLORADO FUND,527 Political Organization,200.0,2025-02-05 00:00:00,Anthem Communications,Brighton,CO,80601,Consultant & Professional Services,
NEW DAY COLORADO FUND,527 Political Organization,1000.0,2025-02-05 00:00:00,Sws Polifi Llc,Fort Lupton,CO,80621,Consultant & Professional Services,
NEW DAY COLORADO FUND,527 Political Organization,7.3,2025-02-07 00:00:00,Anedot,New Orleans,LA,70112,Bank Fees,
SENATE MAJORITY FUND,527 Political Organization,600.0,2025-02-07 00:00:00,"Strategic Compliance, Llc",Denver,CO,80205,Consultant & Professional Services,Compliance Consulting
SENATE MAJORITY FUND,527 Political Organization,12913.19,2025-02-07 00:00:00,Westbrooke Group,Denver,CO,80206,Consultant & Professional Services,
COLORADO HEALTH FREEDOM PAC,Independent Expenditure Committee,2.0,2025-02-10 00:00:00,Firstbank,Castle Rock,CO,80104,Bank Fees,Fees For Firstbank Credit/Debit Card
SENATE MAJORITY FUND,527 Political Organization,47.32,2025-02-10 00:00:00,Mailchimp,Atlanta,GA,30308,Advertising,Email Communications
COLORADO HOSPITALS ACTION FUND,Independent Expenditure Committee,147.82,2025-02-11 00:00:00,,,,,Bank Fees,Feb Bank Fee
COLORADO LABOR ACTION,Independent Expenditure Committee,1405.34,2025-02-11 00:00:00,Jacob  Becklund,Denver,CO,80203,Travel & Lodging,Reimbursement
COLORADO LABOR ACTION,Independent Expenditure Committee,400.0,2025-02-11 00:00:00,Jacob  Becklund,Denver,CO,80203,Other,Reimbursement Event Expense
COLORADO LABOR ACTION,Independent Expenditure Committee,280.22,2025-02-11 00:00:00,Jacob  Becklund,Denver,CO,80203,Travel & Lodging,Reimbursement
COLORADO LABOR ACTION,Independent Expenditure Committee,1102.3,2025-02-11 00:00:00,Jacob  Becklund,Denver,CO,80203,Other,Reimbursement Cell Phone
COLORADO LABOR ACTION,Independent Expenditure Committee,2087.5,2025-02-11 00:00:00,Jacob  Becklund,Denver,CO,80203,Travel & Lodging,Reimbursement Mileage
BETTER SCHOOLS FOR A STRONGER COLORADO IEC (BSSC IEC),Independent Expenditure Committee,965.71,2025-02-12 00:00:00,"Stand For Children, Inc",Portland,OR,97201,Employee Services,Personnel Services
NEW DAY COLORADO FUND,527 Political Organization,30380.03,2025-02-12 00:00:00,Timor Strategies Llc,Lakewood,CO,80227,Consultant & Professional Services,
COLORADANS FOR ACCOUNTABLE GOVERNMENT,Independent Expenditure Committee,10.3,2025-02-14 00:00:00,Anedot,Baton Rouge,LA,70884,Fundraising Expenses,Credit Card Processing Fee
NEW DAY COLORADO FUND,527 Political Organization,10.3,2025-02-19 00:00:00,Anedot,New Orleans,LA,70112,Bank Fees,
COLORADO WAY FORWARD,527 Political Organization,73.0,2025-02-20 00:00:00,Usps,Denver,CO,80210,Office Equipment & Supplies,
NEW COLORADO PROMISE,Independent Expenditure Committee,3988.83,2025-02-20 00:00:00,"Dyce Communications, Llc",Dallas,TX,75254,Consultant & Professional Services,Reimbursements. See Non-Monetary Expenditures
NEW DAY COLORADO FUND,527 Political Organization,43.4,2025-02-20 00:00:00,Anedot,New Orleans,CO,70117,Bank Fees,
NEW DAY COLORADO FUND,527 Political Organization,206.25,2025-02-20 00:00:00,Charity Meinhart Design,Grand Junction,CO,81506,Consultant & Professional Services,Graphic Design
CENTENNIAL VALUES,Independent Expenditure Committee,250.0,2025-02-21 00:00:00,"Polestar, Inc.",Denver,CO,80202,Consultant & Professional Services,Monthly Consulting Fee
COLORADO DEMOCRACY PROJECT,Independent Expenditure Committee,250.0,2025-02-21 00:00:00,"Polestar, Inc.",Denver,CO,80202,Consultant & Professional Services,Monthly Consulting Fee
MONTROSE REPUBLICAN WOMEN,527 Political Organization,101.4,2025-02-21 00:00:00,Kerri  Catlin,Montrose,CO,81403,Office Equipment & Supplies,Office Depot -Envelopes And Thank You Notes; Reimbursement To Kerri Catlin
MONTROSE REPUBLICAN WOMEN,527 Political Organization,250.0,2025-02-21 00:00:00,Hampton Inn,Montrose,CO,81401,Rent & Utilities,Feb & March 2025 Room Rental & Coffee Service
STRONG COLORADO IEC,Independent Expenditure Committee,1000.0,2025-02-21 00:00:00,One Stop Graphics,Loveland,CO,80538,Consultant & Professional Services,
VOTERS FOR COLORADO'S FUTURE,Independent Expenditure Committee,250.0,2025-02-21 00:00:00,"Polestar, Inc.",Denver,CO,80203,Consultant & Professional Services,Monthly Consulting Fee
BRIGHTER COLORADO FUTURES 527,527 Political Organization,1.0,2025-02-24 00:00:00,Brighter Lakewood Futures,Lakewood,CO,80226,Contributions,
COLORADANS CREATING OPPORTUNITIES,Independent Expenditure Committee,25.0,2025-02-24 00:00:00,Colorado Secretary Of State,Denver,CO,80290,Other,Periodic Fee
NEW COLORADO PROMISE,Independent Expenditure Committee,40.3,2025-02-24 00:00:00,Anedot,New Orleans,LA,70112,Fundraising Expenses,Merchant Fee
BALANCING THE ROCKIES,Independent Expenditure Committee,5.01,2025-02-25 00:00:00,Square,San Francisco,CA,94103,Bank Fees,Processing Fees
RED MAJORITY COLORADO,Independent Expenditure Committee,1.0,2025-02-25 00:00:00,"Anedot, Inc",New Orleans,LA,70112,Fundraising Expenses,
NEW COLORADO PROMISE,Independent Expenditure Committee,2054.0,2025-02-26 00:00:00,Twelve20 Web Creations,Littleton,CO,80125,Consultant & Professional Services,Website Hosting And Development
NEW COLORADO PROMISE,Independent Expenditure Committee,3000.0,2025-02-26 00:00:00,"Dyce Communications, Llc",Dallas,TX,75254,Consultant & Professional Services,Communications Consulting
NEW DAY COLORADO FUND,527 Political Organization,107.5,2025-02-26 00:00:00,Wizbang Solutions Inc,Commerce City,CO,80022,Office Equipment & Supplies,Donation Envelopes
NEW DAY COLORADO FUND,527 Political Organization,4000.0,2025-02-26 00:00:00,Campbell Killen Brittan & Ray Llc,Denver,CO,80206,Consultant & Professional Services,
ALL TOGETHER COLORADO,Independent Expenditure Committee,41.27,2025-02-27 00:00:00,Mailchimp,Atlanta,GA,30308,Office Equipment & Supplies,
ALL TOGETHER COLORADO,527 Political Organization,2.0,2025-02-28 00:00:00,,,,,Bank Fees,
ALL TOGETHER COLORADO,Independent Expenditure Committee,6.0,2025-02-28 00:00:00,,,,,Bank Fees,
BALANCING THE ROCKIES,Independent Expenditure Committee,2.0,2025-02-28 00:00:00,Independent Financial,Greenwood Village,CO,80111,Bank Fees,Bank Fee
BLUEFLOWER ACTION,Independent Expenditure Committee,2.0,2025-02-28 00:00:00,,,,,Bank Fees,
BRIGHTER COLORADO FUTURES 527,527 Political Organization,12.0,2025-02-28 00:00:00,First Bank,Lakewood,CO,80215,Bank Fees,
COLORADANS CREATING OPPORTUNITIES,Independent Expenditure Committee,2.0,2025-02-28 00:00:00,,,,,Bank Fees,
COLORADANS FOR ACCOUNTABLE GOVERNMENT,Independent Expenditure Committee,10.0,2025-02-28 00:00:00,First Bank,Denver,CO,80203,Bank Fees,
COLORADANS FOR COLORADO VALUES,Independent Expenditure Committee,2.0,2025-02-28 00:00:00,,,,,Bank Fees,
COLORADANS FOR PROPERTY RIGHTS,Independent Expenditure Committee,12.0,2025-02-28 00:00:00,First Bank,Denver,CO,80204,Bank Fees,
COLORADO LABOR ACTION,Independent Expenditure Committee,4.0,2025-02-28 00:00:00,,,,,Bank Fees,
COLORADO WAY FORWARD,527 Political Organization,5000.0,2025-02-28 00:00:00,5280 Development,Denver,CO,80206,Consultant & Professional Services,
COLORADO WAY FORWARD,527 Political Organization,2.0,2025-02-28 00:00:00,,,,,Bank Fees,
COLORADO WAY FORWARD,Independent Expenditure Committee,4.0,2025-02-28 00:00:00,,,,,Bank Fees,
KEEP COLORADO COUNTIES SAFE,Independent Expenditure Committee,2.0,2025-02-28 00:00:00,First Bank,Littleton,CO,80128,Bank Fees,Bank Fee
NEW DAY COLORADO FUND,527 Political Organization,1000.0,2025-02-28 00:00:00,Sws Polifi Llc,Fort Lupton,CO,80621,Consultant & Professional Services,
NEW DAY COLORADO FUND,527 Political Organization,4900.0,2025-02-28 00:00:00,Pelican Lakes Llc,Windsor,CO,80550,Fundraising Expenses,New Day Colorado Golf Tournament
PLANNED PARENTHOOD VOTES COLORADO INDEPENDENT EXPENDITURE COMMITTEE,Independent Expenditure Committee,2.0,2025-02-28 00:00:00,,,,,Bank Fees,Bank Fees
COLORADO HEALTH FREEDOM PAC,Independent Expenditure Committee,1.9,2025-03-01 00:00:00,,,,,Bank Fees,Fees Taken Out Of Contributions That Were Donated-Anedot
COLORADO HEALTH FREEDOM PAC,Independent Expenditure Committee,0.7,2025-03-02 00:00:00,,,,,Bank Fees,Fees Taken Out Of Contributions That Were Donated-Anedot
JUSTICE FOR JASON,Independent Expenditure Committee,150.0,2025-03-03 00:00:00,Polifi Llc,Fort Lupton,CO,80621,Consultant & Professional Services,
NEW DAY COLORADO FUND,527 Political Organization,4704.27,2025-03-03 00:00:00,Ringside Consulting,Denver,CO,80212,Consultant & Professional Services,
PLANNED PARENTHOOD VOTES COLORADO INDEPENDENT EXPENDITURE COMMITTEE,Independent Expenditure Committee,5.0,2025-03-03 00:00:00,,,,,Bank Fees,Credit Card Processing Fees
PLANNED PARENTHOOD VOTES COLORADO INDEPENDENT EXPENDITURE COMMITTEE,Independent Expenditure Committee,0.41,2025-03-03 00:00:00,,,,,Bank Fees,Credit Card Processing Fees
COLORADANS FOR ACCOUNTABLE GOVERNMENT,Independent Expenditure Committee,3480.0,2025-03-04 00:00:00,Axiom Strategies,Kansas City,MO,64112,Advertising,In-Kind Contribution Of Direct Mail To Revitalizing Thornton
ALL TOGETHER COLORADO,Independent Expenditure Committee,10000.0,2025-03-05 00:00:00,Mountaintop Strategies,Thornton,CO,80229,Consultant & Professional Services,
ALL TOGETHER COLORADO,Independent Expenditure Committee,8500.0,2025-03-05 00:00:00,Blue Mountain Strategies,Denver,CO,80223,Consultant & Professional Services,
ALL TOGETHER COLORADO,Independent Expenditure Committee,3000.0,2025-03-05 00:00:00,Scarlett Greene,Denver,CO,80206,Consultant & Professional Services,
COLORADANS CREATING OPPORTUNITIES,Independent Expenditure Committee,500.0,2025-03-05 00:00:00,Scarlett Greene,Denver,CO,80206,Consultant & Professional Services,
COLORADO LABOR ACTION,Independent Expenditure Committee,250.0,2025-03-05 00:00:00,Scarlett Greene,Denver,CO,80206,Consultant & Professional Services,
COLORADO WAY FORWARD,Independent Expenditure Committee,3000.0,2025-03-05 00:00:00,Scarlett Greene,Denver,CO,80206,Consultant & Professional Services,
EL PASO COUNTY REPUBLICAN STRATEGY FORUM,527 Political Organization,25.0,2025-03-05 00:00:00,Colorado Secretary Of State,Denver,CO,80290,Miscellaneous,"Member Paid Periodic Report Fee To Sos, Will Be Reimbursed. See Corresponding Contribution."
FRIENDS FOR THE FUTURE (F3),527 Political Organization,1.4,2025-03-05 00:00:00,Anedot Inc,New Orleans,LA,70112,Bank Fees,Anedot (Ortman & Sielaff)
LET COLORADO VOTE ACTION,Independent Expenditure Committee,10.0,2025-03-05 00:00:00,First Bank,Denver,CO,80231,Bank Fees,Bank Fee
WELD STRONG,Independent Expenditure Committee,3100.0,2025-03-05 00:00:00,Strategic Compliance Llc,Denver,CO,80205,Consultant & Professional Services,
COLORADANS CREATING OPPORTUNITIES,Independent Expenditure Committee,67.0,2025-03-06 00:00:00,1St Bank,Lakewood,CO,80215,Bank Fees,
COLORADANS FOR ACCOUNTABLE GOVERNMENT,Independent Expenditure Committee,40.3,2025-03-06 00:00:00,Anedot,Baton Rouge,LA,70884,Fundraising Expenses,Credit Card Processing Fee
MONTROSE REPUBLICAN WOMEN,527 Political Organization,60.0,2025-03-06 00:00:00,Colorado Federation Of Republican Women (Cfrw),Golden,CO,80403,Other,Cfrw & Nfrw Memberships (2)
SENATE MAJORITY FUND,527 Political Organization,47.32,2025-03-07 00:00:00,Mailchimp,Atlanta,GA,30308,Advertising,Email Communications
SENATE MAJORITY FUND,527 Political Organization,600.0,2025-03-07 00:00:00,"Strategic Compliance, Llc",Denver,CO,80205,Consultant & Professional Services,Compliance Consulting
STRONG COLORADO IEC,Independent Expenditure Committee,250.0,2025-03-07 00:00:00,Polifi Llc,Fort Lupton,CO,80621,Consultant & Professional Services,
BALANCING THE ROCKIES,Independent Expenditure Committee,1.33,2025-03-10 00:00:00,Square,San Francisco,CA,94103,Bank Fees,Processing Fees
BALANCING THE ROCKIES,Independent Expenditure Committee,130.0,2025-03-10 00:00:00,Modern Media Management,Johnstown,CO,80534,Consultant & Professional Services,Website Hosting And Domain
COLORADANS FOR ACCOUNTABLE GOVERNMENT,Independent Expenditure Committee,8870.0,2025-03-10 00:00:00,Axiom Strategies,Kansas City,MO,64112,Advertising,In-Kind Contribution Of Direct Mail To Revitalizing Thornton
COLORADO HEALTH FREEDOM PAC,Independent Expenditure Committee,2.0,2025-03-10 00:00:00,Firstbank,Castle Rock,CO,80104,Bank Fees,Fees For Firstbank Credit/Debit Card
NEW DAY COLORADO FUND,527 Political Organization,7500.0,2025-03-10 00:00:00,Timor Strategies Llc,Lakewood,CO,80227,Consultant & Professional Services,
PROSPERITY THROUGH PROPERTY RIGHTS,Independent Expenditure Committee,5000.0,2025-03-10 00:00:00,Brighter Colorado Futures 527,Denver,CO,80202,Contributions,Contribution
COLORADO HOSPITALS ACTION FUND,Independent Expenditure Committee,150.59,2025-03-11 00:00:00,,,,,Bank Fees,March Bank Fee
SENATE MAJORITY FUND,527 Political Organization,8112.67,2025-03-11 00:00:00,Westbrooke Group,Denver,CO,80206,Consultant & Professional Services,
AMERICANS WITH PRINCIPLE,Independent Expenditure Committee,208.0,2025-03-12 00:00:00,Strategic Compliance Llc,Denver,CO,80205,Consultant & Professional Services,
COLORADANS FOR ACCOUNTABLE GOVERNMENT,Independent Expenditure Committee,4.3,2025-03-12 00:00:00,Anedot,Baton Rouge,LA,70884,Fundraising Expenses,Credit Card Processing Fee
COLORADO CONSTRUCTION INDUSTRY COALITION - 527 (CCIC - 527),527 Political Organization,15000.0,2025-03-12 00:00:00,76 Group,Denver,CO,80231,Consultant & Professional Services,Professional Services
COLORADO RURAL VOTERS,Independent Expenditure Committee,1500.0,2025-03-12 00:00:00,Amy  Brown,Denver,CO,80209,Consultant & Professional Services,Direct Mail Design Services
STRONG COLORADO IEC,Independent Expenditure Committee,1000.0,2025-03-12 00:00:00,Paul  Heaton,Loveland,CO,80538,Other,Door-To-Door Walking
BRIGHTER COLORADO FUTURES 527,527 Political Organization,4000.0,2025-03-13 00:00:00,Brighter Lakewood Futures,Lakewood,CO,80226,Contributions,
COLORADANS FOR ACCOUNTABLE GOVERNMENT,Independent Expenditure Committee,2425.0,2025-03-13 00:00:00,Ringside Consulting Llc,Denver,CO,80212,Consultant & Professional Services,
COLORADANS FOR ACCOUNTABLE GOVERNMENT,Independent Expenditure Committee,16.3,2025-03-13 00:00:00,Anedot,Baton Rouge,LA,70884,Fundraising Expenses,
COLORADO WAY FORWARD,Independent Expenditure Committee,147.82,2025-03-13 00:00:00,The Ponti,Denver,CO,80204,"Food, Beverages and Meals",
COLORADO WAY FORWARD,Independent Expenditure Committee,4.0,2025-03-13 00:00:00,,,,,Other,Parking
CONSERVATION COLORADO VICTORY FUND,Independent Expenditure Committee,493.75,2025-03-13 00:00:00,Actblue,,CO,,Bank Fees,Act Blue Fees
NEW DAY COLORADO FUND,527 Political Organization,100.0,2025-03-13 00:00:00,Anthem Communications,Brighton,CO,80601,Consultant & Professional Services,
COLORADANS FOR ACCOUNTABLE GOVERNMENT,Independent Expenditure Committee,7780.0,2025-03-17 00:00:00,Axiom Strategies,Kansas City,MO,64112,Advertising,In-Kind Contribution Of Direct Mail To Revitalizing Thornton
BRIGHTER COLORADO FUTURES 527,527 Political Organization,3000.0,2025-03-19 00:00:00,Brighter Lakewood Futures,Lakewood,CO,80226,Contributions,
COLORADO RURAL VOTERS,Independent Expenditure Committee,10806.25,2025-03-19 00:00:00,Grand Mesa Graphics,Grand Junction,CO,81501,Advertising,Direct Mail Printing
COLORADO RURAL VOTERS,Independent Expenditure Committee,6851.74,2025-03-19 00:00:00,Mail Managers,Grand Junction,CO,81505,Advertising,Direct Mail Postage
COLORADO RURAL VOTERS,Independent Expenditure Committee,168.42,2025-03-19 00:00:00,Fedex,Grand Junction,CO,81506,Advertising,Direct Mail Tabbing
COLORADO RURAL VOTERS,Independent Expenditure Committee,400.0,2025-03-19 00:00:00,Colorado Rural Voters,Billings,MT,59103,Other,Staff Time For Tabbing Direct Mail
COLORADO LABOR ACTION,Independent Expenditure Committee,20.63,2025-03-20 00:00:00,El Azteca,Thornton,CO,80233,"Food, Beverages and Meals",
NEW DAY COLORADO FUND,527 Political Organization,0.5,2025-03-20 00:00:00,Anedot,New Orleans,CO,70117,Bank Fees,
CENTENNIAL VALUES,Independent Expenditure Committee,250.0,2025-03-21 00:00:00,"Polestar, Inc.",Denver,CO,80202,Consultant & Professional Services,Monthly Consulting Fee
COLORADO DEMOCRACY PROJECT,Independent Expenditure Committee,250.0,2025-03-21 00:00:00,"Polestar, Inc.",Denver,CO,80202,Consultant & Professional Services,Monthly Consulting Fee
MONTROSE REPUBLICAN WOMEN,527 Political Organization,117.35,2025-03-21 00:00:00,Aspen Designs,Annapolis,MD,21403,Fundraising Expenses,Jewwelry
MONTROSE REPUBLICAN WOMEN,527 Political Organization,375.0,2025-03-21 00:00:00,Hampton Inn,Montrose,CO,81401,Rent & Utilities,Room Rent & Coffee Service Apr/May/June 2025
NEW DAY COLORADO FUND,527 Political Organization,9.6,2025-03-21 00:00:00,Anedot,New Orleans,LA,70112,Bank Fees,
OUR DEMOCRACY FUND,Independent Expenditure Committee,3.96,2025-03-21 00:00:00,Actblue,Somerville,MA,02144,Fundraising Expenses,Contribution Payment Processing Fee
PROSPERITY THROUGH PROPERTY RIGHTS,Independent Expenditure Committee,2000.0,2025-03-21 00:00:00,Brighter Colorado Futures 527,Denver,CO,80202,Contributions,Contribution
VOTERS FOR COLORADO'S FUTURE,Independent Expenditure Committee,250.0,2025-03-21 00:00:00,"Polestar, Inc.",Denver,CO,80203,Consultant & Professional Services,Monthly Consulting Fee
COLORADANS FOR ACCOUNTABLE GOVERNMENT,Independent Expenditure Committee,442.9,2025-03-24 00:00:00,Bonfire Data,Edmond,OK,73013,Advertising,In-Kind Contribution  Of Text Messaging To Revitalizing Thornton
COLORADO ADVOCATES FOR CHANGE,Independent Expenditure Committee,3.6,2025-03-24 00:00:00,Anedot,New Orleans,LA,70117,Bank Fees,
STRONG COLORADO IEC,Independent Expenditure Committee,1600.0,2025-03-24 00:00:00,Kayla  English,Fort Collins,CO,80528,Consultant & Professional Services,
BRIGHTER COLORADO FUTURES 527,527 Political Organization,1800.0,2025-03-25 00:00:00,Brighter Lakewood Futures,Lakewood,CO,80226,Contributions,
COLORADO BEVERAGE ASSOCIATION 527,527 Political Organization,3500.0,2025-03-25 00:00:00,"African Chamber Of Commerce Colorado, Usa",Aurora,CO,80015,Contributions,Contribution
COLORADO WAY FORWARD,Independent Expenditure Committee,5000.0,2025-03-25 00:00:00,5280 Development,Denver,CO,80206,Consultant & Professional Services,
RED MAJORITY COLORADO,Independent Expenditure Committee,1.0,2025-03-25 00:00:00,"Anedot, Inc",New Orleans,LA,70112,Fundraising Expenses,
SENATE MAJORITY FUND,527 Political Organization,12000.0,2025-03-25 00:00:00,Cole Communications,Colorado Springs,CO,80903,Consultant & Professional Services,
SENATE MAJORITY FUND,527 Political Organization,2400.0,2025-03-25 00:00:00,Zakhem Law,Denver,CO,80201,Consultant & Professional Services,
BETTER SCHOOLS FOR A STRONGER COLORADO IEC (BSSC IEC),Independent Expenditure Committee,100.67,2025-03-26 00:00:00,"Stand For Children, Inc",Portland,OR,97201,Employee Services,Personnel Services
NEW COLORADO PROMISE,Independent Expenditure Committee,2500.0,2025-03-26 00:00:00,Corinne  Foster,Littleton,CO,80120,Consultant & Professional Services,Digital Consulting
ALL TOGETHER COLORADO,Independent Expenditure Committee,41.27,2025-03-27 00:00:00,Mailchimp,Atlanta,GA,30308,Office Equipment & Supplies,
COLORADANS FOR COLORADO VALUES,Independent Expenditure Committee,67.0,2025-03-27 00:00:00,1St Bank,Denver,CO,80222,Bank Fees,
COLORADO LABOR ACTION,Independent Expenditure Committee,14.36,2025-03-27 00:00:00,,,,,"Food, Beverages and Meals",
NEW DAY COLORADO FUND,527 Political Organization,150.0,2025-03-27 00:00:00,Charity Meinhart Design,Grand Junction,CO,81506,Consultant & Professional Services,Graphic Design For Invites
COLORADO LABOR ACTION,Independent Expenditure Committee,25.0,2025-03-28 00:00:00,Colorado Secretary Of State,Denver,CO,80290,Other,Periodic Report
ALL TOGETHER COLORADO,527 Political Organization,2.0,2025-03-31 00:00:00,,,,,Bank Fees,
ALL TOGETHER COLORADO,Independent Expenditure Committee,18.0,2025-03-31 00:00:00,,,,,Bank Fees,
BLUEFLOWER ACTION,Independent Expenditure Committee,2.0,2025-03-31 00:00:00,,,,,Bank Fees,
BRIGHTER COLORADO FUTURES 527,527 Political Organization,12.0,2025-03-31 00:00:00,First Bank,Lakewood,CO,80215,Bank Fees,
CENTENNIAL VALUES,Independent Expenditure Committee,10.0,2025-03-31 00:00:00,"Wells Fargo Bank, N.A.",Portland,OR,97228,Bank Fees,Monthly Bank Fee
COLORADANS CREATING OPPORTUNITIES,Independent Expenditure Committee,2.0,2025-03-31 00:00:00,,,,,Bank Fees,
COLORADANS FOR COLORADO VALUES,Independent Expenditure Committee,2.0,2025-03-31 00:00:00,,,,,Bank Fees,
COLORADANS FOR PROPERTY RIGHTS,Independent Expenditure Committee,12.0,2025-03-31 00:00:00,First Bank,Denver,CO,80204,Bank Fees,
COLORADO ADVOCATES FOR CHANGE,Independent Expenditure Committee,6.0,2025-03-31 00:00:00,Firstbank,Denver,CO,80218,Bank Fees,
COLORADO DEMOCRACY PROJECT,Independent Expenditure Committee,10.0,2025-03-31 00:00:00,,,,,Bank Fees,Monthly Bank Fee
COLORADO LABOR ACTION,Independent Expenditure Committee,4.0,2025-03-31 00:00:00,,,,,Bank Fees,
COLORADO WAY FORWARD,527 Political Organization,2.0,2025-03-31 00:00:00,,,,,Bank Fees,
COLORADO WAY FORWARD,Independent Expenditure Committee,4.0,2025-03-31 00:00:00,,,,,Bank Fees,
FOUNDERS PAC,Independent Expenditure Committee,25.0,2025-03-31 00:00:00,Squar Space,New York,NY,10014,Advertising,Website
JUSTICE FOR JASON,Independent Expenditure Committee,4.0,2025-03-31 00:00:00,Firstbank,Arvada,CO,80006,Bank Fees,
KEEP COLORADO COUNTIES SAFE,Independent Expenditure Committee,2.0,2025-03-31 00:00:00,First Bank,Littleton,CO,80128,Bank Fees,Bank Fee
PLANNED PARENTHOOD VOTES COLORADO INDEPENDENT EXPENDITURE COMMITTEE,Independent Expenditure Committee,2.0,2025-03-31 00:00:00,,,,,Bank Fees,Bank Fees
PROSPERITY THROUGH PROPERTY RIGHTS,Independent Expenditure Committee,30.0,2025-03-31 00:00:00,Firstbank,Lakewood,CO,80215,Bank Fees,Bank Fee
VOTERS FOR COLORADO'S FUTURE,Independent Expenditure Committee,10.0,2025-03-31 00:00:00,,,,,Bank Fees,Monthly Bank Fee
ALL TOGETHER COLORADO,Independent Expenditure Committee,8500.0,2025-04-01 00:00:00,Blue Mountain Strategies,Denver,CO,80223,Consultant & Professional Services,
ALL TOGETHER COLORADO,527 Political Organization,40.82,2025-04-01 00:00:00,Machete Tequila & Tacos,Denver,CO,80202,"Food, Beverages and Meals",
ALL TOGETHER COLORADO,Independent Expenditure Committee,10000.0,2025-04-01 00:00:00,Mountaintop Strategies,Thornton,CO,80229,Consultant & Professional Services,
ALL TOGETHER COLORADO,Independent Expenditure Committee,3000.0,2025-04-01 00:00:00,Scarlett Greene,Denver,CO,80206,Consultant & Professional Services,
COLORADO HEALTH FREEDOM PAC,Independent Expenditure Committee,1.9,2025-04-01 00:00:00,,,,,Bank Fees,Fees Taken Out Of Contributions That Were Donated-Anedot
COLORADO WAY FORWARD,Independent Expenditure Committee,3000.0,2025-04-01 00:00:00,Scarlett Greene,Denver,CO,80206,Consultant & Professional Services,
FRIENDS FOR THE FUTURE (F3),527 Political Organization,0.7,2025-04-01 00:00:00,Anedot Inc,New Orleans,LA,70112,Bank Fees,Anedot (Ortman)
NEW DAY COLORADO FUND,527 Political Organization,5123.25,2025-04-01 00:00:00,Ringside Consulting,Denver,CO,80212,Consultant & Professional Services,
NEW DAY COLORADO FUND,527 Political Organization,2.3,2025-04-01 00:00:00,Anedot,New Orleans,CO,70117,Bank Fees,
RED MAJORITY COLORADO,Independent Expenditure Committee,437.9,2025-04-01 00:00:00,Elementor,Wilmington,DE,19808,Advertising,Web Builder
ALL TOGETHER COLORADO,527 Political Organization,551.25,2025-04-02 00:00:00,Ngp,Washington,DC,20005,Office Equipment & Supplies,
ALL TOGETHER COLORADO,527 Political Organization,625.0,2025-04-02 00:00:00,Carboy Winery,Denver,CO,80203,Other,Event Expense
BRIGHTER COLORADO FUTURES 527,527 Political Organization,-1.0,2025-04-02 00:00:00,Brighter Lakewood Futures,Lakewood,CO,80226,Returned Expenditure,Contribution Refund
COLORADANS CREATING OPPORTUNITIES,Independent Expenditure Committee,500.0,2025-04-02 00:00:00,Scarlett Greene,Denver,CO,80206,Consultant & Professional Services,
COLORADO CONSTRUCTION INDUSTRY COALITION - 527 (CCIC - 527),527 Political Organization,15000.0,2025-04-02 00:00:00,76 Group,Denver,CO,80231,Consultant & Professional Services,Professional Services
COLORADO CONSTRUCTION INDUSTRY COALITION - 527 (CCIC - 527),527 Political Organization,20000.0,2025-04-02 00:00:00,76 Group,Denver,CO,80231,Consultant & Professional Services,Professional Services
COLORADO HEALTH FREEDOM PAC,Independent Expenditure Committee,0.7,2025-04-02 00:00:00,,,,,Bank Fees,Fees Taken Out Of Contributions That Were Donated-Anedot
COLORADO LABOR ACTION,Independent Expenditure Committee,250.0,2025-04-02 00:00:00,Scarlett Greene,Denver,CO,80206,Consultant & Professional Services,
PLANNED PARENTHOOD VOTES COLORADO INDEPENDENT EXPENDITURE COMMITTEE,Independent Expenditure Committee,5.64,2025-04-02 00:00:00,,,,,Bank Fees,Credit Card Processing Fees
LET COLORADO VOTE ACTION,Independent Expenditure Committee,10.0,2025-04-03 00:00:00,First Bank,Denver,CO,80231,Bank Fees,
PLANNED PARENTHOOD VOTES COLORADO INDEPENDENT EXPENDITURE COMMITTEE,Independent Expenditure Committee,0.41,2025-04-03 00:00:00,,,,,Bank Fees,Credit Card Processing Fees
BLUEFLOWER ACTION,Independent Expenditure Committee,225.0,2025-04-04 00:00:00,Scarlett Greene,Denver,CO,80206,Consultant & Professional Services,
COLORADANS FOR COLORADO VALUES,Independent Expenditure Committee,260.0,2025-04-04 00:00:00,Scarlett Greene,Denver,CO,80206,Consultant & Professional Services,
COLORADO EDUCATION ASSOCIATION VICTORY FUND,Independent Expenditure Committee,225.0,2025-04-04 00:00:00,Scarlett Greene,Denver,CO,80206,Consultant & Professional Services,
JUSTICE FOR JASON,Independent Expenditure Committee,150.0,2025-04-04 00:00:00,Polifi Llc,Fort Lupton,CO,80621,Consultant & Professional Services,
BRIGHTER COLORADO FUTURES 527,527 Political Organization,1500.0,2025-04-05 00:00:00,Rkg Development,Superior,CO,80027,Consultant & Professional Services,Compliance Consulting
NEW COLORADO PROMISE,Independent Expenditure Committee,300.31,2025-04-05 00:00:00,Letters Plus,Centennial,CO,80112,Other,Printing And Postage Expense
NEW DAY COLORADO FUND,527 Political Organization,7500.0,2025-04-06 00:00:00,Timor Strategies Llc,Lakewood,CO,80287,Consultant & Professional Services,
NEW DAY COLORADO FUND,527 Political Organization,1000.0,2025-04-06 00:00:00,Sws Polifi Llc,Fort Lupton,CO,80621,Consultant & Professional Services,
CONSERVATION COLORADO VICTORY FUND,Independent Expenditure Committee,112.35,2025-04-07 00:00:00,Conservation Colorado,Denver,CO,80203,Employee Services,Employee Hours
COLORADO HEALTH FREEDOM PAC,Independent Expenditure Committee,2.0,2025-04-08 00:00:00,Firstbank,Castle Rock,CO,80104,Bank Fees,Fees For Firstbank Credit/Debit Card
SENATE MAJORITY FUND,527 Political Organization,47.32,2025-04-08 00:00:00,Mailchimp,Atlanta,GA,30308,Advertising,
COLORADO CONSTRUCTION INDUSTRY COALITION - 527 (CCIC - 527),527 Political Organization,45000.0,2025-04-09 00:00:00,76 Group,Denver,CO,80231,Consultant & Professional Services,Professional Services.
NEW DAY COLORADO FUND,527 Political Organization,21.9,2025-04-09 00:00:00,Anedot,New Orleans,LA,70112,Bank Fees,
COLORADO HOSPITALS ACTION FUND,Independent Expenditure Committee,147.87,2025-04-11 00:00:00,,,,,Bank Fees,April Bank Fees
COLORADO WORKING FAMILIES FUND INDEPENDENT EXPENDITURE COMMITTEE,Independent Expenditure Committee,-12.0,2025-04-11 00:00:00,,,,,Returned Expenditure,Bank Fee Refunded
COLORADO WORKING FAMILIES FUND INDEPENDENT EXPENDITURE COMMITTEE,Independent Expenditure Committee,-2.0,2025-04-11 00:00:00,,,,,Returned Expenditure,Bank Fee Partially Refunded
MONTROSE REPUBLICAN WOMEN,527 Political Organization,7.59,2025-04-11 00:00:00,City Of Montrose,Montrose,CO,81402,Other,Sales Tax
SENATE MAJORITY FUND,527 Political Organization,600.0,2025-04-11 00:00:00,"Strategic Compliance, Llc",Denver,CO,80205,Consultant & Professional Services,
STRONG COLORADO IEC,Independent Expenditure Committee,400.0,2025-04-11 00:00:00,Polifi Llc,Fort Lupton,CO,80621,Consultant & Professional Services,
NEW DAY COLORADO FUND,527 Political Organization,5.6,2025-04-12 00:00:00,Anedot,New Orleans,LA,70117,Bank Fees,
COLORADANS FOR ACCOUNTABLE GOVERNMENT,Independent Expenditure Committee,-4390.0,2025-04-14 00:00:00,Axiom Strategies,Kansas City,MO,64112,Returned Expenditure,Return Of Mail Deposit
COLORADANS FOR ACCOUNTABLE GOVERNMENT,Independent Expenditure Committee,1800.0,2025-04-14 00:00:00,Strategic Compliance Llc,Denver,CO,80205,Consultant & Professional Services,
COLORADANS FOR ACCOUNTABLE GOVERNMENT,Independent Expenditure Committee,2050.0,2025-04-14 00:00:00,Ringside Consulting Llc,Denver,CO,80212,Consultant & Professional Services,
COLORADANS FOR ACCOUNTABLE GOVERNMENT,Independent Expenditure Committee,7500.0,2025-04-14 00:00:00,Timor Strategies,Denver,CO,80227,Consultant & Professional Services,
COLORADANS FOR ACCOUNTABLE GOVERNMENT,Independent Expenditure Committee,12.0,2025-04-14 00:00:00,,,,,Bank Fees,
SENATE MAJORITY FUND,527 Political Organization,-15474.99,2025-04-15 00:00:00,Senate Majority Fund,Denver,CO,80205,Returned Expenditure,Return Of Contribution
COLORADO EDUCATION ASSOCIATION VICTORY FUND,Independent Expenditure Committee,275.0,2025-04-16 00:00:00,Colorado Secretary Of State,Denver,CO,80290,Other,Penalty Fee
EL PASO COUNTY REPUBLICAN STRATEGY FORUM,527 Political Organization,107.94,2025-04-16 00:00:00,El Paso County Republican Strategy Forum,Colorado Springs,CO,80907,Consultant & Professional Services,Website Renewal
PROTECT OUR VOTE,Independent Expenditure Committee,19.91,2025-04-20 00:00:00,Actblue Technical Services,Somerville,MA,02144,Fundraising Expenses,
ALL TOGETHER COLORADO,Independent Expenditure Committee,174.53,2025-04-21 00:00:00,Zoom,San Jose,CA,95113,Office Equipment & Supplies,
NEW DAY COLORADO FUND,527 Political Organization,1.0,2025-04-21 00:00:00,Anedot,New Orleans,CO,70117,Bank Fees,
COLORADO EDUCATION ASSOCIATION VICTORY FUND,Independent Expenditure Committee,25.0,2025-04-23 00:00:00,Colorado Secretary Of State,Denver,CO,80290,Other,Periodic Fee
COLORADO WAY FORWARD,527 Political Organization,25.0,2025-04-23 00:00:00,Colorado Secretary Of State,Denver,CO,80290,Other,Periodic Fee
RED MAJORITY COLORADO,Independent Expenditure Committee,1.0,2025-04-23 00:00:00,"Anedot, Inc",New Orleans,LA,70112,Fundraising Expenses,
BRIGHTER COLORADO FUTURES 527,527 Political Organization,25.0,2025-04-24 00:00:00,Colorado Secretary Of State,Denver,CO,80290,Other,Filing Fee
COLORADO ADVOCATES FOR CHANGE,Independent Expenditure Committee,0.9,2025-04-24 00:00:00,Anedot,New Orleans,LA,70117,Bank Fees,
MOUNTAIN VIEW PROFESSIONAL FIRE FIGHTERS LOCAL 3214 POLITICAL ACTION COMMITTEE,Independent Expenditure Committee,5000.0,2025-04-24 00:00:00,Stackadapt Inc,Toronto,ON,M5J 2J1,Consultant & Professional Services,Stack Adapt Political Ads Digital Media
NOCO REBOOT,Independent Expenditure Committee,400.0,2025-04-24 00:00:00,Polifi Llc,Fort Lupton,CO,80621,Consultant & Professional Services,
SENATE MAJORITY FUND,527 Political Organization,8112.64,2025-04-25 00:00:00,Westbrooke Group,Denver,CO,80206,Consultant & Professional Services,
SENATE MAJORITY FUND,527 Political Organization,6000.0,2025-04-25 00:00:00,Cole Communications,Colorado Springs,CO,80903,Consultant & Professional Services,
SENATE MAJORITY FUND,527 Political Organization,2400.0,2025-04-25 00:00:00,Zakhem Law,Denver,CO,80201,Consultant & Professional Services,
MOUNTAIN VIEW PROFESSIONAL FIRE FIGHTERS LOCAL 3214 POLITICAL ACTION COMMITTEE,Independent Expenditure Committee,10883.24,2025-04-26 00:00:00,C&D Printing Ñ A Br Company,Denver,CO,80229,Consultant & Professional Services,Br Printing Mailers And Door Hangers Invoice 79982 And 79979
PROTECT OUR VOTE,Independent Expenditure Committee,14.15,2025-04-27 00:00:00,Actblue Technical Services,Somerville,MA,02144,Fundraising Expenses,
ALL TOGETHER COLORADO,Independent Expenditure Committee,41.27,2025-04-28 00:00:00,Mailchimp,Atlanta,GA,30308,Office Equipment & Supplies,
COLORADO EDUCATION ASSOCIATION VICTORY FUND,Independent Expenditure Committee,67.0,2025-04-28 00:00:00,1St Bank,Denver,CO,80206,Bank Fees,
COLORADO LABOR ACTION,Independent Expenditure Committee,21.79,2025-04-28 00:00:00,Phantom Canyon Brew,Colorado Springs,CO,80903,"Food, Beverages and Meals",
COLORADO WAY FORWARD,Independent Expenditure Committee,5000.0,2025-04-29 00:00:00,5280 Development,Denver,CO,80206,Consultant & Professional Services,
EL PASO COUNTY REPUBLICAN STRATEGY FORUM,527 Political Organization,225.0,2025-04-29 00:00:00,El Paso County Republican Strategy Forum,Colorado Springs,CO,80907,Contributions,Donation To Tina Peters
FOUNDERS PAC,Independent Expenditure Committee,25.0,2025-04-29 00:00:00,Squarspace,New York,NY,10014,Advertising,Website Hosting
FRIENDS FOR THE FUTURE (F3),527 Political Organization,0.7,2025-04-29 00:00:00,Anedot Inc,New Orleans,LA,70112,Bank Fees,Anedot (Ortman)
FUND FOR COLORADOíS ENERGY FUTURE,527 Political Organization,250.0,2025-04-29 00:00:00,Sundberg For Aurora Ward Ii,,CO,,Contributions,
ALL TOGETHER COLORADO,527 Political Organization,2.0,2025-04-30 00:00:00,,,,,Bank Fees,
ALL TOGETHER COLORADO,Independent Expenditure Committee,6.0,2025-04-30 00:00:00,,,,,Bank Fees,
BALANCING THE ROCKIES,Independent Expenditure Committee,2.0,2025-04-30 00:00:00,Independent Financial,Greenwood Village,CO,80111,Bank Fees,Bank Fee
BLUEFLOWER ACTION,Independent Expenditure Committee,2.0,2025-04-30 00:00:00,,,,,Bank Fees,
CENTENNIAL VALUES,Independent Expenditure Committee,10.0,2025-04-30 00:00:00,"Wells Fargo Bank, N.A.",Portland,OR,97228,Bank Fees,Monthly Bank Fee
COLORADANS CREATING OPPORTUNITIES,Independent Expenditure Committee,2.0,2025-04-30 00:00:00,,,,,Bank Fees,
COLORADANS FOR COLORADO VALUES,Independent Expenditure Committee,2.0,2025-04-30 00:00:00,,,,,Bank Fees,
COLORADANS FOR CONSERVATIVE LEADERSHIP,Independent Expenditure Committee,12.0,2025-04-30 00:00:00,First Bank,Denver,CO,80203,Bank Fees,
COLORADO ADVOCATES FOR CHANGE,Independent Expenditure Committee,2.0,2025-04-30 00:00:00,Firstbank,Denver,CO,80218,Bank Fees,
COLORADO DEMOCRACY PROJECT,Independent Expenditure Committee,10.0,2025-04-30 00:00:00,"Wells Fargo Bank, N.A.",Portland,OR,97228,Bank Fees,Monthly Bank Fee
COLORADO LABOR ACTION,Independent Expenditure Committee,4.0,2025-04-30 00:00:00,,,,,Bank Fees,
COLORADO WAY FORWARD,527 Political Organization,2.0,2025-04-30 00:00:00,,,,,Bank Fees,
COLORADO WAY FORWARD,Independent Expenditure Committee,4.0,2025-04-30 00:00:00,,,,,Bank Fees,
FOUNDERS PAC,Independent Expenditure Committee,731.0,2025-04-30 00:00:00,Letters Plus,Centennial,CO,80112,Advertising,Printing And Postage Of Post Card
JUSTICE FOR JASON,Independent Expenditure Committee,2.0,2025-04-30 00:00:00,Firstbank,Arvada,CO,80006,Bank Fees,
KEEP COLORADO COUNTIES SAFE,Independent Expenditure Committee,2.0,2025-04-30 00:00:00,First Bank,Littleton,CO,80128,Bank Fees,Bank Fee
NEW COLORADO PROMISE,Independent Expenditure Committee,5.0,2025-04-30 00:00:00,,,,,Bank Fees,Bank Fee
PLANNED PARENTHOOD VOTES COLORADO INDEPENDENT EXPENDITURE COMMITTEE,Independent Expenditure Committee,2.0,2025-04-30 00:00:00,,,,,Bank Fees,Bank Fees
RED MAJORITY COLORADO,Independent Expenditure Committee,15.0,2025-04-30 00:00:00,Jpmorgan Chase Bank,Denver,CO,80218,Bank Fees,
VOTERS FOR COLORADO'S FUTURE,Independent Expenditure Committee,10.0,2025-04-30 00:00:00,"Wells Fargo Bank, N.A.",Portland,OR,97228,Bank Fees,Monthly Bank Fee
ALL TOGETHER COLORADO,Independent Expenditure Committee,8500.0,2025-05-01 00:00:00,Blue Mountain Strategies,Denver,CO,80223,Consultant & Professional Services,
ALL TOGETHER COLORADO,Independent Expenditure Committee,3000.0,2025-05-01 00:00:00,Scarlett Greene,Denver,CO,80206,Consultant & Professional Services,
ALL TOGETHER COLORADO,Independent Expenditure Committee,6000.0,2025-05-01 00:00:00,Mountaintop Strategies,Thornton,CO,80229,Consultant & Professional Services,
COLORADANS CREATING OPPORTUNITIES,Independent Expenditure Committee,500.0,2025-05-01 00:00:00,Scarlett Greene,Denver,CO,80206,Consultant & Professional Services,
COLORADO HEALTH FREEDOM PAC,Independent Expenditure Committee,1.9,2025-05-01 00:00:00,,,,,Bank Fees,Fees Taken Out Of Contributions That Were Donated-Anedot
COLORADO HEALTH FREEDOM PAC,Independent Expenditure Committee,-1.9,2025-05-01 00:00:00,,,,,Bank Fees,Offset Due To Update Of Filed Item - Fees Taken Out Of Contributions That Were Donated-Anedot
COLORADO HEALTH FREEDOM PAC,Independent Expenditure Committee,1.9,2025-05-01 00:00:00,,,,,Bank Fees,Fees Taken Out Of Contributions That Were Donated-Anedot
COLORADO LABOR ACTION,Independent Expenditure Committee,250.0,2025-05-01 00:00:00,Scarlett Greene,Denver,CO,80206,Consultant & Professional Services,
COLORADO WAY FORWARD,Independent Expenditure Committee,3000.0,2025-05-01 00:00:00,Scarlett Greene,Denver,CO,80206,Consultant & Professional Services,
FOUNDERS PAC,Independent Expenditure Committee,210.0,2025-05-01 00:00:00,303 Creative,Littleton,CO,80127,Advertising,Support Of Water District And Metro District Candidates
NEW DAY COLORADO FUND,527 Political Organization,75.0,2025-05-01 00:00:00,Charity Meinhart Design,Grand Junction,CO,81506,Consultant & Professional Services,
ALL TOGETHER COLORADO,527 Political Organization,551.25,2025-05-02 00:00:00,Ngp,Washington,DC,20005,Office Equipment & Supplies,
COLORADO HEALTH FREEDOM PAC,Independent Expenditure Committee,0.7,2025-05-02 00:00:00,,,,,Bank Fees,Fees Taken Out Of Contributions That Were Donated-Anedot
JUSTICE FOR JASON,Independent Expenditure Committee,150.0,2025-05-02 00:00:00,Polifi Llc,Fort Lupton,CO,80621,Consultant & Professional Services,
NEW DAY COLORADO FUND,527 Political Organization,4142.75,2025-05-02 00:00:00,Ringside Consulting,Denver,CO,80212,Consultant & Professional Services,
NEW DAY COLORADO FUND,527 Political Organization,1000.0,2025-05-02 00:00:00,Sws Polifi Llc,Fort Lupton,CO,80621,Consultant & Professional Services,
PLANNED PARENTHOOD VOTES COLORADO INDEPENDENT EXPENDITURE COMMITTEE,Independent Expenditure Committee,5.0,2025-05-02 00:00:00,,,,,Bank Fees,Credit Card Processing Fees
PROTECT OUR VOTE,Independent Expenditure Committee,18.39,2025-05-04 00:00:00,Actblue Technical Services,Somerville,MA,02144,Fundraising Expenses,
ALL TOGETHER COLORADO,Independent Expenditure Committee,213.75,2025-05-05 00:00:00,Deluxe,Shoreview,MN,55126,Office Equipment & Supplies,
FOUNDERS PAC,Independent Expenditure Committee,1047.99,2025-05-05 00:00:00,Letters Plus,Centenial,CO,80112,Advertising,Printing And Postage In Support Of Candidates For Highlands Ranch Metro And Water Districts
PLANNED PARENTHOOD VOTES COLORADO INDEPENDENT EXPENDITURE COMMITTEE,Independent Expenditure Committee,0.41,2025-05-05 00:00:00,,,,,Bank Fees,Credit Card Processing Fees
ROCKY MOUNTAIN WAY,Independent Expenditure Committee,1299.0,2025-05-05 00:00:00,Ngp Van,Austin,TX,78759,Other,Subscription
FOUNDERS PAC,Independent Expenditure Committee,299.63,2025-05-06 00:00:00,Ring Digital,Powell,OH,43065,Advertising,"Texting In Support Of Rita Salcedo, Carolyn Schwaholz And Michael Davis For Highlands Ranch Metro District, And Martin Claus And Tammy Essmeier For Highlands Ranch Water District."
FRIENDS FOR THE FUTURE (F3),527 Political Organization,0.7,2025-05-06 00:00:00,Anedot Inc,New Orleans,LA,70112,Bank Fees,Anedot (Sielaff)
COLORADO HEALTH FREEDOM PAC,Independent Expenditure Committee,2.0,2025-05-08 00:00:00,Firstbank,Castle Rock,CO,80104,Bank Fees,Fees For Firstbank Credit/Debit Card
NEW DAY COLORADO FUND,527 Political Organization,0.5,2025-05-08 00:00:00,Anedot,New Orleans,LA,70117,Bank Fees,
SENATE MAJORITY FUND,527 Political Organization,60.73,2025-05-08 00:00:00,Mailchimp,Atlanta,GA,30308,Advertising,
SPIRIT OF THE WEST IEC,Independent Expenditure Committee,4.3,2025-05-10 00:00:00,Anedot Inc.,New Orleans,LA,70112,Fundraising Expenses,Anedot Fee
NEW DAY COLORADO FUND,527 Political Organization,40.3,2025-05-11 00:00:00,Anedot,New Orleans,LA,70117,Bank Fees,
PROTECT OUR VOTE,Independent Expenditure Committee,2.18,2025-05-11 00:00:00,Actblue Technical Services,Somerville,MA,02144,Fundraising Expenses,
COLORADO HOSPITALS ACTION FUND,Independent Expenditure Committee,148.81,2025-05-12 00:00:00,,,,,Bank Fees,May Bank Fees
KEEP COLORADO COUNTIES SAFE,Independent Expenditure Committee,294.0,2025-05-12 00:00:00,Ups,Littleton,CO,80120,Other,Usps Mail Service
NEW DAY COLORADO FUND,527 Political Organization,4.3,2025-05-12 00:00:00,Anedot,New Orleans,LA,70117,Bank Fees,
ROCKY MOUNTAIN WAY,Independent Expenditure Committee,5000.0,2025-05-12 00:00:00,Give Wise Co,Idaho Springs,CO,80452,Fundraising Expenses,Fundraising Consulting
SENATE MAJORITY FUND,527 Political Organization,783.5,2025-05-12 00:00:00,"Strategic Compliance, Llc",Denver,CO,80205,Consultant & Professional Services,
COLORADANS FOR HOUSING AFFORDABILITY,Independent Expenditure Committee,820.0,2025-05-13 00:00:00,Recht Kornfeld Pc,Denver,CO,80202,Consultant & Professional Services,
SENATE MAJORITY FUND,527 Political Organization,4643.0,2025-05-13 00:00:00,Westbrooke Group,Denver,CO,80206,Consultant & Professional Services,
SENATE MAJORITY FUND,527 Political Organization,6000.0,2025-05-13 00:00:00,Cole Communications,Colorado Springs,CO,80903,Consultant & Professional Services,
COLORADANS CREATING OPPORTUNITIES,Independent Expenditure Committee,17800.0,2025-05-14 00:00:00,Irn,Denver,CO,80201,Other,Research
COLORADO CONSTRUCTION INDUSTRY COALITION - 527 (CCIC - 527),527 Political Organization,15000.0,2025-05-14 00:00:00,76 Group,Denver,CO,80231,Consultant & Professional Services,Professional Services
FOUNDERS PAC,Independent Expenditure Committee,210.0,2025-05-14 00:00:00,303 Creative,Littleton,CO,80127,Consultant & Professional Services,Post Card And Website Creative
FOUNDERS PAC,Independent Expenditure Committee,20.0,2025-05-14 00:00:00,Squarspace,New York,NY,10014,Advertising,Website Hosting
A WHOLE LOT OF PEOPLE FOR CHANGE,Independent Expenditure Committee,70.32,2025-05-15 00:00:00,One4Four Llc,Denver,CO,80203,Consultant & Professional Services,Website
COLORADO LABOR ACTION,Independent Expenditure Committee,252.54,2025-05-15 00:00:00,Illegal Petes,Denver,CO,80206,Other,Event
COLORADO STRONG,Independent Expenditure Committee,1000.0,2025-05-15 00:00:00,"Patriot Pathways, Llc",Lakewood,CO,80227,Consultant & Professional Services,"Admin, Management, And Filing Expense"
NEW DAY COLORADO FUND,527 Political Organization,20.3,2025-05-15 00:00:00,Anedot,New Orleans,LA,70117,Bank Fees,
CENTENNIAL VALUES,Independent Expenditure Committee,250.0,2025-05-16 00:00:00,"Polestar, Inc.",Denver,CO,80202,Consultant & Professional Services,Monthly Consulting Fee
COLORADO DEMOCRACY PROJECT,Independent Expenditure Committee,250.0,2025-05-16 00:00:00,"Polestar, Inc.",Denver,CO,80202,Consultant & Professional Services,Monthly Consulting Fee
MONTROSE REPUBLICAN WOMEN,527 Political Organization,32.56,2025-05-16 00:00:00,Cherie  Whiteford,Montrose,CO,81401,Miscellaneous,Reimbursement For Medals
NEW DAY COLORADO FUND,527 Political Organization,1.1,2025-05-16 00:00:00,Anedot,New Orleans,LA,70117,Bank Fees,
VOTERS FOR COLORADO'S FUTURE,Independent Expenditure Committee,250.0,2025-05-16 00:00:00,"Polestar, Inc.",Denver,CO,80203,Consultant & Professional Services,Monthly Consulting Fee
PROTECT OUR VOTE,Independent Expenditure Committee,2.38,2025-05-18 00:00:00,Actblue Technical Services,Somerville,MA,02144,Fundraising Expenses,
NEW DAY COLORADO FUND,527 Political Organization,20.3,2025-05-19 00:00:00,Anedot,New Orleans,LA,70117,Bank Fees,
ROCKY MOUNTAIN WAY,Independent Expenditure Committee,8509.68,2025-05-19 00:00:00,Mba Consulting Group Inc.,Washington,DC,20003,Consultant & Professional Services,Compliance Services
ALL TOGETHER COLORADO,Independent Expenditure Committee,95.88,2025-05-20 00:00:00,El Mirador,Northglenn,CO,80234,"Food, Beverages and Meals",
COLORADO WAY FORWARD,Independent Expenditure Committee,625.0,2025-05-20 00:00:00,Carboy,Denver,CO,80203,Other,Event
NEW DAY COLORADO FUND,527 Political Organization,10.8,2025-05-20 00:00:00,Anedot,New Orleans,LA,70117,Bank Fees,
NEW DAY COLORADO FUND,527 Political Organization,50.6,2025-05-21 00:00:00,Anedot,New Orleans,CO,70117,Bank Fees,
NEW DAY COLORADO FUND,527 Political Organization,120.9,2025-05-23 00:00:00,Anedot,New Orleans,LA,70117,Bank Fees,
ROCKY MOUNTAIN WAY,Independent Expenditure Committee,7500.0,2025-05-23 00:00:00,Intersection Advocacy,Washington,DC,20001,Consultant & Professional Services,Management Consulting
COLORADO ADVOCATES FOR CHANGE,Independent Expenditure Committee,0.9,2025-05-24 00:00:00,Anedot,New Orleans,LA,70117,Bank Fees,
NEW COLORADO PROMISE,Independent Expenditure Committee,500.0,2025-05-25 00:00:00,Corinne  Foster,Littleton,CO,80120,Consultant & Professional Services,Digital Consulting
PROTECT OUR VOTE,Independent Expenditure Committee,8.4,2025-05-25 00:00:00,Actblue Technical Services,Somerville,MA,02144,Fundraising Expenses,
ALL TOGETHER COLORADO,Independent Expenditure Committee,41.27,2025-05-27 00:00:00,Mailchimp,Atlanta,GA,30308,Office Equipment & Supplies,
COLORADO WAY FORWARD,Independent Expenditure Committee,5000.0,2025-05-27 00:00:00,5280 Development,Denver,CO,80206,Consultant & Professional Services,
CONSERVATION COLORADO VICTORY FUND,Independent Expenditure Committee,200.85,2025-05-27 00:00:00,Nikki N Riedt,Denver,CO,80212,Other,990 Filing Fee
NEW DAY COLORADO FUND,527 Political Organization,10.3,2025-05-27 00:00:00,Anedot,New Orleans,LA,70117,Bank Fees,
ROCKY MOUNTAIN WAY,Independent Expenditure Committee,527.0,2025-05-27 00:00:00,Ct Corporation,Carol Stream,IL,60197,Consultant & Professional Services,Administrative Services
ALL TOGETHER COLORADO,527 Political Organization,1100.0,2025-05-28 00:00:00,Rita Kay Gilbert Pc,Lakewood,CO,80227,Consultant & Professional Services,
BLUEFLOWER ACTION,Independent Expenditure Committee,800.0,2025-05-28 00:00:00,Rita K Gilbert Pc,Lakewood,CO,80227,Consultant & Professional Services,
COLORADANS CREATING OPPORTUNITIES,Independent Expenditure Committee,800.0,2025-05-28 00:00:00,Rita K Gilbert Pc,Lakewood,CO,80227,Consultant & Professional Services,
COLORADO BEVERAGE ASSOCIATION 527,527 Political Organization,327.0,2025-05-28 00:00:00,West Group,Denver,CO,80111,Consultant & Professional Services,Legal Services
NEW DAY COLORADO FUND,527 Political Organization,98.6,2025-05-28 00:00:00,Anedot,New Orleans,LA,70117,Bank Fees,
RED MAJORITY COLORADO,Independent Expenditure Committee,0.5,2025-05-28 00:00:00,"Anedot, Inc",New Orleans,LA,70112,Fundraising Expenses,
ALL TOGETHER COLORADO,527 Political Organization,3000.0,2025-05-29 00:00:00,Scarlett Greene,Denver,CO,80206,Consultant & Professional Services,
BLUEFLOWER ACTION,Independent Expenditure Committee,0.4,2025-05-29 00:00:00,,,,,Bank Fees,
COLORADANS CREATING OPPORTUNITIES,Independent Expenditure Committee,500.0,2025-05-29 00:00:00,Scarlett Greene,Denver,CO,80206,Consultant & Professional Services,
COLORADO LABOR ACTION,Independent Expenditure Committee,250.0,2025-05-29 00:00:00,Scarlett Greene,Denver,CO,80206,Consultant & Professional Services,
COLORADO WAY FORWARD,527 Political Organization,3000.0,2025-05-29 00:00:00,Scarlett Greene,Denver,CO,80206,Consultant & Professional Services,
FRIENDS FOR THE FUTURE (F3),527 Political Organization,0.7,2025-05-29 00:00:00,Anedot Inc,New Orleans,LA,70112,Advertising,Anedot (Ortman)
ROCKY MOUNTAIN WAY,Independent Expenditure Committee,125.0,2025-05-29 00:00:00,Amalgamated Bank,Washington,DC,20006,Bank Fees,Bank Fee
ROCKY MOUNTAIN WAY,Independent Expenditure Committee,10000.0,2025-05-29 00:00:00,Give Wise Co,Idaho Springs,CO,80452,Fundraising Expenses,Fundraising Consulting
4TH QUARTER IEC,Independent Expenditure Committee,10.0,2025-05-30 00:00:00,Firstbank North,Brighton,CO,80601,Bank Fees,
ALL TOGETHER COLORADO,527 Political Organization,2.0,2025-05-30 00:00:00,,,,,Bank Fees,
ALL TOGETHER COLORADO,Independent Expenditure Committee,8500.0,2025-05-30 00:00:00,Blue Mountain Strategies,Denver,CO,80223,Consultant & Professional Services,
ALL TOGETHER COLORADO,Independent Expenditure Committee,6.0,2025-05-30 00:00:00,,,,,Bank Fees,
BALANCING THE ROCKIES,Independent Expenditure Committee,2.0,2025-05-30 00:00:00,Independent Financial,Greenwood Village,CO,80111,Bank Fees,Bank Fee
BLUEFLOWER ACTION,Independent Expenditure Committee,2.0,2025-05-30 00:00:00,,,,,Bank Fees,
BRIGHTER COLORADO FUTURES 527,527 Political Organization,2.0,2025-05-30 00:00:00,,,,,Bank Fees,
COLORADANS CREATING OPPORTUNITIES,Independent Expenditure Committee,17.0,2025-05-30 00:00:00,,,,,Bank Fees,
COLORADANS FOR COLORADO VALUES,Independent Expenditure Committee,2.0,2025-05-30 00:00:00,,,,,Bank Fees,
COLORADANS FOR CONSERVATIVE LEADERSHIP,Independent Expenditure Committee,12.0,2025-05-30 00:00:00,First Bank,Denver,CO,80203,Bank Fees,
COLORADO ADVOCATES FOR CHANGE,Independent Expenditure Committee,2.0,2025-05-30 00:00:00,Firstbank,Denver,CO,80218,Bank Fees,
COLORADO EDUCATION ASSOCIATION VICTORY FUND,Independent Expenditure Committee,2.0,2025-05-30 00:00:00,,,,,Bank Fees,
COLORADO LABOR ACTION,Independent Expenditure Committee,4.0,2025-05-30 00:00:00,,,,,Bank Fees,
COLORADO WAY FORWARD,527 Political Organization,2.0,2025-05-30 00:00:00,,,,,Bank Fees,
COLORADO WAY FORWARD,Independent Expenditure Committee,4.0,2025-05-30 00:00:00,,,,,Bank Fees,
FUND FOR COLORADOíS ENERGY FUTURE,527 Political Organization,500.0,2025-05-30 00:00:00,New Day Colorado,Fort Lupton,CO,80621,Contributions,
FUND FOR COLORADOíS ENERGY FUTURE,527 Political Organization,2500.0,2025-05-30 00:00:00,New Day Colorado,Fort Lupton,CO,80621,Contributions,
JUSTICE FOR JASON,Independent Expenditure Committee,2.0,2025-05-30 00:00:00,Firstbank,Arvada,CO,80006,Bank Fees,
KEEP COLORADO COUNTIES SAFE,Independent Expenditure Committee,2.0,2025-05-30 00:00:00,First Bank,Littleton,CO,80128,Bank Fees,Bank Fee
MONTROSE REPUBLICAN WOMEN,527 Political Organization,240.0,2025-05-30 00:00:00,Colorado Federation Of Republican Women (Cfrw),Golden,CO,80403,Other,Cfrw Memberships
NEW COLORADO PROMISE,Independent Expenditure Committee,5.0,2025-05-30 00:00:00,,,,,Bank Fees,
PLANNED PARENTHOOD VOTES COLORADO INDEPENDENT EXPENDITURE COMMITTEE,Independent Expenditure Committee,2.0,2025-05-30 00:00:00,,,,,Bank Fees,Bank Fees
RED MAJORITY COLORADO,Independent Expenditure Committee,15.0,2025-05-30 00:00:00,Jpmorgan Chase Bank,Denver,CO,80218,Bank Fees,
COLORADO HEALTH FREEDOM PAC,Independent Expenditure Committee,1.9,2025-06-01 00:00:00,,,,,Bank Fees,Fees Taken Out Of Contributions That Were Donated-Anedot
NEW DAY COLORADO FUND,527 Political Organization,30.6,2025-06-01 00:00:00,Anedot,New Orleans,LA,70117,Bank Fees,
ALL TOGETHER COLORADO,Independent Expenditure Committee,6000.0,2025-06-02 00:00:00,Mountaintop Strategies,Thornton,CO,80229,Consultant & Professional Services,
COLORADO HEALTH FREEDOM PAC,Independent Expenditure Committee,0.7,2025-06-02 00:00:00,,,,,Bank Fees,Fees Taken Out Of Contributions That Were Donated-Anedot
COLORADO LABOR ACTION,Independent Expenditure Committee,737.89,2025-06-02 00:00:00,Alaska Airlines,Seattle,WA,98168,Travel & Lodging,
JUSTICE FOR JASON,Independent Expenditure Committee,150.0,2025-06-02 00:00:00,Polifi Llc,Fort Lupton,CO,80621,Consultant & Professional Services,
NEW DAY COLORADO FUND,527 Political Organization,12.0,2025-06-02 00:00:00,Firstbank North,Arvada,CO,80006,Bank Fees,
NEW DAY COLORADO FUND,527 Political Organization,1000.0,2025-06-02 00:00:00,Sws Polifi Llc,Fort Lupton,CO,80621,Consultant & Professional Services,
NEW DAY COLORADO FUND,527 Political Organization,6606.85,2025-06-02 00:00:00,Ringside Consulting,Denver,CO,80212,Consultant & Professional Services,
NEW DAY COLORADO FUND,527 Political Organization,57.75,2025-06-02 00:00:00,Ringside Consulting,Denver,CO,80212,Consultant & Professional Services,
NEW DAY COLORADO FUND,527 Political Organization,765.57,2025-06-02 00:00:00,Ringside Consulting,Denver,CO,80212,Advertising,
NEW DAY COLORADO FUND,527 Political Organization,845.17,2025-06-02 00:00:00,Ringside Consulting,Denver,CO,80212,Fundraising Expenses,
PLANNED PARENTHOOD VOTES COLORADO INDEPENDENT EXPENDITURE COMMITTEE,Independent Expenditure Committee,5.0,2025-06-02 00:00:00,,,,,Bank Fees,Credit Card Processing Fees
4TH QUARTER IEC,Independent Expenditure Committee,17.8,2025-06-03 00:00:00,,,,,Office Equipment & Supplies,Checks
PLANNED PARENTHOOD VOTES COLORADO INDEPENDENT EXPENDITURE COMMITTEE,Independent Expenditure Committee,0.41,2025-06-03 00:00:00,,,,,Bank Fees,Credit Card Processing Fees
COLORADO LABOR ACTION,Independent Expenditure Committee,187.5,2025-06-04 00:00:00,Tierney Lawrence Stiles,Denver,CO,80203,Consultant & Professional Services,
LET COLORADO VOTE ACTION,Independent Expenditure Committee,30.0,2025-06-04 00:00:00,First Bank,Denver,CO,80231,Bank Fees,Bank Activity Charge
SENATE MAJORITY FUND,527 Political Organization,600.0,2025-06-04 00:00:00,"Strategic Compliance, Llc",Denver,CO,80205,Consultant & Professional Services,
ALL TOGETHER COLORADO,Independent Expenditure Committee,57500.0,2025-06-05 00:00:00,Irn,Denver,CO,80201,Other,Research
COLORADO WAY FORWARD,Independent Expenditure Committee,57500.0,2025-06-05 00:00:00,Irn,Denver,CO,80201,Other,Research
ALL TOGETHER COLORADO,Independent Expenditure Committee,47.42,2025-06-06 00:00:00,D'Corazon,Denver,CO,80202,"Food, Beverages and Meals",
4TH QUARTER IEC,Independent Expenditure Committee,1000.0,2025-06-07 00:00:00,Polifi Llc,Fort Lupton,CO,80621,Consultant & Professional Services,
NEW DAY COLORADO FUND,527 Political Organization,0.5,2025-06-08 00:00:00,Anedot,New Orleans,LA,70117,Bank Fees,
PROTECT OUR VOTE,Independent Expenditure Committee,2.15,2025-06-08 00:00:00,Actblue Technical Services,Somerville,MA,02144,Fundraising Expenses,
4TH QUARTER IEC,Independent Expenditure Committee,6502.06,2025-06-09 00:00:00,Tri-Lakes Printing,Monument,CO,80132,Advertising,Support The Douglas County Home Rule Issue
ALL TOGETHER COLORADO,Independent Expenditure Committee,55.66,2025-06-09 00:00:00,Mickey'S Top Sirloin,Denver,CO,80221,"Food, Beverages and Meals",
COLORADO HEALTH FREEDOM PAC,Independent Expenditure Committee,2.0,2025-06-09 00:00:00,Firstbank,Castle Rock,CO,80104,Bank Fees,Fees For Firstbank Credit/Debit Card
COLORADO WAY FORWARD,Independent Expenditure Committee,7500.0,2025-06-09 00:00:00,Intersection Advocacy,Washington,DC,20001,Consultant & Professional Services,
NEW DAY COLORADO FUND,527 Political Organization,4439.33,2025-06-09 00:00:00,Pelican Lakes Golf Club,Windsor,CO,80550,Entertainment,
NEW DAY COLORADO FUND,527 Political Organization,36.3,2025-06-09 00:00:00,Anedot,New Orleans,LA,70117,Bank Fees,
SENATE MAJORITY FUND,527 Political Organization,60.73,2025-06-09 00:00:00,Mailchimp,Atlanta,GA,30308,Advertising,
COLORADO CONSTRUCTION INDUSTRY COALITION - 527 (CCIC - 527),527 Political Organization,15000.0,2025-06-10 00:00:00,76 Group,Denver,CO,80231,Consultant & Professional Services,Professional Services
NEW DAY COLORADO FUND,527 Political Organization,4.3,2025-06-10 00:00:00,Anedot,New Orleans,LA,70117,Bank Fees,
COLORADO HOSPITALS ACTION FUND,Independent Expenditure Committee,155.36,2025-06-11 00:00:00,,,,,Bank Fees,June Bank Fee
NEW DAY COLORADO FUND,527 Political Organization,16838.84,2025-06-11 00:00:00,Timor Strategies Llc,Lakewood,CO,80287,Consultant & Professional Services,
SENATE MAJORITY FUND,527 Political Organization,3670.1,2025-06-11 00:00:00,Westbrooke Group,Denver,CO,80206,Consultant & Professional Services,
SPIRIT OF THE WEST IEC,Independent Expenditure Committee,1750.0,2025-06-11 00:00:00,Quik Websites + Hosting,Dripping Springs,TX,78620,Advertising,Website Development And Hosting
COLLEGE ACCESS FOR COLORADO,Independent Expenditure Committee,50.0,2025-06-12 00:00:00,Colorado Secretary Of State,Denver,CO,80290,Contributions,
NEW DAY COLORADO FUND,527 Political Organization,612.02,2025-06-12 00:00:00,Rose  Pugliese,Colorado Springs,CO,80924,Travel & Lodging,
COLORADO LABOR ACTION,Independent Expenditure Committee,264.0,2025-06-13 00:00:00,Wix.Com,New York,NY,10014,Office Equipment & Supplies,
4TH QUARTER IEC,Independent Expenditure Committee,585.62,2025-06-14 00:00:00,Campaign Nucleus Llc,Medinas,OH,44526,Consultant & Professional Services,
PROTECT OUR VOTE,Independent Expenditure Committee,0.2,2025-06-15 00:00:00,Actblue Technical Services,Somerville,MA,02144,Fundraising Expenses,
ROCKY MOUNTAIN GUN OWNERS INDEPENDENT EXPENDITURE COMMITTEE (RMGO SUPERPAC),Independent Expenditure Committee,50.4,2025-06-15 00:00:00,"Mudshare, Llc",Galloway,NJ,08205,Advertising,Call Back Fees
ROCKY MOUNTAIN GUN OWNERS INDEPENDENT EXPENDITURE COMMITTEE (RMGO SUPERPAC),Independent Expenditure Committee,20.0,2025-06-15 00:00:00,First Bank,Lakewood,CO,80215-0097,Bank Fees,Bank Fees
COLORADO CONSTRUCTION INDUSTRY COALITION - 527 (CCIC - 527),527 Political Organization,1755.0,2025-06-16 00:00:00,"Rechtkornfeld, P.C.",Denver,CO,80202,Consultant & Professional Services,Professional Services
COLORADO EDUCATION ASSOCIATION VICTORY FUND,Independent Expenditure Committee,166.0,2025-06-16 00:00:00,Usps,Denver,CO,80210,Other,Po Box
COLORADO LABOR ACTION,Independent Expenditure Committee,166.0,2025-06-16 00:00:00,Usps,Denver,CO,80210,Other,Po Box Rental
NEW DAY COLORADO FUND,527 Political Organization,4.3,2025-06-16 00:00:00,Anedot,New Orleans,CO,70117,Bank Fees,
OUR DEMOCRACY FUND,Independent Expenditure Committee,500.0,2025-06-16 00:00:00,Google Ads,Mountain View,CA,94043,Advertising,Advertising For Candidates Who Are Not Governed By Colorado Campaign Finance Law
ROCKY MOUNTAIN WAY,Independent Expenditure Committee,5000.0,2025-06-16 00:00:00,Mba Consulting Group Inc.,Washington,DC,20003,Consultant & Professional Services,Compliance Services
ALL TOGETHER COLORADO,Independent Expenditure Committee,2703.76,2025-06-17 00:00:00,Carboy,Denver,CO,80203,Other,Event
ALL TOGETHER COLORADO,Independent Expenditure Committee,15.22,2025-06-17 00:00:00,,,,,"Food, Beverages and Meals",
ALL TOGETHER COLORADO,Independent Expenditure Committee,33.3,2025-06-18 00:00:00,Office Depot,Denver,CO,80222,Office Equipment & Supplies,
NEW DAY COLORADO FUND,527 Political Organization,40.3,2025-06-18 00:00:00,Anedot,New Orleans,LA,70117,Bank Fees,
ROCKY MOUNTAIN WAY,Independent Expenditure Committee,5000.0,2025-06-18 00:00:00,Intersection Advocacy,Washington,DC,20001,Consultant & Professional Services,Management Consulting
ROCKY MOUNTAIN WAY,Independent Expenditure Committee,1299.0,2025-06-18 00:00:00,Ngp Van,Austin,TX,78759,Other,Subscription
ROCKY MOUNTAIN WAY,Independent Expenditure Committee,2800.0,2025-06-18 00:00:00,"Sandler Reiff Lamb & Birkenstock, P.C.",Washington,DC,20006,Consultant & Professional Services,Legal Fees
FUND FOR COLORADOíS ENERGY FUTURE,527 Political Organization,2500.0,2025-06-19 00:00:00,All Together Colorado,Denver,CO,80250,Contributions,
NEW DAY COLORADO FUND,527 Political Organization,8000.0,2025-06-19 00:00:00,Campbell Killen Brittan & Ray Llc,Denver,CO,80206,Consultant & Professional Services,
COLORADO LABOR ACTION,Independent Expenditure Committee,21.89,2025-06-20 00:00:00,Jack Quinns,Colorado Springs,CO,80903,"Food, Beverages and Meals",
MONTROSE REPUBLICAN WOMEN,527 Political Organization,75.95,2025-06-20 00:00:00,Kerri  Catlin,Montrose,CO,81403,Miscellaneous,Reimbursement Of Expenses For Event
PROTECT OUR VOTE,Independent Expenditure Committee,3.18,2025-06-22 00:00:00,Actblue Technical Services,Somerville,MA,02144,Fundraising Expenses,
NEW DAY COLORADO FUND,527 Political Organization,0.5,2025-06-23 00:00:00,Anedot,New Orleans,LA,70117,Bank Fees,
COLORADO ADVOCATES FOR CHANGE,Independent Expenditure Committee,0.9,2025-06-24 00:00:00,Anedot,New Orleans,LA,70117,Bank Fees,
RED MAJORITY COLORADO,Independent Expenditure Committee,0.5,2025-06-24 00:00:00,"Anedot, Inc",New Orleans,LA,70112,Fundraising Expenses,
COLORADO RIGHT TO LIFE ACTION,Independent Expenditure Committee,43.18,2025-06-25 00:00:00,Platinum Creations,Arvada,CO,80002,Advertising,Sd9 Vacancy - Campaign Literature Opposing Terri Carver
COLORADO WAY FORWARD,Independent Expenditure Committee,7500.0,2025-06-25 00:00:00,Intersection Advocacy,Washington,DC,20001,Consultant & Professional Services,
COLORADO RIGHT TO LIFE ACTION,Independent Expenditure Committee,11.0,2025-06-26 00:00:00,Mudshare Llc,Galloway,NJ,08205,Other,Text Messages Opposing Terri Carver And Supporting Lynda Zamora Wilson
COLORADO WAY FORWARD,Independent Expenditure Committee,5000.0,2025-06-26 00:00:00,5280 Development,Denver,CO,80206,Consultant & Professional Services,
OUR DEMOCRACY FUND,Independent Expenditure Committee,2.97,2025-06-26 00:00:00,Actblue,Somerville,MA,02144,Bank Fees,Administrative Expense: Payment Processing Fees
ROCKY MOUNTAIN WAY,Independent Expenditure Committee,162.5,2025-06-26 00:00:00,Ngp Van,Austin,TX,78759,Bank Fees,Credit Card Processing Fee
ALL TOGETHER COLORADO,Independent Expenditure Committee,41.27,2025-06-27 00:00:00,Mailchimp,Atlanta,GA,30308,Office Equipment & Supplies,
BLUEFLOWER ACTION,Independent Expenditure Committee,67.0,2025-06-27 00:00:00,1St Bank,Denver,CO,80222,Bank Fees,
COLORADO RIGHT TO LIFE ACTION,Independent Expenditure Committee,11.0,2025-06-27 00:00:00,Mudshare Llc,Galloway,NJ,08205,Other,Text Messages Opposing Terri Carver And Supporting Lynda Zamora Wilson
CONSERVATION COLORADO VICTORY FUND,Independent Expenditure Committee,25.0,2025-06-27 00:00:00,Nikki N Riedt,Denver,CO,80212,Other,Sos Filing Fee
ROCKY MOUNTAIN WAY,Independent Expenditure Committee,145.5,2025-06-27 00:00:00,Amalgamated Bank,Washington,DC,20006,Bank Fees,Bank Fee
ROCKY MOUNTAIN WAY,Independent Expenditure Committee,487.5,2025-06-27 00:00:00,Ngp Van,Austin,TX,78759,Bank Fees,Credit Card Processing Fee
4TH QUARTER IEC,Independent Expenditure Committee,356.02,2025-06-29 00:00:00,Campaign Nucleus Llc,Medinas,OH,44526,Consultant & Professional Services,
PROTECT OUR VOTE,Independent Expenditure Committee,0.99,2025-06-29 00:00:00,Actblue Technical Services,Somerville,MA,02144,Fundraising Expenses,
4TH QUARTER IEC,Independent Expenditure Committee,567.5,2025-06-30 00:00:00,Campaign Nucleus Llc,Medinas,OH,44526,Consultant & Professional Services,
4TH QUARTER IEC,Independent Expenditure Committee,1000.0,2025-06-30 00:00:00,Polifi Llc,Fort Lupton,CO,80621,Consultant & Professional Services,
A WHOLE LOT OF PEOPLE FOR CHANGE,Independent Expenditure Committee,4.0,2025-06-30 00:00:00,First Bank Of Colorado,Lakewood,CO,80215,Bank Fees,
ALL TOGETHER COLORADO,527 Political Organization,2.0,2025-06-30 00:00:00,,,,,Bank Fees,
ALL TOGETHER COLORADO,Independent Expenditure Committee,3000.0,2025-06-30 00:00:00,Scarlett Greene,Denver,CO,80206,Consultant & Professional Services,
ALL TOGETHER COLORADO,Independent Expenditure Committee,21.0,2025-06-30 00:00:00,,,,,Bank Fees,
BALANCING THE ROCKIES,Independent Expenditure Committee,2.0,2025-06-30 00:00:00,Independent Financial,Greenwood Village,CO,80111,Bank Fees,Bank Fee
BLUEFLOWER ACTION,Independent Expenditure Committee,2.0,2025-06-30 00:00:00,,,,,Bank Fees,
BRIGHTER COLORADO FUTURES 527,527 Political Organization,2.0,2025-06-30 00:00:00,,,,,Bank Fees,
COLORADANS CREATING OPPORTUNITIES,Independent Expenditure Committee,500.0,2025-06-30 00:00:00,Scarlett Greene,Denver,CO,80206,Consultant & Professional Services,
COLORADANS CREATING OPPORTUNITIES,Independent Expenditure Committee,2.0,2025-06-30 00:00:00,,,,,Bank Fees,
COLORADANS FOR COLORADO VALUES,Independent Expenditure Committee,2.0,2025-06-30 00:00:00,,,,,Bank Fees,
COLORADANS FOR CONSERVATIVE LEADERSHIP,Independent Expenditure Committee,12.0,2025-06-30 00:00:00,First Bank,Denver,CO,80203,Bank Fees,
COLORADO ADVOCATES FOR CHANGE,Independent Expenditure Committee,2.0,2025-06-30 00:00:00,Firstbank,Denver,CO,80218,Bank Fees,
COLORADO EDUCATION ASSOCIATION VICTORY FUND,Independent Expenditure Committee,2.0,2025-06-30 00:00:00,,,,,Bank Fees,
COLORADO LABOR ACTION,Independent Expenditure Committee,4.0,2025-06-30 00:00:00,,,,,Bank Fees,
COLORADO LABOR ACTION,Independent Expenditure Committee,284.6,2025-06-30 00:00:00,Illegal Petes,Denver,CO,80206,Other,Event
COLORADO LABOR ACTION,Independent Expenditure Committee,144.2,2025-06-30 00:00:00,Argonaut,Denver,CO,80203,Other,Event
COLORADO LABOR ACTION,Independent Expenditure Committee,250.0,2025-06-30 00:00:00,Scarlett Greene,Denver,CO,80206,Consultant & Professional Services,
COLORADO RIGHT TO LIFE ACTION,Independent Expenditure Committee,11.0,2025-06-30 00:00:00,Mudshare Llc,Galloway,NJ,08205,Other,Text Messages Opposing Terri Carver And Supporting Lynda Zamora Wilson
COLORADO RIGHT TO LIFE ACTION,Independent Expenditure Committee,20.0,2025-06-30 00:00:00,Mudshare Llc,Galloway,NJ,08205,Other,Text Messages Opposing Terri Carver And Supporting Lynda Zamora Wilson
COLORADO WAY FORWARD,527 Political Organization,3000.0,2025-06-30 00:00:00,Scarlett Greene,Denver,CO,80206,Consultant & Professional Services,
COLORADO WAY FORWARD,527 Political Organization,2.0,2025-06-30 00:00:00,,,,,Bank Fees,
COLORADO WAY FORWARD,Independent Expenditure Committee,19.0,2025-06-30 00:00:00,,,,,Bank Fees,
JUSTICE FOR JASON,Independent Expenditure Committee,2.0,2025-06-30 00:00:00,Firstbank,Arvada,CO,80006,Bank Fees,
KEEP COLORADO COUNTIES SAFE,Independent Expenditure Committee,2.0,2025-06-30 00:00:00,First Bank,Littleton,CO,80128,Bank Fees,Bank Fees
NEW COLORADO PROMISE,Independent Expenditure Committee,5.0,2025-06-30 00:00:00,,,,,Bank Fees,
NEW DAY COLORADO FUND,527 Political Organization,349.42,2025-06-30 00:00:00,Rose  Pugliese,Colorado Springs,CO,80924,Travel & Lodging,Reimbursement For Rose'S Lodging Meeting Potential Donors
PLANNED PARENTHOOD VOTES COLORADO INDEPENDENT EXPENDITURE COMMITTEE,Independent Expenditure Committee,2.0,2025-06-30 00:00:00,,,,,Bank Fees,Bank Fees
RED MAJORITY COLORADO,Independent Expenditure Committee,15.0,2025-06-30 00:00:00,Jpmorgan Chase Bank,Denver,CO,80218,Bank Fees,
ROCKY MOUNTAIN WAY,Independent Expenditure Committee,162.5,2025-06-30 00:00:00,Ngp Van,Austin,TX,78759,Bank Fees,Credit Card Processing Fee
ROCKY MOUNTAIN WAY,Independent Expenditure Committee,162.5,2025-06-30 00:00:00,Ngp Van,Austin,TX,78759,Bank Fees,Credit Card Processing Fee
ROCKY MOUNTAIN WAY,Independent Expenditure Committee,9.99,2025-06-30 00:00:00,Ngp Van,Austin,TX,78759,Bank Fees,Credit Card Processing Fee
SENATE MAJORITY FUND,527 Political Organization,6000.0,2025-06-30 00:00:00,Cole Communications,Colorado Springs,CO,80903,Consultant & Professional Services,
SENATE MAJORITY FUND,527 Political Organization,2400.0,2025-06-30 00:00:00,Zakhem Law,Denver,CO,80201,Consultant & Professional Services,
STRONG COLORADO IEC,Independent Expenditure Committee,2.0,2025-06-30 00:00:00,1St Bank,Loveland,CO,80537,Bank Fees,
4TH QUARTER IEC,Independent Expenditure Committee,92.73,2025-07-01 00:00:00,Campaign Nucleus Llc,Medinas,OH,44526,Consultant & Professional Services,
ALL TOGETHER COLORADO,Independent Expenditure Committee,8500.0,2025-07-01 00:00:00,Blue Mountain Strategies,Denver,CO,80223,Consultant & Professional Services,
COLORADO HEALTH FREEDOM PAC,Independent Expenditure Committee,1.9,2025-07-01 00:00:00,,,,,Bank Fees,Fees Taken Out Of Contributions That Were Donated-Anedot
COLORADO LABOR ACTION,Independent Expenditure Committee,70897.53,2025-07-01 00:00:00,Seiu Colorado,Denver,CO,80219,Other,Return Of Funds
FRIENDS FOR THE FUTURE (F3),527 Political Organization,0.7,2025-07-01 00:00:00,Anedot Inc,New Orleans,LA,70112,Bank Fees,Anedot (Ortman)
NEW DAY COLORADO FUND,527 Political Organization,6694.5,2025-07-01 00:00:00,Ringside Consulting,Denver,CO,80212,Consultant & Professional Services,
NEW DAY COLORADO FUND,527 Political Organization,1000.0,2025-07-01 00:00:00,Sws Polifi Llc,Fort Lupton,CO,80621,Consultant & Professional Services,
ALL TOGETHER COLORADO,Independent Expenditure Committee,6000.0,2025-07-02 00:00:00,Mountaintop Strategies,Thornton,CO,80229,Consultant & Professional Services,
BALANCING THE ROCKIES,Independent Expenditure Committee,499.0,2025-07-02 00:00:00,Lh Creative Consulting,Johnstown,CO,80534,Consultant & Professional Services,Web Hosting
BALANCING THE ROCKIES,Independent Expenditure Committee,86.95,2025-07-02 00:00:00,Fiverr,New York,NY,10013,Consultant & Professional Services,Graphic Design
BLUEFLOWER ACTION,Independent Expenditure Committee,25.0,2025-07-02 00:00:00,Colorado Secretary Of State,Denver,CO,80290,Other,Periodic Fee
COLORADANS CREATING OPPORTUNITIES,Independent Expenditure Committee,166.0,2025-07-02 00:00:00,Usps,Denver,CO,80210,Other,Po Box Rental
COLORADO FIRST FUND,Independent Expenditure Committee,197.5,2025-07-02 00:00:00,Actblue,Somerville,MA,02144,Bank Fees,
COLORADO HEALTH FREEDOM PAC,Independent Expenditure Committee,0.7,2025-07-02 00:00:00,,,,,Bank Fees,Fees Taken Out Of Contributions That Were Donated-Anedot
COLORADO WAY FORWARD,527 Political Organization,166.0,2025-07-02 00:00:00,Usps,Denver,CO,80210,Other,Po Box Rental
OUR DEMOCRACY FUND,Independent Expenditure Committee,382.39,2025-07-02 00:00:00,Google Ads,Mountain View,CA,94043,Advertising,Adverrtising Of Youtube Videos For Douglas County Home Rule Commission Candidates Not Subject To Colorado Campaign Finance Law
PLANNED PARENTHOOD VOTES COLORADO INDEPENDENT EXPENDITURE COMMITTEE,Independent Expenditure Committee,5.0,2025-07-02 00:00:00,,,,,Bank Fees,Bank Fees
COLORADO LABOR ACTION,Independent Expenditure Committee,41.12,2025-07-03 00:00:00,Double D'S Bbq Shack,Pueblo,CO,81003,"Food, Beverages and Meals",
PLANNED PARENTHOOD VOTES COLORADO INDEPENDENT EXPENDITURE COMMITTEE,Independent Expenditure Committee,533.61,2025-07-03 00:00:00,"Givesmart Us, Inc.",Minneapolis,MN,55485,Bank Fees,Credit Card Processing Fees
ROCKY MOUNTAIN WAY,Independent Expenditure Committee,10000.0,2025-07-03 00:00:00,Give Wise Co,Idaho Springs,CO,80452,Fundraising Expenses,Fundraising Consulting
LET COLORADO VOTE ACTION,Independent Expenditure Committee,12.0,2025-07-08 00:00:00,First Bank,Denver,CO,80231,Bank Fees,
SENATE MAJORITY FUND,527 Political Organization,60.73,2025-07-08 00:00:00,Mailchimp,Atlanta,GA,30308,Advertising,Email Subscription
ROCKY MOUNTAIN WAY,Independent Expenditure Committee,1299.0,2025-07-09 00:00:00,Ngp Van,Austin,TX,78759,Other,Subscription
NEW DAY COLORADO FUND,527 Political Organization,2.3,2025-07-10 00:00:00,Anedot,New Orleans,LA,70117,Bank Fees,
COLORADO CONSTRUCTION INDUSTRY COALITION - 527 (CCIC - 527),527 Political Organization,4185.0,2025-07-11 00:00:00,"Rechtkornfeld, P.C.",Denver,CO,80202,Consultant & Professional Services,Professional Services
COLORADO HEALTH FREEDOM PAC,Independent Expenditure Committee,2.0,2025-07-11 00:00:00,Firstbank,Castle Rock,CO,80104,Bank Fees,Fees For Firstbank Credit/Debit Card
COLORADO HOSPITALS ACTION FUND,Independent Expenditure Committee,156.05,2025-07-11 00:00:00,,,,,Bank Fees,July Bank Fee
SENATE MAJORITY FUND,527 Political Organization,600.0,2025-07-11 00:00:00,"Strategic Compliance, Llc",Denver,CO,80205,Consultant & Professional Services,Compliance Consulting
BALANCING THE ROCKIES,Independent Expenditure Committee,32.0,2025-07-12 00:00:00,Usps,Johnstown,CO,80534,Miscellaneous,Post Office Box Rental
ROCKY MOUNTAIN WAY,Independent Expenditure Committee,5000.0,2025-07-14 00:00:00,Mba Consulting Group Inc.,Washington,DC,20003,Consultant & Professional Services,Compliance Services
SENATE MAJORITY FUND,527 Political Organization,4917.29,2025-07-14 00:00:00,Westbrooke Group,Denver,CO,80206,Consultant & Professional Services,Funraising Consulting
A WHOLE LOT OF PEOPLE FOR CHANGE,Independent Expenditure Committee,-6000.0,2024-07-15 00:00:00,Gusto,Denver,CO,80202,Consultant & Professional Services,Offset Due To Update Of Filed Item
A WHOLE LOT OF PEOPLE FOR CHANGE,Independent Expenditure Committee,6042.86,2024-07-15 00:00:00,Gusto,Denver,CO,80202,Consultant & Professional Services,
4TH QUARTER IEC,Independent Expenditure Committee,1000.0,2025-07-15 00:00:00,Polifi Llc,Fort Lupton,CO,80621,Consultant & Professional Services,
BALANCING THE ROCKIES,Independent Expenditure Committee,120.0,2025-07-15 00:00:00,Lh Creative Consulting,Johnstown,CO,80534,Consultant & Professional Services,Website Updating
FUND FOR COLORADOíS ENERGY FUTURE,527 Political Organization,5000.0,2025-07-15 00:00:00,"Senate Majority Fund, Llc",Denver,CO,80218,Contributions,
OUR DEMOCRACY FUND,Independent Expenditure Committee,45.38,2025-07-15 00:00:00,Godaddy.Com,Tempe,AZ,85284,Office Equipment & Supplies,Website Hosting Services
JUSTICE FOR JASON,Independent Expenditure Committee,150.0,2025-07-16 00:00:00,Sws Polifi Llc,Fort Lupton,CO,80621,Consultant & Professional Services,
WELD STRONG,Independent Expenditure Committee,44500.0,2025-07-16 00:00:00,Public Opinion Strategies Llc,Alexandria,VA,22314,Consultant & Professional Services,Polling
COLORADO FIRST FUND,Independent Expenditure Committee,2050.0,2025-07-17 00:00:00,Tierney Lawrence Stiles,Denver,CO,80203,Consultant & Professional Services,
ALL TOGETHER COLORADO,527 Political Organization,1000.0,2025-07-18 00:00:00,Scarlett Greene,Denver,CO,80206,Consultant & Professional Services,
BLUEFLOWER ACTION,Independent Expenditure Committee,1225.0,2025-07-18 00:00:00,Scarlett Greene,Denver,CO,80206,Consultant & Professional Services,
COLORADANS CREATING OPPORTUNITIES,Independent Expenditure Committee,1000.0,2025-07-18 00:00:00,Scarlett Greene,Denver,CO,80206,Consultant & Professional Services,
COLORADANS FOR COLORADO VALUES,Independent Expenditure Committee,330.0,2025-07-18 00:00:00,Scarlett Greene,Denver,CO,80206,Consultant & Professional Services,
COLORADO FIRST FUND,Independent Expenditure Committee,455.0,2025-07-18 00:00:00,Sandler Reiff,Washington,DC,20006,Consultant & Professional Services,
COLORADO FIRST FUND,Independent Expenditure Committee,650.0,2025-07-18 00:00:00,Scarlett Greene,Denver,CO,80206,Consultant & Professional Services,
COLORADO FIRST FUND,Independent Expenditure Committee,166.0,2025-07-18 00:00:00,Usps,Denver,CO,80210,Other,Po Box Rental
STRONG COLORADO IEC,Independent Expenditure Committee,250.0,2025-07-19 00:00:00,Polifi Llc,Fort Lupton,CO,80621,Consultant & Professional Services,
NEW DAY COLORADO FUND,527 Political Organization,0.5,2025-07-20 00:00:00,Anedot,New Orleans,LA,70117,Bank Fees,
PROTECT OUR VOTE,Independent Expenditure Committee,0.6,2025-07-20 00:00:00,Actblue Technical Services,Somerville,MA,02144,Fundraising Expenses,
COLORADO BEVERAGE ASSOCIATION 527,527 Political Organization,2000.0,2025-07-21 00:00:00,Keep Colorado Beautiful,Fort Collins,CO,80524,Contributions,
COLORADO WAY FORWARD,Independent Expenditure Committee,7500.0,2025-07-21 00:00:00,Intersection Advocacy,Washington,DC,20001,Consultant & Professional Services,
OUR DEMOCRACY FUND,Independent Expenditure Committee,203.88,2025-07-21 00:00:00,Godaddy.Com,Tempe,AZ,85284,Office Equipment & Supplies,Website Hosting Services
PLANNED PARENTHOOD VOTES COLORADO INDEPENDENT EXPENDITURE COMMITTEE,Independent Expenditure Committee,2250.0,2025-07-21 00:00:00,"Givesmart Us, Inc.",Minneapolis,MN,55485,Bank Fees,Credit Card Processing Fees
RED MAJORITY COLORADO,Independent Expenditure Committee,0.5,2025-07-23 00:00:00,"Anedot, Inc",New Orleans,LA,70112,Fundraising Expenses,
ROCKY MOUNTAIN WAY,Independent Expenditure Committee,5000.0,2025-07-23 00:00:00,Intersection Advocacy,Washington,DC,20001,Consultant & Professional Services,Management Consulting
4TH QUARTER IEC,Independent Expenditure Committee,1000.0,2025-07-24 00:00:00,Tammy  Klein,Fort Lupton,CO,80621,Consultant & Professional Services,
4TH QUARTER IEC,Independent Expenditure Committee,2893.27,2025-07-24 00:00:00,Rtr Research,Centennial,CO,80112,Gifts,
ALL TOGETHER COLORADO,Independent Expenditure Committee,158.0,2025-07-24 00:00:00,Actblue,Somerville,MA,02144,Bank Fees,
COLORADO ADVOCATES FOR CHANGE,Independent Expenditure Committee,0.9,2025-07-24 00:00:00,Anedot,New Orleans,LA,70117,Bank Fees,
FRIENDS FOR THE FUTURE (F3),527 Political Organization,0.7,2025-07-24 00:00:00,Anedot Inc,New Orleans,LA,70112,Bank Fees,Anedot (Ortman)
LET COLORADO VOTE ACTION,Independent Expenditure Committee,763.0,2025-07-24 00:00:00,West Group,Denver,CO,80111,Consultant & Professional Services,Legal Fees
ALL TOGETHER COLORADO,Independent Expenditure Committee,42.19,2025-07-25 00:00:00,D'Corazon,Denver,CO,80202,"Food, Beverages and Meals",
BALANCING THE ROCKIES,Independent Expenditure Committee,8.28,2025-07-25 00:00:00,Fiverr,New York,NY,10013,Consultant & Professional Services,Marketing
NEW DAY COLORADO FUND,527 Political Organization,150.0,2025-07-26 00:00:00,Charity Meinhart Design,Grand Junction,CO,81506,Advertising,Gop Invite Wolf Ranch Recreation Center
NEW DAY COLORADO FUND,527 Political Organization,150.0,2025-07-26 00:00:00,Charity Meinhart Design,Grand Junction,CO,81506,Advertising,Centennial Gun Club Gop Invite
COLORADO WAY FORWARD,Independent Expenditure Committee,346.48,2025-07-27 00:00:00,Frontier Airlines,Denver,CO,80239,Travel & Lodging,
OUR DEMOCRACY FUND,Independent Expenditure Committee,0.99,2025-07-27 00:00:00,Actblue,Somerville,MA,02144,Bank Fees,Payment Processing Fee
ALL TOGETHER COLORADO,Independent Expenditure Committee,41.27,2025-07-28 00:00:00,Mailchimp,Atlanta,GA,30308,Office Equipment & Supplies,
BALANCING THE ROCKIES,Independent Expenditure Committee,68.73,2025-07-28 00:00:00,Ava  Flanell,Colorado Springs,CO,80924,Fundraising Expenses,Fundraising Expense Reimbursement
RETAILERS OF COLORADO FOR A KNOWLEDGEABLE AND INFORMED ELECTORATE (ROCKIE),527 Political Organization,937.0,2025-07-28 00:00:00,Food Bank Of The Rockies,Denver,CO,80239,Contributions,Final Contribution Of Unexpended Funds.
ROCKY MOUNTAIN WAY,Independent Expenditure Committee,10000.0,2025-07-28 00:00:00,Give Wise Co,Idaho Springs,CO,80452,Fundraising Expenses,Fundraising Consulting
COLORADO WAY FORWARD,Independent Expenditure Committee,3000.0,2025-07-29 00:00:00,Scarlett Greene,Denver,CO,80206,Consultant & Professional Services,
DEMOCRACY SUMMER LEADERSHIP PAC,527 Political Organization,1450.0,2025-07-29 00:00:00,Jena For Colorado,Redacted By Sos,CO,99999,Contributions,Contribution
FOUNDERS PAC,Independent Expenditure Committee,25.0,2025-07-29 00:00:00,Squar Space,New York,NY,10014,Advertising,Webb Domain Provider
ROCKY MOUNTAIN WAY,Independent Expenditure Committee,403.75,2025-07-29 00:00:00,Amalgamated Bank,Washington,DC,20006,Bank Fees,Bank Fee
A WHOLE LOT OF PEOPLE FOR CHANGE,Independent Expenditure Committee,2.0,2025-07-30 00:00:00,First Bank Of Colorado,Lakewood,CO,80215,Bank Fees,
COLORADANS FOR CONSERVATIVE LEADERSHIP,Independent Expenditure Committee,12.0,2025-07-30 00:00:00,First Bank,Denver,CO,80203,Bank Fees,
COLORADO FIRST FUND,Independent Expenditure Committee,185.82,2025-07-30 00:00:00,Deluxe,Minneapolis,MN,55402,Office Equipment & Supplies,
COLORADO WAY FORWARD,Independent Expenditure Committee,1078.26,2025-07-30 00:00:00,Coronado Bay,San Diego,CA,92118,Travel & Lodging,
COLORADO WAY FORWARD,Independent Expenditure Committee,144.79,2025-07-30 00:00:00,Uber,San Fransisco,CA,94158,Travel & Lodging,
FUND FOR COLORADOíS ENERGY FUTURE,527 Political Organization,250.0,2025-07-30 00:00:00,"Senate Majority Fund, Llc",Denver,CO,80218,Contributions,
JUSTICE FOR JASON,Independent Expenditure Committee,850.0,2025-07-30 00:00:00,Street Media Group Llc,Loveland,CO,80538,Advertising,
ALL TOGETHER COLORADO,527 Political Organization,3000.0,2025-07-31 00:00:00,Scarlett Greene,Denver,CO,80206,Consultant & Professional Services,
ALL TOGETHER COLORADO,527 Political Organization,2.0,2025-07-31 00:00:00,,,,,Bank Fees,
ALL TOGETHER COLORADO,Independent Expenditure Committee,8500.0,2025-07-31 00:00:00,Blue Mountain Strategies,Denver,CO,80223,Consultant & Professional Services,
ALL TOGETHER COLORADO,Independent Expenditure Committee,6.0,2025-07-31 00:00:00,,,,,Bank Fees,
BLUEFLOWER ACTION,Independent Expenditure Committee,2.0,2025-07-31 00:00:00,,,,,Bank Fees,
BRIGHTER COLORADO FUTURES 527,527 Political Organization,2.0,2025-07-31 00:00:00,,,,,Bank Fees,
COLORADANS CREATING OPPORTUNITIES,Independent Expenditure Committee,500.0,2025-07-31 00:00:00,Scarlett Greene,Denver,CO,80206,Consultant & Professional Services,
COLORADANS CREATING OPPORTUNITIES,Independent Expenditure Committee,2.0,2025-07-31 00:00:00,,,,,Bank Fees,
COLORADANS FOR COLORADO VALUES,Independent Expenditure Committee,2.0,2025-07-31 00:00:00,,,,,Bank Fees,
COLORADO EDUCATION ASSOCIATION VICTORY FUND,Independent Expenditure Committee,2.0,2025-07-31 00:00:00,,,,,Bank Fees,
COLORADO FIRST FUND,Independent Expenditure Committee,1500.0,2025-07-31 00:00:00,Scarlett Greene,Denver,CO,80206,Consultant & Professional Services,
COLORADO FIRST FUND,Independent Expenditure Committee,5000.0,2025-07-31 00:00:00,Blue Mountain Strategies,Denver,CO,80207,Consultant & Professional Services,
COLORADO FIRST FUND,Independent Expenditure Committee,10.0,2025-07-31 00:00:00,,,,,Bank Fees,
COLORADO LABOR ACTION,Independent Expenditure Committee,250.0,2025-07-31 00:00:00,Scarlett Greene,Denver,CO,80206,Consultant & Professional Services,
COLORADO LABOR ACTION,Independent Expenditure Committee,4.0,2025-07-31 00:00:00,,,,,Bank Fees,
COLORADO LABOR ACTION,Independent Expenditure Committee,25.3,2025-07-31 00:00:00,Uber,San Fransisco,CA,94158,Travel & Lodging,
COLORADO WAY FORWARD,527 Political Organization,2.0,2025-07-31 00:00:00,,,,,Bank Fees,
COLORADO WAY FORWARD,Independent Expenditure Committee,5000.0,2025-07-31 00:00:00,5280 Development,Denver,CO,80206,Consultant & Professional Services,
COLORADO WAY FORWARD,Independent Expenditure Committee,4.0,2025-07-31 00:00:00,,,,,Bank Fees,
JUSTICE FOR JASON,Independent Expenditure Committee,2.0,2025-07-31 00:00:00,Firstbank,Arvada,CO,80006,Bank Fees,
KEEP COLORADO COUNTIES SAFE,Independent Expenditure Committee,2.0,2025-07-31 00:00:00,First Bank,Littleton,CO,80128,Bank Fees,Bank Fee
NEW COLORADO PROMISE,Independent Expenditure Committee,5.0,2025-07-31 00:00:00,,,,,Bank Fees,Bank Fee
PLANNED PARENTHOOD VOTES COLORADO INDEPENDENT EXPENDITURE COMMITTEE,Independent Expenditure Committee,2.0,2025-07-31 00:00:00,,,,,Bank Fees,Bank Fees
RED MAJORITY COLORADO,Independent Expenditure Committee,15.0,2025-07-31 00:00:00,Jpmorgan Chase Bank,Denver,CO,80218,Bank Fees,
STOP ANTISEMITISM COLORADO ACTION FUND,527 Political Organization,2.0,2025-07-31 00:00:00,First Bank,Lakewood,CO,80215,Bank Fees,
STRONG COLORADO IEC,Independent Expenditure Committee,2.0,2025-07-31 00:00:00,Firstbank North,Arvada,CO,80006,Bank Fees,
ALL TOGETHER COLORADO,Independent Expenditure Committee,6000.0,2025-08-01 00:00:00,Mountaintop Strategies,Thornton,CO,80229,Consultant & Professional Services,
COLORADO HEALTH FREEDOM PAC,Independent Expenditure Committee,1.9,2025-08-01 00:00:00,,,,,Bank Fees,Fees Taken Out Of Contributions That Were Donated-Anedot
NEW DAY COLORADO FUND,527 Political Organization,4715.25,2025-08-01 00:00:00,Ringside Consulting,Denver,CO,80212,Consultant & Professional Services,
SENATE MAJORITY FUND,527 Political Organization,600.0,2025-08-01 00:00:00,"Strategic Compliance, Llc",Denver,CO,80205,Consultant & Professional Services,Compliance Consulting
SENATE MAJORITY FUND,527 Political Organization,12534.97,2025-08-01 00:00:00,Westbrooke Group,Denver,CO,80206,Consultant & Professional Services,Funraising Consulting
SENATE MAJORITY FUND,527 Political Organization,2400.0,2025-08-01 00:00:00,Zakhem Law,Denver,CO,80201,Consultant & Professional Services,Legal
COLORADO HEALTH FREEDOM PAC,Independent Expenditure Committee,0.7,2025-08-02 00:00:00,,,,,Bank Fees,Fees Taken Out Of Contributions That Were Donated-Anedot
NEW DAY COLORADO FUND,527 Political Organization,1000.0,2025-08-03 00:00:00,Sws Polifi Llc,Fort Lupton,CO,80621,Consultant & Professional Services,
ALL TOGETHER COLORADO,Independent Expenditure Committee,1171.8,2025-08-04 00:00:00,Bar Amorina,Denver,CO,80206,Other,Event Expense
COLORADO EDUCATION ASSOCIATION VICTORY FUND,Independent Expenditure Committee,225.0,2025-08-04 00:00:00,Scarlett Greene,Denver,CO,80206,Consultant & Professional Services,
COLORADO LABOR ACTION,Independent Expenditure Committee,41.0,2025-08-04 00:00:00,Bernies Bungalow Lounge,Anchorage,AK,99501,"Food, Beverages and Meals",
COLORADO LABOR ACTION,Independent Expenditure Committee,1405.64,2025-08-04 00:00:00,Sheraton,Anchorage,AK,99501,Travel & Lodging,
COLORADO LABOR ACTION,Independent Expenditure Committee,35.0,2025-08-04 00:00:00,Alaska Airlines,Seattle,WA,98168,Travel & Lodging,
COLORADO WAY FORWARD,Independent Expenditure Committee,39.0,2025-08-04 00:00:00,Alamo Plaza,Denver,CO,80202,Other,Parking
COLORADO WAY FORWARD,Independent Expenditure Committee,51.0,2025-08-04 00:00:00,Alamo Plaza,Denver,CO,80202,Other,Parking
JUSTICE FOR JASON,Independent Expenditure Committee,150.0,2025-08-04 00:00:00,Sws Polifi Llc,Fort Lupton,CO,80621,Consultant & Professional Services,
PLANNED PARENTHOOD VOTES COLORADO INDEPENDENT EXPENDITURE COMMITTEE,Independent Expenditure Committee,5.0,2025-08-04 00:00:00,,,,,Bank Fees,Bank Fees
PLANNED PARENTHOOD VOTES COLORADO INDEPENDENT EXPENDITURE COMMITTEE,Independent Expenditure Committee,219.41,2025-08-04 00:00:00,"Givesmart Us, Inc.",Minneapolis,MN,55485,Bank Fees,Credit Card Processing Fees
STOP ANTISEMITISM COLORADO ACTION FUND,527 Political Organization,32.0,2025-08-04 00:00:00,First Bank,Lakewood,CO,80215,Bank Fees,
COLORADO HEALTH FREEDOM PAC,Independent Expenditure Committee,172.86,2025-08-05 00:00:00,Zoom,San Jose,CA,95113,Telephone,Zoom For Iec
NEW DAY COLORADO FUND,527 Political Organization,15000.0,2025-08-05 00:00:00,Timor Strategies Llc,Lakewood,CO,80287,Consultant & Professional Services,
ALL TOGETHER COLORADO,Independent Expenditure Committee,29.7,2025-08-06 00:00:00,Evil Bean,Denver,CO,80202,"Food, Beverages and Meals",
COLORADO WAY FORWARD,527 Political Organization,329.2,2025-08-06 00:00:00,United Airlines,Chicago,IL,60606,Travel & Lodging,
COLORADO WAY FORWARD,527 Political Organization,335.46,2025-08-06 00:00:00,Coronado Bay,San Diego,CA,92118,Travel & Lodging,
COLORADO WAY FORWARD,527 Political Organization,70.0,2025-08-06 00:00:00,Dia Parking,Denver,CO,80249,Travel & Lodging,
COLORADO WAY FORWARD,527 Political Organization,113.34,2025-08-06 00:00:00,Lyft,San Fransisco,CA,94107,Travel & Lodging,
LET COLORADO VOTE ACTION,Independent Expenditure Committee,12.0,2025-08-06 00:00:00,First Bank,Denver,CO,80231,Bank Fees,
STRONG COLORADO IEC,Independent Expenditure Committee,1500.0,2025-08-06 00:00:00,One Stop Graphics,Loveland,CO,80538,Consultant & Professional Services,Design And Layout
COLORADO WAY FORWARD,Independent Expenditure Committee,7500.0,2025-08-08 00:00:00,Empower Strategies,Frisco,CO,80443,Consultant & Professional Services,
SENATE MAJORITY FUND,527 Political Organization,60.73,2025-08-08 00:00:00,Mailchimp,Atlanta,GA,30308,Advertising,Email Subscription
COLORADO HEALTH FREEDOM PAC,Independent Expenditure Committee,2.0,2025-08-11 00:00:00,Firstbank,Castle Rock,CO,80104,Bank Fees,Fees For Firstbank Credit/Debit Card
COLORADO HOSPITALS ACTION FUND,Independent Expenditure Committee,155.4,2025-08-11 00:00:00,,,,,Bank Fees,Aug Bank Fee
COLORADO WAY FORWARD,Independent Expenditure Committee,19.75,2025-08-11 00:00:00,,,,,Bank Fees,
NEW DAY COLORADO FUND,527 Political Organization,281.25,2025-08-11 00:00:00,Charity Meinhart Design,Grand Junction,CO,81506,Consultant & Professional Services,Graphic Design Spring Invitations And Meadowlark Gardens Invitations
ROCKY MOUNTAIN WAY,Independent Expenditure Committee,6500.0,2025-08-11 00:00:00,Empower Strategies Llc,Frisco,CO,80443,Consultant & Professional Services,Management Consulting
ROCKY MOUNTAIN WAY,Independent Expenditure Committee,5000.0,2025-08-11 00:00:00,Mba Consulting Group Inc.,Washington,DC,20003,Consultant & Professional Services,Compliance Services
COLORADO FIRST FUND,Independent Expenditure Committee,455.0,2025-08-13 00:00:00,Sandler Reiff,Washington,DC,20006,Consultant & Professional Services,
COLORADO REPUBLICAN PARTY IEC,Independent Expenditure Committee,36.0,2025-08-13 00:00:00,Squar Space,New York,CO,10014,Advertising,Webhosting
NEW DAY COLORADO FUND,527 Political Organization,40.3,2025-08-13 00:00:00,Anedot,New Orleans,LA,70117,Bank Fees,
ROCKY MOUNTAIN WAY,Independent Expenditure Committee,1299.0,2025-08-13 00:00:00,Ngp Van,Austin,TX,78759,Other,Subscription
ROCKY MOUNTAIN WAY,Independent Expenditure Committee,455.0,2025-08-13 00:00:00,"Sandler Reiff Lamb & Birkenstock, P.C.",Washington,DC,20006,Consultant & Professional Services,Legal Fees
SENATE MAJORITY FUND,527 Political Organization,6000.0,2025-08-13 00:00:00,Cole Communications,Colorado Springs,CO,80903,Consultant & Professional Services,
CENTENNIAL VALUES,Independent Expenditure Committee,750.0,2025-08-14 00:00:00,"Polestar, Inc.",Denver,CO,80202,Consultant & Professional Services,Monthly Consulting Fee
COLORADO DEMOCRACY PROJECT,Independent Expenditure Committee,750.0,2025-08-14 00:00:00,"Polestar, Inc.",Denver,CO,80202,Consultant & Professional Services,Monthly Consulting Fee
VOTERS FOR COLORADO'S FUTURE,Independent Expenditure Committee,750.0,2025-08-14 00:00:00,"Polestar, Inc.",Denver,CO,80203,Consultant & Professional Services,Monthly Consulting Fees
ALL TOGETHER COLORADO,Independent Expenditure Committee,139.96,2025-08-15 00:00:00,Fedex Office,Denver,CO,80203,Other,Event Expense
ALL TOGETHER COLORADO,Independent Expenditure Committee,42.92,2025-08-15 00:00:00,Sam'S Club,Denver,CO,80209,Other,Event Expense
PROTECT OUR VOTE,Independent Expenditure Committee,0.2,2025-08-17 00:00:00,Actblue Technical Services,Somerville,MA,02144,Fundraising Expenses,
ALL TOGETHER COLORADO,Independent Expenditure Committee,882.57,2025-08-18 00:00:00,Pga Tour Superstore,Westminster,CO,80031,Other,Event Expense
COLORADO BEVERAGE ASSOCIATION 527,527 Political Organization,163.5,2025-08-18 00:00:00,West Group,Denver,CO,80111,Consultant & Professional Services,Legal Services
COLORADO FIRST FUND,Independent Expenditure Committee,256.75,2025-08-18 00:00:00,Actblue,Somerville,MA,02144,Bank Fees,
ALL TOGETHER COLORADO,Independent Expenditure Committee,13155.59,2025-08-19 00:00:00,The Ranch Country Club,Westminster,CO,80234,Other,Event Expense
FOUNDERS PAC,Independent Expenditure Committee,2.0,2025-08-19 00:00:00,First Bank,Lakewood,CO,80215,Bank Fees,Bank Fee
KEEP COLORADO COUNTIES SAFE,Independent Expenditure Committee,13000.0,2025-08-20 00:00:00,Cpi,Englewood,CO,80155,Other,General Polling
NEW DAY COLORADO FUND,527 Political Organization,4.8,2025-08-20 00:00:00,Anedot,New Orleans,LA,70117,Bank Fees,
NEW DAY COLORADO FUND,527 Political Organization,20.3,2025-08-21 00:00:00,Anedot,New Orleans,LA,70117,Bank Fees,
FRIENDS FOR THE FUTURE (F3),527 Political Organization,0.7,2025-08-24 00:00:00,Anedot Inc,New Orleans,LA,70112,Bank Fees,Anedot (Ortman)
COLORADANS FOR COLORADO VALUES,Independent Expenditure Committee,25.0,2025-08-25 00:00:00,Colorado Secretary Of State,Denver,CO,80290,Other,Periodic Fee
COLORADO EDUCATION ASSOCIATION VICTORY FUND,Independent Expenditure Committee,225.0,2025-08-25 00:00:00,Scarlett Greene,Denver,CO,80206,Consultant & Professional Services,
COLORADO FIRST FUND,Independent Expenditure Committee,452.28,2025-08-25 00:00:00,Actblue,Somerville,MA,02144,Bank Fees,
COLORADO WAY FORWARD,Independent Expenditure Committee,138.25,2025-08-25 00:00:00,Actblue,Sommerville,MA,02144,Bank Fees,
COLORADO LABOR ACTION,Independent Expenditure Committee,3.0,2025-08-26 00:00:00,,,,,Other,Parking
NEW DAY COLORADO FUND,527 Political Organization,25.0,2025-08-26 00:00:00,Colorado Secretary Of State,Denver,CO,80290,Miscellaneous,Licenses & Fees
OUR DEMOCRACY FUND,Independent Expenditure Committee,8.0,2025-08-26 00:00:00,Firstbank,Highlands Ranch,CO,80129,Bank Fees,Banking Fee For Business Debit Cards
RED MAJORITY COLORADO,Independent Expenditure Committee,0.5,2025-08-26 00:00:00,"Anedot, Inc",New Orleans,LA,70112,Fundraising Expenses,
ALL TOGETHER COLORADO,Independent Expenditure Committee,41.27,2025-08-27 00:00:00,Mailchimp,Atlanta,GA,30308,Office Equipment & Supplies,
COLORADO LABOR ACTION,Independent Expenditure Committee,26.05,2025-08-27 00:00:00,City O City,Denver,CO,80203,"Food, Beverages and Meals",
NEW DAY COLORADO FUND,527 Political Organization,72.9,2025-08-28 00:00:00,Anedot,New Orleans,LA,70117,Bank Fees,
ROCKY MOUNTAIN WAY,Independent Expenditure Committee,113.5,2025-08-28 00:00:00,Amalgamated Bank,Washington,DC,20006,Bank Fees,Bank Fee
ALL TOGETHER COLORADO,527 Political Organization,3000.0,2025-08-29 00:00:00,Scarlett Greene,Denver,CO,80206,Consultant & Professional Services,
ALL TOGETHER COLORADO,527 Political Organization,2.0,2025-08-29 00:00:00,,,,,Bank Fees,
ALL TOGETHER COLORADO,Independent Expenditure Committee,6.0,2025-08-29 00:00:00,,,,,Bank Fees,
BLUEFLOWER ACTION,Independent Expenditure Committee,2.0,2025-08-29 00:00:00,,,,,Bank Fees,
BRIGHTER COLORADO FUTURES 527,527 Political Organization,2.0,2025-08-29 00:00:00,,,,,Bank Fees,
CLCS ACTION 527,527 Political Organization,10.0,2025-08-29 00:00:00,Firstbank,Lakewood,CO,80215,Bank Fees,Bank Fees
COLORADANS CREATING OPPORTUNITIES,Independent Expenditure Committee,500.0,2025-08-29 00:00:00,Scarlett Greene,Denver,CO,80206,Consultant & Professional Services,
COLORADANS CREATING OPPORTUNITIES,Independent Expenditure Committee,2.0,2025-08-29 00:00:00,,,,,Bank Fees,
COLORADANS FOR COLORADO VALUES,Independent Expenditure Committee,2.0,2025-08-29 00:00:00,,,,,Bank Fees,
COLORADO EDUCATION ASSOCIATION VICTORY FUND,Independent Expenditure Committee,2.0,2025-08-29 00:00:00,,,,,Bank Fees,
COLORADO FIRST FUND,Independent Expenditure Committee,1500.0,2025-08-29 00:00:00,Scarlett Greene,Denver,CO,80206,Consultant & Professional Services,
COLORADO LABOR ACTION,Independent Expenditure Committee,250.0,2025-08-29 00:00:00,Scarlett Greene,Denver,CO,80206,Consultant & Professional Services,
COLORADO LABOR ACTION,Independent Expenditure Committee,4.0,2025-08-29 00:00:00,,,,,Bank Fees,
COLORADO WAY FORWARD,527 Political Organization,2.0,2025-08-29 00:00:00,,,,,Bank Fees,
COLORADO WAY FORWARD,Independent Expenditure Committee,3000.0,2025-08-29 00:00:00,Scarlett Greene,Denver,CO,80206,Consultant & Professional Services,
COLORADO WAY FORWARD,Independent Expenditure Committee,5000.0,2025-08-29 00:00:00,5280 Development,Denver,CO,80206,Consultant & Professional Services,
COLORADO WAY FORWARD,Independent Expenditure Committee,4.0,2025-08-29 00:00:00,,,,,Bank Fees,
FIGHTING FOR COLORADO,Independent Expenditure Committee,20.0,2025-08-29 00:00:00,1St Bank,Lakewood,CO,80215,Bank Fees,
FOUNDERS PAC,Independent Expenditure Committee,25.0,2025-08-29 00:00:00,Squar Space,New York,CO,10014,Advertising,Web Domain
KEEP COLORADO COUNTIES SAFE,Independent Expenditure Committee,2.0,2025-08-29 00:00:00,First Bank,Littleton,CO,80128,Bank Fees,Bank Fee
NEW DAY COLORADO FUND,527 Political Organization,1000.0,2025-08-29 00:00:00,Sws Polifi Llc,Fort Lupton,CO,80621,Consultant & Professional Services,
NEW DAY COLORADO FUND,527 Political Organization,7.3,2025-08-29 00:00:00,Anedot,New Orleans,LA,70117,Bank Fees,
PLANNED PARENTHOOD VOTES COLORADO INDEPENDENT EXPENDITURE COMMITTEE,Independent Expenditure Committee,12.0,2025-08-29 00:00:00,,,,,Bank Fees,Bank Fees
A WHOLE LOT OF PEOPLE FOR CHANGE,Independent Expenditure Committee,2.0,2025-08-30 00:00:00,First Bank Of Colorado,Lakewood,CO,80215,Bank Fees,
COLORADANS FOR CONSERVATIVE LEADERSHIP,Independent Expenditure Committee,12.0,2025-08-30 00:00:00,First Bank,Denver,CO,80203,Bank Fees,
JUSTICE FOR JASON,Independent Expenditure Committee,150.0,2025-08-30 00:00:00,Sws Polifi Llc,Fort Lupton,CO,80621,Consultant & Professional Services,
JUSTICE FOR JASON,Independent Expenditure Committee,2.0,2025-08-31 00:00:00,Firstbank,Arvada,CO,80006,Bank Fees,
NEW COLORADO PROMISE,Independent Expenditure Committee,5.0,2025-08-31 00:00:00,,,,,Bank Fees,Bank Fee
STOP ANTISEMITISM COLORADO ACTION FUND,527 Political Organization,2.0,2025-08-31 00:00:00,First Bank,Lakewood,CO,80215,Bank Fees,
STRONG COLORADO IEC,Independent Expenditure Committee,2.0,2025-08-31 00:00:00,Firstbank North,Arvada,CO,80006,Bank Fees,
COLORADO HEALTH FREEDOM PAC,Independent Expenditure Committee,1.9,2025-09-01 00:00:00,,,,,Bank Fees,Fees Taken Out Of Contributions That Were Donated-Anedot
COLORADO HEALTH FREEDOM PAC,Independent Expenditure Committee,0.7,2025-09-02 00:00:00,,,,,Bank Fees,Fees Taken Out Of Contributions That Were Donated-Anedot
NEW DAY COLORADO FUND,527 Political Organization,3898.16,2025-09-02 00:00:00,Ringside Consulting,Denver,CO,80212,Fundraising Expenses,
OUR DEMOCRACY FUND,Independent Expenditure Committee,10.0,2025-09-02 00:00:00,Colorado Secretary Of State,Denver,CO,80290,Office Equipment & Supplies,Operating Expenditure; Filing Fee
PLANNED PARENTHOOD VOTES COLORADO INDEPENDENT EXPENDITURE COMMITTEE,Independent Expenditure Committee,99.75,2025-09-02 00:00:00,Paragon Solution,Tempe,AZ,85282,Bank Fees,Credit Card Processing Fees
ALL TOGETHER COLORADO,527 Political Organization,6000.0,2025-09-03 00:00:00,Mountaintop Strategies,Denver,CO,80229,Consultant & Professional Services,
ALL TOGETHER COLORADO,527 Political Organization,8500.0,2025-09-03 00:00:00,Blue Mountain Strategies,Denver,CO,80207,Consultant & Professional Services,
COLORADO FIRST FUND,Independent Expenditure Committee,5000.0,2025-09-03 00:00:00,Blue Mountain Strategies,Denver,CO,80207,Consultant & Professional Services,
PLANNED PARENTHOOD VOTES COLORADO INDEPENDENT EXPENDITURE COMMITTEE,Independent Expenditure Committee,503.18,2025-09-03 00:00:00,"Givesmart Us, Inc.",Minneapolis,MN,55485,Bank Fees,Credit Card Processing Fees
COLORADO EDUCATION ASSOCIATION VICTORY FUND,Independent Expenditure Committee,800.0,2025-09-04 00:00:00,Rita K Gilbert Pc,Lakewood,CO,80227,Consultant & Professional Services,
COLORADO LABOR ACTION,Independent Expenditure Committee,800.0,2025-09-04 00:00:00,Rita K Gilbert Pc,Lakewood,CO,80227,Consultant & Professional Services,
COLORADO WAY FORWARD,Independent Expenditure Committee,7500.0,2025-09-04 00:00:00,Empower Strategies,Frisco,CO,80443,Consultant & Professional Services,
COLORADO WAY FORWARD,Independent Expenditure Committee,1100.0,2025-09-04 00:00:00,Rita K Gilbert Pc,Lakewood,CO,80227,Consultant & Professional Services,
FIGHTING FOR COLORADO,Independent Expenditure Committee,4500.0,2025-09-04 00:00:00,Pe Political,Denver,CO,80250,Consultant & Professional Services,
FIGHTING FOR COLORADO,Independent Expenditure Committee,1975.0,2025-09-04 00:00:00,Actblue,Somerville,MA,02144,Bank Fees,
LET COLORADO VOTE ACTION,Independent Expenditure Committee,12.0,2025-09-04 00:00:00,First Bank,Denver,CO,80231,Bank Fees,
MONTROSE REPUBLICAN WOMEN,527 Political Organization,245.0,2025-09-04 00:00:00,Kerri  Catlin,Montrose,CO,81403,Advertising,Constitutions
NEW DAY COLORADO FUND,527 Political Organization,212.6,2025-09-04 00:00:00,Anedot,New Orleans,LA,70117,Bank Fees,
ROCKY MOUNTAIN WAY,Independent Expenditure Committee,466.96,2025-09-04 00:00:00,Give Wise Co,Idaho Springs,CO,80452,Travel & Lodging,Reimbursement- Lodging
ROCKY MOUNTAIN WAY,Independent Expenditure Committee,210.7,2025-09-04 00:00:00,Give Wise Co,Idaho Springs,CO,80452,Travel & Lodging,Reimbursement- Mileage
ROCKY MOUNTAIN WAY,Independent Expenditure Committee,325.0,2025-09-04 00:00:00,Ngp Van,Austin,TX,78759,Bank Fees,Credit Card Processing Fee
NEW DAY COLORADO FUND,527 Political Organization,10.3,2025-09-06 00:00:00,Anedot,New Orleans,LA,70117,Bank Fees,
KEEP COLORADO COUNTIES SAFE,Independent Expenditure Committee,20000.0,2025-09-07 00:00:00,Cpi,Englewood,CO,80155,Other,Outreach
CENTENNIAL VALUES,Independent Expenditure Committee,250.0,2025-09-08 00:00:00,"Polestar, Inc.",Denver,CO,80202,Consultant & Professional Services,Monthly Consulting Fee
COLORADO DEMOCRACY PROJECT,Independent Expenditure Committee,250.0,2025-09-08 00:00:00,"Polestar, Inc.",Denver,CO,80202,Consultant & Professional Services,Monthly Consulting Fee
ROCKY MOUNTAIN WAY,Independent Expenditure Committee,6500.0,2025-09-08 00:00:00,Empower Strategies Llc,Frisco,CO,80443,Consultant & Professional Services,Management Consulting
SENATE MAJORITY FUND,527 Political Organization,60.73,2025-09-08 00:00:00,Mailchimp,Atlanta,GA,30308,Advertising,Email Subscription
VOTERS FOR COLORADO'S FUTURE,Independent Expenditure Committee,250.0,2025-09-08 00:00:00,"Polestar, Inc.",Denver,CO,80203,Consultant & Professional Services,Monthly Consulting Fee
COLORADO EDUCATION ASSOCIATION VICTORY FUND,Independent Expenditure Committee,1000.0,2025-09-09 00:00:00,Scarlett Greene,Denver,CO,80206,Consultant & Professional Services,
COLORADO HEALTH FREEDOM PAC,Independent Expenditure Committee,2.0,2025-09-09 00:00:00,Firstbank,Castle Rock,CO,80104,Bank Fees,Fees For Firstbank Credit/Debit Card
COLORADO LABOR ACTION,Independent Expenditure Committee,1000.0,2025-09-09 00:00:00,Scarlett Greene,Denver,CO,80206,Consultant & Professional Services,
COLORADO WAY FORWARD,Independent Expenditure Committee,1000.0,2025-09-09 00:00:00,Scarlett Greene,Denver,CO,80206,Consultant & Professional Services,
NEW DAY COLORADO FUND,527 Political Organization,8153.6,2025-09-09 00:00:00,Timor Strategies Llc,Lakewood,CO,80287,Consultant & Professional Services,Consulting And Reimbursement For Printouts For Events
NEW DAY COLORADO FUND,527 Political Organization,4.3,2025-09-09 00:00:00,Anedot,New Orleans,LA,70117,Bank Fees,
ROCKY MOUNTAIN WAY,Independent Expenditure Committee,162.5,2025-09-09 00:00:00,Ngp Van,Austin,TX,78759,Bank Fees,Credit Card Processing Fee
COLORADO CONSTRUCTION INDUSTRY COALITION - 527 (CCIC - 527),527 Political Organization,45000.0,2025-09-10 00:00:00,76 Group,Denver,CO,80231,Consultant & Professional Services,Consulting And Professional Services
ROCKY MOUNTAIN WAY,Independent Expenditure Committee,10000.0,2025-09-10 00:00:00,Give Wise Co,Idaho Springs,CO,80452,Fundraising Expenses,Fundraising Consulting
ROCKY MOUNTAIN WAY,Independent Expenditure Committee,1299.0,2025-09-10 00:00:00,Ngp Van,Austin,TX,78759,Other,Subscription
ROCKY MOUNTAIN WAY,Independent Expenditure Committee,32.5,2025-09-10 00:00:00,Ngp Van,Austin,TX,78759,Bank Fees,Credit Card Processing Fee
ROCKY MOUNTAIN WAY,Independent Expenditure Committee,10000.0,2025-09-10 00:00:00,Straus/Baker Llc,Sheffield,MA,01257,Consultant & Professional Services,Fundraising Consulting
SENATE MAJORITY FUND,527 Political Organization,600.0,2025-09-10 00:00:00,"Strategic Compliance, Llc",Denver,CO,80205,Consultant & Professional Services,Compliance Consulting
SENATE MAJORITY FUND,527 Political Organization,4618.47,2025-09-10 00:00:00,Westbrooke Group,Denver,CO,80206,Consultant & Professional Services,Funraising Consulting
COLORADO HOSPITALS ACTION FUND,Independent Expenditure Committee,100.41,2025-09-11 00:00:00,,,,,Bank Fees,Sept Bank Fee
COLORADO WAY FORWARD,Independent Expenditure Committee,2503.81,2025-09-11 00:00:00,Carboy,Denver,CO,80203,Other,Event Expense
FIGHTING FOR COLORADO,Independent Expenditure Committee,79.0,2025-09-11 00:00:00,Actblue,Somerville,MA,02144,Bank Fees,
FIGHTING FOR COLORADO,Independent Expenditure Committee,2816.0,2025-09-11 00:00:00,Scarlett Greene,Denver,CO,80206,Consultant & Professional Services,
NEW DAY COLORADO FUND,527 Political Organization,10.3,2025-09-11 00:00:00,Anedot,New Orleans,LA,70117,Bank Fees,
ROCKY MOUNTAIN WAY,Independent Expenditure Committee,162.5,2025-09-11 00:00:00,Ngp Van,Austin,TX,78759,Bank Fees,Credit Card Processing Fee
COLORADO FIRST FUND,Independent Expenditure Committee,197.5,2025-09-12 00:00:00,Actblue,Somerville,MA,02144,Bank Fees,
ROCKY MOUNTAIN WAY,Independent Expenditure Committee,0.01,2025-09-12 00:00:00,,,,,Miscellaneous,Bank Fee
ROCKY MOUNTAIN WAY,Independent Expenditure Committee,325.0,2025-09-12 00:00:00,Ngp Van,Austin,TX,78759,Bank Fees,Credit Card Processing Fee
COLORADO ADVOCATES FOR CHANGE,Independent Expenditure Committee,-50.0,2024-09-13 00:00:00,Sws Polifi Llc,Fort Lupton,CO,80621,Consultant & Professional Services,Offset Due To Deletion Of Filed Item - Accounting
CENTENNIAL VALUES,Independent Expenditure Committee,250.0,2025-09-15 00:00:00,"Polestar, Inc.",Denver,CO,80202,Consultant & Professional Services,Monthly Consulting Fee
COLORADO DEMOCRACY PROJECT,Independent Expenditure Committee,250.0,2025-09-15 00:00:00,"Polestar, Inc.",Denver,CO,80202,Consultant & Professional Services,
COLORADO FIRST FUND,Independent Expenditure Committee,5000.0,2025-09-15 00:00:00,Rebecca Mirsky Consulting,Woody Creek,CO,81656,Consultant & Professional Services,
COLORADO LABOR ACTION,Independent Expenditure Committee,11.42,2025-09-15 00:00:00,,,,,"Food, Beverages and Meals",
ROCKY MOUNTAIN WAY,Independent Expenditure Committee,5000.0,2025-09-15 00:00:00,Mba Consulting Group Inc.,Washington,DC,20003,Consultant & Professional Services,Compliance Services
SENATE MAJORITY FUND,527 Political Organization,6000.0,2025-09-15 00:00:00,Cole Communications,Colorado Springs,CO,80903,Consultant & Professional Services,
VOTERS FOR COLORADO'S FUTURE,Independent Expenditure Committee,250.0,2025-09-15 00:00:00,"Polestar, Inc.",Denver,CO,80203,Consultant & Professional Services,Monthly Consulting Fee
COLORADO FIRST FUND,Independent Expenditure Committee,49.38,2025-09-16 00:00:00,Actblue,Somerville,MA,02144,Bank Fees,
COLORADO LABOR ACTION,Independent Expenditure Committee,48.0,2025-09-16 00:00:00,Park & Co,Denver,CO,80203,"Food, Beverages and Meals",
FOUNDERS PAC,Independent Expenditure Committee,2.0,2025-09-17 00:00:00,First Bank,Lakewood,CO,80215,Bank Fees,Bank Fee
ROCKY MOUNTAIN WAY,Independent Expenditure Committee,130.0,2025-09-17 00:00:00,"Sandler Reiff Lamb & Birkenstock, P.C.",Washington,DC,20006,Consultant & Professional Services,Legal Fees
COLORADO FIRST ACTION,Independent Expenditure Committee,36.35,2025-09-18 00:00:00,"Squarespace, Inc",New York,NY,10014,Advertising,"Website Purchase For Parents First Dcsd In Support Of Keaton Gambill, Dede Kramer, Matt Smith, Steve Vail For Douglas County School Board."
ROCKY MOUNTAIN WAY,Independent Expenditure Committee,1000.0,2025-09-18 00:00:00,Campaign Operative Llc,La Quinta,CA,92253,Consultant & Professional Services,Software Services
COLORADO LABOR ACTION,Independent Expenditure Committee,348.19,2025-09-19 00:00:00,Artist Proof,Denver,CO,80204,Other,Shirts
COLORADO REPUBLICAN PARTY IEC,Independent Expenditure Committee,2.0,2025-09-19 00:00:00,First Bank,Lakewood,CO,80215,Bank Fees,Bank Fee
FIGHTING FOR COLORADO,Independent Expenditure Committee,651.75,2025-09-19 00:00:00,Actblue,Somerville,MA,02144,Bank Fees,
WE THE PARENTS,Independent Expenditure Committee,433.0,2025-09-19 00:00:00,Peacock Vanity Llc,Centennial,CO,80015,Consultant & Professional Services,Website
NEW DAY COLORADO FUND,527 Political Organization,0.5,2025-09-21 00:00:00,Anedot,New Orleans,LA,70117,Bank Fees,
PROTECT OUR VOTE,Independent Expenditure Committee,0.2,2025-09-21 00:00:00,Actblue Technical Services,Somerville,MA,02144,Fundraising Expenses,
ROCKY MOUNTAIN WAY,Independent Expenditure Committee,162.5,2025-09-22 00:00:00,Ngp Van,Austin,TX,78759,Bank Fees,Credit Card Processing Fee
FIGHTING FOR COLORADO,Independent Expenditure Committee,197.5,2025-09-23 00:00:00,Actblue,Somerville,MA,02144,Bank Fees,
RED MAJORITY COLORADO,Independent Expenditure Committee,0.5,2025-09-23 00:00:00,"Anedot, Inc",New Orleans,LA,70112,Fundraising Expenses,
ALL TOGETHER COLORADO,Independent Expenditure Committee,39.0,2025-09-24 00:00:00,Parklodo Towers,Denver,CO,80202,Other,Parking
COLORADO CONSTRUCTION INDUSTRY COALITION - 527 (CCIC - 527),527 Political Organization,7020.0,2025-09-24 00:00:00,"Rechtkornfeld, P.C.",Denver,CO,80202,Consultant & Professional Services,Professional Services
COLORADO FIRST ACTION,Independent Expenditure Committee,666.68,2025-09-24 00:00:00,Vistaprint,Waltham,MA,02451,Advertising,Parents First Dcsd Literature
COLORADO WAY FORWARD,Independent Expenditure Committee,4.0,2025-09-24 00:00:00,,,,,Other,Parking
FRIENDS FOR THE FUTURE (F3),527 Political Organization,0.7,2025-09-24 00:00:00,Anedot,Baton Rouge,LA,70808,Bank Fees,Anedot (Ortman)
NEW DAY COLORADO FUND,527 Political Organization,4000.0,2025-09-24 00:00:00,Campbell Killen Brittan & Ray Llc,Denver,CO,80206,Consultant & Professional Services,Legal Counsel
COLORADO FIRST FUND,Independent Expenditure Committee,79.0,2025-09-25 00:00:00,Actblue,Somerville,MA,02144,Bank Fees,
COLORADO FIRST FUND,Independent Expenditure Committee,138.25,2025-09-25 00:00:00,Actblue,Somerville,MA,02144,Bank Fees,
COLORADO LABOR ACTION,Independent Expenditure Committee,790.0,2025-09-25 00:00:00,Actblue,Somerville,MA,02144,Bank Fees,
COLORADO WAY FORWARD,Independent Expenditure Committee,9.88,2025-09-25 00:00:00,,,,,Bank Fees,
OUR DEMOCRACY FUND,Independent Expenditure Committee,4.0,2025-09-25 00:00:00,Firstbank,Highlands Ranch,CO,80129,Bank Fees,Banking Fee For Business Debit Cards
STUDENTS DESERVE BETTER,Independent Expenditure Committee,45.0,2025-09-25 00:00:00,Colorado Secretary Of State,Denver,CO,80290,Other,"Periodic Fee, Change Of Address, Change Of Ra"
STUDENTS DESERVE BETTER,Independent Expenditure Committee,166.0,2025-09-25 00:00:00,Usps,Denver,CO,80210,Other,Po Box Rental
ROCKY MOUNTAIN WAY,Independent Expenditure Committee,129.5,2025-09-26 00:00:00,Amalgamated Bank,Washington,DC,20006,Bank Fees,Bank Fee
COLORADO WAY FORWARD,Independent Expenditure Committee,1028.5,2025-09-28 00:00:00,Sonnenalp Hotel,Vail,CO,81657,Travel & Lodging,
ALL TOGETHER COLORADO,Independent Expenditure Committee,41.27,2025-09-29 00:00:00,Mailchimp,Atlanta,GA,30308,Office Equipment & Supplies,
COLORADANS CREATING OPPORTUNITIES,Independent Expenditure Committee,500.0,2025-09-29 00:00:00,Scarlett Greene,Denver,CO,80206,Consultant & Professional Services,
COLORADO EDUCATION ASSOCIATION VICTORY FUND,Independent Expenditure Committee,280000.0,2025-09-29 00:00:00,Students Deserve Better,Denver,CO,80206,Contributions,
COLORADO LABOR ACTION,Independent Expenditure Committee,20000.0,2025-09-29 00:00:00,Colorado Education Association Victory Fund,Denver,CO,80206,Contributions,
COLORADO LABOR ACTION,Independent Expenditure Committee,195.19,2025-09-29 00:00:00,Deluxe,Minneapolis,MN,55402,Office Equipment & Supplies,
COLORADO LABOR ACTION,Independent Expenditure Committee,18.6,2025-09-29 00:00:00,,,,,"Food, Beverages and Meals",
FIGHTING FOR COLORADO,Independent Expenditure Committee,195.19,2025-09-29 00:00:00,Deluxe,Minneapolis,MN,55402,Office Equipment & Supplies,
FOUNDERS PAC,Independent Expenditure Committee,25.0,2025-09-29 00:00:00,Squar Space,New York,NY,10014,Advertising,Website Hosting
ROCKY MOUNTAIN WAY,Independent Expenditure Committee,487.5,2025-09-29 00:00:00,Ngp Van,Austin,TX,78759,Bank Fees,Credit Card Processing Fee
ROCKY MOUNTAIN WAY,Independent Expenditure Committee,162.5,2025-09-29 00:00:00,Ngp Van,Austin,TX,78759,Bank Fees,Credit Card Processing Fee
A WHOLE LOT OF PEOPLE FOR CHANGE,Independent Expenditure Committee,2.0,2025-09-30 00:00:00,First Bank Of Colorado,Lakewood,CO,80215,Bank Fees,
ALL TOGETHER COLORADO,527 Political Organization,3000.0,2025-09-30 00:00:00,Scarlett Greene,Denver,CO,80206,Consultant & Professional Services,
ALL TOGETHER COLORADO,527 Political Organization,2.0,2025-09-30 00:00:00,,,,,Bank Fees,
ALL TOGETHER COLORADO,Independent Expenditure Committee,6.0,2025-09-30 00:00:00,,,,,Bank Fees,
BLUEFLOWER ACTION,Independent Expenditure Committee,2.0,2025-09-30 00:00:00,,,,,Bank Fees,
BRIGHTER COLORADO FUTURES 527,527 Political Organization,2.0,2025-09-30 00:00:00,,,,,Bank Fees,
CLCS ACTION 527,527 Political Organization,10.0,2025-09-30 00:00:00,Firstbank,Lakewood,CO,80215,Bank Fees,Bank Fees
COLORADANS CREATING OPPORTUNITIES,Independent Expenditure Committee,2.0,2025-09-30 00:00:00,,,,,Bank Fees,
COLORADANS FOR COLORADO VALUES,Independent Expenditure Committee,2.0,2025-09-30 00:00:00,,,,,Bank Fees,
COLORADANS FOR CONSERVATIVE LEADERSHIP,Independent Expenditure Committee,12.0,2025-09-30 00:00:00,First Bank,Denver,CO,80203,Bank Fees,
COLORADO ADVOCATES FOR CHANGE,Independent Expenditure Committee,4.0,2025-09-30 00:00:00,Firstbank,Denver,CO,80218,Bank Fees,
COLORADO EDUCATION ASSOCIATION VICTORY FUND,Independent Expenditure Committee,12.0,2025-09-30 00:00:00,,,,,Bank Fees,
COLORADO FIRST FUND,Independent Expenditure Committee,335.75,2025-09-30 00:00:00,Actblue,Somerville,MA,02144,Bank Fees,
COLORADO FIRST FUND,Independent Expenditure Committee,148.13,2025-09-30 00:00:00,Actblue,Somerville,MA,02144,Bank Fees,
COLORADO FIRST FUND,Independent Expenditure Committee,1500.0,2025-09-30 00:00:00,Scarlett Greene,Denver,CO,80206,Consultant & Professional Services,
COLORADO FIRST FUND,Independent Expenditure Committee,10.0,2025-09-30 00:00:00,,,,,Bank Fees,
COLORADO LABOR ACTION,Independent Expenditure Committee,250.0,2025-09-30 00:00:00,Scarlett Greene,Denver,CO,80206,Consultant & Professional Services,
COLORADO LABOR ACTION,Independent Expenditure Committee,4.0,2025-09-30 00:00:00,,,,,Bank Fees,
COLORADO STRONG,Independent Expenditure Committee,200.3,2025-09-30 00:00:00,Anedot,New Orleans,LA,70112,Other,Credit Card Processing Fee
COLORADO WAY FORWARD,527 Political Organization,2.0,2025-09-30 00:00:00,,,,,Bank Fees,
COLORADO WAY FORWARD,Independent Expenditure Committee,5000.0,2025-09-30 00:00:00,5280 Development,Denver,CO,80206,Consultant & Professional Services,
COLORADO WAY FORWARD,Independent Expenditure Committee,3000.0,2025-09-30 00:00:00,Scarlett Greene,Denver,CO,80206,Consultant & Professional Services,
COLORADO WAY FORWARD,Independent Expenditure Committee,39.5,2025-09-30 00:00:00,Actblue,Sommerville,MA,02144,Bank Fees,
COLORADO WAY FORWARD,Independent Expenditure Committee,4.0,2025-09-30 00:00:00,,,,,Bank Fees,
COMMON SENSE EXCELLENCE,Independent Expenditure Committee,19.14,2025-09-30 00:00:00,1St Bank,Denver,CO,80206,Bank Fees,
FIGHTING FOR COLORADO,Independent Expenditure Committee,2000.0,2025-09-30 00:00:00,Scarlett Greene,Denver,CO,80206,Consultant & Professional Services,
FIGHTING FOR COLORADO,Independent Expenditure Committee,39.5,2025-09-30 00:00:00,Actblue,Somerville,MA,02144,Bank Fees,
FIGHTING FOR COLORADO,Independent Expenditure Committee,13.0,2025-09-30 00:00:00,,,,,Bank Fees,
JUSTICE FOR JASON,Independent Expenditure Committee,2.0,2025-09-30 00:00:00,Firstbank,Arvada,CO,80006,Bank Fees,
KEEP COLORADO COUNTIES SAFE,Independent Expenditure Committee,2.0,2025-09-30 00:00:00,First Bank,Littleton,CO,80128,Bank Fees,Bank Fee
NEW COLORADO PROMISE,Independent Expenditure Committee,5.0,2025-09-30 00:00:00,,,,,Bank Fees,Bank Fee
NEW DAY COLORADO FUND,527 Political Organization,1000.0,2025-09-30 00:00:00,Sws Polifi Llc,Fort Lupton,CO,80621,Consultant & Professional Services,
NEW DAY COLORADO FUND IEC,Independent Expenditure Committee,2.0,2025-09-30 00:00:00,First Bank,Brighton,CO,80601,Bank Fees,
PLANNED PARENTHOOD VOTES COLORADO INDEPENDENT EXPENDITURE COMMITTEE,Independent Expenditure Committee,2.0,2025-09-30 00:00:00,,,,,Bank Fees,Bank Fees
ROCKY MOUNTAIN WAY,Independent Expenditure Committee,390.0,2025-09-30 00:00:00,Ngp Van,Austin,TX,78759,Bank Fees,Credit Card Processing Fee
SENATE MAJORITY FUND,527 Political Organization,2400.0,2025-09-30 00:00:00,Zakhem Law,Denver,CO,80201,Consultant & Professional Services,Legal
STOP ANTISEMITISM COLORADO ACTION FUND,527 Political Organization,2.0,2025-09-30 00:00:00,First Bank,Lakewood,CO,80215,Bank Fees,
STRONG COLORADO IEC,Independent Expenditure Committee,4.0,2025-09-30 00:00:00,Firstbank North,Arvada,CO,80006,Bank Fees,
STUDENTS DESERVE BETTER,Independent Expenditure Committee,3.57,2025-09-30 00:00:00,,,,,Bank Fees,
STUDENTS DESERVE BETTER,Independent Expenditure Committee,18337.0,2025-09-30 00:00:00,Ampersand Strategies,Philadelphia,PA,19123,Consultant & Professional Services,Gotv Walk Lit
WE THE PARENTS,Independent Expenditure Committee,36.4,2025-09-30 00:00:00,Anedot Inc.,Atlanta,GA,30309,Bank Fees,Processing Fees
HEALTHIER COLORADO IEC,Independent Expenditure Committee,-7356.84,2024-10-01 00:00:00,C&D Printing,Denver,CO,80229,Advertising,Offset Due To Update Of Filed Item - Mailing Flyers For 6 State House Candidates.
HEALTHIER COLORADO IEC,Independent Expenditure Committee,7356.84,2024-10-01 00:00:00,C&D Printing,Denver,CO,80229,Advertising,Mailing Flyers For 6 State House Candidates.
COLORADO LABOR ACTION,Independent Expenditure Committee,55000.0,2025-10-07 00:00:00,Compete Digital,Portland,OR,97224,Consultant & Professional Services,Digital
COMMON SENSE EXCELLENCE,Independent Expenditure Committee,107000.0,2025-10-07 00:00:00,Compete Digital,Portland,OR,97224,Consultant & Professional Services,Digital
STUDENTS DESERVE BETTER,Independent Expenditure Committee,650.0,2025-10-07 00:00:00,Scarlett Greene,Denver,CO,80206,Consultant & Professional Services,
COLORADO LABOR ACTION,Independent Expenditure Committee,37407.66,2025-10-08 00:00:00,Cleansweep Campaigns,Albany,CA,94707,Consultant & Professional Services,Mail
COLORADO LABOR ACTION,Independent Expenditure Committee,37407.66,2025-10-08 00:00:00,Cleansweep Campaigns,Albany,CA,94707,Consultant & Professional Services,Mail
COMMON SENSE EXCELLENCE,Independent Expenditure Committee,650.0,2025-10-08 00:00:00,Scarlett Greene,Denver,CO,80206,Consultant & Professional Services,
HOUSING FOR COLORADO,Independent Expenditure Committee,17500.0,2025-10-08 00:00:00,Saratoga Strategies,Denver,CO,80204,Advertising,Municipal Independent Expenditure - Canvassing And Literature Distribution
HOUSING FOR COLORADO,Independent Expenditure Committee,1315.0,2025-10-08 00:00:00,Gc Harmony,Ponte Vedra Beach,FL,32082,Advertising,Municipal Independent Expenditure - Digital Advertising
HOUSING FOR COLORADO,Independent Expenditure Committee,1575.0,2025-10-08 00:00:00,Gc Harmony,Ponte Vedra Beach,FL,32082,Advertising,Municipal Independent Expenditure - Digital Advertising
HOUSING FOR COLORADO,Independent Expenditure Committee,3550.0,2025-10-08 00:00:00,Gc Harmony,Ponte Vedra Beach,FL,32082,Advertising,Municipal Independent Expenditure - Digital Advertising
HOUSING FOR COLORADO,Independent Expenditure Committee,3550.0,2025-10-08 00:00:00,Gc Harmony,Ponte Vedra Beach,FL,32082,Advertising,Municipal Independent Expenditure - Digital Advertising
COLORADO LABOR ACTION,Independent Expenditure Committee,24.02,2025-10-09 00:00:00,The 49Th Food & Spirits,Littleton,CO,80120,"Food, Beverages and Meals",
STUDENTS DESERVE BETTER,Independent Expenditure Committee,32888.6,2025-10-09 00:00:00,Mission Control,Glastonbury,CT,06033,Consultant & Professional Services,Mail
NEIGHBORS FOR A BETTER COLORADO,527 Political Organization,75000.0,2025-10-10 00:00:00,Neighbors For A Better Colorado,Denver,CO,80205,Contributions,
COLORADANS FOR ACCOUNTABLE GOVERNMENT,Independent Expenditure Committee,7511.0,2025-10-13 00:00:00,Axiom Strategies,Kansas City,MO,64112,Advertising,Direct Mail
COLORADO LEAGUE OF CHARTER SCHOOLS ACTION INDEPENDENT EXPENDITURE COMMITTEE (CLCS ACTION IEC),Independent Expenditure Committee,16426.5,2025-10-13 00:00:00,40 North Advocacy Llc,Fort Washington,PA,19034,Other,Direct Mail Services
HOUSING FOR COLORADO,Independent Expenditure Committee,1750.0,2025-10-13 00:00:00,Gc Harmony,Ponte Vedra Beach,FL,32082,Advertising,"Municipal Candidate Independent Expenditure, Direct Mail Supporting Erc Montoya For Thornton City Council"
HOUSING FOR COLORADO,Independent Expenditure Committee,3250.0,2025-10-13 00:00:00,Gc Harmony,Ponte Vedra Beach,FL,32082,Advertising,"Municipal Candidate Independent Expenditure, Direct Mail Supporting Sam Nizam For Thornton City Council"
HOUSING FOR COLORADO,Independent Expenditure Committee,2550.0,2025-10-13 00:00:00,Gc Harmony,Ponte Vedra Beach,FL,32082,Advertising,"Municipal Candidate Independent Expenditure, Direct Mail Supporting Jason Anaya-Lebeboer For Thornton City Council"
HOUSING FOR COLORADO,Independent Expenditure Committee,450.0,2025-10-13 00:00:00,Northglen-Thornton Sentinel,Englewood,CO,80110,Advertising,"Municipal Candidate Independent Expenditure, Digital Advertising Supporting Eric Montoya For Thornton City Council"
HOUSING FOR COLORADO,Independent Expenditure Committee,450.0,2025-10-13 00:00:00,Northglen-Thornton Sentinel,Englewood,CO,80110,Advertising,"Municipal Candidate Independent Expenditure, Digital Advertising Supporting Sam Nizam For Thornton City Council"
HOUSING FOR COLORADO,Independent Expenditure Committee,450.0,2025-10-13 00:00:00,Northglen-Thornton Sentinel,Englewood,CO,80110,Advertising,"Municipal Candidate Independent Expenditure, Digital Advertising Supporting Jason Anaya-Lebeboer For Thornton City Council"
STUDENTS DESERVE BETTER,Independent Expenditure Committee,25500.0,2025-10-13 00:00:00,Battleaxe Digital,Alexandria,VA,22314,Consultant & Professional Services,Digital
STUDENTS DESERVE BETTER,Independent Expenditure Committee,95000.0,2025-10-13 00:00:00,Battleaxe Digital,Alexandria,VA,22314,Consultant & Professional Services,Digital
STUDENTS DESERVE BETTER,Independent Expenditure Committee,31000.0,2025-10-13 00:00:00,Battleaxe Digital,Alexandria,VA,22314,Consultant & Professional Services,Digital
STUDENTS DESERVE BETTER,Independent Expenditure Committee,8120.0,2025-10-13 00:00:00,Battleaxe Digital,Alexandria,VA,22314,Consultant & Professional Services,Digital
STUDENTS DESERVE BETTER,Independent Expenditure Committee,29000.0,2025-10-13 00:00:00,Battleaxe Digital,Alexandria,VA,22314,Consultant & Professional Services,
STUDENTS DESERVE BETTER,Independent Expenditure Committee,13980.0,2025-10-13 00:00:00,Battleaxe Digital,Alexandria,VA,22314,Consultant & Professional Services,Digital
STUDENTS DESERVE BETTER,Independent Expenditure Committee,-29000.0,2025-10-13 00:00:00,Battleaxe Digital,Alexandria,VA,22314,Consultant & Professional Services,Offset Due To Update Of Filed Item
STUDENTS DESERVE BETTER,Independent Expenditure Committee,29000.0,2025-10-13 00:00:00,Battleaxe Digital,Alexandria,VA,22314,Consultant & Professional Services,Digital
COLORADO LABOR ACTION,Independent Expenditure Committee,5.1,2025-10-14 00:00:00,,,,,"Food, Beverages and Meals",
COMMON SENSE EXCELLENCE,Independent Expenditure Committee,2050.0,2025-10-14 00:00:00,Tierney Lawrence Stiles,Denver,CO,80203,Consultant & Professional Services,
HOUSING FOR COLORADO,Independent Expenditure Committee,1000.0,2025-10-14 00:00:00,Aurora Sentinel,Aurora,CO,80014,Advertising,"Municipal Candidate Independent Expenditure- Digital Advertising, Supporting Steve Sunberg For Aurora Council"
HOUSING FOR COLORADO,Independent Expenditure Committee,1000.0,2025-10-14 00:00:00,Aurora Sentinel,Aurora,CO,80014,Advertising,"Municipal Candidate Independent Expenditure- Digital Advertising, Supporting Marsha Berzins For Aurora Council"
HOUSING FOR COLORADO,Independent Expenditure Committee,3815.0,2025-10-14 00:00:00,Gc Harmony,Ponte Vedra Beach,FL,32082,Advertising,"Municipal Candidate Independent Expenditure, Direct Mail Supporting Marsha Berzins For Aurora City Council"
HOUSING FOR COLORADO,Independent Expenditure Committee,2382.5,2025-10-14 00:00:00,Gc Harmony,Ponte Vedra Beach,FL,32082,Advertising,"Municipal Candidate Independent Expenditure, Direct Mail Supporting Marsha Berzins For Aurora City Council"
HOUSING FOR COLORADO,Independent Expenditure Committee,4150.0,2025-10-14 00:00:00,Gc Harmony,Ponte Vedra Beach,FL,32082,Advertising,Municipal Election Independent Expenditure - Digital Advertiisng Supporting Steve Sunberg For Aurora City Council
STUDENTS DESERVE BETTER,Independent Expenditure Committee,8000.0,2025-10-14 00:00:00,Mission Control,Glastonbury,CT,06033,Consultant & Professional Services,Mail
STUDENTS DESERVE BETTER,Independent Expenditure Committee,39658.1,2025-10-14 00:00:00,Mission Control,Glastonbury,CT,06033,Consultant & Professional Services,Mail
STUDENTS DESERVE BETTER,Independent Expenditure Committee,18967.32,2025-10-14 00:00:00,Mission Control,Glastonbury,CT,06033,Consultant & Professional Services,Mail
STUDENTS DESERVE BETTER,Independent Expenditure Committee,33693.6,2025-10-14 00:00:00,Mission Control,Glastonbury,CT,06033,Consultant & Professional Services,Mail
COLORADO LEAGUE OF CHARTER SCHOOLS ACTION INDEPENDENT EXPENDITURE COMMITTEE (CLCS ACTION IEC),Independent Expenditure Committee,16426.5,2025-10-15 00:00:00,40 North Advocacy Llc,Fort Washington,PA,19034,Consultant & Professional Services,Direct Mail Services
HOUSING FOR COLORADO,Independent Expenditure Committee,17500.0,2025-10-15 00:00:00,Saratoga Strategies,Denver,CO,80204,Advertising,Door To Door Canvassing
THORNTON SAFETY FIRST,Independent Expenditure Committee,1432.19,2025-10-15 00:00:00,Corazon Printing,Broomfield,CO,80020,Advertising,Support Candidate Who Supports Public Safety
THORNTON SAFETY FIRST,Independent Expenditure Committee,3074.07,2025-10-15 00:00:00,Corazon Printing,Broomfield,CO,80020,Advertising,Support Candidate Who Supports Public Safety
THORNTON SAFETY FIRST,Independent Expenditure Committee,1628.09,2025-10-15 00:00:00,Corazon Printing,Broomfield,CO,80020,Advertising,Support Candidate Who Supports Public Safety
THORNTON SAFETY FIRST,Independent Expenditure Committee,1430.14,2025-10-15 00:00:00,Corazon Printing,Broomfield,CO,80020,Advertising,Support Candidate Who Supports Public Safety
THORNTON SAFETY FIRST,Independent Expenditure Committee,2686.61,2025-10-15 00:00:00,Corazon Printing,Broomfield,CO,80020,Advertising,Support Candidate Who Supports Public Safety
THORNTON SAFETY FIRST,Independent Expenditure Committee,1864.06,2025-10-15 00:00:00,Corazon Printing,Broomfield,CO,80020,Advertising,Support Candidate Committing To Public Safety
COLORADO FAMILIES FOR GREAT SCHOOLS,Independent Expenditure Committee,59400.0,2025-10-16 00:00:00,Go Big Media,Washington,DC,20027,Advertising,Direct Mail
COLORADO FAMILIES FOR GREAT SCHOOLS,Independent Expenditure Committee,16245.0,2025-10-16 00:00:00,Go Big Media,Washington,DC,20027,Advertising,Direct Mail
COLORADO FAMILIES FOR GREAT SCHOOLS,Independent Expenditure Committee,22500.0,2025-10-16 00:00:00,Go Big Media,Washington,DC,20027,Advertising,Digital Ads
COLORADO LEAGUE OF CHARTER SCHOOLS ACTION INDEPENDENT EXPENDITURE COMMITTEE (CLCS ACTION IEC),Independent Expenditure Committee,30300.0,2025-10-16 00:00:00,40 North Advocacy Llc,Fort Washington,PA,19034,Consultant & Professional Services,Digital Advertising Services
STUDENTS DESERVE BETTER,Independent Expenditure Committee,6449.64,2025-10-16 00:00:00,Mission Control,Glastonbury,CT,06033,Consultant & Professional Services,Mail
STUDENTS DESERVE BETTER,Independent Expenditure Committee,18890.06,2025-10-16 00:00:00,Mission Control,Glastonbury,CT,06033,Consultant & Professional Services,Mail
ALL TOGETHER COLORADO,527 Political Organization,8500.0,2024-10-20 00:00:00,Blue Mountain Strategies,Denver,CO,80207,Consultant & Professional Services,
COLORADO LABOR ACTION,Independent Expenditure Committee,626.96,2025-10-20 00:00:00,United Airlines,Chicago,IL,60606,Travel & Lodging,
COLORADO LEAGUE OF CHARTER SCHOOLS ACTION INDEPENDENT EXPENDITURE COMMITTEE (CLCS ACTION IEC),Independent Expenditure Committee,1588.14,2025-10-20 00:00:00,40 North Advocacy Llc,Fort Washington,PA,19034,Consultant & Professional Services,Text Messaging Services
FOUNDERS PAC,Independent Expenditure Committee,2.0,2025-10-20 00:00:00,First Bank,Lakewood,CO,80215,Bank Fees,Bank Fee
HOUSING FOR COLORADO,Independent Expenditure Committee,2750.0,2025-10-20 00:00:00,Gc Harmony,Ponte Vedra Beach,FL,32082,Advertising,"Municipal Candidate Independent Expenditure- Digital Advertising, Supporting Ken Cruz In Ward 3 For Lakewood Council"
HOUSING FOR COLORADO,Independent Expenditure Committee,2111.74,2025-10-20 00:00:00,Gc Harmony,Ponte Vedra Beach,FL,32082,Advertising,"Municipal Candidate Independent Expenditure- Direct Mail, Supporting Merrill Stillwell And Joel Zin For Littleton City Council And Joel Zin For Mayor"
HOUSING FOR COLORADO,Independent Expenditure Committee,2267.99,2025-10-20 00:00:00,Gc Harmony,Ponte Vedra Beach,FL,32082,Advertising,"Municipal Candidate Independent Expenditure- Direct Mail, Supporting Amanda Henderson And Joel Zin For Littleton City Council And Joel Zin For Mayor"
HOUSING FOR COLORADO,Independent Expenditure Committee,1500.0,2025-10-20 00:00:00,Gc Harmony,Ponte Vedra Beach,FL,32082,Advertising,"Municipal Candidate Independent Expenditure, Digital Advertising Supporting Jack Johnson For Westminster Council"
HOUSING FOR COLORADO,Independent Expenditure Committee,9361.36,2025-10-20 00:00:00,Gc Harmony,Ponte Vedra Beach,FL,32082,Advertising,"Municipal Candidate Independent Expenditure, Direct Mail Supporting Jack Johnson, Obi Exeadi, And Sarah Numela For Westminster City Council"
HOUSING FOR COLORADO,Independent Expenditure Committee,450.0,2025-10-20 00:00:00,Jeffco Transcript,Englewood,CO,80110,Advertising,"Municipal Candidate Independent Expenditure, Digital Advertising Supporting Ken Cruz For Lakewood City Council"
HOUSING FOR COLORADO,Independent Expenditure Committee,450.0,2025-10-20 00:00:00,Westminster Window,Englewood,CO,80110,Advertising,"Municipal Candidate Independent Expenditure, Digital Advertising Supporting Jack Johnson For Westminster City Council"
STUDENTS DESERVE BETTER,Independent Expenditure Committee,40838.48,2025-10-20 00:00:00,Mission Control,Glastonbury,CT,06033,Consultant & Professional Services,Mail
STUDENTS DESERVE BETTER,Independent Expenditure Committee,100000.0,2025-10-20 00:00:00,Battleaxe Digital,Alexandria,VA,22314,Consultant & Professional Services,Digital
STUDENTS DESERVE BETTER,Independent Expenditure Committee,37000.0,2025-10-20 00:00:00,Battleaxe Digital,Alexandria,VA,22314,Consultant & Professional Services,Digital
LOGIC ACTION,Independent Expenditure Committee,19882.84,2020-10-21 00:00:00,Mission Control,Glastonbury,CT,06033,Advertising,Direct Mail For Eva Henry For Adams County Commissioner
LOGIC ACTION,Independent Expenditure Committee,19850.84,2020-10-21 00:00:00,Mission Control,Glastonbury,CT,06033,Advertising,Direct Mail For Eva Henry For Adams County Commissioner
COLORADANS FOR ACCOUNTABLE GOVERNMENT,Independent Expenditure Committee,9138.0,2025-10-21 00:00:00,Axiom Strategies,Kansas City,MO,64112,Advertising,Direct Mail
COLORADANS FOR PROPERTY RIGHTS,Independent Expenditure Committee,5000.0,2025-10-22 00:00:00,M2 Placement Llc,Denver,CO,80231,Consultant & Professional Services,"Consulting And Strategy, Data And List Purchase, Website Development"
COLORADO LEAGUE OF CHARTER SCHOOLS ACTION INDEPENDENT EXPENDITURE COMMITTEE (CLCS ACTION IEC),Independent Expenditure Committee,16426.5,2025-10-22 00:00:00,40 North Advocacy Llc,Fort Washington,PA,19034,Consultant & Professional Services,Direct Mail Services
NEIGHBORS FOR A BETTER COLORADO,527 Political Organization,35000.0,2025-10-22 00:00:00,Neighbors For A Better Colorado,Denver,CO,80205,Contributions,
STUDENTS DESERVE BETTER,Independent Expenditure Committee,24611.76,2025-10-22 00:00:00,Mission Control,Glastonbury,CT,06033,Consultant & Professional Services,Mail
STUDENTS DESERVE BETTER,Independent Expenditure Committee,33733.3,2025-10-22 00:00:00,Mission Control,Glastonbury,CT,06033,Consultant & Professional Services,Mail
STUDENTS DESERVE BETTER,Independent Expenditure Committee,29884.6,2025-10-22 00:00:00,Mission Control,Glastonbury,CT,06033,Consultant & Professional Services,Mail
STUDENTS DESERVE BETTER,Independent Expenditure Committee,32888.6,2025-10-22 00:00:00,Mission Control,Glastonbury,CT,06033,Consultant & Professional Services,Mail
CLCS ACTION 527,527 Political Organization,2500.0,2025-10-23 00:00:00,Committee To Elect Caron4Change,Denver,CO,80230,Contributions,Contribution
CLCS ACTION 527,527 Political Organization,2500.0,2025-10-23 00:00:00,Alex Maga—A 4 Dps,Redacted By Sos,CO,99999,Contributions,Contribution
CLCS ACTION 527,527 Political Organization,2500.0,2025-10-23 00:00:00,Ousman 4 Aps,Aurora,CO,80122,Contributions,Contribution
CLCS ACTION 527,527 Political Organization,2500.0,2025-10-23 00:00:00,Tramaine Duncan For School Board,Aurora,CO,80010,Contributions,Contribution
CLCS ACTION 527,527 Political Organization,2500.0,2025-10-23 00:00:00,Elect Susan Payne,Colorado Springs,CO,80919,Contributions,Contribution
CLCS ACTION 527,527 Political Organization,500.0,2025-10-23 00:00:00,Leona Pacheco For Adams 14 Kids,Commerce City,CO,80022,Contributions,Contribution
COLORADANS FOR ACCOUNTABLE GOVERNMENT,Independent Expenditure Committee,7511.0,2025-10-23 00:00:00,Axiom Strategies,Kansas City,MO,64112,Advertising,Direct Mail
HOUSING FOR COLORADO,Independent Expenditure Committee,25000.0,2025-10-23 00:00:00,Saratoga Strategies,Denver,CO,80204,Advertising,Municipal Candidate Independent Expenditure - Canvassing And Literature Distribution
HOUSING FOR COLORADO,Independent Expenditure Committee,1794.46,2025-10-23 00:00:00,Saratoga Strategies,Denver,CO,80204,Advertising,Municipal Candidate Independent Expenditure - Direct Mail
HOUSING FOR COLORADO,Independent Expenditure Committee,2154.66,2025-10-23 00:00:00,Saratoga Strategies,Denver,CO,80204,Advertising,Municipal Candidate Independent Expenditure - Direct Mail
HOUSING FOR COLORADO,Independent Expenditure Committee,2975.57,2025-10-23 00:00:00,Saratoga Strategies,Denver,CO,80204,Advertising,Municipal Candidate Independent Expenditure - Direct Mail
HOUSING FOR COLORADO,Independent Expenditure Committee,2975.57,2025-10-23 00:00:00,Saratoga Strategies,Denver,CO,80204,Advertising,Municipal Candidate Independent Expenditure - Direct Mail
HOUSING FOR COLORADO,Independent Expenditure Committee,1906.85,2025-10-23 00:00:00,Saratoga Strategies,Denver,CO,80204,Advertising,Municipal Candidate Independent Expenditure - Direct Mail
HOUSING FOR COLORADO,Independent Expenditure Committee,1091.63,2025-10-23 00:00:00,Saratoga Strategies,Denver,CO,80204,Advertising,Municipal Candidate Independent Expenditure - Direct Mail
HOUSING FOR COLORADO,Independent Expenditure Committee,3192.13,2025-10-23 00:00:00,Saratoga Strategies,Denver,CO,80204,Advertising,Municipal Candidate Independent Expenditure - Direct Mail
HOUSING FOR COLORADO,Independent Expenditure Committee,3192.13,2025-10-23 00:00:00,Saratoga Strategies,Denver,CO,80204,Advertising,Municipal Candidate Independent Expenditure - Direct Mail
HOUSING FOR COLORADO,Independent Expenditure Committee,-3000.0,2025-10-23 00:00:00,Saratoga Strategies,Denver,CO,80204,Returned Expenditure,Correction To Reflect The Actual Amount Of The Expendiure
STUDENTS DESERVE BETTER,Independent Expenditure Committee,29845.6,2025-10-23 00:00:00,Mission Control,Glastonbury,CT,06033,Consultant & Professional Services,Mail
STUDENTS DESERVE BETTER,Independent Expenditure Committee,28800.3,2025-10-23 00:00:00,Mission Control,Glastonbury,CT,06033,Consultant & Professional Services,Mail
STUDENTS DESERVE BETTER,Independent Expenditure Committee,40799.48,2025-10-23 00:00:00,Mission Control,Glastonbury,CT,06033,Consultant & Professional Services,Mail
STUDENTS DESERVE BETTER,Independent Expenditure Committee,24611.76,2025-10-23 00:00:00,Mission Control,Glastonbury,CT,06033,Consultant & Professional Services,Mail
STUDENTS DESERVE BETTER,Independent Expenditure Committee,18959.84,2025-10-23 00:00:00,Mission Control,Glastonbury,CT,06033,Consultant & Professional Services,Mail
STUDENTS DESERVE BETTER,Independent Expenditure Committee,6527.64,2025-10-23 00:00:00,Mission Control,Glastonbury,CT,06033,Consultant & Professional Services,Mail
STUDENTS DESERVE BETTER,Independent Expenditure Committee,167.39,2025-10-23 00:00:00,Staples,Glendale,CO,80246,Office Equipment & Supplies,
STUDENTS DESERVE BETTER,Independent Expenditure Committee,16500.0,2025-10-24 00:00:00,Brightstar Strategies,Bayfield,CO,81122,Consultant & Professional Services,
STUDENTS DESERVE BETTER,Independent Expenditure Committee,5500.0,2025-10-24 00:00:00,Mission Control,Glastonbury,CT,06033,Consultant & Professional Services,
COLORADANS FOR PROPERTY RIGHTS,Independent Expenditure Committee,3980.04,2025-10-27 00:00:00,Gc Harmony Inc,Ponte Vedra Beach,FL,32082,Advertising,Municipal Independent Expenditure - Direct Mail Opposing Renee Chacon And Kristi Douglas For Commerce City Council
COLORADO FAMILIES FOR GREAT SCHOOLS,Independent Expenditure Committee,10000.0,2025-10-27 00:00:00,Go Big Media,Washington,DC,20027,Advertising,Digital Advertising
COLORADO LEAGUE OF CHARTER SCHOOLS ACTION INDEPENDENT EXPENDITURE COMMITTEE (CLCS ACTION IEC),Independent Expenditure Committee,14978.95,2025-10-27 00:00:00,40 North Advocacy Llc,Fort Washington,PA,19034,Consultant & Professional Services,Direct Mail Services
COMMON SENSE EXCELLENCE,Independent Expenditure Committee,17000.0,2025-10-28 00:00:00,Compete Digital,Portland,OR,97224,Consultant & Professional Services,Digital
HOUSING FOR COLORADO,Independent Expenditure Committee,1035.87,2025-10-28 00:00:00,American Pulse Llc,Alexandria,VA,22314,Advertising,Municipal Candidate Independent Expenditure - Text Messaging Supporting Steve Sunbreg For Aurora City Council
HOUSING FOR COLORADO,Independent Expenditure Committee,692.21,2025-10-28 00:00:00,American Pulse Llc,Alexandria,VA,22314,Advertising,Municipal Candidate Independent Expenditure - Text Messaging Supporting Marsha Berzins For Aurora City Council
HOUSING FOR COLORADO,Independent Expenditure Committee,1000.64,2025-10-28 00:00:00,American Pulse Llc,Alexandria,VA,22314,Advertising,Municipal Candidate Independent Expenditure - Text Messaging Supporting Todd Cohen For Broomfield City Council
HOUSING FOR COLORADO,Independent Expenditure Committee,928.46,2025-10-28 00:00:00,American Pulse Llc,Alexandria,VA,22314,Advertising,Municipal Candidate Independent Expenditure - Text Messaging Supporting Sean Mckenzie For Broomfield City Council
HOUSING FOR COLORADO,Independent Expenditure Committee,1226.72,2025-10-28 00:00:00,Gc Harmony,Ponte Vedra Beach,FL,32082,Advertising,Municipal Candidate Independent Expenditure Digital Advertising Supporting Sean Mckenzie For Broomfield City Council
HOUSING FOR COLORADO,Independent Expenditure Committee,1955.67,2025-10-28 00:00:00,Gc Harmony,Ponte Vedra Beach,FL,32082,Advertising,Municipal Candidate Independent Expenditure Digital Advertising Supportingguyleen Castriotta For Broomfield Mayor
HOUSING FOR COLORADO,Independent Expenditure Committee,1291.9,2025-10-28 00:00:00,Gc Harmony,Ponte Vedra Beach,FL,32082,Advertising,Municipal Candidate Independent Expenditure Digital Advertising Supporting Todd Cohen For Broomfield City Council
OUR DEMOCRACY FUND,Independent Expenditure Committee,8.0,2025-10-28 00:00:00,Firstbank,Highlands Ranch,CO,80129,Bank Fees,Bank Fee For Business Debit Cards
FOUNDERS PAC,Independent Expenditure Committee,25.0,2025-10-29 00:00:00,Squar Space,New York,NY,10014,Advertising,Web Hosting
HOUSING FOR COLORADO,Independent Expenditure Committee,7500.0,2025-10-29 00:00:00,Saratoga Strategies,Denver,CO,80204,Advertising,Municipal Candidate Independent Expenditure - Canvassing And Literature Distribution
HOUSING FOR COLORADO,Independent Expenditure Committee,529.23,2025-10-29 00:00:00,American Pulse Llc,Alexandria,VA,22314,Advertising,Municipal Candidate Independent Expenditure - Text Messaging Supporting Eric Montoya For Thornton City Council
HOUSING FOR COLORADO,Independent Expenditure Committee,814.61,2025-10-29 00:00:00,American Pulse Llc,Alexandria,VA,22314,Advertising,Municipal Candidate Independent Expenditure - Text Messaging Supporting Sam Nizam For Thornton City Council
HOUSING FOR COLORADO,Independent Expenditure Committee,717.5,2025-10-29 00:00:00,American Pulse Llc,Alexandria,VA,22314,Advertising,Municipal Candidate Independent Expenditure - Text Messaging Supporting Jason Anaya-Lebeboer For Thornton City Council
HOUSING FOR COLORADO,Independent Expenditure Committee,1882.63,2025-10-29 00:00:00,American Pulse Llc,Alexandria,VA,22314,Advertising,Municipal Candidate Independent Expenditure - Text Messaging Supporting Guyleen Castriotta For Broomfield Mayor
STUDENTS DESERVE BETTER,Independent Expenditure Committee,11700.0,2025-10-29 00:00:00,Battleaxe Digital,Alexandria,VA,22314,Consultant & Professional Services,Digital
COLORADANS FOR PROPERTY RIGHTS,Independent Expenditure Committee,2100.0,2025-10-30 00:00:00,Strategic Partners And Media Llc,Annapolis,MD,21440,Advertising,Municipal Independent Expenditure -  Text Messaging Supporting Dave Demott For Mayor Of Westminster
COLORADANS FOR PROPERTY RIGHTS,Independent Expenditure Committee,8000.0,2025-10-30 00:00:00,M2 Placement Llc,Denver,CO,80231,Advertising,Municipal Independent Expenditure - Text Messaging And Digital Advertising Supporting Joanna Sandoval For Commerce City Council
COLORADANS FOR PROPERTY RIGHTS,Independent Expenditure Committee,24250.0,2025-10-30 00:00:00,M2 Placement Llc,Denver,CO,80231,Advertising,Municipal Independent Expenditure - Text Messaging And Digital Advertising Supporting Stefanie Trujillo For Commerce City Council
COLORADANS FOR PROPERTY RIGHTS,Independent Expenditure Committee,24250.0,2025-10-30 00:00:00,M2 Placement Llc,Denver,CO,80231,Advertising,Municipal Independent Expenditure - Text Messaging And Digital Advertising Supporting Lori Young For Commerce City Council
COLORADANS FOR PROPERTY RIGHTS,Independent Expenditure Committee,6000.0,2025-10-30 00:00:00,M2 Placement Llc,Denver,CO,80231,Advertising,Municipal Independent Expenditure - Text Messaging And Digital Advertising Supporting Jose Guardiola For Commerce City Council
COLORADO LABOR ACTION,Independent Expenditure Committee,319.99,2025-10-30 00:00:00,United Airlines,Chicago,IL,60606,Travel & Lodging,
NEIGHBORS FOR A BETTER COLORADO,527 Political Organization,5000.0,2025-10-30 00:00:00,Neighbors For A Better Colorado,Denver,CO,80205,Contributions,
STOP ANTISEMITISM COLORADO ACTION FUND,527 Political Organization,2.0,2025-10-30 00:00:00,,,,,Bank Fees,
CLCS ACTION 527,527 Political Organization,2500.0,2025-10-31 00:00:00,Mariana 4 Dps,Redacted By Sos,CO,99999,Contributions,Contribution
COLORADO ADVOCATES FOR CHANGE,Independent Expenditure Committee,4.0,2025-10-31 00:00:00,1St Bank,Brighton,CO,80601,Bank Fees,
COLORADO LABOR ACTION,Independent Expenditure Committee,19.0,2025-10-31 00:00:00,,,,,Bank Fees,
COMMON SENSE EXCELLENCE,Independent Expenditure Committee,52.0,2025-10-31 00:00:00,1St Bank,Denver,CO,80206,Bank Fees,
STUDENTS DESERVE BETTER,Independent Expenditure Committee,180.0,2025-10-31 00:00:00,1St Bank,Denver,CO,80206,Bank Fees,
COLORADO FAMILIES FOR GREAT SCHOOLS,Independent Expenditure Committee,3260.76,2025-11-01 00:00:00,Go Big Media,Washington,DC,20027,Advertising,Text Messaging
COLORADO FAMILIES FOR GREAT SCHOOLS,Independent Expenditure Committee,646.14,2025-11-01 00:00:00,Go Big Media,Washington,DC,20027,Advertising,Text Messages
COLORADO LEAGUE OF CHARTER SCHOOLS ACTION INDEPENDENT EXPENDITURE COMMITTEE (CLCS ACTION IEC),Independent Expenditure Committee,1584.48,2025-11-01 00:00:00,40 North Advocacy Llc,Fort Washington,PA,19034,Consultant & Professional Services,Text Messaging Services
COLORADO LABOR ACTION,Independent Expenditure Committee,1500.0,2025-11-02 00:00:00,Scarlett Greene,Denver,CO,80206,Consultant & Professional Services,
CLCS ACTION 527,527 Political Organization,2500.0,2025-11-03 00:00:00,Anne Keke For Kids,Aurora,CO,80017,Contributions,Contribution
COMMON SENSE EXCELLENCE,Independent Expenditure Committee,1500.0,2025-11-03 00:00:00,Scarlett Greene,Denver,CO,80206,Consultant & Professional Services,
STUDENTS DESERVE BETTER,Independent Expenditure Committee,1500.0,2025-11-03 00:00:00,Scarlett Greene,Denver,CO,80206,Consultant & Professional Services,
PROGRESSIVE VOTERS GUIDE BALLOT INDEPENDENT EXPENDITURE COMMITTEE,Independent Expenditure Committee,6356.4,2024-11-04 00:00:00,Google,Mountain View,CA,94043,Advertising,Google Ad Words Supporting Progressive Candidates And Opposing Conservative Candidates.
PROGRESSIVE VOTERS GUIDE BALLOT INDEPENDENT EXPENDITURE COMMITTEE,Independent Expenditure Committee,-6356.4,2024-11-04 00:00:00,Google,Mountain View,CA,94043,Advertising,Offset Due To Deletion Of Filed Item - Google Ad Words Supporting Progressive Candidates And Opposing Conservative Candidates.
COLORADO LABOR ACTION,Independent Expenditure Committee,118.5,2025-11-04 00:00:00,Actblue,Somerville,MA,02144,Bank Fees,
CLCS ACTION 527,527 Political Organization,2500.0,2025-11-06 00:00:00,Jackson 4 Dps,Redacted By Sos,CO,99999,Contributions,Contribution
COLORADO LABOR ACTION,Independent Expenditure Committee,1125.0,2025-11-13 00:00:00,Tierney Lawrence Stiles,Denver,CO,80203,Consultant & Professional Services,
COLORADO LABOR ACTION,Independent Expenditure Committee,43.98,2025-11-14 00:00:00,Savina'S,Denver,CO,80202,"Food, Beverages and Meals",
COLORADO LABOR ACTION,Independent Expenditure Committee,6.6,2025-11-17 00:00:00,,,,,"Food, Beverages and Meals",
COLORADO LABOR ACTION,Independent Expenditure Committee,80.0,2025-11-17 00:00:00,United Airlines,Chicago,IL,60606,Travel & Lodging,
COLORADO LABOR ACTION,Independent Expenditure Committee,24.25,2025-11-17 00:00:00,Leah'S Kitchen,Kenner,LA,70062,"Food, Beverages and Meals",
COLORADO ADVOCATES FOR CHANGE,Independent Expenditure Committee,2073.58,2025-11-18 00:00:00,Colorado Parent Advocacy,Aurora,CO,80016,Other,Close Out Account To Cpan(Parent Company)
FOUNDERS PAC,Independent Expenditure Committee,2.0,2025-11-18 00:00:00,First Bank,Lakewood,CO,80215,Bank Fees,Bank Fee
COLORADO LABOR ACTION,Independent Expenditure Committee,4.0,2025-11-28 00:00:00,,,,,Bank Fees,
COMMON SENSE EXCELLENCE,Independent Expenditure Committee,37.0,2025-11-28 00:00:00,1St Bank,Denver,CO,80206,Bank Fees,
STUDENTS DESERVE BETTER,Independent Expenditure Committee,15.0,2025-11-28 00:00:00,,,,,Bank Fees,
STOP ANTISEMITISM COLORADO ACTION FUND,527 Political Organization,2.0,2025-11-30 00:00:00,,,,,Bank Fees,
FOUNDERS PAC,Independent Expenditure Committee,25.0,2025-12-01 00:00:00,Squar Space,New York,NY,10014,Advertising,Web Hosting
HOUSING FOR COLORADO,Independent Expenditure Committee,-3000.0,2025-12-01 00:00:00,Gc Harmony,Ponte Vedra Beach,FL,32082,Returned Expenditure,Adjustment Of Actual Amount Of Expense
THORNTON SAFETY FIRST,Independent Expenditure Committee,9884.84,2025-12-01 00:00:00,Thornton Professional Firefighters,Eastlake,CO,80602,Other,Returned Donation
ALL TOGETHER COLORADO,Independent Expenditure Committee,7500.0,2024-12-06 00:00:00,Ascend Digital Strategies,Washington,DC,20001,Consultant & Professional Services,
LET COLORADO VOTE ACTION,Independent Expenditure Committee,1689.5,2024-12-06 00:00:00,West Group,Denver,CO,80111,Consultant & Professional Services,Legal And Professional Services
OUR DEMOCRACY FUND,Independent Expenditure Committee,10.0,2024-12-06 00:00:00,Firstbank,Highlands Ranch,CO,80129,Bank Fees,Banking Fee To Firstbank
COLORADANS FOR ACCOUNTABLE GOVERNMENT,Independent Expenditure Committee,780.0,2024-12-09 00:00:00,Ringside Consulting Llc,Denver,CO,80212,Consultant & Professional Services,
COLORADO HEALTH FREEDOM PAC,Independent Expenditure Committee,2.0,2024-12-09 00:00:00,Firstbank,Castle Rock,CO,80104,Bank Fees,Fees For Firstbank Credit/Debit Card
FIGHTING FOR A STRONGER COLORADO,Independent Expenditure Committee,800.0,2024-12-09 00:00:00,Rita Kay Gilbert,Lakewood,CO,80227,Consultant & Professional Services,Accounting Services
NEW DAY COLORADO FUND,527 Political Organization,4179.59,2024-12-09 00:00:00,Peak Beverage,Denver,CO,80210,Other,Event
NEW DAY COLORADO FUND,527 Political Organization,194.0,2024-12-09 00:00:00,Cutter Consulting Llc,Alexandria,VA,22303,Consultant & Professional Services,
SENATE MAJORITY FUND,527 Political Organization,47.16,2024-12-09 00:00:00,Mailchimp,Atlanta,GA,30308,Advertising,Email Communications
BALANCING THE ROCKIES,Independent Expenditure Committee,120.0,2024-12-10 00:00:00,Lh Creative Consulting,Johnstown,CO,80534,Consultant & Professional Services,Digital Advertising
COLORADO HOSPITALS ACTION FUND,Independent Expenditure Committee,2500.0,2024-12-10 00:00:00,New Day Colorado Fund,Fort Lupton,CO,80621,Contributions,
COLORADO HOSPITALS ACTION FUND,Independent Expenditure Committee,2500.0,2024-12-10 00:00:00,Colorado Way Forward,Denver,CO,80206,Contributions,
COLORADO HOSPITALS ACTION FUND,Independent Expenditure Committee,2500.0,2024-12-10 00:00:00,All Together Colorado,Denver,CO,80206,Contributions,
COLORADO HOSPITALS ACTION FUND,Independent Expenditure Committee,2500.0,2024-12-10 00:00:00,Senate Majority Fund,Denver,CO,80205,Contributions,
COLORADO HOSPITALS ACTION FUND,Independent Expenditure Committee,73.89,2024-12-10 00:00:00,,,,,Bank Fees,Dec Bank Fee
COLORADO WORKING FAMILIES PARTY INDEPENDENT EXPENDITURE COMMITTEE,Independent Expenditure Committee,0.4,2024-12-10 00:00:00,Act Blue,Somerville,MA,02144,Bank Fees,
FRIENDS FOR THE FUTURE (F3),527 Political Organization,0.7,2024-12-10 00:00:00,Anedot Inc,New Orleans,LA,70112,Bank Fees,Anedot (Sielaff)
SENATE MAJORITY FUND,527 Political Organization,600.0,2024-12-10 00:00:00,"Strategic Compliance, Llc",Denver,CO,80205,Consultant & Professional Services,Compliance Consulting
BALANCING THE ROCKIES,Independent Expenditure Committee,32.0,2024-12-12 00:00:00,Usps,Johnstown,CO,80534,Other,Po Box Rental Fee
BRIGHTER COLORADO FUTURES 527,527 Political Organization,-673.15,2024-12-12 00:00:00,Representation Matters Iec,Aurora,CO,80012,Returned Expenditure,Returned Contribution
NEW COLORADO PROMISE,Independent Expenditure Committee,40.3,2024-12-12 00:00:00,Anedot,New Orleans,LA,70112,Fundraising Expenses,Merchant Fee
NEW DAY COLORADO FUND IEC,Independent Expenditure Committee,25497.35,2024-12-12 00:00:00,Victor'S Canvassing,Colorado Springs,CO,80903,Advertising,
NEW DAY COLORADO FUND IEC,Independent Expenditure Committee,30.0,2024-12-12 00:00:00,First Bank,Brighton,CO,80601,Bank Fees,
FUND FOR COLORADOíS ENERGY FUTURE,527 Political Organization,600.0,2024-12-13 00:00:00,New Day Colorado,Fort Lupton,CO,80621,Contributions,
FUND FOR COLORADOíS ENERGY FUTURE,527 Political Organization,600.0,2024-12-13 00:00:00,"Senate Majority Fund, Llc",Denver,CO,80218,Contributions,
FUND FOR COLORADOíS ENERGY FUTURE,527 Political Organization,1000.0,2024-12-13 00:00:00,Colorado Way Forward,,CO,,Contributions,
FUND FOR COLORADOíS ENERGY FUTURE,527 Political Organization,1000.0,2024-12-13 00:00:00,All Together Colorado,Denver,CO,80250,Contributions,
LET COLORADO VOTE ACTION,Independent Expenditure Committee,-42669.45,2024-12-16 00:00:00,M2 Placements,Alexandria,VA,22314,Returned Expenditure,Make Goods And Station Refunds
ALL TOGETHER COLORADO,527 Political Organization,30.0,2024-12-17 00:00:00,Alamo Plaza,Denver,CO,80202,Other,Parking
ALL TOGETHER COLORADO,527 Political Organization,47.18,2024-12-17 00:00:00,El Mirador,Northglenn,CO,80234,"Food, Beverages and Meals",
ALL TOGETHER COLORADO,527 Political Organization,53.69,2024-12-18 00:00:00,Snarfs,Denver,CO,80210,"Food, Beverages and Meals",
BALANCING THE ROCKIES,Independent Expenditure Committee,8.52,2024-12-18 00:00:00,Fiverr,New York,NY,10013,Consultant & Professional Services,Graphics
COLORADO LABOR ACTION,Independent Expenditure Committee,175.0,2024-12-18 00:00:00,Tierney Lawrence Stiles,Denver,CO,80203,Consultant & Professional Services,
LET COLORADO VOTE ACTION,Independent Expenditure Committee,35665.66,2024-12-18 00:00:00,First & Fourteenth,Colorado Springs,CO,80903,Consultant & Professional Services,Legal And Professional Services
ALL TOGETHER COLORADO,Independent Expenditure Committee,90.18,2024-12-19 00:00:00,Mickey'S Top Sirloin,Denver,CO,80221,"Food, Beverages and Meals",
CENTENNIAL HORIZON,Independent Expenditure Committee,1699.66,2024-12-20 00:00:00,Scarlett Greene,Denver,CO,80206,Consultant & Professional Services,
SENATE MAJORITY FUND,527 Political Organization,5776.46,2024-12-23 00:00:00,Westbrooke Group,Denver,CO,80206,Consultant & Professional Services,
SENATE MAJORITY FUND,527 Political Organization,10900.0,2024-12-23 00:00:00,76 Group,Denver,C0,82031,Advertising,Production
SENATE MAJORITY FUND,527 Political Organization,-10900.0,2024-12-23 00:00:00,76 Group,Denver,C0,82031,Advertising,Offset Due To Deletion Of Filed Item - Production
NEW AMERICANS VICTORY FUND,Independent Expenditure Committee,17425.0,2024-12-24 00:00:00,Open Answer,Denver,CO,80203,Consultant & Professional Services,Gotv Canvassing
STOP ANTISEMITISM COLORADO ACTION FUND,527 Political Organization,438.01,2025-12-24 00:00:00,Rkg Development,Superior,CO,80026,Consultant & Professional Services,Compliance
ALL TOGETHER COLORADO,Independent Expenditure Committee,98.75,2024-12-26 00:00:00,Actblue,Somerville,MA,02144,Bank Fees,
BALANCING THE ROCKIES,Independent Expenditure Committee,4.42,2024-12-26 00:00:00,Square,San Francisco,CA,94103,Bank Fees,Processing Fees
NEW DAY COLORADO FUND,527 Political Organization,270.6,2024-12-26 00:00:00,Anedot,New Orleans,CO,70117,Bank Fees,
RED MAJORITY COLORADO,Independent Expenditure Committee,1.0,2024-12-26 00:00:00,"Anedot, Inc",New Orleans,LA,70112,Fundraising Expenses,
ALL TOGETHER COLORADO,527 Political Organization,150.0,2024-12-27 00:00:00,Usps,Denver,CO,80210,Office Equipment & Supplies,Po Box Rental
ALL TOGETHER COLORADO,527 Political Organization,67.0,2024-12-27 00:00:00,1St Bank,Denver,CO,80222,Bank Fees,
ALL TOGETHER COLORADO,Independent Expenditure Committee,41.13,2024-12-27 00:00:00,Mailchimp,Atlanta,GA,30308,Office Equipment & Supplies,
COLORADO WAY FORWARD,527 Political Organization,2263.96,2024-12-27 00:00:00,Peak Beverage,Denver,CO,80216,Other,Event Expense
PROTECT OUR VOTE,Independent Expenditure Committee,3.95,2024-12-29 00:00:00,Actblue Technical Services,Somerville,MA,02144,Fundraising Expenses,
ALL TOGETHER COLORADO,Independent Expenditure Committee,254.35,2024-12-30 00:00:00,Meridien Hotel,Denver,CO,80202,Other,Event Expense
ALL TOGETHER COLORADO,527 Political Organization,2.0,2024-12-31 00:00:00,,,,,Bank Fees,
ALL TOGETHER COLORADO,Independent Expenditure Committee,335.75,2024-12-31 00:00:00,Actblue,Somerville,MA,02144,Bank Fees,
ALL TOGETHER COLORADO,Independent Expenditure Committee,21.0,2024-12-31 00:00:00,1St Bank,Lakewood,CO,80215,Bank Fees,
BALANCING THE ROCKIES,Independent Expenditure Committee,2.0,2024-12-31 00:00:00,Independent Financial,Greenwood Village,CO,80111,Bank Fees,Bank Fee
BLUEFLOWER ACTION,Independent Expenditure Committee,2.0,2024-12-31 00:00:00,,,,,Bank Fees,
BRIGHTER COLORADO FUTURES 527,527 Political Organization,12.0,2024-12-31 00:00:00,First Bank,Lakewood,CO,80215,Bank Fees,
CITIZENS FOR A VIBRANT WOODLAND PARK,Independent Expenditure Committee,28.19,2024-12-31 00:00:00,William  Baber,Meridian,CO,83642,Miscellaneous,
COLORADANS CREATING OPPORTUNITIES,Independent Expenditure Committee,2.0,2024-12-31 00:00:00,,,,,Bank Fees,
COLORADANS FOR COLORADO VALUES,Independent Expenditure Committee,2.0,2024-12-31 00:00:00,,,,,Bank Fees,
COLORADANS FOR HOUSING AFFORDABILITY,Independent Expenditure Committee,30.0,2024-12-31 00:00:00,First Bank,Denver,CO,80203,Bank Fees,
COLORADANS FOR HOUSING AFFORDABILITY,Independent Expenditure Committee,12.0,2024-12-31 00:00:00,First Bank,Denver,CO,80203,Bank Fees,
COLORADANS FOR PROPERTY RIGHTS,Independent Expenditure Committee,12.0,2024-12-31 00:00:00,First Bank,Denver,CO,80204,Bank Fees,
COLORADO LABOR ACTION,Independent Expenditure Committee,4.0,2024-12-31 00:00:00,,,,,Bank Fees,
COLORADO WAY FORWARD,527 Political Organization,2.0,2024-12-31 00:00:00,,,,,Bank Fees,
COLORADO WAY FORWARD,Independent Expenditure Committee,98.75,2024-12-31 00:00:00,Actblue,Sommerville,MA,02144,Bank Fees,
COLORADO WAY FORWARD,Independent Expenditure Committee,4.0,2024-12-31 00:00:00,,,,,Bank Fees,
FIGHTING FOR A STRONGER COLORADO,Independent Expenditure Committee,2150.0,2024-12-31 00:00:00,Rkg Development,Lafayette,CO,80026,Consultant & Professional Services,Compliance Consulting
FRIENDS FOR THE FUTURE (F3),527 Political Organization,0.7,2024-12-31 00:00:00,Anedot Inc,New Orleans,LA,70112,Bank Fees,Anedot (Ortman)
KEEP COLORADO COUNTIES SAFE,Independent Expenditure Committee,2.0,2024-12-31 00:00:00,First Bank,Littleton,CO,80128,Bank Fees,Bank Fee
KEEP COLORADO COUNTIES SAFE,Independent Expenditure Committee,32.0,2024-12-31 00:00:00,First Bank,Littleton,CO,80128,Bank Fees,Bank Service Fee
NEW COLORADO PROMISE,Independent Expenditure Committee,200.3,2024-12-31 00:00:00,Anedot,New Orleans,LA,70112,Fundraising Expenses,Merchant Fee
NEW COLORADO PROMISE,Independent Expenditure Committee,5.0,2024-12-31 00:00:00,,,,,Bank Fees,Bank Fee
PLANNED PARENTHOOD VOTES COLORADO INDEPENDENT EXPENDITURE COMMITTEE,Independent Expenditure Committee,2.0,2024-12-31 00:00:00,,,,,Bank Fees,Bank Fees
CENTENNIAL VALUES,Independent Expenditure Committee,250.0,2026-01-13 00:00:00,"Polestar, Inc.",Denver,CO,80202,Consultant & Professional Services,Monthly Consulting Fee
COLORADO DEMOCRACY PROJECT,Independent Expenditure Committee,250.0,2026-01-13 00:00:00,"Polestar, Inc.",Denver,CO,80202,Consultant & Professional Services,Monthly Consulting Fee
VOTERS FOR COLORADO'S FUTURE,Independent Expenditure Committee,250.0,2026-01-13 00:00:00,"Polestar, Inc.",Denver,CO,80203,Consultant & Professional Services,Monthly Consulting Fee
NEIGHBORS FOR A BETTER COLORADO,527 Political Organization,-1651.4,2026-01-24 00:00:00,Neighbors For A Better Colorado,Denver,CO,80205,Returned Expenditure,Return Of Unexpended Contribution
CENTENNIAL VALUES,Independent Expenditure Committee,250.0,2026-01-27 00:00:00,"Polestar, Inc.",Denver,CO,80202,Consultant & Professional Services,Monthly Consulting Fee
COLORADO DEMOCRACY PROJECT,Independent Expenditure Committee,250.0,2026-01-27 00:00:00,"Polestar, Inc.",Denver,CO,80202,Consultant & Professional Services,Monthly Consulting Fee
VOTERS FOR COLORADO'S FUTURE,Independent Expenditure Committee,250.0,2026-01-27 00:00:00,"Polestar, Inc.",Denver,CO,80203,Consultant & Professional Services,Monthly Consulting Fee
NEW COLORADO PROMISE,Independent Expenditure Committee,12.56,2026-01-30 00:00:00,,,,,Bank Fees,Bank Fees
SERVICIOS SIGUE ACTION FUND,Independent Expenditure Committee,75.0,2025-01-31 00:00:00,First Bank,Lakewood,CO,80226,Bank Fees,
CENTENNIAL VALUES,Independent Expenditure Committee,250.0,2026-02-13 00:00:00,"Polestar, Inc.",Denver,CO,80202,Consultant & Professional Services,Monthly Consulting Fee
COLORADO DEMOCRACY PROJECT,Independent Expenditure Committee,250.0,2026-02-13 00:00:00,"Polestar, Inc.",Denver,CO,80202,Consultant & Professional Services,Monthly Consulting Fee
VOTERS FOR COLORADO'S FUTURE,Independent Expenditure Committee,250.0,2026-02-13 00:00:00,"Polestar, Inc.",Denver,CO,80203,Consultant & Professional Services,Monthly Consulting Fee
SERVICIOS SIGUE ACTION FUND,Independent Expenditure Committee,75.0,2026-02-27 00:00:00,First Bank,Lakewood,CO,80226,Bank Fees,
SERVICIOS SIGUE ACTION FUND,Independent Expenditure Committee,75.0,2025-02-28 00:00:00,First Bank,Lakewood,CO,80226,Bank Fees,
VOTERS FOR COLORADO'S FUTURE,Independent Expenditure Committee,-750.0,2026-03-10 00:00:00,Colorado Democracy Project,Denver,CO,80202,Returned Expenditure,Returned Balance Of Contribution As A Result Of Colorado Democracy Project'S Termination
VOTERS FOR COLORADO'S FUTURE,Independent Expenditure Committee,-750.0,2026-03-10 00:00:00,Centennial Values,Denver,CO,80202,Returned Expenditure,Returned Balance Of Contribution As A Result Of Centennial Values' Termination
COLORADO'S DISTRICT ATTORNEY ASSOCIATION ACTION,Independent Expenditure Committee,232.55,2026-03-11 00:00:00,Strategic Compliance Llc,Denver,CO,80205,Consultant & Professional Services,Compliance Consulting
SERVICIOS SIGUE ACTION FUND,Independent Expenditure Committee,75.0,2025-03-31 00:00:00,First Bank,Lakewood,CO,80226,Bank Fees,
SERVICIOS SIGUE ACTION FUND,Independent Expenditure Committee,75.0,2025-04-30 00:00:00,First Bank,Lakewood,CO,80226,Bank Fees,
SERVICIOS SIGUE ACTION FUND,Independent Expenditure Committee,75.0,2025-05-30 00:00:00,First Bank,Lakewood,CO,80226,Bank Fees,
SERVICIOS SIGUE ACTION FUND,Independent Expenditure Committee,49.31,2024-05-31 00:00:00,First Bank,Lakewood,CO,80226,Bank Fees,
SERVICIOS SIGUE ACTION FUND,Independent Expenditure Committee,10.0,2024-06-12 00:00:00,First Bank,Lakewood,CO,80226,Bank Fees,
SERVICIOS SIGUE ACTION FUND,Independent Expenditure Committee,-12239.94,2024-06-19 00:00:00,Pinpoint Campaigns,Olney,MD,20832,Other,"Offset Due To Update Of Filed Item - Design, Printing, Production: Camacho'S Priorities"
SERVICIOS SIGUE ACTION FUND,Independent Expenditure Committee,-4000.0,2024-06-19 00:00:00,Pinpoint Campaigns,Olney,MD,20832,Consultant & Professional Services,"Offset Due To Update Of Filed Item - Design, Printing, And Production Of Pro Camacho Literature"
SERVICIOS SIGUE ACTION FUND,Independent Expenditure Committee,10.0,2024-06-21 00:00:00,First Bank,Lakewood,CO,80226,Bank Fees,
SERVICIOS SIGUE ACTION FUND,Independent Expenditure Committee,95.0,2024-06-28 00:00:00,First Bank,Lakewood,CO,80226,Bank Fees,
SERVICIOS SIGUE ACTION FUND,Independent Expenditure Committee,75.0,2025-06-30 00:00:00,First Bank,Lakewood,CO,80226,Bank Fees,
SERVICIOS SIGUE ACTION FUND,Independent Expenditure Committee,12239.94,2024-07-02 00:00:00,Pinpoint Campaigns,Olney,MD,20832,Other,"Design, Printing, Production: Camacho'S Priorities"
SERVICIOS SIGUE ACTION FUND,Independent Expenditure Committee,4000.0,2024-07-02 00:00:00,Pinpoint Campaigns,Olney,MD,20832,Consultant & Professional Services,"Design, Printing, And Production Of Pro Camacho Literature"
SERVICIOS SIGUE ACTION FUND,Independent Expenditure Committee,75.0,2024-07-31 00:00:00,First Bank,Lakewood,CO,80226,Bank Fees,
SERVICIOS SIGUE ACTION FUND,Independent Expenditure Committee,75.0,2025-07-31 00:00:00,First Bank,Lakewood,CO,80226,Bank Fees,
SERVICIOS SIGUE ACTION FUND,Independent Expenditure Committee,75.0,2025-08-29 00:00:00,First Bank,Lakewood,CO,80226,Bank Fees,
SERVICIOS SIGUE ACTION FUND,Independent Expenditure Committee,75.0,2024-08-30 00:00:00,First Bank,Lakewood,CO,80226,Bank Fees,
SERVICIOS SIGUE ACTION FUND,Independent Expenditure Committee,75.0,2024-09-30 00:00:00,First Bank,Lakewood,CO,80226,Bank Fees,Wire/Ach Fee
SERVICIOS SIGUE ACTION FUND,Independent Expenditure Committee,75.0,2025-09-30 00:00:00,First Bank,Lakewood,CO,80226,Bank Fees,
ALL TOGETHER COLORADO,Independent Expenditure Committee,6000.0,2025-10-01 00:00:00,Mountaintop Strategies,Thornton,CO,80229,Consultant & Professional Services,
ALL TOGETHER COLORADO,Independent Expenditure Committee,8500.0,2025-10-01 00:00:00,Blue Mountain Strategies,Denver,CO,80223,Consultant & Professional Services,
COLORADO FIRST FUND,Independent Expenditure Committee,5000.0,2025-10-01 00:00:00,Blue Mountain Strategies,Denver,CO,80207,Consultant & Professional Services,
COLORADO HEALTH FREEDOM PAC,Independent Expenditure Committee,1.9,2025-10-01 00:00:00,,,,,Bank Fees,Fees Taken Out Of Contributions That Were Donated-Anedot
COLORADO WAY FORWARD,Independent Expenditure Committee,7500.0,2025-10-01 00:00:00,Empower Strategies,Frisco,CO,80443,Consultant & Professional Services,
NEW DAY COLORADO FUND,527 Political Organization,10.3,2025-10-01 00:00:00,Anedot,New Orleans,LA,70117,Bank Fees,
NEW DAY COLORADO FUND,527 Political Organization,8253.69,2025-10-01 00:00:00,Ringside Consulting,Denver,CO,80212,Fundraising Expenses,
ALL TOGETHER COLORADO,527 Political Organization,551.25,2025-10-02 00:00:00,Ngp,Washington,DC,20005,Office Equipment & Supplies,
COLORADO FIRST ACTION,Independent Expenditure Committee,2200.0,2025-10-02 00:00:00,Robert  Hammes,Colorado Springs,CO,80908,Employee Services,Field Director Monthly Fee
COLORADO HEALTH FREEDOM PAC,Independent Expenditure Committee,0.7,2025-10-02 00:00:00,,,,,Bank Fees,Fees Taken Out Of Contributions That Were Donated-Anedot
PLANNED PARENTHOOD VOTES COLORADO INDEPENDENT EXPENDITURE COMMITTEE,Independent Expenditure Committee,7.02,2025-10-02 00:00:00,,,,,Bank Fees,Credit Card Processing Fees
COLORADO FIRST ACTION,Independent Expenditure Committee,25.0,2025-10-03 00:00:00,David  Proctor,Englewood,CO,80112,Other,Return Of Cash Used To Open Bank Account
JUSTICE FOR JASON,Independent Expenditure Committee,150.0,2025-10-03 00:00:00,Polifi Llc,Fort Lupton,CO,80621,Consultant & Professional Services,
NEW DAY COLORADO FUND,527 Political Organization,14.3,2025-10-03 00:00:00,Anedot,New Orleans,LA,70117,Bank Fees,
PLANNED PARENTHOOD VOTES COLORADO INDEPENDENT EXPENDITURE COMMITTEE,Independent Expenditure Committee,4.93,2025-10-03 00:00:00,,,,,Bank Fees,Credit Card Processing Fees
ROCKY MOUNTAIN WAY,Independent Expenditure Committee,10000.0,2025-10-03 00:00:00,Give Wise Co,Idaho Springs,CO,80452,Fundraising Expenses,Fundraising Consulting
ROCKY MOUNTAIN WAY,Independent Expenditure Committee,11.0,2025-10-03 00:00:00,Give Wise Co,Idaho Springs,CO,80452,Office Equipment & Supplies,Shipping Reimbursement
COLORADO FIRST ACTION,Independent Expenditure Committee,800.0,2025-10-05 00:00:00,Proctor Advisory Llc,Englewood,CO,80112,Employee Services,Executive Director Monthly Fee
COLORADO FIRST ACTION,Independent Expenditure Committee,800.0,2025-10-05 00:00:00,James  Ruehmann,Grand Junction,CO,81501,Employee Services,Chairman Monthly Payment
NEW DAY COLORADO FUND,527 Political Organization,4.3,2025-10-06 00:00:00,Anedot,New Orleans,LA,70117,Bank Fees,
ROCKY MOUNTAIN WAY,Independent Expenditure Committee,6500.0,2025-10-06 00:00:00,Empower Strategies Llc,Frisco,CO,80443,Consultant & Professional Services,Management Consulting
COLORADO CONSTRUCTION INDUSTRY COALITION - 527 (CCIC - 527),527 Political Organization,30.0,2025-10-07 00:00:00,Foster Graham Milstein & Calisher,Denver,CO,80209,Consultant & Professional Services,Consulting & Professional Services
COLORADO CONSTRUCTION INDUSTRY COALITION - 527 (CCIC - 527),527 Political Organization,58860.62,2025-10-07 00:00:00,76 Group,Denver,CO,80231,Consultant & Professional Services,Consulting  Professional Services
COLORADO FIRST ACTION,Independent Expenditure Committee,36.35,2025-10-07 00:00:00,Wells Fargo,Greenwood Village,CO,80112,Bank Fees,Check Books From Wells Fargo
FIGHTING FOR COLORADO,Independent Expenditure Committee,572.75,2025-10-07 00:00:00,Actblue,Somerville,MA,02144,Bank Fees,
FIGHTING FOR COLORADO,Independent Expenditure Committee,1599.75,2025-10-07 00:00:00,Actblue,Somerville,MA,02144,Bank Fees,
NEW DAY COLORADO FUND,527 Political Organization,10.3,2025-10-07 00:00:00,Anedot,New Orleans,LA,70117,Bank Fees,
COLORADO FIRST FUND,Independent Expenditure Committee,5000.0,2025-10-08 00:00:00,Rebecca Mirsky Consulting,Woody Creek,CO,81656,Consultant & Professional Services,
NEW DAY COLORADO FUND,527 Political Organization,28.6,2025-10-08 00:00:00,Anedot,New Orleans,LA,70117,Bank Fees,
ROCKY MOUNTAIN WAY,Independent Expenditure Committee,1000.0,2025-10-08 00:00:00,Campaign Operative Llc,La Quinta,CA,92253,Consultant & Professional Services,Software Services
ROCKY MOUNTAIN WAY,Independent Expenditure Committee,10000.0,2025-10-08 00:00:00,Straus/Baker Llc,Sheffield,MA,01257,Consultant & Professional Services,Fundraising Consulting
ROCKY MOUNTAIN WAY,Independent Expenditure Committee,1299.0,2025-10-08 00:00:00,Ngp Van,Austin,TX,78759,Other,Subscription
SENATE MAJORITY FUND,527 Political Organization,60.73,2025-10-08 00:00:00,Mailchimp,Atlanta,GA,30308,Advertising,Subscription Services
COLORADO HEALTH FREEDOM PAC,Independent Expenditure Committee,2.0,2025-10-09 00:00:00,Firstbank,Castle Rock,CO,80104,Bank Fees,Fees For Firstbank Credit/Debit Card
NEW DAY COLORADO FUND,527 Political Organization,234.13,2025-10-09 00:00:00,Horizon Reprographics,Denver,CO,80223,Consultant & Professional Services,
NEW DAY COLORADO FUND,527 Political Organization,25000.0,2025-10-09 00:00:00,Ringside Consulting,Denver,CO,80212,Fundraising Expenses,
SENATE MAJORITY FUND,527 Political Organization,631.97,2025-10-09 00:00:00,"Strategic Compliance, Llc",Denver,CO,80205,Consultant & Professional Services,
SENATE MAJORITY FUND,527 Political Organization,-631.97,2025-10-09 00:00:00,"Strategic Compliance, Llc",Denver,CO,80205,Consultant & Professional Services,Offset Due To Update Of Filed Item
SENATE MAJORITY FUND,527 Political Organization,631.97,2025-10-09 00:00:00,"Strategic Compliance, Llc",Denver,CO,80205,Consultant & Professional Services,Compliance Consulting
WELD STRONG,Independent Expenditure Committee,9752.0,2025-10-09 00:00:00,Axiom Strategies,Kansas City,CO,64112,Advertising,Municipal Election Expense - Direct Mail
COLORADO FIRST ACTION,Independent Expenditure Committee,1000.0,2025-10-10 00:00:00,Patriot Investment Llc (Franciscan Event Center),Parker,CO,80134,Other,"Down Payment For An Event To Be Hosted At The Franciscan Event Center. Cfa Cancelled The Event. Note The Reimbursement Check Dated 10/24 

This Was A Non-Campaign Expense."
SENATE MAJORITY FUND,527 Political Organization,6000.0,2025-10-10 00:00:00,Cole Communications,Colorado Springs,CO,80903,Consultant & Professional Services,
SENATE MAJORITY FUND,527 Political Organization,9228.27,2025-10-10 00:00:00,Westbrooke Group,Denver,CO,80206,Consultant & Professional Services,
SENATE MAJORITY FUND,527 Political Organization,60.73,2025-10-10 00:00:00,Mailchimp,Atlanta,GA,30308,Advertising,Subscription Service
SENATE MAJORITY FUND,527 Political Organization,-9228.27,2025-10-10 00:00:00,Westbrooke Group,Denver,CO,80206,Consultant & Professional Services,Offset Due To Update Of Filed Item
SENATE MAJORITY FUND,527 Political Organization,9228.27,2025-10-10 00:00:00,Westbrooke Group,Denver,CO,80206,Consultant & Professional Services,Fundraising Consulting
SENATE MAJORITY FUND,527 Political Organization,-6000.0,2025-10-10 00:00:00,Cole Communications,Colorado Springs,CO,80903,Consultant & Professional Services,Offset Due To Update Of Filed Item
SENATE MAJORITY FUND,527 Political Organization,6000.0,2025-10-10 00:00:00,Cole Communications,Colorado Springs,CO,80903,Consultant & Professional Services,Campaign Consulting
WELD STRONG,Independent Expenditure Committee,5404.0,2025-10-10 00:00:00,Axiom Strategies,Kansas City,CO,64112,Advertising,Municipal Election Expense - Direct Mail
NEW DAY COLORADO FUND,527 Political Organization,150.0,2025-10-13 00:00:00,Charity Meinhart Design,Grand Junction,CO,81506,Consultant & Professional Services,Event Invitation Printing
ROCKY MOUNTAIN WAY,Independent Expenditure Committee,5000.0,2025-10-13 00:00:00,Mba Consulting Group Inc.,Washington,DC,20003,Consultant & Professional Services,Compliance Services
CENTENNIAL VALUES,Independent Expenditure Committee,250.0,2025-10-14 00:00:00,"Polestar, Inc.",Denver,CO,80202,Consultant & Professional Services,Monthly Consulting Fee
COLORADO BEVERAGE ASSOCIATION 527,527 Political Organization,25000.0,2025-10-14 00:00:00,Colorado Opportunity Caucus,Arvada,CO,80002,Contributions,
COLORADO DEMOCRACY PROJECT,Independent Expenditure Committee,250.0,2025-10-14 00:00:00,"Polestar, Inc.",Denver,CO,80202,Consultant & Professional Services,Monthly Consulting Fee
COLORADO HOSPITALS ACTION FUND,Independent Expenditure Committee,105.37,2025-10-14 00:00:00,,,,,Bank Fees,Oct Bank Fee
NEW DAY COLORADO FUND IEC,Independent Expenditure Committee,150.0,2025-10-14 00:00:00,Charity Meinhart Design,Grand Junction,CO,81506,Consultant & Professional Services,Brown Palace Tea Invite Graphic Design
VOTERS FOR COLORADO'S FUTURE,Independent Expenditure Committee,250.0,2025-10-14 00:00:00,"Polestar, Inc.",Denver,CO,80203,Consultant & Professional Services,Monthly Consulting Fee
ALL TOGETHER COLORADO,Independent Expenditure Committee,3332.02,2025-10-15 00:00:00,Bar Amorina,Denver,CO,80206,Other,Event Expense
ALL TOGETHER COLORADO,Independent Expenditure Committee,70.0,2025-10-15 00:00:00,Clayton Hotel Parking,Denver,CO,80206,Other,Event Parking
FIGHTING FOR COLORADO,Independent Expenditure Committee,98.75,2025-10-15 00:00:00,Actblue,Somerville,MA,02144,Bank Fees,
NEW DAY COLORADO FUND,527 Political Organization,4.3,2025-10-15 00:00:00,Anedot,New Orleans,LA,70117,Bank Fees,
WELD STRONG,Independent Expenditure Committee,9752.0,2025-10-15 00:00:00,Axiom Strategies,Kansas City,CO,64112,Advertising,Municipal Election Expense - Direct Mail
WELD STRONG,Independent Expenditure Committee,5404.0,2025-10-15 00:00:00,Axiom Strategies,Kansas City,CO,64112,Advertising,Municipal Election Expense - Direct Mail
WELD STRONG,Independent Expenditure Committee,799.29,2025-10-15 00:00:00,Axiom Strategies,Kansas City,CO,64112,Advertising,Municipal Election Expense - Text Messaging
COLORADO CONSTRUCTION INDUSTRY COALITION - 527 (CCIC - 527),527 Political Organization,11947.5,2025-10-16 00:00:00,"Rechtkornfeld, P.C.",Denver,CO,80202,Consultant & Professional Services,Professional Services
COLORADO WORKING FAMILIES PARTY INDEPENDENT EXPENDITURE COMMITTEE,Independent Expenditure Committee,0.2,2025-10-16 00:00:00,Act Blue,Somerville,MA,02144,Bank Fees,Bank Fees
ROCKY MOUNTAIN WAY,Independent Expenditure Committee,16693.0,2025-10-16 00:00:00,"Golden State Strategies, Llc",Santa Monica,CA,90403,Consultant & Professional Services,Fundraising Consulting
COLORADO FIRST ACTION,Independent Expenditure Committee,40.99,2025-10-17 00:00:00,Office Depot,Parker,CO,80134,Office Equipment & Supplies,Canvassing Supplies For Parents First Dcsd Super Saturday
COLORADO STRONG,Independent Expenditure Committee,3481.05,2025-10-17 00:00:00,Breakpoint Media Llc,Alexandria,VA,22307,Consultant & Professional Services,"$2,081.05 Travelreimbursement; $1400 Production, Design And Printing Of Fundraising Materials"
MONTROSE REPUBLICAN WOMEN,527 Political Organization,295.0,2025-10-17 00:00:00,Kerri  Catlin,Montrose,CO,81403,Advertising,$225.00 For Ute Museum And $70.00 For Advertising In Mirror.  Reimbursement
NEW AMERICANS VICTORY FUND,Independent Expenditure Committee,8375.0,2025-10-17 00:00:00,Open Answer,Denver,CO,80203,Advertising,Gotv Canvassing For Municipal Elections
VOCES UNIDAS VICTORY FUND,Independent Expenditure Committee,19910.0,2025-10-18 00:00:00,Community Labor Administrative Services,Brooklyn,NY,11201,Advertising,Gotv Municipal Phone Banking
FIGHTING FOR COLORADO,Independent Expenditure Committee,4500.0,2025-10-20 00:00:00,Pe Political,Denver,CO,80250,Consultant & Professional Services,
MONTROSE REPUBLICAN WOMEN,527 Political Organization,12.75,2025-10-20 00:00:00,City Of Montrose,Montrose,CO,81402,Miscellaneous,Sales Tax
WELD STRONG,Independent Expenditure Committee,9752.0,2025-10-20 00:00:00,Axiom Strategies,Kansas City,CO,64112,Advertising,Municipal Election Expense - Direct Mail
WELD STRONG,Independent Expenditure Committee,5404.0,2025-10-20 00:00:00,Axiom Strategies,Kansas City,CO,64112,Advertising,Municipal Election Expense - Direct Mail
COLORADO FIRST ACTION,Independent Expenditure Committee,27.92,2025-10-21 00:00:00,In-N-Out,Parker,CO,80134,"Food, Beverages and Meals",Staff Lunch
COMMUNITY SOLAR ACTION FUND,Independent Expenditure Committee,2000.0,2025-10-21 00:00:00,All Together Colorado,Denver,CO,80206,Contributions,
COMMUNITY SOLAR ACTION FUND,Independent Expenditure Committee,2000.0,2025-10-21 00:00:00,Colorado Way Forward,Denver,CO,80206,Contributions,
MONTROSE REPUBLICAN WOMEN,527 Political Organization,375.0,2025-10-21 00:00:00,Hampton Inn,Montrose,CO,81401,Rent & Utilities,Rent
NEW AMERICANS VICTORY FUND,Independent Expenditure Committee,1526.83,2025-10-21 00:00:00,Corazon Printing,Broomfield,CO,80020,Advertising,Printing Of Gotv Literature
NEW DAY COLORADO FUND,527 Political Organization,20.8,2025-10-21 00:00:00,Anedot,New Orleans,LA,70117,Bank Fees,
COLORADO BEVERAGE ASSOCIATION 527,527 Political Organization,20000.0,2025-10-22 00:00:00,All Together Colorado,Denver,CO,80206,Contributions,
COLORADO FIRST ACTION,Independent Expenditure Committee,22.3,2025-10-22 00:00:00,Pho 5,Castle Pines,CO,80108,"Food, Beverages and Meals",Staff Lunch
COLORADO FIRST ACTION,Independent Expenditure Committee,324.64,2025-10-22 00:00:00,Vistaprint,Waltham,MA,02451,Other,Literature For Parents First Dcsd Initiative
RED MAJORITY COLORADO,Independent Expenditure Committee,0.5,2025-10-22 00:00:00,"Anedot, Inc",New Orleans,LA,70112,Fundraising Expenses,
FIGHTING FOR COLORADO,Independent Expenditure Committee,2073.75,2025-10-23 00:00:00,Actblue,Somerville,MA,02144,Bank Fees,
MONTROSE REPUBLICAN WOMEN,527 Political Organization,75.35,2025-10-23 00:00:00,Silver Stitch Studio,Montrose,CO,81403,Advertising,Merchandise.
NEW DAY COLORADO FUND,527 Political Organization,14.3,2025-10-23 00:00:00,Anedot,New Orleans,LA,70117,Bank Fees,
WELD STRONG,Independent Expenditure Committee,799.29,2025-10-23 00:00:00,Remington Research Group,Kansas City,CO,64112,Advertising,Municipal Election Expense - Text Messaging
COLORADO FIRST ACTION,Independent Expenditure Committee,-1000.0,2025-10-24 00:00:00,Patriot Investment Llc (Franciscan Event Center),Parker,CO,80134,Returned Expenditure,"Returned Due To The Cancellation Of The Scheduled Event
*Not A Campaign Expense"
CONSERVATION COLORADO VICTORY FUND,Independent Expenditure Committee,1800.0,2025-10-24 00:00:00,Analyst Institute Llc,Washington,DC,20011,Consultant & Professional Services,Advising Services
NEW DAY COLORADO FUND,527 Political Organization,115.59,2025-10-25 00:00:00,Wizbang Solutions Inc,Commerce City,CO,80022,Consultant & Professional Services,
ALL TOGETHER COLORADO,Independent Expenditure Committee,41.27,2025-10-27 00:00:00,Mailchimp,Atlanta,GA,30308,Office Equipment & Supplies,
COLORADO CONSTRUCTION INDUSTRY COALITION - 527 (CCIC - 527),527 Political Organization,895.0,2025-10-27 00:00:00,Jds Professional Group,Englewood,CO,80112,Consultant & Professional Services,Professional Services
FRIENDS FOR THE FUTURE (F3),527 Political Organization,0.7,2025-10-27 00:00:00,Anedot,Baton Rouge,LA,70808,Bank Fees,Anedot (Ortman)
ROCKY MOUNTAIN WAY,Independent Expenditure Committee,975.0,2025-10-27 00:00:00,Ngp Van,Austin,TX,78759,Bank Fees,Credit Card Processing Fee
WELD STRONG,Independent Expenditure Committee,1497.24,2025-10-27 00:00:00,Remington Research Group,Kansas City,CO,64112,Advertising,Municipal Election Expense - Text Messaging
ALL TOGETHER COLORADO,527 Political Organization,25.0,2025-10-28 00:00:00,Colorado Secretary Of State,Denver,CO,80290,Other,Periodic Fee
COLORADANS CREATING OPPORTUNITIES,Independent Expenditure Committee,750.0,2025-10-28 00:00:00,Irn,Denver,CO,80201,Other,Research
COLORADANS FOR COLORADO VALUES,Independent Expenditure Committee,330.0,2025-10-28 00:00:00,Scarlett Greene,Denver,CO,80206,Consultant & Professional Services,
COLORADO EDUCATION ASSOCIATION VICTORY FUND,Independent Expenditure Committee,150.0,2025-10-28 00:00:00,Scarlett Greene,Denver,CO,80206,Consultant & Professional Services,
ROCKY MOUNTAIN WAY,Independent Expenditure Committee,16093.75,2025-10-28 00:00:00,Give Wise Co,Idaho Springs,CO,80452,Fundraising Expenses,Fundraising Consulting
COLORADO ADVOCATES FOR RURAL ELECTRIFICATION (CARE) INDEPENDENT EXPENDITURE COMMITTEE,Independent Expenditure Committee,1000.0,2025-10-29 00:00:00,John  Clatworthy,Fort Collins,CO,80528,Fundraising Expenses,Auctioneer Payment
COLORADO FIRST ACTION,Independent Expenditure Committee,2426.48,2025-10-29 00:00:00,Robert  Hammes,Colorado Springs,CO,80908,Employee Services,Employment Services
COLORADO WORKING FAMILIES PARTY INDEPENDENT EXPENDITURE COMMITTEE,Independent Expenditure Committee,61.09,2025-10-29 00:00:00,Amalgamated Bank,New York,NY,10001,Bank Fees,Bank Fees
ROCKY MOUNTAIN WAY,Independent Expenditure Committee,312.92,2025-10-29 00:00:00,Amalgamated Bank,Washington,DC,20006,Bank Fees,Bank Fee
ROCKY MOUNTAIN WAY,Independent Expenditure Committee,157.0,2025-10-29 00:00:00,Amalgamated Bank,Washington,DC,20006,Bank Fees,Bank Fee
ALL TOGETHER COLORADO,Independent Expenditure Committee,29.63,2025-10-30 00:00:00,Actblue,Somerville,MA,02144,Bank Fees,
ALL TOGETHER COLORADO,527 Political Organization,6000.0,2025-10-30 00:00:00,Mountaintop Strategies,Denver,CO,80229,Consultant & Professional Services,
COLORADO FIRST ACTION,Independent Expenditure Committee,800.0,2025-10-30 00:00:00,Proctor Advisory Llc,Englewood,CO,80112,Employee Services,Payment For Executive Director Services
COLORADO FIRST ACTION,Independent Expenditure Committee,180.04,2025-10-30 00:00:00,Proctor Advisory Llc,Englewood,CO,80112,Employee Services,Reimbursement For Parents First Dcsd Services
COMMUNITY SOLAR ACTION FUND,Independent Expenditure Committee,1000.0,2025-10-30 00:00:00,Senate Majority Fund,Denver,CO,80205,Contributions,
KEEP COLORADO COUNTIES SAFE,Independent Expenditure Committee,15500.0,2025-10-30 00:00:00,Fulcrum Group Us,Denver,CO,80204,Consultant & Professional Services,Database
SERVICIOS SIGUE ACTION FUND,Independent Expenditure Committee,75.0,2024-10-31 00:00:00,First Bank,Lakewood,CO,80226,Bank Fees,
A WHOLE LOT OF PEOPLE FOR CHANGE,Independent Expenditure Committee,4.0,2025-10-31 00:00:00,First Bank Of Colorado,Lakewood,CO,80215,Bank Fees,
ALL TOGETHER COLORADO,Independent Expenditure Committee,6.0,2025-10-31 00:00:00,,,,,Bank Fees,
ALL TOGETHER COLORADO,527 Political Organization,3000.0,2025-10-31 00:00:00,Scarlett Greene,Denver,CO,80206,Consultant & Professional Services,
ALL TOGETHER COLORADO,527 Political Organization,2.0,2025-10-31 00:00:00,,,,,Bank Fees,
BLUEFLOWER ACTION,Independent Expenditure Committee,2.0,2025-10-31 00:00:00,,,,,Bank Fees,
BRIGHTER COLORADO FUTURES 527,527 Political Organization,2.0,2025-10-31 00:00:00,,,,,Bank Fees,
COLORADANS CREATING OPPORTUNITIES,Independent Expenditure Committee,500.0,2025-10-31 00:00:00,Scarlett Greene,Denver,CO,80206,Consultant & Professional Services,
COLORADANS CREATING OPPORTUNITIES,Independent Expenditure Committee,2.0,2025-10-31 00:00:00,,,,,Bank Fees,
COLORADANS FOR COLORADO VALUES,Independent Expenditure Committee,2.0,2025-10-31 00:00:00,,,,,Bank Fees,
COLORADANS FOR CONSERVATIVE LEADERSHIP,Independent Expenditure Committee,10.0,2025-10-31 00:00:00,First Bank,Denver,CO,80203,Bank Fees,
COLORADO EDUCATION ASSOCIATION VICTORY FUND,Independent Expenditure Committee,2.0,2025-10-31 00:00:00,,,,,Bank Fees,
COLORADO WAY FORWARD,527 Political Organization,3000.0,2025-10-31 00:00:00,Scarlett Greene,Denver,CO,80206,Consultant & Professional Services,
COLORADO WAY FORWARD,527 Political Organization,2.0,2025-10-31 00:00:00,,,,,Bank Fees,
COLORADO WAY FORWARD,Independent Expenditure Committee,4.0,2025-10-31 00:00:00,,,,,Bank Fees,
KEEP COLORADO COUNTIES SAFE,Independent Expenditure Committee,2.0,2025-10-31 00:00:00,First Bank,Littleton,CO,80128,Bank Fees,Bank Fee
NEW COLORADO PROMISE,Independent Expenditure Committee,5.0,2025-10-31 00:00:00,,,,,Bank Fees,Bank Fee
NEW DAY COLORADO FUND,527 Political Organization,10.3,2025-10-31 00:00:00,Anedot,New Orleans,LA,70117,Bank Fees,
PLANNED PARENTHOOD VOTES COLORADO INDEPENDENT EXPENDITURE COMMITTEE,Independent Expenditure Committee,2.0,2025-10-31 00:00:00,,,,,Bank Fees,Bank Fees
ROCKY MOUNTAIN WAY,Independent Expenditure Committee,162.5,2025-10-31 00:00:00,Ngp Van,Austin,TX,78759,Bank Fees,Credit Card Processing Fee
SERVICIOS SIGUE ACTION FUND,Independent Expenditure Committee,75.0,2025-10-31 00:00:00,First Bank,Lakewood,CO,80226,Bank Fees,
COLORADO HEALTH FREEDOM PAC,Independent Expenditure Committee,1.9,2025-11-01 00:00:00,,,,,Bank Fees,Fees Taken Out Of Contributions That Were Donated-Anedot
COLORADO WAY FORWARD,527 Political Organization,5000.0,2025-11-01 00:00:00,5280 Development,Denver,CO,80206,Consultant & Professional Services,
NEW DAY COLORADO FUND,527 Political Organization,3843.5,2025-11-01 00:00:00,The Brown Palace,Denver,CO,80202,"Food, Beverages and Meals",Event Food And Beverage
COLORADO FIRST FUND,Independent Expenditure Committee,1500.0,2025-11-02 00:00:00,Scarlett Greene,Denver,CO,80206,Consultant & Professional Services,
COLORADO HEALTH FREEDOM PAC,Independent Expenditure Committee,0.7,2025-11-02 00:00:00,,,,,Bank Fees,Fees Taken Out Of Contributions That Were Donated-Anedot
WELD STRONG,Independent Expenditure Committee,1534.14,2025-11-02 00:00:00,Remington Research Group,Kansas City,CO,64112,Advertising,Municipal Election Expense - Text Messaging
ALL TOGETHER COLORADO,527 Political Organization,8500.0,2025-11-03 00:00:00,Blue Mountain Strategies,Denver,CO,80207,Consultant & Professional Services,
COLORADO BEVERAGE ASSOCIATION 527,527 Political Organization,10000.0,2025-11-03 00:00:00,Colorado Way Forward,Denver,CO,80206,Contributions,
COLORADO BEVERAGE ASSOCIATION 527,527 Political Organization,40000.0,2025-11-03 00:00:00,Senate Majority Fund,Littleton,CO,80120,Contributions,
COLORADO BEVERAGE ASSOCIATION 527,527 Political Organization,20000.0,2025-11-03 00:00:00,New Day Colorado Fund,Fort Lupton,CO,80621,Contributions,
COLORADO FIRST FUND,Independent Expenditure Committee,5000.0,2025-11-03 00:00:00,Blue Mountain Strategies,Denver,CO,80207,Consultant & Professional Services,
COLORADO WAY FORWARD,527 Political Organization,7500.0,2025-11-03 00:00:00,Empower Strategies,Frisco,CO,80443,Consultant & Professional Services,
COLORADO WAY FORWARD,Independent Expenditure Committee,59.26,2025-11-03 00:00:00,Actblue,Sommerville,MA,02144,Bank Fees,
FIGHTING FOR COLORADO,Independent Expenditure Committee,2000.0,2025-11-03 00:00:00,Scarlett Greene,Denver,CO,80206,Consultant & Professional Services,
FIGHTING FOR COLORADO,Independent Expenditure Committee,4500.0,2025-11-03 00:00:00,Pe Political,Denver,CO,80250,Consultant & Professional Services,
NEW DAY COLORADO FUND,527 Political Organization,1000.0,2025-11-03 00:00:00,Sws Polifi Llc,Fort Lupton,CO,80621,Consultant & Professional Services,
NEW DAY COLORADO FUND,527 Political Organization,6016.9,2025-11-03 00:00:00,Ringside Consulting,Denver,CO,80212,Fundraising Expenses,
PLANNED PARENTHOOD VOTES COLORADO INDEPENDENT EXPENDITURE COMMITTEE,Independent Expenditure Committee,7.02,2025-11-03 00:00:00,,,,,Bank Fees,Credit Card Processing Fees
PLANNED PARENTHOOD VOTES COLORADO INDEPENDENT EXPENDITURE COMMITTEE,Independent Expenditure Committee,3.29,2025-11-03 00:00:00,,,,,Bank Fees,Credit Card Processing Fees
ALL TOGETHER COLORADO,Independent Expenditure Committee,132.33,2025-11-04 00:00:00,Actblue,Somerville,MA,02144,Bank Fees,
ALL TOGETHER COLORADO,527 Political Organization,551.25,2025-11-04 00:00:00,Ngp,Washington,DC,20005,Office Equipment & Supplies,
COLORADO FIRST FUND,Independent Expenditure Committee,3.95,2025-11-04 00:00:00,,,,,Bank Fees,
COLORADO WAY FORWARD,Independent Expenditure Committee,92.83,2025-11-04 00:00:00,Actblue,Sommerville,MA,02144,Bank Fees,
FIGHTING FOR COLORADO,Independent Expenditure Committee,434.5,2025-11-04 00:00:00,Actblue,Somerville,MA,02144,Bank Fees,
NEW DAY COLORADO FUND,527 Political Organization,15289.55,2025-11-04 00:00:00,Timor Strategies Llc,Lakewood,CO,80287,Consultant & Professional Services,
COLORADANS CREATING OPPORTUNITIES,Independent Expenditure Committee,67.0,2025-11-05 00:00:00,1St Bank,Lakewood,CO,80215,Bank Fees,
CONSERVATION COLORADO VICTORY FUND,Independent Expenditure Committee,-5237.0,2025-11-05 00:00:00,Blueprint Interactive,Arlington,VA,22207,Returned Expenditure,The Advertisements Were Not Run
LET COLORADO VOTE ACTION,Independent Expenditure Committee,12.0,2025-11-05 00:00:00,First Bank,Denver,CO,80231,Bank Fees,Bank Fee
ROCKY MOUNTAIN WAY,Independent Expenditure Committee,10000.0,2025-11-05 00:00:00,Straus/Baker Llc,Sheffield,MA,01257,Consultant & Professional Services,Fundraising Consulting
COLORADO WAY FORWARD,Independent Expenditure Committee,1339.12,2025-11-06 00:00:00,The Whiskey,Fort Collins,CO,80524,Other,Event Expense
ROCKY MOUNTAIN WAY,Independent Expenditure Committee,10000.0,2025-11-06 00:00:00,Straus/Baker Llc,Sheffield,MA,01257,Consultant & Professional Services,Fundraising Consulting
COLORADO CONSTRUCTION INDUSTRY COALITION - 527 (CCIC - 527),527 Political Organization,22917.77,2025-11-07 00:00:00,76 Group,Denver,CO,80231,Consultant & Professional Services,Professional And Consulting Services
COLORADO HEALTH FREEDOM PAC,Independent Expenditure Committee,2.0,2025-11-07 00:00:00,Firstbank,Castle Rock,CO,80104,Bank Fees,Fees For Firstbank Credit/Debit Card
STRONG COLORADO IEC,Independent Expenditure Committee,250.0,2025-11-07 00:00:00,Polifi Llc,Fort Lupton,CO,80621,Consultant & Professional Services,
COLORADO FIRST ACTION,Independent Expenditure Committee,600.0,2025-11-08 00:00:00,James  Ruehmann,Grand Junction,CO,81501,Employee Services,Monthly Fee For Chairman'S Services Related To The Operations Of Colorado First Action Iec
CENTENNIAL VALUES,Independent Expenditure Committee,250.0,2025-11-10 00:00:00,"Polestar, Inc.",Denver,CO,80202,Consultant & Professional Services,Monthly Consulting Fee
COLORADO DEMOCRACY PROJECT,Independent Expenditure Committee,250.0,2025-11-10 00:00:00,"Polestar, Inc.",Denver,CO,80202,Consultant & Professional Services,Monthly Consulting Fee
JUSTICE FOR JASON,Independent Expenditure Committee,150.0,2025-11-10 00:00:00,Polifi Llc,Fort Lupton,CO,80621,Consultant & Professional Services,
NEW DAY COLORADO FUND,527 Political Organization,2229.12,2025-11-10 00:00:00,Senate Majority Fund,Denver,CO,80205,"Food, Beverages and Meals",Byob Smf/Ndcf Pre-Session
ROCKY MOUNTAIN WAY,Independent Expenditure Committee,6500.0,2025-11-10 00:00:00,Empower Strategies Llc,Frisco,CO,80443,Consultant & Professional Services,Management Consulting
ROCKY MOUNTAIN WAY,Independent Expenditure Committee,1299.0,2025-11-10 00:00:00,Ngp Van,Austin,TX,78759,Other,Subscription
VOTERS FOR COLORADO'S FUTURE,Independent Expenditure Committee,250.0,2025-11-10 00:00:00,"Polestar, Inc.",Denver,CO,80203,Consultant & Professional Services,Monthly Consulting Fee
ASSURING QUALITY HEALTHCARE ACCESS FOR COLORADO,Independent Expenditure Committee,725.0,2025-11-12 00:00:00,"Rita Kay Gilbert, Pc",Lakewood,CO,80227,Miscellaneous,Professional Services For Tax Filing
COLORADO FIRST ACTION,Independent Expenditure Committee,72.21,2025-11-12 00:00:00,Robert  Hammes,Colorado Springs,CO,80908,Miscellaneous,Reimbursements
COLORADO HOSPITALS ACTION FUND,Independent Expenditure Committee,104.85,2025-11-12 00:00:00,,,,,Bank Fees,Nov Bank Fee
ROCKY MOUNTAIN WAY,Independent Expenditure Committee,487.5,2025-11-12 00:00:00,Ngp Van,Austin,TX,78759,Bank Fees,Credit Card Processing Fee
COLORADO BEVERAGE ASSOCIATION 527,527 Political Organization,3500.0,2025-11-13 00:00:00,"African Chamber Of Commerce Colorado, Usa",Aurora,CO,80015,Contributions,
COLORADO BEVERAGE ASSOCIATION 527,527 Political Organization,4750.0,2025-11-13 00:00:00,Dept Of Treasury Internal Revenue Service,Louisville,KY,40293,Other,Irs Penalty
COLORADO FIRST FUND,Independent Expenditure Committee,390.0,2025-11-13 00:00:00,Sandler Reiff,Washington,DC,20006,Consultant & Professional Services,
COLORADO STRONG,Independent Expenditure Committee,9000.0,2025-11-13 00:00:00,"America Rising, Llc",Arlington,VA,22209,Consultant & Professional Services,Research Services
FIGHTING FOR COLORADO,Independent Expenditure Committee,118.5,2025-11-13 00:00:00,Actblue,Somerville,MA,02144,Bank Fees,
ROCKY MOUNTAIN WAY,Independent Expenditure Committee,10000.0,2025-11-13 00:00:00,"Golden State Strategies, Llc",Santa Monica,CA,90403,Consultant & Professional Services,Fundraising Consulting
ROCKY MOUNTAIN WAY,Independent Expenditure Committee,10000.0,2025-11-13 00:00:00,Give Wise Co,Idaho Springs,CO,80452,Fundraising Expenses,Fundraising Consulting
ROCKY MOUNTAIN WAY,Independent Expenditure Committee,571.76,2025-11-13 00:00:00,Jill  Straus,Sheffield,MA,01257,"Food, Beverages and Meals",Meal Reimbursement
COLORADO CONSTRUCTION INDUSTRY COALITION - 527 (CCIC - 527),527 Political Organization,11805.0,2025-11-14 00:00:00,"Rechtkornfeld, P.C.",Denver,CO,80202,Consultant & Professional Services,Consulting & Professional Services
VICTORY FOR COLORADO,Independent Expenditure Committee,200.3,2025-11-14 00:00:00,Anedot,Dallas,TX,75206,Other,Merchant Processing Fees
COLORADO ADVOCATES FOR RURAL ELECTRIFICATION (CARE) INDEPENDENT EXPENDITURE COMMITTEE,Independent Expenditure Committee,1375.22,2025-11-15 00:00:00,Colorado Department Of Revenue,Denver,CO,80201,Other,Sales Tax For Silent Auction
NEW DAY COLORADO FUND,527 Political Organization,8000.0,2025-11-15 00:00:00,Campbell Killen Brittan & Ray Llc,Denver,CO,80206,Consultant & Professional Services,
SENATE MAJORITY FUND,527 Political Organization,19280.13,2025-11-16 00:00:00,Westbrooke Group,Denver,CO,80206,Consultant & Professional Services,
SENATE MAJORITY FUND,527 Political Organization,-19280.13,2025-11-16 00:00:00,Westbrooke Group,Denver,CO,80206,Consultant & Professional Services,Offset Due To Update Of Filed Item
SENATE MAJORITY FUND,527 Political Organization,19280.13,2025-11-16 00:00:00,Westbrooke Group,Denver,CO,80206,Consultant & Professional Services,Fundraising Consulting
ALL TOGETHER COLORADO,527 Political Organization,151.69,2025-11-17 00:00:00,Deluxe,Shoreview,MN,55126,Office Equipment & Supplies,
KEEP COLORADO COUNTIES SAFE,Independent Expenditure Committee,725.0,2025-11-17 00:00:00,Rt Tax & Accounting,Centennial,CO,80112,Consultant & Professional Services,Tax Consultant
ROCKY MOUNTAIN WAY,Independent Expenditure Committee,5000.0,2025-11-17 00:00:00,Mba Consulting Group Inc.,Washington,DC,20003,Consultant & Professional Services,Compliance Services
SENATE MAJORITY FUND,527 Political Organization,6000.0,2025-11-17 00:00:00,Cole Communications,Colorado Springs,CO,80903,Consultant & Professional Services,
SENATE MAJORITY FUND,527 Political Organization,631.97,2025-11-17 00:00:00,"Strategic Compliance, Llc",Denver,CO,80205,Consultant & Professional Services,
SENATE MAJORITY FUND,527 Political Organization,-631.97,2025-11-17 00:00:00,"Strategic Compliance, Llc",Denver,CO,80205,Consultant & Professional Services,Offset Due To Update Of Filed Item
SENATE MAJORITY FUND,527 Political Organization,631.97,2025-11-17 00:00:00,"Strategic Compliance, Llc",Denver,CO,80205,Consultant & Professional Services,Compliance Consulting
SENATE MAJORITY FUND,527 Political Organization,-6000.0,2025-11-17 00:00:00,Cole Communications,Colorado Springs,CO,80903,Consultant & Professional Services,Offset Due To Update Of Filed Item
SENATE MAJORITY FUND,527 Political Organization,6000.0,2025-11-17 00:00:00,Cole Communications,Colorado Springs,CO,80903,Consultant & Professional Services,Campaign Consulting
VICTORY FOR COLORADO,Independent Expenditure Committee,146.15,2025-11-17 00:00:00,Anedot,Dallas,TX,75206,Other,Merchant Processing Fees
COLORADO FIRST ACTION,Independent Expenditure Committee,79.29,2025-11-18 00:00:00,Proctor Advisory Llc,Englewood,CO,80112,Other,Reimbursements
NEW AMERICANS VICTORY FUND,Independent Expenditure Committee,25125.0,2025-11-19 00:00:00,Open Answer,Denver,CO,80203,Advertising,Gotv Canvassing
COLORADO WORKING FAMILIES PARTY INDEPENDENT EXPENDITURE COMMITTEE,Independent Expenditure Committee,0.2,2025-11-20 00:00:00,Act Blue,Somerville,MA,02144,Bank Fees,Bank Fees
ROCKY MOUNTAIN WAY,Independent Expenditure Committee,1690.0,2025-11-20 00:00:00,"Sandler Reiff Lamb & Birkenstock, P.C.",Washington,DC,20006,Consultant & Professional Services,Legal Fees
ROCKY MOUNTAIN WAY,Independent Expenditure Committee,37.5,2025-11-22 00:00:00,"Numero, Inc.",Costa Mesa,CA,92626,Bank Fees,Credit Card Fees
ROCKY MOUNTAIN WAY,Independent Expenditure Committee,187.54,2025-11-24 00:00:00,"Numero, Inc.",Costa Mesa,CA,92626,Bank Fees,Credit Card Fees
COLORADO HOSPITALS ACTION FUND,Independent Expenditure Committee,155.71,2025-11-25 00:00:00,,,,,Office Equipment & Supplies,"Bank Supplies, Checks"
MONTROSE REPUBLICAN WOMEN,527 Political Organization,69.7,2025-11-25 00:00:00,Silver Stitch Studio,Montrose,CO,81403,Advertising,Advertising
PHARMACEUTICAL RESEARCH AND MANUFACTURERS OF AMERICA COLORADO ACTION FUND (PHRMA COLORADO ACTION FUN,527 Political Organization,15000.0,2025-11-25 00:00:00,Senate Majority Fund,Denver,CO,80205,Contributions,Contribution
RED MAJORITY COLORADO,Independent Expenditure Committee,0.5,2025-11-25 00:00:00,"Anedot, Inc",New Orleans,LA,70112,Fundraising Expenses,
COLORADO WORKING FAMILIES PARTY INDEPENDENT EXPENDITURE COMMITTEE,Independent Expenditure Committee,60.99,2025-11-26 00:00:00,Amalgamated Bank,New York,NY,10001,Bank Fees,Bank Fees
FIGHTING FOR COLORADO,Independent Expenditure Committee,987.5,2025-11-26 00:00:00,Actblue,Somerville,MA,02144,Bank Fees,
ROCKY MOUNTAIN WAY,Independent Expenditure Committee,197.0,2025-11-26 00:00:00,Amalgamated Bank,Washington,DC,20006,Bank Fees,Bank Fee
ROCKY MOUNTAIN WAY,Independent Expenditure Committee,125.5,2025-11-26 00:00:00,Amalgamated Bank,Washington,DC,20006,Bank Fees,Bank Fee
A WHOLE LOT OF PEOPLE FOR CHANGE,Independent Expenditure Committee,4.0,2025-11-28 00:00:00,First Bank Of Colorado,Lakewood,CO,80215,Bank Fees,
ALL TOGETHER COLORADO,Independent Expenditure Committee,41.27,2025-11-28 00:00:00,Mailchimp,Atlanta,GA,30308,Office Equipment & Supplies,
ALL TOGETHER COLORADO,Independent Expenditure Committee,6.0,2025-11-28 00:00:00,,,,,Bank Fees,
ALL TOGETHER COLORADO,527 Political Organization,2.0,2025-11-28 00:00:00,,,,,Bank Fees,
BLUEFLOWER ACTION,Independent Expenditure Committee,2.0,2025-11-28 00:00:00,,,,,Bank Fees,
BRIGHTER COLORADO FUTURES 527,527 Political Organization,12.0,2025-11-28 00:00:00,,,,,Bank Fees,
COLORADANS CREATING OPPORTUNITIES,Independent Expenditure Committee,2.0,2025-11-28 00:00:00,,,,,Bank Fees,
COLORADANS FOR COLORADO VALUES,Independent Expenditure Committee,2.0,2025-11-28 00:00:00,,,,,Bank Fees,
COLORADO EDUCATION ASSOCIATION VICTORY FUND,Independent Expenditure Committee,2.0,2025-11-28 00:00:00,,,,,Bank Fees,
COLORADO WAY FORWARD,527 Political Organization,2.0,2025-11-28 00:00:00,,,,,Bank Fees,
COLORADO WAY FORWARD,Independent Expenditure Committee,4.0,2025-11-28 00:00:00,,,,,Bank Fees,
KEEP COLORADO COUNTIES SAFE,Independent Expenditure Committee,2.0,2025-11-28 00:00:00,First Bank,Littleton,CO,80128,Bank Fees,Bank Fee
NEW COLORADO PROMISE,Independent Expenditure Committee,5.0,2025-11-28 00:00:00,,,,,Bank Fees,Bank Fee
PLANNED PARENTHOOD VOTES COLORADO INDEPENDENT EXPENDITURE COMMITTEE,Independent Expenditure Committee,2.0,2025-11-28 00:00:00,,,,,Bank Fees,Bank Fees
SERVICIOS SIGUE ACTION FUND,Independent Expenditure Committee,75.0,2025-11-28 00:00:00,First Bank,Lakewood,CO,80226,Bank Fees,
SERVICIOS SIGUE ACTION FUND,Independent Expenditure Committee,75.0,2024-11-29 00:00:00,First Bank,Lakewood,CO,80226,Bank Fees,
ALL TOGETHER COLORADO,527 Political Organization,3000.0,2025-11-29 00:00:00,Scarlett Greene,Denver,CO,80206,Consultant & Professional Services,
COLORADANS CREATING OPPORTUNITIES,Independent Expenditure Committee,500.0,2025-11-29 00:00:00,Scarlett Greene,Dener,CO,80206,Consultant & Professional Services,
COLORADO WAY FORWARD,527 Political Organization,3000.0,2025-11-29 00:00:00,Scarlett Greene,Denver,CO,80206,Consultant & Professional Services,
COLORADANS FOR CONSERVATIVE LEADERSHIP,Independent Expenditure Committee,10.0,2025-11-30 00:00:00,First Bank,Denver,CO,80203,Bank Fees,
ALL TOGETHER COLORADO,527 Political Organization,6000.0,2025-12-01 00:00:00,Mountaintop Strategies,Denver,CO,80229,Consultant & Professional Services,
COLORADO HEALTH FREEDOM PAC,Independent Expenditure Committee,1.9,2025-12-01 00:00:00,,,,,Bank Fees,Fees Taken Out Of Contributions That Were Donated-Anedot
COLORADO WAY FORWARD,527 Political Organization,5000.0,2025-12-01 00:00:00,5280 Development,Denver,CO,80206,Consultant & Professional Services,
LET COLORADO VOTE ACTION,Independent Expenditure Committee,12.0,2025-12-01 00:00:00,First Bank,Denver,CO,80231,Bank Fees,Bank Fee
NEW DAY COLORADO FUND,527 Political Organization,10337.7,2025-12-01 00:00:00,Ringside Consulting,Denver,CO,80212,Fundraising Expenses,
ALL TOGETHER COLORADO,Independent Expenditure Committee,98.75,2025-12-02 00:00:00,Actblue,Somerville,MA,02144,Bank Fees,
COLORADO HEALTH FREEDOM PAC,Independent Expenditure Committee,0.7,2025-12-02 00:00:00,,,,,Bank Fees,Fees Taken Out Of Contributions That Were Donated-Anedot
COLORADO WAY FORWARD,Independent Expenditure Committee,7500.0,2025-12-02 00:00:00,Empower Strategies,Frisco,CO,80443,Consultant & Professional Services,
FIGHTING FOR COLORADO,Independent Expenditure Committee,454.25,2025-12-02 00:00:00,Actblue,Somerville,MA,02144,Bank Fees,
JUSTICE FOR JASON,Independent Expenditure Committee,150.0,2025-12-02 00:00:00,Polifi Llc,Fort Lupton,CO,80621,Consultant & Professional Services,
NEW DAY COLORADO FUND,527 Political Organization,1000.0,2025-12-02 00:00:00,Sws Polifi Llc,Fort Lupton,CO,80621,Consultant & Professional Services,
PLANNED PARENTHOOD VOTES COLORADO INDEPENDENT EXPENDITURE COMMITTEE,Independent Expenditure Committee,7.02,2025-12-02 00:00:00,,,,,Bank Fees,Credit Card Processing Fees
COLORADO CAMPAIGN FOR JOBS AND OPPORTUNITY,Independent Expenditure Committee,1000.0,2025-12-03 00:00:00,Bulldog Compliance,Beverly,MA,01915,Consultant & Professional Services,Compliance Consulting
COLORADO HOSPITALS ACTION FUND,Independent Expenditure Committee,15000.0,2025-12-03 00:00:00,Senate Majority Fund,Denver,CO,80205,Contributions,
COLORADO HOSPITALS ACTION FUND,Independent Expenditure Committee,20000.0,2025-12-03 00:00:00,Colorado Way Forward,Denver,CO,80206,Contributions,
COLORADO HOSPITALS ACTION FUND,Independent Expenditure Committee,20000.0,2025-12-03 00:00:00,All Together Colorado,Denver,CO,80206,Contributions,
COLORADO HOSPITALS ACTION FUND,Independent Expenditure Committee,15000.0,2025-12-03 00:00:00,New Day Colorado Fund,Fort Lupton,CO,80621,Contributions,
NEW DAY COLORADO FUND,527 Political Organization,600.3,2025-12-03 00:00:00,Anedot,New Orleans,LA,70117,Bank Fees,
PLANNED PARENTHOOD VOTES COLORADO INDEPENDENT EXPENDITURE COMMITTEE,Independent Expenditure Committee,3.29,2025-12-03 00:00:00,,,,,Bank Fees,Credit Card Processing Fees
SENATE MAJORITY FUND,527 Political Organization,631.97,2025-12-03 00:00:00,"Strategic Compliance, Llc",Denver,CO,80205,Consultant & Professional Services,
SENATE MAJORITY FUND,527 Political Organization,13065.07,2025-12-03 00:00:00,Westbrooke Group,Denver,CO,80206,Consultant & Professional Services,
SENATE MAJORITY FUND,527 Political Organization,84.0,2025-12-03 00:00:00,X.Com,San Francisco,CA,94103,Advertising,Twitter Subscription
SENATE MAJORITY FUND,527 Political Organization,-13065.07,2025-12-03 00:00:00,Westbrooke Group,Denver,CO,80206,Consultant & Professional Services,Offset Due To Update Of Filed Item
SENATE MAJORITY FUND,527 Political Organization,13065.07,2025-12-03 00:00:00,Westbrooke Group,Denver,CO,80206,Consultant & Professional Services,Fundraising Consulting
SENATE MAJORITY FUND,527 Political Organization,-631.97,2025-12-03 00:00:00,"Strategic Compliance, Llc",Denver,CO,80205,Consultant & Professional Services,Offset Due To Update Of Filed Item
SENATE MAJORITY FUND,527 Political Organization,631.97,2025-12-03 00:00:00,"Strategic Compliance, Llc",Denver,CO,80205,Consultant & Professional Services,Compliance Consulting
ALL TOGETHER COLORADO,Independent Expenditure Committee,8500.0,2025-12-04 00:00:00,Blue Mountain Strategies,Denver,CO,80223,Consultant & Professional Services,
COLORADO FIRST FUND,Independent Expenditure Committee,1500.0,2025-12-04 00:00:00,Scarlett Greene,Denver,CO,80206,Consultant & Professional Services,
COLORADO FIRST FUND,Independent Expenditure Committee,5000.0,2025-12-04 00:00:00,Blue Mountain Strategies,Denver,CO,80207,Consultant & Professional Services,
VICTORY FOR COLORADO,Independent Expenditure Committee,84.73,2025-12-04 00:00:00,Anedot,Dallas,TX,75206,Other,Merchant Processing Fees
BRIGHTER COLORADO FUTURES 527,527 Political Organization,3600.0,2025-12-07 00:00:00,Rkg Development,Superior,CO,80027,Consultant & Professional Services,Compliance
COLORADO CONSTRUCTION INDUSTRY COALITION - 527 (CCIC - 527),527 Political Organization,22500.0,2025-12-08 00:00:00,76 Group,Denver,CO,80231,Consultant & Professional Services,Professional Services
COLORADO CONSTRUCTION INDUSTRY COALITION - 527 (CCIC - 527),527 Political Organization,661.0,2025-12-08 00:00:00,76 Group,Denver,CO,80231,Consultant & Professional Services,Professional Services
COLORADO FIRST ACTION,Independent Expenditure Committee,36.0,2025-12-08 00:00:00,"Squarespace, Inc",New York,NY,10014,Advertising,Monthly Payment For Website Hosting
COLORADO HEALTH FREEDOM PAC,Independent Expenditure Committee,2.0,2025-12-08 00:00:00,Firstbank,Castle Rock,CO,80104,Bank Fees,Fees For Firstbank Credit/Debit Card
FIGHTING FOR COLORADO,Independent Expenditure Committee,2000.0,2025-12-08 00:00:00,Scarlett Greene,Denver,CO,80206,Consultant & Professional Services,
ROCKY MOUNTAIN WAY,Independent Expenditure Committee,6500.0,2025-12-08 00:00:00,Empower Strategies Llc,Frisco,CO,80443,Consultant & Professional Services,Management Consulting
ROCKY MOUNTAIN WAY,Independent Expenditure Committee,1299.0,2025-12-08 00:00:00,Ngp Van,Austin,TX,78759,Other,Subscription
SENATE MAJORITY FUND,527 Political Organization,60.73,2025-12-08 00:00:00,Mailchimp,Atlanta,GA,30308,Advertising,Subscription Service
NEW DAY COLORADO FUND,527 Political Organization,7608.29,2025-12-09 00:00:00,Timor Strategies Llc,Lakewood,CO,80287,Consultant & Professional Services,
VICTORY FOR COLORADO,Independent Expenditure Committee,169.15,2025-12-09 00:00:00,Anedot,Dallas,TX,75206,Other,Merchant Processing Fees
ROCKY MOUNTAIN WAY,Independent Expenditure Committee,10000.0,2025-12-10 00:00:00,"Golden State Strategies, Llc",Santa Monica,CA,90403,Consultant & Professional Services,Fundraising Consulting
ROCKY MOUNTAIN WAY,Independent Expenditure Committee,10000.0,2025-12-10 00:00:00,Give Wise Co,Idaho Springs,CO,80452,Fundraising Expenses,Fundraising Consulting
ALL TOGETHER COLORADO,Independent Expenditure Committee,68.8,2025-12-11 00:00:00,D'Corazon,Denver,CO,80202,"Food, Beverages and Meals",
COLORADO FIRST ACTION,Independent Expenditure Committee,20.0,2025-12-11 00:00:00,"Squarespace, Inc",New York,NY,10014,Advertising,Recurring Payment For Website Services
COLORADO HOSPITALS ACTION FUND,Independent Expenditure Committee,104.26,2025-12-11 00:00:00,,,,,Bank Fees,Dec Bank Fee
NEW DAY COLORADO FUND,527 Political Organization,40.3,2025-12-11 00:00:00,Anedot,New Orleans,LA,70117,Bank Fees,
COLORADO FIRST ACTION,Independent Expenditure Committee,450.0,2025-12-12 00:00:00,James  Ruehmann,Grand Junction,CO,81501,Consultant & Professional Services,Monthly Fee For Chairman'S Services.
COLORADO FIRST ACTION,Independent Expenditure Committee,450.0,2025-12-12 00:00:00,Proctor Advisory Llc,Englewood,CO,80112,Consultant & Professional Services,Monthly Payment.
NEW DAY COLORADO FUND,527 Political Organization,100.8,2025-12-12 00:00:00,Anedot,New Orleans,CO,70117,Bank Fees,
VICTORY FOR COLORADO,Independent Expenditure Committee,50.6,2025-12-12 00:00:00,Anedot,Dallas,TX,75206,Other,Merchant Processing Fees
VICTORY FOR COLORADO,Independent Expenditure Committee,4000.0,2025-12-12 00:00:00,Conversion Creative Inc.,Charleston,SC,29416,Consultant & Professional Services,Website Development
VICTORY FOR COLORADO,Independent Expenditure Committee,1000.0,2025-12-12 00:00:00,Conversion Creative Inc.,Charleston,SC,29416,Consultant & Professional Services,Design Services
ALL TOGETHER COLORADO,Independent Expenditure Committee,2438.09,2025-12-15 00:00:00,Peak Beverage,Denver,CO,80216,Other,Event Expense
COLORADO WAY FORWARD,Independent Expenditure Committee,2438.11,2025-12-15 00:00:00,Peak Beverage,Denver,CO,80216,Other,Event Expense
ROCKY MOUNTAIN WAY,Independent Expenditure Committee,187.5,2025-12-15 00:00:00,"Numero, Inc.",Costa Mesa,CA,92626,Bank Fees,Credit Card Fees
ROCKY MOUNTAIN WAY,Independent Expenditure Committee,5000.0,2025-12-15 00:00:00,Mba Consulting Group Inc.,Washington,DC,20003,Consultant & Professional Services,Compliance Services
ROCKY MOUNTAIN WAY,Independent Expenditure Committee,10000.0,2025-12-17 00:00:00,Straus/Baker Llc,Sheffield,MA,01257,Consultant & Professional Services,Fundraising Consulting
ALL TOGETHER COLORADO,Independent Expenditure Committee,790.0,2025-12-18 00:00:00,Actblue,Somerville,MA,02144,Bank Fees,
COLORADO FIRST FUND,Independent Expenditure Committee,79.0,2025-12-18 00:00:00,Actblue,Somerville,MA,02144,Bank Fees,
COLORADO WAY FORWARD,Independent Expenditure Committee,790.0,2025-12-18 00:00:00,Actblue,Sommerville,MA,02144,Bank Fees,
FIGHTING FOR COLORADO,Independent Expenditure Committee,197.5,2025-12-18 00:00:00,Actblue,Somerville,MA,02144,Bank Fees,
ALL TOGETHER COLORADO,Independent Expenditure Committee,1000.0,2025-12-19 00:00:00,The Ranch Country Club,Westminster,CO,80234,Other,Event Expense
ALL TOGETHER COLORADO,527 Political Organization,166.0,2025-12-19 00:00:00,Usps,Denver,CO,80210,Office Equipment & Supplies,
NEW DAY COLORADO FUND,527 Political Organization,8.8,2025-12-20 00:00:00,Anedot,New Orleans,LA,70117,Bank Fees,
PHARMACEUTICAL RESEARCH AND MANUFACTURERS OF AMERICA COLORADO ACTION FUND (PHRMA COLORADO ACTION FUN,527 Political Organization,1000.0,2025-12-22 00:00:00,Senate Majority Fund,Denver,CO,80205,Contributions,Contribution
ROCKY MOUNTAIN WAY,Independent Expenditure Committee,1893.75,2025-12-22 00:00:00,"Numero, Inc.",Costa Mesa,CA,92626,Bank Fees,Credit Card Fees
ALL TOGETHER COLORADO,Independent Expenditure Committee,138.25,2025-12-23 00:00:00,Actblue,Somerville,MA,02144,Bank Fees,
COLORADO FIRST FUND,Independent Expenditure Committee,98.75,2025-12-23 00:00:00,Actblue,Somerville,MA,02144,Bank Fees,
FIGHTING FOR COLORADO,Independent Expenditure Committee,197.5,2025-12-23 00:00:00,Actblue,Somerville,MA,02144,Bank Fees,
RED MAJORITY COLORADO,Independent Expenditure Committee,0.5,2025-12-23 00:00:00,"Anedot, Inc",New Orleans,LA,70112,Fundraising Expenses,
ROCKY MOUNTAIN WAY,Independent Expenditure Committee,162.5,2025-12-23 00:00:00,Ngp Van,Austin,TX,78759,Bank Fees,Credit Card Processing Fee
NEW DAY COLORADO FUND,527 Political Organization,250.0,2025-12-24 00:00:00,Arena Mail & Digital,Salt Lake City,UT,84106,Advertising,
ROCKY MOUNTAIN WAY,Independent Expenditure Committee,2000.0,2025-12-24 00:00:00,Campaign Operative Llc,La Quinta,CA,92253,Consultant & Professional Services,Software Services
ALL TOGETHER COLORADO,Independent Expenditure Committee,41.27,2025-12-29 00:00:00,Mailchimp,Atlanta,GA,30308,Office Equipment & Supplies,
COLORADO CONSTRUCTION INDUSTRY COALITION - 527 (CCIC - 527),527 Political Organization,300000.0,2025-12-29 00:00:00,Restore Our Roads,Denver,CO,80231,Consultant & Professional Services,
COLORADO FIRST ACTION,Independent Expenditure Committee,50.0,2025-12-29 00:00:00,Colorado Secretary Of State,Denver,CO,80290,Other,Late Filing Penalty
COLORADO FIRST FUND,Independent Expenditure Committee,19.75,2025-12-29 00:00:00,,,,,Bank Fees,
COLORADO WAY FORWARD,527 Political Organization,67.0,2025-12-29 00:00:00,1St Bank,Denver,CO,80206,Bank Fees,
COLORADO WAY FORWARD,Independent Expenditure Committee,5000.0,2025-12-29 00:00:00,5280 Development,Denver,CO,80206,Consultant & Professional Services,
COLORADO WAY FORWARD,Independent Expenditure Committee,138.25,2025-12-29 00:00:00,Actblue,Sommerville,MA,02144,Bank Fees,
ROCKY MOUNTAIN WAY,Independent Expenditure Committee,468.75,2025-12-29 00:00:00,"Numero, Inc.",Costa Mesa,CA,92626,Bank Fees,Credit Card Fees
ROCKY MOUNTAIN WAY,Independent Expenditure Committee,926.33,2025-12-29 00:00:00,Oath,New York,NY,10001,Bank Fees,Credit Card Processing Fees
SENATE MAJORITY FUND,527 Political Organization,6000.0,2025-12-29 00:00:00,Cole Communications,Colorado Springs,CO,80903,Consultant & Professional Services,
SENATE MAJORITY FUND,527 Political Organization,-6000.0,2025-12-29 00:00:00,Cole Communications,Colorado Springs,CO,80903,Consultant & Professional Services,Offset Due To Update Of Filed Item
SENATE MAJORITY FUND,527 Political Organization,6000.0,2025-12-29 00:00:00,Cole Communications,Colorado Springs,CO,80903,Consultant & Professional Services,Campaign Consulting
COLORADO WORKING FAMILIES PARTY INDEPENDENT EXPENDITURE COMMITTEE,Independent Expenditure Committee,61.1,2025-12-30 00:00:00,Amalgamated Bank,New York,NY,10001,Bank Fees,Bank Fees
ROCKY MOUNTAIN WAY,Independent Expenditure Committee,130.25,2025-12-30 00:00:00,Amalgamated Bank,Washington,DC,20006,Bank Fees,Bank Fee
ROCKY MOUNTAIN WAY,Independent Expenditure Committee,131.25,2025-12-30 00:00:00,Amalgamated Bank,Washington,DC,20006,Bank Fees,Bank Fee
ROCKY MOUNTAIN WAY,Independent Expenditure Committee,947.5,2025-12-30 00:00:00,Agency,Des Moines,IA,50309,Office Equipment & Supplies,Direct Mail
SERVICIOS SIGUE ACTION FUND,Independent Expenditure Committee,75.0,2024-12-31 00:00:00,First Bank,Lakewood,CO,80226,Bank Fees,
A WHOLE LOT OF PEOPLE FOR CHANGE,Independent Expenditure Committee,4.0,2025-12-31 00:00:00,First Bank Of Colorado,Lakewood,CO,80215,Bank Fees,
ALL TOGETHER COLORADO,Independent Expenditure Committee,16.0,2025-12-31 00:00:00,,,,,Bank Fees,
ALL TOGETHER COLORADO,527 Political Organization,3000.0,2025-12-31 00:00:00,Scarlett Greene,Denver,CO,80206,Consultant & Professional Services,
ALL TOGETHER COLORADO,527 Political Organization,2.0,2025-12-31 00:00:00,,,,,Bank Fees,
BLUEFLOWER ACTION,Independent Expenditure Committee,2.0,2025-12-31 00:00:00,,,,,Bank Fees,
BRIGHTER COLORADO FUTURES 527,527 Political Organization,2.0,2025-12-31 00:00:00,,,,,Bank Fees,
COLORADANS CREATING OPPORTUNITIES,Independent Expenditure Committee,2.0,2025-12-31 00:00:00,,,,,Bank Fees,
COLORADANS FOR COLORADO VALUES,Independent Expenditure Committee,2.0,2025-12-31 00:00:00,,,,,Bank Fees,
COLORADANS FOR CONSERVATIVE LEADERSHIP,Independent Expenditure Committee,10.0,2025-12-31 00:00:00,First Bank,Denver,CO,80203,Bank Fees,
COLORADO ADVOCATES FOR RURAL ELECTRIFICATION (CARE) INDEPENDENT EXPENDITURE COMMITTEE,Independent Expenditure Committee,4030.68,2025-12-31 00:00:00,,,,,Other,Adjustment To Reconcile Tracer To Bank Account.  Letter To Follow
COLORADO AFFORDABILITY PROJECT,Independent Expenditure Committee,10.0,2025-12-31 00:00:00,First Bank,Denver,CO,80218,Bank Fees,
COLORADO EDUCATION ASSOCIATION VICTORY FUND,Independent Expenditure Committee,2.0,2025-12-31 00:00:00,,,,,Bank Fees,
COLORADO FIRST FUND,Independent Expenditure Committee,59.25,2025-12-31 00:00:00,Actblue,Somerville,MA,02144,Bank Fees,
COLORADO WAY FORWARD,527 Political Organization,3000.0,2025-12-31 00:00:00,Scarlett Greene,Denver,CO,80206,Consultant & Professional Services,
COLORADO WAY FORWARD,527 Political Organization,2.0,2025-12-31 00:00:00,,,,,Bank Fees,
COLORADO WAY FORWARD,Independent Expenditure Committee,14.0,2025-12-31 00:00:00,,,,,Bank Fees,
COLORADO WORKING FAMILIES PARTY INDEPENDENT EXPENDITURE COMMITTEE,Independent Expenditure Committee,0.2,2025-12-31 00:00:00,Act Blue,Somerville,MA,02144,Bank Fees,Bank Fess
FIGHTING FOR COLORADO,Independent Expenditure Committee,521.4,2025-12-31 00:00:00,Actblue,Somerville,MA,02144,Bank Fees,
FIGHTING FOR COLORADO,Independent Expenditure Committee,2687.03,2025-12-31 00:00:00,Actblue,Somerville,MA,02144,Bank Fees,
FIGHTING FOR COLORADO,Independent Expenditure Committee,10.0,2025-12-31 00:00:00,,,,,Bank Fees,
JUSTICE FOR JASON,Independent Expenditure Committee,6.0,2025-12-31 00:00:00,Firstbank,Arvada,CO,80006,Bank Fees,
KEEP COLORADO COUNTIES SAFE,Independent Expenditure Committee,2.0,2025-12-31 00:00:00,First Bank,Littleton,CO,80128,Bank Fees,Bank Fee
NEW COLORADO PROMISE,Independent Expenditure Committee,5.0,2025-12-31 00:00:00,,,,,Bank Fees,Bank Fee
NEW DAY COLORADO FUND,527 Political Organization,90.6,2025-12-31 00:00:00,Anedot,New Orleans,LA,70117,Bank Fees,
NEW DAY COLORADO FUND IEC,Independent Expenditure Committee,6.0,2025-12-31 00:00:00,Firstbank,Arvada,CO,80003,Bank Fees,
PLANNED PARENTHOOD VOTES COLORADO INDEPENDENT EXPENDITURE COMMITTEE,Independent Expenditure Committee,2.0,2025-12-31 00:00:00,,,,,Bank Fees,Bank Fees
ROCKY MOUNTAIN WAY,Independent Expenditure Committee,37.5,2025-12-31 00:00:00,"Numero, Inc.",Costa Mesa,CA,92626,Bank Fees,Credit Card Fees
SERVICIOS SIGUE ACTION FUND,Independent Expenditure Committee,75.0,2025-12-31 00:00:00,First Bank,Lakewood,CO,80226,Bank Fees,
STRONG COLORADO IEC,Independent Expenditure Committee,12.0,2025-12-31 00:00:00,Firstbank North,Arvada,CO,80006,Bank Fees,
WE THE PARENTS,Independent Expenditure Committee,15.7,2025-12-31 00:00:00,Anedot Inc.,Atlanta,GA,30309,Bank Fees,Anedot Fees
YOUNG PEOPLE FOR ALL PEOPLE,Independent Expenditure Committee,20.0,2025-12-31 00:00:00,Young People For All People,Denver,CO,80203,Bank Fees,Bank Fees
