committee,committee_type,expenditure_amount,expenditure_date,recipient,city,state,zip,expenditure_type,explanation
COLORADO CENTER PARTY CENTRAL COMMITTEE,Political Party Committee,12.52,2025-01-01 00:00:00,Digital Ocean,New York,NY,10013,Miscellaneous,
COLORADO INTELLECTUAL AND DEVELOPMENTAL DISABILITY ALLIANCE,Political Committee,10.0,2025-01-01 00:00:00,Wells Fargo,Denver,CO,80224,Bank Fees,Wells Fargo Fee
GREEN PARTY OF COLORADO,Political Party Committee,0.84,2025-01-01 00:00:00,Paypal,San Jose,CA,95131,Bank Fees,
GREENCO PC,Political Committee,5.0,2025-01-01 00:00:00,Firstbank,Glendale,CO,80246,Bank Fees,Entered Late Because The Bank Said They Weren'T Going To Charge Us And Then Did.
IAFF #3 SMALL DONOR ACCOUNT,Small Donor Committee,6676.74,2025-01-01 00:00:00,,,,,Other,"Balance Adjustment Due To Fraudulent Activity And Underreporting With Records I Cannot Access, Suspect Criminally Charged And In Judicial Process"
LUNDEEN LEADERSHIP FUND,Political Committee,21.6,2025-01-01 00:00:00,Google,Moutain Views,CA,94043,Other,6410 ∑ Registration & Hosting
BUILDING OWNERS AND MANAGERS ASSOCIATION POLITICAL COMMITTEE (BOMA),Political Committee,20.0,2025-01-02 00:00:00,Denver Metro Boma,Denver,CO,80202,Bank Fees,
COLORADO BIOSCIENCE PAC,Political Committee,20.0,2025-01-02 00:00:00,Wells Fargo Bank,Denver,CO,80203,Bank Fees,
COLORADO DEMOCRATIC PARTY,Political Party Committee,550.0,2025-01-02 00:00:00,Colorado Secretary Of State,Denver,CO,80290,Other,Fcpa Penalty
COLORADO DEMOCRATIC PARTY,Political Party Committee,3000.0,2025-01-02 00:00:00,Colorado Secretary Of State,Denver,CO,80290,Other,Fcpa Penalty
COLORADO DEMOCRATIC PARTY,Political Party Committee,22.5,2025-01-02 00:00:00,Firstbank,Lakewood,CO,80215,Bank Fees,Bank Fees
COLORADO DEMOCRATIC PARTY,Political Party Committee,450.0,2025-01-02 00:00:00,Numero,Irvine,CA,92618,Other,Bulk Software License Fee
COLORADO PROFESSIONAL FIRE FIGHTERS SMALL DONOR FUND,Small Donor Committee,3875.0,2025-01-02 00:00:00,Colorado House Majority Project,Denver,CO,80203,Contributions,Political Party Contribution
FENBERG LEADERSHIP FUND,Political Committee,134.6,2025-01-02 00:00:00,Google,Mountain View,CA,94035,Miscellaneous,Email Accounts
FRIENDS OF COLORADO HOSPITALS (F/K/A HOSPITALS EXPRESS LEGISLATIVE PREFERENCE),Political Committee,25.95,2025-01-02 00:00:00,,,,,Bank Fees,Jan Merchant Fees
GREEN PARTY OF COLORADO,Political Party Committee,50.0,2025-01-02 00:00:00,Your Office Usa,Denver,CO,80202,Rent & Utilities,
LIBERTARIAN PARTY OF COLORADO (LPCO),Political Party Committee,4.9,2025-01-02 00:00:00,Stripe.Com,South San Francisco,CA,94080,Bank Fees,Credit Card Fees
MANNY RUTINEL LEADERSHIP FUND,Political Committee,74.62,2025-01-02 00:00:00,Ny Times,New York,NY,10018,Other,Newspaper Subscription
MANNY RUTINEL LEADERSHIP FUND,Political Committee,100.0,2025-01-02 00:00:00,Cherish Salazar For Thornton City Council,Thornton,CO,80260,Contributions,
REPUBLIC SERVICES INC. EMPLOYEES FOR BETTER GOVERNMENT PAC,Political Committee,-400.0,2025-01-02 00:00:00,William For Colorado,Redacted By Sos,CO,99999,Returned Expenditure,Check Voided: Original Issue Date 10/24/2024
ROCKY MOUNTAIN HOME ASSOCIATION PAC (CMHA PAC FUND),Political Committee,12.0,2025-01-02 00:00:00,Pnc Bank,Pittsburgh,PA,15222,Bank Fees,
ROCKY MOUNTAIN MECHANICAL CONTRACTORS ASSOCIATION PAC,Political Committee,450.0,2025-01-02 00:00:00,Duran For Colorado,Wheat Ridge,CO,80033,Contributions,Contribution
THE COLEMAN LEADERSHIP FUND,Political Committee,1.03,2025-01-02 00:00:00,Patreon,Pali Alto,CA,94306,Other,Subscription
VALDEZ FOR COLORADO RAINBOW FUND,Political Committee,15.09,2025-01-02 00:00:00,Google Suite,Mountain View,CA,94043,Office Equipment & Supplies,
CALDWELL LEADERSHIP PAC,Political Committee,200.0,2025-01-03 00:00:00,Polifi Llc,Fort Lupton,CO,80621,Consultant & Professional Services,
CENTENNIAL STATE LEADERSHIP COMMITTEE,Political Committee,350.0,2025-01-03 00:00:00,Strengthening Opportunities For Coloradans (Soco) Pac,Pueblo,CO,81005,Contributions,
COLORADO DEMOCRATIC PARTY,Political Party Committee,20.84,2025-01-03 00:00:00,Firstbank,Lakewood,CO,80215,Bank Fees,Bank Fees
COLORADO DEMOCRATIC PARTY,Political Party Committee,53.84,2025-01-03 00:00:00,Firstbank,Lakewood,CO,80215,Bank Fees,Bank Fees
COLORADO DEMOCRATIC PARTY,Political Party Committee,0.28,2025-01-03 00:00:00,Firstbank,Lakewood,CO,80215,Bank Fees,Bank Fees
COLORADO DEMOCRATIC PARTY,Political Party Committee,2242.47,2025-01-03 00:00:00,Michael S Merrifield,Arvada,CO,80005,Employee Services,Payroll
COLORADO DEMOCRATIC PARTY,Political Party Committee,11.95,2025-01-03 00:00:00,,,,,Miscellaneous,"Reimbursement - Snacks, Water"
COLORADO DEMOCRATIC PARTY,Political Party Committee,1248.26,2025-01-03 00:00:00,Paychex,Norristown,PA,19403,Employee Services,Payroll Taxes
COLORADO DEMOCRATIC PARTY,Political Party Committee,999.13,2025-01-03 00:00:00,Paychex,Norristown,PA,19403,Employee Services,Payroll Taxes
COLORADO DEMOCRATIC PARTY,Political Party Committee,5.75,2025-01-03 00:00:00,Paychex,Norristown,PA,19403,Employee Services,Payroll Taxes
COLORADO DEMOCRATIC PARTY,Political Party Committee,2585.42,2025-01-03 00:00:00,Marykate  Wallace,Lafayette,CO,80026,Employee Services,Payroll
COLORADO INDEPENDENT AUTO DEALERS POLITICAL COMMITTEE,Political Committee,450.0,2025-01-03 00:00:00,John  Carson,Highlands Ranch,CO,80130,Contributions,
COLORADO INDEPENDENT AUTO DEALERS POLITICAL COMMITTEE,Political Committee,450.0,2025-01-03 00:00:00,Shannon  Bird,Redacted By Sos,CO,99999,Contributions,
COLORADO INDEPENDENT AUTO DEALERS POLITICAL COMMITTEE,Political Committee,200.0,2025-01-03 00:00:00,Gretchen For Colorado,Redacted By Sos,CO,99999,Contributions,
COLORADO INDEPENDENT AUTO DEALERS POLITICAL COMMITTEE,Political Committee,200.0,2025-01-03 00:00:00,Javier For Colorado,Denver,CO,80219-5033,Contributions,
COLORADO INDEPENDENT AUTO DEALERS POLITICAL COMMITTEE,Political Committee,2500.0,2025-01-03 00:00:00,Colorado Forward Party Committee,Westminster,CO,80031,Contributions,
COLORADO INDEPENDENT AUTO DEALERS POLITICAL COMMITTEE,Political Committee,600.0,2025-01-03 00:00:00,New Day Colorado Fund,Fort Lupton,CO,80621,Contributions,
COLORADO INDEPENDENT AUTO DEALERS POLITICAL COMMITTEE,Political Committee,2500.0,2025-01-03 00:00:00,All Together Colorado,Denver,CO,80206,Contributions,
COLORADO INDEPENDENT AUTO DEALERS POLITICAL COMMITTEE,Political Committee,1000.0,2025-01-03 00:00:00,Senate Majority Fund,Denver,CO,80205,Contributions,
COLORADO MEDICAL SOCIETY SMALL DONOR COMMITTEE,Small Donor Committee,14.3,2025-01-03 00:00:00,Wells Fargo Bank,Portland,OR,97228,Bank Fees,
COLORADO OPTOMETRIC ASSOCIATION SMALL DONOR COMMITTEE,Small Donor Committee,3000.0,2025-01-03 00:00:00,Colorado Democratic Party,Denver,CO,80203,Contributions,
COLORADO OPTOMETRIC ASSOCIATION SMALL DONOR COMMITTEE,Small Donor Committee,1200.0,2025-01-03 00:00:00,New Day Colorado Fund,Fort Lupton,CO,80621,Contributions,
COLORADO OPTOMETRIC ASSOCIATION SMALL DONOR COMMITTEE,Small Donor Committee,1000.0,2025-01-03 00:00:00,Senate Majority Fund,Denver,CO,80205,Contributions,
LIBERTARIAN PARTY OF COLORADO (LPCO),Political Party Committee,9.95,2025-01-03 00:00:00,Merch Bnkcd Sd Fee,Thousand Oaks,CA,91361,Bank Fees,Bank Fees
LIBERTARIAN PARTY OF COLORADO (LPCO),Political Party Committee,99.0,2025-01-03 00:00:00,Merch Bnkcd Sd Fee,Thousand Oaks,CA,91361,Bank Fees,Bank Fees
LIBERTARIAN PARTY OF COLORADO (LPCO),Political Party Committee,1.42,2025-01-03 00:00:00,Stripe.Com,South San Francisco,CA,94080,Bank Fees,Credit Card Fees
CHINOOK POLITICAL COMMITTEE,Political Committee,116.0,2025-01-04 00:00:00,United States Postal Service - 81416,Delta,CO,81416,Rent & Utilities,1/2 Po Box Rental
ADAMS EDUCATORS FOR PUBLIC EDUCATION,Small Donor Committee,67.5,2025-01-05 00:00:00,,,,,Other,Intuit
DEMOCRATIC PARTY CONGRESSIONAL DISTRICT 4 COLORADO,Political Party Committee,0.99,2025-01-05 00:00:00,Actblue Technical Services,Somerville,MA,02144,Other,Cc Processing Fee
VELASCO LEADERSHIP FUND,Political Committee,0.79,2025-01-05 00:00:00,Actblue,Somerville,MA,02144,Consultant & Professional Services,Actblue Fee
"AFT COLORADO FEDERATION OF TEACHERS, SCHOOL, HEALTH AND PUBLIC EMPLOYEES (SDC)",Small Donor Committee,1000.0,2025-01-06 00:00:00,Colorado Democratic Party,Denver,CO,80203,Contributions,Senate Campaign Fund
"AFT COLORADO FEDERATION OF TEACHERS, SCHOOL, HEALTH AND PUBLIC EMPLOYEES (SDC)",Small Donor Committee,1000.0,2025-01-06 00:00:00,Colorado Democratic Party,Denver,CO,80203,Contributions,Contribution
"COLORADO CHIROPRACTIC PAC (CCA, CC-PAC)",Political Committee,450.0,2025-01-06 00:00:00,Duran For Colorado,Wheat Ridge,CO,80033,Contributions,
"COLORADO CHIROPRACTIC PAC (CCA, CC-PAC)",Political Committee,97.84,2025-01-06 00:00:00,Affinipay,Austin,TX,78746,Bank Fees,
COLORADO DEMOCRATIC PARTY,Political Party Committee,67.92,2025-01-06 00:00:00,Google,Mountain View,CA,94043,Office Equipment & Supplies,Software Subscription
COLORADO DEMOCRATIC PARTY,Political Party Committee,114.41,2025-01-06 00:00:00,Google,Mountain View,CA,94043,Office Equipment & Supplies,Software Subscription
COLORADO DEMOCRATIC PARTY,Political Party Committee,99.6,2025-01-06 00:00:00,Wild Taco,Denver,CO,80203,"Food, Beverages and Meals",Food For Staff
COLORADO DENTAL PAC (CODPAC),Political Committee,3875.0,2025-01-06 00:00:00,Colorado Democratic Party,Denver,CO,80203,Contributions,
COLORADO DENTAL PAC (CODPAC),Political Committee,2500.0,2025-01-06 00:00:00,Senate Majority Fund,Denver,CO,80205,Contributions,
COLORADO DENTAL PAC (CODPAC),Political Committee,2500.0,2025-01-06 00:00:00,New Day Colorado Fund,Fort Lupton,CO,80621,Contributions,
COLORADO DENTAL PAC (CODPAC),Political Committee,560.0,2025-01-06 00:00:00,All Together Colorado,Denver,CO,80206,Contributions,
COLORADO DENTAL PAC (CODPAC),Political Committee,565.0,2025-01-06 00:00:00,Colorado Way Forward,Denver,CO,80206,Contributions,
COLORADO HEALTH CARE ASSOCIATION PC,Political Committee,5000.0,2025-01-06 00:00:00,New Day Colorado Fund,Fort Lupton,CO,80621,Contributions,
COLORADO HEALTH CARE ASSOCIATION PC,Political Committee,10000.0,2025-01-06 00:00:00,Senate Majority Fund,Denver,CO,80205,Contributions,
COLORADO HEALTH CARE ASSOCIATION PC,Political Committee,10000.0,2025-01-06 00:00:00,All Together Colorado,Denver,CO,80206,Contributions,
COLORADO HEALTH CARE ASSOCIATION PC,Political Committee,5000.0,2025-01-06 00:00:00,Colorado Way Forward,Denver,CO,80206,Contributions,
COMMITTEE FOR PHYSICIAN ANESTHESIA CARE,Political Committee,150.0,2025-01-06 00:00:00,New Day Colorado Fund,Fort Lupton,CO,80621,Contributions,
COMMITTEE FOR PHYSICIAN ANESTHESIA CARE,Political Committee,450.0,2025-01-06 00:00:00,Bird For Colorado,Redacted By Sos,CO,99999,Contributions,
COMMITTEE FOR PHYSICIAN ANESTHESIA CARE,Political Committee,450.0,2025-01-06 00:00:00,Carson For State Senate,Highlands Ranch,CO,80130-9998,Contributions,
COPIC SMALL DONOR COMMITTEE,Small Donor Committee,4400.0,2025-01-06 00:00:00,Bird For Colorado,Redacted By Sos,CO,99999,Contributions,Misc Campaign Contribution
DEMOCRATIC PARTY CONGRESSIONAL DISTRICT 4 COLORADO,Political Party Committee,34.0,2025-01-06 00:00:00,Atlassian (Jira),Mountain View,CA,94041,Advertising,Jira - Admin App
DEMOCRATIC PARTY CONGRESSIONAL DISTRICT 4 COLORADO,Political Party Committee,1.02,2025-01-06 00:00:00,Bank Transfer - Us Bank Accounts,Parker,CO,80134,Bank Fees,International Cc Processing Fee
DEMOCRATIC PARTY CONGRESSIONAL DISTRICT 4 COLORADO,Political Party Committee,-1.02,2025-01-06 00:00:00,Bank Transfer - Us Bank Accounts,Parker,CO,80134,Bank Fees,Offset Due To Update Of Filed Item - International Cc Processing Fee
DEMOCRATIC PARTY CONGRESSIONAL DISTRICT 4 COLORADO,Political Party Committee,1.02,2025-01-06 00:00:00,Us Bank,Parker,CO,80134,Bank Fees,International Cc Processing Fee
EDUCATORS FOR PUBLIC EDUCATION,Political Committee,2500.0,2025-01-06 00:00:00,Colorado Democratic Party,Denver,CO,80203,Contributions,Contribution To Cdp
GREENCO PC,Political Committee,500.0,2025-01-06 00:00:00,Colorado Democratic Party Political Committee,Denver,CO,80203,Contributions,Colorado House Majority Project - 1/6/2025 Fundraiser Event
INVESTHER,Political Committee,22.71,2025-01-06 00:00:00,Squarespace Inc.,New York,NY,10014,Other,Website & Email Hosting
LIBERTARIAN PARTY OF COLORADO (LPCO),Political Party Committee,1.45,2025-01-06 00:00:00,Stripe.Com,South San Francisco,CA,94080,Bank Fees,Credit Card Fees
MEGHAN LUKENS FOR CO LEADERSHIP PAC,Political Committee,97.31,2025-01-06 00:00:00,Target Stores,Lakewood,CO,80226,Office Equipment & Supplies,
PIPEFITTERS LOCAL 208 POLITICAL EDUCATION COMMITTEE,Small Donor Committee,1000.0,2025-01-06 00:00:00,Democratic Senate Campaign Fund,Denver,CO,80204,Contributions,Democratic Senate Campaign
"RX PHARMACIES PLUS, INC - POLITICAL ACTION COMMITTEE",Political Committee,225.0,2025-01-06 00:00:00,Janice  Rich,Grand Junction,CO,81506,Contributions,
"RX PHARMACIES PLUS, INC - POLITICAL ACTION COMMITTEE",Political Committee,225.0,2025-01-06 00:00:00,Scott  Bright,Platteville,CO,80651,Contributions,
"RX PHARMACIES PLUS, INC - POLITICAL ACTION COMMITTEE",Political Committee,225.0,2025-01-06 00:00:00,Matt  Soper,Redacted By Sos,CO,99999,Contributions,
SNYDER FOR COLORADO LEADERSHIP FUND,Political Committee,3875.0,2025-01-06 00:00:00,Colorado Democratic Party,Denver,CO,80203,Contributions,
ARCHITECTS OF COLORADO SMALL DONOR COMMITTEE,Small Donor Committee,1000.0,2025-01-07 00:00:00,Bird For Colorado,Redacted By Sos,CO,99999,Contributions,
ARCHITECTS OF COLORADO SMALL DONOR COMMITTEE,Small Donor Committee,-1000.0,2025-01-07 00:00:00,Bird For Colorado,Redacted By Sos,CO,99999,Contributions,Offset Due To Deletion Of Filed Item
COLORADO BANKERS ASSOCIATION STATE PAC,Political Committee,1000.0,2025-01-07 00:00:00,Colorado Way Forward,Denver,CO,80206,Contributions,Donation
COLORADO FARM BUREAU POLITICAL COMMITTEE,Political Committee,450.0,2025-01-07 00:00:00,Scott Bright For Senate,Platteville,CO,80651,Contributions,
COLORADO FARM BUREAU POLITICAL COMMITTEE,Political Committee,225.0,2025-01-07 00:00:00,John  Carson,Highlands Ranch,CO,80130,Contributions,
COLORADO MEDICAL PAC (COMPAC),Political Committee,450.0,2025-01-07 00:00:00,Bird For Colorado,Redacted By Sos,CO,99999,Contributions,
COLORADO MEDICAL SOCIETY SMALL DONOR COMMITTEE,Small Donor Committee,6200.0,2025-01-07 00:00:00,Bird For Colorado,Redacted By Sos,CO,99999,Contributions,
EXUM LEADERSHIP FUND,Political Committee,1500.0,2025-01-07 00:00:00,Colorado Democratic Party,Denver,CO,80203,Other,Dues
FRIZELL LEADERSHIP PAC,Political Committee,450.0,2025-01-07 00:00:00,Carson For State Senate,Highlands Ranch,CO,80130-9998,Contributions,Contribution To Campaign Fund
LIBERTARIAN PARTY OF COLORADO (LPCO),Political Party Committee,1.65,2025-01-07 00:00:00,Stripe.Com,South San Francisco,CA,94080,Bank Fees,Credit Card Fees
PUTTING COLORADO FIRST,Political Committee,450.0,2025-01-07 00:00:00,Carson For State Senate,Highlands Ranch,CO,80130-9998,Contributions,
LESLIE HEROD'S BOLDLY FORWARD PAC,Political Committee,30.0,2025-01-08 00:00:00,Canva,Austin,TX,78702,Office Equipment & Supplies,
LESLIE HEROD'S BOLDLY FORWARD PAC,Political Committee,30.0,2025-01-08 00:00:00,Firstbank,Denver,CO,80203,Bank Fees,
LIBERTARIAN PARTY OF COLORADO (LPCO),Political Party Committee,5.49,2025-01-08 00:00:00,Stripe.Com,South San Francisco,CA,94080,Bank Fees,Credit Card Fees
ATMOS ENERGY CORPORATION PAC,Political Committee,2500.0,2025-01-09 00:00:00,All Together Colorado,Denver,CO,80206,Contributions,Contribution To 527 Political Committee
ATMOS ENERGY CORPORATION PAC,Political Committee,2500.0,2025-01-09 00:00:00,Colorado Way Forward,Denver,CO,80206,Contributions,Contribution To 527 Political Committee
ATMOS ENERGY CORPORATION PAC,Political Committee,2500.0,2025-01-09 00:00:00,New Day Colorado Fund,Fort Lupton,CO,80621,Contributions,Contribution To 527 Political Committee
ATMOS ENERGY CORPORATION PAC,Political Committee,2500.0,2025-01-09 00:00:00,Senate Majority Fund,Denver,CO,80205,Contributions,Contribution To 527 Political Committee
COLORADO DEMOCRATIC PARTY,Political Party Committee,3.0,2025-01-09 00:00:00,Denver Public Parking,Aurora,CO,80019,Travel & Lodging,Parking Fee
COLORADO DEMOCRATIC PARTY,Political Party Committee,181.09,2025-01-09 00:00:00,Sam  Jarris,Parker,CO,80138,"Food, Beverages and Meals",Reimbursement For Food And Beverage
COMMITTEE FOR PHYSICIAN ANESTHESIA CARE,Political Committee,-450.0,2025-01-09 00:00:00,Taggart For House District 55,Grand Junction,CO,81507,Returned Expenditure,Gave Over Allowed Amount
COMMITTEE FOR PHYSICIAN ANESTHESIA CARE,Political Committee,150.0,2025-01-09 00:00:00,All Together Colorado,Denver,CO,80206,Contributions,
PUEBLO COUNTY EDUCATION ASSOCIATION SMALL DONOR COMMITTEE (PCEA SDC),Small Donor Committee,6.0,2025-01-09 00:00:00,Wendy  Chandler,Rye,CO,81069,Other,Check # 1103 Emo Refund 2024-25
COLORADO CENTER PARTY CENTRAL COMMITTEE,Political Party Committee,95.0,2025-01-10 00:00:00,Campaign Verify,Washington,DC,20007,Miscellaneous,
COLORADO CENTER PARTY CENTRAL COMMITTEE,Political Party Committee,1.07,2025-01-10 00:00:00,Paypal Inc.,San Jose,CA,95131,Bank Fees,
COLORADO CREDIT UNION POLITICAL ACTION COMMITTEE,Political Committee,54.95,2025-01-10 00:00:00,Forte Payment Systems,Allen,TX,75013,Bank Fees,
COLORADO DEMOCRATIC PARTY,Political Party Committee,101.26,2025-01-10 00:00:00,Leven Deli Co.,Denver,CO,80204,"Food, Beverages and Meals",Food And Beverage For Meeting
COLORADO PETROLEUM PAC,Political Committee,-100.0,2025-01-10 00:00:00,Building Bridges For Colorado,Redacted By Sos,CO,99999,Returned Expenditure,Check Was Never Cashed And Voided.
COLORADO REPUBLICAN LEADERSHIP FUND,Political Committee,400.0,2025-01-10 00:00:00,"Strategic Compliance, Llc","Denver, Co",CO,80205,Consultant & Professional Services,
LIBERTARIAN PARTY OF COLORADO (LPCO),Political Party Committee,30.45,2025-01-10 00:00:00,Fdms,Greenwood Village,CO,80111,Bank Fees,Service Fees
LIBERTY LEADERSHIP POLITICAL ACTION COMMITTEE,Political Committee,400.0,2025-01-10 00:00:00,"Strategic Compliance, Llc",Denver,CO,80205,Consultant & Professional Services,
RURAL LEADERSHIP POLITICAL ACTION COMMITTEE,Political Committee,400.0,2025-01-10 00:00:00,"Strategic Compliance, Llc",Denver,CO,80205,Consultant & Professional Services,
THE CIGNA GROUP EMPLOYEE POLITICAL ACTION COMMITTEE,Political Committee,2500.0,2025-01-10 00:00:00,All Together Colorado,Denver,CO,80206,Contributions,2025 Contribution
THE RIGHT LEADERSHIP PAC,Political Committee,400.0,2025-01-10 00:00:00,"Strategic Compliance, Llc",Denver,CO,80205,Consultant & Professional Services,
UNITED MINE WORKERS OF AMERICA,Political Committee,2500.0,2025-01-10 00:00:00,,,,,Contributions,Contributions To Non Co Candidates
DEMOCRATIC PARTY CONGRESSIONAL DISTRICT 4 COLORADO,Political Party Committee,0.79,2025-01-12 00:00:00,Actblue Technical Services,Somerville,MA,02144,Other,Cc Processing Fee
MONICA PAC,Political Committee,3.95,2025-01-12 00:00:00,Actblue,West Somerville,MA,02144,Fundraising Expenses,
COLORADO DEMOCRATIC PARTY,Political Party Committee,34.91,2025-01-13 00:00:00,Zoom,San Jose,CA,95113,Travel & Lodging,Web Conferencing Services
DOCTORS COMPANY COLORADO PAC (COLORADO DOCPAC),Political Committee,26.64,2025-01-13 00:00:00,Wells Fargo Bank,Santa Rosa,CA,95401,Bank Fees,Monthly Bank Fee
FRIENDS OF COLORADO HOSPITALS (F/K/A HOSPITALS EXPRESS LEGISLATIVE PREFERENCE),Political Committee,85.12,2025-01-13 00:00:00,,,,,Bank Fees,Jan Bank Fees
GRISWOLD LEADERSHIP PAC,Political Committee,2.0,2025-01-13 00:00:00,,,,,Bank Fees,
LIBERTARIAN PARTY OF COLORADO (LPCO),Political Party Committee,49.95,2025-01-13 00:00:00,Clover App,Sunnyvale,CA,94085,Bank Fees,Service Fees
MANNY RUTINEL LEADERSHIP FUND,Political Committee,25.0,2025-01-13 00:00:00,Adams County Democratic Party (A.C.D.C.C),Westminster,CO,80031,Contributions,
THE COLEMAN LEADERSHIP FUND,Political Committee,3850.0,2025-01-13 00:00:00,Denver Senate Caucus Fund,Denver,CO,80203,Contributions,
THE COLEMAN LEADERSHIP FUND,Political Committee,250.0,2025-01-13 00:00:00,Denver Senate Caucus Fund,Denver,CO,80203,Other,Leadership Lunch
DEMOCRATIC PARTY CONGRESSIONAL DISTRICT 4 COLORADO,Political Party Committee,24.25,2025-01-14 00:00:00,Intuit Quickbooks,Mountain View,CA,94043,Fundraising Expenses,Bookkeeping App
LUNDEEN LEADERSHIP FUND,Political Committee,153.52,2025-01-14 00:00:00,Brown Palace,Denver,CO,80202,Other,6890 ∑ Other Meeting Expense
REPUBLIC SERVICES INC. EMPLOYEES FOR BETTER GOVERNMENT PAC,Political Committee,-400.0,2025-01-14 00:00:00,Bird For Colorado,Redacted By Sos,CO,99999,Returned Expenditure,Check Voided: Original Issue Date 10/24/2024
COLORADO CENTER PARTY CENTRAL COMMITTEE,Political Party Committee,1.07,2025-01-15 00:00:00,Paypal Inc.,San Jose,CA,95131,Bank Fees,
COLORADO CENTER PARTY CENTRAL COMMITTEE,Political Party Committee,1.07,2025-01-15 00:00:00,Paypal Inc.,San Jose,CA,95131,Bank Fees,
COLORADO DEMOCRATIC PARTY,Political Party Committee,20.0,2025-01-15 00:00:00,Squarespace Inc,New York,NY,10014,Office Equipment & Supplies,Software License
COLORADO DEMOCRATIC PARTY,Political Party Committee,10.0,2025-01-15 00:00:00,The Action Network,New York,NY,10016,Office Equipment & Supplies,Subscription
COLORADO RADIOLOGICAL SOCIETY POLITICAL COMMITTEE,Political Committee,6.0,2025-01-15 00:00:00,,,,,Bank Fees,
COMMITTEE FOR PHYSICIAN ANESTHESIA CARE,Political Committee,30.0,2025-01-15 00:00:00,,,,,Bank Fees,
FIELDS FOR COLORADO LEADERSHIP FUND,Political Committee,25.0,2025-01-15 00:00:00,Colorado Democratic Party,Denver,CO,80203,Contributions,
LIBERTARIAN PARTY OF COLORADO (LPCO),Political Party Committee,4.17,2025-01-15 00:00:00,Stripe.Com,South San Francisco,CA,94080,Bank Fees,Credit Card Fees
UFCW LOCAL 7 POLITICAL COMMITTEE,Political Committee,1500.0,2025-01-15 00:00:00,Ufcw Local 7,Wheat Ridge,CO,80033,Other,Internal Transfer Out Of Account To Fund New Account.
US ANESTHESIA PARTNERS COLORADO STATE COMMITTEE,Political Committee,66.57,2025-01-15 00:00:00,Bok Financial,Denver,CO,80217,Bank Fees,Bank Fee
VELASCO LEADERSHIP FUND,Political Committee,4.22,2025-01-15 00:00:00,Alpine Bank,Grand Junction,CO,81501,Bank Fees,Account Activity Fee
PROGRESSIVE VALUES SDC,Small Donor Committee,50.0,2020-01-16 00:00:00,Secretary Of State,Denver,CO,80290,Other,Late Filing Fee To Sos
COLORADO DEMOCRATIC PARTY,Political Party Committee,2248.22,2025-01-16 00:00:00,Michael S Merrifield,Arvada,CO,80005,Employee Services,Payroll
COLORADO DEMOCRATIC PARTY,Political Party Committee,1364.85,2025-01-16 00:00:00,Paychex,Norristown,PA,19403,Employee Services,Payroll Taxes
COLORADO DEMOCRATIC PARTY,Political Party Committee,993.58,2025-01-16 00:00:00,Paychex,Norristown,PA,19403,Employee Services,Payroll Taxes
COLORADO DEMOCRATIC PARTY,Political Party Committee,2775.2,2025-01-16 00:00:00,Marykate  Wallace,Lafayette,CO,80026,Employee Services,Payroll
FREEPORT-MCMORAN COLORADO POLITICAL ACTION COMMITTEE,Political Committee,50.0,2025-01-16 00:00:00,Colorado Secretary Of State,Denver,CO,80290,Miscellaneous,Late Fee Payment To Co Sos
LIBERTARIAN PARTY OF COLORADO (LPCO),Political Party Committee,144.0,2025-01-16 00:00:00,Microsoft,Redmond,WA,98052,Office Equipment & Supplies,Ms 365
LIBERTARIAN PARTY OF COLORADO (LPCO),Political Party Committee,0.59,2025-01-16 00:00:00,Stripe.Com,South San Francisco,CA,94080,Bank Fees,Credit Card Fees
MANNY RUTINEL LEADERSHIP FUND,Political Committee,147.0,2025-01-16 00:00:00,Amazon,Seattle,WA,98109,Office Equipment & Supplies,Volunteer Supplies
ROSE PAC,Political Committee,800.0,2025-01-16 00:00:00,House Republican Caucus,Washington,D.,20515,Travel & Lodging,
TAKE COLO BACK POLITICAL COMM,Political Committee,800.0,2025-01-16 00:00:00,House Republican Caucus,Washington,D.,20515,Travel & Lodging,
THE COLEMAN LEADERSHIP FUND,Political Committee,2850.0,2025-01-16 00:00:00,Kevin  Mohatt,Denver,CO,80204,Other,Staff Photos
BUILDING BRIDGES FOR COLORADO,Political Committee,2.0,2025-01-17 00:00:00,1St Bank,Lakewood,CO,80215,Bank Fees,
CHRIS KOLKER LEADERSHIP FUND,Political Committee,450.0,2025-01-17 00:00:00,Eliza C Hamrick,Centennial,CO,80016,Contributions,
CHRIS KOLKER LEADERSHIP FUND,Political Committee,600.0,2025-01-17 00:00:00,Sweetland For Centennial,Centennial,CO,80161,Contributions,
CHRIS KOLKER LEADERSHIP FUND,Political Committee,-600.0,2025-01-17 00:00:00,Sweetland For Centennial,Centennial,CO,80161,Contributions,Offset Due To Update Of Filed Item
CHRIS KOLKER LEADERSHIP FUND,Political Committee,600.0,2025-01-17 00:00:00,Sweetland For Centennial,Centennial,CO,80161,Contributions,Candidate For Mayor Of Centennial Christine Sweetland
COLORADO DEMOCRATIC PARTY,Political Party Committee,1.25,2025-01-17 00:00:00,Denver Public Parking,Aurora,CO,80019,Travel & Lodging,Parking Fee
COLORADO REPUBLICAN COMMITTEE,Political Party Committee,74.38,2025-01-17 00:00:00,Letters Plus,Centennial,CO,80112,Advertising,Small Advertising Mailer
COLORADO REPUBLICAN COMMITTEE,Political Party Committee,91.16,2025-01-17 00:00:00,Dtc Print Brokers,Centennial,CO,80112,Advertising,Print Advertising
HANSEN LEADERSHIP FUND,Political Committee,450.0,2025-01-17 00:00:00,Matt Ball For Colorado,Denver,CO,80203,Contributions,
LET'S WIN,Political Committee,1000.0,2025-01-17 00:00:00,"Strategic Compliance, Llc",Denver,CO,80205,Consultant & Professional Services,
LIBERTARIAN PARTY OF COLORADO (LPCO),Political Party Committee,0.6,2025-01-17 00:00:00,Stripe.Com,South San Francisco,CA,94080,Bank Fees,Credit Card Fees
NABIP COLORADO POLITICAL ACTION COMMITTEE,Political Committee,0.91,2025-01-17 00:00:00,Quickbooks Payments,Woodland Hills,CA,91367,Bank Fees,
RURAL LIBERTY POLITICAL ACTION COMMITTEE,Political Committee,400.0,2025-01-17 00:00:00,Strategic Compliance Llc,Denver,CO,80205,Consultant & Professional Services,
ENERGY WORKERS OF COLORADO SDC,Small Donor Committee,2.3,2025-01-18 00:00:00,Anedot,,CO,,Bank Fees,
DEMOCRATIC PARTY CONGRESSIONAL DISTRICT 4 COLORADO,Political Party Committee,4.94,2025-01-19 00:00:00,Actblue Technical Services,Somerville,MA,02144,Other,Cc Processinf Fee
GREEN PARTY OF COLORADO,Political Party Committee,0.58,2025-01-20 00:00:00,Paypal,San Jose,CA,95131,Bank Fees,
NABIP COLORADO POLITICAL ACTION COMMITTEE,Political Committee,7.38,2025-01-20 00:00:00,Quickbooks Payments,Woodland Hills,CA,91367,Bank Fees,
ROCKY MOUNTAIN INSURANCE ASSOCIATION (RMIA) SDC,Small Donor Committee,1220.71,2025-01-20 00:00:00,Biscuits And Berries Catering,Golden,CO,80401,"Food, Beverages and Meals",
COLORADO DEMOCRATIC PARTY,Political Party Committee,325.88,2025-01-21 00:00:00,Denver Stockyard Saloon - The Yard Bar,Denver,CO,80216,"Food, Beverages and Meals",Food And Beverage For Staff Meeting
DEMOCRATIC PARTY CONGRESSIONAL DISTRICT 4 COLORADO,Political Party Committee,23.17,2025-01-21 00:00:00,Godaddy.Com,Tempe,AZ,85284,Advertising,Admin Website
GREEN PARTY OF COLORADO,Political Party Committee,21.99,2025-01-21 00:00:00,Godaddy Inc,Tempe,AZ,85281,Other,Web Hosting
LIBERTARIAN PARTY OF COLORADO (LPCO),Political Party Committee,67.0,2025-01-21 00:00:00,Smart Space,Lakewood,CO,80215,Rent & Utilities,Storage Space
LIBERTARIAN PARTY OF COLORADO (LPCO),Political Party Committee,4.65,2025-01-21 00:00:00,Stripe.Com,South San Francisco,CA,94080,Bank Fees,Credit Card Fees
LUNDEEN LEADERSHIP FUND,Political Committee,463.41,2025-01-21 00:00:00,Capitol Grill,Denver,CO,80202,Other,6890 ∑ Other Meeting Expense
MCCLUSKIE FOR COLORADO LEADERSHIP FUND,Political Committee,306.96,2025-01-21 00:00:00,Delta,Atlanta,GA,30354,Travel & Lodging,
YARA LEADERSHIP FUND,Political Committee,400.0,2025-01-21 00:00:00,Stephanie Ross Coaching,St. Paul,MN,55114,Consultant & Professional Services,
COLORADO CENTER PARTY CENTRAL COMMITTEE,Political Party Committee,613.51,2025-01-22 00:00:00,Double Tree Hotel Thornton,Thornton,CO,80233,Miscellaneous,
COLORADO DEMOCRATIC PARTY,Political Party Committee,203.36,2025-01-22 00:00:00,Beckie  Bean,Thornton,CO,80229,"Food, Beverages and Meals",Reimbursement For Food And Beverage
IAFF #3 SMALL DONOR ACCOUNT,Small Donor Committee,120.0,2025-01-22 00:00:00,City Of Pueblo,Pueblo,CO,81003,Miscellaneous,Late Filing Fees City Of Pueblo
LIBERTARIAN PARTY OF COLORADO (LPCO),Political Party Committee,3.65,2025-01-22 00:00:00,Stripe.Com,South San Francisco,CA,94080,Bank Fees,Credit Card Fees
PUEBLO COUNTY EDUCATION ASSOCIATION SMALL DONOR COMMITTEE (PCEA SDC),Small Donor Committee,6.0,2025-01-22 00:00:00,Rebecca  Valencia,Pueblo West,CO,81007,Other,"Emo Refund 
Check Number 1105"
VALDEZ FOR COLORADO RAINBOW FUND,Political Committee,83.12,2025-01-22 00:00:00,Mailchimp,Atlanta,GA,30308,Office Equipment & Supplies,
COLORADO DEMOCRATIC PARTY,Political Party Committee,103.31,2025-01-23 00:00:00,Pridefest,Denver,CO,80209,Other,Event Fee
COLORADO WORKING FAMILIES PARTY SMALL DONOR COMMITTEE,Small Donor Committee,-500.0,2025-01-23 00:00:00,Story For Colorado House,Redacted By Sos,CO,00000,Returned Expenditure,Check Not Cashed In Time
"ENTERPRISE HOLDINGS, INC. / ENTERPRISE MOBILITY COLORADO POLITICAL ACTION COMMITTEE",Political Committee,5000.0,2025-01-23 00:00:00,All Together Colorado,Denver,CO,80206,Contributions,Contribution To 527 Political Organization
"ENTERPRISE HOLDINGS, INC. / ENTERPRISE MOBILITY COLORADO POLITICAL ACTION COMMITTEE",Political Committee,5000.0,2025-01-23 00:00:00,Colorado Way Forward,Denver,CO,80206,Contributions,Contribution To 527 Political Organization
"ENTERPRISE HOLDINGS, INC. / ENTERPRISE MOBILITY COLORADO POLITICAL ACTION COMMITTEE",Political Committee,5000.0,2025-01-23 00:00:00,New Day Colorado Fund,Fort Lupton,CO,80621,Contributions,Contribution To 527 Political Organization
"ENTERPRISE HOLDINGS, INC. / ENTERPRISE MOBILITY COLORADO POLITICAL ACTION COMMITTEE",Political Committee,5000.0,2025-01-23 00:00:00,Senate Majority Fund,Denver,CO,80202,Contributions,Contribution To 527 Political Organization
LIBERTARIAN PARTY OF COLORADO (LPCO),Political Party Committee,2.36,2025-01-23 00:00:00,Stripe.Com,South San Francisco,CA,94080,Bank Fees,Credit Card Fees
"PEDIATRIX MEDICAL GROUP, INC. POLITICAL ACTION COMMITTEE (PEDIATRIX PAC)",Political Committee,-675.0,2025-01-23 00:00:00,Hansen Leadership Fund,Denver,CO,80220,Returned Expenditure,Void Of 10.8.24 Contribution
"PEDIATRIX MEDICAL GROUP, INC. POLITICAL ACTION COMMITTEE (PEDIATRIX PAC)",Political Committee,-225.0,2025-01-23 00:00:00,Mary Young For Colorado,Greeley,CO,80631,Returned Expenditure,Void Of 10.8.24 Contribution
"PEDIATRIX MEDICAL GROUP, INC. POLITICAL ACTION COMMITTEE (PEDIATRIX PAC)",Political Committee,-225.0,2025-01-23 00:00:00,Mary Young For Colorado,Greeley,CO,80631,Returned Expenditure,Void Of 10.8.24 Contribution
VALDEZ FOR COLORADO RAINBOW FUND,Political Committee,21.03,2025-01-23 00:00:00,Zoho,Pleasantville,CA,94588,Office Equipment & Supplies,
COLORADO CENTER PARTY CENTRAL COMMITTEE,Political Party Committee,2.08,2025-01-24 00:00:00,Google Ads,Mountain View,CA,94043,Miscellaneous,
COLORADO DEMOCRATIC PARTY,Political Party Committee,27.86,2025-01-24 00:00:00,Mailchimp,Atlanta,GA,30308,Other,Subscription Fee
COLORADO DEMOCRATIC PARTY,Political Party Committee,179.2,2025-01-24 00:00:00,Marykate  Wallace,Lafayette,CO,80026,Travel & Lodging,Hotel Reimbursement
CONSTITUTIONAL CONSERVATIVE PAC,Political Committee,500.0,2025-01-24 00:00:00,Turner For Sheriff,Redacted By Sos,CO,99999,Contributions,
LIBERTARIAN PARTY OF COLORADO (LPCO),Political Party Committee,1.5,2025-01-24 00:00:00,Stripe.Com,South San Francisco,CA,94080,Bank Fees,Credit Card Fees
THE COLEMAN LEADERSHIP FUND,Political Committee,279.31,2025-01-24 00:00:00,Donn Bruns Llc,Denver,CO,80222,Other,State Pictures
ZENPAC,Political Committee,200.0,2025-01-25 00:00:00,Proctor For Jeffco,Lakewood,CO,80228,Contributions,
ZENPAC,Political Committee,200.0,2025-01-25 00:00:00,Rebecka For Arvada,Arvada,CO,80004,Contributions,
DEMOCRATIC PARTY CONGRESSIONAL DISTRICT 4 COLORADO,Political Party Committee,0.2,2025-01-26 00:00:00,Actblue Technical Services,Somerville,MA,02144,Other,Cc Processing Fee
MONICA PAC,Political Committee,0.2,2025-01-26 00:00:00,Actblue,West Somerville,MA,02144,Fundraising Expenses,
COLORADO FORWARD PARTY COMMITTEE,Political Party Committee,29.0,2025-01-27 00:00:00,Printify Incorporated,San Francisco,CA,94103,Office Equipment & Supplies,Printify Merchandise Store
FENBERG LEADERSHIP FUND,Political Committee,212.0,2025-01-27 00:00:00,Squarespace,New York,NE,10014,Other,Website Hosting
FENBERG LEADERSHIP FUND,Political Committee,137.1,2025-01-27 00:00:00,Mailchimp,Atlanta,GA,30308,Miscellaneous,Email Services
GRISWOLD LEADERSHIP PAC,Political Committee,60.0,2025-01-27 00:00:00,Jefferson County Democratic Party,Lakewood,CO,80226,Contributions,Event Tickets
LIBERTARIAN PARTY OF COLORADO (LPCO),Political Party Committee,1.33,2025-01-27 00:00:00,Stripe.Com,South San Francisco,CA,94080,Bank Fees,Credit Card Fees
THE COLEMAN LEADERSHIP FUND,Political Committee,100.0,2025-01-27 00:00:00,Tony  Exum,Denver,CO,80203,Other,Opening Day
UNITED COLORADO COMMITTEE,Political Party Committee,12.0,2025-01-27 00:00:00,Constant Contact,Waltham,MA,02451,Office Equipment & Supplies,
ADVANCED ENERGY ACTION,Political Committee,26.0,2025-01-28 00:00:00,Amalgamated Bank,Washington,DC,20006,Bank Fees,Bank Fees
BUILDING BRIDGES FOR COLORADO,Political Committee,450.0,2025-01-28 00:00:00,Bird For Colorado,Redacted By Sos,CO,99999,Contributions,
DLCC COLORADO (DEMOCRATIC LEGISLATIVE CAMPAIGN COMMITTEE COLORADO),Small Donor Committee,14.0,2025-01-28 00:00:00,Amalgamated Bank,New York,NY,10001,Bank Fees,
JAVIER'S ECONOMIC JUSTICE FUND,Political Committee,2.0,2025-01-28 00:00:00,First Bank,Lakewood,CO,80235,Bank Fees,
JESSIE DANIELSON PAC,Political Committee,120.0,2025-01-28 00:00:00,Jefferson County Democratic Party,Lakewood,CO,80226,Miscellaneous,Jeffco Dems Italian Feast
LIBERTARIAN PARTY OF COLORADO (LPCO),Political Party Committee,136.78,2025-01-28 00:00:00,Alpine Trophies,Littleton,CO,80122,Office Equipment & Supplies,Name Bages
REBEKAH STEWART FOR COLORADO,Political Committee,400.0,2025-01-28 00:00:00,Cruz For Lakewood,Lakewood,CO,80232,Contributions,
ROSE PAC,Political Committee,17.8,2025-01-28 00:00:00,Firstbank North,Arvada,CO,80006,Office Equipment & Supplies,Checks
SHEILA FOR COLORADO LEADERSHIP FUND,Political Committee,400.0,2025-01-28 00:00:00,Eric  Proctor,Lakewood,CO,80228,Other,Contribution To Candidate Proctor For County Treasurer
THE COLEMAN LEADERSHIP FUND,Political Committee,4.0,2025-01-28 00:00:00,1St Bank,Denver,CO,80249,Bank Fees,
COLORADO DEMOCRATIC PARTY,Political Party Committee,773.68,2025-01-29 00:00:00,Pridefest,Denver,CO,80209,Other,Event Fee
COLORADO DEMOCRATIC PARTY,Political Party Committee,250.0,2025-01-29 00:00:00,Reagan Byrd Consulting,Aurora,CO,80016,Other,Coaching Sessions
COLORADO DENTAL PAC (CODPAC),Political Committee,450.0,2025-01-29 00:00:00,Bird For Colorado,Redacted By Sos,CO,99999,Contributions,
COLORADO DENTAL PAC (CODPAC),Political Committee,2500.0,2025-01-29 00:00:00,,,,,Other,Cancelled Membership Payments And Refunds To Members
COLORADO DENTAL SMALL DONOR COMMITTEE,Small Donor Committee,5000.0,2025-01-29 00:00:00,Bird For Colorado,Redacted By Sos,CO,99999,Contributions,
LIBERTARIAN PARTY OF COLORADO (LPCO),Political Party Committee,5.39,2025-01-29 00:00:00,Stripe.Com,South San Francisco,CA,94080,Bank Fees,Credit Card Fees
COLORADO DENTAL HYGIENISTS PAC,Political Committee,15.0,2025-01-30 00:00:00,Jpmorgan Chase Bank,Columbus,OH,43218-2051,Bank Fees,
CREATING LEADERS PAC,Political Committee,560.0,2025-01-30 00:00:00,Coblue Llc,Denver,CO,80218,Consultant & Professional Services,
LIBERTARIAN PARTY OF COLORADO (LPCO),Political Party Committee,2.84,2025-01-30 00:00:00,Stripe.Com,South San Francisco,CA,94080,Bank Fees,Credit Card Fees
LIBERTARIAN PARTY OF COLORADO (LPCO),Political Party Committee,2000.0,2025-01-30 00:00:00,X (Twitter),San Francisco,CA,94103,Advertising,Social Media Ads
SHEILA FOR COLORADO LEADERSHIP FUND,Political Committee,250.0,2025-01-30 00:00:00,Elijah  Dimon Ainscough,Golden,CO,80401-1082,Other,Contribution To Dimon-Ainscough For City Council
THE HOME DEPOT INC. POLITICAL ACTION COMMITTEE,Political Committee,5000.0,2025-01-30 00:00:00,All Together Colorado,Denver,CO,80206,Contributions,Direct Contribution
THE HOME DEPOT INC. POLITICAL ACTION COMMITTEE,Political Committee,5000.0,2025-01-30 00:00:00,Colorado Way Forward,Denver,CO,80206,Contributions,Direct Contribution
THE HOME DEPOT INC. POLITICAL ACTION COMMITTEE,Political Committee,2500.0,2025-01-30 00:00:00,New Day Colorado Fund,Fort Lupton,CO,80621,Contributions,Direct Contribution
THE HOME DEPOT INC. POLITICAL ACTION COMMITTEE,Political Committee,2500.0,2025-01-30 00:00:00,Senate Majority Fund,Denver,CO,80205,Contributions,Direct Contribution
VALDEZ FOR COLORADO RAINBOW FUND,Political Committee,2.0,2025-01-30 00:00:00,First Bank,Lakewood,CO,80215,Bank Fees,
ADAMS EDUCATORS FOR PUBLIC EDUCATION,Small Donor Committee,5.0,2025-01-31 00:00:00,,,,,Bank Fees,
"AGRICULTURE STRONG, COLORADO UNITED",Small Donor Committee,10.0,2025-01-31 00:00:00,First Bank North,Brighton,CO,80601,Bank Fees,
CERTIFIED PUBLIC ACCOUNTANTS PAC,Political Committee,5.0,2025-01-31 00:00:00,,,,,Bank Fees,Bank Fee
CHEYENNE MOUNTAIN REPUBLICAN FORUM POLITICAL COMMITTEE,Political Committee,100.0,2025-01-31 00:00:00,Cottonwood Center For The Arts,Colorado Springs,CO,80903,Fundraising Expenses,Deposit For Rental Of Facility
COLORADO CENTER PARTY CENTRAL COMMITTEE,Political Party Committee,12.52,2025-01-31 00:00:00,Digital Ocean,New York,NY,10013,Miscellaneous,
COLORADO CENTER PARTY CENTRAL COMMITTEE,Political Party Committee,50.0,2025-01-31 00:00:00,Colorado Secretary Of State,Denver,CO,80290,Miscellaneous,
COLORADO CENTER PARTY CENTRAL COMMITTEE,Political Party Committee,1.07,2025-01-31 00:00:00,Paypal Inc.,San Jose,CA,95131,Bank Fees,
COLORADO CLEANTECH PAC,Political Committee,10.0,2025-01-31 00:00:00,Wells Fargo,Denver,CO,80202,Bank Fees,Bank Fees
COLORADO COMMITTEE OF AUTO RETAILERS (COLO C.A.R.),Political Committee,3.0,2025-01-31 00:00:00,,,,,Bank Fees,Bank Fees
COLORADO DEMOCRATIC PARTY,Political Party Committee,14.0,2025-01-31 00:00:00,Firstbank,Lakewood,CO,80215,Bank Fees,Bank Fees
COLORADO DEMOCRATIC PARTY,Political Party Committee,8.0,2025-01-31 00:00:00,Firstbank,Lakewood,CO,80215,Bank Fees,Bank Fees
COLORADO DEMOCRATIC PARTY,Political Party Committee,2.0,2025-01-31 00:00:00,Firstbank,Lakewood,CO,80215,Bank Fees,Bank Fees
COLORADO LEAGUE OF CHARTER SCHOOLS ACTION SMALL DONOR COMMITTEE (CLCS ACTION SDC),Small Donor Committee,12.0,2025-01-31 00:00:00,Firstbank,Denver,CO,80203,Bank Fees,Bank Fees
COLORADO PSYCHOLOGICAL ASSOCIATION,Political Committee,25.0,2025-01-31 00:00:00,Keybank National Association,Greenwood Village,CO,80111,Bank Fees,
COLORADO SKI COUNTRY USA PAC,Political Committee,5.0,2025-01-31 00:00:00,,,,,Bank Fees,Bank Service Charge
EMILY'S LIST COLORADO SMALL DONOR COMMITTEE,Small Donor Committee,91.0,2025-01-31 00:00:00,Amalgamated Bank,Washington,DC,20006,Bank Fees,Bank Fees
EQUAL ACCESS FOR COLORADO AUTISM PATIENTS,Political Committee,22.0,2025-01-31 00:00:00,First Bank,Lakewood,CO,80215,Bank Fees,
FAMILIES FOR RESPONSIBLE GOVERNMENT,Political Committee,2.0,2025-01-31 00:00:00,Firstbank,Brighton,CO,80601,Bank Fees,
FENBERG LEADERSHIP FUND,Political Committee,9.0,2025-01-31 00:00:00,,,,,Bank Fees,Bank Fee
FUERZA,Small Donor Committee,2.0,2025-01-31 00:00:00,Firstbank,Denver,CO,80211,Bank Fees,
HOME CARE PAC,Political Committee,3.0,2025-01-31 00:00:00,Keybank,Cleveland,OH,44101,Bank Fees,
JESSIE DANIELSON GRASSROOTS FUND,Small Donor Committee,15.0,2025-01-31 00:00:00,Chase Bank,Wheat Ridge,CO,80033,Bank Fees,
JESSIE DANIELSON PAC,Political Committee,15.0,2025-01-31 00:00:00,Chase Bank,Wheat Ridge,CO,80033,Bank Fees,
KAREN FOR CO LEADERSHIP PAC,Political Committee,6.0,2025-01-31 00:00:00,Vectra Bank Colorado,Longmont,CO,80501,Bank Fees,
LIBERTARIAN PARTY OF COLORADO (LPCO),Political Party Committee,1.03,2025-01-31 00:00:00,Stripe.Com,South San Francisco,CA,94080,Bank Fees,Credit Card Fees
MAX PAC,Political Committee,2.0,2025-01-31 00:00:00,Independent Financial,Castle Rock,CO,80104,Bank Fees,Monthly Bank Fees
MAXIM HEALTHCARE SERVICES INC POLITICAL ACTION COMMITTEE (MAXIM HEALTHCARE PAC),Political Committee,-450.0,2025-01-31 00:00:00,Emily Sirota For Colorado,Redacted By Sos,CO,99999,Returned Expenditure,Voided Check
MAXIM HEALTHCARE SERVICES INC POLITICAL ACTION COMMITTEE (MAXIM HEALTHCARE PAC),Political Committee,-450.0,2025-01-31 00:00:00,Julie For Colorado,Denver,CO,80211,Returned Expenditure,Voided Check
MAXIM HEALTHCARE SERVICES INC POLITICAL ACTION COMMITTEE (MAXIM HEALTHCARE PAC),Political Committee,-450.0,2025-01-31 00:00:00,Rose For Colorado,Redacted By Sos,CO,99999,Returned Expenditure,Voided Check
MONICA PAC,Political Committee,2.0,2025-01-31 00:00:00,,,,,Bank Fees,
NAIOP COLORADO PAC,Political Committee,15.0,2025-01-31 00:00:00,1Stbank Of Denver,Denver,CO,80202,Bank Fees,
NAIOP COLORADO SMALL DONOR COMMITTEE,Small Donor Committee,27.0,2025-01-31 00:00:00,1Stbank Of Denver,Denver,CO,80202,Bank Fees,
NURSES FOR POLITCAL ACTION IN COLORADO (N-PAC),Political Committee,10.0,2025-01-31 00:00:00,Umb Bank,Denver,CO,80218,Bank Fees,
ODOPAC,Political Committee,2.0,2025-01-31 00:00:00,First Bank,Thornton,CO,80233,Bank Fees,
ORALE FUND,Political Committee,2.0,2025-01-31 00:00:00,Firstbank,Denver,CO,80203,Bank Fees,
PAC (POLITICAL ACTION COMMITTEE) TO THE FUTURE,Political Committee,2.0,2025-01-31 00:00:00,Firstbank,Lakewood,CO,80215,Bank Fees,
REALTOR CANDIDATE POLITICAL ACTION COMMITTEE (RCPAC) - FKA: COLORADO ASSOCIATION OF REALTORS PAC (CO,Political Committee,25.0,2025-01-31 00:00:00,Firstbank,Lakewood,CO,80215,Bank Fees,Bank Fees
REALTOR SMALL DONOR COMMITTEE (RSDC),Small Donor Committee,25.0,2025-01-31 00:00:00,Firstbank,Lakewood,CO,80215,Bank Fees,Bank Fee
SHEILA FOR COLORADO LEADERSHIP FUND,Political Committee,2.0,2025-01-31 00:00:00,First Bank,Lakewood,CO,80232,Bank Fees,Bank Fee
SNYDER FOR COLORADO LEADERSHIP FUND,Political Committee,2.0,2025-01-31 00:00:00,First Bank,Lakewood,CO,80215,Bank Fees,
TAKE COLO BACK POLITICAL COMM,Political Committee,2.0,2025-01-31 00:00:00,First Bank,Brighton,CO,80601,Bank Fees,
VOICES FOR CHOICE SMALL DONOR COMMITTEE,Small Donor Committee,2.0,2025-01-31 00:00:00,,,,,Bank Fees,Bank Fees
BACON FOR COLORADO LEADERSHIP FUND,Political Committee,1000.0,2025-02-01 00:00:00,Colorado Black Democratic Legislative Caucus,Denver,CO,80203,Other,Caucus Dues
GREEN PARTY OF COLORADO,Political Party Committee,0.84,2025-02-01 00:00:00,Paypal,San Jose,CA,95131,Bank Fees,
LUNDEEN LEADERSHIP FUND,Political Committee,199.0,2025-02-01 00:00:00,Hellolanding,Birmingham,AL,35203,Other,7218 ∑ Dues And Subscriptions
LUNDEEN LEADERSHIP FUND,Political Committee,2674.81,2025-02-01 00:00:00,Hellolanding,Birmingham,AL,35203,Other,7630 ∑ Lodging
MONICA PAC,Political Committee,400.0,2025-02-01 00:00:00,Cruz For Lakewood,Lakewood,CO,80232,Contributions,
MONICA PAC,Political Committee,250.0,2025-02-01 00:00:00,Elijah For Colorado,Golden,CO,80401,Contributions,
MONICA PAC,Political Committee,400.0,2025-02-01 00:00:00,Bill Furman 4Lakewood,Lakewood,CO,80226,Contributions,
DEMOCRATIC PARTY CONGRESSIONAL DISTRICT 4 COLORADO,Political Party Committee,1.0,2025-02-02 00:00:00,Actblue Technical Services,Somerville,MA,02144,Other,Cc Processing Fee
GREEN PARTY OF COLORADO,Political Party Committee,50.0,2025-02-02 00:00:00,Your Office Usa,Denver,CO,80202,Rent & Utilities,
MONICA PAC,Political Committee,0.83,2025-02-02 00:00:00,Actblue,West Somerville,MA,02144,Fundraising Expenses,
ODOPAC,Political Committee,4.94,2025-02-02 00:00:00,Actblue,Sommervile,MA,02144,Bank Fees,
ZENPAC,Political Committee,500.0,2025-02-02 00:00:00,Phil Weiser For Colorado,Redacted By Sos,CO,99999,Contributions,
BUILDING OWNERS AND MANAGERS ASSOCIATION POLITICAL COMMITTEE (BOMA),Political Committee,20.0,2025-02-03 00:00:00,Denver Metro Boma,Denver,CO,80202,Bank Fees,
COLORADO BIOSCIENCE PAC,Political Committee,20.0,2025-02-03 00:00:00,Wells Fargo Bank,Denver,CO,80203,Bank Fees,
COLORADO DEMOCRATIC PARTY,Political Party Committee,20.85,2025-02-03 00:00:00,Firstbank,Lakewood,CO,80215,Bank Fees,Bank Fees
COLORADO DEMOCRATIC PARTY,Political Party Committee,53.83,2025-02-03 00:00:00,Firstbank,Lakewood,CO,80215,Bank Fees,Bank Fees
COLORADO DEMOCRATIC PARTY,Political Party Committee,0.28,2025-02-03 00:00:00,Firstbank,Lakewood,CO,80215,Bank Fees,Bank Fees
COLORADO DEMOCRATIC PARTY,Political Party Committee,22.5,2025-02-03 00:00:00,Firstbank,Lakewood,CO,80215,Bank Fees,Bank Fees
COLORADO DEMOCRATIC PARTY,Political Party Committee,450.0,2025-02-03 00:00:00,Newsed Cdc,Denver,CO,80204,Other,Booth Registration Fee
COLORADO DEMOCRATIC PARTY,Political Party Committee,450.0,2025-02-03 00:00:00,Numero,Irvine,CA,92618,Other,Bulk Software License Fee
COLORADO DEMOCRATIC PARTY,Political Party Committee,39.8,2025-02-03 00:00:00,Union Cab Company,Mesa,AZ,85202,Travel & Lodging,Cab Fare
COLORADO DEMOCRATIC PARTY,Political Party Committee,8.0,2025-02-03 00:00:00,"United Airlines, Inc.",Chicago,IL,60666,Travel & Lodging,Airfare - Beverage
COLORADO DEMOCRATIC PARTY,Political Party Committee,8.0,2025-02-03 00:00:00,"United Airlines, Inc.",Chicago,IL,60666,Travel & Lodging,Airfare - Beverage
FENBERG LEADERSHIP FUND,Political Committee,108.54,2025-02-03 00:00:00,Google,Mountain View,CA,94035,Other,Email Account
LIBERTARIAN PARTY OF COLORADO (LPCO),Political Party Committee,2800.0,2025-02-03 00:00:00,Gary Fielder,Denver,CO,80221,Bank Fees,Legal Fees
LIBERTARIAN PARTY OF COLORADO (LPCO),Political Party Committee,9.95,2025-02-03 00:00:00,Merch Bnkcd Sd Fee,Thousand Oaks,CA,91361,Bank Fees,Bank Fees
LORENA FOR COLORADO LEADERSHIP FUND COMMITTEE,Political Committee,264.0,2025-02-03 00:00:00,Gianela  Millan,Edgewater,CO,80214,Consultant & Professional Services,
LUNDEEN LEADERSHIP FUND,Political Committee,243.32,2025-02-03 00:00:00,Hillstone,Denver,CO,80206,Other,6800 ∑ Meeting Expense
ROCKY MOUNTAIN HOME ASSOCIATION PAC (CMHA PAC FUND),Political Committee,12.0,2025-02-03 00:00:00,Pnc Bank,Pittsburgh,PA,15222,Bank Fees,
THE COLEMAN LEADERSHIP FUND,Political Committee,1.03,2025-02-03 00:00:00,Patreon,Pali Alto,CA,94306,Other,Subscription
VALDEZ FOR COLORADO RAINBOW FUND,Political Committee,15.14,2025-02-03 00:00:00,Google Suite,Mountain View,CA,94043,Office Equipment & Supplies,
YARA LEADERSHIP FUND,Political Committee,600.0,2025-02-03 00:00:00,"Jonah Salehi, Consultant",Fort Collins,CO,80526,Consultant & Professional Services,
YARA LEADERSHIP FUND,Political Committee,400.0,2025-02-03 00:00:00,"Gregory Zoda, Consultant",Fort Collins,CO,80524,Consultant & Professional Services,
COLORADO DEMOCRATIC PARTY,Political Party Committee,2242.47,2025-02-04 00:00:00,Michael S Merrifield,Arvada,CO,80005,Employee Services,Payroll
COLORADO DEMOCRATIC PARTY,Political Party Committee,1.35,2025-02-04 00:00:00,Paychex,Norristown,PA,19403,Employee Services,Hr Services
COLORADO DEMOCRATIC PARTY,Political Party Committee,1349.84,2025-02-04 00:00:00,Paychex,Norristown,PA,19403,Employee Services,Payroll Taxes
COLORADO DEMOCRATIC PARTY,Political Party Committee,987.33,2025-02-04 00:00:00,Paychex,Norristown,PA,19403,Employee Services,Payroll Taxes
COLORADO DEMOCRATIC PARTY,Political Party Committee,2768.11,2025-02-04 00:00:00,Marykate  Wallace,Lafayette,CO,80026,Employee Services,Payroll
COLORADO FIRST ACTION,Political Committee,9.0,2025-02-04 00:00:00,,,,,Other,For Domain
COLORADO FIRST ACTION,Political Committee,32.4,2025-02-04 00:00:00,"Squarespace, Inc.",New York,NY,10014,Other,Website
DEMOCRATIC PARTY CONGRESSIONAL DISTRICT 4 COLORADO,Political Party Committee,34.0,2025-02-04 00:00:00,Atlassian (Jira),Mountain View,CA,94041,Advertising,Jira - Admin App
DEMOCRATIC PARTY CONGRESSIONAL DISTRICT 4 COLORADO,Political Party Committee,1.02,2025-02-04 00:00:00,Bank Transfer - Us Bank Accounts,Parker,CO,80134,Bank Fees,Cc Processing Fee
DEMOCRATIC PARTY CONGRESSIONAL DISTRICT 4 COLORADO,Political Party Committee,-1.02,2025-02-04 00:00:00,Bank Transfer - Us Bank Accounts,Parker,CO,80134,Bank Fees,Offset Due To Update Of Filed Item - Cc Processing Fee
DEMOCRATIC PARTY CONGRESSIONAL DISTRICT 4 COLORADO,Political Party Committee,1.02,2025-02-04 00:00:00,Us Bank,Parker,CO,80134,Bank Fees,Cc Processing Fee
INVESTHER,Political Committee,22.71,2025-02-04 00:00:00,Squarespace Inc.,New York,NY,10014,Other,Website & Email Hosting
LIBERTARIAN PARTY OF COLORADO (LPCO),Political Party Committee,1.44,2025-02-04 00:00:00,Stripe.Com,South San Francisco,CA,94080,Bank Fees,Credit Card Fees
LORENA FOR COLORADO LEADERSHIP FUND COMMITTEE,Political Committee,352.0,2025-02-04 00:00:00,Yasmin  Mohamud,Aurora,CO,80015,Consultant & Professional Services,
MANNY RUTINEL LEADERSHIP FUND,Political Committee,2000.0,2025-02-04 00:00:00,Logan  Souder,Commerce City,CO,80022,Employee Services,Payroll
MCCLUSKIE FOR COLORADO LEADERSHIP FUND,Political Committee,995.38,2025-02-04 00:00:00,Doubletree,Park City,UT,84060,Travel & Lodging,
MEGHAN LUKENS FOR CO LEADERSHIP PAC,Political Committee,203.78,2025-02-04 00:00:00,The Ski Locker,Steamboat Springs,CO,80487,Rent & Utilities,Coworking Rental Space. (Office Soace)
REBEKAH STEWART FOR COLORADO,Political Committee,181.88,2025-02-04 00:00:00,Don Bruns Llc,Denver,CO,80222,Miscellaneous,Photos
ADAMS EDUCATORS FOR PUBLIC EDUCATION,Small Donor Committee,67.5,2025-02-05 00:00:00,,,,,Other,Intuit
AMERICAN PROPERTY CASUALTY INSURANCE ASSOCIATION COLORADO POLITICAL ACTION COMMITTEE,Political Committee,-450.0,2025-02-05 00:00:00,Committee To Elect Cleave Simpson,Alamosa,CO,81101,Returned Expenditure,Void Of 10/3/2023 Contribution
AMERICAN PROPERTY CASUALTY INSURANCE ASSOCIATION COLORADO POLITICAL ACTION COMMITTEE,Political Committee,-450.0,2025-02-05 00:00:00,Dafna Michaelson Jenet For Sd21,Commerce City,CO,80022,Returned Expenditure,Void Of 10/3/2023 Contribution
AMERICAN PROPERTY CASUALTY INSURANCE ASSOCIATION COLORADO POLITICAL ACTION COMMITTEE,Political Committee,-725.0,2025-02-05 00:00:00,Mark Baisley Leadership Pac,Woodland Park,CO,80863,Returned Expenditure,Void Of 10/3/2023 Contribution
AMERICAN PROPERTY CASUALTY INSURANCE ASSOCIATION COLORADO POLITICAL ACTION COMMITTEE,Political Committee,-225.0,2025-02-05 00:00:00,Sonya For Colorado,Longmont,CO,80504,Returned Expenditure,Void Of 8/23/2024 Contribution
AMERICAN PROPERTY CASUALTY INSURANCE ASSOCIATION COLORADO POLITICAL ACTION COMMITTEE,Political Committee,-225.0,2025-02-05 00:00:00,Sonya For Colorado,Longmont,CO,80504,Returned Expenditure,Void Of 8/23/2024 Contribution
CARE SMALL DONOR COMMITTEE,Small Donor Committee,235.0,2025-02-05 00:00:00,Colorado Country Life,Denver,CO,80216,Office Equipment & Supplies,Sir Speedy Annual Booklets
"COLORADO CHIROPRACTIC PAC (CCA, CC-PAC)",Political Committee,35.83,2025-02-05 00:00:00,Affinipay,Austin,TX,78746,Bank Fees,
COLORADO DEMOCRATIC PARTY,Political Party Committee,120.0,2025-02-05 00:00:00,Denver Public Parking,Aurora,CO,80019,Travel & Lodging,Parking Fee
COLORADO DEMOCRATIC PARTY,Political Party Committee,68.14,2025-02-05 00:00:00,Google,Mountain View,CA,94043,Office Equipment & Supplies,Software Subscription
COLORADO DEMOCRATIC PARTY,Political Party Committee,115.32,2025-02-05 00:00:00,Google,Mountain View,CA,94043,Office Equipment & Supplies,Software Subscription
LIBERTARIAN PARTY OF COLORADO (LPCO),Political Party Committee,2.07,2025-02-05 00:00:00,Stripe.Com,South San Francisco,CA,94080,Bank Fees,Credit Card Fees
LUNDEEN LEADERSHIP FUND,Political Committee,4.25,2025-02-05 00:00:00,Denver Public Works,Denver,CO,80203,Other,7657 ∑ Vehicle Tolls And Parking
THE COLEMAN LEADERSHIP FUND,Political Committee,400.0,2025-02-05 00:00:00,Cprd,Denver,CO,80205,Other,Opening Day
AMERICAN HOTEL AND LODGING ASSOCIATION POLITICAL ACTION COMMITTEE ('HOTELPAC'),Political Committee,-225.0,2025-02-06 00:00:00,Catlin For Colorado,Montrose,CO,81403,Returned Expenditure,Void Of 7/18/2024 Contribution
COLORADO DEMOCRATIC PARTY,Political Party Committee,722.46,2025-02-06 00:00:00,The Center,Denver,CO,80218,Other,Parade Entry Fee
LIBERTARIAN PARTY OF COLORADO (LPCO),Political Party Committee,105.68,2025-02-06 00:00:00,Patriot Software Payroll,Canton,OH,44718,Employee Services,Payroll
LIBERTARIAN PARTY OF COLORADO (LPCO),Political Party Committee,2.34,2025-02-06 00:00:00,Stripe.Com,South San Francisco,CA,94080,Bank Fees,Credit Card Fees
LORENA FOR COLORADO LEADERSHIP FUND COMMITTEE,Political Committee,352.0,2025-02-06 00:00:00,Madeline  Vu,Aurora,CO,80013,Consultant & Professional Services,
LUNDEEN LEADERSHIP FUND,Political Committee,29.94,2025-02-06 00:00:00,Uber,San Francisco,CA,94103,Other,7610 ∑ Air/Bus/Train Travel
OTSUKA AMERICA PHARMACEUTICAL INC. PAC,Political Committee,-250.0,2025-02-06 00:00:00,Monica Duran For State Rep.,Wheat Ridge,CO,80033,Returned Expenditure,Void Check Not Cashed - Lost In Mail
WELLS FARGO AND COMPANY EMPLOYEE PAC (AKA WELLS FARGO EMPLOYEE PAC),Political Committee,-225.0,2025-02-06 00:00:00,Bridges For Colorado,Redacted By Sos,CO,99999,Returned Expenditure,Original Contribution Voided.
WELLS FARGO AND COMPANY EMPLOYEE PAC (AKA WELLS FARGO EMPLOYEE PAC),Political Committee,-225.0,2025-02-06 00:00:00,Armagost For Hd64,Redacted By Sos,CO,99999,Returned Expenditure,Original Contribution Voided.
BLUE LINE ADVOCATES PAC,Political Committee,200.0,2025-02-07 00:00:00,The Gardner Law Office,Colorado Springs,CO,80906,Consultant & Professional Services,Legal Filing
COLORADO COMMITTEE OF AUTO RETAILERS (COLO C.A.R.),Political Committee,2500.0,2025-02-07 00:00:00,Senate Majority Fund,Denver,CO,80205,Contributions,Event Sponsor
COLORADO LIBRARY POLITICAL ACTION COMMITTEE (CLPAC),Political Committee,14.94,2025-02-07 00:00:00,Paypal,San Jose,CA,95131,Miscellaneous,Paypal Fee
LUNDEEN LEADERSHIP FUND,Political Committee,16.94,2025-02-07 00:00:00,Uber,San Francisco,CA,94103,Other,7610 ∑ Air/Bus/Train Travel
REALTOR CANDIDATE POLITICAL ACTION COMMITTEE (RCPAC) - FKA: COLORADO ASSOCIATION OF REALTORS PAC (CO,Political Committee,675.0,2025-02-07 00:00:00,Ben For Gj,Grand Junction,CO,81502,Contributions,Contribution
REALTOR CANDIDATE POLITICAL ACTION COMMITTEE (RCPAC) - FKA: COLORADO ASSOCIATION OF REALTORS PAC (CO,Political Committee,675.0,2025-02-07 00:00:00,Cody For Gj,Grand Junction,CO,81507,Contributions,Contribution
REALTOR CANDIDATE POLITICAL ACTION COMMITTEE (RCPAC) - FKA: COLORADO ASSOCIATION OF REALTORS PAC (CO,Political Committee,675.0,2025-02-07 00:00:00,Ballard For Gj,Grand Junction,CO,81503,Contributions,Contribution
REALTOR CANDIDATE POLITICAL ACTION COMMITTEE (RCPAC) - FKA: COLORADO ASSOCIATION OF REALTORS PAC (CO,Political Committee,675.0,2025-02-07 00:00:00,Laurel For Grand Junction,Grand Junction,CO,81506,Contributions,Contribution
DEMOCRATIC WOMEN OF BOULDER COUNTY-SMALL DONOR COMMITTEE (DWBC-SDC),Small Donor Committee,-250.0,2025-02-08 00:00:00,Marta For Colorado,Longmont,CO,80503,Returned Expenditure,Check Was Never Cashed
DEMOCRATIC PARTY CONGRESSIONAL DISTRICT 4 COLORADO,Political Party Committee,1.03,2025-02-09 00:00:00,Actblue Technical Services,Somerville,MA,02144,Other,Cc Processing Fee
VELASCO LEADERSHIP FUND,Political Committee,0.79,2025-02-09 00:00:00,Actblue,Somerville,MA,02144,Consultant & Professional Services,
350 COLORADO ACTION PAC,Political Committee,225.0,2025-02-10 00:00:00,Sonya For Dems (Democrats),Longmont,CO,80504,Contributions,
350 COLORADO ACTION PAC,Political Committee,225.0,2025-02-10 00:00:00,Jenny Willford For Colorado,Northglenn,CO,80234,Contributions,
FENBERG LEADERSHIP FUND,Political Committee,23.17,2025-02-10 00:00:00,Godaddy,Tempe,AZ,85284,Other,Website Domain Renewal
FOOTHILLS REPUBLICANS,Political Committee,52.2,2025-02-10 00:00:00,Mary  Everson,Littleton,CO,80127,Other,Reimburse Mary Everson For Wix Expenses
LIBERTARIAN PARTY OF COLORADO (LPCO),Political Party Committee,30.45,2025-02-10 00:00:00,Fdms,Greenwood Village,CO,80111,Bank Fees,Service Fees
LIBERTARIAN PARTY OF COLORADO (LPCO),Political Party Committee,22.32,2025-02-10 00:00:00,Patriot Software Taxes,Canton,OH,44718,Employee Services,Payroll Taxes
LIBERTARIAN PARTY OF COLORADO (LPCO),Political Party Committee,0.45,2025-02-10 00:00:00,Stripe.Com,South San Francisco,CA,94080,Bank Fees,Credit Card Fees
UNITED COLORADO COMMITTEE,Political Party Committee,20.68,2025-02-10 00:00:00,Google,Mountain View,CO,94043,Office Equipment & Supplies,Off-Month Video Conferencing
VALERO ENERGY CORPORATION POLITICAL ACTION COMMITTEE,Political Committee,-225.0,2025-02-10 00:00:00,Dylan Roberts For Colorado,Redacted By Sos,CO,99999,Returned Expenditure,Check Lost/Uncashed
VALERO ENERGY CORPORATION POLITICAL ACTION COMMITTEE,Political Committee,-225.0,2025-02-10 00:00:00,Dylan Roberts For Colorado,Redacted By Sos,CO,99999,Returned Expenditure,Check Lost/Uncashed
VALERO ENERGY CORPORATION POLITICAL ACTION COMMITTEE,Political Committee,-225.0,2025-02-10 00:00:00,Monica Duran For State Rep.,Wheat Ridge,CO,80033,Returned Expenditure,Check Lost/Uncashed
VALERO ENERGY CORPORATION POLITICAL ACTION COMMITTEE,Political Committee,-225.0,2025-02-10 00:00:00,Monica Duran For State Rep.,Wheat Ridge,CO,80033,Returned Expenditure,Check Lost/Uncashed
VALERO ENERGY CORPORATION POLITICAL ACTION COMMITTEE,Political Committee,-225.0,2025-02-10 00:00:00,Pelton For State Senate,Sterling,CO,80751,Returned Expenditure,Check Lost/Uncashed
VALERO ENERGY CORPORATION POLITICAL ACTION COMMITTEE,Political Committee,-225.0,2025-02-10 00:00:00,Pelton For State Senate,Sterling,CO,80751,Returned Expenditure,Check Lost/Uncashed
BLUE LINE ADVOCATES PAC,Political Committee,300.0,2025-02-11 00:00:00,Sarah B Jack & Associates,Colordo Springs,CO,80906,Consultant & Professional Services,
BLUE LINE ADVOCATES PAC,Political Committee,182.0,2025-02-11 00:00:00,Sarah B Jack & Associates,Colordo Springs,CO,80906,Consultant & Professional Services,Po Box Rental
COLORADO CREDIT UNION POLITICAL ACTION COMMITTEE,Political Committee,54.95,2025-02-11 00:00:00,Forte Payment Systems,Allen,TX,75013,Bank Fees,
COLORADO DEMOCRATIC PARTY,Political Party Committee,27.86,2025-02-11 00:00:00,Mailchimp,Atlanta,GA,30308,Other,Subscription Fee
COLORADO MEDICAL SOCIETY SMALL DONOR COMMITTEE,Small Donor Committee,80.65,2025-02-11 00:00:00,Wells Fargo Bank,Portland,OR,97228,Bank Fees,
DOCTORS COMPANY COLORADO PAC (COLORADO DOCPAC),Political Committee,93.34,2025-02-11 00:00:00,Wells Fargo Bank,Santa Rosa,CA,95401,Bank Fees,Monthly Bank Fee
DUSTY TRAIL PAC,Political Committee,9.95,2025-02-11 00:00:00,,,,,Office Equipment & Supplies,Checks
EQUAL ACCESS FOR COLORADO AUTISM PATIENTS,Political Committee,17.8,2025-02-11 00:00:00,,,,,Office Equipment & Supplies,
FRIENDS OF COLORADO HOSPITALS (F/K/A HOSPITALS EXPRESS LEGISLATIVE PREFERENCE),Political Committee,154.64,2025-02-11 00:00:00,,,,,Bank Fees,Feb Bank Service Fees
FRIENDS OF COLORADO HOSPITALS (F/K/A HOSPITALS EXPRESS LEGISLATIVE PREFERENCE),Political Committee,25.95,2025-02-11 00:00:00,,,,,Bank Fees,Feb Merchant Fee
GRISWOLD LEADERSHIP PAC,Political Committee,2.0,2025-02-11 00:00:00,,,,,Bank Fees,
LIBERTARIAN PARTY OF COLORADO (LPCO),Political Party Committee,49.95,2025-02-11 00:00:00,Clover App,Sunnyvale,CA,94085,Bank Fees,Service Fees
LIBERTARIAN PARTY OF COLORADO (LPCO),Political Party Committee,50.0,2025-02-11 00:00:00,Tmobile,Albuquerque,NM,87176,Telephone,Internet Hot Spot
LUNDEEN LEADERSHIP FUND,Political Committee,463.41,2025-02-11 00:00:00,Capitol Grill,Denver,CO,80202,Other,5190 ∑ Other Event Expense
LUNDEEN LEADERSHIP FUND,Political Committee,4.0,2025-02-11 00:00:00,Denver Public Works,Denver,CO,80203,Other,7657 ∑ Vehicle Tolls And Parking
LUNDEEN LEADERSHIP FUND,Political Committee,21.6,2025-02-11 00:00:00,Google,Moutain Views,CA,94043,Other,6410 ∑ Registration & Hosting
MANNY RUTINEL LEADERSHIP FUND,Political Committee,100.0,2025-02-11 00:00:00,John Alge For 2025 Ward 2 Election,Thornton,CO,80229,Contributions,
SHEILA FOR COLORADO LEADERSHIP FUND,Political Committee,250.0,2025-02-11 00:00:00,"Gerald Jerry""""  Ditullio",Wheat Ridge,CO,80033,Other,Contribution To Jerry Ditullio State Treasurer Candidate
TWO RIVERS LEADERSHIP PAC,Political Committee,400.0,2025-02-11 00:00:00,Strategic Compliance Llc,Denver,CO,80205,Consultant & Professional Services,
VALDEZ FOR COLORADO RAINBOW FUND,Political Committee,201.89,2025-02-11 00:00:00,Squarespace Inc.,New York,NY,10014,Office Equipment & Supplies,
WILEY WILL PAC,Political Committee,400.0,2024-02-12 00:00:00,Strategic Compliance,Denver,CO,80205,Consultant & Professional Services,
CATLIN PAC,Political Committee,400.0,2025-02-12 00:00:00,Strategic Compliance Llc,Denver,CO,80205,Consultant & Professional Services,
LEADERSHIP FOR EDUCATIONAL EQUITY - COLORADO PAC,Political Committee,24.22,2025-02-12 00:00:00,,,,,Consultant & Professional Services,
LIBERTARIAN PARTY OF COLORADO (LPCO),Political Party Committee,5.81,2025-02-12 00:00:00,Microsoft,Redmond,WA,98052,Office Equipment & Supplies,Ms 365
NABIP COLORADO POLITICAL ACTION COMMITTEE,Political Committee,1.24,2025-02-12 00:00:00,Paypal,San Jose,CA,95131,Bank Fees,
BNSF RAILWAY COMPANY RAILPAC (BNSF RAILPAC),Political Committee,2500.0,2025-02-13 00:00:00,Colorado Way Forward,Denver,CO,80206,Contributions,
BNSF RAILWAY COMPANY RAILPAC (BNSF RAILPAC),Political Committee,2500.0,2025-02-13 00:00:00,Senate Majority Fund,Denver,CO,80205,Contributions,
COLORADO CLEANTECH PAC,Political Committee,50.0,2025-02-13 00:00:00,Colorado Secretary Of State,Denver,CO,80290,Other,Late Filing Fee
COLORADO DEMOCRATIC PARTY,Political Party Committee,15.85,2025-02-13 00:00:00,,,,,Miscellaneous,Software Fees
COLORADO DEMOCRATIC PARTY,Political Party Committee,34.91,2025-02-13 00:00:00,Zoom,San Jose,CA,95113,Travel & Lodging,Web Conferencing Services
FENBERG LEADERSHIP FUND,Political Committee,85.32,2025-02-13 00:00:00,Godaddy,Tempe,AZ,85284,Other,Domain Renewal
LIBERTARIAN PARTY OF COLORADO (LPCO),Political Party Committee,1.05,2025-02-13 00:00:00,Stripe.Com,South San Francisco,CA,94080,Bank Fees,Credit Card Fees
SHEILA FOR COLORADO LEADERSHIP FUND,Political Committee,1500.0,2025-02-13 00:00:00,Colorado Democratic Party,Denver,CO,80203,Other,Majority Project Dues
COLORADO ORAL & MAXILLOFACIAL SURGERY PAC (CSOMS),Political Committee,-200.0,2025-02-14 00:00:00,Gonzalez For 50,Greeley,CO,80634,Returned Expenditure,Check Never Cashed
COLORADO RADIOLOGICAL SOCIETY POLITICAL COMMITTEE,Political Committee,6.5,2025-02-14 00:00:00,,,,,Bank Fees,
DEMOCRATIC PARTY CONGRESSIONAL DISTRICT 4 COLORADO,Political Party Committee,25.24,2025-02-14 00:00:00,Intuit Quickbooks,Mountain View,CA,94043,Contributions,Bookkeeping
LIBERTARIAN PARTY OF COLORADO (LPCO),Political Party Committee,1.62,2025-02-14 00:00:00,Stripe.Com,South San Francisco,CA,94080,Bank Fees,Credit Card Fees
THE COLEMAN LEADERSHIP FUND,Political Committee,173.01,2025-02-14 00:00:00,Tasty Thai,Denver,CO,80224,"Food, Beverages and Meals",
US ANESTHESIA PARTNERS COLORADO STATE COMMITTEE,Political Committee,68.6,2025-02-14 00:00:00,Bok Financial,Denver,CO,80217,Bank Fees,Bank Fees
VELASCO LEADERSHIP FUND,Political Committee,4.3,2025-02-14 00:00:00,Alpine Bank,Grand Junction,CO,81501,Bank Fees,Account Activity Fee
COLORADO CENTER PARTY CENTRAL COMMITTEE,Political Party Committee,1000.0,2025-02-15 00:00:00,Gazette Advertising,Colorado Springs,CO,80903,Advertising,
CREATING LEADERS PAC,Political Committee,560.0,2025-02-15 00:00:00,Coblue Llc,Denver,CO,80218,Consultant & Professional Services,
MONICA PAC,Political Committee,1000.0,2025-02-16 00:00:00,Proctor For Jeffco,Lakewood,CO,80228,Contributions,
COLORADO DEMOCRATIC PARTY,Political Party Committee,67.83,2025-02-17 00:00:00,Joselyn D Jackson,Aurora,CO,80013,Travel & Lodging,Mileage Reimbursement
FRIENDS OF COLORADO EMERGENCY MEDICAL SERVICES SDC,Small Donor Committee,2.4,2025-02-17 00:00:00,Anedot,Baton Rouge,LA,70884,Bank Fees,Fee For Contribution From Robert Fager
LUNDEEN LEADERSHIP FUND,Political Committee,450.0,2025-02-17 00:00:00,Dana Charles For Colorado,Pueblo West,CO,81007,Other,8200 ∑ Candidate Support
NABIP COLORADO POLITICAL ACTION COMMITTEE,Political Committee,0.91,2025-02-17 00:00:00,Quickbooks Payments,Woodland Hills,CA,91367,Bank Fees,
BLUE LINE ADVOCATES PAC,Political Committee,2500.0,2025-02-18 00:00:00,Sarah B Jack & Associates,Colordo Springs,CO,80906,Consultant & Professional Services,Professional Services
BUILDING BRIDGES FOR COLORADO,Political Committee,2.0,2025-02-18 00:00:00,1St Bank,Lakewood,CO,80215,Bank Fees,
COLORADO DEMOCRATIC PARTY,Political Party Committee,10.0,2025-02-18 00:00:00,The Action Network,New York,NY,10016,Office Equipment & Supplies,Subscription
FOOTHILLS REPUBLICANS,Political Committee,4000.0,2025-02-18 00:00:00,Independence Institute,Denver,CO,80203,Contributions,2025 Contribution
FRIENDS OF COLORADO EMERGENCY MEDICAL SERVICES SDC,Small Donor Committee,2.4,2025-02-18 00:00:00,Anedot,Baton Rouge,LA,70884,Bank Fees,Bank Fee For Contribution From Sean Caffrey
FRIENDS OF COLORADO EMERGENCY MEDICAL SERVICES SDC,Small Donor Committee,2.4,2025-02-18 00:00:00,Anedot,Baton Rouge,LA,70884,Bank Fees,Fee For Contribution From Sean Keenan
FRIENDS OF COLORADO EMERGENCY MEDICAL SERVICES SDC,Small Donor Committee,1.35,2025-02-18 00:00:00,Anedot,Baton Rouge,LA,70884,Bank Fees,Fee For Contribution From Scott Sholes
FRIENDS OF COLORADO EMERGENCY MEDICAL SERVICES SDC,Small Donor Committee,2.4,2025-02-18 00:00:00,Anedot,Baton Rouge,LA,70884,Bank Fees,Fee For Contribution From Tyler Mckinnon
FRIENDS OF COLORADO EMERGENCY MEDICAL SERVICES SDC,Small Donor Committee,2.4,2025-02-18 00:00:00,Anedot,Baton Rouge,LA,70884,Bank Fees,Fee For Contribution From David Detray
LIBERTARIAN PARTY OF COLORADO (LPCO),Political Party Committee,151.2,2025-02-18 00:00:00,Microsoft,Redmond,WA,98052,Office Equipment & Supplies,Ms 365
LIBERTARIAN PARTY OF COLORADO (LPCO),Political Party Committee,67.0,2025-02-18 00:00:00,Smart Space,Lakewood,CO,80215,Rent & Utilities,Storage Space
LIBERTARIAN PARTY OF COLORADO (LPCO),Political Party Committee,1.05,2025-02-18 00:00:00,Stripe.Com,South San Francisco,CA,94080,Bank Fees,Credit Card Fees
MAKE GREAT CHOICES PAC,Political Committee,190.0,2025-02-18 00:00:00,Jen  Swanty,Loveland,CO,80538,Contributions,She'S Running For Loveland City Council
MANNY RUTINEL LEADERSHIP FUND,Political Committee,150.0,2025-02-18 00:00:00,Claire Carmelia For Westminster City Council,Westminster,CO,80031,Contributions,
YARA LEADERSHIP FUND,Political Committee,50.0,2025-02-18 00:00:00,"Jonah Salehi, Consultant",Fort Collins,CO,80526,Consultant & Professional Services,
COLORADO DEMOCRATIC PARTY,Political Party Committee,2248.22,2025-02-19 00:00:00,Michael S Merrifield,Arvada,CO,80005,Employee Services,Payroll
COLORADO DEMOCRATIC PARTY,Political Party Committee,1.28,2025-02-19 00:00:00,Paychex,Norristown,PA,19403,Employee Services,Hr Services
COLORADO DEMOCRATIC PARTY,Political Party Committee,1344.08,2025-02-19 00:00:00,Paychex,Norristown,PA,19403,Employee Services,Payroll Taxes
COLORADO DEMOCRATIC PARTY,Political Party Committee,975.58,2025-02-19 00:00:00,Paychex,Norristown,PA,19403,Employee Services,Payroll Taxes
COLORADO DEMOCRATIC PARTY,Political Party Committee,2773.94,2025-02-19 00:00:00,Marykate  Wallace,Lafayette,CO,80026,Employee Services,Payroll
HOOD LEADERSHIP PAC,Political Committee,113.85,2025-02-19 00:00:00,Hilltop Public Solutions,Washington,DC,20007,Consultant & Professional Services,
LIBERTARIAN PARTY OF COLORADO (LPCO),Political Party Committee,0.59,2025-02-19 00:00:00,Stripe.Com,South San Francisco,CA,94080,Bank Fees,Credit Card Fees
APPROVAL VOTING PARTY,Political Party Committee,100.0,2025-02-20 00:00:00,Colorado Politics,Denver,CO,80203,Advertising,
COLORADO CREDIT UNION POLITICAL ACTION COMMITTEE,Political Committee,400.0,2025-02-20 00:00:00,Jason  Anaya-Ledeboer,Thornton,CO,80241,Contributions,Jason 4 Thornton Campaign
FRIENDS OF COLORADO EMERGENCY MEDICAL SERVICES SDC,Small Donor Committee,2.4,2025-02-20 00:00:00,Anedot,Baton Rouge,LA,70884,Bank Fees,Fee For Contribution From Tom Anderson
FRIENDS OF COLORADO EMERGENCY MEDICAL SERVICES SDC,Small Donor Committee,2.4,2025-02-20 00:00:00,Anedot,Baton Rouge,LA,70884,Bank Fees,Fee For Contribution From Michelle Anderson
GREEN PARTY OF COLORADO,Political Party Committee,0.58,2025-02-20 00:00:00,Paypal,San Jose,CA,95131,Bank Fees,
JAVIER'S ECONOMIC JUSTICE FUND,Political Committee,62.92,2025-02-20 00:00:00,Pho-Natic,Denver,CO,80203,"Food, Beverages and Meals",
LIBERTARIAN PARTY OF COLORADO (LPCO),Political Party Committee,9.64,2025-02-20 00:00:00,Stripe.Com,South San Francisco,CA,94080,Bank Fees,Credit Card Fees
NABIP COLORADO POLITICAL ACTION COMMITTEE,Political Committee,6.57,2025-02-20 00:00:00,Quickbooks Payments,Woodland Hills,CA,91367,Bank Fees,
LIBERTARIAN PARTY OF COLORADO (LPCO),Political Party Committee,1.03,2025-02-21 00:00:00,Stripe.Com,South San Francisco,CA,94080,Bank Fees,Credit Card Fees
FRIENDS OF COLORADO EMERGENCY MEDICAL SERVICES SDC,Small Donor Committee,2.4,2025-02-22 00:00:00,Anedot,Baton Rouge,LA,70884,Bank Fees,Fee For Contribution From Annie Dorchak
SNYDER FOR COLORADO LEADERSHIP FUND,Political Committee,250.0,2025-02-22 00:00:00,Friends Of John Mikos,Monument,CO,80132,Contributions,
CHEYENNE MOUNTAIN REPUBLICAN FORUM POLITICAL COMMITTEE,Political Committee,355.0,2025-02-23 00:00:00,Cottonwood Center For The Arts,Colorado Springs,CO,80903,Fundraising Expenses,Event Space Rental
CHEYENNE MOUNTAIN REPUBLICAN FORUM POLITICAL COMMITTEE,Political Committee,48.0,2025-02-23 00:00:00,Safeway,Colorado Springs,CO,80906,Fundraising Expenses,Food For Event
CHEYENNE MOUNTAIN REPUBLICAN FORUM POLITICAL COMMITTEE,Political Committee,46.5,2025-02-23 00:00:00,King Soopers,Colorado Springs,CO,80907,Fundraising Expenses,Food For Event
CHEYENNE MOUNTAIN REPUBLICAN FORUM POLITICAL COMMITTEE,Political Committee,7.0,2025-02-23 00:00:00,Safeway,Colorado Springs,CO,80906,Fundraising Expenses,Food For Event
CHEYENNE MOUNTAIN REPUBLICAN FORUM POLITICAL COMMITTEE,Political Committee,40.0,2025-02-23 00:00:00,Safeway,Colorado Springs,CO,80906,Fundraising Expenses,Food For Event
CHEYENNE MOUNTAIN REPUBLICAN FORUM POLITICAL COMMITTEE,Political Committee,50.0,2025-02-23 00:00:00,Safeway,Colorado Springs,CO,80906,Fundraising Expenses,Food For Event
CHEYENNE MOUNTAIN REPUBLICAN FORUM POLITICAL COMMITTEE,Political Committee,23.0,2025-02-23 00:00:00,Safeway,Colorado Springs,CO,80906,Fundraising Expenses,Food For Event
CHEYENNE MOUNTAIN REPUBLICAN FORUM POLITICAL COMMITTEE,Political Committee,111.81,2025-02-23 00:00:00,Kay  Rendleman,Colorado Springs,CO,80919,Fundraising Expenses,Beverages And Paper Goods For Event
DEMOCRATIC PARTY CONGRESSIONAL DISTRICT 4 COLORADO,Political Party Committee,0.99,2025-02-23 00:00:00,Actblue Technical Services,Somerville,MA,02144,Other,Cc Processing Fee
MONICA PAC,Political Committee,0.2,2025-02-23 00:00:00,Actblue,West Somerville,MA,02144,Fundraising Expenses,
PAC (POLITICAL ACTION COMMITTEE) TO THE FUTURE,Political Committee,0.99,2025-02-23 00:00:00,Actblue,Somerville,MA,02144,Fundraising Expenses,
CARE SMALL DONOR COMMITTEE,Small Donor Committee,258.5,2025-02-24 00:00:00,Colorado Country Life,Denver,CO,80216,Other,"Care Brochure, Annual Report, Newsletter"
CARE SMALL DONOR COMMITTEE,Small Donor Committee,262.5,2025-02-24 00:00:00,Colorado Country Life,Denver,CO,80216,Employee Services,Troy Whitmore Consulting 2025-01
CARE SMALL DONOR COMMITTEE,Small Donor Committee,165.0,2025-02-24 00:00:00,Colorado Country Life,Denver,CO,80216,Other,2025-02 Ccl Dept Billing - C Gloe Care Booklet Printing And Bills And Summaries - Care Reimb 03172025 02/07/2025
COLORADO CENTER PARTY CENTRAL COMMITTEE,Political Party Committee,2.08,2025-02-24 00:00:00,Google Ads,Mountain View,CA,94043,Miscellaneous,
COLORADO DEMOCRATIC PARTY,Political Party Committee,1.0,2025-02-24 00:00:00,,,,,Miscellaneous,Parking Fee
FENBERG LEADERSHIP FUND,Political Committee,45.34,2025-02-24 00:00:00,Godaddy,Tempe,AZ,85284,Other,Domain
FENBERG LEADERSHIP FUND,Political Committee,100.0,2025-02-24 00:00:00,Marsing For Longmont,Longmont,CO,80503,Contributions,Contribution
IAFF #3 SMALL DONOR ACCOUNT,Small Donor Committee,15000.0,2025-02-24 00:00:00,Pueblo Firefighter Historical Society,Pueblo,CO,81003,Contributions,Donation Of Unused Contributions To Irs Recognized Non-Profit Pueblo Firefighters Historical Society.
LIBERTARIAN PARTY OF COLORADO (LPCO),Political Party Committee,46.34,2025-02-24 00:00:00,Godaddy,Tempe,AZ,85284,Advertising,Internet
LIBERTARIAN PARTY OF COLORADO (LPCO),Political Party Committee,463.31,2025-02-24 00:00:00,Patriot Software Payroll,Canton,OH,44718,Employee Services,Payroll
LIBERTARIAN PARTY OF COLORADO (LPCO),Political Party Committee,0.59,2025-02-24 00:00:00,Stripe.Com,South San Francisco,CA,94080,Bank Fees,Credit Card Fees
REALTOR CANDIDATE POLITICAL ACTION COMMITTEE (RCPAC) - FKA: COLORADO ASSOCIATION OF REALTORS PAC (CO,Political Committee,400.0,2025-02-24 00:00:00,Ken Cruz For Lakewood,Lakewood,CO,80232,Contributions,Contribution
VALDEZ FOR COLORADO RAINBOW FUND,Political Committee,84.12,2025-02-24 00:00:00,Mailchimp,Atlanta,GA,30308,Office Equipment & Supplies,
VALDEZ FOR COLORADO RAINBOW FUND,Political Committee,21.03,2025-02-24 00:00:00,Zoho,Pleasantville,CA,94588,Office Equipment & Supplies,
COLORADO CENTER PARTY CENTRAL COMMITTEE,Political Party Committee,1.07,2025-02-25 00:00:00,Paypal Inc.,San Jose,CA,95131,Bank Fees,
COMMITTEE FOR PHYSICIAN ANESTHESIA CARE,Political Committee,49.15,2025-02-25 00:00:00,,,,,Bank Fees,Paypal Fees
FRIENDS OF COLORADO EMERGENCY MEDICAL SERVICES SDC,Small Donor Committee,19.8,2025-02-25 00:00:00,First Bank,Lakewood,CO,80215,Bank Fees,Bank Fee For Checks
GREEN PARTY OF COLORADO,Political Party Committee,21.99,2025-02-25 00:00:00,Godaddy Inc,Tempe,AZ,85281,Other,Web Hosting
JAVIER'S ECONOMIC JUSTICE FUND,Political Committee,90.6,2025-02-25 00:00:00,Pho-Natic,Denver,CO,80203,"Food, Beverages and Meals",
KAREN FOR CO LEADERSHIP PAC,Political Committee,290.0,2025-02-25 00:00:00,Jake  Marsing,Longmont,CO,80504,Other,City Council
LIBERTARIAN PARTY OF COLORADO (LPCO),Political Party Committee,5.0,2025-02-25 00:00:00,X (Twitter),San Francisco,CA,94103,Advertising,Social Media Ads
LINDSEY FOR COLORADO LEADERSHIP FUND,Political Committee,1000.0,2025-02-25 00:00:00,Claire Carmelia,Westminster,CO,80031,Contributions,
METRO HOUSING COALITION (MHC),Political Committee,2000.0,2025-02-25 00:00:00,Brighter Colorado Futures 527,Denver,CO,80202,Contributions,
METRO HOUSING COALITION (MHC),Political Committee,400.0,2025-02-25 00:00:00,Ken Cruz For Lakewood,Lakewood,CO,80232,Contributions,Local Candidate Contribution
METRO HOUSING COALITION (MHC),Political Committee,400.0,2025-02-25 00:00:00,Eric Garcia For City Council,Thornton,CO,80260,Contributions,Local Candidate Contribution
METRO HOUSING COALITION (MHC),Political Committee,2000.0,2025-02-25 00:00:00,Friends Of Justin Brooks,Erie,CO,80516,Contributions,Local Candidate Contribution
ADVANCED ENERGY ACTION,Political Committee,26.0,2025-02-26 00:00:00,Amalgamated Bank,Washington,DC,20006,Bank Fees,Bank Fees
COLORADO FORWARD PARTY COMMITTEE,Political Party Committee,29.0,2025-02-26 00:00:00,Printify Incorporated,San Francisco,CA,94103,Office Equipment & Supplies,Printify Merchandise Store
DLCC COLORADO (DEMOCRATIC LEGISLATIVE CAMPAIGN COMMITTEE COLORADO),Small Donor Committee,14.0,2025-02-26 00:00:00,Amalgamated Bank,New York,NY,10001,Bank Fees,
EMILY'S LIST COLORADO SMALL DONOR COMMITTEE,Small Donor Committee,91.0,2025-02-26 00:00:00,Amalgamated Bank,Washington,DC,20006,Bank Fees,Bank Fees
FENBERG LEADERSHIP FUND,Political Committee,137.1,2025-02-26 00:00:00,Mailchimp,Atlanta,GA,30308,Other,Mail Services
FRIENDS OF COLORADO EMERGENCY MEDICAL SERVICES SDC,Small Donor Committee,2.24,2025-02-26 00:00:00,Anedot,Baton Rouge,LA,70884,Bank Fees,Fee For Contribution From Eric Murray
FRIENDS OF COLORADO EMERGENCY MEDICAL SERVICES SDC,Small Donor Committee,2.24,2025-02-26 00:00:00,Anedot,Baton Rouge,LA,70884,Bank Fees,Fee For Contribution From Lauren Murray
FRIENDS OF COLORADO EMERGENCY MEDICAL SERVICES SDC,Small Donor Committee,2.4,2025-02-26 00:00:00,Anedot,Baton Rouge,LA,70884,Bank Fees,Fee For Contribution From Timothy Dienst
LIBERTARIAN PARTY OF COLORADO (LPCO),Political Party Committee,102.64,2025-02-26 00:00:00,Patriot Software Taxes,Canton,OH,44718,Employee Services,Payroll Taxes
LIBERTARIAN PARTY OF COLORADO (LPCO),Political Party Committee,2.06,2025-02-26 00:00:00,Stripe.Com,South San Francisco,CA,94080,Bank Fees,Credit Card Fees
LIBERTARIAN PARTY OF COLORADO (LPCO),Political Party Committee,1.33,2025-02-26 00:00:00,Stripe.Com,South San Francisco,CA,94080,Bank Fees,Credit Card Fees
COLORADO COMMITTEE OF AUTO RETAILERS (COLO C.A.R.),Political Committee,1000.0,2025-02-27 00:00:00,Don Sheehan For Centennial Mayor,Centennial,CO,80015,Contributions,Centennial Mayoral Election.
COLORADO COMMITTEE OF AUTO RETAILERS (COLO C.A.R.),Political Committee,2500.0,2025-02-27 00:00:00,New Day Colorado Fund,Fort Lupton,CO,80621,Contributions,Event Sponsor
COLORADO DEMOCRATIC PARTY,Political Party Committee,76.03,2025-02-27 00:00:00,Uber Eats,Denver,CO,80239,"Food, Beverages and Meals",Food And Beverage For Staff
COLORADO DENTAL HYGIENISTS PAC,Political Committee,15.0,2025-02-27 00:00:00,Jpmorgan Chase Bank,Columbus,OH,43218-2051,Bank Fees,
HAMRICK LEADERSHIP FUND,Political Committee,50.0,2025-02-27 00:00:00,Colorado Secretary Of State,Denver,CO,80290,Other,Fcpa Invoice
JAVIER'S ECONOMIC JUSTICE FUND,Political Committee,53.1,2025-02-27 00:00:00,Jlr Burritos,Denver,CO,80203,"Food, Beverages and Meals",
LIBERTARIAN PARTY OF COLORADO (LPCO),Political Party Committee,0.6,2025-02-27 00:00:00,Stripe.Com,South San Francisco,CA,94080,Bank Fees,Credit Card Fees
VALDEZ FOR COLORADO RAINBOW FUND,Political Committee,2.0,2025-02-27 00:00:00,First Bank,Lakewood,CO,80215,Bank Fees,
ACCESS TO PEDIATRIC BEHAVIORAL THERAPY FOR COLORADO CHILDREN,Political Committee,12.0,2025-02-28 00:00:00,First Bank,Lakewood,CO,80215,Bank Fees,
ADAMS EDUCATORS FOR PUBLIC EDUCATION,Small Donor Committee,5.0,2025-02-28 00:00:00,,,,,Bank Fees,
"AGRICULTURE STRONG, COLORADO UNITED",Small Donor Committee,10.0,2025-02-28 00:00:00,First Bank North,Brighton,CO,80601,Bank Fees,
CERTIFIED PUBLIC ACCOUNTANTS PAC,Political Committee,5.0,2025-02-28 00:00:00,,,,,Bank Fees,Bank Fee
COLORADO COMMITTEE OF AUTO RETAILERS (COLO C.A.R.),Political Committee,3.0,2025-02-28 00:00:00,,,,,Bank Fees,Bank Fees
COLORADO DEMOCRATIC PARTY,Political Party Committee,2.0,2025-02-28 00:00:00,Firstbank,Lakewood,CO,80215,Bank Fees,Bank Fees
COLORADO DEMOCRATIC PARTY,Political Party Committee,8.0,2025-02-28 00:00:00,Firstbank,Lakewood,CO,80215,Bank Fees,Bank Fees
COLORADO DEMOCRATIC PARTY,Political Party Committee,2.0,2025-02-28 00:00:00,Firstbank,Lakewood,CO,80215,Bank Fees,Bank Fees
COLORADO DEMOCRATIC PARTY,Political Party Committee,0.02,2025-02-28 00:00:00,Firstbank,Lakewood,CO,80215,Bank Fees,Bank Fees
COLORADO LEAGUE OF CHARTER SCHOOLS ACTION SMALL DONOR COMMITTEE (CLCS ACTION SDC),Small Donor Committee,12.0,2025-02-28 00:00:00,Firstbank,Denver,CO,80203,Bank Fees,Bank Fees
COLORADO PSYCHOLOGICAL ASSOCIATION,Political Committee,25.0,2025-02-28 00:00:00,Keybank National Association,Greenwood Village,CO,80111,Bank Fees,
COLORADO SKI COUNTRY USA PAC,Political Committee,5.0,2025-02-28 00:00:00,,,,,Bank Fees,Bank Service Charge
EQUAL ACCESS FOR COLORADO AUTISM PATIENTS,Political Committee,22.0,2025-02-28 00:00:00,First Bank,Lakewood,CO,80215,Bank Fees,
FAMILIES FOR RESPONSIBLE GOVERNMENT,Political Committee,2.0,2025-02-28 00:00:00,Firstbank,Brighton,CO,80601,Bank Fees,
FENBERG LEADERSHIP FUND,Political Committee,9.0,2025-02-28 00:00:00,,,,,Bank Fees,Bank Fee
FUERZA,Small Donor Committee,2.0,2025-02-28 00:00:00,Firstbank,Denver,CO,80211,Bank Fees,
GREENCO PC,Political Committee,5.0,2025-02-28 00:00:00,Firstbank,Glendale,CO,80246,Bank Fees,Entered Late Because The Bank Said They Weren'T Going To Charge Us And Then Did.
HOME CARE PAC,Political Committee,3.0,2025-02-28 00:00:00,Keybank,Cleveland,OH,44101,Bank Fees,
JAVIER'S ECONOMIC JUSTICE FUND,Political Committee,2.0,2025-02-28 00:00:00,First Bank,Lakewood,CO,80235,Bank Fees,
JESSIE DANIELSON GRASSROOTS FUND,Small Donor Committee,15.0,2025-02-28 00:00:00,Chase Bank,Wheat Ridge,CO,80033,Bank Fees,
JESSIE DANIELSON PAC,Political Committee,15.0,2025-02-28 00:00:00,Chase Bank,Wheat Ridge,CO,80033,Bank Fees,
KAREN FOR CO LEADERSHIP PAC,Political Committee,6.0,2025-02-28 00:00:00,Vectra Bank Colorado,Longmont,CO,80501,Bank Fees,
LIBERTARIAN PARTY OF COLORADO (LPCO),Political Party Committee,1.64,2025-02-28 00:00:00,Stripe.Com,South San Francisco,CA,94080,Bank Fees,Credit Card Fees
MAX PAC,Political Committee,2.0,2025-02-28 00:00:00,Independent Financial,Castle Rock,CO,80104,Bank Fees,Monthly Bank Fees
MONICA PAC,Political Committee,2.0,2025-02-28 00:00:00,,,,,Bank Fees,
NAIOP COLORADO PAC,Political Committee,15.0,2025-02-28 00:00:00,1Stbank Of Denver,Denver,CO,80202,Bank Fees,
NAIOP COLORADO SMALL DONOR COMMITTEE,Small Donor Committee,27.0,2025-02-28 00:00:00,1Stbank Of Denver,Denver,CO,80202,Bank Fees,
NURSES FOR POLITCAL ACTION IN COLORADO (N-PAC),Political Committee,10.0,2025-02-28 00:00:00,Umb Bank,Denver,CO,80218,Bank Fees,
ODOPAC,Political Committee,2.0,2025-02-28 00:00:00,First Bank,Thornton,CO,80233,Bank Fees,
ORALE FUND,Political Committee,2.0,2025-02-28 00:00:00,Firstbank,Denver,CO,80203,Bank Fees,
PAC (POLITICAL ACTION COMMITTEE) TO THE FUTURE,Political Committee,2.0,2025-02-28 00:00:00,Firstbank,Lakewood,CO,80215,Bank Fees,
REALTOR CANDIDATE POLITICAL ACTION COMMITTEE (RCPAC) - FKA: COLORADO ASSOCIATION OF REALTORS PAC (CO,Political Committee,25.0,2025-02-28 00:00:00,Firstbank,Lakewood,CO,80215,Bank Fees,Bank Fees
REALTOR CANDIDATE POLITICAL ACTION COMMITTEE (RCPAC) - FKA: COLORADO ASSOCIATION OF REALTORS PAC (CO,Political Committee,400.0,2025-02-28 00:00:00,Eric Garcia For City Council,Thorton,CO,80260,Contributions,Contribution
REALTOR SMALL DONOR COMMITTEE (RSDC),Small Donor Committee,25.0,2025-02-28 00:00:00,Firstbank,Lakewood,CO,80215,Bank Fees,Bank Fee
SHEILA FOR COLORADO LEADERSHIP FUND,Political Committee,2.0,2025-02-28 00:00:00,First Bank,Lakewood,CO,80232,Bank Fees,Bank Fee
SNYDER FOR COLORADO LEADERSHIP FUND,Political Committee,2.0,2025-02-28 00:00:00,First Bank,Lakewood,CO,80215,Bank Fees,
TAKE COLO BACK POLITICAL COMM,Political Committee,2.0,2025-02-28 00:00:00,First Bank,Brighton,CO,80601,Bank Fees,
THE COLEMAN LEADERSHIP FUND,Political Committee,4.0,2025-02-28 00:00:00,1St Bank,Denver,CO,80249,Bank Fees,
VOICES FOR CHOICE SMALL DONOR COMMITTEE,Small Donor Committee,2.0,2025-02-28 00:00:00,,,,,Bank Fees,Bank Fees
COLORADANS FOR WESTERN VALUES LEADERSHIP PAC,Political Committee,400.0,2025-03-01 00:00:00,Kelly Sloan & Assoc,Denver,CO,80202,Consultant & Professional Services,
COLORADO CENTER PARTY CENTRAL COMMITTEE,Political Party Committee,12.52,2025-03-01 00:00:00,Digital Ocean,New York,NY,10013,Miscellaneous,
COLORADO CENTER PARTY CENTRAL COMMITTEE,Political Party Committee,1.94,2025-03-01 00:00:00,Paypal Inc.,San Jose,CA,95131,Bank Fees,
CREATING LEADERS PAC,Political Committee,560.0,2025-03-01 00:00:00,Coblue Llc,Denver,CO,80218,Consultant & Professional Services,
GREEN PARTY OF COLORADO,Political Party Committee,0.84,2025-03-01 00:00:00,Paypal,San Jose,CA,95131,Bank Fees,
LIBERTARIAN PARTY OF COLORADO (LPCO),Political Party Committee,1.05,2025-03-01 00:00:00,Stripe.Com,South San Francisco,CA,94080,Bank Fees,Credit Card Fees
LINDSEY FOR COLORADO LEADERSHIP FUND,Political Committee,450.0,2025-03-01 00:00:00,Lori For Colorado,Westminster,CO,80031,Contributions,
LUNDEEN LEADERSHIP FUND,Political Committee,21.6,2025-03-01 00:00:00,Google,Moutain Views,CA,94043,Other,6410 ∑ Registration & Hosting
LUNDEEN LEADERSHIP FUND,Political Committee,2818.36,2025-03-01 00:00:00,Hellolanding,Birmingham,AL,35203,Other,7630 ∑ Lodging
LUNDEEN LEADERSHIP FUND,Political Committee,45.0,2025-03-01 00:00:00,Marriott Bonvoy Card,Carol Stream,IL,60197,Other,7720 ∑ Licenses & Fees
DEMOCRATIC PARTY CONGRESSIONAL DISTRICT 4 COLORADO,Political Party Committee,1.6,2025-03-02 00:00:00,Actblue Technical Services,Somerville,MA,02144,Other,Cc Processing Fee
GREEN PARTY OF COLORADO,Political Party Committee,50.0,2025-03-02 00:00:00,Your Office Usa,Denver,CO,80202,Rent & Utilities,
HAMRICK LEADERSHIP FUND,Political Committee,450.0,2025-03-02 00:00:00,Lori For Colorado,Westminster,CO,80031,Contributions,
HOOD LEADERSHIP PAC,Political Committee,100.0,2025-03-02 00:00:00,"Gerald Jerry""""  Ditullio",Wheat Ridge,CO,80033,Gifts,
HOOD LEADERSHIP PAC,Political Committee,450.0,2025-03-02 00:00:00,Lori B Goldstein,Westminster,CO,80031,Gifts,
LIBERTARIAN PARTY OF COLORADO (LPCO),Political Party Committee,7.25,2025-03-02 00:00:00,Stripe.Com,South San Francisco,CA,94080,Bank Fees,Credit Card Fees
LINDSTEDT LEADERSHIP FUND,Political Committee,450.0,2025-03-02 00:00:00,Lori For Colorado,Westminster,CO,80031,Contributions,
MONICA PAC,Political Committee,0.83,2025-03-02 00:00:00,Actblue,West Somerville,MA,02144,Fundraising Expenses,
BUILDING OWNERS AND MANAGERS ASSOCIATION POLITICAL COMMITTEE (BOMA),Political Committee,20.0,2025-03-03 00:00:00,Denver Metro Boma,Denver,CO,80202,Bank Fees,
CARE SMALL DONOR COMMITTEE,Small Donor Committee,150.0,2025-03-03 00:00:00,Colorado Country Life,Denver,CO,80216,Other,Green Dog Inv #473 Care Annual Report
COLORADO BIOSCIENCE PAC,Political Committee,20.0,2025-03-03 00:00:00,Wells Fargo Bank,Denver,CO,80203,Bank Fees,
COLORADO DEMOCRATIC PARTY,Political Party Committee,20.85,2025-03-03 00:00:00,Firstbank,Lakewood,CO,80215,Bank Fees,Bank Fees
COLORADO DEMOCRATIC PARTY,Political Party Committee,53.81,2025-03-03 00:00:00,Firstbank,Lakewood,CO,80215,Bank Fees,Bank Fees
COLORADO DEMOCRATIC PARTY,Political Party Committee,0.28,2025-03-03 00:00:00,Firstbank,Lakewood,CO,80215,Bank Fees,Bank Fees
COLORADO DEMOCRATIC PARTY,Political Party Committee,22.5,2025-03-03 00:00:00,Firstbank,Lakewood,CO,80215,Bank Fees,Bank Fees
COLORADO DEMOCRATIC PARTY,Political Party Committee,450.0,2025-03-03 00:00:00,Numero,Irvine,CA,92618,Other,Bulk Software License Fee
COLORADO INTELLECTUAL AND DEVELOPMENTAL DISABILITY ALLIANCE,Political Committee,99.99,2025-03-03 00:00:00,Paypal,San Jose,CA,95131,Bank Fees,"Paypal Fees For Tim, Vitalcare, Matt, Alexa, Roberta, John, Rebecca, Carmen, And Sarah Donations. Total $99.99"
FENBERG LEADERSHIP FUND,Political Committee,67.3,2025-03-03 00:00:00,Google,Mountain View,CA,94035,Other,Email Account
JAVIER'S ECONOMIC JUSTICE FUND,Political Committee,33.0,2025-03-03 00:00:00,Satellite Bar,Denver,CO,80203,"Food, Beverages and Meals",
LIBERTARIAN PARTY OF COLORADO (LPCO),Political Party Committee,9.95,2025-03-03 00:00:00,Merch Bnkcd Sd Fee,Thousand Oaks,CA,91361,Bank Fees,Bank Fees
LIBERTARIAN PARTY OF COLORADO (LPCO),Political Party Committee,2500.0,2025-03-03 00:00:00,Shu'S In & Out Bbq,Aurora,CO,80010,"Food, Beverages and Meals",Food For Legislative Meeting
LIBERTARIAN PARTY OF COLORADO (LPCO),Political Party Committee,6.92,2025-03-03 00:00:00,Stripe.Com,South San Francisco,CA,94080,Bank Fees,Credit Card Fees
LORENA FOR COLORADO LEADERSHIP FUND COMMITTEE,Political Committee,352.0,2025-03-03 00:00:00,Madeline  Vu,Aurora,CO,80013,Consultant & Professional Services,
LORENA FOR COLORADO LEADERSHIP FUND COMMITTEE,Political Committee,352.0,2025-03-03 00:00:00,Gianela  Millan,Edgewater,CO,80214,Consultant & Professional Services,
LORENA FOR COLORADO LEADERSHIP FUND COMMITTEE,Political Committee,352.0,2025-03-03 00:00:00,Yasmin  Mohamud,Aurora,CO,80015,Consultant & Professional Services,
MEGHAN LUKENS FOR CO LEADERSHIP PAC,Political Committee,50.0,2025-03-03 00:00:00,Jake Marsing For City Council,Longmont,CO,80504,Contributions,Contribution To Jake Marsing For City Council (Longmont)
ODOPAC,Political Committee,450.0,2025-03-03 00:00:00,Lori For Colorado,Westminster,CO,80031,Contributions,
ROCKY MOUNTAIN HOME ASSOCIATION PAC (CMHA PAC FUND),Political Committee,12.0,2025-03-03 00:00:00,Pnc Bank,Pittsburgh,PA,15222,Bank Fees,
THE COLEMAN LEADERSHIP FUND,Political Committee,1.03,2025-03-03 00:00:00,Patreon,Pali Alto,CA,94306,Other,Subscription
VALDEZ FOR COLORADO RAINBOW FUND,Political Committee,15.14,2025-03-03 00:00:00,Google Suite,Mountain View,CA,94043,Office Equipment & Supplies,
COLORADANS FOR COLORADO,Small Donor Committee,-4.3,2024-03-04 00:00:00,Anedot,New Orleans,LA,70112,Bank Fees,Offset Due To Update Of Filed Item - 2 Donation Fees
COLORADANS FOR COLORADO,Small Donor Committee,8.6,2024-03-04 00:00:00,Anedot,New Orleans,LA,70112,Bank Fees,4 Donation Fees
COLORADO CENTER PARTY CENTRAL COMMITTEE,Political Party Committee,1.07,2025-03-04 00:00:00,Paypal Inc.,San Jose,CA,95131,Bank Fees,
COLORADO DEMOCRATIC PARTY,Political Party Committee,2242.47,2025-03-04 00:00:00,Michael S Merrifield,Arvada,CO,80005,Employee Services,Payroll
COLORADO DEMOCRATIC PARTY,Political Party Committee,408.27,2025-03-04 00:00:00,Paychex,Norristown,PA,19403,Employee Services,Payroll Taxes
COLORADO DEMOCRATIC PARTY,Political Party Committee,975.58,2025-03-04 00:00:00,Paychex,Norristown,PA,19403,Employee Services,Payroll Taxes
COLORADO DEMOCRATIC PARTY,Political Party Committee,1112.7,2025-03-04 00:00:00,Marykate  Wallace,Lafayette,CO,80026,Employee Services,Payroll
COLORADO SOCIETY OF ANESTHESIOLOGISTS SMALL DONOR COMMITTEE,Small Donor Committee,2.24,2025-03-04 00:00:00,,,,,Bank Fees,
DEMOCRATIC PARTY CONGRESSIONAL DISTRICT 4 COLORADO,Political Party Committee,21.99,2025-03-04 00:00:00,Godaddy.Com,Tempe,AZ,85284,Advertising,Admin Website
DEMOCRATIC PARTY CONGRESSIONAL DISTRICT 4 COLORADO,Political Party Committee,34.0,2025-03-04 00:00:00,Atlassian (Jira),Mountain View,CA,94041,Advertising,Admin Jira App
DEMOCRATIC PARTY CONGRESSIONAL DISTRICT 4 COLORADO,Political Party Committee,1.02,2025-03-04 00:00:00,Us Bank,Parker,CO,80134,Bank Fees,Bank Cc Processing Fee
DEMOCRATIC PARTY CONGRESSIONAL DISTRICT 4 COLORADO,Political Party Committee,-21.99,2025-03-04 00:00:00,Godaddy.Com,Tempe,AZ,85284,Advertising,Offset Due To Update Of Filed Item - Admin Website
DEMOCRATIC PARTY CONGRESSIONAL DISTRICT 4 COLORADO,Political Party Committee,21.99,2025-03-04 00:00:00,Godaddy.Com,Tempe,AZ,85284,Advertising,Admin Website
HAMRICK LEADERSHIP FUND,Political Committee,320.0,2025-03-04 00:00:00,Julie  Gooden,Lone Tree,CO,80124,Employee Services,Staff Parking Feb And March Reimbursements
INVESTHER,Political Committee,22.71,2025-03-04 00:00:00,Squarespace Inc.,New York,NY,10014,Other,Website & Email Hosting
LIBERTARIAN PARTY OF COLORADO (LPCO),Political Party Committee,2.3,2025-03-04 00:00:00,Anedot,New Orleans,LA,70112,Bank Fees,Credit Cards Fees
ADAMS EDUCATORS FOR PUBLIC EDUCATION,Small Donor Committee,67.5,2025-03-05 00:00:00,,,,,Other,Intuit
"COLORADO CHIROPRACTIC PAC (CCA, CC-PAC)",Political Committee,17.44,2025-03-05 00:00:00,Affinipay,Austin,TX,78746,Bank Fees,
COLORADO DEMOCRATIC PARTY,Political Party Committee,68.14,2025-03-05 00:00:00,Google,Mountain View,CA,94043,Office Equipment & Supplies,Software Subscription
COLORADO DEMOCRATIC PARTY,Political Party Committee,115.32,2025-03-05 00:00:00,Google,Mountain View,CA,94043,Office Equipment & Supplies,Software Subscription
COLORADO DEMOCRATIC PARTY,Political Party Committee,5.75,2025-03-05 00:00:00,Paychex,Norristown,PA,19403,Employee Services,Payroll Taxes
COLORADO FIRST ACTION,Political Committee,36.0,2025-03-05 00:00:00,"Squarespace, Inc.",New York,NY,10014,Other,Website
COLORADO FORWARD PARTY COMMITTEE,Political Party Committee,14.69,2025-03-05 00:00:00,Meta Corporation,Menlo Park,CA,94025,Advertising,Meta Advertising For Endorsed Candidates
GREATER DOUGLAS COUNTY,Political Committee,275.0,2025-03-05 00:00:00,Colorado Secretary Of State,Denver,CO,80290,Other,Late Filing Penalty
LIBERTARIAN PARTY OF COLORADO (LPCO),Political Party Committee,9.6,2025-03-05 00:00:00,Stripe.Com,South San Francisco,CA,94080,Bank Fees,Credit Card Fees
COLORADO CENTER PARTY CENTRAL COMMITTEE,Political Party Committee,31.29,2025-03-06 00:00:00,Twilio,San Francisco,CA,94105,Telephone,
COLORADO CENTER PARTY CENTRAL COMMITTEE,Political Party Committee,30.2,2025-03-06 00:00:00,Twilio,San Francisco,CA,94105,Telephone,
FRIENDS OF COLORADO EMERGENCY MEDICAL SERVICES SDC,Small Donor Committee,2.4,2025-03-06 00:00:00,Anedot,Baton Rouge,LA,70884,Bank Fees,Fee For Contribution From Eric Hill
LIBERTARIAN PARTY OF COLORADO (LPCO),Political Party Committee,2.3,2025-03-06 00:00:00,Anedot,New Orleans,LA,70112,Bank Fees,Credit Cards Fees
LIBERTARIAN PARTY OF COLORADO (LPCO),Political Party Committee,2.34,2025-03-06 00:00:00,Stripe.Com,South San Francisco,CA,94080,Bank Fees,Credit Card Fees
LUNDEEN LEADERSHIP FUND,Political Committee,100.0,2025-03-07 00:00:00,American Legislative Council,Arlington,VA,22202,Other,7218 ∑ Dues And Subscriptions
LUNDEEN LEADERSHIP FUND,Political Committee,178.43,2025-03-07 00:00:00,Laloma,Denver,CO,80202,Other,6890 ∑ Other Meeting Expense
REALTOR CANDIDATE POLITICAL ACTION COMMITTEE (RCPAC) - FKA: COLORADO ASSOCIATION OF REALTORS PAC (CO,Political Committee,750.0,2025-03-07 00:00:00,Parth For Cos,Colorado Springs,CO,80923,Contributions,Contribution
REALTOR CANDIDATE POLITICAL ACTION COMMITTEE (RCPAC) - FKA: COLORADO ASSOCIATION OF REALTORS PAC (CO,Political Committee,750.0,2025-03-07 00:00:00,Nancy For Cos,Colorado Springs,CO,80907,Contributions,Contribution
REALTOR CANDIDATE POLITICAL ACTION COMMITTEE (RCPAC) - FKA: COLORADO ASSOCIATION OF REALTORS PAC (CO,Political Committee,750.0,2025-03-07 00:00:00,Friends Of Dave Donelson,Colorado Springs,CO,80907,Contributions,Contribution
REALTOR CANDIDATE POLITICAL ACTION COMMITTEE (RCPAC) - FKA: COLORADO ASSOCIATION OF REALTORS PAC (CO,Political Committee,750.0,2025-03-07 00:00:00,Tom Bailey For Colorado Springs,Colorado Springs,CO,80921,Contributions,Contribution
REALTOR CANDIDATE POLITICAL ACTION COMMITTEE (RCPAC) - FKA: COLORADO ASSOCIATION OF REALTORS PAC (CO,Political Committee,750.0,2025-03-07 00:00:00,Go For Gold Cos,Colorado Springs,CO,80910,Contributions,Contribution
REALTOR CANDIDATE POLITICAL ACTION COMMITTEE (RCPAC) - FKA: COLORADO ASSOCIATION OF REALTORS PAC (CO,Political Committee,750.0,2025-03-07 00:00:00,Committee To Elect Brandy Williams,Colorado Springs,CO,80901,Contributions,Contribution
UPSTREAM SDC,Small Donor Committee,27.0,2025-03-07 00:00:00,,,,,Travel & Lodging,Parking
LIBERTARIAN PARTY OF COLORADO (LPCO),Political Party Committee,120.3,2025-03-08 00:00:00,Anedot,New Orleans,LA,70112,Bank Fees,Credit Cards Fees
ACCESS TO PEDIATRIC BEHAVIORAL THERAPY FOR COLORADO CHILDREN,Political Committee,0.6,2025-03-09 00:00:00,,,,,Fundraising Expenses,Credit Card Processing Fee
DEMOCRATIC PARTY CONGRESSIONAL DISTRICT 4 COLORADO,Political Party Committee,0.79,2025-03-09 00:00:00,Actblue Technical Services,Somerville,MA,02144,Other,Cc Processing Fee
LIBERTARIAN PARTY OF COLORADO (LPCO),Political Party Committee,119.88,2025-03-09 00:00:00,Godaddy,Tempe,AZ,85284,Advertising,Internet
PUTTING COLORADO FIRST,Political Committee,450.0,2025-03-09 00:00:00,Dana Charles For Colorado,Pueblo West,CO,81007,Contributions,
VELASCO LEADERSHIP FUND,Political Committee,0.79,2025-03-09 00:00:00,Actblue,Somerville,MA,02144,Consultant & Professional Services,
COLORADO CENTER PARTY CENTRAL COMMITTEE,Political Party Committee,1.07,2025-03-10 00:00:00,Paypal Inc.,San Jose,CA,95131,Bank Fees,
COLORADO DEMOCRATIC PARTY,Political Party Committee,67.0,2025-03-10 00:00:00,Stamps.Com,El Segundo,CA,90245,Office Equipment & Supplies,Postage
COLORADO DEMOCRATIC PARTY,Political Party Committee,10.0,2025-03-10 00:00:00,Stamps.Com,El Segundo,CA,90245,Office Equipment & Supplies,Postage
COLORADO FORWARD PARTY COMMITTEE,Political Party Committee,85.0,2025-03-10 00:00:00,Meta Corporation,Menlo Park,CA,94025,Advertising,Meta Advertisings For Parties And Endorsements
DEMOCRATIC PARTY CONGRESSIONAL DISTRICT 4 COLORADO,Political Party Committee,170.62,2025-03-10 00:00:00,Zoom,San Jose,CA,95113,Other,Annual Zoom Subscription Fee
FAMILIES FOR RESPONSIBLE GOVERNMENT,Political Committee,450.0,2025-03-10 00:00:00,Polifi Llc,Fort Lupton,CO,80621,Consultant & Professional Services,
LIBERTARIAN PARTY OF COLORADO (LPCO),Political Party Committee,2.3,2025-03-10 00:00:00,Anedot,New Orleans,LA,70112,Bank Fees,Credit Cards Fees
LIBERTARIAN PARTY OF COLORADO (LPCO),Political Party Committee,30.45,2025-03-10 00:00:00,Fdms,Greenwood Village,CO,80111,Bank Fees,Service Fees
LIBERTARIAN PARTY OF COLORADO (LPCO),Political Party Committee,1.5,2025-03-10 00:00:00,Stripe.Com,South San Francisco,CA,94080,Bank Fees,Credit Card Fees
REALTOR SMALL DONOR COMMITTEE (RSDC),Small Donor Committee,2500.0,2025-03-10 00:00:00,All Together Colorado,Denver,CO,80206,Contributions,Contribution
REALTOR SMALL DONOR COMMITTEE (RSDC),Small Donor Committee,2500.0,2025-03-10 00:00:00,Colorado Way Forward,Denver,CO,80206,Contributions,Contribution
REALTOR SMALL DONOR COMMITTEE (RSDC),Small Donor Committee,2500.0,2025-03-10 00:00:00,New Day Colorado Fund,Fort Lupton,CO,80621,Contributions,Contribution
REALTOR SMALL DONOR COMMITTEE (RSDC),Small Donor Committee,2500.0,2025-03-10 00:00:00,Senate Majority Fund,Denver,CO,80205,Contributions,Contribution
COLORADO CREDIT UNION POLITICAL ACTION COMMITTEE,Political Committee,54.95,2025-03-11 00:00:00,Forte Payment Systems,Allen,TX,75013,Bank Fees,
COLORADO DEMOCRATIC PARTY,Political Party Committee,27.86,2025-03-11 00:00:00,Mailchimp,Atlanta,GA,30308,Other,Subscription Fee
COLORADO MEDICAL SOCIETY SMALL DONOR COMMITTEE,Small Donor Committee,80.89,2025-03-11 00:00:00,Wells Fargo Bank,Portland,OR,97228,Bank Fees,
COLORADO REPUBLICAN COMMITTEE,Political Party Committee,3239.35,2025-03-11 00:00:00,Gregory Carlson Prp Llc,Canon City,CO,81212,Consultant & Professional Services,Chair The Weld County Reorganization Meeting
COLORADO REPUBLICAN COMMITTEE,Political Party Committee,800.0,2025-03-11 00:00:00,Lola M Fehr,Greeley,CO,80634,Consultant & Professional Services,Parliamentary Services
DOCTORS COMPANY COLORADO PAC (COLORADO DOCPAC),Political Committee,96.86,2025-03-11 00:00:00,Wells Fargo Bank,Santa Rosa,CA,95401,Bank Fees,Monthly Bank Fee
FRIENDS OF COLORADO HOSPITALS (F/K/A HOSPITALS EXPRESS LEGISLATIVE PREFERENCE),Political Committee,25.95,2025-03-11 00:00:00,,,,,Bank Fees,March Merchant Fee
FRIENDS OF COLORADO HOSPITALS (F/K/A HOSPITALS EXPRESS LEGISLATIVE PREFERENCE),Political Committee,156.43,2025-03-11 00:00:00,,,,,Bank Fees,March Bank Service Fee
GRISWOLD LEADERSHIP PAC,Political Committee,2.0,2025-03-11 00:00:00,,,,,Bank Fees,
LIBERTARIAN PARTY OF COLORADO (LPCO),Political Party Committee,49.95,2025-03-11 00:00:00,Clover App,Sunnyvale,CA,94085,Bank Fees,Service Fees
LIBERTARIAN PARTY OF COLORADO (LPCO),Political Party Committee,50.0,2025-03-11 00:00:00,Tmobile,Albuquerque,NM,87176,Telephone,Internet Hot Spot
YARA LEADERSHIP FUND,Political Committee,80.0,2025-03-11 00:00:00,"Gregory Zoda, Consultant",Fort Collins,CO,80524,Consultant & Professional Services,
BUILDING BRIDGES FOR COLORADO,Political Committee,450.0,2025-03-12 00:00:00,Matt Ball For Colorado,Denver,CO,80203,Contributions,
COLORADO CENTER PARTY CENTRAL COMMITTEE,Political Party Committee,1.07,2025-03-12 00:00:00,Paypal Inc.,San Jose,CA,95131,Bank Fees,
COLORADO FORWARD PARTY COMMITTEE,Political Party Committee,17.33,2025-03-12 00:00:00,Zoom Corporation,San Jose,CA,95113,Office Equipment & Supplies,Zoom Account Payment
LIBERTARIAN PARTY OF COLORADO (LPCO),Political Party Committee,8.6,2025-03-12 00:00:00,Anedot,New Orleans,LA,70112,Bank Fees,Credit Cards Fees
LIBERTARIAN PARTY OF COLORADO (LPCO),Political Party Committee,1.03,2025-03-12 00:00:00,Stripe.Com,South San Francisco,CA,94080,Bank Fees,Credit Card Fees
LUNDEEN LEADERSHIP FUND,Political Committee,147.72,2025-03-12 00:00:00,Brown Palace,Denver,CO,80202,Other,6890 ∑ Other Meeting Expense
COLORADO CENTER PARTY CENTRAL COMMITTEE,Political Party Committee,1.07,2025-03-13 00:00:00,Paypal Inc.,San Jose,CA,95131,Bank Fees,
COLORADO CENTER PARTY CENTRAL COMMITTEE,Political Party Committee,1.07,2025-03-13 00:00:00,Paypal Inc.,San Jose,CA,95131,Bank Fees,
COLORADO DEMOCRATIC PARTY,Political Party Committee,117.81,2025-03-13 00:00:00,Uber Eats,Denver,CO,80239,"Food, Beverages and Meals",Food And Beverage For Staff
COLORADO DEMOCRATIC PARTY,Political Party Committee,34.91,2025-03-13 00:00:00,Zoom,San Jose,CA,95113,Other,Web Conferencing Services
COLORADO PROFESSIONAL FIRE FIGHTERS SMALL DONOR FUND,Small Donor Committee,5000.0,2025-03-13 00:00:00,Protect Our Vote,Denver,CO,80202,Other,Campaign Donation
LIBERTARIAN PARTY OF COLORADO (LPCO),Political Party Committee,1.05,2025-03-13 00:00:00,Stripe.Com,South San Francisco,CA,94080,Bank Fees,Credit Card Fees
LUNDEEN LEADERSHIP FUND,Political Committee,4.0,2025-03-13 00:00:00,Denver Public Works,Denver,CO,80203,Other,7657 ∑ Vehicle Tolls And Parking
PUTTING COLORADO FIRST,Political Committee,11.0,2025-03-13 00:00:00,Senate Services Fund,Denver,CO,80218,Office Equipment & Supplies,
COLORADO CENTER PARTY CENTRAL COMMITTEE,Political Party Committee,1.07,2025-03-14 00:00:00,Paypal Inc.,San Jose,CA,95131,Bank Fees,
COLORADO RADIOLOGICAL SOCIETY POLITICAL COMMITTEE,Political Committee,6.5,2025-03-14 00:00:00,,,,,Bank Fees,
COLORADO RADIOLOGICAL SOCIETY POLITICAL COMMITTEE,Political Committee,-200.0,2025-03-14 00:00:00,Monica Duran For State Rep.,Wheat Ridge,CO,80033,Returned Expenditure,Never Cashed
COLORADO RADIOLOGICAL SOCIETY POLITICAL COMMITTEE,Political Committee,-100.0,2025-03-14 00:00:00,Rose Pac,Colorado Springs,CO,80920,Returned Expenditure,Never Cashed
COMMITTEE FOR PHYSICIAN ANESTHESIA CARE,Political Committee,30.0,2025-03-14 00:00:00,,,,,Bank Fees,
DEMOCRATIC PARTY CONGRESSIONAL DISTRICT 4 COLORADO,Political Party Committee,25.24,2025-03-14 00:00:00,Intuit Quickbooks,Mountain View,CA,94043,Fundraising Expenses,Bookkeeping
LIBERTARIAN PARTY OF COLORADO (LPCO),Political Party Committee,2.67,2025-03-14 00:00:00,Stripe.Com,South San Francisco,CA,94080,Bank Fees,Credit Card Fees
US ANESTHESIA PARTNERS COLORADO STATE COMMITTEE,Political Committee,68.9,2025-03-14 00:00:00,Bok Financial,Denver,CO,80217,Bank Fees,Bank Fees
VELASCO LEADERSHIP FUND,Political Committee,3.93,2025-03-14 00:00:00,Alpine Bank,Grand Junction,CO,81501,Bank Fees,Account Activity Fee
COLORADO CENTER PARTY CENTRAL COMMITTEE,Political Party Committee,1.5,2025-03-15 00:00:00,Paypal Inc.,San Jose,CA,95131,Bank Fees,
CREATING LEADERS PAC,Political Committee,560.0,2025-03-15 00:00:00,Coblue Llc,Denver,CO,80218,Consultant & Professional Services,
GREEN PARTY OF COLORADO,Political Party Committee,0.58,2025-03-15 00:00:00,Paypal,San Jose,CA,95131,Bank Fees,
LIBERTARIAN PARTY OF COLORADO (LPCO),Political Party Committee,151.2,2025-03-15 00:00:00,Microsoft,Redmond,WA,98052,Office Equipment & Supplies,Ms 365
LINDSEY FOR COLORADO LEADERSHIP FUND,Political Committee,400.0,2025-03-15 00:00:00,Cathy4Jeffco,Golden,CO,80403,Contributions,
ROSE PAC,Political Committee,450.0,2025-03-15 00:00:00,Dana Charles For Colorado,Pueblo West,CO,81007,Contributions,
SULLY'S LEADERSHIP FUND,Political Committee,25.96,2025-03-15 00:00:00,Act Blue,Somerville,MA,02144,Fundraising Expenses,Act Blue Expenses
BALL FOR ALL LEADERSHIP FUND,Political Committee,9.88,2025-03-16 00:00:00,Actblue Technical Services,Somerville,MA,02144,Bank Fees,Payment Processor Fees
BLUE RISING VICTORY FUND,Political Committee,0.04,2025-03-16 00:00:00,,,,,Fundraising Expenses,
COLORADO CENTER PARTY CENTRAL COMMITTEE,Political Party Committee,99.0,2025-03-16 00:00:00,Election Buddy,Edmonton,AL,TE64E2,Miscellaneous,
COLORADO CENTER PARTY CENTRAL COMMITTEE,Political Party Committee,0.79,2025-03-16 00:00:00,Visa Corp,San Francisco,CA,94103,Bank Fees,
COLORADO CENTER PARTY CENTRAL COMMITTEE,Political Party Committee,1.07,2025-03-16 00:00:00,Paypal Inc.,San Jose,CA,95131,Bank Fees,
METRO HOUSING COALITION (MHC),Political Committee,2500.0,2025-03-16 00:00:00,Coloradans For Accountable Government,Denver,CO,80205,Contributions,
BUILDING BRIDGES FOR COLORADO,Political Committee,2.0,2025-03-17 00:00:00,1St Bank,Lakewood,CO,80215,Bank Fees,
"COLORADO CHIROPRACTIC PAC (CCA, CC-PAC)",Political Committee,-450.0,2025-03-17 00:00:00,Jenny Willford For Colorado,Northglenn,CO,80234,Returned Expenditure,Never Cashed The Check
COLORADO DEMOCRATIC PARTY,Political Party Committee,10.0,2025-03-17 00:00:00,The Action Network,New York,NY,10016,Office Equipment & Supplies,Subscription
COLORADO FORWARD PARTY COMMITTEE,Political Party Committee,85.0,2025-03-17 00:00:00,Meta Corporation,Menlo Park,CA,94025,Advertising,Meta Advertising For Party And Endorsements
COLORADO FORWARD PARTY COMMITTEE,Political Party Committee,106.64,2025-03-17 00:00:00,Name Incorporated,Denver,CO,80202,Office Equipment & Supplies,Domain Name Purchases For Coloradoforwardparty.Com/.Net/.Org/.Info
GREENCO PC,Political Committee,100.0,2025-03-17 00:00:00,Colorado Secretary Of State,Denver,CO,80290,Miscellaneous,Fine Paid To Sec'Y Of State - Late Filings
"HDR, INC. EMPLOYEE OWNERS PAC",Political Committee,2500.0,2025-03-17 00:00:00,Opt In Durango,Durango,CO,81301,Contributions,
LIBERTARIAN PARTY OF COLORADO (LPCO),Political Party Committee,1.05,2025-03-17 00:00:00,Stripe.Com,South San Francisco,CA,94080,Bank Fees,Credit Card Fees
NABIP COLORADO POLITICAL ACTION COMMITTEE,Political Committee,0.91,2025-03-17 00:00:00,Quickbooks Payments,Woodland Hills,CA,91367,Bank Fees,
UAW REGION 4 MIDWEST STATES PAC (COLORADO),Small Donor Committee,82.5,2025-03-17 00:00:00,American Graphics Printing Co.,Clinton Township,MI,48035,Miscellaneous,Printng New Checks For Bank Account
VIVAGE BEECAN SMALL DONOR COMMITTEE,Small Donor Committee,1000.0,2025-03-17 00:00:00,New Day Colorado Fund,Fort Lupton,CO,80621,Contributions,
VIVAGE BEECAN SMALL DONOR COMMITTEE,Small Donor Committee,1000.0,2025-03-17 00:00:00,Senate Majority Fund,Denver,CO,80205,Contributions,
COLORADO CHILD CARE ASSOCIATION - PAC,Political Committee,-250.0,2024-03-18 00:00:00,Scott  Bright,Platteville,CO,80651,Contributions,Offset Due To Update Of Filed Item
COLORADO CHILD CARE ASSOCIATION - PAC,Political Committee,250.0,2024-03-18 00:00:00,Scott  Bright,Platteville,CO,80651,Contributions,Campaign Donation
COLORADO COMMITTEE OF AUTO RETAILERS (COLO C.A.R.),Political Committee,3500.0,2025-03-18 00:00:00,Senate Majority Fund,Denver,CO,80205,Contributions,Event Sponsor
DEMOCRATIC WOMEN OF BOULDER COUNTY-SMALL DONOR COMMITTEE (DWBC-SDC),Small Donor Committee,1000.0,2025-03-18 00:00:00,Susan Crawford For Justice,Madison,WI,53701,Contributions,
GREEN PARTY OF COLORADO,Political Party Committee,0.95,2025-03-18 00:00:00,Paypal,San Jose,CA,95131,Bank Fees,
LIBERTARIAN PARTY OF COLORADO (LPCO),Political Party Committee,5.3,2025-03-18 00:00:00,Anedot,New Orleans,LA,70112,Bank Fees,Credit Cards Fees
LIBERTARIAN PARTY OF COLORADO (LPCO),Political Party Committee,0.59,2025-03-18 00:00:00,Stripe.Com,South San Francisco,CA,94080,Bank Fees,Credit Card Fees
REPUBLIC SERVICES INC. EMPLOYEES FOR BETTER GOVERNMENT PAC,Political Committee,-225.0,2025-03-18 00:00:00,Rachel For Colorado,Arvada,CO,80005,Returned Expenditure,Check Voided: Original Issue Date 5/17/2024
COLORADO DEMOCRATIC PARTY,Political Party Committee,100.0,2025-03-19 00:00:00,Larimer County Democratic Party,Fort Collins,CO,80522,Other,Unlimited Transfer To Affiliated Committee
COLORADO DEMOCRATIC PARTY,Political Party Committee,2248.22,2025-03-19 00:00:00,Michael S Merrifield,Arvada,CO,80005,Employee Services,Payroll
COLORADO DEMOCRATIC PARTY,Political Party Committee,955.03,2025-03-19 00:00:00,Paychex,Norristown,PA,19403,Employee Services,Payroll Taxes
COLORADO DEMOCRATIC PARTY,Political Party Committee,8750.0,2025-03-19 00:00:00,"Tierney Lawrence, Llp",Denver,CO,80203,Consultant & Professional Services,Legal Services
COLORADO DEMOCRATIC PARTY,Political Party Committee,6000.0,2025-03-19 00:00:00,"Tierney Lawrence, Llp",Denver,CO,80203,Consultant & Professional Services,Legal Services
CREATING LEADERS PAC,Political Committee,1175.0,2025-03-19 00:00:00,Michael  Hamrick,Centennial,CO,80016,Miscellaneous,Event Tickets Reimbursement
DEMOCRATS FOR EDUCATION REFORM COLORADO POLITICAL COMMITTEE,Political Committee,1250.0,2025-03-19 00:00:00,Rkg Development,Lafayette,CO,80026,Consultant & Professional Services,Compliance Consulting
DEMOCRATS FOR EDUCATION REFORM COLORADO POLITICAL COMMITTEE,Political Committee,146.77,2025-03-19 00:00:00,Blue Rising,Superior,CO,80027,Contributions,Contribution To Irs Recognized 501C3 Charitable Organization
DEMOCRATS FOR EDUCATION REFORM SMALL DONOR COMMITTEE,Small Donor Committee,67.54,2025-03-19 00:00:00,Blue Rising,Superior,CO,80027,Contributions,Contribution To Irs Recognized 501C3 Charitable Organization.
LIBERTARIAN PARTY OF COLORADO (LPCO),Political Party Committee,6.3,2025-03-19 00:00:00,Anedot,New Orleans,LA,70112,Bank Fees,Credit Cards Fees
LIBERTARIAN PARTY OF COLORADO (LPCO),Political Party Committee,8.9,2025-03-19 00:00:00,Stripe.Com,South San Francisco,CA,94080,Bank Fees,Credit Card Fees
REPUBLIC SERVICES INC. EMPLOYEES FOR BETTER GOVERNMENT PAC,Political Committee,225.0,2025-03-19 00:00:00,Rachel For Colorado,Arvada,CO,80005,Contributions,
BUILDING BRIDGES FOR COLORADO,Political Committee,200.0,2025-03-20 00:00:00,Colorado Secretary Of State,Denver,CO,80290,Bank Fees,Late Fees
CONSERVATION COLORADO ACTION FUND (CCVAF),Political Committee,200.0,2025-03-20 00:00:00,Ken Scissors For Gj Council,Grand Junction,CO,81507,Contributions,Municipal Candidate Endorsement
CONSERVATION COLORADO ACTION FUND (CCVAF),Political Committee,200.0,2025-03-20 00:00:00,Alexis For Gj,Grand Junction,CO,81501,Contributions,Municipal Candidate Endorsement
CONSERVATION COLORADO ACTION FUND (CCVAF),Political Committee,9.88,2025-03-20 00:00:00,,,,,Bank Fees,Act Blue Fee
FIELDS FOR COLORADO LEADERSHIP FUND,Political Committee,250.0,2025-03-20 00:00:00,Colorado Democratic Party,Denver,CO,80203,Contributions,
JUDY AMABILE LEADERSHIP FUND,Political Committee,450.0,2025-03-20 00:00:00,Bird For Colorado,Redacted By Sos,CO,99999,Contributions,
JUDY AMABILE LEADERSHIP FUND,Political Committee,1450.0,2025-03-20 00:00:00,Michael For Attorney General,Boulder,CO,80302,Contributions,
LIBERTARIAN PARTY OF COLORADO (LPCO),Political Party Committee,10.1,2025-03-20 00:00:00,Anedot,New Orleans,LA,70112,Bank Fees,Credit Cards Fees
LIBERTARIAN PARTY OF COLORADO (LPCO),Political Party Committee,67.0,2025-03-20 00:00:00,Smart Space,Lakewood,CO,80215,Rent & Utilities,Storage Space
LIBERTARIAN PARTY OF COLORADO (LPCO),Political Party Committee,0.74,2025-03-20 00:00:00,Stripe.Com,South San Francisco,CA,94080,Bank Fees,Credit Card Fees
LIBERTARIAN PARTY OF COLORADO (LPCO),Political Party Committee,689.87,2025-03-20 00:00:00,United Airlines,Denver,CO,80238,Travel & Lodging,Parliamentarian Travel
LIBERTARIAN PARTY OF COLORADO (LPCO),Political Party Committee,156.0,2025-03-20 00:00:00,United Airlines,Denver,CO,80238,Travel & Lodging,Parliamentarian Travel
LIBERTARIAN PARTY OF COLORADO (LPCO),Political Party Committee,156.0,2025-03-20 00:00:00,United Airlines,Denver,CO,80238,Travel & Lodging,Parliamentarian Travel
LIBERTARIAN PARTY OF COLORADO (LPCO),Political Party Committee,67.53,2025-03-20 00:00:00,United Airlines,Denver,CO,80238,Travel & Lodging,Parliamentarian Travel
NABIP COLORADO POLITICAL ACTION COMMITTEE,Political Committee,6.22,2025-03-20 00:00:00,Quickbooks Payments,Woodland Hills,CA,91367,Bank Fees,
APPROVAL VOTING PARTY,Political Party Committee,431.25,2025-03-21 00:00:00,Graphics Plus,Littleton,CO,80120,Advertising,
COLORADO CREDIT UNION POLITICAL ACTION COMMITTEE,Political Committee,302.82,2025-03-21 00:00:00,Stripe,South San Francisco,CA,94080,Bank Fees,
COLORADO DEMOCRATIC PARTY,Political Party Committee,1.25,2025-03-21 00:00:00,Denver Public Parking,Aurora,CO,80019,Travel & Lodging,Parking Fee
COLORADO DEMOCRATIC PARTY,Political Party Committee,927.56,2025-03-21 00:00:00,"United Airlines, Inc.",Chicago,IL,60666,Travel & Lodging,Airfare
COLORADO INTELLECTUAL AND DEVELOPMENTAL DISABILITY ALLIANCE,Political Committee,606.31,2025-03-21 00:00:00,Joshua J Rael,Denver,CO,80205,Fundraising Expenses,Coidd Alliance Idd Day Fundraiser For 30 People.
DEMOCRATIC PARTY CONGRESSIONAL DISTRICT 4 COLORADO,Political Party Committee,21.99,2025-03-21 00:00:00,Godaddy.Com,Tempe,AZ,85284,Advertising,Admin Website
DEMOCRATIC PARTY CONGRESSIONAL DISTRICT 4 COLORADO,Political Party Committee,-21.99,2025-03-21 00:00:00,Godaddy.Com,Tempe,AZ,85284,Advertising,Offset Due To Update Of Filed Item - Admin Website
DEMOCRATIC PARTY CONGRESSIONAL DISTRICT 4 COLORADO,Political Party Committee,21.99,2025-03-21 00:00:00,Godaddy.Com,Tempe,AZ,85284,Advertising,Admin Website
SHEILA FOR COLORADO LEADERSHIP FUND,Political Committee,50.0,2025-03-21 00:00:00,Colorado Secrretary Of State,Denver,CO,80203,Other,Late Filing Penalty
BIRD FOR COLORADO LEADERSHIP FUND,Political Committee,149.8,2025-03-22 00:00:00,Legacy Grill,Westminster,CO,80031,Office Equipment & Supplies,
DEMOCRATIC PARTY CONGRESSIONAL DISTRICT 4 COLORADO,Political Party Committee,0.99,2025-03-23 00:00:00,Actblue Technical Services,Somerville,MA,02144,Other,Cc Processing Fee
MONICA PAC,Political Committee,0.2,2025-03-23 00:00:00,Actblue,West Somerville,MA,02144,Fundraising Expenses,
ODOPAC,Political Committee,7.9,2025-03-23 00:00:00,Actblue,Sommervile,MA,02144,Bank Fees,
COLORADO CENTER PARTY CENTRAL COMMITTEE,Political Party Committee,2.08,2025-03-24 00:00:00,Google Ads,Mountain View,CA,94043,Miscellaneous,
COLORADO FORWARD PARTY COMMITTEE,Political Party Committee,85.0,2025-03-24 00:00:00,Meta Corporation,Menlo Park,CA,94025,Advertising,Meta Advertising For Party And Endoresements
FRIENDS OF JUNIE JOSEPH LEADERSHIP FUND,Political Committee,31.52,2025-03-24 00:00:00,Actblue,Sommerville,MA,02144-3132,Bank Fees,Actblue Payments For The Time Period 12/10/2024 Through 3/24/2025
LIBERTARIAN PARTY OF COLORADO (LPCO),Political Party Committee,7.6,2025-03-24 00:00:00,Anedot,New Orleans,LA,70112,Bank Fees,Credit Cards Fees
LIBERTARIAN PARTY OF COLORADO (LPCO),Political Party Committee,780.0,2025-03-24 00:00:00,Mike  Spalding,Littleton,CO,80127,Other,Postal Box 2 Years Worth
LIBERTARIAN PARTY OF COLORADO (LPCO),Political Party Committee,0.59,2025-03-24 00:00:00,Stripe.Com,South San Francisco,CA,94080,Bank Fees,Credit Card Fees
MONICA PAC,Political Committee,2.0,2025-03-24 00:00:00,,,,,Bank Fees,
VALDEZ FOR COLORADO RAINBOW FUND,Political Committee,84.12,2025-03-24 00:00:00,Mailchimp,Atlanta,GA,30308,Office Equipment & Supplies,
VALDEZ FOR COLORADO RAINBOW FUND,Political Committee,21.03,2025-03-24 00:00:00,Zoho,Pleasantville,CA,94588,Office Equipment & Supplies,
CARE SMALL DONOR COMMITTEE,Small Donor Committee,74.07,2025-03-25 00:00:00,Colorado Country Life,Denver,CO,80216,Other,J Baker Cc Stmt End 03252025 Grand Hyatt Denver Evnts Grand Hyatt Denver Evnts Cc Stmt End 03252025 Care Committee Care Banquets
COLORADO FARM BUREAU POLITICAL COMMITTEE,Political Committee,1.3,2025-03-25 00:00:00,Anedot Inc.,New Orleans,LA,70112,Bank Fees,Anecdotal Fee For A. Peek Contribution
COLORADO LIBRARY POLITICAL ACTION COMMITTEE (CLPAC),Political Committee,1200.0,2025-03-25 00:00:00,Scratch Catering,Commerce City,CO,80022,"Food, Beverages and Meals",Catering For Lobby Day
EDUCATORS FOR PUBLIC EDUCATION,Political Committee,-875.0,2025-03-25 00:00:00,Colorado Democratic Party,Denver,CO,80203,Returned Expenditure,Check Never Cashed So Canceled
EDUCATORS FOR PUBLIC EDUCATION,Political Committee,-725.0,2025-03-25 00:00:00,Orale Fund,Denver,CO,80211,Returned Expenditure,Check Never Cashed So Canceled
EDUCATORS FOR PUBLIC EDUCATION,Political Committee,-725.0,2025-03-25 00:00:00,The Murse Pac,Thornton,CO,80602,Returned Expenditure,Check Never Cashed So Canceled
GREEN PARTY OF COLORADO,Political Party Committee,21.99,2025-03-25 00:00:00,Godaddy Inc,Tempe,AZ,85281,Other,Web Hosting
APPLE ORCHARD LEADERSHIP,Political Committee,500.0,2025-03-26 00:00:00,Friends Of Dave Donelson,Colorado Springs,CO,80918,Contributions,
BUCKLE UP PAC,Political Committee,3000.0,2025-03-26 00:00:00,Albany County Conservancy,Laramie,WY,82070,Gifts,
COLORADO DEMOCRATIC PARTY,Political Party Committee,161.44,2025-03-26 00:00:00,Gamino Printing,Denver,CO,80223,Other,Business Cards
FENBERG LEADERSHIP FUND,Political Committee,137.1,2025-03-26 00:00:00,Mailchimp,Atlanta,GA,30308,Other,Email Services
LIBERTARIAN PARTY OF COLORADO (LPCO),Political Party Committee,44.7,2025-03-26 00:00:00,Anedot,New Orleans,LA,70112,Bank Fees,Credit Cards Fees
LIBERTARIAN PARTY OF COLORADO (LPCO),Political Party Committee,13.79,2025-03-26 00:00:00,Stripe.Com,South San Francisco,CA,94080,Bank Fees,Credit Card Fees
ADVANCED ENERGY ACTION,Political Committee,26.0,2025-03-27 00:00:00,Amalgamated Bank,Washington,DC,20006,Bank Fees,Bank Fees
COLORADO DEMOCRATIC PARTY,Political Party Committee,750.0,2025-03-27 00:00:00,Joseph C Zemek,Denver,CO,80221,Consultant & Professional Services,Credentials Consulting Services
COLORADO FORWARD PARTY COMMITTEE,Political Party Committee,85.0,2025-03-27 00:00:00,Meta Corporation,Menlo Park,CA,94025,Advertising,Meta Advertising For Party And Endorsements
COLORADO FORWARD PARTY COMMITTEE,Political Party Committee,132.0,2025-03-27 00:00:00,Anthem Screen Printing,Wheeling,IL,60090,Office Equipment & Supplies,Palm Card Printing Costs
COLORADO FORWARD PARTY COMMITTEE,Political Party Committee,149.5,2025-03-27 00:00:00,Canva Corporation,Austin,TX,78701,Office Equipment & Supplies,Forward Party Sign Printing Costs
CONSERVATION COLORADO ACTION FUND (CCVAF),Political Committee,200.0,2025-03-27 00:00:00,Randall Reitz For Gj City Council,Grand Junction,CO,81501,Contributions,Municipal Candidate Contributions
CONSERVATION COLORADO ACTION FUND (CCVAF),Political Committee,13.46,2025-03-27 00:00:00,,,,,Bank Fees,Actblue Fee
DLCC COLORADO (DEMOCRATIC LEGISLATIVE CAMPAIGN COMMITTEE COLORADO),Small Donor Committee,14.0,2025-03-27 00:00:00,Amalgamated Bank,New York,NY,10001,Bank Fees,
EMILY'S LIST COLORADO SMALL DONOR COMMITTEE,Small Donor Committee,91.02,2025-03-27 00:00:00,Amalgamated Bank,Washington,DC,20006,Bank Fees,Bank Fees
LEADERSHIP FOR EDUCATIONAL EQUITY - COLORADO PAC,Political Committee,0.25,2025-03-27 00:00:00,,,,,Bank Fees,
LIBERTARIAN PARTY OF COLORADO (LPCO),Political Party Committee,3.6,2025-03-27 00:00:00,Anedot,New Orleans,LA,70112,Bank Fees,Credit Cards Fees
LIBERTARIAN PARTY OF COLORADO (LPCO),Political Party Committee,2500.0,2025-03-27 00:00:00,Gary Fielder,Denver,CO,80221,Bank Fees,Legal Fees
LIBERTARIAN PARTY OF COLORADO (LPCO),Political Party Committee,0.6,2025-03-27 00:00:00,Stripe.Com,South San Francisco,CA,94080,Bank Fees,Credit Card Fees
BLUE LINE ADVOCATES PAC,Political Committee,300.0,2025-03-28 00:00:00,Sarah B Jack & Associates,Colordo Springs,CO,80906,Consultant & Professional Services,
COLORADO STATE REPRESENTATIVE DISTRICT 30 REPUBLICAN CENTRAL COMMITTEE,Political Party Committee,14.34,2025-03-28 00:00:00,Anedot,Dallas,TX,75201,Bank Fees,"Fee For Anedot, Which Is Our On-Line Electronic Payment System To Receive Donations."
COLORADO STATE REPRESENTATIVE DISTRICT 30 REPUBLICAN CENTRAL COMMITTEE,Political Party Committee,167.7,2025-03-28 00:00:00,Paula  Beard,Lakewood,CO,80226,Other,Reimburse Paula For 10 Hd30 Maps Made At Fedex
COLORADO STATE REPRESENTATIVE DISTRICT 30 REPUBLICAN CENTRAL COMMITTEE,Political Party Committee,-167.7,2025-03-28 00:00:00,Paula  Beard,Lakewood,CO,80226,Other,Offset Due To Update Of Filed Item - Reimburse Paula For 10 Hd30 Maps Made At Fedex
COLORADO STATE REPRESENTATIVE DISTRICT 30 REPUBLICAN CENTRAL COMMITTEE,Political Party Committee,167.7,2025-03-28 00:00:00,Fedex,Lakewood,CO,80226,Other,Reimburse Paula For 10 Hd30 Maps Made At Fedex
CREATING LEADERS PAC,Political Committee,560.0,2025-03-28 00:00:00,Coblue Llc,Denver,CO,80218,Consultant & Professional Services,
DEMOCRATIC WOMEN OF BOULDER COUNTY-SMALL DONOR COMMITTEE (DWBC-SDC),Small Donor Committee,250.0,2025-03-28 00:00:00,Marta For Colorado,Longmont,CO,80503,Contributions,
JAVIER'S ECONOMIC JUSTICE FUND,Political Committee,2.0,2025-03-28 00:00:00,First Bank,Lakewood,CO,80235,Bank Fees,
LIBERTARIAN PARTY OF COLORADO (LPCO),Political Party Committee,2.3,2025-03-28 00:00:00,Anedot,New Orleans,LA,70112,Bank Fees,Credit Cards Fees
LIBERTARIAN PARTY OF COLORADO (LPCO),Political Party Committee,0.59,2025-03-28 00:00:00,Stripe.Com,South San Francisco,CA,94080,Bank Fees,Credit Card Fees
MCCLUSKIE FOR COLORADO LEADERSHIP FUND,Political Committee,3875.0,2025-03-28 00:00:00,Colorado Democratic Party,Denver,CO,80203,Contributions,
VALDEZ FOR COLORADO RAINBOW FUND,Political Committee,2.0,2025-03-28 00:00:00,First Bank,Lakewood,CO,80215,Bank Fees,
APPROVAL VOTING PARTY,Political Party Committee,3000.0,2025-03-29 00:00:00,Libertarian Party Of Colorado (Lpco),Littleton,CO,80127,Advertising,
CREATING LEADERS PAC,Political Committee,3.95,2025-03-30 00:00:00,Act Blue Inc.,Somerville,MA,02144,Bank Fees,
DEMOCRATIC PARTY CONGRESSIONAL DISTRICT 4 COLORADO,Political Party Committee,1.2,2025-03-30 00:00:00,Actblue Technical Services,Somerville,MA,02144,Other,Cc Processing Fee
GRISWOLD LEADERSHIP PAC,Political Committee,100.0,2025-03-30 00:00:00,Larimer County Democrats,Fort Collins,CO,80524,Contributions,Event Tickets
LIBERTARIAN PARTY OF COLORADO (LPCO),Political Party Committee,45.16,2025-03-30 00:00:00,Phil  Dvorak,Englewood,CO,80110,Office Equipment & Supplies,Tickets And Ice
MONICA PAC,Political Committee,0.83,2025-03-30 00:00:00,Actblue,West Somerville,MA,02144,Fundraising Expenses,
TWO RIVERS LEADERSHIP PAC,Political Committee,60.0,2025-03-30 00:00:00,,,,,Miscellaneous,Total Of Expenditures Of $19.99 Or Less
BACON FOR COLORADO LEADERSHIP FUND,Political Committee,6.0,2024-03-31 00:00:00,,,,,Bank Fees,
ACCESS TO PEDIATRIC BEHAVIORAL THERAPY FOR COLORADO CHILDREN,Political Committee,12.0,2025-03-31 00:00:00,First Bank,Lakewood,CO,80215,Bank Fees,
AGRICULTURE PAC,Political Committee,8.0,2025-03-31 00:00:00,Firstbank North,Arvada,CO,80006,Bank Fees,
"AGRICULTURE STRONG, COLORADO UNITED",Small Donor Committee,10.0,2025-03-31 00:00:00,First Bank North,Brighton,CO,80601,Bank Fees,
ARCHITECTS OF COLORADO POLITICAL COMMITTEE (ARCPAC),Political Committee,97.33,2025-03-31 00:00:00,Square,San Francisco,CO,94130,Bank Fees,Square Combined Processing Fees For Contributions 12-6-24 To 3-31-25.
BIPAC (BLACK INDIGENOUS LEADERSHIP PAC),Political Committee,47.69,2025-03-31 00:00:00,Actblue,Somerville,MA,02144,Fundraising Expenses,Actblue Fees
BIPAC (BLACK INDIGENOUS LEADERSHIP PAC),Political Committee,9.0,2025-03-31 00:00:00,First Bank,Westminster,CO,80021,Bank Fees,Bank Fees
BIRD FOR COLORADO LEADERSHIP FUND,Political Committee,389.04,2025-03-31 00:00:00,Jon  Voelz,Denver,CO,80203,Office Equipment & Supplies,
BLUE LINE ADVOCATES PAC,Political Committee,300.0,2025-03-31 00:00:00,Sarah B Jack & Associates,Colordo Springs,CO,80906,Consultant & Professional Services,
BLUE LINE ADVOCATES PAC,Political Committee,23.29,2025-03-31 00:00:00,Sarah B Jack & Associates,Colordo Springs,CO,80906,Miscellaneous,
BUCKLE UP PAC,Political Committee,8.0,2025-03-31 00:00:00,Firstbank North,Arvada,CO,80003,Bank Fees,
CARE SMALL DONOR COMMITTEE,Small Donor Committee,27.5,2025-03-31 00:00:00,Colorado Country Life,Denver,CO,80216,Other,C Gloe 3/17/2025 Care Powerpoint  0.25
CERTIFIED PUBLIC ACCOUNTANTS PAC,Political Committee,5.0,2025-03-31 00:00:00,,,,,Bank Fees,Bank Fee
COLORADO ADVOCATES FOR RURAL ELECTRIFICATION,Political Committee,50.0,2025-03-31 00:00:00,Colorado Secretary Of State,Denver,CO,80290,Other,Late Filing Fee From 2022 Inv #2024 E 000506
COLORADO BIOSCIENCE PAC,Political Committee,19.99,2025-03-31 00:00:00,Wells Fargo Bank,Denver,CO,80203,Other,Balance Adjustment To Achieve Alignment
COLORADO CLEANTECH PAC,Political Committee,10.0,2025-03-31 00:00:00,Wells Fargo,Denver,CO,80202,Bank Fees,Bank Fees
COLORADO COMMITTEE OF AUTO RETAILERS (COLO C.A.R.),Political Committee,3.0,2025-03-31 00:00:00,,,,,Bank Fees,Bank Fees
COLORADO DEMOCRATIC PARTY,Political Party Committee,533.71,2025-03-31 00:00:00,Actblue,Cambridge,MA,02238,Fundraising Expenses,Reporting Period Bank Fees
COLORADO DEMOCRATIC PARTY,Political Party Committee,2.0,2025-03-31 00:00:00,Firstbank,Lakewood,CO,80215,Bank Fees,Bank Fees
COLORADO DEMOCRATIC PARTY,Political Party Committee,8.0,2025-03-31 00:00:00,Firstbank,Lakewood,CO,80215,Bank Fees,Bank Fees
COLORADO DEMOCRATIC PARTY,Political Party Committee,2.0,2025-03-31 00:00:00,Firstbank,Lakewood,CO,80215,Bank Fees,Bank Fees
COLORADO DEMOCRATIC PARTY,Political Party Committee,2.5,2025-03-31 00:00:00,,,,,Miscellaneous,Parking Fee
COLORADO DEMOCRATIC PARTY,Political Party Committee,6077.95,2025-03-31 00:00:00,Regents Of The University Of Colorado,Aurora,CO,80045,Other,Event Space Rental Fee
COLORADO DENTAL HYGIENISTS PAC,Political Committee,15.0,2025-03-31 00:00:00,Jpmorgan Chase Bank,Columbus,OH,43218-2051,Bank Fees,
COLORADO DENTAL PAC (CODPAC),Political Committee,-400.0,2025-03-31 00:00:00,Winter For Hd47,Redacted By Sos,CO,99999,Returned Expenditure,Check Was Not Cashed And Past 180 Days. Check Is Being Voided.
COLORADO FORWARD PARTY COMMITTEE,Political Party Committee,95.0,2025-03-31 00:00:00,Campaign Verify,Washington,DC,20007,Office Equipment & Supplies,Party Verification Through Non Profit
COLORADO FORWARD PARTY COMMITTEE,Political Party Committee,313.0,2025-03-31 00:00:00,Meta Corporation,Menlo Park,CA,94025,Office Equipment & Supplies,Meta Advertising For Party And Endorsements
COLORADO FORWARD PARTY COMMITTEE,Political Party Committee,370.8,2025-03-31 00:00:00,Stripe Corporation,South San Francisco,CA,94080,Rent & Utilities,Stripe Processing Fees
COLORADO LEAGUE OF CHARTER SCHOOLS ACTION SMALL DONOR COMMITTEE (CLCS ACTION SDC),Small Donor Committee,12.0,2025-03-31 00:00:00,Firstbank,Denver,CO,80203,Bank Fees,Bank Fees
COLORADO PSYCHOLOGICAL ASSOCIATION,Political Committee,25.0,2025-03-31 00:00:00,Keybank National Association,Greenwood Village,CO,80111,Bank Fees,
COLORADO SKI COUNTRY USA PAC,Political Committee,5.0,2025-03-31 00:00:00,,,,,Bank Fees,Bank Service Charge
CONSERVATION COLORADO ACTION FUND (CCVAF),Political Committee,46.61,2025-03-31 00:00:00,Alexis For Gj,Grand Junction,CO,81501,Contributions,In-Kind Staff Hours
CONSERVATION COLORADO ACTION FUND (CCVAF),Political Committee,46.61,2025-03-31 00:00:00,Randall Reitz For Gj City Council,Grand Junction,CO,81501,Contributions,In-Kind Staff Hours
CONSERVATION COLORADO ACTION FUND (CCVAF),Political Committee,35.82,2025-03-31 00:00:00,Ken Scissors For Gj Council,Grand Junction,CO,81507,Contributions,In-Kind Staff Hours
CONSTITUTIONAL CONSERVATIVE PAC,Political Committee,8.0,2025-03-31 00:00:00,First Bank,Brighton,CO,80601,Bank Fees,
EQUAL ACCESS FOR COLORADO AUTISM PATIENTS,Political Committee,32.0,2025-03-31 00:00:00,First Bank,Lakewood,CO,80215,Bank Fees,
FAMILIES FOR RESPONSIBLE GOVERNMENT,Political Committee,2.0,2025-03-31 00:00:00,Firstbank,Brighton,CO,80601,Bank Fees,
FENBERG LEADERSHIP FUND,Political Committee,9.0,2025-03-31 00:00:00,,,,,Bank Fees,Bank Fee
FRIZELL LEADERSHIP PAC,Political Committee,450.0,2025-03-31 00:00:00,Dana Charles For Colorado,Pueblo West,CO,81007,Contributions,Donation To Campaign
FUERZA,Small Donor Committee,2.0,2025-03-31 00:00:00,Firstbank,Denver,CO,80211,Bank Fees,
GREENCO PC,Political Committee,5.0,2025-03-31 00:00:00,Firstbank,Glendale,CO,80246,Bank Fees,Entered Late Because The Bank Said They Weren'T Going To Charge Us And Then Did.
HARTSOOK LEADERSHIP PAC,Political Committee,8.0,2025-03-31 00:00:00,First Bank,Brighton,CO,80601,Bank Fees,
HOME CARE PAC,Political Committee,3.0,2025-03-31 00:00:00,Keybank,Cleveland,OH,44101,Bank Fees,
IAFF #3 SMALL DONOR ACCOUNT,Small Donor Committee,570.7,2025-03-31 00:00:00,Pueblo Firefighter Historical Society,Pueblo,CO,81003,Contributions,Final Contribution To Non-Profit To Terminate Committee
JESSIE DANIELSON GRASSROOTS FUND,Small Donor Committee,15.0,2025-03-31 00:00:00,Chase Bank,Wheat Ridge,CO,80033,Bank Fees,
JESSIE DANIELSON PAC,Political Committee,15.0,2025-03-31 00:00:00,Chase Bank,Wheat Ridge,CO,80033,Bank Fees,
KAREN FOR CO LEADERSHIP PAC,Political Committee,6.0,2025-03-31 00:00:00,Vectra Bank Colorado,Longmont,CO,80501,Bank Fees,
LIBERTARIAN PARTY OF COLORADO (LPCO),Political Party Committee,1.05,2025-03-31 00:00:00,Stripe.Com,South San Francisco,CA,94080,Bank Fees,Credit Card Fees
MAKE GREAT CHOICES PAC,Political Committee,2.2,2025-03-31 00:00:00,Actblue,Somerville,MA,02144,Fundraising Expenses,All Ab Charges For 1St Q
MAX PAC,Political Committee,2.0,2025-03-31 00:00:00,Independent Financial,Castle Rock,CO,80104,Bank Fees,Monthly Bank Fees
MONICA PAC,Political Committee,3.93,2025-03-31 00:00:00,,,,,"Food, Beverages and Meals",
NAIOP COLORADO PAC,Political Committee,15.0,2025-03-31 00:00:00,1Stbank Of Denver,Denver,CO,80202,Bank Fees,
NAIOP COLORADO SMALL DONOR COMMITTEE,Small Donor Committee,15.0,2025-03-31 00:00:00,1Stbank Of Denver,Denver,CO,80202,Bank Fees,
NURSES FOR POLITCAL ACTION IN COLORADO (N-PAC),Political Committee,10.0,2025-03-31 00:00:00,Umb Bank,Denver,CO,80218,Bank Fees,
ODOPAC,Political Committee,2.0,2025-03-31 00:00:00,First Bank,Thornton,CO,80233,Bank Fees,
ORALE FUND,Political Committee,2.0,2025-03-31 00:00:00,Firstbank,Denver,CO,80203,Bank Fees,
PAC (POLITICAL ACTION COMMITTEE) TO THE FUTURE,Political Committee,2.0,2025-03-31 00:00:00,Firstbank,Lakewood,CO,80215,Bank Fees,
REALTOR CANDIDATE POLITICAL ACTION COMMITTEE (RCPAC) - FKA: COLORADO ASSOCIATION OF REALTORS PAC (CO,Political Committee,25.0,2025-03-31 00:00:00,Firstbank,Lakewood,CO,80215,Bank Fees,Bank Fees
REALTOR SMALL DONOR COMMITTEE (RSDC),Small Donor Committee,25.0,2025-03-31 00:00:00,Firstbank,Lakewood,CO,80215,Bank Fees,Bank Fee
REPUBLIC SERVICES INC. EMPLOYEES FOR BETTER GOVERNMENT PAC,Political Committee,725.0,2025-03-31 00:00:00,Zenpac,Arvada,CO,80005,Contributions,
RESTORE BALANCE PAC,Political Committee,8.0,2025-03-31 00:00:00,First Bank,Brighton,CO,80601,Bank Fees,
SHEILA FOR COLORADO LEADERSHIP FUND,Political Committee,2.0,2025-03-31 00:00:00,First Bank,Lakewood,CO,80232,Bank Fees,Bank Fee
SHELTER INSURANCE COLORADO PAC,Political Committee,-50.0,2025-03-31 00:00:00,Colorado Secretary Of State,Denver,CO,80290,Returned Expenditure,Check Voided. Corporate Wishes To Pay The Late Filing Penalty.
SNYDER FOR COLORADO LEADERSHIP FUND,Political Committee,2.0,2025-03-31 00:00:00,First Bank,Lakewood,CO,80215,Bank Fees,
SULLY'S ACTION FUND,Small Donor Committee,54.57,2025-03-31 00:00:00,Act Blue,Somerville,MA,02138,Fundraising Expenses,Act Blue Expenses
TAKE COLO BACK POLITICAL COMM,Political Committee,2.0,2025-03-31 00:00:00,First Bank,Brighton,CO,80601,Bank Fees,
TAMMY STORY LEADERSHIP FUND,Political Committee,250.0,2025-03-31 00:00:00,Michael  Dougherty,Boulder,CO,80302,Contributions,
TAMMY STORY LEADERSHIP FUND,Political Committee,-250.0,2025-03-31 00:00:00,Michael  Dougherty,Boulder,CO,80302,Contributions,Offset Due To Update Of Filed Item
TAMMY STORY LEADERSHIP FUND,Political Committee,250.0,2025-03-31 00:00:00,Michael For Attorney General,Boulder,CO,80302,Contributions,
THE COLEMAN LEADERSHIP FUND,Political Committee,4.0,2025-03-31 00:00:00,1St Bank,Denver,CO,80249,Bank Fees,
VOICES FOR CHOICE SMALL DONOR COMMITTEE,Small Donor Committee,2.0,2025-03-31 00:00:00,,,,,Bank Fees,Bank Fees
WOODROW LEADERSHIP PAC,Political Committee,42.42,2025-03-31 00:00:00,,,,,Bank Fees,
WOOG PAC,Political Committee,8.0,2025-03-31 00:00:00,First Bank North,Arvada,CO,80006,Bank Fees,
YARA LEADERSHIP FUND,Political Committee,5.93,2025-03-31 00:00:00,Actblue,Somerville,MA,02144,Fundraising Expenses,
ADVANCED ENERGY ACTION,Political Committee,-450.0,2025-04-01 00:00:00,Hansen For Colorado,Denver,CO,80220,Returned Expenditure,Voided 2024 Contribution
ADVANCED ENERGY ACTION,Political Committee,-450.0,2025-04-01 00:00:00,Monica Duran For State Rep.,Wheat Ridge,CO,80033,Returned Expenditure,Voided 2024 Contribution
ASSOCIATED GENERAL CONTRACTORS (AGC) COLORADO CONSTRUCTION ACTION COMMITTEE,Political Committee,100.0,2025-04-01 00:00:00,"Sterling Communication Technologies, Inc.",Parker,CO,80134,Other,Refund For Pac Contribution
ASTELLAS US LLC POLITICAL ACTION COMMITTEE (ASTELLAS PAC),Political Committee,-400.0,2025-04-01 00:00:00,Elect Dennis Hisey,Colorado Springs,CO,80906,Returned Expenditure,Check Voided
ASTELLAS US LLC POLITICAL ACTION COMMITTEE (ASTELLAS PAC),Political Committee,-400.0,2025-04-01 00:00:00,Dylan Roberts For Colorado,Redacted By Sos,CO,99999,Returned Expenditure,Check Voided
COLORADO CENTER PARTY CENTRAL COMMITTEE,Political Party Committee,12.52,2025-04-01 00:00:00,Digital Ocean,New York,NY,10013,Miscellaneous,
COLORADO DEMOCRATIC PARTY,Political Party Committee,450.0,2025-04-01 00:00:00,Numero,Irvine,CA,92618,Other,Software License Fee
COLORADO ENERGY EDUCATION PAC (CEEPAC),Political Committee,100.0,2025-04-01 00:00:00,Ballard For Grand Junction,,CO,,Contributions,
COLORADO ENERGY EDUCATION PAC (CEEPAC),Political Committee,100.0,2025-04-01 00:00:00,Benjamin Van Dyke For Grand Junction,,CO,,Contributions,
COLORADO ENERGY EDUCATION PAC (CEEPAC),Political Committee,100.0,2025-04-01 00:00:00,Cody For Grand Junction,,CO,,Contributions,
COLORADO REPUBLICAN COMMITTEE,Political Party Committee,2600.0,2025-04-01 00:00:00,Radiant Church,Colorado Springs,CO,80909,Other,Charitable Contribution
CPA 1904 SMALL DONOR COMMITTEE,Small Donor Committee,25.0,2025-04-01 00:00:00,Colorado Secretary Of State,Denver,CO,80290,Other,Secretary Of State Filing Fee
GREEN PARTY OF COLORADO,Political Party Committee,0.84,2025-04-01 00:00:00,Paypal,San Jose,CA,95131,Bank Fees,
HAMRICK LEADERSHIP FUND,Political Committee,196.13,2025-04-01 00:00:00,Julie  Gooden,Lone Tree,CO,80124,Employee Services,Parking For Leg Aide
LIBERTARIAN PARTY OF COLORADO (LPCO),Political Party Committee,800.0,2025-04-01 00:00:00,Park Hill Masonic Building,Denver,CO,80207,Rent & Utilities,Dinner Meeting Place
LUNDEEN LEADERSHIP FUND,Political Committee,21.6,2025-04-01 00:00:00,Google,Moutain Views,CA,94043,Other,6410 ∑ Registration & Hosting
LUNDEEN LEADERSHIP FUND,Political Committee,2756.38,2025-04-01 00:00:00,Hellolanding,Birmingham,AL,35203,Other,7630 ∑ Lodging
LUNDEEN LEADERSHIP FUND,Political Committee,200.0,2025-04-01 00:00:00,Table 6,Denver,CO,80218,Other,6890 ∑ Other Meeting Expense
MEGHAN LUKENS FOR CO LEADERSHIP PAC,Political Committee,3875.0,2025-04-01 00:00:00,House Majority Project,Denver,CO,80203,Other,Caucus Support.
NABIP COLORADO POLITICAL ACTION COMMITTEE,Political Committee,0.35,2025-04-01 00:00:00,Quickbooks Payments,Woodland Hills,CA,91367,Bank Fees,
PUTTING COLORADO FIRST,Political Committee,26.0,2025-04-01 00:00:00,Cci,Colorado Springs,CO,80910,Other,Flags
ROCKY MOUNTAIN HOME ASSOCIATION PAC (CMHA PAC FUND),Political Committee,12.0,2025-04-01 00:00:00,Pnc Bank,Pittsburgh,PA,15222,Bank Fees,
BUILDING OWNERS AND MANAGERS ASSOCIATION POLITICAL COMMITTEE (BOMA),Political Committee,20.0,2025-04-02 00:00:00,Denver Metro Boma,Denver,CO,80202,Bank Fees,
CARE SMALL DONOR COMMITTEE,Small Donor Committee,105.0,2025-04-02 00:00:00,Colorado Country Life,Denver,CO,80216,Other,Care Powerpoeing
COLORADO BIOSCIENCE PAC,Political Committee,20.0,2025-04-02 00:00:00,Wells Fargo Bank,Denver,CO,80203,Bank Fees,
COLORADO DEMOCRATIC PARTY,Political Party Committee,22.5,2025-04-02 00:00:00,Firstbank,Lakewood,CO,80215,Bank Fees,Bank Fees
COLORADO FORWARD PARTY COMMITTEE,Political Party Committee,127.0,2025-04-02 00:00:00,Meta Corporation,Menlo Park,CA,94025,Advertising,Meta Advertising For Party And Endorsements
COLORADO STATE REPRESENTATIVE DISTRICT 30 REPUBLICAN CENTRAL COMMITTEE,Political Party Committee,27.05,2025-04-02 00:00:00,Amazon,Seattle,WA,98109,Other,Reimburse Paula For Swag: Patriotic Pens And Patriotic Stickers For Booth At Tanner
FENBERG LEADERSHIP FUND,Political Committee,67.3,2025-04-02 00:00:00,Google,Mountain View,CA,94035,Other,Email Service
GREEN PARTY OF COLORADO,Political Party Committee,50.0,2025-04-02 00:00:00,Paypal,San Jose,CA,95131,Rent & Utilities,
GREEN PARTY OF COLORADO,Political Party Committee,50.0,2025-04-02 00:00:00,Your Office Usa,Denver,CO,80202,Rent & Utilities,
LIBERTARIAN PARTY OF COLORADO (LPCO),Political Party Committee,28.4,2025-04-02 00:00:00,Anedot,New Orleans,LA,70112,Bank Fees,Credit Cards Fees
LIBERTARIAN PARTY OF COLORADO (LPCO),Political Party Committee,50.68,2025-04-02 00:00:00,Bjs,Aurora,CO,80012,"Food, Beverages and Meals",After Court Meeting
LIBERTARIAN PARTY OF COLORADO (LPCO),Political Party Committee,1.79,2025-04-02 00:00:00,Stripe.Com,South San Francisco,CA,94080,Bank Fees,Credit Card Fees
LIBERTARIAN PARTY OF COLORADO (LPCO),Political Party Committee,48.9,2025-04-02 00:00:00,Stripe.Com,South San Francisco,CA,94080,Bank Fees,Credit Card Fees
THE COLEMAN LEADERSHIP FUND,Political Committee,1.03,2025-04-02 00:00:00,Patreon,Pali Alto,CA,94306,Other,Subscription
VALDEZ FOR COLORADO RAINBOW FUND,Political Committee,15.14,2025-04-02 00:00:00,Google Suite,Mountain View,CA,94043,Office Equipment & Supplies,
VIVAGE BEECAN SMALL DONOR COMMITTEE,Small Donor Committee,1000.0,2025-04-02 00:00:00,Senate Majority Fund,Denver,CO,80205,Contributions,
VIVAGE BEECAN SMALL DONOR COMMITTEE,Small Donor Committee,1000.0,2025-04-02 00:00:00,Colorado Way Forward,Denver,CO,80206,Contributions,
VIVAGE BEECAN SMALL DONOR COMMITTEE,Small Donor Committee,1000.0,2025-04-02 00:00:00,All Together Colorado,Denver,CO,80206,Contributions,
YARA LEADERSHIP FUND,Political Committee,45.03,2025-04-02 00:00:00,Loan N Jug,Fort Collins,CO,80528,Travel & Lodging,
COLORADO FARM BUREAU POLITICAL COMMITTEE,Political Committee,2.3,2024-04-03 00:00:00,Anedot Inc.,New Orleans,LA,70112,Bank Fees,Online Contribution Fee
COLORADO DEMOCRATIC PARTY,Political Party Committee,20.85,2025-04-03 00:00:00,Firstbank,Lakewood,CO,80215,Bank Fees,Bank Fees
COLORADO DEMOCRATIC PARTY,Political Party Committee,53.83,2025-04-03 00:00:00,Firstbank,Lakewood,CO,80215,Bank Fees,Bank Fees
COLORADO DEMOCRATIC PARTY,Political Party Committee,0.28,2025-04-03 00:00:00,Firstbank,Lakewood,CO,80215,Bank Fees,Bank Fees
COLORADO DEMOCRATIC PARTY,Political Party Committee,2242.47,2025-04-03 00:00:00,Michael S Merrifield,Arvada,CO,80005,Employee Services,Payroll
COLORADO DEMOCRATIC PARTY,Political Party Committee,960.78,2025-04-03 00:00:00,Paychex,Norristown,PA,19403,Employee Services,Payroll Taxes
GREATER DOUGLAS COUNTY,Political Committee,1554.98,2025-04-03 00:00:00,Dtc Print Brokers,Centennial,CO,80112,Advertising,Mailers For Highlands Ranch  Metro District
GREATER DOUGLAS COUNTY,Political Committee,802.85,2025-04-03 00:00:00,Dtc Print Brokers,Centennial,CO,80112,Advertising,Highlands Ranch Water
GREATER DOUGLAS COUNTY,Political Committee,220.0,2025-04-03 00:00:00,Gold Dust Creative,Littleton,CO,80124,Consultant & Professional Services,Mailers For Highlands Ranch Metro District And Water District
HAMRICK LEADERSHIP FUND,Political Committee,450.0,2025-04-03 00:00:00,Gena Ozols For Hd3,Redacted By Sos,CO,99999,Contributions,
LIBERTARIAN PARTY OF COLORADO (LPCO),Political Party Committee,9.95,2025-04-03 00:00:00,Merch Bnkcd Sd Fee,Thousand Oaks,CA,91361,Bank Fees,Bank Fees
LIBERTARIAN PARTY OF COLORADO (LPCO),Political Party Committee,0.42,2025-04-03 00:00:00,Stripe.Com,South San Francisco,CA,94080,Bank Fees,Credit Card Fees
LUNDEEN LEADERSHIP FUND,Political Committee,167.16,2025-04-03 00:00:00,Brown Palace,Denver,CO,80202,Other,6890 ∑ Other Meeting Expense
MAXIM HEALTHCARE SERVICES INC POLITICAL ACTION COMMITTEE (MAXIM HEALTHCARE PAC),Political Committee,-450.0,2025-04-03 00:00:00,Rodriguez For Colorado,Denver,CO,80222,Returned Expenditure,Voided Check
DEMOCRATIC PARTY CONGRESSIONAL DISTRICT 4 COLORADO,Political Party Committee,-0.96,2024-04-04 00:00:00,Us Bank,Parker,CO,80134,Bank Fees,Offset Due To Update Of Filed Item - Bank Cc Processing Fee
DEMOCRATIC PARTY CONGRESSIONAL DISTRICT 4 COLORADO,Political Party Committee,0.96,2024-04-04 00:00:00,Us Bank,Parker,CO,80134,Bank Fees,Bank Cc Processing Fee
COLORADO REPUBLICAN COMMITTEE,Political Party Committee,10948.5,2025-04-04 00:00:00,Law Offices Of Randy Corporon,Greenwood Village,CO,80111,Consultant & Professional Services,Legal Consulting
DEMOCRATIC PARTY CONGRESSIONAL DISTRICT 4 COLORADO,Political Party Committee,34.0,2025-04-04 00:00:00,Atlassian (Jira),Mountain View,CA,94041,Advertising,Admin Jira App
DEMOCRATIC PARTY CONGRESSIONAL DISTRICT 4 COLORADO,Political Party Committee,1.02,2025-04-04 00:00:00,Us Bank,Parker,CO,80134,Bank Fees,International Cc Processing Fee
INVESTHER,Political Committee,26.5,2025-04-04 00:00:00,Squarespace Inc.,New York,NY,10014,Other,Website & Email Hosting
LIBERTARIAN PARTY OF COLORADO (LPCO),Political Party Committee,20.0,2025-04-04 00:00:00,Time Park Llc,Denver,CO,80204,Travel & Lodging,Car Parking Fee
ASSOCIATED COLLECTION AGENCIES PAC,Political Committee,-450.0,2025-04-05 00:00:00,Bridges For Colorado,Redacted By Sos,CO,99999,Returned Expenditure,Check Never Cashed
ASSOCIATED COLLECTION AGENCIES PAC,Political Committee,-450.0,2025-04-05 00:00:00,Rebekah Stewart For Colorado,Redacted By Sos,CO,99999,Returned Expenditure,Check Never Cashed
ADAMS EDUCATORS FOR PUBLIC EDUCATION,Small Donor Committee,67.5,2025-04-06 00:00:00,,,,,Other,Intuit
DEMOCRATIC PARTY CONGRESSIONAL DISTRICT 4 COLORADO,Political Party Committee,1.19,2025-04-06 00:00:00,Actblue Technical Services,Somerville,MA,02144,Other,Cc Processing Fee
GREEN PARTY OF COLORADO,Political Party Committee,1.94,2025-04-06 00:00:00,Paypal,San Jose,CA,95131,Bank Fees,
LIBERTARIAN PARTY OF COLORADO (LPCO),Political Party Committee,67.51,2025-04-06 00:00:00,Scholl Oil,Holyoke,CO,80734,Travel & Lodging,Lpco Chair Fuel
LIBERTARIAN PARTY OF COLORADO (LPCO),Political Party Committee,765.0,2025-04-06 00:00:00,The Barrel Lakewood,Lakewood,CO,80401,"Food, Beverages and Meals",Lpco Meal After Meeting
RURAL COLORADO MATTERS PAC,Political Committee,450.0,2025-04-06 00:00:00,Dana Charles For Colorado,Pueblo West,CO,81007,Contributions,
VELASCO LEADERSHIP FUND,Political Committee,0.79,2025-04-06 00:00:00,Actblue,Somerville,MA,02144,Consultant & Professional Services,Actblue Fee
"COLORADO CHIROPRACTIC PAC (CCA, CC-PAC)",Political Committee,11.14,2025-04-07 00:00:00,Affinipay,Austin,TX,78746,Bank Fees,
COLORADO DEMOCRATIC PARTY,Political Party Committee,68.14,2025-04-07 00:00:00,Google,Mountain View,CA,94043,Office Equipment & Supplies,Software Subscription
COLORADO DEMOCRATIC PARTY,Political Party Committee,115.32,2025-04-07 00:00:00,Google,Mountain View,CA,94043,Office Equipment & Supplies,Software Subscription
COLORADO FORWARD PARTY COMMITTEE,Political Party Committee,648.0,2025-04-07 00:00:00,Name Incorporated,Denver,CO,80202,Office Equipment & Supplies,Party Ec Email Addresses
COLORADO FORWARD PARTY COMMITTEE,Political Party Committee,107.56,2025-04-07 00:00:00,Meta Corporation,Menlo Park,CA,94025,Advertising,Meta Advertising For Party And Endorsements
COLORADO SOCIETY OF ANESTHESIOLOGISTS SMALL DONOR COMMITTEE,Small Donor Committee,4.48,2025-04-07 00:00:00,,,,,Bank Fees,Paypal Fees
COLORADO STATE CONFERENCE OF ELECTRICAL WORKERS SMALL DONOR COMMITTEE (CSCEW),Small Donor Committee,5000.0,2025-04-07 00:00:00,Jena  Griswold,Redacted By Sos,CO,99999,Contributions,Contribution - Check 2361
COLORADO STATE CONFERENCE OF ELECTRICAL WORKERS SMALL DONOR COMMITTEE (CSCEW),Small Donor Committee,5000.0,2025-04-07 00:00:00,Jessie  Danielson,Redacted By Sos,CO,99999,Contributions,Contribution - Check 2362
COLORADO STATE CONFERENCE OF ELECTRICAL WORKERS SMALL DONOR COMMITTEE (CSCEW),Small Donor Committee,5000.0,2025-04-07 00:00:00,Monica I Duran,Wheat Ridge,CO,80033,Contributions,Contribution - Check 2363
COMMITTEE FOR PHYSICIAN ANESTHESIA CARE,Political Committee,14.42,2025-04-07 00:00:00,,,,,Bank Fees,Paypal Fees
CONSERVATION COLORADO ACTION FUND (CCVAF),Political Committee,579.0,2025-04-07 00:00:00,Conservation Colorado,Denver,CO,80203,Employee Services,Employee Hours
LIBERTARIAN PARTY OF COLORADO (LPCO),Political Party Committee,0.6,2025-04-07 00:00:00,Stripe.Com,South San Francisco,CA,94080,Bank Fees,Credit Card Fees
YARA LEADERSHIP FUND,Political Committee,150.0,2025-04-07 00:00:00,"Neslihan Dogmus, Consultant",Fort Collins,CO,80524,Consultant & Professional Services,
COLORADO DEMOCRATIC PARTY,Political Party Committee,4.0,2025-04-08 00:00:00,,,,,Miscellaneous,Parking Fee
COLORADO STATE REPRESENTATIVE DISTRICT 30 REPUBLICAN CENTRAL COMMITTEE,Political Party Committee,5.65,2025-04-08 00:00:00,Amazon,Seattle,WA,98109,Other,Reimburse Paula For Swag 2Amendment Stickers For Booth At Tanner
LIBERTARIAN PARTY OF COLORADO (LPCO),Political Party Committee,2.34,2025-04-08 00:00:00,Stripe.Com,South San Francisco,CA,94080,Bank Fees,Credit Card Fees
LIBERTARIAN PARTY OF COLORADO (LPCO),Political Party Committee,50.0,2025-04-08 00:00:00,Tmobile,Albuquerque,NM,87176,Telephone,Internet Hot Spot
POLITICAL COMMITTEE L 4056 (LOCAL),Political Committee,1787.39,2025-04-08 00:00:00,Minuteman Press Arvada,Arvada,CO,80004,Advertising,"Postcard Supporting Candidates For Arvada Fire Board Of Directors.
Clint Cannon
Jack C Major
Jim Whitfield"
COLORADANS FOR COLORADO,Small Donor Committee,4.6,2025-04-09 00:00:00,Anedot.Com,New Orleans,LA,70112,Bank Fees,"2 Donation Fees
2X$2.30=$4.60"
COLORADO DEMOCRATIC PARTY,Political Party Committee,55.3,2025-04-09 00:00:00,Joselyn D Jackson,Aurora,CO,80013,Travel & Lodging,Mileage Reimbursement
COLORADO PROFESSIONAL FIRE FIGHTERS SMALL DONOR FUND,Small Donor Committee,5000.0,2025-04-09 00:00:00,Protect Our Vote,Denver,CO,80202,Other,Political Donation
GRISWOLD LEADERSHIP PAC,Political Committee,2.0,2025-04-09 00:00:00,,,,,Bank Fees,
LIBERTARIAN PARTY OF COLORADO (LPCO),Political Party Committee,1.5,2025-04-09 00:00:00,Stripe.Com,South San Francisco,CA,94080,Bank Fees,Credit Card Fees
MANNY RUTINEL LEADERSHIP FUND,Political Committee,15.0,2025-04-09 00:00:00,State Of Colorado,Denver,CO,80203,Other,Colorado State Capitol Gym
THE COLEMAN LEADERSHIP FUND,Political Committee,444.65,2025-04-09 00:00:00,Precision Promotional Group Llc,Grand Junction,CO,81501,Other,Promotional Apparel
THE COLEMAN LEADERSHIP FUND,Political Committee,500.0,2025-04-09 00:00:00,Warrior Pac,Denver,CO,80211,Contributions,
LIBERTARIAN PARTY OF COLORADO (LPCO),Political Party Committee,30.45,2025-04-10 00:00:00,Fdms,Greenwood Village,CO,80111,Bank Fees,Service Fees
LIBERTARIAN PARTY OF COLORADO (LPCO),Political Party Committee,2.08,2025-04-10 00:00:00,Stripe.Com,South San Francisco,CA,94080,Bank Fees,Credit Card Fees
MAJORITIES MATTER!PAC,Political Committee,50.0,2025-04-10 00:00:00,Sws Polifi Llc,Fort Lupton,CO,80621,Consultant & Professional Services,
RED WELD PAC,Political Committee,50.0,2025-04-10 00:00:00,Polifi Llc,Fort Lupton,CO,80621,Consultant & Professional Services,
ROSE PAC,Political Committee,50.0,2025-04-10 00:00:00,Polifi Llc,Fort Lupton,CO,80621,Consultant & Professional Services,
TAKE COLO BACK POLITICAL COMM,Political Committee,50.0,2025-04-10 00:00:00,Polifi Llc,Fort Lupton,CO,80621,Consultant & Professional Services,
ZENPAC,Political Committee,450.0,2025-04-10 00:00:00,Varda For Colorado,Arvada,CO,80005,Contributions,
BUCKLE UP PAC,Political Committee,50.0,2025-04-11 00:00:00,Polifi Llc,Fort Lupton,CO,80621,Consultant & Professional Services,
COLORADO CREDIT UNION POLITICAL ACTION COMMITTEE,Political Committee,54.95,2025-04-11 00:00:00,Forte Payment Systems,Allen,TX,75013,Bank Fees,
COLORADO DEMOCRATIC PARTY,Political Party Committee,27.86,2025-04-11 00:00:00,Mailchimp,Atlanta,GA,30308,Other,Subscription Fee
COLORADO MEDICAL SOCIETY SMALL DONOR COMMITTEE,Small Donor Committee,79.97,2025-04-11 00:00:00,Wells Fargo Bank,Portland,OR,97228,Bank Fees,
COLORADO STRONG POLITICAL COMMITTEE,Political Committee,50.0,2025-04-11 00:00:00,Polifi Llc,Fort Lupton,CO,80621,Consultant & Professional Services,
CONSTITUTIONAL CONSERVATIVE PAC,Political Committee,50.0,2025-04-11 00:00:00,Polifi Llc,Fort Lupton,CO,80621,Consultant & Professional Services,
DOCTORS COMPANY COLORADO PAC (COLORADO DOCPAC),Political Committee,77.37,2025-04-11 00:00:00,Wells Fargo Bank,Santa Rosa,CA,95401,Bank Fees,Bank Fees
FRIENDS OF COLORADO HOSPITALS (F/K/A HOSPITALS EXPRESS LEGISLATIVE PREFERENCE),Political Committee,180.65,2025-04-11 00:00:00,,,,,Bank Fees,April Bank Fee
HARTSOOK LEADERSHIP PAC,Political Committee,50.0,2025-04-11 00:00:00,Polifi Llc,Fort Lupton,CO,80621,Consultant & Professional Services,
LIBERTARIAN PARTY OF COLORADO (LPCO),Political Party Committee,49.95,2025-04-11 00:00:00,Clover App,Sunnyvale,CA,94085,Bank Fees,Service Fees
LIBERTARIAN PARTY OF COLORADO (LPCO),Political Party Committee,1.03,2025-04-11 00:00:00,Stripe.Com,South San Francisco,CA,94080,Bank Fees,Credit Card Fees
LUNDEEN LEADERSHIP FUND,Political Committee,50.0,2025-04-11 00:00:00,"Sws Polifi, Llc",Lafayette,CO,80026,Other,7520 ∑ Accounting Fees
PIKES PEAK FIREARMS SMALL DONOR COMMITTEE (PPFC SDC),Small Donor Committee,50.0,2025-04-11 00:00:00,Colorado Secretary Of State,Denver,CO,80290,Other,Fcpa Penalty
PPFC POLITICAL ACTION COMMITTEE (PPFC PAC),Political Committee,50.0,2025-04-11 00:00:00,Colorado Secretary Of State,Denver,CO,80290,Other,Fcpa Pnalty
SHEET METAL WORKERS' SMALL DONOR COMMITTEE,Small Donor Committee,100.0,2025-04-11 00:00:00,Colorado Secretary Of State,Denver,CO,80290,Other,Late Filing Penalty Payment
THE BRIGHT PAC,Political Committee,50.0,2025-04-11 00:00:00,Polifi Llc,Fort Lupton,CO,80621,Consultant & Professional Services,
COLORADO STATE REPRESENTATIVE DISTRICT 30 REPUBLICAN CENTRAL COMMITTEE,Political Party Committee,22.37,2025-04-13 00:00:00,Amazon,Seattle,WA,98109,Office Equipment & Supplies,Reimburse Lindsay For Clear Labels For Hd30 Business Cards
BLUE LINE ADVOCATES PAC,Political Committee,300.0,2025-04-14 00:00:00,Sarah B. Jack & Associates,Colorado Springs,CO,80906,Consultant & Professional Services,
COLORADO DEMOCRATIC PARTY,Political Party Committee,495.1,2025-04-14 00:00:00,Hudson Bay Co. Of Illinois,Lincoln,NE,68516,Consultant & Professional Services,Phone Canvass Expenses
COLORADO DEMOCRATIC PARTY,Political Party Committee,34.91,2025-04-14 00:00:00,Zoom,San Jose,CA,95113,Other,Web Conferencing Services
COLORADO FORWARD PARTY COMMITTEE,Political Party Committee,17.33,2025-04-14 00:00:00,Zoom Corporation,San Jose,CA,95113,Rent & Utilities,Zoom Monthly Payment
DEMOCRATIC PARTY CONGRESSIONAL DISTRICT 4 COLORADO,Political Party Committee,25.24,2025-04-14 00:00:00,Intuit Quickbooks,Mountain View,CA,94043,Fundraising Expenses,Monthly Use Fee
MANNY RUTINEL LEADERSHIP FUND,Political Committee,9.99,2025-04-14 00:00:00,Mailmeteor,Paris,FR,75013,Office Equipment & Supplies,Software
US ANESTHESIA PARTNERS COLORADO STATE COMMITTEE,Political Committee,68.6,2025-04-14 00:00:00,Bok Financial,Denver,CO,80217,Bank Fees,
VELASCO LEADERSHIP FUND,Political Committee,3.24,2025-04-14 00:00:00,Alpine Bank,Grand Junction,CO,81501,Bank Fees,Account Activity Fee
BALL FOR ALL LEADERSHIP FUND,Political Committee,17.8,2025-04-15 00:00:00,Firstbank,Denver,CO,80212,Office Equipment & Supplies,Checks
BUILDING BRIDGES FOR COLORADO,Political Committee,2.0,2025-04-15 00:00:00,1St Bank,Lakewood,CO,80215,Bank Fees,
COLORADO DEMOCRATIC PARTY,Political Party Committee,10.0,2025-04-15 00:00:00,The Action Network,New York,NY,10016,Office Equipment & Supplies,Subscription
COLORADO RADIOLOGICAL SOCIETY POLITICAL COMMITTEE,Political Committee,6.5,2025-04-15 00:00:00,,,,,Bank Fees,
COMMITTEE FOR PHYSICIAN ANESTHESIA CARE,Political Committee,30.0,2025-04-15 00:00:00,,,,,Bank Fees,
FOOTHILLS REPUBLICANS SMALL DONOR COMMITTEE,Small Donor Committee,900.0,2025-04-15 00:00:00,Advance Colorado,Lafayette,CO,80026,Contributions,2025 Contribution To Advance Colorado
LIBERTARIAN PARTY OF COLORADO (LPCO),Political Party Committee,1.3,2025-04-15 00:00:00,Anedot,New Orleans,LA,70112,Bank Fees,Credit Cards Fees
LIBERTARIAN PARTY OF COLORADO (LPCO),Political Party Committee,375.0,2025-04-15 00:00:00,Gary Fielder,Denver,CO,80221,"Food, Beverages and Meals",Legal Dinner
LIBERTARIAN PARTY OF COLORADO (LPCO),Political Party Committee,1.05,2025-04-15 00:00:00,Stripe.Com,South San Francisco,CA,94080,Bank Fees,Credit Card Fees
LINDSTEDT LEADERSHIP FUND,Political Committee,500.0,2025-04-15 00:00:00,Bennet For Governor,Superior,CO,80027,Contributions,
US ANESTHESIA PARTNERS COLORADO STATE COMMITTEE,Political Committee,500.0,2025-04-15 00:00:00,Anna  Weyand,Denver,CO,80210,Miscellaneous,Reissue Of Contribution Refund 2019
US ANESTHESIA PARTNERS COLORADO STATE COMMITTEE,Political Committee,-500.0,2025-04-15 00:00:00,Anna  Weyand,,CO,,Returned Expenditure,Void Refund Check- Lost In Mail See Reissue
US ANESTHESIA PARTNERS COLORADO STATE COMMITTEE,Political Committee,-625.0,2025-04-15 00:00:00,Zenpac,Arvada,CO,80005,Returned Expenditure,Void Political Contribution Will Not Reissue
YARA LEADERSHIP FUND,Political Committee,40.65,2025-04-15 00:00:00,Maverik,Thornton,CO,80233,Travel & Lodging,
COLORADO DEMOCRATIC PARTY,Political Party Committee,65.0,2025-04-16 00:00:00,Pitkin County Democratic Party,Aspen,CO,81611,Other,Unlimited Transfer To Affiliated Committee
COLORADO FORWARD PARTY COMMITTEE,Political Party Committee,140.0,2025-04-16 00:00:00,Meta Corporation,Menlo Park,CA,94025,Advertising,Meta Advertising
LIBERTARIAN PARTY OF COLORADO (LPCO),Political Party Committee,151.2,2025-04-16 00:00:00,Microsoft,Redmond,WA,98052,Office Equipment & Supplies,Ms 365
LIBERTARIAN PARTY OF COLORADO (LPCO),Political Party Committee,3.7,2025-04-16 00:00:00,Stripe.Com,South San Francisco,CA,94080,Bank Fees,Credit Card Fees
COLORADO DEMOCRATIC PARTY,Political Party Committee,2.0,2025-04-17 00:00:00,,,,,Miscellaneous,Parking Fee
COLORADO DEMOCRATIC PARTY,Political Party Committee,491.17,2025-04-17 00:00:00,Gamino Printing,Denver,CO,80223,Other,"Name Tags, Set-Up Fee"
COLORADO DEMOCRATIC PARTY,Political Party Committee,300.0,2025-04-17 00:00:00,Lone Tree Brewing,Lone Tree,CO,80124,Other,Venue Rental Fee
COLORADO DEMOCRATIC PARTY,Political Party Committee,2248.22,2025-04-17 00:00:00,Michael S Merrifield,Arvada,CO,80005,Employee Services,Payroll
COLORADO DEMOCRATIC PARTY,Political Party Committee,955.03,2025-04-17 00:00:00,Paychex,Norristown,PA,19403,Employee Services,Payroll Taxes
CREATING LEADERS PAC,Political Committee,560.0,2025-04-17 00:00:00,Coblue Llc,Denver,CO,80218,Consultant & Professional Services,
LIBERTARIAN PARTY OF COLORADO (LPCO),Political Party Committee,1.63,2025-04-17 00:00:00,Stripe.Com,South San Francisco,CA,94080,Bank Fees,Credit Card Fees
NABIP COLORADO POLITICAL ACTION COMMITTEE,Political Committee,0.91,2025-04-17 00:00:00,Quickbooks Payments,Woodland Hills,CA,91367,Bank Fees,
PLUMBERS AND PIPEFITTERS LOCAL 58 SMALL DONOR COMMITTEE,Small Donor Committee,2500.0,2025-04-17 00:00:00,Jena For Colorado,Redacted By Sos,CO,99999,Contributions,Jena For Attorney General Of Colorado
ROCKY MOUNTAIN MECHANICAL CONTRACTORS ASSOCIATION PAC,Political Committee,-450.0,2025-04-17 00:00:00,Sean  Camacho,Redacted By Sos,CO,99999,Returned Expenditure,Contribution Returned
YARA LEADERSHIP FUND,Political Committee,600.0,2025-04-17 00:00:00,"Jonah Salehi, Consultant",Fort Collins,CO,80526,Consultant & Professional Services,
YARA LEADERSHIP FUND,Political Committee,400.0,2025-04-17 00:00:00,"Gregory Zoda, Consultant",Fort Collins,CO,80524,Consultant & Professional Services,
YARA LEADERSHIP FUND,Political Committee,600.0,2025-04-17 00:00:00,"Jonah Salehi, Consultant",Fort Collins,CO,80526,Consultant & Professional Services,
YARA LEADERSHIP FUND,Political Committee,600.0,2025-04-17 00:00:00,"Jonah Salehi, Consultant",Fort Collins,CO,80526,Consultant & Professional Services,
YARA LEADERSHIP FUND,Political Committee,600.0,2025-04-17 00:00:00,"Jonah Salehi, Consultant",Fort Collins,CO,80526,Consultant & Professional Services,
YARA LEADERSHIP FUND,Political Committee,600.0,2025-04-17 00:00:00,"Jonah Salehi, Consultant",Fort Collins,CO,80526,Consultant & Professional Services,
YARA LEADERSHIP FUND,Political Committee,-600.0,2025-04-17 00:00:00,"Jonah Salehi, Consultant",Fort Collins,CO,80526,Consultant & Professional Services,Offset Due To Deletion Of Filed Item
YARA LEADERSHIP FUND,Political Committee,-600.0,2025-04-17 00:00:00,"Jonah Salehi, Consultant",Fort Collins,CO,80526,Consultant & Professional Services,Offset Due To Deletion Of Filed Item
YARA LEADERSHIP FUND,Political Committee,-600.0,2025-04-17 00:00:00,"Jonah Salehi, Consultant",Fort Collins,CO,80526,Consultant & Professional Services,Offset Due To Deletion Of Filed Item
YARA LEADERSHIP FUND,Political Committee,-600.0,2025-04-17 00:00:00,"Jonah Salehi, Consultant",Fort Collins,CO,80526,Consultant & Professional Services,Offset Due To Deletion Of Filed Item
COLORADO FORWARD PARTY COMMITTEE,Political Party Committee,154.0,2025-04-18 00:00:00,Meta Corporation,Menlo Park,CA,94025,Advertising,Meta Advertising
COLORADO STATE REPRESENTATIVE DISTRICT 30 REPUBLICAN CENTRAL COMMITTEE,Political Party Committee,27.35,2025-04-18 00:00:00,Amazon,Seattle,WA,98109,Office Equipment & Supplies,Reimburse Paula For Booth Tablecloth Fabric
GREEN PARTY OF COLORADO,Political Party Committee,0.95,2025-04-18 00:00:00,Paypal,San Jose,CA,95131,Bank Fees,
LIBERTARIAN PARTY OF COLORADO (LPCO),Political Party Committee,4.65,2025-04-18 00:00:00,Stripe.Com,South San Francisco,CA,94080,Bank Fees,Credit Card Fees
TAMMY STORY LEADERSHIP FUND,Political Committee,-143.07,2025-04-18 00:00:00,Courtyard By Marriott,Lakewood,CO,80227,Returned Expenditure,Wrong Account Billed
WEST METRO FIRE FIGHTERS SMALL DONOR COMMITTEE,Small Donor Committee,250.0,2025-04-18 00:00:00,Wolfrum For West Metro Fire Board,Lakewood,CO,80227-2347,Contributions,Wolfrun Candidate Committee Bod Election Contribution
LIBERTARIAN PARTY OF COLORADO (LPCO),Political Party Committee,4.7,2025-04-19 00:00:00,Stripe.Com,South San Francisco,CA,94080,Bank Fees,Credit Card Fees
DEMOCRATIC PARTY CONGRESSIONAL DISTRICT 4 COLORADO,Political Party Committee,0.99,2025-04-20 00:00:00,Actblue Technical Services,Somerville,MA,02144,Other,Cc Processing Fee
MONICA PAC,Political Committee,0.2,2025-04-20 00:00:00,Actblue,West Somerville,MA,02144,Fundraising Expenses,
NABIP COLORADO POLITICAL ACTION COMMITTEE,Political Committee,6.57,2025-04-20 00:00:00,Quickbooks Payments,Woodland Hills,CA,91367,Bank Fees,
"AMERICAN FEDERATION OF STATE, COUNTY AND MUNICIPAL EMPLOYEES",Small Donor Committee,14500.0,2025-04-21 00:00:00,Colorado Democratic Party,Denver,CO,80203,Contributions,
BRIANNA TITONE'S 439 FUND,Political Committee,100.0,2025-04-21 00:00:00,Larimer County Democrats,Fort Collins,CO,80524,Contributions,Larimer County Dems Dinner Ticket
COLORADO DEMOCRATIC PARTY,Political Party Committee,280.0,2025-04-21 00:00:00,One Colorado,Denver,CO,80203,Other,Event Ticket Fee
COLORADO FORWARD PARTY COMMITTEE,Political Party Committee,170.0,2025-04-21 00:00:00,Meta Corporation,Menlo Park,CA,94025,Advertising,Meta Advertising
COLORADO STATE REPRESENTATIVE DISTRICT 30 REPUBLICAN CENTRAL COMMITTEE,Political Party Committee,51.82,2025-04-21 00:00:00,Gemini Imprints,Arvada,CO,80003,Advertising,Reimburse Paula For Hd30 Banner Made By Gemini Imprints
JUDY AMABILE LEADERSHIP FUND,Political Committee,1450.0,2025-04-21 00:00:00,Bridges For Colorado Treasurer,Redacted By Sos,CO,99999,Contributions,
LIBERTARIAN PARTY OF COLORADO (LPCO),Political Party Committee,0.74,2025-04-21 00:00:00,Stripe.Com,South San Francisco,CA,94080,Bank Fees,Credit Card Fees
MANNY RUTINEL LEADERSHIP FUND,Political Committee,63.08,2025-04-21 00:00:00,Adobe,San Jose,CA,95110,Office Equipment & Supplies,Software
YARA LEADERSHIP FUND,Political Committee,34.21,2025-04-21 00:00:00,Oak And Maple,Loveland,CO,80537,"Food, Beverages and Meals",
ATMOS ENERGY CORPORATION PAC,Political Committee,5000.0,2025-04-22 00:00:00,New Day Colorado Fund,Fort Lupton,CO,80621,Contributions,Contribution To 527 Political Committee
ATMOS ENERGY CORPORATION PAC,Political Committee,500.0,2025-04-22 00:00:00,New Day Colorado Fund,Fort Lupton,CO,80621,Contributions,Contribution To 527 Political Committee
COLORADO CENTER PARTY CENTRAL COMMITTEE,Political Party Committee,7.74,2025-04-22 00:00:00,Cleantalk,Lincolnshire,IL,60069,Miscellaneous,
VALDEZ FOR COLORADO RAINBOW FUND,Political Committee,84.12,2025-04-22 00:00:00,Mailchimp,Atlanta,GA,30308,Office Equipment & Supplies,
DEMOCRATIC WOMEN OF BOULDER COUNTY-SMALL DONOR COMMITTEE (DWBC-SDC),Small Donor Committee,2000.0,2025-04-23 00:00:00,Boulder County Democratic Party,Boulder,CO,80303,Contributions,
ODOPAC,Political Committee,725.0,2025-04-23 00:00:00,Phil Weiser For Colorado,Redacted By Sos,CO,99999,Contributions,
ODOPAC,Political Committee,200.0,2025-04-23 00:00:00,Jason For Thornton,Thornton,CO,80241,Contributions,
ODOPAC,Political Committee,450.0,2025-04-23 00:00:00,Chris For Colorado,Commerce City,CO,80022,Contributions,
VALDEZ FOR COLORADO RAINBOW FUND,Political Committee,21.03,2025-04-23 00:00:00,Zoho,Pleasantville,CA,94588,Office Equipment & Supplies,
COLORADO CENTER PARTY CENTRAL COMMITTEE,Political Party Committee,2.08,2025-04-24 00:00:00,Google Ads,Mountain View,CA,94043,Miscellaneous,
COLORADO DEMOCRATIC PARTY,Political Party Committee,29.22,2025-04-24 00:00:00,Aloy Thai - Capitol Hill,Denver,CO,80203,"Food, Beverages and Meals","Food, Beverage For Staff"
FENBERG LEADERSHIP FUND,Political Committee,45.34,2025-04-24 00:00:00,Godaddy,Tempe,AZ,85284,Other,Domain
GREEN PARTY OF COLORADO,Political Party Committee,22.77,2025-04-24 00:00:00,Godaddy Inc,Tempe,AZ,85281,Other,Web Hosting
JAVIER'S ECONOMIC JUSTICE FUND,Political Committee,2.0,2025-04-24 00:00:00,First Bank,Lakewood,CO,80235,Bank Fees,
LIBERTARIAN PARTY OF COLORADO (LPCO),Political Party Committee,77.0,2025-04-24 00:00:00,Smart Space,Lakewood,CO,80215,Rent & Utilities,Storage Space
MANNY RUTINEL LEADERSHIP FUND,Political Committee,25.21,2025-04-24 00:00:00,Ny Times,New York,NY,10018,Other,Newspaper Subscription
VALDEZ FOR COLORADO RAINBOW FUND,Political Committee,164.94,2025-04-24 00:00:00,Rocky Mountain Apparel,Denver,CO,80216,Miscellaneous,For Shirts Branded For Political Purposes.
350 COLORADO ACTION PAC,Political Committee,50.0,2025-04-25 00:00:00,,,,,Other,Fine To Colorado Sos For Late Reporting. Invoice #2025E000173
COLORADO DEMOCRATIC PARTY,Political Party Committee,37.65,2025-04-25 00:00:00,Rockmount Ranch Wear,Denver,CO,80202,Other,"Bandana, Beverage Container"
COLORADO STATE REPRESENTATIVE DISTRICT 30 REPUBLICAN CENTRAL COMMITTEE,Political Party Committee,10.92,2025-04-25 00:00:00,Amazon,Seattle,WA,98109,Office Equipment & Supplies,Reimburse Paula For Biaz Tape For Booth Tablecloth
DLCC COLORADO (DEMOCRATIC LEGISLATIVE CAMPAIGN COMMITTEE COLORADO),Small Donor Committee,14.0,2025-04-25 00:00:00,Amalgamated Bank,New York,NY,10001,Bank Fees,
EMILY'S LIST COLORADO SMALL DONOR COMMITTEE,Small Donor Committee,91.01,2025-04-25 00:00:00,Amalgamated Bank,Washington,DC,20006,Bank Fees,Bank Fees
LEE - COLORADO PAC,Political Committee,109.0,2025-04-25 00:00:00,Amalgamated Bank,New York,NY,10001,Bank Fees,
LIBERTARIAN PARTY OF COLORADO (LPCO),Political Party Committee,1.33,2025-04-25 00:00:00,Stripe.Com,South San Francisco,CA,94080,Bank Fees,Credit Card Fees
POLITICAL COMMITTEE L 4056 (LOCAL),Political Committee,1401.6,2025-04-26 00:00:00,Minuteman Press Arvada,Arvada,CO,80004,Advertising,"Postcard Supporting Candidates For Arvada Fire Board Of Directors.
Clint Cannon
Jack C Major
Jim Whitfield"
REPUBLIC SERVICES INC. EMPLOYEES FOR BETTER GOVERNMENT PAC,Political Committee,-400.0,2025-04-26 00:00:00,Lisa For Colorado Committee,Redacted By Sos,CO,99999,Returned Expenditure,Check Voided: Original Issue Date 10/24/2024
ADVANCED ENERGY ACTION,Political Committee,26.0,2025-04-27 00:00:00,Amalgamated Bank,Washington,DC,20006,Bank Fees,Bank Fees
BALL FOR ALL LEADERSHIP FUND,Political Committee,3.95,2025-04-27 00:00:00,Actblue Technical Services,Somerville,MA,02144,Fundraising Expenses,Credit Card Processor Fees
DEMOCRATIC PARTY CONGRESSIONAL DISTRICT 4 COLORADO,Political Party Committee,0.2,2025-04-27 00:00:00,Actblue Technical Services,Somerville,MA,02144,Other,Cc Processing Fee
LIBERTARIAN PARTY OF COLORADO (LPCO),Political Party Committee,159.14,2025-04-28 00:00:00,Vistaprint,Waltham,MA,02451,Office Equipment & Supplies,Postcard - Call To Convention
ODOPAC,Political Committee,50.0,2025-04-28 00:00:00,Thomas Swingle For Assessor,Brighton,CO,80601,Contributions,
YARA LEADERSHIP FUND,Political Committee,100.0,2025-04-28 00:00:00,Larimer County Democrats,Fort Collins,CO,80524,Contributions,
BIPAC (BLACK INDIGENOUS LEADERSHIP PAC),Political Committee,400.0,2025-04-29 00:00:00,Cali Wolf,Highlands Ranch,CO,80126,Contributions,
COLORADO DEMOCRATIC PARTY,Political Party Committee,253.47,2025-04-29 00:00:00,Etsy,Brooklyn,NY,11201,Miscellaneous,Volunteer Awards
COLORADO STATE REPRESENTATIVE DISTRICT 30 REPUBLICAN CENTRAL COMMITTEE,Political Party Committee,10.74,2025-04-29 00:00:00,Office Depot,Boca Raton,FL,33496,Advertising,Reimburse Lindsay For Clear Placard For Advertising Events
LIBERTARIAN PARTY OF COLORADO (LPCO),Political Party Committee,90.0,2025-04-29 00:00:00,Jonathan M Jacobs,Philadelphia,PA,19151,Consultant & Professional Services,Parliamentary Consultant
LIBERTARIAN PARTY OF COLORADO (LPCO),Political Party Committee,2.98,2025-04-29 00:00:00,Stripe.Com,South San Francisco,CA,94080,Bank Fees,Credit Card Fees
UNITED MINE WORKERS OF AMERICA,Political Committee,1000.0,2025-04-29 00:00:00,,,,,Contributions,Contributions To Non Co Candidates
VALDEZ FOR COLORADO RAINBOW FUND,Political Committee,2.0,2025-04-29 00:00:00,First Bank,Lakewood,CO,80215,Bank Fees,
ORALE FUND,Political Committee,2.0,2024-04-30 00:00:00,Firstbank,Denver,CO,80203,Bank Fees,
ACCESS TO PEDIATRIC BEHAVIORAL THERAPY FOR COLORADO CHILDREN,Political Committee,-8.6,2025-04-30 00:00:00,First Bank,Lakewood,CO,80215,Returned Expenditure,Expenditure Returned
ADAMS EDUCATORS FOR PUBLIC EDUCATION,Small Donor Committee,5.0,2025-04-30 00:00:00,,,,,Bank Fees,Bank Fee
AGRICULTURE PAC,Political Committee,2.0,2025-04-30 00:00:00,Firstbank North,Arvada,CO,80006,Bank Fees,
"AGRICULTURE STRONG, COLORADO UNITED",Small Donor Committee,10.0,2025-04-30 00:00:00,First Bank North,Brighton,CO,80601,Bank Fees,
BUCKLE UP PAC,Political Committee,2.0,2025-04-30 00:00:00,Firstbank North,Arvada,CO,80003,Bank Fees,
CERTIFIED PUBLIC ACCOUNTANTS PAC,Political Committee,5.0,2025-04-30 00:00:00,,,,,Bank Fees,Bank Fee
COLORADO CLEANTECH PAC,Political Committee,10.0,2025-04-30 00:00:00,Wells Fargo,Denver,CO,80202,Bank Fees,Bank Fees
COLORADO COMMITTEE OF AUTO RETAILERS (COLO C.A.R.),Political Committee,3.0,2025-04-30 00:00:00,,,,,Bank Fees,Bank Fees
COLORADO DEMOCRATIC PARTY,Political Party Committee,112.35,2025-04-30 00:00:00,Actblue,Cambridge,MA,02238,Fundraising Expenses,April Bank Fees
COLORADO DEMOCRATIC PARTY,Political Party Committee,2.0,2025-04-30 00:00:00,Firstbank,Lakewood,CO,80215,Bank Fees,Bank Fees
COLORADO DEMOCRATIC PARTY,Political Party Committee,8.0,2025-04-30 00:00:00,Firstbank,Lakewood,CO,80215,Bank Fees,Bank Fees
COLORADO DEMOCRATIC PARTY,Political Party Committee,2.0,2025-04-30 00:00:00,Firstbank,Lakewood,CO,80215,Bank Fees,Bank Fees
COLORADO DENTAL HYGIENISTS PAC,Political Committee,15.0,2025-04-30 00:00:00,Jpmorgan Chase Bank,Columbus,OH,43218-2051,Bank Fees,
COLORADO LEAGUE OF CHARTER SCHOOLS ACTION SMALL DONOR COMMITTEE (CLCS ACTION SDC),Small Donor Committee,12.0,2025-04-30 00:00:00,Firstbank,Denver,CO,80203,Bank Fees,Bank Fees
COLORADO PSYCHOLOGICAL ASSOCIATION,Political Committee,25.0,2025-04-30 00:00:00,Keybank National Association,Greenwood Village,CO,80111,Bank Fees,
COLORADO SKI COUNTRY USA PAC,Political Committee,5.0,2025-04-30 00:00:00,,,,,Bank Fees,Bank Service Charge
CONSTITUTIONAL CONSERVATIVE PAC,Political Committee,2.0,2025-04-30 00:00:00,First Bank,Brighton,CO,80601,Bank Fees,
CREATING LEADERS PAC,Political Committee,560.0,2025-04-30 00:00:00,Coblue Llc,Denver,CO,80218,Consultant & Professional Services,
DEMOCRATIC WOMEN OF BOULDER COUNTY-SMALL DONOR COMMITTEE (DWBC-SDC),Small Donor Committee,4000.0,2025-04-30 00:00:00,Colorado Democratic Party Political Committee,Denver,CO,80203,Contributions,
EMILY'S LIST - COLORADO,Political Committee,2.5,2025-04-30 00:00:00,Amalgamated Bank,Washington,DC,20006,Bank Fees,Bank Fees
EQUAL ACCESS FOR COLORADO AUTISM PATIENTS,Political Committee,22.0,2025-04-30 00:00:00,First Bank,Lakewood,CO,80215,Bank Fees,
FAMILIES FOR RESPONSIBLE GOVERNMENT,Political Committee,2.0,2025-04-30 00:00:00,Firstbank,Brighton,CO,80601,Bank Fees,
FENBERG LEADERSHIP FUND,Political Committee,9.0,2025-04-30 00:00:00,First Bank,Lakewood,CO,80225,Bank Fees,Bank Fee
FUERZA,Small Donor Committee,2.0,2025-04-30 00:00:00,Firstbank,Denver,CO,80211,Bank Fees,
GREENCO PC,Political Committee,5.0,2025-04-30 00:00:00,Firstbank,Glendale,CO,80246,Bank Fees,Entered Late Because The Bank Said They Weren'T Going To Charge Us And Then Did.
HARTSOOK LEADERSHIP PAC,Political Committee,2.0,2025-04-30 00:00:00,First Bank,Brighton,CO,80601,Bank Fees,
HOME CARE PAC,Political Committee,3.0,2025-04-30 00:00:00,Keybank,Cleveland,OH,44101,Bank Fees,
JESSIE DANIELSON GRASSROOTS FUND,Small Donor Committee,15.0,2025-04-30 00:00:00,Chase Bank,Wheat Ridge,CO,80033,Bank Fees,
JESSIE DANIELSON PAC,Political Committee,15.0,2025-04-30 00:00:00,Chase Bank,Wheat Ridge,CO,80033,Bank Fees,
KAREN FOR CO LEADERSHIP PAC,Political Committee,6.0,2025-04-30 00:00:00,Vectra Bank Colorado,Longmont,CO,80501,Bank Fees,
LIBERTARIAN PARTY OF COLORADO (LPCO),Political Party Committee,5.51,2025-04-30 00:00:00,Stripe.Com,South San Francisco,CA,94080,Bank Fees,Credit Card Fees
MAX PAC,Political Committee,2.0,2025-04-30 00:00:00,South State Bank,Castle Rock,CO,80104,Bank Fees,Monthly Bank Fee
MONICA PAC,Political Committee,2.0,2025-04-30 00:00:00,,,,,Bank Fees,
NAIOP COLORADO PAC,Political Committee,15.0,2025-04-30 00:00:00,1Stbank Of Denver,Denver,CO,80202,Bank Fees,
NAIOP COLORADO SMALL DONOR COMMITTEE,Small Donor Committee,15.0,2025-04-30 00:00:00,1Stbank Of Denver,Denver,CO,80202,Bank Fees,
NURSES FOR POLITCAL ACTION IN COLORADO (N-PAC),Political Committee,10.0,2025-04-30 00:00:00,Umb Bank,Denver,CO,80218,Bank Fees,
ODOPAC,Political Committee,2.0,2025-04-30 00:00:00,First Bank,Thornton,CO,80233,Bank Fees,
ONEOK INC. EMPLOYEE POLITICAL ACTION COMMITTEE,Political Committee,-450.0,2025-04-30 00:00:00,Kyle Mullica For Sd 24,Thornton,CO,80602,Returned Expenditure,Check Voided
ORALE FUND,Political Committee,2.0,2025-04-30 00:00:00,Firstbank,Denver,CO,80203,Bank Fees,
PAC (POLITICAL ACTION COMMITTEE) TO THE FUTURE,Political Committee,2.0,2025-04-30 00:00:00,Firstbank,Lakewood,CO,80215,Bank Fees,
REALTOR CANDIDATE POLITICAL ACTION COMMITTEE (RCPAC) - FKA: COLORADO ASSOCIATION OF REALTORS PAC (CO,Political Committee,25.0,2025-04-30 00:00:00,Firstbank,Lakewood,CO,80215,Bank Fees,Bank Fee
REALTOR SMALL DONOR COMMITTEE (RSDC),Small Donor Committee,25.0,2025-04-30 00:00:00,Firstbank,Lakewood,CO,80215,Bank Fees,Bank Fee
REPUBLIC SERVICES INC. EMPLOYEES FOR BETTER GOVERNMENT PAC,Political Committee,-225.0,2025-04-30 00:00:00,Rachel For Colorado,Arvada,CO,80005,Returned Expenditure,Check Voided: Original Issue Date 03/19/2025
REPUBLIC SERVICES INC. EMPLOYEES FOR BETTER GOVERNMENT PAC,Political Committee,225.0,2025-04-30 00:00:00,Rachel For Colorado,Arvada,CO,80005,Contributions,
SHEILA FOR COLORADO LEADERSHIP FUND,Political Committee,2.0,2025-04-30 00:00:00,First Bank,Lakewood,CO,80232,Bank Fees,Fee For Debit Card
SNYDER FOR COLORADO LEADERSHIP FUND,Political Committee,2.0,2025-04-30 00:00:00,First Bank,Lakewood,CO,80215,Bank Fees,
TAKE COLO BACK POLITICAL COMM,Political Committee,2.0,2025-04-30 00:00:00,First Bank,Brighton,CO,80601,Bank Fees,
THE COLEMAN LEADERSHIP FUND,Political Committee,4.0,2025-04-30 00:00:00,1St Bank,Denver,CO,80249,Bank Fees,
VOICES FOR CHOICE SMALL DONOR COMMITTEE,Small Donor Committee,2.0,2025-04-30 00:00:00,,,,,Bank Fees,Bank Fees
WOOG PAC,Political Committee,2.0,2025-04-30 00:00:00,First Bank North,Arvada,CO,80006,Bank Fees,
ZENPAC,Political Committee,500.0,2025-04-30 00:00:00,Phil Weiser For Colorado,Redacted By Sos,CO,99999,Contributions,
COLORADO CENTER PARTY CENTRAL COMMITTEE,Political Party Committee,12.52,2025-05-01 00:00:00,Digital Ocean,New York,NY,10013,Miscellaneous,
COLORADO DEMOCRATIC PARTY,Political Party Committee,450.0,2025-05-01 00:00:00,Numero,Irvine,CA,92618,Other,Software License Fee
FENBERG LEADERSHIP FUND,Political Committee,1000.0,2025-05-01 00:00:00,Boulder County Democratic Party,Boulder,CO,80303,Contributions,
FENBERG LEADERSHIP FUND,Political Committee,58.64,2025-05-01 00:00:00,Google,Mountain View,CA,94035,Other,Email
GREEN PARTY OF COLORADO,Political Party Committee,0.84,2025-05-01 00:00:00,Paypal,San Jose,CA,95131,Bank Fees,
GRISWOLD LEADERSHIP PAC,Political Committee,250.0,2025-05-01 00:00:00,Boulder County Democratic Party,Boulder,CO,80303,Contributions,Event Tickets
HOOD LEADERSHIP PAC,Political Committee,1450.0,2025-05-01 00:00:00,Michael  Bennet,Superior,CO,80027,Contributions,Donation To Bennet For Governor
LIBERTARIAN PARTY OF COLORADO (LPCO),Political Party Committee,1.03,2025-05-01 00:00:00,Stripe.Com,South San Francisco,CA,94080,Bank Fees,Credit Card Fees
LUNDEEN LEADERSHIP FUND,Political Committee,21.6,2025-05-01 00:00:00,Google,Moutain Views,CA,94043,Other,6410 ∑ Registration & Hosting
ROCKY MOUNTAIN HOME ASSOCIATION PAC (CMHA PAC FUND),Political Committee,12.0,2025-05-01 00:00:00,Pnc Bank,Pittsburg,PA,15222,Bank Fees,
COLORADANS FOR WESTERN VALUES LEADERSHIP PAC,Political Committee,100.0,2025-05-02 00:00:00,Larry  Liston,Colorado Springs,CO,80909,"Food, Beverages and Meals",
COLORADANS FOR WESTERN VALUES LEADERSHIP PAC,Political Committee,450.0,2025-05-02 00:00:00,Dana Charles For Colorado,Pueblo West,CO,81007,Contributions,
COLORADO BIOSCIENCE PAC,Political Committee,20.0,2025-05-02 00:00:00,Wells Fargo Bank,Denver,CO,80203,Bank Fees,
COLORADO DEMOCRATIC PARTY,Political Party Committee,22.5,2025-05-02 00:00:00,Firstbank,Lakewood,CO,80215,Bank Fees,Bank Fees
COLORADO DEMOCRATIC PARTY,Political Party Committee,2242.47,2025-05-02 00:00:00,Michael S Merrifield,Arvada,CO,80005,Employee Services,Payroll
COLORADO DEMOCRATIC PARTY,Political Party Committee,960.78,2025-05-02 00:00:00,Paychex,Norristown,PA,19403,Employee Services,Payroll Taxes
COLORADO STATE REPRESENTATIVE DISTRICT 30 REPUBLICAN CENTRAL COMMITTEE,Political Party Committee,148.25,2025-05-02 00:00:00,Canva.Com,Austin,TX,78702,Advertising,Palm Cards And Business Cards By Canva.Com
GREEN PARTY OF COLORADO,Political Party Committee,50.0,2025-05-02 00:00:00,Your Office Usa,Denver,CO,80202,Rent & Utilities,
THE COLEMAN LEADERSHIP FUND,Political Committee,1.03,2025-05-02 00:00:00,Patreon,Pali Alto,CA,94306,Other,Subscription
VALDEZ FOR COLORADO RAINBOW FUND,Political Committee,15.14,2025-05-02 00:00:00,Google Suite,Mountain View,CA,94043,Office Equipment & Supplies,
COMMITTEE FOR PHYSICIAN ANESTHESIA CARE,Political Committee,4.83,2025-05-04 00:00:00,,,,,Bank Fees,Paypal Fees
DEMOCRATIC PARTY CONGRESSIONAL DISTRICT 4 COLORADO,Political Party Committee,1.4,2025-05-04 00:00:00,Actblue Technical Services,Somerville,MA,02144,Other,Cc Proc3Essing Fee
GRISWOLD LEADERSHIP PAC,Political Committee,57.28,2025-05-04 00:00:00,Actblue,West Somerville,MA,02144-0031,Fundraising Expenses,
MONICA PAC,Political Committee,0.83,2025-05-04 00:00:00,Actblue,West Somerville,MA,02144,Fundraising Expenses,
VELASCO LEADERSHIP FUND,Political Committee,0.79,2025-05-04 00:00:00,Actblue,Somerville,MA,02144,Fundraising Expenses,Act Blue Fee
18TH JD CRIMINAL JUSTICE FUND,Small Donor Committee,96.04,2025-05-05 00:00:00,Amy Padden For District Attorney,Redacted By Sos,CO,80013,Contributions,
ADAMS EDUCATORS FOR PUBLIC EDUCATION,Small Donor Committee,67.5,2025-05-05 00:00:00,,,,,Other,Intuit
"COLORADO CHIROPRACTIC PAC (CCA, CC-PAC)",Political Committee,16.84,2025-05-05 00:00:00,Affinipay,Austin,TX,78746,Bank Fees,
COLORADO DEMOCRATIC PARTY,Political Party Committee,20.85,2025-05-05 00:00:00,Firstbank,Lakewood,CO,80215,Bank Fees,Bank Fees
COLORADO DEMOCRATIC PARTY,Political Party Committee,53.83,2025-05-05 00:00:00,Firstbank,Lakewood,CO,80215,Bank Fees,Bank Fees
COLORADO DEMOCRATIC PARTY,Political Party Committee,0.28,2025-05-05 00:00:00,Firstbank,Lakewood,CO,80215,Bank Fees,Bank Fees
COLORADO DEMOCRATIC PARTY,Political Party Committee,68.14,2025-05-05 00:00:00,Google,Mountain View,CA,94043,Office Equipment & Supplies,Software Subscription
COLORADO DEMOCRATIC PARTY,Political Party Committee,115.41,2025-05-05 00:00:00,Google,Mountain View,CA,94043,Office Equipment & Supplies,Software Subscription
COLORADO DEMOCRATIC PARTY,Political Party Committee,4.0,2025-05-05 00:00:00,,,,,Miscellaneous,Parking Fee (Denver)
COLORADO FORWARD PARTY COMMITTEE,Political Party Committee,124.97,2025-05-05 00:00:00,Meta Corporation,Menlo Park,CA,94025,Advertising,Advertising On Meta
DEMOCRATIC PARTY CONGRESSIONAL DISTRICT 4 COLORADO,Political Party Committee,34.0,2025-05-05 00:00:00,Atlassian (Jira),Mountain View,CA,94041,Advertising,Monthly Use Fee
DEMOCRATIC PARTY CONGRESSIONAL DISTRICT 4 COLORADO,Political Party Committee,1.02,2025-05-05 00:00:00,Us Bank,Parker,CO,80134,Bank Fees,Cc Processing Fee - Canada
INVESTHER,Political Committee,26.5,2025-05-05 00:00:00,Squarespace Inc.,New York,NY,10014,Other,Email & Website Hosting
LIBERTARIAN PARTY OF COLORADO (LPCO),Political Party Committee,10.2,2025-05-05 00:00:00,Fdms,Greenwood Village,CO,80111,Bank Fees,Service Fees
LIBERTARIAN PARTY OF COLORADO (LPCO),Political Party Committee,9.95,2025-05-05 00:00:00,Merch Bnkcd Sd Fee,Thousand Oaks,CA,91361,Bank Fees,Bank Fees
LIBERTARIAN PARTY OF COLORADO (LPCO),Political Party Committee,1.86,2025-05-05 00:00:00,Stripe.Com,South San Francisco,CA,94080,Bank Fees,Credit Card Fees
LIBERTARIAN PARTY OF COLORADO (LPCO),Political Party Committee,165.5,2025-05-05 00:00:00,Vistaprint,Waltham,MA,02451,Office Equipment & Supplies,Postcard - Call To Convention
THE COLEMAN LEADERSHIP FUND,Political Committee,328.88,2025-05-05 00:00:00,Safeway,Denver,CO,80209,"Food, Beverages and Meals",
THE COLEMAN LEADERSHIP FUND,Political Committee,130.69,2025-05-05 00:00:00,Safeway,Denver,CO,80209,"Food, Beverages and Meals",
COLORADO STATE REPRESENTATIVE DISTRICT 30 REPUBLICAN CENTRAL COMMITTEE,Political Party Committee,12.96,2025-05-06 00:00:00,Amazon,Seattle,WA,98109,Other,Reimburse Paula For Balloons For Booth At Tanner Gun Show
JESSIE DANIELSON GRASSROOTS FUND,Small Donor Committee,1000.0,2025-05-06 00:00:00,Upstream Consulting Llc,Wheat Ridge,CO,80033,Consultant & Professional Services,
JESSIE DANIELSON PAC,Political Committee,1000.0,2025-05-06 00:00:00,Upstream Consulting Llc,Wheat Ridge,CO,80033,Consultant & Professional Services,
THE HOME DEPOT INC. POLITICAL ACTION COMMITTEE,Political Committee,1000.0,2025-05-06 00:00:00,Justice For Colorado,Denver,CO,80250,Contributions,Direct Contribution
MARK BAISLEY LEADERSHIP PAC,Political Committee,250.0,2025-05-07 00:00:00,John  Carson,Highlands Ranch,CO,80130,Contributions,
PIKES PEAK SMALL DONOR COMMITTEE (PPSDC),Small Donor Committee,1000.0,2025-05-07 00:00:00,Committee To Elect Brandon Clark,Colorado Springs,CO,80908,Contributions,
YARA LEADERSHIP FUND,Political Committee,34.48,2025-05-07 00:00:00,Jimmy Johns,Denver,CO,80202,"Food, Beverages and Meals",
COLORADO CREDIT UNION POLITICAL ACTION COMMITTEE,Political Committee,450.0,2025-05-08 00:00:00,Lori B Goldstein,Westminster,CO,80031,Contributions,
COLORADO DEMOCRATIC PARTY,Political Party Committee,77.77,2025-05-08 00:00:00,Joselyn D Jackson,Aurora,CO,80013,Travel & Lodging,Mileage Reimbursement
COLORADO INDEPENDENTS PAC (COINPAC),Political Committee,-450.0,2025-05-08 00:00:00,Ricks For Colorado,Aurora,CO,80015,Returned Expenditure,Check Lost
COLORADO INDEPENDENTS PAC (COINPAC),Political Committee,-625.0,2025-05-08 00:00:00,Ricks Pac,Aurora,CO,80015,Returned Expenditure,Check Lost
LIBERTARIAN PARTY OF COLORADO (LPCO),Political Party Committee,6.07,2025-05-08 00:00:00,Stripe.Com,South San Francisco,CA,94080,Bank Fees,Credit Card Fees
COLORADO INDEPENDENTS PAC (COINPAC),Political Committee,625.0,2025-05-09 00:00:00,Ricks Pac,Aurora,CO,80015,Contributions,"Reissue For Lost Check Dated October 30, 2024"
COLORADO INDEPENDENTS PAC (COINPAC),Political Committee,450.0,2025-05-09 00:00:00,Ricks For Colorado,Aurora,CO,80015,Contributions,"Reissue Check For Lost Check Dated June 13, 2024"
COLORADO STATE REPRESENTATIVE DISTRICT 30 REPUBLICAN CENTRAL COMMITTEE,Political Party Committee,87.15,2025-05-09 00:00:00,Winspin-Global.Com,City Of Industry,CA,91744,Miscellaneous,Reimburse Lindsay For Prize Wheel For Booth At Tanner Gun Show And Other Events
COLORADO STATE REPRESENTATIVE DISTRICT 30 REPUBLICAN CENTRAL COMMITTEE,Political Party Committee,-87.15,2025-05-09 00:00:00,Winspin-Global.Com,City Of Industry,CA,91744,Miscellaneous,Offset Due To Update Of Filed Item - Reimburse Lindsay For Prize Wheel For Booth At Tanner Gun Show And Other Events
COLORADO STATE REPRESENTATIVE DISTRICT 30 REPUBLICAN CENTRAL COMMITTEE,Political Party Committee,87.15,2025-05-09 00:00:00,Winspin-Global.Com,City Of Industry,CA,91744,Miscellaneous,Reimburse Lindsay For Prize Wheel For Booth At Tanner Gun Show And Other Events
GREENBERG TRAURIG COLORADO POLITICAL ACTION COMMITTEE,Political Committee,-250.0,2025-05-09 00:00:00,Lynn For Adams County,Brighton,CO,80601,Returned Expenditure,Check Not Cashed By Recipient.
GRISWOLD LEADERSHIP PAC,Political Committee,2.0,2025-05-09 00:00:00,,,,,Bank Fees,
JAVIER'S ECONOMIC JUSTICE FUND,Political Committee,300.0,2025-05-09 00:00:00,Colorado Secretary Of State,Denver,CO,80290,Other,Campaign Finance Late Filing Fees
LIBERTARIAN PARTY OF COLORADO (LPCO),Political Party Committee,1.05,2025-05-09 00:00:00,Stripe.Com,South San Francisco,CA,94080,Bank Fees,Credit Card Fees
MANNY RUTINEL LEADERSHIP FUND,Political Committee,15.0,2025-05-09 00:00:00,State Of Colorado,Denver,CO,80203,Other,Colorado State Capitol Gym
CHRIS KOLKER LEADERSHIP FUND,Political Committee,450.0,2025-05-10 00:00:00,Val With Colorado,Wheat Ridge,CO,80033,Contributions,Val With Colorado 2026 House Race 23.
CHRIS KOLKER LEADERSHIP FUND,Political Committee,400.0,2025-05-10 00:00:00,Ashish  Vaidya,Redacted By Sos,CO,99999,Contributions,"Contribution To Ashish Vaidya, Candidate For Centennial City Council District 2"
LUNDEEN LEADERSHIP FUND,Political Committee,78.64,2025-05-10 00:00:00,Oxford Hotel,Denver,CO,80202,Other,6890 ∑ Other Meeting Expense
REALTOR CANDIDATE POLITICAL ACTION COMMITTEE (RCPAC) - FKA: COLORADO ASSOCIATION OF REALTORS PAC (CO,Political Committee,25.0,2025-05-10 00:00:00,Firstbank,Lakewood,CO,80215,Bank Fees,Bank Fee
18TH JD DEMOCRATIC SDC,Small Donor Committee,0.4,2025-05-11 00:00:00,,,,,Bank Fees,
BALL FOR ALL LEADERSHIP FUND,Political Committee,1.98,2025-05-11 00:00:00,Actblue Technical Services,Somerville,MA,02144,Fundraising Expenses,Credit Card Processor Fees
COLORADO WORKING FAMILIES PARTY SMALL DONOR COMMITTEE,Small Donor Committee,36.85,2025-05-11 00:00:00,Actblue Technical Services,Somerville,MA,02144,Fundraising Expenses,Fee
DEMOCRATIC PARTY CONGRESSIONAL DISTRICT 4 COLORADO,Political Party Committee,4.98,2025-05-11 00:00:00,Actblue Technical Services,Somerville,MA,02144,Other,Cc Processing Fee
GRISWOLD LEADERSHIP PAC,Political Committee,2.38,2025-05-11 00:00:00,Actblue,West Somerville,MA,02144-0031,Fundraising Expenses,
LIBERTARIAN PARTY OF COLORADO (LPCO),Political Party Committee,59.56,2025-05-11 00:00:00,United Airlines,Denver,CO,80238,Travel & Lodging,Parliamentarian Travel
LIBERTARIAN PARTY OF COLORADO (LPCO),Political Party Committee,883.71,2025-05-11 00:00:00,United Airlines,Denver,CO,80238,Travel & Lodging,Parliamentarian Travel
COLORADO CREDIT UNION POLITICAL ACTION COMMITTEE,Political Committee,54.95,2025-05-12 00:00:00,Forte Payment Systems,Allen,TX,75013,Bank Fees,
COLORADO DEMOCRATIC PARTY,Political Party Committee,4.0,2025-05-12 00:00:00,,,,,Miscellaneous,Parking Fee
COLORADO DEMOCRATIC PARTY,Political Party Committee,38.0,2025-05-12 00:00:00,Deluxe Business Checks And Solutions,Cincinnati,OH,45274,Office Equipment & Supplies,E-Checks Purchase
COLORADO DEMOCRATIC PARTY,Political Party Committee,140.88,2025-05-12 00:00:00,"Lamar'S Donuts, Inc (Corporate Hq)",Greenwood Village,CO,80111,"Food, Beverages and Meals","Donuts, Coffee, Plates, Tea, Napkins"
COLORADO DEMOCRATIC PARTY,Political Party Committee,27.86,2025-05-12 00:00:00,Mailchimp,Atlanta,GA,30308,Other,Subscription Fee
COLORADO FORWARD PARTY COMMITTEE,Political Party Committee,17.33,2025-05-12 00:00:00,Zoom Corporation,San Jose,CA,95113,Rent & Utilities,Zoom Monthly Payment
COLORADO MEDICAL SOCIETY SMALL DONOR COMMITTEE,Small Donor Committee,80.31,2025-05-12 00:00:00,Wells Fargo Bank,Portland,OR,97228,Bank Fees,
COLORADO STATE REPRESENTATIVE DISTRICT 30 REPUBLICAN CENTRAL COMMITTEE,Political Party Committee,12.9,2025-05-12 00:00:00,Taylor'S Rental Center,Lakewood,CO,80226,Other,Rental Fee For Helium Tank From Taylor'S Rentals For Booth At Tanner Gun Show
DOCTORS COMPANY COLORADO PAC (COLORADO DOCPAC),Political Committee,81.56,2025-05-12 00:00:00,Wells Fargo Bank,Santa Rosa,CA,95401,Bank Fees,Bank Fees
EDIE HOOTON LEADERSHIP FUND,Political Committee,11.84,2025-05-12 00:00:00,Firstbank,Boulder,CO,80301,Bank Fees,
FRIENDS OF COLORADO HOSPITALS (F/K/A HOSPITALS EXPRESS LEGISLATIVE PREFERENCE),Political Committee,155.32,2025-05-12 00:00:00,,,,,Bank Fees,May Bank Fee
LIBERTARIAN PARTY OF COLORADO (LPCO),Political Party Committee,30.45,2025-05-12 00:00:00,Fdms,Greenwood Village,CO,80111,Bank Fees,Service Fees
LIBERTARIAN PARTY OF COLORADO (LPCO),Political Party Committee,1.03,2025-05-12 00:00:00,Stripe.Com,South San Francisco,CA,94080,Bank Fees,Credit Card Fees
MANNY RUTINEL LEADERSHIP FUND,Political Committee,9.99,2025-05-12 00:00:00,Mailmeteor,Paris,FR,75013,Office Equipment & Supplies,Software
ODOPAC,Political Committee,50.0,2025-05-12 00:00:00,Nathan For Arvada,Arvada,CO,80002,Contributions,
THE COLEMAN LEADERSHIP FUND,Political Committee,61.48,2025-05-12 00:00:00,King Soopers,Denver,CO,80218,"Food, Beverages and Meals",
THE COLEMAN LEADERSHIP FUND,Political Committee,32.6,2025-05-12 00:00:00,High Side Bar And Grill,Salida,CO,81201,"Food, Beverages and Meals",
THE COLEMAN LEADERSHIP FUND,Political Committee,174.53,2025-05-12 00:00:00,Zoom,San Jose,CA,95113,Office Equipment & Supplies,Zoom
COLORADO DEMOCRATIC PARTY,Political Party Committee,8750.0,2025-05-13 00:00:00,"Tierney Lawrence, Llp",Denver,CO,80203,Consultant & Professional Services,Legal Services
COLORADO DEMOCRATIC PARTY,Political Party Committee,4000.0,2025-05-13 00:00:00,"Tierney Lawrence, Llp",Denver,CO,80203,Consultant & Professional Services,Legal Services
COLORADO DEMOCRATIC PARTY,Political Party Committee,34.91,2025-05-13 00:00:00,Zoom,San Jose,CA,95113,Other,Web Conferencing Services
COLORADO DENTAL PAC (CODPAC),Political Committee,3569.06,2025-05-13 00:00:00,,,,,Other,Cancelled Membership Payments And Refunds To Members
LIBERTARIAN PARTY OF COLORADO (LPCO),Political Party Committee,49.95,2025-05-13 00:00:00,Clover App,Sunnyvale,CA,94085,Bank Fees,Service Fees
LIBERTARIAN PARTY OF COLORADO (LPCO),Political Party Committee,1.03,2025-05-13 00:00:00,Stripe.Com,South San Francisco,CA,94080,Bank Fees,Credit Card Fees
LIBERTARIAN PARTY OF COLORADO (LPCO),Political Party Committee,50.0,2025-05-13 00:00:00,Tmobile,Albuquerque,NM,87176,Telephone,Internet Hot Spot
SONYA FOR DEMS (DEMOCRATS),Political Committee,930.0,2025-05-13 00:00:00,Sonya For Colorado,Longmont,CO,80504,Other,Refund.  In-Kind Donation To Valerie Vigil'S Campaign For Campaign Staff Time. $450+$480 =$930
THE COLEMAN LEADERSHIP FUND,Political Committee,1000.0,2025-05-13 00:00:00,Democratic Party Of Denver,Denver,CO,80203,Contributions,
US ANESTHESIA PARTNERS COLORADO STATE COMMITTEE,Political Committee,69.06,2025-05-13 00:00:00,Bok Financial,Denver,CO,80217,Bank Fees,
COLORADO DEMOCRATIC PARTY,Political Party Committee,96.0,2025-05-14 00:00:00,Wordpress.Com,San Francisco,CA,94110,Office Equipment & Supplies,Hosting Fees
COLORADO STATE REPRESENTATIVE DISTRICT 30 REPUBLICAN CENTRAL COMMITTEE,Political Party Committee,100.0,2025-05-14 00:00:00,Taylor'S Rental Center,Lakewood,CO,80226,Other,Reimburse Paula For Helium For Balloons At Booth For Tanner Gun Show
DEMOCRATIC PARTY CONGRESSIONAL DISTRICT 4 COLORADO,Political Party Committee,25.24,2025-05-14 00:00:00,Intuit Quickbooks,Mountain View,CA,94043,Fundraising Expenses,Monthly Use Fee
LIBERTARIAN PARTY OF COLORADO (LPCO),Political Party Committee,2.67,2025-05-14 00:00:00,Stripe.Com,South San Francisco,CA,94080,Bank Fees,Credit Card Fees
PUTTING COLORADO FIRST,Political Committee,500.0,2025-05-14 00:00:00,Friends Of Robyn Carnes,Centennial,CO,80122,Contributions,
PUTTING COLORADO FIRST,Political Committee,500.0,2025-05-14 00:00:00,Danielle For Aurora,Aurora,CO,80014,Contributions,
VELASCO LEADERSHIP FUND,Political Committee,4.83,2025-05-14 00:00:00,Alpine Bank,Grand Junction,CO,81501,Bank Fees,Bank Account Activity Fee
BUILDING BRIDGES FOR COLORADO,Political Committee,2.0,2025-05-15 00:00:00,1St Bank,Lakewood,CO,80215,Bank Fees,
COLORADO BANKERS ASSOCIATION STATE PAC,Political Committee,1050.0,2025-05-15 00:00:00,New Day Colorado Fund,Fort Lupton,CO,80621,Contributions,Donation
COLORADO BANKERS ASSOCIATION STATE PAC,Political Committee,2500.0,2025-05-15 00:00:00,All Together Colorado,Denver,CO,80206,Contributions,Donation
COLORADO BANKERS ASSOCIATION STATE PAC,Political Committee,1500.0,2025-05-15 00:00:00,Senate Majority Fund,Denver,CO,80205,Contributions,Donation
COLORADO BANKERS ASSOCIATION STATE PAC,Political Committee,3500.0,2025-05-15 00:00:00,Senate Majority Fund,Denver,CO,80205,Contributions,Donation
COLORADO BANKERS ASSOCIATION STATE PAC,Political Committee,1200.0,2025-05-15 00:00:00,New Day Colorado Fund,Fort Lupton,CO,80621,Contributions,Donation
COLORADO BANKERS ASSOCIATION STATE PAC,Political Committee,250.0,2025-05-15 00:00:00,New Day Colorado Fund,Fort Lupton,CO,80621,Contributions,Donation
COLORADO COMMITTEE OF AUTO RETAILERS (COLO C.A.R.),Political Committee,5000.0,2025-05-15 00:00:00,All Together Colorado,Denver,CO,80206,Contributions,
COLORADO COMMITTEE OF AUTO RETAILERS (COLO C.A.R.),Political Committee,7500.0,2025-05-15 00:00:00,New Day Colorado Fund,Fort Lupton,CO,80621,Contributions,
COLORADO DEMOCRATIC PARTY,Political Party Committee,1030.91,2025-05-15 00:00:00,Hudson Bay Co. Of Illinois,Lincoln,NE,68516,Consultant & Professional Services,Phone Canvass Expenses
COLORADO DEMOCRATIC PARTY,Political Party Committee,10.0,2025-05-15 00:00:00,The Action Network,New York,NY,10016,Office Equipment & Supplies,Subscription
COLORADO RADIOLOGICAL SOCIETY POLITICAL COMMITTEE,Political Committee,6.5,2025-05-15 00:00:00,,,,,Bank Fees,
COMMITTEE FOR PHYSICIAN ANESTHESIA CARE,Political Committee,30.0,2025-05-15 00:00:00,,,,,Bank Fees,
LIBERTARIAN PARTY OF COLORADO (LPCO),Political Party Committee,0.6,2025-05-15 00:00:00,Stripe.Com,South San Francisco,CA,94080,Bank Fees,Credit Card Fees
COLORADO DEMOCRATIC PARTY,Political Party Committee,337.88,2025-05-16 00:00:00,Gamino Printing,Denver,CO,80223,Other,"Magnetic Name Tags, Design Fee, Set-Up Fee"
COLORADO LIBRARY POLITICAL ACTION COMMITTEE (CLPAC),Political Committee,1.36,2025-05-16 00:00:00,Paypal,San Jose,CA,95131,Other,Paypal Fee
COLORADO LIBRARY POLITICAL ACTION COMMITTEE (CLPAC),Political Committee,3.38,2025-05-16 00:00:00,Paypal,San Jose,CA,95131,Other,Paypal Fee
COLORADO LIBRARY POLITICAL ACTION COMMITTEE (CLPAC),Political Committee,3.38,2025-05-16 00:00:00,Paypal,San Jose,CA,95131,Other,Paypal Fee
FOOTHILLS REPUBLICANS,Political Committee,43.16,2025-05-16 00:00:00,Mary  Everson,Littleton,CO,80127,Other,Reimburse Mary Everson For Domain Renewal
LIBERTARIAN PARTY OF COLORADO (LPCO),Political Party Committee,210.0,2025-05-16 00:00:00,Gary Fielder,Denver,CO,80221,Consultant & Professional Services,Legal Transcripts
LIBERTARIAN PARTY OF COLORADO (LPCO),Political Party Committee,151.2,2025-05-16 00:00:00,Microsoft,Redmond,WA,98052,Office Equipment & Supplies,Ms 365
LIBERTARIAN PARTY OF COLORADO (LPCO),Political Party Committee,4.65,2025-05-16 00:00:00,Stripe.Com,South San Francisco,CA,94080,Bank Fees,Credit Card Fees
THE COLEMAN LEADERSHIP FUND,Political Committee,81.75,2025-05-16 00:00:00,Denver Democratic,Denver,CO,80205,Other,Fees
THE COLEMAN LEADERSHIP FUND,Political Committee,1000.0,2025-05-16 00:00:00,Chaffee County Democrats,Salida,CO,81201,Contributions,
CAMACHO LEADERSHIP FUND,Political Committee,450.0,2025-05-17 00:00:00,Chris For Colorado,Commerce City,CO,80022,Contributions,Chris For Colorado
COLORADO PROFESSIONAL FIRE FIGHTERS SMALL DONOR FUND,Small Donor Committee,6000.0,2025-05-17 00:00:00,Colorado Democratic Party,Denver,CO,80203,Other,Obama Dinner Donation
BIRD FOR COLORADO LEADERSHIP FUND,Political Committee,450.0,2025-05-18 00:00:00,Chris For Colorado,Commerce City,CO,80022,Contributions,
BIRD FOR COLORADO LEADERSHIP FUND,Political Committee,450.0,2025-05-18 00:00:00,Camacho For Colorado,Redacted By Sos,CO,99999,Contributions,
DEMOCRATIC PARTY CONGRESSIONAL DISTRICT 4 COLORADO,Political Party Committee,0.99,2025-05-18 00:00:00,Actblue Technical Services,Somerville,MA,02144,Other,Cc Processing Fee
GREEN PARTY OF COLORADO,Political Party Committee,0.95,2025-05-18 00:00:00,Paypal,San Jose,CA,95131,Bank Fees,
LIBERTARIAN PARTY OF COLORADO (LPCO),Political Party Committee,67.0,2025-05-18 00:00:00,Smart Space,Lakewood,CO,80215,Rent & Utilities,Storage Space
NABIP COLORADO POLITICAL ACTION COMMITTEE,Political Committee,0.91,2025-05-18 00:00:00,Quickbooks Payments,Woodland Hills,CA,91367,Bank Fees,
CAMACHO LEADERSHIP FUND,Political Committee,450.0,2025-05-19 00:00:00,Varda For Colorado,Arvada,CO,80005,Contributions,
COLORADO AMERICAN FEDERATION OF LABOR & CONGRESS OF INDUSTRIAL ORGANIZATIONS NONPARTISAN SMALL DONOR,Small Donor Committee,7500.0,2025-05-19 00:00:00,,,,,Contributions,Obama Gala Table
COLORADO DEMOCRATIC PARTY,Political Party Committee,2248.22,2025-05-19 00:00:00,Michael S Merrifield,Arvada,CO,80005,Employee Services,Payroll
COLORADO DEMOCRATIC PARTY,Political Party Committee,908.13,2025-05-19 00:00:00,Paychex,Norristown,PA,19403,Employee Services,Payroll Taxes
COPIC POLITICAL COMMITTEE,Political Committee,550.0,2025-05-19 00:00:00,Lindstedt Leadership Fund,Redacted By Sos,CO,99999,Contributions,Misc Campaign Contribution
COPIC POLITICAL COMMITTEE,Political Committee,550.0,2025-05-19 00:00:00,Roberts Leadership Fund,Redacted By Sos,CO,99999,Contributions,Misc Campaign Contribution
COPIC POLITICAL COMMITTEE,Political Committee,550.0,2025-05-19 00:00:00,Caldwell Leadership Pac,Colorado Springs,CO,80908,Contributions,Misc Campaign Contribution
COPIC POLITICAL COMMITTEE,Political Committee,550.0,2025-05-19 00:00:00,The Murse Pac,Thornton,CO,80602,Contributions,Misc Campaign Contribution
COPIC POLITICAL COMMITTEE,Political Committee,550.0,2025-05-19 00:00:00,Hartsook Leadership Pac,Redacted By Sos,CO,99999,Contributions,Misc Campaign Contribution
COPIC POLITICAL COMMITTEE,Political Committee,550.0,2025-05-19 00:00:00,Meghan Lukens For Co Leadership Pac,Redacted By Sos,CO,99999,Contributions,Misc Campaign Contribution
COPIC POLITICAL COMMITTEE,Political Committee,550.0,2025-05-19 00:00:00,Two Rivers Leadership Pac,Denver,CO,80205,Contributions,Misc Campaign Contribution
COPIC SMALL DONOR COMMITTEE,Small Donor Committee,4000.0,2025-05-19 00:00:00,Hartsook For House,Redacted By Sos,CO,99999,Contributions,Misc Campaign Contributions
COPIC SMALL DONOR COMMITTEE,Small Donor Committee,4000.0,2025-05-19 00:00:00,William For Colorado,Redacted By Sos,CO,99999,Contributions,Misc Campaign Contributions
COPIC SMALL DONOR COMMITTEE,Small Donor Committee,4000.0,2025-05-19 00:00:00,Taggart For House District 55,Grand Junction,CO,81507,Contributions,Misc Campaign Contributions
COPIC SMALL DONOR COMMITTEE,Small Donor Committee,2000.0,2025-05-19 00:00:00,Citizens To Elect Janice Rich,Grand Junction,CO,81506,Contributions,Misc Campaign Contributions
COPIC SMALL DONOR COMMITTEE,Small Donor Committee,2000.0,2025-05-19 00:00:00,Gretchen For Colorado,Redacted By Sos,CO,99999,Contributions,Misc Campaign Contributions
COPIC SMALL DONOR COMMITTEE,Small Donor Committee,2000.0,2025-05-19 00:00:00,Committee To Elect Katie Stewart,Redacted By Sos,CO,99999,Contributions,Misc Campaign Contributions
COPIC SMALL DONOR COMMITTEE,Small Donor Committee,2000.0,2025-05-19 00:00:00,Rebekah Stewart For Colorado,Redacted By Sos,CO,99999,Contributions,Misc Campaign Contributions
COPIC SMALL DONOR COMMITTEE,Small Donor Committee,2000.0,2025-05-19 00:00:00,Elect Jarvis Caldwell,Colorado Springs,CO,80908,Contributions,Misc Campaign Contributions
COPIC SMALL DONOR COMMITTEE,Small Donor Committee,2000.0,2025-05-19 00:00:00,Camacho For Colorado,Redacted By Sos,CO,99999,Contributions,Misc Campaign Contributions
COPIC SMALL DONOR COMMITTEE,Small Donor Committee,2000.0,2025-05-19 00:00:00,To Elect Michael Carter To Colorado State House District 36,Redacted By Sos,CO,99999,Contributions,Misc Campaign Contributions
COPIC SMALL DONOR COMMITTEE,Small Donor Committee,2000.0,2025-05-19 00:00:00,Cecelia4Colorado,Denver,CO,80212,Contributions,Misc Campaign Contributions
COPIC SMALL DONOR COMMITTEE,Small Donor Committee,2000.0,2025-05-19 00:00:00,Pelton For State Senate,Sterling,CO,80751,Contributions,Misc Campaign Contributions
COPIC SMALL DONOR COMMITTEE,Small Donor Committee,4000.0,2025-05-19 00:00:00,Carson For State Senate,Highlands Ranch,CO,80130-9998,Contributions,Misc Campaign Contributions
COPIC SMALL DONOR COMMITTEE,Small Donor Committee,2000.0,2025-05-19 00:00:00,Meghan Lukens For Colorado,Redacted By Sos,CO,99999,Contributions,Misc Campaign Contributions
COPIC SMALL DONOR COMMITTEE,Small Donor Committee,2000.0,2025-05-19 00:00:00,Committee To Elect Amy Paschal,Redacted By Sos,CO,99999,Contributions,Misc Campaign Contributions
COPIC SMALL DONOR COMMITTEE,Small Donor Committee,2000.0,2025-05-19 00:00:00,Friends Of Jacque Phillips,Redacted By Sos,CO,99999,Contributions,Misc Campaign Contributions
COPIC SMALL DONOR COMMITTEE,Small Donor Committee,1000.0,2025-05-19 00:00:00,Eliza For Colorado,Centennial,CO,80016,Contributions,Misc Campaign Contributions
COPIC SMALL DONOR COMMITTEE,Small Donor Committee,2000.0,2025-05-19 00:00:00,Armagost For Hd64,Redacted By Sos,CO,99999,Contributions,Misc Campaign Contributions
COPIC SMALL DONOR COMMITTEE,Small Donor Committee,2000.0,2025-05-19 00:00:00,Committee To Elect Richardson For House District 56,Elizabeth,CO,80107,Contributions,Misc Campaign Contributions
COPIC SMALL DONOR COMMITTEE,Small Donor Committee,4000.0,2025-05-19 00:00:00,Kyle Mullica For Sd 24,Thornton,CO,80602,Contributions,Misc Campaign Contributions
COPIC SMALL DONOR COMMITTEE,Small Donor Committee,2000.0,2025-05-19 00:00:00,Lisa For Colorado,Redacted By Sos,CO,99999,Contributions,Misc Campaign Contribution
LIBERTARIAN PARTY OF COLORADO (LPCO),Political Party Committee,0.6,2025-05-19 00:00:00,Stripe.Com,South San Francisco,CA,94080,Bank Fees,Credit Card Fees
MANNY RUTINEL LEADERSHIP FUND,Political Committee,63.08,2025-05-19 00:00:00,Adobe,San Jose,CA,95110,Office Equipment & Supplies,Software
MONICA PAC,Political Committee,400.0,2025-05-19 00:00:00,Carmelia For Westminster,Westminster,CO,80031,Contributions,
ODOPAC,Political Committee,450.0,2025-05-19 00:00:00,Camacho For Colorado,Redacted By Sos,CO,99999,Contributions,
THE COLEMAN LEADERSHIP FUND,Political Committee,6.0,2025-05-19 00:00:00,Public Works Parking,Denver,CO,80202,Other,Parking
CAMACHO LEADERSHIP FUND,Political Committee,450.0,2025-05-20 00:00:00,Lori For Colorado,Westminster,CO,80031,Contributions,
COLORADO STATE PIPE TRADES,Small Donor Committee,2000.0,2025-05-20 00:00:00,Jena  Griswold,Redacted By Sos,CO,99999,Contributions,Campaign Contribution
COLORADO STRONG POLITICAL COMMITTEE,Political Committee,450.0,2025-05-20 00:00:00,Weinberg For Colorado,Loveland,CO,80538,Contributions,
GREEN PARTY OF COLORADO,Political Party Committee,0.58,2025-05-20 00:00:00,Paypal,San Jose,CA,95131,Bank Fees,
MONICA PAC,Political Committee,450.0,2025-05-20 00:00:00,Lieder For Colorado,Redacted By Sos,CO,99999,Contributions,
MONICA PAC,Political Committee,400.0,2025-05-20 00:00:00,Jena For Colorado,Redacted By Sos,CO,99999,Contributions,
NABIP COLORADO POLITICAL ACTION COMMITTEE,Political Committee,6.57,2025-05-20 00:00:00,Quickbooks Payments,Woodland Hills,CA,91367,Bank Fees,
YARA LEADERSHIP FUND,Political Committee,320.0,2025-05-20 00:00:00,Stephanie Ross Coaching,St. Paul,MN,55114,Consultant & Professional Services,
CAMACHO LEADERSHIP FUND,Political Committee,450.0,2025-05-21 00:00:00,Duran For Colorado,Superior,CO,80027,Contributions,
LIBERTARIAN PARTY OF COLORADO (LPCO),Political Party Committee,5.42,2025-05-21 00:00:00,Stripe.Com,South San Francisco,CA,94080,Bank Fees,Credit Card Fees
ROBERTS LEADERSHIP FUND,Political Committee,1000.0,2025-05-21 00:00:00,Shannon Bird For Congress,Westminster,CO,80035,Contributions,
CAMACHO LEADERSHIP FUND,Political Committee,450.0,2025-05-22 00:00:00,Chris Floyd For Colorado,Redacted By Sos,CO,99999,Contributions,
COLORADO INTELLECTUAL AND DEVELOPMENTAL DISABILITY ALLIANCE,Political Committee,11.95,2025-05-22 00:00:00,Paypal,San Jose,CA,95131,Bank Fees,Paypal Fees
DEMOCRATIC PARTY CONGRESSIONAL DISTRICT 4 COLORADO,Political Party Committee,-1000.0,2025-05-22 00:00:00,Boondocks Food & Fun,Parker,CO,80138,Returned Expenditure,Event Could Not Be Scheduled. Venue Returned Deposit.
LINDSTEDT LEADERSHIP FUND,Political Committee,750.0,2025-05-22 00:00:00,Claire For Westminster,Wesmisnter,CO,80021,Contributions,
MANNY RUTINEL LEADERSHIP FUND,Political Committee,25.21,2025-05-22 00:00:00,Ny Times,New York,NY,10018,Other,Newspaper Subscription
MONICA PAC,Political Committee,725.0,2025-05-22 00:00:00,Camacho Leadership Fund,Denver,CO,80230,Contributions,
MONICA PAC,Political Committee,450.0,2025-05-22 00:00:00,Camacho For Colorado,Redacted By Sos,CO,99999,Contributions,
MONICA PAC,Political Committee,250.0,2025-05-22 00:00:00,Bennet For Governor,Superior,CO,80027,Contributions,
PUBLIC EDUCATION COMMITTEE,Small Donor Committee,5000.0,2025-05-22 00:00:00,Colorado Democratic Party,Denver,CO,80203,Contributions,Cdp Obama Dinner
VALDEZ FOR COLORADO RAINBOW FUND,Political Committee,84.12,2025-05-22 00:00:00,Mailchimp,Atlanta,GA,30308,Office Equipment & Supplies,
BIRD FOR COLORADO LEADERSHIP FUND,Political Committee,450.0,2025-05-23 00:00:00,Katie Wallace For Colorado,Redacted By Sos,CO,99999,Contributions,
BIRD FOR COLORADO LEADERSHIP FUND,Political Committee,450.0,2025-05-23 00:00:00,Varda For Colorado,Arvada,CO,80005,Contributions,
BUILDING BRIDGES FOR COLORADO,Political Committee,450.0,2025-05-23 00:00:00,Lieder For Colorado,Redacted By Sos,CO,99999,Contributions,
FENBERG LEADERSHIP FUND,Political Committee,1450.0,2025-05-23 00:00:00,Michael  Bennet,Superior,CO,80027,Contributions,
JAVIER'S ECONOMIC JUSTICE FUND,Political Committee,2.0,2025-05-23 00:00:00,First Bank,Lakewood,CO,80235,Bank Fees,
VALDEZ FOR COLORADO RAINBOW FUND,Political Committee,21.03,2025-05-23 00:00:00,Zoho,Pleasantville,CA,94588,Office Equipment & Supplies,
COLORADO CENTER PARTY CENTRAL COMMITTEE,Political Party Committee,2.08,2025-05-24 00:00:00,Google Ads,Mountain View,CA,94043,Miscellaneous,
GREEN PARTY OF COLORADO,Political Party Committee,22.77,2025-05-24 00:00:00,Godaddy Inc,Tempe,AZ,85281,Other,Web Hosting
MCCLUSKIE FOR COLORADO LEADERSHIP FUND,Political Committee,450.0,2025-05-24 00:00:00,Chris Floyd For Colorado,Redacted By Sos,CO,99999,Contributions,
CAMACHO LEADERSHIP FUND,Political Committee,58.27,2025-05-25 00:00:00,Actblue Technical Services,Somerville,MA,02144,Other,Actblue Service Fee
DEMOCRATIC PARTY CONGRESSIONAL DISTRICT 4 COLORADO,Political Party Committee,0.2,2025-05-25 00:00:00,Actblue Technical Services,Somerville,MA,02144,Other,Cc Processing Fee
HOOD LEADERSHIP PAC,Political Committee,250.0,2025-05-25 00:00:00,Andrews For Aurora,Aurora,CO,80019,Gifts,"Donation To Andrews For Aurora (Rob Lee Andrews, Running For Aurora Council At Large)"
MONICA PAC,Political Committee,0.2,2025-05-25 00:00:00,Actblue,West Somerville,MA,02144,Fundraising Expenses,
LINDSEY FOR COLORADO LEADERSHIP FUND,Political Committee,1000.0,2025-05-26 00:00:00,Shannon  Bird,Redacted By Sos,CO,99999,Contributions,
ADVANCED ENERGY ACTION,Political Committee,26.0,2025-05-27 00:00:00,Amalgamated Bank,Washington,DC,20006,Bank Fees,Bank Fees
BUILDING BRIDGES FOR COLORADO,Political Committee,1450.0,2025-05-27 00:00:00,Bridges For Colorado Treasurer,Redacted By Sos,CO,99999,Contributions,
COLORADO DEMOCRATIC PARTY,Political Party Committee,218.3,2025-05-27 00:00:00,Artist Proof Collective,Denver,CO,80204,Other,Vinyl Banner
MEGHAN LUKENS FOR CO LEADERSHIP PAC,Political Committee,37.93,2025-05-27 00:00:00,Usps,Denver,CO,80216,Office Equipment & Supplies,
MEGHAN LUKENS FOR CO LEADERSHIP PAC,Political Committee,300.0,2025-05-27 00:00:00,Sophia  Sickling,Denver,CO,80203,"Food, Beverages and Meals",Staff Reimbursement For Cost Of Food For Office Meetings During Session.
MONICA PAC,Political Committee,200.0,2025-05-27 00:00:00,Varda For Colorado,Arvada,CO,80005,Contributions,
ROSE PAC,Political Committee,450.0,2025-05-27 00:00:00,Armagost For Hd64,Redacted By Sos,CO,99999,Contributions,
BLUE LINE ADVOCATES PAC,Political Committee,300.0,2025-05-28 00:00:00,Sarah B Jack & Associates,Colorado Springs,CO,80906,Consultant & Professional Services,
GENERAL MOTORS COMPANY POLITICAL ACTION COMMITTEE (GM PAC),Political Committee,2500.0,2025-05-28 00:00:00,All Together Colorado,Denver,CO,80206,Contributions,
LIBERTARIAN PARTY OF COLORADO (LPCO),Political Party Committee,1.33,2025-05-28 00:00:00,Stripe.Com,South San Francisco,CA,94080,Bank Fees,Credit Card Fees
THE HOME DEPOT INC. POLITICAL ACTION COMMITTEE,Political Committee,225.0,2025-05-28 00:00:00,Armagost For Hd64,Redacted By Sos,CO,99999,Contributions,Direct Contribution
THE HOME DEPOT INC. POLITICAL ACTION COMMITTEE,Political Committee,225.0,2025-05-28 00:00:00,Armagost For Hd64,Redacted By Sos,CO,99999,Contributions,Direct Contribution
THE HOME DEPOT INC. POLITICAL ACTION COMMITTEE,Political Committee,725.0,2025-05-28 00:00:00,Coloradans For Western Values Leadership Pac,Colo. Springs,CO,80918,Contributions,Direct Contribution
THE HOME DEPOT INC. POLITICAL ACTION COMMITTEE,Political Committee,725.0,2025-05-28 00:00:00,Lindsey For Colorado Leadership Fund,Arvada,CO,80004,Contributions,Direct Contribution
THE HOME DEPOT INC. POLITICAL ACTION COMMITTEE,Political Committee,450.0,2025-05-28 00:00:00,Max Brooks For Colorado Committee,Redacted By Sos,CO,99999,Contributions,$225 To 2026 Primary; $225 To 2026 General
THE HOME DEPOT INC. POLITICAL ACTION COMMITTEE,Political Committee,725.0,2025-05-28 00:00:00,Roberts Leadership Fund,Redacted By Sos,CO,99999,Contributions,Direct Contribution
THE HOME DEPOT INC. POLITICAL ACTION COMMITTEE,Political Committee,450.0,2025-05-28 00:00:00,William For Colorado,Redacted By Sos,CO,99999,Contributions,$225 2026 Primary: $225 2026 General
BALL FOR ALL LEADERSHIP FUND,Political Committee,3480.0,2025-05-29 00:00:00,Cllaro,Denver,CO,80204,Employee Services,Stipend For Capitol Fellows Program.
BUILDING BRIDGES FOR COLORADO,Political Committee,1000.0,2025-05-29 00:00:00,Shannon Bird For Congress,Westminster,CO,80035,Contributions,
COLORADO DEMOCRATIC PARTY,Political Party Committee,228.39,2025-05-29 00:00:00,Uber Eats,Denver,CO,80239,"Food, Beverages and Meals",Food And Beverage For Staff
COLORADO MORTGAGE LENDERS POLITICAL ACTION COMMITTEE (CMLPAC),Political Committee,1500.0,2025-05-29 00:00:00,All Together Colorado,Denver,CO,80206,Contributions,Pre Session Donation
COLORADO RADIOLOGICAL SOCIETY POLITICAL COMMITTEE,Political Committee,100.0,2025-05-29 00:00:00,Rose Pac,Colorado Springs,CO,80920,Contributions,Wrote Check In 10/2024. They Never Cashed So I Voided In April 2025.  They Cashed Check In May 2025.
CUTTER FOR COLORADO LEADERSHIP FUND,Political Committee,34.8,2025-05-29 00:00:00,Consumer Cellular,Portland,OR,97223,Office Equipment & Supplies,
DLCC COLORADO (DEMOCRATIC LEGISLATIVE CAMPAIGN COMMITTEE COLORADO),Small Donor Committee,14.0,2025-05-29 00:00:00,Amalgamated Bank,New York,NY,10001,Bank Fees,
EMILY'S LIST COLORADO SMALL DONOR COMMITTEE,Small Donor Committee,90.88,2025-05-29 00:00:00,Amalgamated Bank,Washington,DC,20006,Bank Fees,Bank Fees
LIBERTARIAN PARTY OF COLORADO (LPCO),Political Party Committee,3.59,2025-05-29 00:00:00,Stripe.Com,South San Francisco,CA,94080,Bank Fees,Credit Card Fees
UNITED MINE WORKERS OF AMERICA,Political Committee,100.0,2025-05-29 00:00:00,,,,,Bank Fees,Va Campaign Finance Fee
VALDEZ FOR COLORADO RAINBOW FUND,Political Committee,2.0,2025-05-29 00:00:00,First Bank,Lakewood,CO,80215,Bank Fees,
WARRIOR PAC,Political Committee,44.75,2025-05-29 00:00:00,Keybank,Cleveland,OH,44101,Bank Fees,Checks
AGRICULTURE PAC,Political Committee,2.0,2025-05-30 00:00:00,Firstbank North,Arvada,CO,80006,Bank Fees,
BUCKLE UP PAC,Political Committee,2.0,2025-05-30 00:00:00,Firstbank North,Arvada,CO,80003,Bank Fees,
COLORADO CLEANTECH PAC,Political Committee,10.0,2025-05-30 00:00:00,Wells Fargo,Denver,CO,80202,Bank Fees,Bank Fees
COLORADO DEMOCRATIC PARTY,Political Party Committee,3.0,2025-05-30 00:00:00,,,,,Miscellaneous,Parking Fee
COLORADO DEMOCRATIC PARTY,Political Party Committee,35.0,2025-05-30 00:00:00,Colorado Dragon Boat Festival,Wheat Ridge,CO,80215,Other,Event Application Fee
COLORADO DEMOCRATIC PARTY,Political Party Committee,2.0,2025-05-30 00:00:00,Firstbank,Lakewood,CO,80215,Bank Fees,Bank Fees
COLORADO DEMOCRATIC PARTY,Political Party Committee,8.0,2025-05-30 00:00:00,Firstbank,Lakewood,CO,80215,Bank Fees,Bank Fees
COLORADO DEMOCRATIC PARTY,Political Party Committee,2.0,2025-05-30 00:00:00,Firstbank,Lakewood,CO,80215,Bank Fees,Bank Fees
COLORADO DENTAL HYGIENISTS PAC,Political Committee,15.0,2025-05-30 00:00:00,Jpmorgan Chase Bank,Columbus,OH,43218-2051,Bank Fees,
COLORADO INTELLECTUAL AND DEVELOPMENTAL DISABILITY ALLIANCE,Political Committee,233.25,2025-05-30 00:00:00,Wix,Ny,NY,10014,Office Equipment & Supplies,Website Hosting With Wix
COLORADO LEAGUE OF CHARTER SCHOOLS ACTION SMALL DONOR COMMITTEE (CLCS ACTION SDC),Small Donor Committee,12.0,2025-05-30 00:00:00,Firstbank,Denver,CO,80203,Bank Fees,Bank Fees
COLORADO SKI COUNTRY USA PAC,Political Committee,5.0,2025-05-30 00:00:00,,,,,Bank Fees,Bank Service Charge
CONSTITUTIONAL CONSERVATIVE PAC,Political Committee,2.0,2025-05-30 00:00:00,First Bank,Brighton,CO,80601,Bank Fees,
CUTTER FOR COLORADO LEADERSHIP FUND,Political Committee,2.0,2025-05-30 00:00:00,,,,,Bank Fees,
CUTTER FOR COLORADO LEADERSHIP FUND,Political Committee,250.0,2025-05-30 00:00:00,National Conference Of Environmental Legislators,Washington,DC,20002,Travel & Lodging,
FENBERG LEADERSHIP FUND,Political Committee,9.0,2025-05-30 00:00:00,First Bank,Lakewood,CO,80225,Bank Fees,
FUERZA,Small Donor Committee,2.0,2025-05-30 00:00:00,Firstbank,Denver,CO,80211,Bank Fees,
HARTSOOK LEADERSHIP PAC,Political Committee,2.0,2025-05-30 00:00:00,First Bank,Brighton,CO,80601,Bank Fees,
JESSIE DANIELSON GRASSROOTS FUND,Small Donor Committee,15.0,2025-05-30 00:00:00,Chase Bank,Wheat Ridge,CO,80033,Bank Fees,
JESSIE DANIELSON PAC,Political Committee,15.0,2025-05-30 00:00:00,Chase Bank,Wheat Ridge,CO,80033,Bank Fees,
KAREN FOR CO LEADERSHIP PAC,Political Committee,3.95,2025-05-30 00:00:00,Act Blue Llc,Somerville,MA,02144,Bank Fees,Act Blue Fees
KAREN FOR CO LEADERSHIP PAC,Political Committee,6.0,2025-05-30 00:00:00,Vectra Bank Colorado,Longmont,CO,80501,Bank Fees,
LIBERTARIAN PARTY OF COLORADO (LPCO),Political Party Committee,195.22,2025-05-30 00:00:00,Ashley S Buss,Deer Trail,CO,80105,Gifts,$370 For Knifes - $174.78 Error In Bank Account
MONICA PAC,Political Committee,2.0,2025-05-30 00:00:00,,,,,Bank Fees,
NAIOP COLORADO PAC,Political Committee,15.0,2025-05-30 00:00:00,1Stbank Of Denver,Denver,CO,80202,Bank Fees,
NAIOP COLORADO SMALL DONOR COMMITTEE,Small Donor Committee,15.0,2025-05-30 00:00:00,1Stbank Of Denver,Denver,CO,80202,Bank Fees,
NURSES FOR POLITCAL ACTION IN COLORADO (N-PAC),Political Committee,10.0,2025-05-30 00:00:00,Umb Bank,Denver,CO,80218,Bank Fees,
ODOPAC,Political Committee,2.0,2025-05-30 00:00:00,First Bank,Thornton,CO,80233,Bank Fees,
ORALE FUND,Political Committee,2.0,2025-05-30 00:00:00,Firstbank,Denver,CO,80203,Bank Fees,
PAC (POLITICAL ACTION COMMITTEE) TO THE FUTURE,Political Committee,2.0,2025-05-30 00:00:00,Firstbank,Lakewood,CO,80215,Bank Fees,
REALTOR CANDIDATE POLITICAL ACTION COMMITTEE (RCPAC) - FKA: COLORADO ASSOCIATION OF REALTORS PAC (CO,Political Committee,25.0,2025-05-30 00:00:00,Firstbank,Lakewood,CO,80215,Bank Fees,Bank Fee
REALTOR SMALL DONOR COMMITTEE (RSDC),Small Donor Committee,25.0,2025-05-30 00:00:00,Firstbank,Lakewood,CO,80215,Bank Fees,Bank Fee
RESTORE BALANCE PAC,Political Committee,4.0,2025-05-30 00:00:00,First Bank,Brighton,CO,80601,Bank Fees,
SHEILA FOR COLORADO LEADERSHIP FUND,Political Committee,2.0,2025-05-30 00:00:00,First Bank,Lakewood,CO,80232,Bank Fees,Fee For Debit Card
SHEILA FOR COLORADO LEADERSHIP FUND,Political Committee,105.75,2025-05-30 00:00:00,Campaign Fund Of Gerchard Pfau,Golden,CO,80402,Contributions,Contribution To Municipal Candidate
SHEILA FOR COLORADO LEADERSHIP FUND,Political Committee,125.0,2025-05-30 00:00:00,Campaign Fund Of Gerchard Pfau,Golden,CO,80402,Contributions,Contribution To Municipal Candidate
SNYDER FOR COLORADO LEADERSHIP FUND,Political Committee,2.0,2025-05-30 00:00:00,First Bank,Lakewood,CO,80215,Bank Fees,
TAKE COLO BACK POLITICAL COMM,Political Committee,2.0,2025-05-30 00:00:00,First Bank,Brighton,CO,80601,Bank Fees,
THE COLEMAN LEADERSHIP FUND,Political Committee,4.0,2025-05-30 00:00:00,1St Bank,Denver,CO,80249,Bank Fees,
VOICES FOR CHOICE SMALL DONOR COMMITTEE,Small Donor Committee,2.0,2025-05-30 00:00:00,,,,,Bank Fees,Bank Fees
WELLS FARGO AND COMPANY EMPLOYEE PAC (AKA WELLS FARGO EMPLOYEE PAC),Political Committee,725.0,2025-05-30 00:00:00,Colorado Bankers Association State Pac,Denver,CO,80203,Contributions,2025 Contribution
WELLS FARGO AND COMPANY EMPLOYEE PAC (AKA WELLS FARGO EMPLOYEE PAC),Political Committee,725.0,2025-05-30 00:00:00,Colorado Chamber Political Action Committee,Denver,CO,80290,Contributions,2025 Contribution
WOOG PAC,Political Committee,2.0,2025-05-30 00:00:00,First Bank North,Arvada,CO,80006,Bank Fees,
ADAMS EDUCATORS FOR PUBLIC EDUCATION,Small Donor Committee,5.0,2025-05-31 00:00:00,,,,,Bank Fees,Bank Fee
"AGRICULTURE STRONG, COLORADO UNITED",Small Donor Committee,10.0,2025-05-31 00:00:00,First Bank North,Brighton,CO,80601,Bank Fees,
CERTIFIED PUBLIC ACCOUNTANTS PAC,Political Committee,5.0,2025-05-31 00:00:00,,,,,Bank Fees,Bank Fee
COLORADO COMMITTEE OF AUTO RETAILERS (COLO C.A.R.),Political Committee,3.0,2025-05-31 00:00:00,,,,,Bank Fees,Bank Fees
COLORADO DEMOCRATIC PARTY,Political Party Committee,185.43,2025-05-31 00:00:00,Actblue,Cambridge,MA,02238,Fundraising Expenses,May Bank Fees
COLORADO PSYCHOLOGICAL ASSOCIATION,Political Committee,25.0,2025-05-31 00:00:00,Keybank National Association,Greenwood Village,CO,80111,Bank Fees,
FAMILIES FOR RESPONSIBLE GOVERNMENT,Political Committee,2.0,2025-05-31 00:00:00,Firstbank,Brighton,CO,80601,Bank Fees,
GREENCO PC,Political Committee,5.0,2025-05-31 00:00:00,Firstbank,Glendale,CO,80246,Bank Fees,Entered Late Because The Bank Said They Weren'T Going To Charge Us And Then Did.
HOME CARE PAC,Political Committee,3.0,2025-05-31 00:00:00,Keybank,Cleveland,OH,44101,Bank Fees,
MONICA PAC,Political Committee,450.0,2025-05-31 00:00:00,Emily Sirota For Colorado,Redacted By Sos,CO,99999,Contributions,
BIRD FOR COLORADO LEADERSHIP FUND,Political Committee,250.0,2025-06-01 00:00:00,Guyleen For Broomfield Mayor,Broomfield,CO,80023,Contributions,
BIRD FOR COLORADO LEADERSHIP FUND,Political Committee,450.0,2025-06-01 00:00:00,Claire For Westminster,Westminster,CO,80031,Contributions,
BIRD FOR COLORADO LEADERSHIP FUND,Political Committee,250.0,2025-06-01 00:00:00,Friends To Elect Ilana Spiegel,Centennial,CO,80016,Contributions,
BIRD FOR COLORADO LEADERSHIP FUND,Political Committee,450.0,2025-06-01 00:00:00,Friends Of Jacque Phillips,Redacted By Sos,CO,99999,Contributions,
BIRD FOR COLORADO LEADERSHIP FUND,Political Committee,450.0,2025-06-01 00:00:00,Amira Lucas For Adams 12 School Board,Thornton,CO,80229,Contributions,
COLORADO CENTER PARTY CENTRAL COMMITTEE,Political Party Committee,12.52,2025-06-01 00:00:00,Digital Ocean,New York,NY,10013,Miscellaneous,
DEMOCRATIC PARTY CONGRESSIONAL DISTRICT 4 COLORADO,Political Party Committee,1.4,2025-06-01 00:00:00,Actblue Technical Services,Somerville,MA,02144,Other,Cc Processing
GREEN PARTY OF COLORADO,Political Party Committee,0.84,2025-06-01 00:00:00,Paypal,San Jose,CA,95131,Bank Fees,
LUNDEEN LEADERSHIP FUND,Political Committee,21.6,2025-06-01 00:00:00,Google,Moutain Views,CA,94043,Other,6410 ∑ Registration & Hosting
MONICA PAC,Political Committee,250.0,2025-06-01 00:00:00,Jena For Colorado,Redacted By Sos,CO,99999,Contributions,
THE MURSE PAC,Political Committee,500.0,2025-06-01 00:00:00,Bridges For Colorado Treasurer,Redacted By Sos,CO,99999,Contributions,
BUILDING BRIDGES FOR COLORADO,Political Committee,450.0,2025-06-02 00:00:00,Emily Sirota For Colorado,Redacted By Sos,CO,99999,Contributions,
BUILDING OWNERS AND MANAGERS ASSOCIATION POLITICAL COMMITTEE (BOMA),Political Committee,20.0,2025-06-02 00:00:00,Denver Metro Boma,Denver,CO,80202,Bank Fees,
COLORADO BIOSCIENCE PAC,Political Committee,20.0,2025-06-02 00:00:00,Wells Fargo Bank,Denver,CO,80203,Bank Fees,
COLORADO DEMOCRATIC PARTY,Political Party Committee,186.3,2025-06-02 00:00:00,City Of Aurora Recreation,Aurora,CO,80012,Other,Event Booth Fee (Global Fest)
COLORADO DEMOCRATIC PARTY,Political Party Committee,6.49,2025-06-02 00:00:00,Denver Center For The Performing Arts,Denver,CO,80204,"Food, Beverages and Meals",Food/Beverage
COLORADO DEMOCRATIC PARTY,Political Party Committee,25.2,2025-06-02 00:00:00,Denver Center For The Performing Arts,Denver,CO,80204,"Food, Beverages and Meals",Food/Beverage
COLORADO DEMOCRATIC PARTY,Political Party Committee,31.86,2025-06-02 00:00:00,Denver Center For The Performing Arts,Denver,CO,80204,"Food, Beverages and Meals",Food/Beverage
COLORADO DEMOCRATIC PARTY,Political Party Committee,8.0,2025-06-02 00:00:00,Denver Center For The Performing Arts,Denver,CO,80204,Travel & Lodging,Parking Fee
COLORADO DEMOCRATIC PARTY,Political Party Committee,10.0,2025-06-02 00:00:00,Denver Center For The Performing Arts,Denver,CO,80204,Travel & Lodging,Parking Fee
COLORADO DEMOCRATIC PARTY,Political Party Committee,22.5,2025-06-02 00:00:00,Firstbank,Lakewood,CO,80215,Bank Fees,Bank Fees
COLORADO DEMOCRATIC PARTY,Political Party Committee,450.0,2025-06-02 00:00:00,Numero,Irvine,CA,92618,Other,Software License Fee
COLORADO DEMOCRATIC PARTY,Political Party Committee,134.17,2025-06-02 00:00:00,Olive And Finch,Denver,CO,80204,"Food, Beverages and Meals",Food And Beverage For Staff
COLORADO DEMOCRATIC PARTY,Political Party Committee,290.21,2025-06-02 00:00:00,Squarespace Inc,New York,NY,10014,Office Equipment & Supplies,Hosting Fees
COLORADO WORKING FAMILIES PARTY SMALL DONOR COMMITTEE,Small Donor Committee,50.0,2025-06-02 00:00:00,Colorado Secretary Of State,Denver,CO,80290,Other,Fee
COLORADO WORKING FAMILIES PARTY SMALL DONOR COMMITTEE,Small Donor Committee,250.0,2025-06-02 00:00:00,Colorado Secretary Of State,Denver,CO,80290,Other,Fee
COPIC POLITICAL COMMITTEE,Political Committee,400.0,2025-06-02 00:00:00,Pelton For State Senate,Sterling,CO,80751,Contributions,Misc Campaign Contribution
EQUAL ACCESS FOR COLORADO AUTISM PATIENTS,Political Committee,12.0,2025-06-02 00:00:00,First Bank,Lakewood,CO,80215,Bank Fees,
FENBERG LEADERSHIP FUND,Political Committee,49.67,2025-06-02 00:00:00,Google,Mountain View,CA,94035,Other,Email
GREEN PARTY OF COLORADO,Political Party Committee,50.0,2025-06-02 00:00:00,Your Office Usa,Denver,CO,80202,Rent & Utilities,
JUDY AMABILE LEADERSHIP FUND,Political Committee,450.0,2025-06-02 00:00:00,Emily Sirota For Colorado,Redacted By Sos,CO,99999,Contributions,
LIBERTARIAN PARTY OF COLORADO (LPCO),Political Party Committee,3.48,2025-06-02 00:00:00,Anedot,New Orleans,LA,70112,Bank Fees,Credit Cards Fees
LIBERTARIAN PARTY OF COLORADO (LPCO),Political Party Committee,1.03,2025-06-02 00:00:00,Stripe.Com,South San Francisco,CA,94080,Bank Fees,Credit Card Fees
MONICA PAC,Political Committee,450.0,2025-06-02 00:00:00,Alexis For Colorado,Redacted By Sos,CO,99999,Contributions,
MONICA PAC,Political Committee,17.0,2025-06-02 00:00:00,,,,,Other,Parking
ROCKY MOUNTAIN HOME ASSOCIATION PAC (CMHA PAC FUND),Political Committee,12.0,2025-06-02 00:00:00,Pnc Bank,Pittsburg,PA,15222,Bank Fees,
THE COLEMAN LEADERSHIP FUND,Political Committee,48.89,2025-06-02 00:00:00,Colorado Plus Brew Pub And Taphouse,Wheatridge,CO,80033,"Food, Beverages and Meals",
THE COLEMAN LEADERSHIP FUND,Political Committee,1.03,2025-06-02 00:00:00,Patreon,Pali Alto,CA,94306,Other,Subscription
THE COLEMAN LEADERSHIP FUND,Political Committee,28.64,2025-06-02 00:00:00,Actblue,Somerville,MA,02144,Bank Fees,Actblue Fees
VALDEZ FOR COLORADO RAINBOW FUND,Political Committee,15.14,2025-06-02 00:00:00,Google Suite,Mountain View,CA,94043,Office Equipment & Supplies,
COLORADO DEMOCRATIC PARTY,Political Party Committee,20.85,2025-06-03 00:00:00,Firstbank,Lakewood,CO,80215,Bank Fees,Bank Fees
COLORADO DEMOCRATIC PARTY,Political Party Committee,53.83,2025-06-03 00:00:00,Firstbank,Lakewood,CO,80215,Bank Fees,Bank Fees
COLORADO DEMOCRATIC PARTY,Political Party Committee,0.28,2025-06-03 00:00:00,Firstbank,Lakewood,CO,80215,Bank Fees,Bank Fees
COLORADO DEMOCRATIC PARTY,Political Party Committee,641.26,2025-06-03 00:00:00,Hyatt Regency - Corporate,Chicago,IL,60606,Travel & Lodging,Lodging
COLORADO FORWARD PARTY COMMITTEE,Political Party Committee,24.51,2025-06-03 00:00:00,Office Depot Office Max,Boca Raton,FL,33496,Office Equipment & Supplies,Flyers And Handouts
COLORADO MEDICAL PAC (COMPAC),Political Committee,450.0,2025-06-03 00:00:00,William For Colorado,Redacted By Sos,CO,99999,Contributions,
COLORADO MEDICAL SOCIETY SMALL DONOR COMMITTEE,Small Donor Committee,6200.0,2025-06-03 00:00:00,William For Colorado,Redacted By Sos,CO,99999,Contributions,
COLORADO WORKING FAMILIES PARTY SMALL DONOR COMMITTEE,Small Donor Committee,50.0,2025-06-03 00:00:00,Colorado Secretary Of State,Denver,CO,80290,Other,Fee
DEMOCRATIC PARTY CONGRESSIONAL DISTRICT 4 COLORADO,Political Party Committee,34.0,2025-06-03 00:00:00,Atlassian (Jira),Mountain View,CA,94041,Advertising,Monthly Use Fee
DEMOCRATIC PARTY CONGRESSIONAL DISTRICT 4 COLORADO,Political Party Committee,1.02,2025-06-03 00:00:00,Us Bank,Parker,CO,80134,Bank Fees,Cc Processing Fee - Canada
ESGAR LEADERSHIP FUND,Political Committee,100.0,2025-06-03 00:00:00,Tommy Farrell For Pueblo D60 School Board,Pueblo,CO,81003,Contributions,
LIBERTARIAN PARTY OF COLORADO (LPCO),Political Party Committee,5.0,2025-06-03 00:00:00,Bank Of Colorado,Fort Lupton,CO,80621,Bank Fees,Bank Fees
LIBERTARIAN PARTY OF COLORADO (LPCO),Political Party Committee,49.95,2025-06-03 00:00:00,Merch Bnkcd Sd Fee,Thousand Oaks,CA,91361,Bank Fees,Bank Fees
LIBERTARIAN PARTY OF COLORADO (LPCO),Political Party Committee,300.0,2025-06-03 00:00:00,Phillips County Event Center,Holyoke,CO,80734,Rent & Utilities,Deposit And Cost For Rental Space For Convention
LINDSEY FOR COLORADO LEADERSHIP FUND,Political Committee,400.0,2025-06-03 00:00:00,Alexis For Colorado,Redacted By Sos,CO,99999,Contributions,
LINDSEY FOR COLORADO LEADERSHIP FUND,Political Committee,100.0,2025-06-03 00:00:00,Citizens To Elect Jerry Ditullio,Denver,CO,80212,Contributions,
MONICA PAC,Political Committee,8.83,2025-06-03 00:00:00,,,,,"Food, Beverages and Meals",
DEMOCRATIC PARTY CONGRESSIONAL DISTRICT 4 COLORADO,Political Party Committee,-0.96,2024-06-04 00:00:00,Us Bank,Parker,CO,80134,Bank Fees,Offset Due To Update Of Filed Item - Bank Cc Processing Fee
DEMOCRATIC PARTY CONGRESSIONAL DISTRICT 4 COLORADO,Political Party Committee,0.96,2024-06-04 00:00:00,Us Bank,Parker,CO,80134,Bank Fees,Bank Cc Processing Fee
COLORADO DEMOCRATIC PARTY,Political Party Committee,10.0,2025-06-04 00:00:00,,,,,Miscellaneous,Unlimited Transfer To Affiliated Commitee
COLORADO DEMOCRATIC PARTY,Political Party Committee,2242.47,2025-06-04 00:00:00,Michael S Merrifield,Arvada,CO,80005,Employee Services,Payroll
COLORADO DEMOCRATIC PARTY,Political Party Committee,652.41,2025-06-04 00:00:00,Paychex,Norristown,PA,19403,Employee Services,Payroll Taxes
COLORADO DEMOCRATIC PARTY,Political Party Committee,904.78,2025-06-04 00:00:00,Paychex,Norristown,PA,19403,Employee Services,Payroll Taxes
COLORADO DEMOCRATIC PARTY,Political Party Committee,1693.08,2025-06-04 00:00:00,Chris P Rork,Denver,CO,80222,Employee Services,Salary
COLORADO FORWARD PARTY COMMITTEE,Political Party Committee,30.4,2025-06-04 00:00:00,Office Depot Office Max,Boca Raton,FL,33496,Office Equipment & Supplies,Flyers And Handouts
COLORADO HEALTH CARE ASSOCIATION PC,Political Committee,500.0,2025-06-04 00:00:00,One Main Street Colorado Iec,Denver,CO,80202,Contributions,
GREEN PARTY OF COLORADO,Political Party Committee,0.65,2025-06-04 00:00:00,Paypal,San Jose,CA,95131,Bank Fees,
HAMRICK LEADERSHIP FUND,Political Committee,123.87,2025-06-04 00:00:00,Julie  Gooden,Lone Tree,CO,80124,Employee Services,Parking For Leg Aid
INVESTHER,Political Committee,26.5,2025-06-04 00:00:00,Squarespace Inc.,New York,NY,10014,Other,Email & Website Hosting
LIBERTARIAN PARTY OF COLORADO (LPCO),Political Party Committee,1.34,2025-06-04 00:00:00,Anedot,New Orleans,LA,70112,Bank Fees,Credit Cards Fees
LIBERTARIAN PARTY OF COLORADO (LPCO),Political Party Committee,0.81,2025-06-04 00:00:00,Stripe.Com,South San Francisco,CA,94080,Bank Fees,Credit Card Fees
MCCLUSKIE FOR COLORADO LEADERSHIP FUND,Political Committee,146.86,2025-06-04 00:00:00,Steamworks Brewing,Durango,CO,81301,"Food, Beverages and Meals",
TRUCKING INDUSTRY POLITICAL ACTION COMMITTEE (TIPAC),Political Committee,500.0,2025-06-04 00:00:00,Committee To Elect Ray Scott,Grand Junction,CO,81507,Contributions,
ADAMS EDUCATORS FOR PUBLIC EDUCATION,Small Donor Committee,67.5,2025-06-05 00:00:00,,,,,Other,Intuit
"COLORADO CHIROPRACTIC PAC (CCA, CC-PAC)",Political Committee,15.35,2025-06-05 00:00:00,Affinipay,Austin,TX,78746,Bank Fees,
COLORADO DEMOCRATIC PARTY,Political Party Committee,150.0,2025-06-05 00:00:00,Colorado Gay Rodeo Association,Denver,CO,80218,Entertainment,Booth/Vendor Fee
COLORADO DEMOCRATIC PARTY,Political Party Committee,423.12,2025-06-05 00:00:00,Corazon Printing,Broomfield,CO,80020,Miscellaneous,"Vinyl Banner, Table Clothes, Set-Up Fee"
COLORADO DEMOCRATIC PARTY,Political Party Committee,95.82,2025-06-05 00:00:00,Flower Shop Network,Paragould,AR,72450,Miscellaneous,Get Well Flower Bouquet
COLORADO DEMOCRATIC PARTY,Political Party Committee,70.57,2025-06-05 00:00:00,Google,Mountain View,CA,94043,Office Equipment & Supplies,Software Subscription
COLORADO DEMOCRATIC PARTY,Political Party Committee,119.39,2025-06-05 00:00:00,Google,Mountain View,CA,94043,Office Equipment & Supplies,Software Subscription
COLORADO DEMOCRATIC PARTY,Political Party Committee,5.75,2025-06-05 00:00:00,Paychex,Norristown,PA,19403,Employee Services,Payroll Taxes
COLORADO PHYSICAL THERAPY PAC,Political Committee,8.32,2025-06-05 00:00:00,Shaunda G Young,Evergreen,CO,80439,Other,Refund Of Contribution From Last Month That Was Processed Erroneously.
COLORADO PROFESSIONAL FIRE FIGHTERS SMALL DONOR FUND,Small Donor Committee,6200.0,2025-06-05 00:00:00,Chris For Colorado,Commerce City,CO,80022,Other,Political Donation
DEMOCRATIC WOMEN OF BOULDER COUNTY-SMALL DONOR COMMITTEE (DWBC-SDC),Small Donor Committee,500.0,2025-06-05 00:00:00,Joe Neguse For Congress (Fec Committee Id: C00648253),Boulder,CO,80306,Contributions,
HOOD LEADERSHIP PAC,Political Committee,450.0,2025-06-05 00:00:00,Ilana  Spiegel,Redacted By Sos,CO,99999,Contributions,
LIBERTARIAN PARTY OF COLORADO (LPCO),Political Party Committee,321.84,2025-06-05 00:00:00,Alpine Trophies,Littleton,CO,80122,Gifts,Awards
LIBERTARIAN PARTY OF COLORADO (LPCO),Political Party Committee,2.72,2025-06-05 00:00:00,Anedot,New Orleans,LA,70112,Bank Fees,Credit Cards Fees
LIBERTARIAN PARTY OF COLORADO (LPCO),Political Party Committee,0.6,2025-06-05 00:00:00,Stripe.Com,South San Francisco,CA,94080,Bank Fees,Credit Card Fees
YARA LEADERSHIP FUND,Political Committee,125.0,2025-06-05 00:00:00,"Jonah Salehi, Consultant",Fort Collins,CO,80526,Consultant & Professional Services,Corrected Payment Amount And Date
JAVIER'S ECONOMIC JUSTICE FUND,Political Committee,-200.0,2022-06-06 00:00:00,Elizabeth For Colorado,Redacted By Sos,CO,99999,Contributions,Offset Due To Update Of Filed Item
JAVIER'S ECONOMIC JUSTICE FUND,Political Committee,200.0,2022-06-06 00:00:00,Elect Elisabeth Epps,Denver,CO,80206,Contributions,
COLORADO CENTER PARTY CENTRAL COMMITTEE,Political Party Committee,37.07,2025-06-06 00:00:00,Twilio,San Francisco,CA,94105,Telephone,
COLORADO DEMOCRATIC PARTY,Political Party Committee,300.0,2025-06-06 00:00:00,Juneteenth Music Festival,Denver,CO,80205,Other,Booth Rental Fee
CUTTER FOR COLORADO LEADERSHIP FUND,Political Committee,755.0,2025-06-06 00:00:00,National Conference Of State Legislatures,Denver,CO,80230,Travel & Lodging,
FRIENDS OF COLORADO EMERGENCY MEDICAL SERVICES SDC,Small Donor Committee,2.3,2025-06-06 00:00:00,Anedot,Baton Rouge,LA,70884,Bank Fees,Anedot Fee From Brandon Chambers Donation.
LIBERTARIAN PARTY OF COLORADO (LPCO),Political Party Committee,253.79,2025-06-06 00:00:00,Costco,Issaquah,WA,98027,"Food, Beverages and Meals",Remimbustment For Food
LIBERTARIAN PARTY OF COLORADO (LPCO),Political Party Committee,297.74,2025-06-06 00:00:00,King Soopers,Denver,CO,80223,"Food, Beverages and Meals",Remimbustment For Food
LIBERTARIAN PARTY OF COLORADO (LPCO),Political Party Committee,13.64,2025-06-06 00:00:00,King Soopers,Denver,CO,80223,"Food, Beverages and Meals",Remimbustment For Food
LIBERTARIAN PARTY OF COLORADO (LPCO),Political Party Committee,2.34,2025-06-06 00:00:00,Stripe.Com,South San Francisco,CA,94080,Bank Fees,Credit Card Fees
MONICA PAC,Political Committee,250.0,2025-06-06 00:00:00,Varda For Colorado,Arvada,CO,80005,Contributions,
SHEILA FOR COLORADO LEADERSHIP FUND,Political Committee,400.0,2025-06-06 00:00:00,Friends Of John Alge,Thornton,CO,80229,Contributions,Contribution To Municipal Candidate
SHEILA FOR COLORADO LEADERSHIP FUND,Political Committee,125.0,2025-06-06 00:00:00,Campaign Fund Of Gerchard Pfau,Golden,CO,80402,Contributions,Contribution To Municipal Candidate
SHEILA FOR COLORADO LEADERSHIP FUND,Political Committee,400.0,2025-06-06 00:00:00,Claire For Westminster,Westminster,CO,80031,Contributions,Contribution To Municipal Candidate
UPSTREAM SDC,Small Donor Committee,6.93,2025-06-06 00:00:00,Stylus & Crate,Wheat Ridge,CO,80033,"Food, Beverages and Meals",
UPSTREAM SDC,Small Donor Committee,16.32,2025-06-06 00:00:00,Getrights,Wheat Ridge,CO,80033,"Food, Beverages and Meals",
UPSTREAM SDC,Small Donor Committee,2.0,2025-06-06 00:00:00,Firstbank,Wheat Ridge,CO,80033,Bank Fees,
BRIANNA TITONE'S 439 FUND,Political Committee,65.0,2025-06-07 00:00:00,Planned Parenthood Of The Rocky Mountains,Denver,CO,80218,Contributions,Ticket To Planned Parenthood Rose Resistance Event
HAMRICK LEADERSHIP FUND,Political Committee,450.0,2025-06-07 00:00:00,Friends To Elect Ilana Spiegel,Centennial,CO,80016,Contributions,
LIBERTARIAN PARTY OF COLORADO (LPCO),Political Party Committee,55.83,2025-06-07 00:00:00,Argonaut Wine,Denver,CO,80203,"Food, Beverages and Meals",Remimbustment For Food
LIBERTARIAN PARTY OF COLORADO (LPCO),Political Party Committee,37.9,2025-06-07 00:00:00,King Soopers,Denver,CO,80223,"Food, Beverages and Meals",Remimbustment For Food
BALL FOR ALL LEADERSHIP FUND,Political Committee,28.64,2025-06-08 00:00:00,Actblue Technical Services,Somerville,MA,02144,Fundraising Expenses,Credit Card Processor Fees
COLORADO WORKING FAMILIES PARTY SMALL DONOR COMMITTEE,Small Donor Committee,1.1,2025-06-08 00:00:00,Actblue Technical Services,Somerville,MA,02144,Fundraising Expenses,Fee
DEMOCRATIC PARTY CONGRESSIONAL DISTRICT 4 COLORADO,Political Party Committee,1.03,2025-06-08 00:00:00,Actblue Technical Services,Somerville,MA,02144,Other,Cc Processing Fee
HOOD LEADERSHIP PAC,Political Committee,250.0,2025-06-08 00:00:00,Boulder County Democratic Party,Boulder,CO,80303,Contributions,Seat Purchase / Donation / Annual Dinner
LIBERTARIAN PARTY OF COLORADO (LPCO),Political Party Committee,50.83,2025-06-08 00:00:00,King Soopers,Denver,CO,80223,"Food, Beverages and Meals",Remimbustment For Food
LIBERTARIAN PARTY OF COLORADO (LPCO),Political Party Committee,141.99,2025-06-08 00:00:00,Jacob D Luria,Denver,CO,80219,"Food, Beverages and Meals",Remimbustment For Food
LIBERTARIAN PARTY OF COLORADO (LPCO),Political Party Committee,34.42,2025-06-08 00:00:00,Kirsten L Steinke,Lakewood,CO,80214,"Food, Beverages and Meals",Remimbustment For Food
SHEILA FOR COLORADO LEADERSHIP FUND,Political Committee,28.64,2025-06-08 00:00:00,Actblue,Somerville,MA,02144,Fundraising Expenses,Donation Processing Fees
VELASCO LEADERSHIP FUND,Political Committee,0.79,2025-06-08 00:00:00,Actblue,Somerville,MA,02144,Fundraising Expenses,
CAMACHO LEADERSHIP FUND,Political Committee,450.0,2025-06-09 00:00:00,Alexis For Colorado,Redacted By Sos,CO,99999,Contributions,
CAMACHO LEADERSHIP FUND,Political Committee,450.0,2025-06-09 00:00:00,Friends Of Jacque Phillips,Redacted By Sos,CO,99999,Contributions,
COLORADO FORWARD PARTY COMMITTEE,Political Party Committee,313.18,2025-06-09 00:00:00,Office Depot Office Max,Boca Raton,FL,33496,Office Equipment & Supplies,Printing Handouts And Flyers
FENBERG LEADERSHIP FUND,Political Committee,1450.0,2025-06-09 00:00:00,Bridges For Colorado Treasurer,Redacted By Sos,CO,99999,Contributions,
JUDY AMABILE LEADERSHIP FUND,Political Committee,450.0,2025-06-09 00:00:00,William For Colorado,Redacted By Sos,CO,99999,Contributions,
JUDY AMABILE LEADERSHIP FUND,Political Committee,1450.0,2025-06-09 00:00:00,Phil Weiser For Colorado,Redacted By Sos,CO,99999,Contributions,
LIBERTARIAN PARTY OF COLORADO (LPCO),Political Party Committee,50.0,2025-06-09 00:00:00,Tmobile,Albuquerque,NM,87176,Telephone,Internet Hot Spot
LINDSEY FOR COLORADO LEADERSHIP FUND,Political Committee,450.0,2025-06-09 00:00:00,William For Colorado,Redacted By Sos,CO,99999,Contributions,
MANNY RUTINEL LEADERSHIP FUND,Political Committee,15.0,2025-06-09 00:00:00,State Of Colorado,Denver,CO,80203,Other,Colorado State Capitol Gym
MARK BAISLEY LEADERSHIP PAC,Political Committee,150.0,2025-06-09 00:00:00,Danielle  Jurinsky,Aurora,CO,80014,Contributions,
MARK BAISLEY LEADERSHIP PAC,Political Committee,100.0,2025-06-09 00:00:00,Committee To Elect Peggy Kelly,Longmont,CO,80503,Contributions,
ODOPAC,Political Committee,400.0,2025-06-09 00:00:00,Friends Of Jacque Phillips,Redacted By Sos,CO,99999,Contributions,
ODOPAC,Political Committee,250.0,2025-06-09 00:00:00,Heidi Henkel For Colorado,Broomfield,CO,80023,Contributions,
ODOPAC,Political Committee,250.0,2025-06-09 00:00:00,Carrera For Colorado,Redacted By Sos,CO,99999,Contributions,
SHEILA FOR COLORADO LEADERSHIP FUND,Political Committee,450.0,2025-06-09 00:00:00,Varda For Colorado,Arvada,CO,80005,Contributions,
THE COLEMAN LEADERSHIP FUND,Political Committee,450.0,2025-06-09 00:00:00,Janice M Marchman,Loveland,CO,80538,Contributions,
THE COLEMAN LEADERSHIP FUND,Political Committee,1000.0,2025-06-09 00:00:00,Democratic Party Of Denver,Denver,CO,80203,Contributions,
YARA LEADERSHIP FUND,Political Committee,90.0,2025-06-09 00:00:00,"Jonah Salehi, Consultant",Fort Collins,CO,80526,Consultant & Professional Services,Corrected Payment Amount And Date
APARTMENT ASSOCIATION OF METRO DENVER POLITICAL COMMITTEE,Political Committee,450.0,2025-06-10 00:00:00,Carrera For Colorado,Redacted By Sos,CO,99999,Contributions,
APARTMENT ASSOCIATION OF METRO DENVER POLITICAL COMMITTEE,Political Committee,450.0,2025-06-10 00:00:00,Matt Ball For Colorado,Denver,CO,80203,Contributions,
APARTMENT ASSOCIATION OF METRO DENVER POLITICAL COMMITTEE,Political Committee,450.0,2025-06-10 00:00:00,Varda For Colorado,Arvada,CO,80005,Contributions,
APARTMENT ASSOCIATION OF METRO DENVER SMALL DONOR COMMITTEE,Small Donor Committee,725.0,2025-06-10 00:00:00,Camacho Leadership Fund,Denver,CO,80230,Contributions,
APARTMENT ASSOCIATION OF METRO DENVER SMALL DONOR COMMITTEE,Small Donor Committee,6200.0,2025-06-10 00:00:00,Carrera For Colorado,Redacted By Sos,CO,99999,Contributions,
APARTMENT ASSOCIATION OF METRO DENVER SMALL DONOR COMMITTEE,Small Donor Committee,6200.0,2025-06-10 00:00:00,Matt Ball For Colorado,Denver,CO,80203,Contributions,
APARTMENT ASSOCIATION OF METRO DENVER SMALL DONOR COMMITTEE,Small Donor Committee,6200.0,2025-06-10 00:00:00,Varda For Colorado,Arvada,CO,80005,Contributions,
COLORADO APARTMENT ASSOCIATION SMALL DONOR COMMITTEE,Small Donor Committee,6200.0,2025-06-10 00:00:00,Friends Of Jacque Phillips,Redacted By Sos,CO,99999,Contributions,
COLORADO APARTMENT ASSOCIATION SMALL DONOR COMMITTEE,Small Donor Committee,6200.0,2025-06-10 00:00:00,William For Colorado,Redacted By Sos,CO,99999,Contributions,
COLORADO CREDIT UNION POLITICAL ACTION COMMITTEE,Political Committee,54.95,2025-06-10 00:00:00,Forte Payment Systems,Allen,TX,75013,Bank Fees,
GRISWOLD LEADERSHIP PAC,Political Committee,2.0,2025-06-10 00:00:00,,,,,Bank Fees,
LARIMER REPUBLICAN WOMEN SMALL DONOR COMMITTEE (LRWSDC),Small Donor Committee,5.9,2025-06-10 00:00:00,Anedot,New Orleans,LA,70112,Other,7820 ∑ Merchant Account Fees
LIBERTARIAN PARTY OF COLORADO (LPCO),Political Party Committee,8.76,2025-06-10 00:00:00,Anedot,New Orleans,LA,70112,Bank Fees,Credit Cards Fees
LIBERTARIAN PARTY OF COLORADO (LPCO),Political Party Committee,30.45,2025-06-10 00:00:00,Fdms,Greenwood Village,CO,80111,Bank Fees,Service Fees
LIBERTARIAN PARTY OF COLORADO (LPCO),Political Party Committee,100.0,2025-06-10 00:00:00,Jack  Hill,Littleton,CO,80127,Consultant & Professional Services,Entertainment
NABIP COLORADO POLITICAL ACTION COMMITTEE,Political Committee,1.75,2025-06-10 00:00:00,Quickbooks Payments,Woodland Hills,CA,91367,Bank Fees,
RURAL LIBERTY POLITICAL ACTION COMMITTEE,Political Committee,450.0,2025-06-10 00:00:00,Dana Charles For Colorado,Pueblo West,CO,81007,Contributions,
COLORADO DEMOCRATIC PARTY,Political Party Committee,60.0,2025-06-11 00:00:00,Jefferson County Democratic Party,Lakewood,CO,80226,Other,Unlimited Transfer To Affiliated Committee
COLORADO DEMOCRATIC PARTY,Political Party Committee,27.86,2025-06-11 00:00:00,Mailchimp,Atlanta,GA,30308,Other,Subscription Fee
COLORADO MEDICAL SOCIETY SMALL DONOR COMMITTEE,Small Donor Committee,81.06,2025-06-11 00:00:00,Wells Fargo Bank,Portland,OR,97228,Bank Fees,
DOCTORS COMPANY COLORADO PAC (COLORADO DOCPAC),Political Committee,84.82,2025-06-11 00:00:00,Wells Fargo Bank,Santa Rosa,CA,95401,Bank Fees,Bank Fees
EDIE HOOTON LEADERSHIP FUND,Political Committee,11.85,2025-06-11 00:00:00,Firstbank,Boulder,CO,80301,Bank Fees,
FRIENDS OF COLORADO HOSPITALS (F/K/A HOSPITALS EXPRESS LEGISLATIVE PREFERENCE),Political Committee,158.82,2025-06-11 00:00:00,,,,,Bank Fees,June Bank Fee
LIBERTARIAN PARTY OF COLORADO (LPCO),Political Party Committee,64.95,2025-06-11 00:00:00,Clover App,Sunnyvale,CA,94085,Bank Fees,Service Fees
LIBERTARIAN PARTY OF COLORADO (LPCO),Political Party Committee,1.03,2025-06-11 00:00:00,Stripe.Com,South San Francisco,CA,94080,Bank Fees,Credit Card Fees
BIRD FOR COLORADO LEADERSHIP FUND,Political Committee,250.0,2025-06-12 00:00:00,Sam For Thornton,Thornton,CO,80241,Contributions,
BIRD FOR COLORADO LEADERSHIP FUND,Political Committee,250.0,2025-06-12 00:00:00,Cte Cherish Salazar,Thornton,CO,80260,Contributions,
BIRD FOR COLORADO LEADERSHIP FUND,Political Committee,250.0,2025-06-12 00:00:00,Jason For Thornton,Thornton,CO,80241,Contributions,
BIRD FOR COLORADO LEADERSHIP FUND,Political Committee,250.0,2025-06-12 00:00:00,Friends Of Eric Montoya,Thornton,CO,80229,Contributions,
COLORADO FORWARD PARTY COMMITTEE,Political Party Committee,18.4,2025-06-12 00:00:00,Zoom Corporation,San Jose,CA,95113,Office Equipment & Supplies,Zoom Monthly Payment
EDIE HOOTON LEADERSHIP FUND,Political Committee,1450.0,2025-06-12 00:00:00,Phil Weiser For Colorado,Redacted By Sos,CO,99999,Contributions,
LIBERTARIAN PARTY OF COLORADO (LPCO),Political Party Committee,100.0,2025-06-12 00:00:00,Christian  Kellerman,Holyoke,CO,80734,Consultant & Professional Services,Entertainment
LIBERTARIAN PARTY OF COLORADO (LPCO),Political Party Committee,1.03,2025-06-12 00:00:00,Stripe.Com,South San Francisco,CA,94080,Bank Fees,Credit Card Fees
LUNDEEN LEADERSHIP FUND,Political Committee,51.21,2025-06-12 00:00:00,Flying Horse Resort,Colorado Springs,CO,80921,Other,6890 ∑ Other Meeting Expense
MANNY RUTINEL LEADERSHIP FUND,Political Committee,9.99,2025-06-12 00:00:00,Mailmeteor,Paris,FR,75013,Office Equipment & Supplies,Software
MCCLUSKIE FOR COLORADO LEADERSHIP FUND,Political Committee,34.22,2025-06-12 00:00:00,Bon Tons Cafe,Colorado Springs,CO,80904,"Food, Beverages and Meals",
SNYDER FOR COLORADO LEADERSHIP FUND,Political Committee,200.0,2025-06-12 00:00:00,Jena For Colorado,Redacted By Sos,CO,99999,Contributions,
COBALT ADVOCATES SDC,Small Donor Committee,2500.0,2025-06-13 00:00:00,Colorado Democratic Party,Denver,CO,80203,Contributions,
COLORADO DEMOCRATIC PARTY,Political Party Committee,335.3,2025-06-13 00:00:00,Vanillagift,Fortson,GA,31808,Other,Volunteer Appreciation Gift Cards
COLORADO DEMOCRATIC PARTY,Political Party Committee,37.09,2025-06-13 00:00:00,Zoom,San Jose,CA,95113,Other,Web Conferencing Services
LIBERTARIAN PARTY OF COLORADO (LPCO),Political Party Committee,2.1,2025-06-13 00:00:00,Stripe.Com,South San Francisco,CA,94080,Bank Fees,Credit Card Fees
LIBERTARIAN PARTY OF COLORADO (LPCO),Political Party Committee,2.65,2025-06-13 00:00:00,Stripe.Com,South San Francisco,CA,94080,Bank Fees,Credit Card Fees
MCCLUSKIE FOR COLORADO LEADERSHIP FUND,Political Committee,38.95,2025-06-13 00:00:00,Avogadros Number,Fort Collins,CO,80524,"Food, Beverages and Meals",
MEGHAN LUKENS FOR CO LEADERSHIP PAC,Political Committee,450.0,2025-06-13 00:00:00,Gena Ozols For Hd3,Redacted By Sos,CO,99999,Contributions,Ck 1003
"PEDIATRIX MEDICAL GROUP, INC. POLITICAL ACTION COMMITTEE (PEDIATRIX PAC)",Political Committee,-225.0,2025-06-13 00:00:00,Emily Sirota For Colorado,Redacted By Sos,CO,99999,Returned Expenditure,Check Voided As Not Deposited
"PEDIATRIX MEDICAL GROUP, INC. POLITICAL ACTION COMMITTEE (PEDIATRIX PAC)",Political Committee,-225.0,2025-06-13 00:00:00,Emily Sirota For Colorado,Redacted By Sos,CO,99999,Returned Expenditure,Check Voided As Not Deposited
SNYDER FOR COLORADO LEADERSHIP FUND,Political Committee,250.0,2025-06-13 00:00:00,Uniform Law Foundation,Chicago,IL,60602,Miscellaneous,Conference Gala
US ANESTHESIA PARTNERS COLORADO STATE COMMITTEE,Political Committee,68.61,2025-06-13 00:00:00,Bok Financial,Denver,CO,80217,Bank Fees,
VELASCO LEADERSHIP FUND,Political Committee,4.84,2025-06-13 00:00:00,Alpine Bank,Grand Junction,CO,81501,Bank Fees,Bank Account Activity Fee
LIBERTARIAN PARTY OF COLORADO (LPCO),Political Party Committee,15.0,2025-06-14 00:00:00,Ups Store,Denver,CO,80202,Office Equipment & Supplies,Postage
PADDEN PAC - SMALL DONOR COMMITTEE,Small Donor Committee,9.0,2025-06-14 00:00:00,,,,,Bank Fees,
BALL FOR ALL LEADERSHIP FUND,Political Committee,28.64,2025-06-15 00:00:00,Actblue Technical Services,Somerville,MA,02144,Fundraising Expenses,Credit Card Processor Fees
COLORADO DEMOCRATIC PARTY,Political Party Committee,15.0,2025-06-15 00:00:00,The Action Network,New York,NY,10016,Office Equipment & Supplies,Subscription
COLORADO RADIOLOGICAL SOCIETY POLITICAL COMMITTEE,Political Committee,6.5,2025-06-15 00:00:00,,,,,Bank Fees,
COMMITTEE FOR PHYSICIAN ANESTHESIA CARE,Political Committee,30.0,2025-06-15 00:00:00,,,,,Bank Fees,
FRIZELL LEADERSHIP PAC,Political Committee,0.3,2025-06-15 00:00:00,Firstier Bank,Castle Rock,CO,80104,Bank Fees,Quarterly Bank Fees
GREEN PARTY OF COLORADO,Political Party Committee,0.58,2025-06-15 00:00:00,Paypal,San Jose,CA,95131,Bank Fees,
GRISWOLD LEADERSHIP PAC,Political Committee,28.64,2025-06-15 00:00:00,Actblue,West Somerville,MA,02144-0031,Fundraising Expenses,
MAKE GREAT CHOICES PAC,Political Committee,25.0,2025-06-15 00:00:00,Planned Parenthood Of The Rockies,Denver,CO,80201,Contributions,
DEMOCRATIC PARTY CONGRESSIONAL DISTRICT 4 COLORADO,Political Party Committee,-54.69,2024-06-16 00:00:00,Actblue Technical Services,Somerville,MA,02144,Other,Offset Due To Update Of Filed Item - Actblue Cc Processing Fees
DEMOCRATIC PARTY CONGRESSIONAL DISTRICT 4 COLORADO,Political Party Committee,58.43,2024-06-16 00:00:00,Actblue Technical Services,Somerville,MA,02144,Other,Actblue Cc Processing Fees
BUILDING BRIDGES FOR COLORADO,Political Committee,2.0,2025-06-16 00:00:00,1St Bank,Lakewood,CO,80215,Bank Fees,
COLORADO DEMOCRATIC PARTY,Political Party Committee,793.14,2025-06-16 00:00:00,Hudson Bay Co. Of Illinois,Lincoln,NE,68516,Consultant & Professional Services,Phone Canvass Expenses
COLORADO DEMOCRATIC PARTY,Political Party Committee,136.68,2025-06-16 00:00:00,Microsoft,Redmond,WA,98052,Office Equipment & Supplies,Office Suite Subscription Fee
DEMOCRATIC PARTY CONGRESSIONAL DISTRICT 4 COLORADO,Political Party Committee,25.24,2025-06-16 00:00:00,Intuit Quickbooks,Mountain View,CA,94043,Fundraising Expenses,Monthly Use Fee
EDIE HOOTON LEADERSHIP FUND,Political Committee,1450.0,2025-06-16 00:00:00,Bridges For Colorado Treasurer,Redacted By Sos,CO,99999,Contributions,
LIBERTARIAN PARTY OF COLORADO (LPCO),Political Party Committee,151.2,2025-06-16 00:00:00,Microsoft,Redmond,WA,98052,Office Equipment & Supplies,Ms 365
PIPEFITTERS LOCAL 208 POLITICAL EDUCATION COMMITTEE,Small Donor Committee,1000.0,2025-06-16 00:00:00,Jena  Griswold,Redacted By Sos,CO,99999,Contributions,Jena Griswold For Colorado
PIPEFITTERS LOCAL 208 POLITICAL EDUCATION COMMITTEE,Small Donor Committee,1000.0,2025-06-16 00:00:00,Sheila Liender For Colorado,Littleton,CO,80162,Contributions,Shelia Liender For Colorado
SHEILA FOR COLORADO LEADERSHIP FUND,Political Committee,400.0,2025-06-16 00:00:00,Colorado Democratic Party,Denver,CO,80203,Contributions,Gala Sponsor
BIPAC (BLACK INDIGENOUS LEADERSHIP PAC),Political Committee,400.0,2025-06-17 00:00:00,Coleman For Colorado,Denver,CO,80249,Contributions,
BLUE LINE ADVOCATES PAC,Political Committee,300.0,2025-06-17 00:00:00,Sarah B Jack & Asspciates,Colorado Springs,CO,80906,Consultant & Professional Services,
"COLORADO CHIROPRACTIC ASSN. SMALL DONOR COMMITTEE (CCA, CC-SDC)",Small Donor Committee,2500.0,2025-06-17 00:00:00,Duran For Colorado,Superior,CO,80027,Contributions,
"COLORADO CHIROPRACTIC PAC (CCA, CC-PAC)",Political Committee,450.0,2025-06-17 00:00:00,Duran For Colorado,Superior,CO,80027,Contributions,
LIBERTARIAN PARTY OF COLORADO (LPCO),Political Party Committee,0.6,2025-06-17 00:00:00,Stripe.Com,South San Francisco,CA,94080,Bank Fees,Credit Card Fees
MANNY RUTINEL LEADERSHIP FUND,Political Committee,500.0,2025-06-17 00:00:00,Nehali  Deshmukh,Denver,CO,80210,Other,Stipend
MEGHAN LUKENS FOR CO LEADERSHIP PAC,Political Committee,133.94,2025-06-17 00:00:00,Walmart,Avon,CO,81620,Office Equipment & Supplies,Office Supplies
NABIP COLORADO POLITICAL ACTION COMMITTEE,Political Committee,0.91,2025-06-17 00:00:00,Quickbooks Payments,Woodland Hills,CA,91367,Bank Fees,
DEMOCRATIC PARTY CONGRESSIONAL DISTRICT 4 COLORADO,Political Party Committee,0.99,2024-06-18 00:00:00,Actblue Technical Services,Somerville,MA,02144,Other,Actblue Cc Processing Fee
AGRICULTURE PAC,Political Committee,50.0,2025-06-18 00:00:00,Polifi Llc,Fort Lupton,CO,80621,Consultant & Professional Services,
BIPAC (BLACK INDIGENOUS LEADERSHIP PAC),Political Committee,400.0,2025-06-18 00:00:00,Rob  Andrews,Aurora,CO,80019,Contributions,
CATHY KIPP FOR COLORADO LEADERSHIP FUND,Political Committee,1200.0,2025-06-18 00:00:00,Colorado Democratic Party,Denver,CO,80203,Contributions,
COLORADO CHAMBER POLITICAL ACTION COMMITTEE,Political Committee,450.0,2025-06-18 00:00:00,William For Colorado,Redacted By Sos,CO,99999,Contributions,Contribution
"COLORADO CHAPTER, AMERICAN COLLEGE OF EMERGENCY PHYSICIANS SMALL DONOR COMMITTEE",Small Donor Committee,1500.0,2025-06-18 00:00:00,William  Lindstedt,Redacted By Sos,CO,99999,Contributions,
COLORADO DEMOCRATIC PARTY,Political Party Committee,1231.08,2025-06-18 00:00:00,Paychex,Norristown,PA,19403,Employee Services,Payroll Taxes
COLORADO DEMOCRATIC PARTY,Political Party Committee,1531.88,2025-06-18 00:00:00,Paychex,Norristown,PA,19403,Employee Services,Payroll Taxes
COLORADO STATE PIPE TRADES,Small Donor Committee,10000.0,2025-06-18 00:00:00,Jena  Griswold,Redacted By Sos,CO,99999,Advertising,Campaign Contribution
GREEN PARTY OF COLORADO,Political Party Committee,0.95,2025-06-18 00:00:00,Paypal,San Jose,CA,95131,Bank Fees,
LIBERTARIAN PARTY OF COLORADO (LPCO),Political Party Committee,2.3,2025-06-18 00:00:00,Anedot,New Orleans,LA,70112,Bank Fees,Credit Cards Fees
LIBERTARIAN PARTY OF COLORADO (LPCO),Political Party Committee,67.0,2025-06-18 00:00:00,Smart Space,Lakewood,CO,80215,Rent & Utilities,Storage Space
LIBERTARIAN PARTY OF COLORADO (LPCO),Political Party Committee,7.31,2025-06-18 00:00:00,Stripe.Com,South San Francisco,CA,94080,Bank Fees,Credit Card Fees
MEGHAN LUKENS FOR CO LEADERSHIP PAC,Political Committee,54.04,2025-06-18 00:00:00,Stop And Save,Vail,CO,81657,Travel & Lodging,
PLUMBERS LOCAL 3 SMALL DONOR COMMITTEE,Small Donor Committee,1000.0,2025-06-18 00:00:00,Jena For Colorado,Redacted By Sos,CO,99999,Contributions,Campaign Contribution
PUTTING COLORADO FIRST,Political Committee,1000.0,2025-06-18 00:00:00,Committee To Elect Dale Hall For Mayor,Greeley,CO,80634,Contributions,
SHEET METAL WORKERS' SMALL DONOR COMMITTEE,Small Donor Committee,2000.0,2025-06-18 00:00:00,Jena For Colorado,Redacted By Sos,CO,99999,Contributions,
SHEILA FOR COLORADO LEADERSHIP FUND,Political Committee,400.0,2025-06-18 00:00:00,Gena Ozols For Hd3,Redacted By Sos,CO,99999,Contributions,
SHEILA FOR COLORADO LEADERSHIP FUND,Political Committee,800.0,2025-06-18 00:00:00,Jena For Colorado,Redacted By Sos,CO,99999,Contributions,
LINDSTEDT LEADERSHIP FUND,Political Committee,1000.0,2025-06-19 00:00:00,Shannon Bird For Congress,Westmisnter,CO,80035,Fundraising Expenses,
BUILDING A STRONGER COLORADO,Small Donor Committee,-725.0,2025-06-20 00:00:00,Monica Pac,Wheat Ridge,CO,80033,Returned Expenditure,Void Check
BUILDING A STRONGER COLORADO,Small Donor Committee,-500.0,2025-06-20 00:00:00,Iman For Colorado,Aurora,CO,80012,Returned Expenditure,Void Check
BUILDING A STRONGER COLORADO,Small Donor Committee,-750.0,2025-06-20 00:00:00,Brianna For Colorado,Redacted By Sos,CO,99999,Returned Expenditure,Void Check
BUILDING A STRONGER COLORADO,Small Donor Committee,-1000.0,2025-06-20 00:00:00,Jenny Willford For Colorado,Northglenn,CO,80234,Returned Expenditure,Void Check
CALDWELL LEADERSHIP PAC,Political Committee,100.0,2025-06-20 00:00:00,Polifi Llc,Fort Lupton,CO,80621,Consultant & Professional Services,
COLORADO DEMOCRATIC PARTY,Political Party Committee,3197.62,2025-06-20 00:00:00,Michael S Merrifield,Arvada,CO,80005,Employee Services,Payroll
COLORADO DEMOCRATIC PARTY,Political Party Committee,2678.04,2025-06-20 00:00:00,Chris P Rork,Denver,CO,80222,Employee Services,Salary
CUTTER FOR COLORADO LEADERSHIP FUND,Political Committee,9.07,2025-06-20 00:00:00,,,,,"Food, Beverages and Meals",
HOME CARE PAC,Political Committee,1.03,2025-06-20 00:00:00,Keybank,Cleveland,OH,44101,Bank Fees,
JUDY AMABILE LEADERSHIP FUND,Political Committee,-450.0,2025-06-20 00:00:00,Bird For Colorado,Redacted By Sos,CO,99999,Returned Expenditure,Refund For Senate Race
LIBERTARIAN PARTY OF COLORADO (LPCO),Political Party Committee,3.65,2025-06-20 00:00:00,Stripe.Com,South San Francisco,CA,94080,Bank Fees,Credit Card Fees
MANNY RUTINEL LEADERSHIP FUND,Political Committee,63.08,2025-06-20 00:00:00,Adobe,San Jose,CA,95110,Office Equipment & Supplies,Software
MANNY RUTINEL LEADERSHIP FUND,Political Committee,25.21,2025-06-20 00:00:00,Ny Times,New York,NY,10018,Other,Newspaper Subscription
MEGHAN LUKENS FOR CO LEADERSHIP PAC,Political Committee,200.0,2025-06-20 00:00:00,Chris Floyd For Colorado,Redacted By Sos,CO,99999,Contributions,
NABIP COLORADO POLITICAL ACTION COMMITTEE,Political Committee,6.57,2025-06-20 00:00:00,Quickbooks Payments,Woodland Hills,CA,91367,Bank Fees,
NABIP COLORADO POLITICAL ACTION COMMITTEE,Political Committee,1.07,2025-06-20 00:00:00,Paypal,San Jose,CA,95131,Bank Fees,
TEAMSTERS LOCAL UNION NO. 455 SMALL DONOR FUND,Small Donor Committee,3750.0,2025-06-20 00:00:00,Jena For Colorado,Redacted By Sos,CO,99999,Contributions,6/13/25 Approval Pfc
TEAMSTERS LOCAL UNION NO. 455 SMALL DONOR FUND,Small Donor Committee,1550.0,2025-06-20 00:00:00,Lieder For Colorado,Redacted By Sos,CO,99999,Contributions,Pfc Approval 6 13 25
BIRD FOR COLORADO LEADERSHIP FUND,Political Committee,250.0,2025-06-21 00:00:00,Cte Josh Zygielbaum,Brighton,CO,80601,Contributions,
WE WIN SMALL DONOR COMMITTEE,Small Donor Committee,439.71,2025-06-21 00:00:00,Gena Ozols For Hd3,Redacted By Sos,CO,99999,Contributions,
BALL FOR ALL LEADERSHIP FUND,Political Committee,48.39,2025-06-22 00:00:00,Actblue Technical Services,Somerville,MA,02144,Fundraising Expenses,Credit Card Processor Fees
CHRIS KOLKER LEADERSHIP FUND,Political Committee,28.64,2025-06-22 00:00:00,Actblue,Somervile,MA,02144,Fundraising Expenses,Processing Fees
GRISWOLD LEADERSHIP PAC,Political Committee,152.09,2025-06-22 00:00:00,Actblue,West Somerville,MA,02144-0031,Fundraising Expenses,
KAREN FOR CO LEADERSHIP PAC,Political Committee,28.64,2025-06-22 00:00:00,Act Blue Llc,Somerville,MA,02144,Bank Fees,Act Blue Fees
MONICA PAC,Political Committee,0.2,2025-06-22 00:00:00,Actblue,West Somerville,MA,02144,Fundraising Expenses,
ROBERTS LEADERSHIP FUND,Political Committee,450.0,2025-06-22 00:00:00,William For Colorado,Redacted By Sos,CO,99999,Contributions,
ROBERTS LEADERSHIP FUND,Political Committee,450.0,2025-06-22 00:00:00,Lieder For Colorado,Redacted By Sos,CO,99999,Contributions,
ROBERTS LEADERSHIP FUND,Political Committee,450.0,2025-06-22 00:00:00,Gena Ozols For Hd3,Redacted By Sos,CO,99999,Contributions,
ROBERTS LEADERSHIP FUND,Political Committee,450.0,2025-06-22 00:00:00,Duran For Colorado,Superior,CO,80027,Contributions,
ROBERTS LEADERSHIP FUND,Political Committee,450.0,2025-06-22 00:00:00,Matt Ball For Colorado,Denver,CO,80203,Contributions,
ROBERTS LEADERSHIP FUND,Political Committee,450.0,2025-06-22 00:00:00,Emily Sirota For Colorado,Redacted By Sos,CO,99999,Contributions,
ROBERTS LEADERSHIP FUND,Political Committee,450.0,2025-06-22 00:00:00,Katie Wallace For Colorado,Redacted By Sos,CO,99999,Contributions,
ZENPAC,Political Committee,250.0,2025-06-22 00:00:00,Michael For Attorney General,Boulder,CO,80302,Contributions,
DEMOCRATIC PARTY CONGRESSIONAL DISTRICT 4 COLORADO,Political Party Committee,-0.99,2024-06-23 00:00:00,Actblue Technical Services,Somerville,MA,02144,Other,Offset Due To Update Of Filed Item - Actblue Cc Processing Fee
BRIANNA TITONE'S 439 FUND,Political Committee,30.0,2025-06-23 00:00:00,Jefferson County Democratic Party,Lakewood,CO,80226,Contributions,Jeffco Dems Labor Picnic
BUILDING BRIDGES FOR COLORADO,Political Committee,450.0,2025-06-23 00:00:00,Gena Ozols For Hd3,Redacted By Sos,CO,99999,Contributions,
COLORADO FORWARD PARTY COMMITTEE,Political Party Committee,187.0,2025-06-23 00:00:00,Meta Corporation,Menlo Park,CA,94025,Advertising,Meta Advertising
EDIE HOOTON LEADERSHIP FUND,Political Committee,450.0,2025-06-23 00:00:00,Katie Wallace For Colorado,Redacted By Sos,CO,99999,Contributions,
JUDY AMABILE LEADERSHIP FUND,Political Committee,250.0,2025-06-23 00:00:00,Amanda For Colorado,Redacted By Sos,CO,99999,Contributions,
JUDY AMABILE LEADERSHIP FUND,Political Committee,450.0,2025-06-23 00:00:00,Friends To Elect Ilana Spiegel,Centennial,CO,80016,Contributions,
JUDY AMABILE LEADERSHIP FUND,Political Committee,1000.0,2025-06-23 00:00:00,Shannon Bird For Congress,Westminster,CO,80424,Contributions,
KAREN FOR CO LEADERSHIP PAC,Political Committee,450.0,2025-06-23 00:00:00,William For Colorado,Redacted By Sos,CO,99999,Contributions,
KAREN FOR CO LEADERSHIP PAC,Political Committee,725.0,2025-06-23 00:00:00,Michael For Attorney General,Boulder,CO,80302,Contributions,
LIBERTARIAN PARTY OF COLORADO (LPCO),Political Party Committee,0.74,2025-06-23 00:00:00,Stripe.Com,South San Francisco,CA,94080,Bank Fees,Credit Card Fees
LINDSEY FOR COLORADO LEADERSHIP FUND,Political Committee,400.0,2025-06-23 00:00:00,Varda For Colorado,Arvada,CO,80005,Contributions,
REBEKAH STEWART FOR COLORADO,Political Committee,100.0,2025-06-23 00:00:00,Rein For Colorado,Littleton,CO,80162,Contributions,
REBEKAH STEWART FOR COLORADO,Political Committee,50.0,2025-06-23 00:00:00,Val With Colorado,Wheat Ridge,CO,80033,Contributions,
REBEKAH STEWART FOR COLORADO,Political Committee,50.0,2025-06-23 00:00:00,Alexis For Colorado,Redacted By Sos,CO,99999,Contributions,
REBEKAH STEWART FOR COLORADO,Political Committee,50.0,2025-06-23 00:00:00,Lori For Colorado,Westminster,CO,80031,Contributions,
REBEKAH STEWART FOR COLORADO,Political Committee,100.0,2025-06-23 00:00:00,Bird For Colorado,Redacted By Sos,CO,99999,Contributions,
REBEKAH STEWART FOR COLORADO,Political Committee,100.0,2025-06-23 00:00:00,Bridges For Colorado Treasurer,Redacted By Sos,CO,99999,Contributions,
REBEKAH STEWART FOR COLORADO,Political Committee,50.0,2025-06-23 00:00:00,Brianna For Treasurer,Redacted By Sos,CO,99999,Contributions,
REBEKAH STEWART FOR COLORADO,Political Committee,100.0,2025-06-23 00:00:00,Varda For Colorado,Arvada,CO,80005,Contributions,
REBEKAH STEWART FOR COLORADO,Political Committee,400.0,2025-06-23 00:00:00,Ken Cruz For Lakewood,Lakewood,CO,80227,Contributions,
ROBERTS LEADERSHIP FUND,Political Committee,1450.0,2025-06-23 00:00:00,Bridges For Colorado Treasurer,Redacted By Sos,CO,99999,Contributions,
VALDEZ FOR COLORADO RAINBOW FUND,Political Committee,77.81,2025-06-23 00:00:00,Mailchimp,Atlanta,GA,30308,Office Equipment & Supplies,
VALDEZ FOR COLORADO RAINBOW FUND,Political Committee,250.0,2025-06-23 00:00:00,Shannon Bird For Congress,Westminster,CO,80035,Fundraising Expenses,
VALDEZ FOR COLORADO RAINBOW FUND,Political Committee,21.03,2025-06-23 00:00:00,Zoho,Pleasantville,CA,94588,Office Equipment & Supplies,
VALDEZ FOR COLORADO RAINBOW FUND,Political Committee,450.0,2025-06-23 00:00:00,Emily Sirota For Colorado,Redacted By Sos,CO,99999,Fundraising Expenses,
YARA LEADERSHIP FUND,Political Committee,100.0,2025-06-23 00:00:00,"Jonah Salehi, Consultant",Fort Collins,CO,80526,Consultant & Professional Services,Corrected Payment Amount And Date
BUILDING BRIDGES FOR COLORADO,Political Committee,450.0,2025-06-24 00:00:00,Friends To Elect Ilana Spiegel,Centennial,CO,80016,Contributions,
CAREPOINT HEALTH,Small Donor Committee,1250.0,2025-06-24 00:00:00,Bennet For Governor,Superior,CO,80027,Contributions,Contribution To Bennet For Governor Campaign
COLORADO CENTER PARTY CENTRAL COMMITTEE,Political Party Committee,2.08,2025-06-24 00:00:00,Google Ads,Mountain View,CA,94043,Miscellaneous,
COMMUNICATIONS WORKERS OF AMERICA COMMITTEE ON POLITICAL EDUCATION - POLITICAL CONTRIBUTIONS COMMITT,Political Committee,300.0,2025-06-24 00:00:00,Colorado Democratic Party,Denver,CO,80203,Contributions,
COPIC SMALL DONOR COMMITTEE,Small Donor Committee,15000.0,2025-06-24 00:00:00,Bennet For Governor,Superior,CO,80027,Contributions,Misc Campaign Contributions
ESGAR LEADERSHIP FUND,Political Committee,500.0,2025-06-24 00:00:00,Bridges For Colorado Treasurer,Redacted By Sos,CO,99999,Contributions,
GREEN PARTY OF COLORADO,Political Party Committee,22.77,2025-06-24 00:00:00,Godaddy Inc,Tempe,AZ,85281,Other,Web Hosting
HOME CARE PAC,Political Committee,0.59,2025-06-24 00:00:00,Keybank,Cleveland,OH,44101,Bank Fees,
HOME CARE PAC,Political Committee,0.88,2025-06-24 00:00:00,Keybank,Cleveland,OH,44101,Bank Fees,
LIBERTARIAN PARTY OF COLORADO (LPCO),Political Party Committee,1.3,2025-06-24 00:00:00,Anedot,New Orleans,LA,70112,Bank Fees,Credit Cards Fees
LINDSTEDT LEADERSHIP FUND,Political Committee,1000.0,2025-06-24 00:00:00,Jena For Colorado,Redacted By Sos,CO,99999,Contributions,
MONICA PAC,Political Committee,450.0,2025-06-24 00:00:00,Elect Thomas Tony Exum,Redacted By Sos,CO,99999,Contributions,
REBEKAH STEWART FOR COLORADO,Political Committee,400.0,2025-06-24 00:00:00,Jeslin 4 Lakewood,Lakewood,CO,80226,Contributions,
THE HOME DEPOT INC. POLITICAL ACTION COMMITTEE,Political Committee,4000.0,2025-06-24 00:00:00,All Together Colorado,Denver,CO,80206,Contributions,Direct Contribution
THE HOME DEPOT INC. POLITICAL ACTION COMMITTEE,Political Committee,1000.0,2025-06-24 00:00:00,Senate Majority Fund,Denver,CO,80205,Contributions,Direct Contribution
U.S. BANCORP POLITICAL PARTICIPATION PROGRAM,Political Committee,625.0,2025-06-24 00:00:00,Colorado Bankers Association State Pac,Denver,CO,80203,Contributions,Contribution To State Committee
VALDEZ FOR COLORADO RAINBOW FUND,Political Committee,450.0,2025-06-24 00:00:00,Bridges For Colorado Treasurer,Redacted By Sos,CO,99999,Fundraising Expenses,
ANDREW FOR COLORADO LEADERSHIP FUND,Political Committee,250.0,2025-06-25 00:00:00,Jena For Colorado,Redacted By Sos,CO,99999,Contributions,
ANDREW FOR COLORADO LEADERSHIP FUND,Political Committee,250.0,2025-06-25 00:00:00,Friends Of Jacque Phillips,Redacted By Sos,CO,99999,Contributions,
ANDREW FOR COLORADO LEADERSHIP FUND,Political Committee,200.0,2025-06-25 00:00:00,Alexis For Colorado,Redacted By Sos,CO,99999,Contributions,
COLORADO COMMITTEE OF AUTO RETAILERS (COLO C.A.R.),Political Committee,2000.0,2025-06-25 00:00:00,Senate Majority Fund,Denver,CO,80205,Contributions,
CREATING LEADERS PAC,Political Committee,725.0,2025-06-25 00:00:00,Jeff  Bridges,Redacted By Sos,CO,99999,Contributions,
GRISWOLD LEADERSHIP PAC,Political Committee,120.24,2025-06-25 00:00:00,Ftd.Com,Downers Grove,IL,60515,Other,Flowers
HOME CARE PAC,Political Committee,0.45,2025-06-25 00:00:00,Keybank,Cleveland,OH,44101,Bank Fees,
JAVIER'S ECONOMIC JUSTICE FUND,Political Committee,2.0,2025-06-25 00:00:00,First Bank,Lakewood,CO,80235,Bank Fees,
LIBERTARIAN PARTY OF COLORADO (LPCO),Political Party Committee,17.16,2025-06-25 00:00:00,Stripe.Com,South San Francisco,CA,94080,Bank Fees,Credit Card Fees
ROCKY MOUNTAIN GUN OWNERS POLITICAL ACTION COMMITTEE (RMGO PAC),Small Donor Committee,-1700.0,2025-06-25 00:00:00,Lori Garcia Sander For Hd 65,Redacted By Sos,CO,99999,Returned Expenditure,Donation Not Received So Listing As A Return.
TEAMSTERS LOCAL UNION NO. 455 SMALL DONOR FUND,Small Donor Committee,10.0,2025-06-25 00:00:00,Austin  Lowery,Arvada,CO,80003,Other,"Member Contributed $60 In Error, Refunding $10. 
See Contribution 5/9/25, #2025050900634."
TEAMSTERS LOCAL UNION NO. 455 SMALL DONOR FUND,Small Donor Committee,5.0,2025-06-25 00:00:00,Robert  Konkol,Arvada,CO,80003,Other,"Refund Over Contribution By Member.  See 2025050900575, Contributed $55, Refund $5"
TEAMSTERS LOCAL UNION NO. 455 SMALL DONOR FUND,Small Donor Committee,9.0,2025-06-25 00:00:00,Victor  Aguilera,Denver,CO,80207,Other,"Refund Member Who Contributed $59 In Error. 
See #2025050900009, 5/9/25"
ASSOCIATED GENERAL CONTRACTORS (AGC) COLORADO CONSTRUCTION ACTION COMMITTEE,Political Committee,1450.0,2025-06-26 00:00:00,Building Bridges For Colorado,Redacted By Sos,CO,99999,Contributions,
CAMACHO LEADERSHIP FUND,Political Committee,450.0,2025-06-26 00:00:00,Carrera For Colorado,Redacted By Sos,CO,99999,Contributions,
COLORADO DEMOCRATIC PARTY,Political Party Committee,4228.91,2025-06-26 00:00:00,Denver Center For The Performing Arts,Denver,CO,80204,"Food, Beverages and Meals",Event Beverage Stations
GLAXOSMITHKLINE LLC PAC (GSK PAC),Political Committee,-450.0,2025-06-26 00:00:00,Mandy For Colorado,Aurora,CO,80010,Returned Expenditure,Voided 8/7/24 Disbursement
HANSEN LEADERSHIP FUND,Political Committee,500.0,2025-06-26 00:00:00,Michael For Attorney General,Boulder,CO,80302,Contributions,
HANSEN LEADERSHIP FUND,Political Committee,450.0,2025-06-26 00:00:00,Carrera For Colorado,Redacted By Sos,CO,99999,Contributions,
HANSEN LEADERSHIP FUND,Political Committee,500.0,2025-06-26 00:00:00,Phil Weiser For Colorado,Redacted By Sos,CO,99999,Contributions,
HANSEN LEADERSHIP FUND,Political Committee,1000.0,2025-06-26 00:00:00,Bridges For Colorado Treasurer,Redacted By Sos,CO,99999,Contributions,
MANNY RUTINEL LEADERSHIP FUND,Political Committee,21.9,2025-06-26 00:00:00,,,,,Bank Fees,First Bank Fees
MONICA PAC,Political Committee,450.0,2025-06-26 00:00:00,Gena Ozols For Hd3,Redacted By Sos,CO,99999,Contributions,
SHEILA FOR COLORADO LEADERSHIP FUND,Political Committee,-105.75,2025-06-26 00:00:00,Campaign Fund Of Gerchard Pfau,Golden,CO,80402,Returned Expenditure,Refund For Over-Donation
ADVANCED ENERGY ACTION,Political Committee,26.0,2025-06-27 00:00:00,Amalgamated Bank,Washington,DC,20006,Bank Fees,Bank Fees
BUILDING BRIDGES FOR COLORADO,Political Committee,-450.0,2025-06-27 00:00:00,Bird For Colorado,Redacted By Sos,CO,99999,Returned Expenditure,Candidate No Longer Running For That Office
COLORADO STATE REPRESENTATIVE DISTRICT 30 REPUBLICAN CENTRAL COMMITTEE,Political Party Committee,25.75,2025-06-27 00:00:00,Squarespace,New York,NY,10014,Other,Renewal Of Subscription For Squarespace
DLCC COLORADO (DEMOCRATIC LEGISLATIVE CAMPAIGN COMMITTEE COLORADO),Small Donor Committee,14.0,2025-06-27 00:00:00,Amalgamated Bank,New York,NY,10001,Bank Fees,
LIBERTARIAN PARTY OF COLORADO (LPCO),Political Party Committee,1.95,2025-06-27 00:00:00,Stripe.Com,South San Francisco,CA,94080,Bank Fees,Credit Card Fees
ROBERTS LEADERSHIP FUND,Political Committee,450.0,2025-06-27 00:00:00,Chris Floyd For Colorado,Redacted By Sos,CO,99999,Contributions,
THE COLEMAN LEADERSHIP FUND,Political Committee,53.4,2025-06-27 00:00:00,Conoco,Aurora,CO,80017,Other,Gas For Steamboat
VALDEZ FOR COLORADO RAINBOW FUND,Political Committee,2.0,2025-06-27 00:00:00,First Bank,Lakewood,CO,80215,Bank Fees,
YARA LEADERSHIP FUND,Political Committee,450.0,2025-06-27 00:00:00,Alexis For Colorado,Redacted By Sos,CO,99999,Contributions,
YARA LEADERSHIP FUND,Political Committee,250.0,2025-06-27 00:00:00,"Jonah Salehi, Consultant",Fort Collins,CO,80526,Consultant & Professional Services,Corrected Payment Amount And Date
SONYA FOR DEMS (DEMOCRATS),Political Committee,-275.0,2024-06-29 00:00:00,Sonya For Colorado,Longmont,CO,80504,Other,Offset Due To Update Of Filed Item - Refund
SONYA FOR DEMS (DEMOCRATS),Political Committee,275.0,2024-06-29 00:00:00,Sonya For Colorado,Longmont,CO,80504,Other,Refund. Inkind Donation To Valerie Vigil Campaign For Campaign Staff Time.
BALL FOR ALL LEADERSHIP FUND,Political Committee,153.08,2025-06-29 00:00:00,Actblue Technical Services,Somerville,MA,02144,Fundraising Expenses,Credit Card Processor Fees
COLORADO FORWARD PARTY COMMITTEE,Political Party Committee,601.27,2025-06-29 00:00:00,Stripe Corporation,South San Francisco,CA,94080,Rent & Utilities,Stripe Payment Processing Fees
COLORADO WORKING FAMILIES PARTY SMALL DONOR COMMITTEE,Small Donor Committee,0.96,2025-06-29 00:00:00,Actblue Technical Services,Somerville,MA,02144,Fundraising Expenses,Fee
DEMOCRATIC PARTY CONGRESSIONAL DISTRICT 4 COLORADO,Political Party Committee,1.2,2025-06-29 00:00:00,Actblue Technical Services,Somerville,MA,02144,Other,Cc Processing Fee
GRISWOLD LEADERSHIP PAC,Political Committee,57.28,2025-06-29 00:00:00,Actblue,West Somerville,MA,02144-0031,Fundraising Expenses,
KAREN FOR CO LEADERSHIP PAC,Political Committee,62.22,2025-06-29 00:00:00,Act Blue Non Federal,Somerville,MA,02144,Bank Fees,Act Blue Fees
LINDSTEDT LEADERSHIP FUND,Political Committee,450.0,2025-06-29 00:00:00,Katie Wallace For Colorado,Redacted By Sos,CO,99999,Contributions,
DEMOCRATIC PARTY CONGRESSIONAL DISTRICT 4 COLORADO,Political Party Committee,-5.56,2024-06-30 00:00:00,Actblue Technical Services,Somerville,MA,02144,Other,Offset Due To Update Of Filed Item - Actblue Processing Fees
DEMOCRATIC PARTY CONGRESSIONAL DISTRICT 4 COLORADO,Political Party Committee,0.82,2024-06-30 00:00:00,Actblue Technical Services,Somerville,MA,02144,Other,Actblue Processing Fees
18TH JD CRIMINAL JUSTICE FUND,Small Donor Committee,204.08,2025-06-30 00:00:00,Amy Padden For District Attorney,Redacted By Sos,CO,80013,Contributions,
ACCESS TO PEDIATRIC BEHAVIORAL THERAPY FOR COLORADO CHILDREN,Political Committee,12.0,2025-06-30 00:00:00,,,,,Bank Fees,
ADAMS EDUCATORS FOR PUBLIC EDUCATION,Small Donor Committee,5.0,2025-06-30 00:00:00,,,,,Bank Fees,Bank Fee
AGRICULTURE PAC,Political Committee,2.0,2025-06-30 00:00:00,Firstbank North,Arvada,CO,80006,Bank Fees,
"AGRICULTURE STRONG, COLORADO UNITED",Small Donor Committee,10.0,2025-06-30 00:00:00,First Bank North,Brighton,CO,80601,Bank Fees,
ARCHITECTS OF COLORADO POLITICAL COMMITTEE (ARCPAC),Political Committee,25.88,2025-06-30 00:00:00,Square,San Francisco,CO,94130,Bank Fees,Square Combined Processing Fees For Contributions 4-1-25 To 6-30-25.
ARCHITECTS OF COLORADO SMALL DONOR COMMITTEE,Small Donor Committee,1500.0,2025-06-30 00:00:00,William For Colorado,Redacted By Sos,CO,99999,Contributions,
BACON FOR COLORADO LEADERSHIP FUND,Political Committee,6.0,2025-06-30 00:00:00,,,,,Bank Fees,
BIPAC (BLACK INDIGENOUS LEADERSHIP PAC),Political Committee,7.14,2025-06-30 00:00:00,Actblue,Somerville,MA,02144,Fundraising Expenses,Actblue Fees
BIPAC (BLACK INDIGENOUS LEADERSHIP PAC),Political Committee,7.0,2025-06-30 00:00:00,First Bank,Westminster,CO,80021,Bank Fees,Bank Fees
BRIANNA TITONE'S 439 FUND,Political Committee,225.0,2025-06-30 00:00:00,Alexis For Colorado,Redacted By Sos,CO,99999,Contributions,Campaign Contribution
BRIANNA TITONE'S 439 FUND,Political Committee,112.21,2025-06-30 00:00:00,Actblue,Somerville,MA,02144,Fundraising Expenses,Fundraising Fees
BUCKLE UP PAC,Political Committee,2.0,2025-06-30 00:00:00,Firstbank North,Arvada,CO,80003,Bank Fees,
BUILDING BRIDGES FOR COLORADO,Political Committee,450.0,2025-06-30 00:00:00,Dylan Roberts For Colorado,Redacted By Sos,CO,99999,Contributions,
BUILDING BRIDGES FOR COLORADO,Political Committee,450.0,2025-06-30 00:00:00,Kyle Mullica For Sd 24,Thornton,CO,80602,Contributions,
CERTIFIED PUBLIC ACCOUNTANTS PAC,Political Committee,5.0,2025-06-30 00:00:00,,,,,Bank Fees,Bank Fee
CHRIS KOLKER LEADERSHIP FUND,Political Committee,450.0,2025-06-30 00:00:00,Ilana  Spiegel,Redacted By Sos,CO,99999,Contributions,
COLORADO CLEANTECH PAC,Political Committee,10.0,2025-06-30 00:00:00,Wells Fargo,Denver,CO,80202,Bank Fees,Bank Fees
COLORADO COMMITTEE OF AUTO RETAILERS (COLO C.A.R.),Political Committee,3.0,2025-06-30 00:00:00,,,,,Bank Fees,Bank Fees
COLORADO DEMOCRATIC PARTY,Political Party Committee,401.45,2025-06-30 00:00:00,Actblue,Cambridge,MA,02238,Fundraising Expenses,June Bank Fees
COLORADO DEMOCRATIC PARTY,Political Party Committee,2.0,2025-06-30 00:00:00,Firstbank,Lakewood,CO,80215,Bank Fees,Bank Fees
COLORADO DEMOCRATIC PARTY,Political Party Committee,8.0,2025-06-30 00:00:00,Firstbank,Lakewood,CO,80215,Bank Fees,Bank Fees
COLORADO DEMOCRATIC PARTY,Political Party Committee,2.0,2025-06-30 00:00:00,Firstbank,Lakewood,CO,80215,Bank Fees,Bank Fees
COLORADO DENTAL HYGIENISTS PAC,Political Committee,15.0,2025-06-30 00:00:00,Jpmorgan Chase Bank,Columbus,OH,43218-2051,Bank Fees,
COLORADO DENTAL PAC (CODPAC),Political Committee,-450.0,2025-06-30 00:00:00,Bird For Colorado,Redacted By Sos,CO,99999,Returned Expenditure,Check Was Voided
COLORADO DENTAL SMALL DONOR COMMITTEE,Small Donor Committee,-5000.0,2025-06-30 00:00:00,Bird For Colorado,Redacted By Sos,CO,99999,Returned Expenditure,Check Voided
COLORADO LEAGUE OF CHARTER SCHOOLS ACTION SMALL DONOR COMMITTEE (CLCS ACTION SDC),Small Donor Committee,12.0,2025-06-30 00:00:00,Firstbank,Denver,CO,80203,Bank Fees,Bank Fees
COLORADO PSYCHOLOGICAL ASSOCIATION,Political Committee,25.0,2025-06-30 00:00:00,Keybank National Association,Greenwood Village,CO,80111,Bank Fees,
COLORADO SKI COUNTRY USA PAC,Political Committee,5.0,2025-06-30 00:00:00,,,,,Bank Fees,Bank Service Charge
COLORADO STATE REPRESENTATIVE DISTRICT 30 REPUBLICAN CENTRAL COMMITTEE,Political Party Committee,20.51,2025-06-30 00:00:00,Anedot,New Orleans,LA,70112,Bank Fees,"Fee For Anedot, Which Is Our On-Line Electronic Payment System To Receive"
COLORADO STRONG SMALL DONOR COMMITTEE,Small Donor Committee,2.0,2025-06-30 00:00:00,First Bank,Brighton,CO,80601,Bank Fees,
CONSERVATION COLORADO ACTION FUND (CCVAF),Political Committee,78.24,2025-06-30 00:00:00,Act Blue,,CO,,Bank Fees,Act Blue Processing Fees
CONSTITUTIONAL CONSERVATIVE PAC,Political Committee,2.0,2025-06-30 00:00:00,First Bank,Brighton,CO,80601,Bank Fees,
COPIC SMALL DONOR COMMITTEE,Small Donor Committee,-4400.0,2025-06-30 00:00:00,Bird For Colorado,Redacted By Sos,CO,99999,Returned Expenditure,Candidate No Longer Running For State Office
CUTTER FOR COLORADO LEADERSHIP FUND,Political Committee,722.96,2025-06-30 00:00:00,Southwest,Dallas,TX,75235,Travel & Lodging,
EMILY'S LIST COLORADO SMALL DONOR COMMITTEE,Small Donor Committee,90.88,2025-06-30 00:00:00,Amalgamated Bank,Washington,DC,20006,Bank Fees,Bank Fees
EQUAL ACCESS FOR COLORADO AUTISM PATIENTS,Political Committee,22.0,2025-06-30 00:00:00,First Bank,Lakewood,CO,80215,Bank Fees,
FAMILIES FOR RESPONSIBLE GOVERNMENT,Political Committee,2.0,2025-06-30 00:00:00,Firstbank,Brighton,CO,80601,Bank Fees,
FENBERG LEADERSHIP FUND,Political Committee,9.0,2025-06-30 00:00:00,First Bank,Lakewood,CO,80225,Bank Fees,
FIELDS FOR COLORADO LEADERSHIP FUND,Political Committee,0.6,2025-06-30 00:00:00,Actblue,Somerville,CO,02144,Fundraising Expenses,
FRIENDS OF JUNIE JOSEPH LEADERSHIP FUND,Political Committee,101.31,2025-06-30 00:00:00,Actblue,Sommerville,MA,02144-3132,Bank Fees,Actblue Charges 4/1/2025 - 6/30/2025
GREENCO PC,Political Committee,5.0,2025-06-30 00:00:00,Firstbank,Glendale,CO,80246,Bank Fees,
GRISWOLD LEADERSHIP PAC,Political Committee,1.98,2025-06-30 00:00:00,Actblue,West Somerville,MA,02144-0031,Fundraising Expenses,
HARTSOOK LEADERSHIP PAC,Political Committee,2.0,2025-06-30 00:00:00,First Bank,Brighton,CO,80601,Bank Fees,
HOME CARE PAC,Political Committee,3.0,2025-06-30 00:00:00,Keybank,Cleveland,OH,44101,Bank Fees,
HOOD LEADERSHIP PAC,Political Committee,85.92,2025-06-30 00:00:00,Actblue Technical Services,Somerville,MA,02144,Fundraising Expenses,Actblue  Fees For 10/26-6/30/25
JAVIER'S ECONOMIC JUSTICE FUND,Political Committee,450.0,2025-06-30 00:00:00,Seligman For Ag,Redacted By Sos,CO,99999,Contributions,
JESSIE DANIELSON GRASSROOTS FUND,Small Donor Committee,15.0,2025-06-30 00:00:00,Chase Bank,Wheat Ridge,CO,80033,Bank Fees,
JESSIE DANIELSON PAC,Political Committee,15.0,2025-06-30 00:00:00,Chase Bank,Wheat Ridge,CO,80033,Bank Fees,
LABORER'S LOCAL 720 SMALL DONOR COMMITTEE,Small Donor Committee,1500.0,2025-06-30 00:00:00,Jena For Colorado,Redacted By Sos,CO,99999,Contributions,
LESLEY FOR COLORADO DATA FIRST FUND,Political Committee,38.52,2025-06-30 00:00:00,Actblue,Somerville,MA,02144,Fundraising Expenses,Fundraising Expenses 6/10/25-6/30/25
LESLEY FOR COLORADO DATA FIRST FUND,Political Committee,225.0,2025-06-30 00:00:00,Ilana  Spiegel,Redacted By Sos,CO,99999,Contributions,
LIBERTARIAN PARTY OF COLORADO (LPCO),Political Party Committee,80.25,2025-06-30 00:00:00,Horse And Frog,Holyoke,CO,80734,"Food, Beverages and Meals",Convention Meal
LIBERTARIAN PARTY OF COLORADO (LPCO),Political Party Committee,186.89,2025-06-30 00:00:00,Jonathan M Jacobs,Philadelphia,PA,19151,Consultant & Professional Services,Parliamentary Consultant
LIBERTARIAN PARTY OF COLORADO (LPCO),Political Party Committee,1.62,2025-06-30 00:00:00,Stripe.Com,South San Francisco,CA,94080,Bank Fees,Credit Card Fees
MAKE GREAT CHOICES PAC,Political Committee,29.68,2025-06-30 00:00:00,Actblue,Somerville,MA,02144,Fundraising Expenses,
MANNY RUTINEL LEADERSHIP FUND,Political Committee,145.58,2025-06-30 00:00:00,Actblue Technical Services,Somerville,MA,02144,Fundraising Expenses,Credit Card Processing Fees
MESA VALLEY EDUCATION ASSOCIATION SDC,Small Donor Committee,5000.0,2025-06-30 00:00:00,Kaci Cole For D51 School Board,Grand Junction,CO,81504,Contributions,Contribution To The Candidate
MONICA PAC,Political Committee,2.0,2025-06-30 00:00:00,,,,,Bank Fees,
NAIOP COLORADO PAC,Political Committee,15.0,2025-06-30 00:00:00,1Stbank Of Denver,Denver,CO,80202,Bank Fees,
NAIOP COLORADO SMALL DONOR COMMITTEE,Small Donor Committee,15.0,2025-06-30 00:00:00,1Stbank Of Denver,Denver,CO,80202,Bank Fees,
NURSES FOR POLITCAL ACTION IN COLORADO (N-PAC),Political Committee,10.0,2025-06-30 00:00:00,Umb Bank,Denver,CO,80218,Bank Fees,
ODOPAC,Political Committee,2.0,2025-06-30 00:00:00,First Bank,Thornton,CO,80233,Bank Fees,
ORALE FUND,Political Committee,2.0,2025-06-30 00:00:00,Firstbank,Denver,CO,80203,Bank Fees,
PAC (POLITICAL ACTION COMMITTEE) TO THE FUTURE,Political Committee,2.0,2025-06-30 00:00:00,Firstbank,Lakewood,CO,80215,Bank Fees,
PIKES PEAK SMALL DONOR COMMITTEE (PPSDC),Small Donor Committee,500.0,2025-06-30 00:00:00,H Withers Campaign,Colorado Springs,CO,80922-1616,Contributions,
PROGRESSIVE VALUES SDC,Small Donor Committee,196.63,2025-06-30 00:00:00,Actblue,Cambridge,MA,02138,Fundraising Expenses,"Actblue Fees Paid But Not Unaccounted For  In Prior Years:
$73.63 In 2018
$61.92 In 2019
$4.74 In 2020
$0.36 In 2021
$18.98 In 2022"
REALTOR SMALL DONOR COMMITTEE (RSDC),Small Donor Committee,25.0,2025-06-30 00:00:00,Firstbank,Lakewood,CO,80215,Bank Fees,Bank Fee
REBEKAH STEWART FOR COLORADO,Political Committee,3.29,2025-06-30 00:00:00,Actblue,Somerville,MA,02144,Bank Fees,Actblue Fees
REBEKAH STEWART FOR COLORADO,Political Committee,50.0,2025-06-30 00:00:00,Bird For Colorado,Redacted By Sos,CO,99999,Contributions,
SHEILA FOR COLORADO LEADERSHIP FUND,Political Committee,2.0,2025-06-30 00:00:00,First Bank,Lakewood,CO,80232,Bank Fees,Fee For Debit Card
SNYDER FOR COLORADO LEADERSHIP FUND,Political Committee,2.0,2025-06-30 00:00:00,First Bank,Lakewood,CO,80215,Bank Fees,
STRENGTHENING OPPORTUNITIES FOR COLORADANS (SOCO) PAC,Political Committee,800.0,2025-06-30 00:00:00,Bridges For Colorado Treasurer,Redacted By Sos,CO,99999,Contributions,
SULLY'S ACTION FUND,Small Donor Committee,35.68,2025-06-30 00:00:00,Act Blue,Somerville,MA,02138,Fundraising Expenses,Act Blue Expenses From 04/01/2025 Through 06/30/2025
SULLY'S LEADERSHIP FUND,Political Committee,8.35,2025-06-30 00:00:00,Act Blue,Somerville,MA,02144,Fundraising Expenses,
TAKE COLO BACK POLITICAL COMM,Political Committee,2.0,2025-06-30 00:00:00,First Bank,Brighton,CO,80601,Bank Fees,
THE COLEMAN LEADERSHIP FUND,Political Committee,4.0,2025-06-30 00:00:00,1St Bank,Denver,CO,80249,Bank Fees,
VOICES FOR CHOICE SMALL DONOR COMMITTEE,Small Donor Committee,2.0,2025-06-30 00:00:00,,,,,Bank Fees,Bank Fees
WARRIOR PAC,Political Committee,133.43,2025-06-30 00:00:00,Actblue Technical Services,Somerville,MA,02144,Fundraising Expenses,
WOMEN'S ACTION MAJORITY,Political Committee,-25.0,2025-06-30 00:00:00,Colorado Democratic Party,Denver,CO,80203,Returned Expenditure,Never Cashed
WOOG PAC,Political Committee,2.0,2025-06-30 00:00:00,First Bank North,Arvada,CO,80006,Bank Fees,
YARA LEADERSHIP FUND,Political Committee,2.2,2025-06-30 00:00:00,Actblue,Somerville,MA,02144,Fundraising Expenses,
ZENPAC,Political Committee,50.0,2025-06-30 00:00:00,Brianna For Treasurer,Redacted By Sos,CO,99999,Contributions,
ZENPAC,Political Committee,50.0,2025-06-30 00:00:00,Citizens To Elect Jerry Ditullio,Denver,CO,80212,Contributions,
ZENPAC,Political Committee,25.0,2025-06-30 00:00:00,John Alge,Thornton,CO,80229,Contributions,
ZENPAC,Political Committee,100.0,2025-06-30 00:00:00,Alexis For Colorado,Redacted By Sos,CO,99999,Contributions,
ZENPAC,Political Committee,1450.0,2025-06-30 00:00:00,Bridges For Colorado Treasurer,Redacted By Sos,CO,99999,Contributions,
BOULDER VALLEY EDUCATION ASSOCIATION SMALL DONOR COMMITTEE,Small Donor Committee,6200.0,2025-07-01 00:00:00,,,,,Other,Contribution To William For Colorado Campaign
COLORADO CENTER PARTY CENTRAL COMMITTEE,Political Party Committee,12.52,2025-07-01 00:00:00,Digital Ocean,New York,NY,10013,Miscellaneous,
COLORADO ENERGY FUTURE POLITICAL ACTION COMMITTEE,Political Committee,450.0,2025-07-01 00:00:00,Duran For Colorado,Superior,CO,80027,Other,Contribution To Committee
CREATING LEADERS PAC,Political Committee,450.0,2025-07-01 00:00:00,Valerie M Beck,Wheat Ridge,CO,80033,Contributions,
FENBERG LEADERSHIP FUND,Political Committee,49.67,2025-07-01 00:00:00,Google,Mountain View,CA,94035,Other,Email
GREEN PARTY OF COLORADO,Political Party Committee,0.84,2025-07-01 00:00:00,Paypal,San Jose,CA,95131,Bank Fees,
HOST-PAC (COLORADO RESTAURANT ASSOCIATION),Political Committee,349.47,2025-07-01 00:00:00,Heartland Payment Systems,Princeton,NJ,08542,Bank Fees,
KAREN FOR CO LEADERSHIP PAC,Political Committee,750.0,2025-07-01 00:00:00,Bridges For Colorado Treasurer,Redacted By Sos,CO,99999,Contributions,
LIBERTARIAN PARTY OF COLORADO (LPCO),Political Party Committee,1.03,2025-07-01 00:00:00,Stripe.Com,South San Francisco,CA,94080,Bank Fees,Credit Card Fees
LUNDEEN LEADERSHIP FUND,Political Committee,21.6,2025-07-01 00:00:00,Google,Moutain Views,CA,94043,Other,6410 ∑ Registration & Hosting
LUNDEEN LEADERSHIP FUND,Political Committee,85.75,2025-07-01 00:00:00,Sierra Restaurant,Lone Tree,CO,80124,Other,6800 ∑ Meeting Expense
MCCLUSKIE FOR COLORADO LEADERSHIP FUND,Political Committee,750.0,2025-07-01 00:00:00,Shannon Bird For Congress,Westminster,CO,80035,Contributions,
ODOPAC,Political Committee,50.0,2025-07-01 00:00:00,Anne Keke For Kids,Aurora,CO,80017,Contributions,
ODOPAC,Political Committee,30.0,2025-07-01 00:00:00,First Bank,Thornton,CO,80233,Bank Fees,
ROCKY MOUNTAIN HOME ASSOCIATION PAC (CMHA PAC FUND),Political Committee,12.0,2025-07-01 00:00:00,Pnc Bank,Pittsburg,PA,15222,Bank Fees,
STAND UP PAC,Political Committee,1000.0,2025-07-01 00:00:00,Jena For Colorado,Redacted,CO,00000,Contributions,Contribution
THE COLEMAN LEADERSHIP FUND,Political Committee,450.0,2025-07-01 00:00:00,Junie  Joseph,Boulder,CO,80305,Contributions,
THE COLEMAN LEADERSHIP FUND,Political Committee,1450.0,2025-07-01 00:00:00,Jeff  Bridges,Redacted By Sos,CO,99999,Contributions,
THE COLEMAN LEADERSHIP FUND,Political Committee,1.03,2025-07-01 00:00:00,Patreon,Pali Alto,CA,94306,Other,Subscription
THE COLEMAN LEADERSHIP FUND,Political Committee,82.96,2025-07-01 00:00:00,Actblue,Somerville,MA,02144,Bank Fees,Actblue Fees
THE HOME DEPOT INC. POLITICAL ACTION COMMITTEE,Political Committee,-225.0,2025-07-01 00:00:00,Armagost For Hd64,Redacted By Sos,CO,99999,Returned Expenditure,Voided Check
THE HOME DEPOT INC. POLITICAL ACTION COMMITTEE,Political Committee,-225.0,2025-07-01 00:00:00,Armagost For Hd64,Redacted By Sos,CO,99999,Returned Expenditure,Voided Check
THE NEXT 50 PAC - COLORADO,Political Committee,1450.0,2025-07-01 00:00:00,Jena For Colorado,Redacted By Sos,CO,99999,Contributions,Contribution
BUILDING OWNERS AND MANAGERS ASSOCIATION POLITICAL COMMITTEE (BOMA),Political Committee,20.0,2025-07-02 00:00:00,Denver Metro Boma,Denver,CO,80202,Bank Fees,
COLORADO BIOSCIENCE PAC,Political Committee,20.0,2025-07-02 00:00:00,Wells Fargo Bank,Denver,CO,80203,Bank Fees,
COLORADO DEMOCRATIC PARTY,Political Party Committee,22.5,2025-07-02 00:00:00,Firstbank,Lakewood,CO,80215,Bank Fees,Bank Fees
COLORADO DEMOCRATIC PARTY,Political Party Committee,450.0,2025-07-02 00:00:00,Numero,Irvine,CA,92618,Other,Software License Fee
COLORADO HEALTH CARE ASSOCIATION PC,Political Committee,5000.0,2025-07-02 00:00:00,All Together Colorado,Denver,CO,80206,Contributions,
HOST-PAC (COLORADO RESTAURANT ASSOCIATION),Political Committee,11.25,2025-07-02 00:00:00,Authorize.Net,American Forks,UT,84003,Bank Fees,
LIBERTARIAN PARTY OF COLORADO (LPCO),Political Party Committee,4.12,2025-07-02 00:00:00,Stripe.Com,South San Francisco,CA,94080,Bank Fees,Credit Card Fees
MEGHAN LUKENS FOR CO LEADERSHIP PAC,Political Committee,1000.0,2025-07-02 00:00:00,Shannon Bird For Congress,Westminister,CO,80035,Contributions,Federal Candidate
MONICA PAC,Political Committee,100.0,2025-07-02 00:00:00,Jeslin 4 Lakewood,Lakewood,CO,80226,Contributions,
MONICA PAC,Political Committee,55.54,2025-07-02 00:00:00,Stylus And Crate,Wheat Ridge,CO,80033,"Food, Beverages and Meals",
PAC (POLITICAL ACTION COMMITTEE) TO THE FUTURE,Political Committee,100.0,2025-07-02 00:00:00,Val With Colorado,Wheat Ridge,CO,80033,Contributions,
ROBERTS LEADERSHIP FUND,Political Committee,344.92,2025-07-02 00:00:00,United Airlines,Chicago,IL,60606,Travel & Lodging,
ROBERTS LEADERSHIP FUND,Political Committee,670.92,2025-07-02 00:00:00,Loews Coronado Hotel,Coronado,CA,92118,Travel & Lodging,
VALDEZ FOR COLORADO RAINBOW FUND,Political Committee,15.14,2025-07-02 00:00:00,Google Suite,Mountain View,CA,94043,Office Equipment & Supplies,
DEMOCRATIC PARTY CONGRESSIONAL DISTRICT 4 COLORADO,Political Party Committee,-0.96,2024-07-03 00:00:00,Bank Transfer - Us Bank Accounts,Parker,CO,80134,Bank Fees,Offset Due To Update Of Filed Item - Debit Card Processing Fee/Canada
DEMOCRATIC PARTY CONGRESSIONAL DISTRICT 4 COLORADO,Political Party Committee,0.96,2024-07-03 00:00:00,Us Bank,Parker,CO,80134,Bank Fees,Debit Card Processing Fee/Canada
COLORADO CENTER PARTY CENTRAL COMMITTEE,Political Party Committee,2.0,2025-07-03 00:00:00,Meta,Menlo Park,CA,94025,Miscellaneous,
COLORADO DEMOCRATIC PARTY,Political Party Committee,20.85,2025-07-03 00:00:00,Firstbank,Lakewood,CO,80215,Bank Fees,Bank Fees
COLORADO DEMOCRATIC PARTY,Political Party Committee,53.83,2025-07-03 00:00:00,Firstbank,Lakewood,CO,80215,Bank Fees,Bank Fees
COLORADO DEMOCRATIC PARTY,Political Party Committee,0.28,2025-07-03 00:00:00,Firstbank,Lakewood,CO,80215,Bank Fees,Bank Fees
COLORADO DEMOCRATIC PARTY,Political Party Committee,1223.58,2025-07-03 00:00:00,Paychex,Norristown,PA,19403,Employee Services,Payroll Taxes
COLORADO DEMOCRATIC PARTY,Political Party Committee,2672.29,2025-07-03 00:00:00,Chris P Rork,Denver,CO,80222,Employee Services,Salary
KAREN FOR CO LEADERSHIP PAC,Political Committee,200.0,2025-07-03 00:00:00,Susie For Longmont,Longmont,CO,80503,Contributions,
LIBERTARIAN PARTY OF COLORADO (LPCO),Political Party Committee,225.0,2025-07-03 00:00:00,Jonathan M Jacobs,Philadelphia,PA,19151,Consultant & Professional Services,Parliamentary Consultant
LIBERTARIAN PARTY OF COLORADO (LPCO),Political Party Committee,49.95,2025-07-03 00:00:00,Merch Bnkcd Sd Fee,Thousand Oaks,CA,91361,Bank Fees,Bank Fees
LIBERTARIAN PARTY OF COLORADO (LPCO),Political Party Committee,0.81,2025-07-03 00:00:00,Stripe.Com,South San Francisco,CA,94080,Bank Fees,Credit Card Fees
LIBERTARIAN PARTY OF COLORADO (LPCO),Political Party Committee,138.1,2025-07-03 00:00:00,Vistaprint,Waltham,MA,02451,Office Equipment & Supplies,Postcard - Call To Convention
LIBERTARIAN PARTY OF COLORADO (LPCO),Political Party Committee,130.68,2025-07-03 00:00:00,Vistaprint,Waltham,MA,02451,Office Equipment & Supplies,Postcard - Call To Convention
MONICA PAC,Political Committee,12.0,2025-07-03 00:00:00,,,,,Bank Fees,
PUBLIC EDUCATION COMMITTEE,Small Donor Committee,4100.0,2025-07-03 00:00:00,Kaci Cole For D51 School Board,Grand Junction,CO,81504,Contributions,Candidate Contribution
PUBLIC EDUCATION COMMITTEE,Small Donor Committee,400.0,2025-07-03 00:00:00,Amy Klein Molk Political Campaign,Denver,CO,80220,Other,In-Kind Of Voter File Access
PUBLIC EDUCATION COMMITTEE,Small Donor Committee,400.0,2025-07-03 00:00:00,Dj For Denver,Denver,CO,80224,Other,In-Kind Of Voter File Access
PUBLIC EDUCATION COMMITTEE,Small Donor Committee,1500.0,2025-07-03 00:00:00,Spain For Psd Board,Wellington,CO,80549,Contributions,Candidate Contribution
PUBLIC EDUCATION COMMITTEE,Small Donor Committee,1500.0,2025-07-03 00:00:00,Coronda Ziegler For Psd School Board,Fort Collins,CO,80521,Contributions,Candidate Contribution
PUBLIC EDUCATION COMMITTEE,Small Donor Committee,1500.0,2025-07-03 00:00:00,Karla For Poudre School District Board Of District,Fort Collins,CO,80524,Contributions,Candidate Contribution
PUBLIC EDUCATION COMMITTEE,Small Donor Committee,400.0,2025-07-03 00:00:00,Charles 4 D11,Colorado Springs,CO,80910,Other,In-Kind Of Voter File Access
PUBLIC EDUCATION COMMITTEE,Small Donor Committee,400.0,2025-07-03 00:00:00,Elect Michael Carsten,Redacted By Sos,CO,99999,Other,In-Kind Of Voter File Access
PUBLIC EDUCATION COMMITTEE,Small Donor Committee,400.0,2025-07-03 00:00:00,Leann 4 D11,Colorado Springs,CO,80903,Other,In-Kind Of Voter File Access
COLORADO CENTER PARTY CENTRAL COMMITTEE,Political Party Committee,3.0,2025-07-04 00:00:00,Meta,Menlo Park,CA,94025,Miscellaneous,
LIBERTARIAN PARTY OF COLORADO (LPCO),Political Party Committee,122.25,2025-07-04 00:00:00,Denver Post,Denver,CO,80202,Advertising,Notice To Convention
COLORADO CENTER PARTY CENTRAL COMMITTEE,Political Party Committee,4.0,2025-07-05 00:00:00,Meta,Menlo Park,CA,94025,Miscellaneous,
KAREN FOR CO LEADERSHIP PAC,Political Committee,32.59,2025-07-05 00:00:00,Act Blue Non Federal,Somerville,MA,02144,Bank Fees,Act Blue Fees
KAREN FOR CO LEADERSHIP PAC,Political Committee,100.0,2025-07-05 00:00:00,Popkin For Longmont,Longmont,CO,80501,Contributions,
MCCLUSKIE FOR COLORADO LEADERSHIP FUND,Political Committee,450.0,2025-07-05 00:00:00,Jillaire For Hd19,Redacted By Sos,CO,99999,Contributions,
ADAMS EDUCATORS FOR PUBLIC EDUCATION,Small Donor Committee,77.89,2025-07-06 00:00:00,,,,,Other,Intuit
COLORADO CENTER PARTY CENTRAL COMMITTEE,Political Party Committee,5.0,2025-07-06 00:00:00,Meta,Menlo Park,CA,94025,Miscellaneous,
LESLIE HEROD'S BOLDLY FORWARD PAC,Political Committee,6.73,2025-07-06 00:00:00,Act Blue,Somerville,MA,02144,Fundraising Expenses,
COLORADO CENTER PARTY CENTRAL COMMITTEE,Political Party Committee,6.0,2025-07-07 00:00:00,Meta,Menlo Park,CA,94025,Miscellaneous,
"COLORADO CHIROPRACTIC PAC (CCA, CC-PAC)",Political Committee,9.33,2025-07-07 00:00:00,8Am Affinipay,Austin,TX,78746,Bank Fees,
COLORADO DEMOCRATIC PARTY,Political Party Committee,75.71,2025-07-07 00:00:00,Google,Mountain View,CA,94043,Office Equipment & Supplies,Software Subscription
COLORADO DEMOCRATIC PARTY,Political Party Committee,130.44,2025-07-07 00:00:00,Google,Mountain View,CA,94043,Office Equipment & Supplies,Software Subscription
COLORADO FORWARD PARTY COMMITTEE,Political Party Committee,61.8,2025-07-07 00:00:00,Meta Corporation,Menlo Park,CA,94025,Advertising,Meta Party Advertising
CONSTITUTIONAL CONSERVATIVE PAC,Political Committee,192.6,2025-07-07 00:00:00,Sws Polifi Llc,Fort Lupton,CO,80621,Consultant & Professional Services,
"ELEVANCE HEALTH, INC. POLITICAL ACTION COMMITTEE (ELEVANCE HEALTH PAC)",Political Committee,225.0,2025-07-07 00:00:00,Kyle Mullica For Sd 24,Thornton,CO,80602,Contributions,Primary 2026
"ELEVANCE HEALTH, INC. POLITICAL ACTION COMMITTEE (ELEVANCE HEALTH PAC)",Political Committee,225.0,2025-07-07 00:00:00,Woog For House District 19,Frederick,CO,80530,Contributions,Primary 2026
"ELEVANCE HEALTH, INC. POLITICAL ACTION COMMITTEE (ELEVANCE HEALTH PAC)",Political Committee,225.0,2025-07-07 00:00:00,Woog For House District 19,Frederick,CO,80530,Contributions,General 2026
"ELEVANCE HEALTH, INC. POLITICAL ACTION COMMITTEE (ELEVANCE HEALTH PAC)",Political Committee,225.0,2025-07-07 00:00:00,Committee To Elect Amy Paschal,Redacted By Sos,CO,99999,Contributions,Primary 2026
"ELEVANCE HEALTH, INC. POLITICAL ACTION COMMITTEE (ELEVANCE HEALTH PAC)",Political Committee,225.0,2025-07-07 00:00:00,Gretchen For Colorado,Redacted By Sos,CO,99999,Contributions,Primary 2026
"ELEVANCE HEALTH, INC. POLITICAL ACTION COMMITTEE (ELEVANCE HEALTH PAC)",Political Committee,225.0,2025-07-07 00:00:00,Feret Forward,Arvada,CO,80003,Contributions,Primary 2026
"ELEVANCE HEALTH, INC. POLITICAL ACTION COMMITTEE (ELEVANCE HEALTH PAC)",Political Committee,225.0,2025-07-07 00:00:00,Friends Of Jacque Phillips,Redacted By Sos,CO,99999,Contributions,Primary 2026
"ELEVANCE HEALTH, INC. POLITICAL ACTION COMMITTEE (ELEVANCE HEALTH PAC)",Political Committee,225.0,2025-07-07 00:00:00,Matt Ball For Colorado,Denver,CO,80203,Contributions,Primary 2026
"ELEVANCE HEALTH, INC. POLITICAL ACTION COMMITTEE (ELEVANCE HEALTH PAC)",Political Committee,225.0,2025-07-07 00:00:00,Max Brooks For Colorado Committee,Redacted By Sos,CO,99999,Contributions,Primary 2026
"ELEVANCE HEALTH, INC. POLITICAL ACTION COMMITTEE (ELEVANCE HEALTH PAC)",Political Committee,225.0,2025-07-07 00:00:00,Elect Jarvis Caldwell,Colorado Springs,CO,80908,Contributions,Primary 2026
"ELEVANCE HEALTH, INC. POLITICAL ACTION COMMITTEE (ELEVANCE HEALTH PAC)",Political Committee,225.0,2025-07-07 00:00:00,Committee To Elect Rod Pelton,Cheyenne Wells,CO,80810,Contributions,Primary 2026
"ELEVANCE HEALTH, INC. POLITICAL ACTION COMMITTEE (ELEVANCE HEALTH PAC)",Political Committee,225.0,2025-07-07 00:00:00,Brandi Bradley For Colorado House District 39,Littleton,CO,80125,Contributions,Primary 2026
"ELEVANCE HEALTH, INC. POLITICAL ACTION COMMITTEE (ELEVANCE HEALTH PAC)",Political Committee,225.0,2025-07-07 00:00:00,William For Colorado,Redacted By Sos,CO,99999,Contributions,Primary 2026
"ELEVANCE HEALTH, INC. POLITICAL ACTION COMMITTEE (ELEVANCE HEALTH PAC)",Political Committee,225.0,2025-07-07 00:00:00,William For Colorado,Redacted By Sos,CO,99999,Contributions,General 2026
"ELEVANCE HEALTH, INC. POLITICAL ACTION COMMITTEE (ELEVANCE HEALTH PAC)",Political Committee,225.0,2025-07-07 00:00:00,Weinberg For Colorado,Loveland,CO,80538,Contributions,General 2026
"ELEVANCE HEALTH, INC. POLITICAL ACTION COMMITTEE (ELEVANCE HEALTH PAC)",Political Committee,225.0,2025-07-07 00:00:00,Weinberg For Colorado,Loveland,CO,80538,Contributions,Primary 2026
"ELEVANCE HEALTH, INC. POLITICAL ACTION COMMITTEE (ELEVANCE HEALTH PAC)",Political Committee,225.0,2025-07-07 00:00:00,Gilchrist For Colorado Leadership Pac,Redacted By Sos,CO,99999,Contributions,2025 Contribution
"ELEVANCE HEALTH, INC. POLITICAL ACTION COMMITTEE (ELEVANCE HEALTH PAC)",Political Committee,225.0,2025-07-07 00:00:00,Exum Leadership Fund,Redacted By Sos,CO,99999,Contributions,2025 Contribution
"ELEVANCE HEALTH, INC. POLITICAL ACTION COMMITTEE (ELEVANCE HEALTH PAC)",Political Committee,225.0,2025-07-07 00:00:00,Committee To Elect Katie Stewart,Redacted By Sos,CO,99999,Contributions,Primary 2026
"ELEVANCE HEALTH, INC. POLITICAL ACTION COMMITTEE (ELEVANCE HEALTH PAC)",Political Committee,225.0,2025-07-07 00:00:00,Cecelia4Colorado,Denver,CO,80212,Contributions,Primary 2206
"ELEVANCE HEALTH, INC. POLITICAL ACTION COMMITTEE (ELEVANCE HEALTH PAC)",Political Committee,225.0,2025-07-07 00:00:00,Camacho For Colorado,Redacted By Sos,CO,99999,Contributions,Primary 2026
"ELEVANCE HEALTH, INC. POLITICAL ACTION COMMITTEE (ELEVANCE HEALTH PAC)",Political Committee,225.0,2025-07-07 00:00:00,Lori Garcia Sander For Hd 65,Redacted By Sos,CO,99999,Contributions,Primary 2026
"ELEVANCE HEALTH, INC. POLITICAL ACTION COMMITTEE (ELEVANCE HEALTH PAC)",Political Committee,225.0,2025-07-07 00:00:00,Kyle For Colorado,Louisville,CO,80027,Contributions,General 2026
"ELEVANCE HEALTH, INC. POLITICAL ACTION COMMITTEE (ELEVANCE HEALTH PAC)",Political Committee,225.0,2025-07-07 00:00:00,Kyle For Colorado,Louisville,CO,80027,Contributions,Primary 2026
"ELEVANCE HEALTH, INC. POLITICAL ACTION COMMITTEE (ELEVANCE HEALTH PAC)",Political Committee,225.0,2025-07-07 00:00:00,Bob 4 Colorado,Highlands Ranch,CO,80126,Contributions,Primary 2026
"ELEVANCE HEALTH, INC. POLITICAL ACTION COMMITTEE (ELEVANCE HEALTH PAC)",Political Committee,225.0,2025-07-07 00:00:00,Rebekah Stewart For Colorado,Redacted By Sos,CO,99999,Contributions,Primary 2026
"ELEVANCE HEALTH, INC. POLITICAL ACTION COMMITTEE (ELEVANCE HEALTH PAC)",Political Committee,225.0,2025-07-07 00:00:00,Rebekah Stewart For Colorado,Redacted By Sos,CO,99999,Contributions,General 2026
"ELEVANCE HEALTH, INC. POLITICAL ACTION COMMITTEE (ELEVANCE HEALTH PAC)",Political Committee,225.0,2025-07-07 00:00:00,Committee To Elect Keltie,Redacted By Sos,CO,99999,Contributions,Primary 2026
INVESTHER,Political Committee,26.5,2025-07-07 00:00:00,Squarespace Inc.,New York,NY,10014,Other,Website & Email Hosting
LIBERTARIAN PARTY OF COLORADO (LPCO),Political Party Committee,1.3,2025-07-07 00:00:00,Anedot,New Orleans,LA,70112,Bank Fees,Credit Cards Fees
LIBERTARIAN PARTY OF COLORADO (LPCO),Political Party Committee,2.06,2025-07-07 00:00:00,Stripe.Com,South San Francisco,CA,94080,Bank Fees,Credit Card Fees
EDIE HOOTON LEADERSHIP FUND,Political Committee,425.0,2025-07-08 00:00:00,Cutter For Jeffco,Redacted By Sos,CO,99999,Contributions,
LIBERTARIAN PARTY OF COLORADO (LPCO),Political Party Committee,4.74,2025-07-08 00:00:00,Stripe.Com,South San Francisco,CA,94080,Bank Fees,Credit Card Fees
COLORADO CENTER PARTY CENTRAL COMMITTEE,Political Party Committee,7.0,2025-07-09 00:00:00,Meta,Menlo Park,CA,94025,Miscellaneous,
LIBERTARIAN PARTY OF COLORADO (LPCO),Political Party Committee,4.9,2025-07-09 00:00:00,Anedot,New Orleans,LA,70112,Bank Fees,Credit Cards Fees
LIBERTARIAN PARTY OF COLORADO (LPCO),Political Party Committee,12.7,2025-07-09 00:00:00,Stripe.Com,South San Francisco,CA,94080,Bank Fees,Credit Card Fees
MANNY RUTINEL LEADERSHIP FUND,Political Committee,15.0,2025-07-09 00:00:00,State Of Colorado,Denver,CO,80203,Other,Capitol Gym
SONYA FOR DEMS (DEMOCRATS),Political Committee,800.0,2025-07-09 00:00:00,Colorado Pride Alliance,Aurora,CO,80010,Contributions,
THE COLEMAN LEADERSHIP FUND,Political Committee,28.64,2025-07-09 00:00:00,Actblue,Somerville,MA,02144,Bank Fees,
THE COLEMAN LEADERSHIP FUND,Political Committee,0.99,2025-07-09 00:00:00,Actblue,Somerville,MA,02144,Bank Fees,
THE COLEMAN LEADERSHIP FUND,Political Committee,64.2,2025-07-09 00:00:00,King Soopers,Denver,CO,80218,"Food, Beverages and Meals",
BLUE LINE ADVOCATES PAC,Political Committee,300.0,2025-07-10 00:00:00,Sarah B Jack & Associates,Colorado Springs,CO,80906,Consultant & Professional Services,
COLORADO COMMITTEE OF AUTO RETAILERS (COLO C.A.R.),Political Committee,1000.0,2025-07-10 00:00:00,Colorado Chamber 527 Political Organization,Denver,CO,80290,Contributions,
COLORADO DENTAL PAC (CODPAC),Political Committee,3500.0,2025-07-10 00:00:00,,,,,Other,Cancelled Membership Payments And Refunds To Members
GLAXOSMITHKLINE LLC PAC (GSK PAC),Political Committee,450.0,2025-07-10 00:00:00,Committee To Elect Barbara Kirkmeyer To State Senate,Brighton,CO,80603,Contributions,2028 Primary & General
GLAXOSMITHKLINE LLC PAC (GSK PAC),Political Committee,450.0,2025-07-10 00:00:00,Dusty For Colorado,Redacted By Sos,CO,99999,Contributions,2026 Primary & General
GLAXOSMITHKLINE LLC PAC (GSK PAC),Political Committee,450.0,2025-07-10 00:00:00,Gonzalez For 50,Greeley,CO,80634,Contributions,2026 Primary & General
GLAXOSMITHKLINE LLC PAC (GSK PAC),Political Committee,450.0,2025-07-10 00:00:00,Hartsook For House,Redacted By Sos,CO,99999,Contributions,2026 Primary & General
GLAXOSMITHKLINE LLC PAC (GSK PAC),Political Committee,450.0,2025-07-10 00:00:00,Carson For State Senate,Highlands Ranch,CO,80130-9998,Contributions,2026 Primary & General
GLAXOSMITHKLINE LLC PAC (GSK PAC),Political Committee,450.0,2025-07-10 00:00:00,Katie For Colorado,Redacted By Sos,CO,99999,Contributions,2026 Primary & General
GLAXOSMITHKLINE LLC PAC (GSK PAC),Political Committee,450.0,2025-07-10 00:00:00,Lieder For Colorado,Redacted By Sos,CO,99999,Contributions,2026 Primary & General
GLAXOSMITHKLINE LLC PAC (GSK PAC),Political Committee,450.0,2025-07-10 00:00:00,Lori Garcia Sander For Hd 65,Redacted By Sos,CO,99999,Contributions,2026 Primary & General
GLAXOSMITHKLINE LLC PAC (GSK PAC),Political Committee,450.0,2025-07-10 00:00:00,Matt Ball For Colorado,Denver,CO,80203,Contributions,2026 Primary & General
HOOD LEADERSHIP PAC,Political Committee,125.0,2025-07-10 00:00:00,Douglas County Democratic Party,Highlands Ranch,CO,80130,Contributions,Ticket Purchase
LIBERTARIAN PARTY OF COLORADO (LPCO),Political Party Committee,6.2,2025-07-10 00:00:00,Anedot,New Orleans,LA,70112,Bank Fees,Credit Cards Fees
LIBERTARIAN PARTY OF COLORADO (LPCO),Political Party Committee,30.45,2025-07-10 00:00:00,Fdms,Greenwood Village,CO,80111,Bank Fees,Service Fees
LIBERTARIAN PARTY OF COLORADO (LPCO),Political Party Committee,30.0,2025-07-10 00:00:00,The Denver Gazette,Denver,CO,80202,Advertising,
PUBLIC EDUCATION COMMITTEE,Small Donor Committee,2167.0,2025-07-10 00:00:00,Tina For Jeffco Schools,Redacted By Sos,CO,99999,Contributions,Candidate Contribution
PUBLIC EDUCATION COMMITTEE,Small Donor Committee,2167.0,2025-07-10 00:00:00,Peter For Jeffco Schools,Redacted By Sos,CO,99999,Contributions,Candidate Contribution
PUBLIC EDUCATION COMMITTEE,Small Donor Committee,500.0,2025-07-10 00:00:00,Friends Of Maria D. Zubia,Commerce City,CO,80022,Contributions,Candidate Contribution
PUBLIC EDUCATION COMMITTEE,Small Donor Committee,500.0,2025-07-10 00:00:00,Janet Estrada For Adams 14,Commerce City,CO,80022,Contributions,Candidate Contribution
PUBLIC EDUCATION COMMITTEE,Small Donor Committee,2000.0,2025-07-10 00:00:00,Dj For Denver,Denver,CO,80224,Contributions,Candidate Contribution
PUBLIC EDUCATION COMMITTEE,Small Donor Committee,2000.0,2025-07-10 00:00:00,Amy Klein Molk Political Campaign,Denver,CO,80220,Contributions,Candidate Contribution
ATMOS ENERGY CORPORATION PAC,Political Committee,5000.0,2025-07-11 00:00:00,Senate Majority Fund,Denver,CO,80205,Contributions,Contribution To 527 Political Committee
BLUE LINE ADVOCATES SDC,Small Donor Committee,7500.0,2025-07-11 00:00:00,Friends To Elect Joe Roybal,Redacted By Sos,CO,80000,Contributions,Campaign Contribtuion
CATERPILLAR INC. POLITICAL ACTION COMMITTEE (CATPAC),Political Committee,-450.0,2025-07-11 00:00:00,Committee To Elect Marc Snyder,Manitou Springs,CO,80829,Returned Expenditure,Voided: Original Check Dated 09/30/24
CATLIN PAC,Political Committee,400.0,2025-07-11 00:00:00,Strategic Compliance Llc,Denver,CO,80205,Consultant & Professional Services,
COLIN PAC,Political Committee,200.0,2025-07-11 00:00:00,Mark Baisley For Colorado,Woodland Park,CO,80863,Contributions,
COLORADO CREDIT UNION POLITICAL ACTION COMMITTEE,Political Committee,450.0,2025-07-11 00:00:00,Gena Ozols For Hd3,Redacted By Sos,CO,99999,Contributions,
COLORADO DEMOCRATIC PARTY,Political Party Committee,200.85,2025-07-11 00:00:00,Rebecca A Bean,Thornton,CO,80229,Other,"Reimbursement For Parking, Meals"
COLORADO DEMOCRATIC PARTY,Political Party Committee,516.59,2025-07-11 00:00:00,Jared  Bynum,Aurora,CO,80012,"Food, Beverages and Meals","Reimbursement For Catering, Serving Ware"
COLORADO DEMOCRATIC PARTY,Political Party Committee,27.86,2025-07-11 00:00:00,Mailchimp,Atlanta,GA,30308,Other,Subscription Fee
COLORADO INTELLECTUAL AND DEVELOPMENTAL DISABILITY ALLIANCE,Political Committee,5.0,2025-07-11 00:00:00,Joshua J Rael,Denver,CO,80205,Other,Sos Trademark Fee
COLORADO MEDICAL SOCIETY SMALL DONOR COMMITTEE,Small Donor Committee,81.96,2025-07-11 00:00:00,Wells Fargo Bank,Portland,OR,97228,Bank Fees,
DOCTORS COMPANY COLORADO PAC (COLORADO DOCPAC),Political Committee,77.32,2025-07-11 00:00:00,Wells Fargo,Santa Rosa,CA,95401,Bank Fees,Monthly Bank Fee
FRIENDS OF COLORADO HOSPITALS (F/K/A HOSPITALS EXPRESS LEGISLATIVE PREFERENCE),Political Committee,108.27,2025-07-11 00:00:00,,,,,Bank Fees,July Bank Fees
LESLEY FOR COLORADO DATA FIRST FUND,Political Committee,225.0,2025-07-11 00:00:00,Ilana  Spiegel,Redacted By Sos,CO,99999,Contributions,
LESLEY FOR COLORADO DATA FIRST FUND,Political Committee,225.0,2025-07-11 00:00:00,Jillaire  Mcmillan,Redacted By Sos,CO,99999,Contributions,
LIBERTARIAN PARTY OF COLORADO (LPCO),Political Party Committee,1.03,2025-07-11 00:00:00,Stripe.Com,South San Francisco,CA,94080,Bank Fees,Credit Card Fees
WILEY WILL PAC,Political Committee,400.0,2025-07-11 00:00:00,Strategic Compliance,Denver,CO,80205,Consultant & Professional Services,
CREATING LEADERS PAC,Political Committee,250.0,2025-07-12 00:00:00,Joan  Anderssen,Centennial,CO,80121,Contributions,
LIBERTARIAN PARTY OF COLORADO (LPCO),Political Party Committee,64.95,2025-07-12 00:00:00,Clover App,Sunnyvale,CA,94085,Bank Fees,Service Fees
LIBERTARIAN PARTY OF COLORADO (LPCO),Political Party Committee,1.0,2025-07-12 00:00:00,Mail Chimp,Atlanta,GA,30308,Advertising,
WEISSMAN LEADERSHIP FUND,Political Committee,-450.0,2025-07-12 00:00:00,Vote Vivian,Durango,CO,81301,Returned Expenditure,This Contribution Made Last Cycle Was Never Deposited By The Recipient Committee.
COLORADO FARM BUREAU POLITICAL COMMITTEE,Political Committee,1.3,2025-07-13 00:00:00,Anedot Inc.,New Orleans,LA,70112,Other,Transaction Fee
COLORADO WORKING FAMILIES PARTY SMALL DONOR COMMITTEE,Small Donor Committee,1.1,2025-07-13 00:00:00,Actblue Technical Services,Somerville,MA,02144,Fundraising Expenses,
GRISWOLD LEADERSHIP PAC,Political Committee,57.28,2025-07-13 00:00:00,Actblue,West Somerville,MA,02144-0031,Fundraising Expenses,Credit Card Processing Fee
LESLIE HEROD'S BOLDLY FORWARD PAC,Political Committee,1.19,2025-07-13 00:00:00,Act Blue,Somerville,MA,02144,Fundraising Expenses,
MONICA PAC,Political Committee,1900.0,2025-07-13 00:00:00,Jefferson County Democratic Party,Lakewood,CO,80226,Contributions,Jdli
MONICA PAC,Political Committee,300.0,2025-07-13 00:00:00,Jeslin 4 Lakewood,Lakewood,CO,80226,Contributions,
SERENA LUCHA LEADERSHIP FUND,Political Committee,200.0,2025-07-13 00:00:00,Emily Sirota For Colorado,Redacted By Sos,CO,99999,Contributions,
WEISSMAN LEADERSHIP FUND,Political Committee,450.0,2025-07-13 00:00:00,Emily Sirota For Colorado,Redacted By Sos,CO,99999,Contributions,
COLORADO DEMOCRATIC PARTY,Political Party Committee,1000.0,2025-07-14 00:00:00,Chris  Davis,Centennial,CO,80122,Travel & Lodging,Reimbursement For Lodging
COLORADO DEMOCRATIC PARTY,Political Party Committee,37.09,2025-07-14 00:00:00,Zoom,San Jose,CA,95113,Other,Web Conferencing Services
COLORADO FORWARD PARTY COMMITTEE,Political Party Committee,18.4,2025-07-14 00:00:00,Zoom Corporation,San Jose,CA,95113,Office Equipment & Supplies,Zoom Meeting Payment
COLORADO HEALTH CARE ASSOCIATION PC,Political Committee,2500.0,2025-07-14 00:00:00,Senate Majority Fund,Denver,CO,80205,Contributions,
DAFNA FOR COLORADO LEADERSHIP FUND,Political Committee,1400.0,2025-07-14 00:00:00,Jewish Colorado,Denver,CO,80246,Travel & Lodging,
GRISWOLD LEADERSHIP PAC,Political Committee,195.0,2025-07-14 00:00:00,Arapahoe County Democratic Party,Aurora,CO,80014,Contributions,
GRISWOLD LEADERSHIP PAC,Political Committee,125.0,2025-07-14 00:00:00,Douglas County Democratic Party,Highlands Ranch,CO,80130,Contributions,
GRISWOLD LEADERSHIP PAC,Political Committee,2.0,2025-07-14 00:00:00,,,,,Bank Fees,
LIBERTARIAN PARTY OF COLORADO (LPCO),Political Party Committee,50.0,2025-07-14 00:00:00,Tmobile,Albuquerque,NM,87176,Telephone,Internet Hot Spot
MANNY RUTINEL LEADERSHIP FUND,Political Committee,9.99,2025-07-14 00:00:00,Mailmeteor,Paris,FR,75013,Office Equipment & Supplies,Software
US ANESTHESIA PARTNERS COLORADO STATE COMMITTEE,Political Committee,68.7,2025-07-14 00:00:00,Bok Financial,Denver,CO,80217,Bank Fees,Bank Fees
EDIE HOOTON LEADERSHIP FUND,Political Committee,11.82,2024-07-15 00:00:00,Firstbank,Boulder,CO,80301,Bank Fees,
BUILDING BRIDGES FOR COLORADO,Political Committee,500.0,2025-07-15 00:00:00,Joan Lopez 4 Arapahoe County Clerk,Redacted By Sos,CO,99999,Contributions,
CHRIS KOLKER GRASSROOTS FUND,Small Donor Committee,500.0,2025-07-15 00:00:00,Jessie Danielson For Colorado,Wheat Ridge,CO,80033,Contributions,Donatiion For Sos Race
COLORADANS FOR WESTERN VALUES LEADERSHIP PAC,Political Committee,316.81,2025-07-15 00:00:00,Tri-Lakes Printing,Monument,CO,80132,Office Equipment & Supplies,
COLORADO CREDIT UNION POLITICAL ACTION COMMITTEE,Political Committee,2500.0,2025-07-15 00:00:00,Senate Majority Fund,Denver,CO,80205,Contributions,
COLORADO DEMOCRATIC PARTY,Political Party Committee,15.0,2025-07-15 00:00:00,The Action Network,New York,NY,10016,Office Equipment & Supplies,Subscription
COLORADO RADIOLOGICAL SOCIETY POLITICAL COMMITTEE,Political Committee,6.5,2025-07-15 00:00:00,,,,,Bank Fees,
COLORADO TRIAL LAWYERS ASSOCIATION SMALL DONOR COMMITTEE (CTLA),Small Donor Committee,3100.0,2025-07-15 00:00:00,Emily Sirota For Colorado,Redacted By Sos,CO,99999,Contributions,
COMMITTEE FOR PHYSICIAN ANESTHESIA CARE,Political Committee,30.0,2025-07-15 00:00:00,,,,,Bank Fees,
EDIE HOOTON LEADERSHIP FUND,Political Committee,12.96,2025-07-15 00:00:00,Firstbank,Boulder,CO,80301,Bank Fees,
GREEN PARTY OF COLORADO,Political Party Committee,0.58,2025-07-15 00:00:00,Paypal,San Jose,CA,95131,Bank Fees,
LIBERTARIAN PARTY OF COLORADO (LPCO),Political Party Committee,4.9,2025-07-15 00:00:00,Anedot,New Orleans,LA,70112,Bank Fees,Credit Cards Fees
LIBERTARIAN PARTY OF COLORADO (LPCO),Political Party Committee,151.2,2025-07-15 00:00:00,Microsoft,Redmond,WA,98052,Office Equipment & Supplies,Ms 365
LIBERTARIAN PARTY OF COLORADO (LPCO),Political Party Committee,3.15,2025-07-15 00:00:00,Stripe.Com,South San Francisco,CA,94080,Bank Fees,Credit Card Fees
LIBERTARIAN PARTY OF COLORADO (LPCO),Political Party Committee,3.25,2025-07-15 00:00:00,Stripe.Com,South San Francisco,CA,94080,Bank Fees,Credit Card Fees
LUNDEEN LEADERSHIP FUND,Political Committee,50.0,2025-07-15 00:00:00,"Sws Polifi, Llc",Lafayette,CO,80026,Other,7520 ∑ Accounting Fees
PRINCIPLED LEADERSHIP COMMITTEE OF COLORADO,Political Committee,400.0,2025-07-15 00:00:00,"Strategic Compliance, Llc",Denver,CO,80205,Consultant & Professional Services,
REBEKAH STEWART FOR COLORADO,Political Committee,50.0,2025-07-15 00:00:00,Amanda For Colorado,Redacted By Sos,CO,99999,Contributions,
REBEKAH STEWART FOR COLORADO,Political Committee,50.0,2025-07-15 00:00:00,Jessie Danielson For Colorado,Wheat Ridge,CO,80033,Contributions,
SHEET METAL WORKERS' SMALL DONOR COMMITTEE,Small Donor Committee,2000.0,2025-07-15 00:00:00,Jessie Danielson For Colorado,Wheat Ridge,CO,80033,Contributions,
TAKE COLO BACK POLITICAL COMM,Political Committee,50.0,2025-07-15 00:00:00,Polifi Llc,Fort Lupton,CO,80621,Consultant & Professional Services,
TEAMSTERS LOCAL UNION NO. 455 SMALL DONOR FUND,Small Donor Committee,3750.0,2025-07-15 00:00:00,Jessie Danielson For Colorado,Wheat Ridge,CO,80033,Contributions,Primary Sentate Race 2026
THE RIGHT LEADERSHIP PAC,Political Committee,400.0,2025-07-15 00:00:00,"Strategic Compliance, Llc",Denver,CO,80205,Consultant & Professional Services,
WILLFORD LEADERSHIP FUND,Political Committee,25.9,2025-07-15 00:00:00,Hyatt,Boston,MA,02111,Travel & Lodging,
FRIENDS OF COLORADO HOSPITALS (F/K/A HOSPITALS EXPRESS LEGISLATIVE PREFERENCE),Political Committee,-450.0,2024-07-16 00:00:00,Chad For Colorado,Redacted By Sos,CO,99999,Contributions,Offset Due To Deletion Of Filed Item
FRIENDS OF COLORADO HOSPITALS (F/K/A HOSPITALS EXPRESS LEGISLATIVE PREFERENCE),Political Committee,-450.0,2024-07-16 00:00:00,Rose For Colorado,Redacted By Sos,CO,99999,Contributions,Offset Due To Deletion Of Filed Item
FRIENDS OF COLORADO HOSPITALS (F/K/A HOSPITALS EXPRESS LEGISLATIVE PREFERENCE),Political Committee,-450.0,2024-07-16 00:00:00,Emily Sirota For Colorado,Redacted By Sos,CO,99999,Contributions,Offset Due To Deletion Of Filed Item
BRIANNA TITONE'S 439 FUND,Political Committee,195.0,2025-07-16 00:00:00,Arapahoe County Democratic Party,Aurora,CO,80014,Contributions,Ticket For Annual Dinner
BRIANNA TITONE'S 439 FUND,Political Committee,125.0,2025-07-16 00:00:00,Adams County Democratic Party (A.C.D.C.C),Westminster,CO,80031,Contributions,Ticket For Annual Dinner
COLORADO CREDIT UNION POLITICAL ACTION COMMITTEE,Political Committee,450.0,2025-07-16 00:00:00,Katie Wallace For Colorado,Redacted By Sos,CO,99999,Contributions,
FAMILIES FOR RESPONSIBLE GOVERNMENT,Political Committee,100.0,2025-07-16 00:00:00,Polifi Llc,Fort Lupton,CO,80621,Consultant & Professional Services,
LIBERTARIAN PARTY OF COLORADO (LPCO),Political Party Committee,3.9,2025-07-16 00:00:00,Anedot,New Orleans,LA,70112,Bank Fees,Credit Cards Fees
LIBERTARIAN PARTY OF COLORADO (LPCO),Political Party Committee,16.1,2025-07-16 00:00:00,Anedot,New Orleans,LA,70112,Bank Fees,Credit Cards Fees
THE COLEMAN LEADERSHIP FUND,Political Committee,13.83,2025-07-16 00:00:00,Actblue,Somerville,MA,02144,Bank Fees,
WILLFORD LEADERSHIP FUND,Political Committee,42.14,2025-07-16 00:00:00,Hudson,Boston,MA,02128,"Food, Beverages and Meals",
WILLFORD LEADERSHIP FUND,Political Committee,175.0,2025-07-16 00:00:00,Denver International Airport,Denver,CO,80249,Travel & Lodging,
WILLFORD LEADERSHIP FUND,Political Committee,13.05,2025-07-16 00:00:00,Range View Liquors,Northglenn,CO,80234,"Food, Beverages and Meals",
WILLFORD LEADERSHIP FUND,Political Committee,61.29,2025-07-16 00:00:00,Legal Sea Foods,Providence,RI,02903,"Food, Beverages and Meals",
WILLFORD LEADERSHIP FUND,Political Committee,94.52,2025-07-16 00:00:00,The Nitro Bar,Providence,RI,02903,"Food, Beverages and Meals",
WILLFORD LEADERSHIP FUND,Political Committee,70.1,2025-07-16 00:00:00,Craftland,Providence,RI,02903,Office Equipment & Supplies,
BRIANNA TITONE'S 439 FUND,Political Committee,125.0,2025-07-17 00:00:00,Douglas County Democratic Party,Highlands Ranch,CO,80130,Contributions,Ticket For Annual Dinner
COLORADO CREDIT UNION POLITICAL ACTION COMMITTEE,Political Committee,450.0,2025-07-17 00:00:00,Friends Of Junie Joseph,Boulder,CO,80303,Contributions,
COPIC SMALL DONOR COMMITTEE,Small Donor Committee,4000.0,2025-07-17 00:00:00,Alexis  Hoffkling,Redacted By Sos,CO,99999,Contributions,Misc Campaign Contribution
LIBERTARIAN PARTY OF COLORADO (LPCO),Political Party Committee,67.0,2025-07-17 00:00:00,Smart Space,Lakewood,CO,80215,Rent & Utilities,Storage Space
LIBERTARIAN PARTY OF COLORADO (LPCO),Political Party Committee,0.6,2025-07-17 00:00:00,Stripe.Com,South San Francisco,CA,94080,Bank Fees,Credit Card Fees
MAJORITIES MATTER!PAC,Political Committee,50.0,2025-07-17 00:00:00,Sws Polifi Llc,Fort Lupton,CO,80621,Consultant & Professional Services,
MONICA PAC,Political Committee,1000.0,2025-07-17 00:00:00,Bennet For Governor,Superior,CO,80027,Contributions,
MONICA PAC,Political Committee,200.0,2025-07-17 00:00:00,Citizens To Elect Jerry Ditullio,Denver,CO,80212,Contributions,
NABIP COLORADO POLITICAL ACTION COMMITTEE,Political Committee,0.91,2025-07-17 00:00:00,Quickbooks Payments,Woodland Hills,CA,91367,Bank Fees,
THE BRIGHT PAC,Political Committee,50.0,2025-07-17 00:00:00,Polifi Llc,Fort Lupton,CO,80621,Consultant & Professional Services,
BUCKLE UP PAC,Political Committee,50.0,2025-07-18 00:00:00,Polifi Llc,Fort Lupton,CO,80621,Consultant & Professional Services,
BUILDING BRIDGES FOR COLORADO,Political Committee,2.0,2025-07-18 00:00:00,1St Bank,Lakewood,CO,80215,Bank Fees,
COLORADO DEMOCRATIC PARTY,Political Party Committee,125.0,2025-07-18 00:00:00,Adams County Democratic Central Committee,Denver,CO,80221,Other,Unlimited Transfer To Affiliated Committee
COLORADO DEMOCRATIC PARTY,Political Party Committee,195.0,2025-07-18 00:00:00,Arapahoe County Democratic Party,Aurora,CO,80014,Other,Unlimited Transfer To Affiliated Commitee
COLORADO DEMOCRATIC PARTY,Political Party Committee,235.0,2025-07-18 00:00:00,Angela  Hicks,Parker,CO,80138,Other,Unlimited Transfer To Affiliated Committee
COLORADO DEMOCRATIC PARTY,Political Party Committee,1209.83,2025-07-18 00:00:00,Paychex,Norristown,PA,19403,Employee Services,Payroll Taxes
COLORADO DEMOCRATIC PARTY,Political Party Committee,2678.04,2025-07-18 00:00:00,Chris P Rork,Denver,CO,80222,Employee Services,Salary
COLORADO INDEPENDENTS PAC (COINPAC),Political Committee,725.0,2025-07-18 00:00:00,The Coleman Leadership Fund,Denver,CO,80249,Contributions,Contribution
COLORADO INDEPENDENTS PAC (COINPAC),Political Committee,725.0,2025-07-18 00:00:00,Chris Kolker Leadership Fund,Centennial,CO,80122,Contributions,Contribution
COLORADO INDEPENDENTS PAC (COINPAC),Political Committee,725.0,2025-07-18 00:00:00,Rural Liberty Political Action Committee,Denver,CO,80205,Contributions,Contribution
COLORADO INDEPENDENTS PAC (COINPAC),Political Committee,450.0,2025-07-18 00:00:00,Bridges For Colorado Treasurer,Redacted By Sos,CO,99999,Contributions,Contribution
COLORADO INDEPENDENTS PAC (COINPAC),Political Committee,450.0,2025-07-18 00:00:00,Cathy Kipp For Colorado,Fort Collins,CO,80525,Contributions,Contribution
COLORADO INDEPENDENTS PAC (COINPAC),Political Committee,450.0,2025-07-18 00:00:00,Janice Marchman For Colorado,Loveland,CO,80538,Contributions,Contribution
COLORADO INDEPENDENTS PAC (COINPAC),Political Committee,450.0,2025-07-18 00:00:00,Committee To Elect Marc Snyder,Manitou Springs,CO,80829,Contributions,Contribution
COLORADO INDEPENDENTS PAC (COINPAC),Political Committee,450.0,2025-07-18 00:00:00,Frizell For 45 Committee,Redacted By Sos,CO,99999,Contributions,Contribution
COLORADO INDEPENDENTS PAC (COINPAC),Political Committee,450.0,2025-07-18 00:00:00,Carson For State Senate,Highlands Ranch,CO,80130-9998,Contributions,Contribution
COLORADO INDEPENDENTS PAC (COINPAC),Political Committee,450.0,2025-07-18 00:00:00,Committee To Elect Richardson For House District 56,Elizabeth,CO,80107,Contributions,Contribution
COLORADO INDEPENDENTS PAC (COINPAC),Political Committee,450.0,2025-07-18 00:00:00,Camacho For Colorado,Redacted By Sos,CO,99999,Contributions,Contribution
COLORADO INDEPENDENTS PAC (COINPAC),Political Committee,450.0,2025-07-18 00:00:00,Friends Of Matthew Martinez,Monte Vista,CO,81144,Contributions,Contribution
COLORADO INDEPENDENTS PAC (COINPAC),Political Committee,450.0,2025-07-18 00:00:00,Elect Jarvis Caldwell,Colorado Springs,CO,80908,Contributions,Contribution
COLORADO INDEPENDENTS PAC (COINPAC),Political Committee,450.0,2025-07-18 00:00:00,Pelton For State Senate,Sterling,CO,80751,Contributions,Contribution
COLORADO INDEPENDENTS PAC (COINPAC),Political Committee,450.0,2025-07-18 00:00:00,Citizens To Elect Janice Rich,Grand Junction,CO,81506,Contributions,Contribution
COLORADO INDEPENDENTS PAC (COINPAC),Political Committee,450.0,2025-07-18 00:00:00,Woog For House District 19,Frederick,CO,80530,Contributions,Contribution
COLORADO INDEPENDENTS PAC (COINPAC),Political Committee,450.0,2025-07-18 00:00:00,Matt Ball For Colorado,Denver,CO,80203,Contributions,Contribution
COLORADO INDEPENDENTS PAC (COINPAC),Political Committee,450.0,2025-07-18 00:00:00,To Elect Michael Carter To Colorado State House District 36,Redacted By Sos,CO,99999,Contributions,Contribution
COLORADO INDEPENDENTS PAC (COINPAC),Political Committee,450.0,2025-07-18 00:00:00,Meghan Lukens For Colorado,Redacted By Sos,CO,99999,Contributions,Contribution
COLORADO INDEPENDENTS PAC (COINPAC),Political Committee,2000.0,2025-07-18 00:00:00,New Day Colorado Fund,Fort Lupton,CO,80621,Contributions,Contribution
COLORADO INDEPENDENTS PAC (COINPAC),Political Committee,4000.0,2025-07-18 00:00:00,All Together Colorado,Denver,CO,80206,Contributions,Contribution
COLORADO INDEPENDENTS PAC (COINPAC),Political Committee,4000.0,2025-07-18 00:00:00,Senate Majority Fund,Denver,CO,80205,Contributions,Contribution
COLORADO INDEPENDENTS PAC (COINPAC),Political Committee,1000.0,2025-07-18 00:00:00,Colorado Way Forward,Denver,CO,80206,Contributions,Contribution
GREEN PARTY OF COLORADO,Political Party Committee,0.95,2025-07-18 00:00:00,Paypal,San Jose,CA,95131,Bank Fees,
HARTSOOK LEADERSHIP PAC,Political Committee,50.0,2025-07-18 00:00:00,Polifi Llc,Fort Lupton,CO,80621,Consultant & Professional Services,
LIBERTARIAN PARTY OF COLORADO (LPCO),Political Party Committee,2.6,2025-07-18 00:00:00,Anedot,New Orleans,LA,70112,Bank Fees,Credit Cards Fees
LIBERTARIAN PARTY OF COLORADO (LPCO),Political Party Committee,35.87,2025-07-18 00:00:00,Stripe.Com,South San Francisco,CA,94080,Bank Fees,Credit Card Fees
MANNY RUTINEL LEADERSHIP FUND,Political Committee,25.21,2025-07-18 00:00:00,Ny Times,New York,NY,10018,Other,Research
MANNY RUTINEL LEADERSHIP FUND,Political Committee,63.08,2025-07-18 00:00:00,Adobe,San Jose,CA,95110,Office Equipment & Supplies,Software
ROSE PAC,Political Committee,50.0,2025-07-18 00:00:00,"Sws Polifi, Llc",Fort Lupton,CO,80621,Other,7520 ∑ Accounting Fees
WEISSMAN LEADERSHIP FUND,Political Committee,375.0,2025-07-18 00:00:00,Colorado Democratic Party,Denver,CO,80203,Contributions,
WILLFORD LEADERSHIP FUND,Political Committee,4.0,2025-07-18 00:00:00,Denver Public Works,Denver,CO,80202,Travel & Lodging,
AGRICULTURE PAC,Political Committee,50.0,2025-07-19 00:00:00,Polifi Llc,Fort Lupton,CO,80621,Consultant & Professional Services,
COLORADO STRONG POLITICAL COMMITTEE,Political Committee,50.0,2025-07-19 00:00:00,Polifi Llc,Fort Lupton,CO,80621,Consultant & Professional Services,
LIBERTARIAN PARTY OF COLORADO (LPCO),Political Party Committee,22.65,2025-07-19 00:00:00,Wall Mart,Bentonville,AR,72716,"Food, Beverages and Meals",
LIBERTARIAN PARTY OF COLORADO (LPCO),Political Party Committee,304.85,2025-07-19 00:00:00,Wall Mart,Bentonville,AR,72716,"Food, Beverages and Meals",
COLORADO PROFESSIONAL FIRE FIGHTERS SMALL DONOR FUND,Small Donor Committee,1000.0,2024-07-20 00:00:00,Javier For Colorado,Denver,CO,80219-5033,Contributions,Political Donation
CHRIS KOLKER GRASSROOTS FUND,Small Donor Committee,0.99,2025-07-20 00:00:00,Actblue,Somerville,MA,02144,Fundraising Expenses,Act Blue Expense
CHRIS KOLKER LEADERSHIP FUND,Political Committee,3.95,2025-07-20 00:00:00,Actblue,Somervile,MA,02144,Fundraising Expenses,
EDIE HOOTON LEADERSHIP FUND,Political Committee,350.0,2025-07-20 00:00:00,Michael For Attorney General,Boulder,CO,80302,Contributions,
GRISWOLD LEADERSHIP PAC,Political Committee,28.64,2025-07-20 00:00:00,Actblue,West Somerville,MA,02144-0031,Fundraising Expenses,Credit Card Processing Fee
MONICA PAC,Political Committee,0.2,2025-07-20 00:00:00,Actblue,West Somerville,MA,02144,Fundraising Expenses,
NABIP COLORADO POLITICAL ACTION COMMITTEE,Political Committee,5.66,2025-07-20 00:00:00,Quickbooks Payments,Woodland Hills,CA,91367,Bank Fees,
NABIP COLORADO POLITICAL ACTION COMMITTEE,Political Committee,1.07,2025-07-20 00:00:00,Paypal,San Jose,CA,95131,Bank Fees,
COLORADO DEMOCRATIC PARTY,Political Party Committee,39.32,2025-07-21 00:00:00,Amazon,Seattle,WA,98108,Office Equipment & Supplies,"Labels, Envelopes, Seeds"
COLORADO DEMOCRATIC PARTY,Political Party Committee,2600.0,2025-07-21 00:00:00,Pueblo Memorial Hall,Pueblo,CO,81003,Other,Down Payment Venue Rental Fee
COLORADO HEALTH CARE ASSOCIATION PC,Political Committee,2000.0,2025-07-21 00:00:00,Senate Majority Fund,Denver,CO,80205,Contributions,
COLORADO STATE PIPE TRADES,Small Donor Committee,5000.0,2025-07-21 00:00:00,Jessie Danielson For Colorado,Wheat Ridge,CO,80033,Contributions,Campaign Contribution
COPIC POLITICAL COMMITTEE,Political Committee,400.0,2025-07-21 00:00:00,Alexis For Colorado,Redacted By Sos,CO,99999,Contributions,Misc Campaign Contribution
LAND TITLE ASSOC OF CO PAC  (LTAC PAC),Political Committee,130.0,2025-07-21 00:00:00,32 Auctions,Madison,WI,53705,Fundraising Expenses,Silent Auction Software
LIBERTARIAN PARTY OF COLORADO (LPCO),Political Party Committee,44.99,2025-07-21 00:00:00,Stripe.Com,South San Francisco,CA,94080,Bank Fees,Credit Card Fees
MANNY RUTINEL LEADERSHIP FUND,Political Committee,200.0,2025-07-21 00:00:00,Vote Obi For Westminster,Westminster,CO,80021,Contributions,
PIPEFITTERS LOCAL 208 POLITICAL EDUCATION COMMITTEE,Small Donor Committee,1000.0,2025-07-21 00:00:00,Jessie  Danielson,Redacted By Sos,CO,99999,Contributions,Jessie Danielson
PLUMBERS LOCAL 3 SMALL DONOR COMMITTEE,Small Donor Committee,1000.0,2025-07-21 00:00:00,Jessie Danielson For Colorado,Wheat Ridge,CO,80033,Contributions,Campaign Contribution
THE COLEMAN LEADERSHIP FUND,Political Committee,62.22,2025-07-21 00:00:00,Actblue,Somerville,MA,02144,Bank Fees,
THE COLEMAN LEADERSHIP FUND,Political Committee,400.0,2025-07-21 00:00:00,Obi  Ezeadi,Westminster,CO,80021,Contributions,
THE COLEMAN LEADERSHIP FUND,Political Committee,500.0,2025-07-21 00:00:00,Robert  Andrews,Denver,CO,80209,Contributions,
THE COLEMAN LEADERSHIP FUND,Political Committee,450.0,2025-07-21 00:00:00,Democratic Party Of Denver,Denver,CO,80205,Contributions,
THE COLEMAN LEADERSHIP FUND,Political Committee,500.0,2025-07-21 00:00:00,The Colorado Kings,Denver,CO,80249,Contributions,
THE COLEMAN LEADERSHIP FUND,Political Committee,1450.0,2025-07-21 00:00:00,Jessie  Danielson,Redacted By Sos,CO,99999,Contributions,
THE COLEMAN LEADERSHIP FUND,Political Committee,77.7,2025-07-21 00:00:00,Safeway,Denver,CO,80209,Travel & Lodging,Gas For Travel To Conference
UNITED MINE WORKERS OF AMERICA,Political Committee,250.0,2025-07-21 00:00:00,,,,,Contributions,Contributions To Non Co Candidates
COLORADO COMMITTEE OF AUTO RETAILERS (COLO C.A.R.),Political Committee,500.0,2025-07-22 00:00:00,Friends Of Robyn Carnes - Centennial City Council,Centennial,CO,,Contributions,Centennial City Council
COLORADO COMMITTEE OF AUTO RETAILERS (COLO C.A.R.),Political Committee,500.0,2025-07-22 00:00:00,Steve Sundberg For Aurora City Council,Aurora,CO,,Contributions,Aurora City Council
COLORADO COMMITTEE OF AUTO RETAILERS (COLO C.A.R.),Political Committee,500.0,2025-07-22 00:00:00,Kassaw For Aurora - City Council,Aurora,CO,,Contributions,Aurora City Council
COLORADO COMMITTEE OF AUTO RETAILERS (COLO C.A.R.),Political Committee,450.0,2025-07-22 00:00:00,Rein For Colorado,Littleton,CO,80162,Contributions,Rein For Colorado - House Dist 28
COLORADO DEMOCRATIC PARTY,Political Party Committee,90.0,2025-07-22 00:00:00,San Luis Valley Pride,Alamosa,CO,81101,Other,Event Booth Fee
HUNTINGTON BANCSHARES INC. POLITICAL ACTION COMMITTEE (HBI-PAC),Political Committee,450.0,2025-07-22 00:00:00,Ricks For Colorado,Aurora,CO,80015,Contributions,2026 Primary And General
LIBERTARIAN PARTY OF COLORADO (LPCO),Political Party Committee,0.74,2025-07-22 00:00:00,Stripe.Com,South San Francisco,CA,94080,Bank Fees,Credit Card Fees
LIBERTARIAN PARTY OF COLORADO (LPCO),Political Party Committee,500.0,2025-07-22 00:00:00,Whispering Pines Metro District,Denver,CO,80206,Rent & Utilities,
TAMMY STORY LEADERSHIP FUND,Political Committee,200.0,2025-07-22 00:00:00,Danielle  Varda,Arvada,CO,80006,Contributions,
TAMMY STORY LEADERSHIP FUND,Political Committee,-200.0,2025-07-22 00:00:00,Danielle  Varda,Arvada,CO,80006,Contributions,Offset Due To Update Of Filed Item
TAMMY STORY LEADERSHIP FUND,Political Committee,200.0,2025-07-22 00:00:00,Varda For Colorado,Arvada,CO,80005,Contributions,
VALDEZ FOR COLORADO RAINBOW FUND,Political Committee,84.12,2025-07-22 00:00:00,Mailchimp,Atlanta,GA,30308,Office Equipment & Supplies,
WARRIOR PAC,Political Committee,1150.0,2025-07-22 00:00:00,Andrews For  Aurora,Aurora,CO,80019,Gifts,
ZENPAC,Political Committee,-25.0,2025-07-22 00:00:00,John Alge,Thornton,CO,80229,Returned Expenditure,John Returned The Contribution Because It Was A Pac Check.
CAMACHO LEADERSHIP FUND,Political Committee,450.0,2025-07-23 00:00:00,Rein For Colorado,Littleton,CO,80162,Contributions,
DEMOCRATIC PARTY CONGRESSIONAL DISTRICT 4 COLORADO,Political Party Committee,118.36,2025-07-23 00:00:00,Godaddy.Com,Tempe,AZ,85284,Advertising,Domain Names And Website
LIBERTARIAN PARTY OF COLORADO (LPCO),Political Party Committee,15.3,2025-07-23 00:00:00,Anedot,New Orleans,LA,70112,Bank Fees,Credit Cards Fees
LIBERTARIAN PARTY OF COLORADO (LPCO),Political Party Committee,32.0,2025-07-23 00:00:00,Anedot,New Orleans,LA,70112,Bank Fees,Credit Cards Fees
LIBERTARIAN PARTY OF COLORADO (LPCO),Political Party Committee,310.0,2025-07-23 00:00:00,Pinnacol,Denver,CO,80230,Employee Services,
LIBERTARIAN PARTY OF COLORADO (LPCO),Political Party Committee,1.05,2025-07-23 00:00:00,Stripe.Com,South San Francisco,CA,94080,Bank Fees,Credit Card Fees
VALDEZ FOR COLORADO RAINBOW FUND,Political Committee,21.03,2025-07-23 00:00:00,Zoho,Pleasantville,CA,94588,Office Equipment & Supplies,
BRIANNA TITONE'S 439 FUND,Political Committee,125.0,2025-07-24 00:00:00,Hilltop Public Solutions,Washington,DC,20007,Consultant & Professional Services,Boulder Champions Of Democracy Ticket Reimbursement
COLORADO CENTER PARTY CENTRAL COMMITTEE,Political Party Committee,2.08,2025-07-24 00:00:00,Google Ads,Mountain View,CA,94043,Miscellaneous,
COLORADO COMMITTEE OF AUTO RETAILERS (COLO C.A.R.),Political Committee,400.0,2025-07-24 00:00:00,Curt For Littleton - City Council,Littleton,CO,,Contributions,Curt For Littleton - City Council
COLORADO COMMITTEE OF AUTO RETAILERS (COLO C.A.R.),Political Committee,400.0,2025-07-24 00:00:00,Driscoll For Littleton Mayor,Littleton,CO,,Contributions,Driscoll For Littleton Mayor
COLORADO INDEPENDENT AUTO DEALERS POLITICAL COMMITTEE,Political Committee,5000.0,2025-07-24 00:00:00,New Day Colorado Fund,Fort Lupton,CO,80621,Contributions,
COPIC POLITICAL COMMITTEE,Political Committee,550.0,2025-07-24 00:00:00,Camacho Leadership Fund,Denver,CO,80230,Contributions,Misc Campaign Contribution
GREEN PARTY OF COLORADO,Political Party Committee,22.77,2025-07-24 00:00:00,Godaddy Inc,Tempe,AZ,85281,Other,Web Hosting
MONICA PAC,Political Committee,450.0,2025-07-24 00:00:00,Rein For Colorado,Littleton,CO,80162,Contributions,
PUBLIC EDUCATION COMMITTEE,Small Donor Committee,500.0,2025-07-24 00:00:00,Committee To Elect Kenneth Todd Albrecht To Canon City Schools Board Of Education,Canon City,CO,81212,Contributions,Candidate Contribution
PUBLIC EDUCATION COMMITTEE,Small Donor Committee,500.0,2025-07-24 00:00:00,Carla Braddy For Canon City School Board,Canon City,CO,81212,Contributions,Candidate Contribution
PUBLIC EDUCATION COMMITTEE,Small Donor Committee,2000.0,2025-07-24 00:00:00,Amy Klein Molk Political Campaign,Denver,CO,80220,Other,In-Kind For Campaign Management Services
PUBLIC EDUCATION COMMITTEE,Small Donor Committee,1500.0,2025-07-24 00:00:00,Dj For Denver,Denver,CO,80224,Other,In-Kind For Campaign Management Services
SHEILA FOR COLORADO LEADERSHIP FUND,Political Committee,142.73,2025-07-24 00:00:00,Dunkin Donuts,Littleton,CO,80123,"Food, Beverages and Meals",Donuts For Campaign Event
THE COLEMAN LEADERSHIP FUND,Political Committee,450.0,2025-07-24 00:00:00,Emily  Sirota,Redacted By Sos,CO,99999,Contributions,
DEMOCRATIC PARTY CONGRESSIONAL DISTRICT 4 COLORADO,Political Party Committee,-21.99,2025-07-25 00:00:00,Godaddy.Com,Tempe,AZ,85284,Returned Expenditure,Not Cd4 Go Daddy Account
DEMOCRATIC PARTY CONGRESSIONAL DISTRICT 4 COLORADO,Political Party Committee,-21.99,2025-07-25 00:00:00,Godaddy.Com,Tempe,AZ,85284,Returned Expenditure,Not Cd4 Go Daddy Acct
FRIENDS OF COLORADO HOSPITALS (F/K/A HOSPITALS EXPRESS LEGISLATIVE PREFERENCE),Political Committee,450.0,2025-07-25 00:00:00,Kyle Mullica For Sd 24,Thornton,CO,80602,Contributions,
LIBERTARIAN PARTY OF COLORADO (LPCO),Political Party Committee,1.33,2025-07-25 00:00:00,Stripe.Com,South San Francisco,CA,94080,Bank Fees,Credit Card Fees
MANNY RUTINEL LEADERSHIP FUND,Political Committee,500.0,2025-07-25 00:00:00,Akbar  Ali,Englewood,CO,80112,Miscellaneous,Intern Stipend
MANNY RUTINEL LEADERSHIP FUND,Political Committee,500.0,2025-07-25 00:00:00,Obie  Johnson,Fountain Hills,AZ,85268,Miscellaneous,Intern Stipend
RED WELD PAC,Political Committee,50.0,2025-07-25 00:00:00,Polifi Llc,Fort Lupton,CO,80621,Consultant & Professional Services,
TEAMSTERS LOCAL UNION NO. 455 SMALL DONOR FUND,Small Donor Committee,50.0,2025-07-25 00:00:00,Colorado Secretary Of State,Denver,CO,80290,Other,Bookkeeper Wrote Check Out Of General Fund And Transferred The Amount.  Late Filing Fee.
THE COLEMAN LEADERSHIP FUND,Political Committee,8.49,2025-07-25 00:00:00,Public Works Parking,Denver,CO,80202,Other,Parking
THE COLEMAN LEADERSHIP FUND,Political Committee,450.0,2025-07-25 00:00:00,Matt  Ball,Denver,CO,80203,Contributions,
THE COLEMAN LEADERSHIP FUND,Political Committee,450.0,2025-07-25 00:00:00,Dylan  Roberts,Redacted By Sos,CO,99999,Contributions,
THE COLEMAN LEADERSHIP FUND,Political Committee,450.0,2025-07-25 00:00:00,Thomas E Exum,Redacted By Sos,CO,99999,Contributions,
THE COLEMAN LEADERSHIP FUND,Political Committee,450.0,2025-07-25 00:00:00,Kyle  Mullica,Thornton,CO,80602,Contributions,
THE COLEMAN LEADERSHIP FUND,Political Committee,450.0,2025-07-25 00:00:00,Iman  Jodeh,Redacted By Sos,CO,99999,Contributions,
COLORADO STATE REPRESENTATIVE DISTRICT 30 REPUBLICAN CENTRAL COMMITTEE,Political Party Committee,25.75,2025-07-26 00:00:00,Squarespace Inc,New York,NY,10014,Other,Renewal Of Squarespace Subscription
COLORADO WORKING FAMILIES PARTY SMALL DONOR COMMITTEE,Small Donor Committee,0.17,2025-07-27 00:00:00,Actblue Technical Services,Somerville,MA,02144,Fundraising Expenses,
DEMOCRATIC PARTY CONGRESSIONAL DISTRICT 4 COLORADO,Political Party Committee,0.2,2025-07-27 00:00:00,Actblue Technical Services,Somerville,MA,02144,Other,Cc Processing Fee
GILCHRIST FOR COLORADO LEADERSHIP PAC,Political Committee,56.31,2025-07-27 00:00:00,Actblue,Sommerville,MA,02144,Bank Fees,
LESLIE HEROD'S BOLDLY FORWARD PAC,Political Committee,3.95,2025-07-27 00:00:00,Act Blue,Somerville,MA,02144,Fundraising Expenses,
PADDEN PAC - SMALL DONOR COMMITTEE,Small Donor Committee,1.98,2025-07-27 00:00:00,,,,,Bank Fees,
ROBERTS LEADERSHIP FUND,Political Committee,450.0,2025-07-27 00:00:00,Friends Of Jacque Phillips,Redacted By Sos,CO,99999,Contributions,
COLORADO DEMOCRATIC PARTY,Political Party Committee,4.0,2025-07-28 00:00:00,,,,,Miscellaneous,Parking Fee
COLORADO DEMOCRATIC PARTY,Political Party Committee,217.0,2025-07-28 00:00:00,Denver Press Club,Denver,CO,80204,Other,Room Rental Fee
DEMOCRATIC PARTY CONGRESSIONAL DISTRICT 4 COLORADO,Political Party Committee,5200.0,2025-07-28 00:00:00,Colorado Democratic Party,Denver,CO,80203,Fundraising Expenses,2024 Election Texting
DEMOCRATIC PARTY CONGRESSIONAL DISTRICT 4 COLORADO,Political Party Committee,72.36,2025-07-28 00:00:00,Godaddy.Com,Scottsdale,AZ,85260-6947,Advertising,Website/Domain
DEMOCRATIC PARTY CONGRESSIONAL DISTRICT 4 COLORADO,Political Party Committee,98.76,2025-07-28 00:00:00,Godaddy.Com,Scottsdale,AZ,85260-6947,Advertising,Website/Domain
JAVIER'S ECONOMIC JUSTICE FUND,Political Committee,2.0,2025-07-28 00:00:00,First Bank,Lakewood,CO,80235,Bank Fees,
JPMORGAN CHASE & CO. PAC,Political Committee,4000.0,2025-07-28 00:00:00,All Together Colorado,Denver,CO,80206,Contributions,2025 Contribution
JPMORGAN CHASE & CO. PAC,Political Committee,5000.0,2025-07-28 00:00:00,Senate Majority Fund,Denver,CO,80205,Contributions,2025 Contribution
LIBERTARIAN PARTY OF COLORADO (LPCO),Political Party Committee,604.0,2025-07-28 00:00:00,A Casino Event Denver,Arvada,CO,80002,Entertainment,
LIBERTARIAN PARTY OF COLORADO (LPCO),Political Party Committee,1.3,2025-07-28 00:00:00,Anedot,New Orleans,LA,70112,Bank Fees,Credit Cards Fees
THE COLEMAN LEADERSHIP FUND,Political Committee,28.65,2025-07-28 00:00:00,Actblue,Somerville,MA,02144,Bank Fees,
ADVANCED ENERGY ACTION,Political Committee,26.0,2025-07-29 00:00:00,Amalgamated Bank,Washington,DC,20006,Bank Fees,Bank Fees
BARRON LEADERSHIP PAC,Political Committee,22.3,2025-07-29 00:00:00,Deluxe Checks,Shoreview,MN,55126,Office Equipment & Supplies,Printed Checks
COLORADO DEMOCRATIC PARTY,Political Party Committee,28.95,2025-07-29 00:00:00,Vanillagift,Fortson,GA,31808,Other,Volunteer Appreciation Gift Card And Fee
COLORADO STATE REPRESENTATIVE DISTRICT 30 REPUBLICAN CENTRAL COMMITTEE,Political Party Committee,25.75,2025-07-29 00:00:00,Squarespace Inc,New York,NY,10014,Other,Squarespace Monthly Fee
COLORADO'S MOUNTAIN PAC,Political Committee,948.03,2025-07-29 00:00:00,Colorado Conservative Victory Fund,Colorado Springs,CO,80920,Miscellaneous,Joint Fundraising Expenses
DLCC COLORADO (DEMOCRATIC LEGISLATIVE CAMPAIGN COMMITTEE COLORADO),Small Donor Committee,14.0,2025-07-29 00:00:00,Amalgamated Bank,New York,NY,10001,Bank Fees,Bank Fee
LIBERTARIAN PARTY OF COLORADO (LPCO),Political Party Committee,1.95,2025-07-29 00:00:00,Stripe.Com,South San Francisco,CA,94080,Bank Fees,Credit Card Fees
REBEKAH STEWART FOR COLORADO,Political Committee,50.0,2025-07-29 00:00:00,Citizens To Elect Jerry Ditullio,Denver,CO,80212,Contributions,
THE COLEMAN LEADERSHIP FUND,Political Committee,3875.0,2025-07-29 00:00:00,Democratic Senate Campaign Fund,Denver,CO,80204,Contributions,
ASSOCIATED GENERAL CONTRACTORS (AGC) COLORADO CONSTRUCTION ACTION COMMITTEE,Political Committee,750.0,2025-07-30 00:00:00,Coloradans For Western Values Leadership Pac,Colo. Springs,CO,80918,Contributions,
ASSOCIATED GENERAL CONTRACTORS (AGC) COLORADO CONSTRUCTION ACTION COMMITTEE,Political Committee,225.0,2025-07-30 00:00:00,Friends Of Junie Joseph Leadership Fund,Boulder,CO,80303,Contributions,
BUILDING BRIDGES FOR COLORADO,Political Committee,450.0,2025-07-30 00:00:00,Katie Wallace For Colorado,Redacted By Sos,CO,99999,Contributions,
CATLIN PAC,Political Committee,12.0,2025-07-30 00:00:00,First Bank,Denver,CO,80203,Bank Fees,
COLORADO BANKERS ASSOCIATION STATE PAC,Political Committee,5000.0,2025-07-30 00:00:00,All Together Colorado,Denver,CO,80206,Contributions,Donation
COLORADO BANKERS ASSOCIATION STATE PAC,Political Committee,3000.0,2025-07-30 00:00:00,Senate Majority Fund,Denver,CO,80205,Contributions,Donation
COLORADO DENTAL HYGIENISTS PAC,Political Committee,15.0,2025-07-30 00:00:00,Jpmorgan Chase Bank,Columbus,OH,43218-2051,Bank Fees,
COPIC SMALL DONOR COMMITTEE,Small Donor Committee,2000.0,2025-07-30 00:00:00,Coleman For Colorado,Denver,CO,80249,Contributions,Misc Campaign Contribution
DAFNA FOR COLORADO LEADERSHIP FUND,Political Committee,96.0,2025-07-30 00:00:00,Uber,San Francisco,CA,94103,Travel & Lodging,
"ELEVANCE HEALTH, INC. POLITICAL ACTION COMMITTEE (ELEVANCE HEALTH PAC)",Political Committee,225.0,2025-07-30 00:00:00,Carson For State Senate,Highlands Ranch,CO,80130-9998,Contributions,Primary 2026
FRIENDS OF JUNIE JOSEPH LEADERSHIP FUND,Political Committee,225.0,2025-07-30 00:00:00,Friends Of Jacque Phillips,Redacted By Sos,CO,99999,Contributions,
LIBERTARIAN PARTY OF COLORADO (LPCO),Political Party Committee,3.72,2025-07-30 00:00:00,Stripe.Com,South San Francisco,CA,94080,Bank Fees,Credit Card Fees
NURSES FOR POLITCAL ACTION IN COLORADO (N-PAC),Political Committee,10.0,2025-07-30 00:00:00,Umb Bank,Denver,CO,80218,Bank Fees,
REGINA ENGLISH FOR COLORADO LEADERSHIP PAC,Political Committee,200.0,2025-07-30 00:00:00,Nobel Women,New York,CO,10001,Other,Leadership Conference
REGINA ENGLISH FOR COLORADO LEADERSHIP PAC,Political Committee,250.0,2025-07-30 00:00:00,National Caucus Of Black State Legislators,Washington,DC,20001,Other,Leadership Conference
ROBERTS LEADERSHIP FUND,Political Committee,60.0,2025-07-30 00:00:00,Denver International Airport,Denver,CO,80249,Travel & Lodging,
ROBERTS LEADERSHIP FUND,Political Committee,110.44,2025-07-30 00:00:00,Lyft,San Francisco,CA,94107,Travel & Lodging,
SHEILA FOR COLORADO LEADERSHIP FUND,Political Committee,225.0,2025-07-30 00:00:00,Rein For Colorado,Littleton,CO,80162,Contributions,
VALDEZ FOR COLORADO RAINBOW FUND,Political Committee,2.0,2025-07-30 00:00:00,First Bank,Lakewood,CO,80215,Bank Fees,
WILEY WILL PAC,Political Committee,12.0,2025-07-30 00:00:00,First Bank,Denver,CO,80203,Bank Fees,
WOODROW LEADERSHIP PAC,Political Committee,14.0,2025-07-30 00:00:00,,,,,Bank Fees,
ACCESS TO PEDIATRIC BEHAVIORAL THERAPY FOR COLORADO CHILDREN,Political Committee,12.0,2025-07-31 00:00:00,First Bank,Lakewood,CO,80215,Bank Fees,
ADAMS EDUCATORS FOR PUBLIC EDUCATION,Small Donor Committee,5.0,2025-07-31 00:00:00,,,,,Bank Fees,
AGRICULTURE PAC,Political Committee,2.0,2025-07-31 00:00:00,Firstbank North,Arvada,CO,80006,Bank Fees,
"AGRICULTURE STRONG, COLORADO UNITED",Small Donor Committee,10.0,2025-07-31 00:00:00,First Bank North,Brighton,CO,80601,Bank Fees,
BUCKLE UP PAC,Political Committee,2.0,2025-07-31 00:00:00,Firstbank North,Arvada,CO,80003,Bank Fees,
CERTIFIED PUBLIC ACCOUNTANTS PAC,Political Committee,5.0,2025-07-31 00:00:00,,,,,Bank Fees,Bank Fee
COLORADO COMMITTEE OF AUTO RETAILERS (COLO C.A.R.),Political Committee,3.0,2025-07-31 00:00:00,,,,,Bank Fees,Bank Fees
COLORADO DEMOCRATIC PARTY,Political Party Committee,2.0,2025-07-31 00:00:00,Firstbank,Lakewood,CO,80215,Bank Fees,Bank Fees
COLORADO DEMOCRATIC PARTY,Political Party Committee,2.0,2025-07-31 00:00:00,Firstbank,Lakewood,CO,80215,Bank Fees,Bank Fees
COLORADO DEMOCRATIC PARTY,Political Party Committee,8.0,2025-07-31 00:00:00,Firstbank,Lakewood,CO,80215,Bank Fees,Bank Fees
COLORADO DEMOCRATIC PARTY,Political Party Committee,3293.9,2025-07-31 00:00:00,Garza'S Mexican Restaurant,Calhan,CO,80808,"Food, Beverages and Meals",Catering
COLORADO LEAGUE OF CHARTER SCHOOLS ACTION SMALL DONOR COMMITTEE (CLCS ACTION SDC),Small Donor Committee,12.0,2025-07-31 00:00:00,Firstbank,Denver,CO,80203,Bank Fees,Bank Fees
COLORADO PSYCHOLOGICAL ASSOCIATION,Political Committee,25.0,2025-07-31 00:00:00,Keybank National Association,Greenwood Village,CO,80111,Bank Fees,
COLORADO SKI COUNTRY USA PAC,Political Committee,5.0,2025-07-31 00:00:00,,,,,Bank Fees,Bank Service Charge
COLORADO STRONG SMALL DONOR COMMITTEE,Small Donor Committee,2.0,2025-07-31 00:00:00,First Bank,Brighton,CO,80601,Bank Fees,
COPIC POLITICAL COMMITTEE,Political Committee,-550.0,2025-07-31 00:00:00,Patrick Pac,Castle Rock,CO,80104,Returned Expenditure,Check Was Not Cashed
COPIC POLITICAL COMMITTEE,Political Committee,-550.0,2025-07-31 00:00:00,True North Leadership Fund,Littleton,CO,80120,Returned Expenditure,Check Was Not Cashed
COPIC POLITICAL COMMITTEE,Political Committee,-550.0,2025-07-31 00:00:00,Colin Pac,Littleton,CO,80127,Returned Expenditure,Check Was Not Cashed
COPIC POLITICAL COMMITTEE,Political Committee,-550.0,2025-07-31 00:00:00,Noco Leadership Pac,Loveland,CO,80537,Returned Expenditure,Check Was Not Cashed
COPIC POLITICAL COMMITTEE,Political Committee,-400.0,2025-07-31 00:00:00,Kerry Tipper For House District 28,Lakewood,CO,80228,Returned Expenditure,Check Was Not Cashed
COPIC SMALL DONOR COMMITTEE,Small Donor Committee,-2000.0,2025-07-31 00:00:00,Citizens For Dan Nordberg,Colorado Springs,CO,80921,Returned Expenditure,Check Was Not Cashed
COPIC SMALL DONOR COMMITTEE,Small Donor Committee,-2000.0,2025-07-31 00:00:00,Patrick For Colorado,Castle Rock,CO,80104,Returned Expenditure,Check Was Not Cashed
EMILY'S LIST COLORADO SMALL DONOR COMMITTEE,Small Donor Committee,90.89,2025-07-31 00:00:00,Amalgamated Bank,Washington,DC,20006,Bank Fees,Bank Fee
EQUAL ACCESS FOR COLORADO AUTISM PATIENTS,Political Committee,12.0,2025-07-31 00:00:00,First Bank,Lakewood,CO,80215,Bank Fees,
FAMILIES FOR RESPONSIBLE GOVERNMENT,Political Committee,2.0,2025-07-31 00:00:00,Firstbank,Brighton,CO,80601,Bank Fees,
FENBERG LEADERSHIP FUND,Political Committee,27.0,2025-07-31 00:00:00,,,,,Bank Fees,Bank Fees
FRIENDS OF JUNIE JOSEPH LEADERSHIP FUND,Political Committee,225.0,2025-07-31 00:00:00,Committee To Elect Regina English For Colorado House,Redacted By Sos,CO,99999,Contributions,
FRIZELL LEADERSHIP PAC,Political Committee,0.1,2025-07-31 00:00:00,Firstier Bank,Castle Rock,CO,80104,Bank Fees,Monthly Bank Fee
GREATER DOUGLAS COUNTY,Political Committee,5.0,2025-07-31 00:00:00,Banc Of California,Carlsbad,CA,92013,Bank Fees,Bank Fee
HOME CARE PAC,Political Committee,3.0,2025-07-31 00:00:00,Keybank,Cleveland,OH,44101,Bank Fees,
JESSIE DANIELSON GRASSROOTS FUND,Small Donor Committee,15.0,2025-07-31 00:00:00,,,,,Bank Fees,
JESSIE DANIELSON PAC,Political Committee,15.0,2025-07-31 00:00:00,,,,,Bank Fees,
LIBERTARIAN PARTY OF COLORADO (LPCO),Political Party Committee,1.03,2025-07-31 00:00:00,Stripe.Com,South San Francisco,CA,94080,Bank Fees,Credit Card Fees
LIBERTARIAN PARTY OF COLORADO (LPCO),Political Party Committee,107.0,2025-07-31 00:00:00,The Event Helper,Grass Valley,CA,95945,Miscellaneous,
LIBERTARIAN PARTY OF COLORADO (LPCO),Political Party Committee,450.0,2025-07-31 00:00:00,Whispering Pines Metro District,Denver,CO,80206,Rent & Utilities,
MONICA PAC,Political Committee,2.0,2025-07-31 00:00:00,,,,,Bank Fees,
NAIOP COLORADO PAC,Political Committee,15.0,2025-07-31 00:00:00,1Stbank Of Denver,Denver,CO,80202,Bank Fees,
NAIOP COLORADO SMALL DONOR COMMITTEE,Small Donor Committee,15.0,2025-07-31 00:00:00,1Stbank Of Denver,Denver,CO,80202,Bank Fees,
ODOPAC,Political Committee,2.0,2025-07-31 00:00:00,First Bank,Thornton,CO,80233,Bank Fees,
ORALE FUND,Political Committee,2.0,2025-07-31 00:00:00,Firstbank,Denver,CO,80203,Bank Fees,
PAC (POLITICAL ACTION COMMITTEE) TO THE FUTURE,Political Committee,2.0,2025-07-31 00:00:00,Firstbank,Lakewood,CO,80215,Bank Fees,
PFIZER INC PAC,Political Committee,-200.0,2025-07-31 00:00:00,Caraveo For Colorado,Thornton,CO,80241,Returned Expenditure,Voided 05/09/19 Disbursement
PFIZER INC PAC,Political Committee,-200.0,2025-07-31 00:00:00,Dylan Roberts For Colorado,Avon,CO,81620,Returned Expenditure,Voided 08/27/19 Disbursement
PFIZER INC PAC,Political Committee,-200.0,2025-07-31 00:00:00,Dylan Roberts For Colorado,Avon,CO,81620,Returned Expenditure,Voided 08/25/20 Disbursement
PFIZER INC PAC,Political Committee,-200.0,2025-07-31 00:00:00,Fenberg For Senate,Boulder,CO,80302,Returned Expenditure,Voided 08/25/20 Disbursement
PFIZER INC PAC,Political Committee,-400.0,2025-07-31 00:00:00,Fenberg Leadership Fund,Boulder,CO,80302,Returned Expenditure,Voided 08/25/20 Disbursement
PFIZER INC PAC,Political Committee,-200.0,2025-07-31 00:00:00,Iman For Colorado Leadership Fund,Aurora,CO,80012,Returned Expenditure,Voided 08/23/23 Disbursement
PFIZER INC PAC,Political Committee,-200.0,2025-07-31 00:00:00,Monica Duran For State Rep.,Wheat Ridge,CO,80033,Returned Expenditure,Voided 11/21/22 Disbursement
PFIZER INC PAC,Political Committee,-575.0,2025-07-31 00:00:00,Patrick Pac,Castle Rock,CO,80104,Returned Expenditure,Voided 05/09/19 Disbursement
PFIZER INC PAC,Political Committee,-200.0,2025-07-31 00:00:00,Savannah Wolfson For Colorado,Oak Creek,CO,80467,Returned Expenditure,Voided 11/21/22 Disbursement
PFIZER INC PAC,Political Committee,-200.0,2025-07-31 00:00:00,Van Beber For Senate,Eaton,CO,80615,Returned Expenditure,Voided 11/22/21 Disbursement
PFIZER INC PAC,Political Committee,-200.0,2025-07-31 00:00:00,Woog For House District 19,Fort Lupton,CO,80621,Returned Expenditure,Voided 11/22/21 Disbursement
PFIZER INC PAC,Political Committee,-400.0,2025-07-31 00:00:00,Perry  Will,New Castle,CO,81647,Returned Expenditure,Voided 09/26/23 Disbursement
REALTOR CANDIDATE POLITICAL ACTION COMMITTEE (RCPAC) - FKA: COLORADO ASSOCIATION OF REALTORS PAC (CO,Political Committee,25.0,2025-07-31 00:00:00,Firstbank,Lakewood,CO,80215,Bank Fees,Bank Fee
REALTOR SMALL DONOR COMMITTEE (RSDC),Small Donor Committee,25.0,2025-07-31 00:00:00,Firstbank,Lakewood,CO,80215,Bank Fees,Bank Fee
RODRIGUEZ LEADERSHIP FUND,Political Committee,2.0,2025-07-31 00:00:00,First Bank,Lakewood,CO,80215,Bank Fees,
SHEILA FOR COLORADO LEADERSHIP FUND,Political Committee,2.0,2025-07-31 00:00:00,First Bank,Lakewood,CO,80232,Bank Fees,Card Fee
SNYDER FOR COLORADO LEADERSHIP FUND,Political Committee,2.0,2025-07-31 00:00:00,First Bank,Lakewood,CO,80215,Bank Fees,
TAKE COLO BACK POLITICAL COMM,Political Committee,2.0,2025-07-31 00:00:00,First Bank,Brighton,CO,80601,Bank Fees,
THE COLEMAN LEADERSHIP FUND,Political Committee,4.0,2025-07-31 00:00:00,1St Bank,Denver,CO,80249,Bank Fees,
UNITED MINE WORKERS OF AMERICA,Political Committee,250.0,2025-07-31 00:00:00,,,,,Contributions,Contributions To Non Co Candidates
VOICES FOR CHOICE SMALL DONOR COMMITTEE,Small Donor Committee,2.0,2025-07-31 00:00:00,,,,,Bank Fees,Bank Fees
WARRIOR PAC,Political Committee,250.0,2025-07-31 00:00:00,Gianina For  Aurora,Aurora,CO,80304,Contributions,
WOOG PAC,Political Committee,2.0,2025-07-31 00:00:00,First Bank North,Arvada,CO,80006,Bank Fees,
CARE SMALL DONOR COMMITTEE,Small Donor Committee,30.06,2025-08-01 00:00:00,Us Bank,Denver,CO,80202,Bank Fees,Bank Fees
COLORADO CENTER PARTY CENTRAL COMMITTEE,Political Party Committee,12.52,2025-08-01 00:00:00,Digital Ocean,New York,NY,10013,Miscellaneous,
COLORADO DEMOCRATIC PARTY,Political Party Committee,12.08,2025-08-01 00:00:00,Fedex Office Print And Ship Center - Highlands Ranch,Highlands Ranch,CO,80129,Office Equipment & Supplies,Printing And Copying Services
COLORADO DEMOCRATIC PARTY,Political Party Committee,450.0,2025-08-01 00:00:00,Numero,Irvine,CA,92618,Other,Software License Fee
COLORADO FORWARD PARTY COMMITTEE,Political Party Committee,247.5,2025-08-01 00:00:00,Jono  Wilde,Boulder,CO,80301,Miscellaneous,Sms Messaging Services
COLORADO SPRINGS REPUBLICAN PATRIOTS - SDC,Small Donor Committee,1500.0,2025-08-01 00:00:00,Scott  Bottoms,Colorado Springs,CO,80923,Contributions,
FENBERG LEADERSHIP FUND,Political Committee,57.37,2025-08-01 00:00:00,Google,Mountain View,CA,94035,Other,Email
GREEN PARTY OF COLORADO,Political Party Committee,0.84,2025-08-01 00:00:00,Paypal,San Jose,CA,95131,Bank Fees,
GRISWOLD LEADERSHIP PAC,Political Committee,100.0,2025-08-01 00:00:00,Adams County Democratic Party (A.C.D.C.C),Westminster,CO,80031,Contributions,
GRISWOLD LEADERSHIP PAC,Political Committee,100.0,2025-08-01 00:00:00,Weld County Democratic Party,Greeley,CO,80631,Contributions,
HOST-PAC (COLORADO RESTAURANT ASSOCIATION),Political Committee,278.5,2025-08-01 00:00:00,Heartland Payment Systems,Princeton,NJ,08542,Bank Fees,
LUNDEEN LEADERSHIP FUND,Political Committee,24.26,2025-08-01 00:00:00,Google,Moutain Views,CA,94043,Other,6410 ∑ Registration & Hosting
LUNDEEN LEADERSHIP FUND,Political Committee,174.53,2025-08-01 00:00:00,Zoom,San Jose,CA,95113,Other,7390 ∑ Other Communications Expense
MANNY RUTINEL LEADERSHIP FUND,Political Committee,500.0,2025-08-01 00:00:00,Grace  Richter,Denver,CO,80210,Miscellaneous,Intern Stipend
ROCKY MOUNTAIN HOME ASSOCIATION PAC (CMHA PAC FUND),Political Committee,10.07,2025-08-01 00:00:00,Pnc Bank,Pittsburg,PA,15222,Bank Fees,
THE COLEMAN LEADERSHIP FUND,Political Committee,1.03,2025-08-01 00:00:00,Patreon,Pali Alto,CA,94306,Other,Monthly Subscription
COLORADO CEASEFIRE PAC,Political Committee,200.0,2025-08-03 00:00:00,Elect Thomas Tony Exum,Redacted By Sos,CO,99999,Contributions,
COLORADO CENTER PARTY CENTRAL COMMITTEE,Political Party Committee,7.86,2025-08-03 00:00:00,Meta,Menlo Park,CA,94025,Miscellaneous,
COLORADO WORKING FAMILIES PARTY SMALL DONOR COMMITTEE,Small Donor Committee,0.79,2025-08-03 00:00:00,Actblue Technical Services,Somerville,MA,02144,Fundraising Expenses,
DEMOCRATIC PARTY CONGRESSIONAL DISTRICT 4 COLORADO,Political Party Committee,1.4,2025-08-03 00:00:00,Actblue Technical Services,Somerville,MA,02144,Other,Cc Processing Fee
KAREN FOR CO LEADERSHIP PAC,Political Committee,100.0,2025-08-03 00:00:00,Chanuncy Johnson For Hd17,Colorado Springs,CO,80910,Contributions,
LIBERTARIAN PARTY OF COLORADO (LPCO),Political Party Committee,311.46,2025-08-03 00:00:00,Vistaprint,Waltham,MA,02451,Office Equipment & Supplies,Postcard - Call To Convention
BUILDING OWNERS AND MANAGERS ASSOCIATION POLITICAL COMMITTEE (BOMA),Political Committee,20.0,2025-08-04 00:00:00,Denver Metro Boma,Denver,CO,80202,Bank Fees,
CARE SMALL DONOR COMMITTEE,Small Donor Committee,25.4,2025-08-04 00:00:00,Us Bank,Denver,CO,80202,Bank Fees,Authorize.Net Credit Card Fees
COLORADO BIOSCIENCE PAC,Political Committee,20.0,2025-08-04 00:00:00,Wells Fargo Bank,Denver,CO,80203,Bank Fees,
"COLORADO CHIROPRACTIC PAC (CCA, CC-PAC)",Political Committee,15.05,2025-08-04 00:00:00,8Am Affinipay,Austin,TX,78746,Bank Fees,
COLORADO DEMOCRATIC PARTY,Political Party Committee,364.0,2025-08-04 00:00:00,Colorado Dragon Boat Festival,Wheat Ridge,CO,80215,Other,Booth Rental Fee
COLORADO DEMOCRATIC PARTY,Political Party Committee,20.85,2025-08-04 00:00:00,Firstbank,Lakewood,CO,80215,Bank Fees,Bank Fees
COLORADO DEMOCRATIC PARTY,Political Party Committee,53.83,2025-08-04 00:00:00,Firstbank,Lakewood,CO,80215,Bank Fees,Bank Fees
COLORADO DEMOCRATIC PARTY,Political Party Committee,0.28,2025-08-04 00:00:00,Firstbank,Lakewood,CO,80215,Bank Fees,Bank Fees
COLORADO DEMOCRATIC PARTY,Political Party Committee,37.5,2025-08-04 00:00:00,Firstbank,Lakewood,CO,80215,Bank Fees,Bank Fees
COLORADO DEMOCRATIC PARTY,Political Party Committee,2194.6,2025-08-04 00:00:00,Nicholas  Paprocki,Thornton,CO,80229,Employee Services,Salary
COLORADO DEMOCRATIC PARTY,Political Party Committee,1215.58,2025-08-04 00:00:00,Paychex,Norristown,PA,19403,Employee Services,Payroll Taxes
COLORADO DEMOCRATIC PARTY,Political Party Committee,903.96,2025-08-04 00:00:00,Paychex,Norristown,PA,19403,Employee Services,Payroll Taxes
COLORADO DEMOCRATIC PARTY,Political Party Committee,5.75,2025-08-04 00:00:00,Paychex,Norristown,PA,19403,Employee Services,Payroll Taxes
COLORADO DEMOCRATIC PARTY,Political Party Committee,2672.29,2025-08-04 00:00:00,Chris P Rork,Denver,CO,80222,Employee Services,Salary
DEMOCRATIC PARTY CONGRESSIONAL DISTRICT 4 COLORADO,Political Party Committee,34.0,2025-08-04 00:00:00,Atlassian (Jira),Mountain View,CA,94041,Advertising,Advertising
DEMOCRATIC PARTY CONGRESSIONAL DISTRICT 4 COLORADO,Political Party Committee,1.02,2025-08-04 00:00:00,Us Bank,Parker,CO,80134,Bank Fees,Debit Card Processing Fee
HOST-PAC (COLORADO RESTAURANT ASSOCIATION),Political Committee,10.0,2025-08-04 00:00:00,Authorize.Net,American Forks,UT,84003,Bank Fees,
INVESTHER,Political Committee,26.5,2025-08-04 00:00:00,Squarespace Inc.,New York,NY,10014,Other,Website & Email
JUDY AMABILE LEADERSHIP FUND,Political Committee,250.0,2025-08-04 00:00:00,Jillaire For Hd19,Redacted By Sos,CO,99999,Contributions,
LIBERTARIAN PARTY OF COLORADO (LPCO),Political Party Committee,49.95,2025-08-04 00:00:00,Merch Bnkcd Sd Fee,Thousand Oaks,CA,91361,Bank Fees,Bank Fees
LIBERTARIAN PARTY OF COLORADO (LPCO),Political Party Committee,1.42,2025-08-04 00:00:00,Stripe.Com,South San Francisco,CA,94080,Bank Fees,Credit Card Fees
NABIP COLORADO POLITICAL ACTION COMMITTEE,Political Committee,3.38,2025-08-04 00:00:00,Paypal,San Jose,CA,95131,Bank Fees,
PUBLIC EDUCATION COMMITTEE,Small Donor Committee,400.0,2025-08-04 00:00:00,Dmitri Atrash,Loveland,CO,80538,Other,Voter File Access
PUBLIC EDUCATION COMMITTEE,Small Donor Committee,400.0,2025-08-04 00:00:00,Alexandra Lessem For Thompson School Board,Loveland,CO,80537,Other,Voter File Access
PUBLIC EDUCATION COMMITTEE,Small Donor Committee,400.0,2025-08-04 00:00:00,Scholl For Thompson School District,Loveland,CO,80538,Other,Voter File Access
PUBLIC EDUCATION COMMITTEE,Small Donor Committee,1223.34,2025-08-04 00:00:00,Tina For Jeffco Schools,Redacted By Sos,CO,99999,Other,Polling
PUBLIC EDUCATION COMMITTEE,Small Donor Committee,1223.33,2025-08-04 00:00:00,Peter For Jeffco Schools,Redacted By Sos,CO,99999,Other,Polling
PUBLIC EDUCATION COMMITTEE,Small Donor Committee,1223.33,2025-08-04 00:00:00,Michael For Jeffco Schools,Redacted By Sos,CO,99999,Other,Polling
REBEKAH STEWART FOR COLORADO,Political Committee,100.0,2025-08-04 00:00:00,Nicole Hensel For Colorado,Redacted By Sos,CO,99999,Contributions,
VALDEZ FOR COLORADO RAINBOW FUND,Political Committee,17.0,2025-08-04 00:00:00,Google Suite,Mountain View,CA,94043,Office Equipment & Supplies,
ADAMS EDUCATORS FOR PUBLIC EDUCATION,Small Donor Committee,77.89,2025-08-05 00:00:00,,,,,Other,Intuit
AMERICAN PROPERTY CASUALTY INSURANCE ASSOCIATION COLORADO POLITICAL ACTION COMMITTEE,Political Committee,-450.0,2025-08-05 00:00:00,Committee To Elect Keltie,Redacted By Sos,CO,99999,Returned Expenditure,Void Of 10/8/2024 Contribution
CARSON LEADERSHIP PAC,Political Committee,24.3,2025-08-05 00:00:00,Firstbank,Lakewood,CO,80215-0097,Bank Fees,Checks
CLEAN ENERGY CAUCUS SMALL DONOR COMMITTEE,Small Donor Committee,250.0,2025-08-05 00:00:00,William For Colorado,Redacted By Sos,CO,99999,Contributions,
COLORADO COMMITTEE OF AUTO RETAILERS (COLO C.A.R.),Political Committee,-50.0,2025-08-05 00:00:00,Steve Sundberg For Aurora City Council,Aurora,CO,,Returned Expenditure,Refund Of $50 To Meet Race Spending Limits.
COLORADO DEMOCRATIC PARTY,Political Party Committee,85.07,2025-08-05 00:00:00,Google,Mountain View,CA,94043,Office Equipment & Supplies,Software Subscription
COLORADO FORWARD PARTY COMMITTEE,Political Party Committee,55.27,2025-08-05 00:00:00,Meta Corporation,Menlo Park,CA,94025,Advertising,Meta Party Advertising
COLORADO STATE CONFERENCE OF ELECTRICAL WORKERS SMALL DONOR COMMITTEE (CSCEW),Small Donor Committee,100.0,2025-08-05 00:00:00,Colorado Secretary Of State,Denver,CO,80290,Other,Late Filing Fee
COPIC SMALL DONOR COMMITTEE,Small Donor Committee,2000.0,2025-08-05 00:00:00,Carrera For Colorado,Redacted By Sos,CO,99999,Contributions,Misc Campaign Contribution
KAREN FOR CO LEADERSHIP PAC,Political Committee,2.97,2025-08-05 00:00:00,Act Blue Llc,Somerville,MA,02144,Bank Fees,Act Blue Fees
KAREN FOR CO LEADERSHIP PAC,Political Committee,4.94,2025-08-05 00:00:00,Act Blue Llc,Somerville,MA,02144,Bank Fees,Act Blue Fees
LIBERTARIAN PARTY OF COLORADO (LPCO),Political Party Committee,0.42,2025-08-05 00:00:00,Stripe.Com,South San Francisco,CA,94080,Bank Fees,Credit Card Fees
APARTMENT ASSOCIATION OF METRO DENVER POLITICAL COMMITTEE,Political Committee,725.0,2025-08-06 00:00:00,Bennet For Governor,Superior,CO,80027,Contributions,
CALDWELL LEADERSHIP PAC,Political Committee,100.0,2025-08-06 00:00:00,Polifi Llc,Fort Lupton,CO,80621,Consultant & Professional Services,
COLORADO DEMOCRATIC PARTY,Political Party Committee,25.0,2025-08-06 00:00:00,Blackhawk Network Holdings,Pleasanton,CA,94588,Gifts,Volunteer Appreciation Giftcard
COLORADO DEMOCRATIC PARTY,Political Party Committee,130.43,2025-08-06 00:00:00,Google,Mountain View,CA,94043,Office Equipment & Supplies,Software Subscription
COLORADO DEMOCRATIC PARTY,Political Party Committee,6.58,2025-08-06 00:00:00,,,,,Miscellaneous,Beverage
COLORADO DEMOCRATIC PARTY,Political Party Committee,55.0,2025-08-06 00:00:00,Trail Winds Recreation Center,Thornton,CO,80602,Other,Venue Rental Fee
COPIC POLITICAL COMMITTEE,Political Committee,550.0,2025-08-06 00:00:00,Rydin With Gretchen,Redacted By Sos,CO,99999,Contributions,Misc Campaign Contribution
LIBERTARIAN PARTY OF COLORADO (LPCO),Political Party Committee,2.35,2025-08-06 00:00:00,Stripe.Com,South San Francisco,CA,94080,Bank Fees,Credit Card Fees
MONICA PAC,Political Committee,400.0,2025-08-06 00:00:00,Pat Quinn For Wheat Ridge,Wheat Ridge,CO,80033,Contributions,
SERENA LUCHA LEADERSHIP FUND,Political Committee,450.0,2025-08-06 00:00:00,Chela For Colorado,Redacted By Sos,CO,99999,Contributions,
THE COLEMAN LEADERSHIP FUND,Political Committee,15.8,2025-08-06 00:00:00,Actblue,Somerville,MA,02144,Bank Fees,
BROTHERHOOD OF LOCOMOTIVE ENGINEERS AND TRAINMEN PAC FUND,Political Committee,-200.0,2024-08-07 00:00:00,Tisha Mauro,Pueblo,CO,81006,Contributions,Offset Due To Deletion Of Filed Item - Contribution For General Election
BROTHERHOOD OF LOCOMOTIVE ENGINEERS AND TRAINMEN PAC FUND,Political Committee,-200.0,2024-08-07 00:00:00,Javier For Colorado,Denver,CO,80219-5033,Contributions,Offset Due To Deletion Of Filed Item - Contribution For General Election
COLORADANS FOR WESTERN VALUES LEADERSHIP PAC,Political Committee,200.0,2025-08-07 00:00:00,Robyn  Carnes,Centennial,CO,80122,Miscellaneous,Miscellaneous
LIBERTARIAN PARTY OF COLORADO (LPCO),Political Party Committee,4.3,2025-08-07 00:00:00,Anedot,New Orleans,LA,70112,Bank Fees,Credit Cards Fees
PUBLIC EDUCATION COMMITTEE,Small Donor Committee,240.0,2025-08-07 00:00:00,Mark Emery For D70 School Board,Pueblo,CO,81006,Other,Campaign Manager
PUBLIC EDUCATION COMMITTEE,Small Donor Committee,240.0,2025-08-07 00:00:00,Michelle Erickson For Pueblo,Pueblo,CO,81007,Other,Campaign Manager
PUBLIC EDUCATION COMMITTEE,Small Donor Committee,240.0,2025-08-07 00:00:00,Tommy Farrell For Pueblo D60 School Board,Pueblo,CO,81003,Other,Campaign Manager
PUBLIC EDUCATION COMMITTEE,Small Donor Committee,240.0,2025-08-07 00:00:00,Committee To Elect Rae Carnevale For D60 School Board,Pueblo,CO,81004,Other,Campaign Manager
PUBLIC EDUCATION COMMITTEE,Small Donor Committee,298.13,2025-08-07 00:00:00,Carla Braddy For Canon City School Board,Canon City,CO,81212,Other,Website Services
MAKE GREAT CHOICES PAC,Political Committee,800.0,2024-08-08 00:00:00,Dem Senate Campaign Fund,Denver,CO,80203,Other,Caucus Dues
BLUE LINE ADVOCATES PAC,Political Committee,300.0,2025-08-08 00:00:00,Sarah B Jack & Associates,Colorado Springs,CO,80906,Consultant & Professional Services,
COLORADO DEMOCRATIC PARTY,Political Party Committee,600.0,2025-08-08 00:00:00,Chris  Davis,Centennial,CO,80122,Entertainment,Reimbursement For Movie Screening Rights
JUDY AMABILE LEADERSHIP FUND,Political Committee,400.0,2025-08-08 00:00:00,Jack Johnson For Westminster,Westminster,CO,80031,Contributions,
RODRIGUEZ LEADERSHIP FUND,Political Committee,450.0,2025-08-08 00:00:00,Katie  Wallace,Redacted By Sos,CO,99999,Contributions,
THE COLEMAN LEADERSHIP FUND,Political Committee,450.0,2025-08-08 00:00:00,Katie  Wallace,Redacted By Sos,CO,99999,Contributions,
CHRIS KOLKER LEADERSHIP FUND,Political Committee,100.0,2025-08-10 00:00:00,Anne Keke For Kids,Aurora,CO,80017,Contributions,"Aps School Bo
Ard Donation."
CHRIS KOLKER LEADERSHIP FUND,Political Committee,400.0,2025-08-10 00:00:00,Cindy  Sandhu,Centennial,CO,80121,Contributions,Cindy Sandhu Running For Centennial City Council
CHRIS KOLKER LEADERSHIP FUND,Political Committee,400.0,2025-08-10 00:00:00,Kristin For Aps,Aurora,CO,80017,Contributions,
COLORADO WORKING FAMILIES PARTY SMALL DONOR COMMITTEE,Small Donor Committee,1.1,2025-08-10 00:00:00,Actblue Technical Services,Somerville,MA,02144,Fundraising Expenses,
DEMOCRATIC PARTY CONGRESSIONAL DISTRICT 4 COLORADO,Political Party Committee,0.79,2025-08-10 00:00:00,Actblue Technical Services,Somerville,MA,02144,Other,Cc Processing Fee
GRISWOLD LEADERSHIP PAC,Political Committee,28.64,2025-08-10 00:00:00,Actblue,West Somerville,MA,02144-0031,Fundraising Expenses,Credit Card Processing Fee
LESLIE HEROD'S BOLDLY FORWARD PAC,Political Committee,4.16,2025-08-10 00:00:00,Act Blue,Somerville,MA,02144,Fundraising Expenses,
PIKES PEAK SMALL DONOR COMMITTEE (PPSDC),Small Donor Committee,500.0,2025-08-10 00:00:00,Chris Harrell For D49,Colorado Springs,CO,80922,Contributions,
PIKES PEAK SMALL DONOR COMMITTEE (PPSDC),Small Donor Committee,500.0,2025-08-10 00:00:00,Jackie Burhans For D38 School Board,Monument,CO,80132,Contributions,
PIKES PEAK SMALL DONOR COMMITTEE (PPSDC),Small Donor Committee,1000.0,2025-08-10 00:00:00,Michelle For Wsd3 School Board,Fountain,CO,80817,Contributions,
PIKES PEAK SMALL DONOR COMMITTEE (PPSDC),Small Donor Committee,1000.0,2025-08-10 00:00:00,Committee To Elect Ren…E Ludlam To D20,Colorado Springs,CO,80919,Contributions,
PIKES PEAK SMALL DONOR COMMITTEE (PPSDC),Small Donor Committee,1000.0,2025-08-10 00:00:00,Elect Jenna Stites,Colorado Springs,CO,80924,Contributions,
PIKES PEAK SMALL DONOR COMMITTEE (PPSDC),Small Donor Committee,1000.0,2025-08-10 00:00:00,Dolphin For Colorado,Colorado Springs,CO,80911,Contributions,
COLORADO CLEANTECH PAC,Political Committee,15.55,2025-08-11 00:00:00,Christopher  Votoupal,Denver,CO,80223,Miscellaneous,
COLORADO DEMOCRATIC PARTY,Political Party Committee,27.86,2025-08-11 00:00:00,Mailchimp,Atlanta,GA,30308,Other,Subscription Fee
DOCTORS COMPANY COLORADO PAC (COLORADO DOCPAC),Political Committee,63.61,2025-08-11 00:00:00,Wells Fargo,Santa Rosa,CA,95401,Bank Fees,Monthly Bank Fee
FRIENDS OF COLORADO HOSPITALS (F/K/A HOSPITALS EXPRESS LEGISLATIVE PREFERENCE),Political Committee,138.59,2025-08-11 00:00:00,,,,,Bank Fees,Aug Bank Fee
JUDY AMABILE LEADERSHIP FUND,Political Committee,200.0,2025-08-11 00:00:00,Jamie For Colorado,Aurora,CO,80014,Contributions,
MANNY RUTINEL LEADERSHIP FUND,Political Committee,15.0,2025-08-11 00:00:00,State Of Colorado,Denver,CO,80203,Other,Capitol Gym
MONICA PAC,Political Committee,1850.0,2025-08-11 00:00:00,Jefferson County Democratic Party,Lakewood,CO,80226,Contributions,Jdli
REBEKAH STEWART FOR COLORADO,Political Committee,50.0,2025-08-11 00:00:00,Coloradans For Karla Esser,Lakewood,CO,80228,Contributions,
THE COLEMAN LEADERSHIP FUND,Political Committee,450.0,2025-08-11 00:00:00,Sheila  Lieder,Redacted By Sos,CO,99999,Contributions,
THE COLEMAN LEADERSHIP FUND,Political Committee,450.0,2025-08-11 00:00:00,William  Lindstedt,Redacted By Sos,CO,99999,Contributions,
THE COLEMAN LEADERSHIP FUND,Political Committee,14.14,2025-08-11 00:00:00,Wolf And Honey,Brighton,CO,80601,"Food, Beverages and Meals",
BROTHERHOOD OF LOCOMOTIVE ENGINEERS AND TRAINMEN PAC FUND,Political Committee,-200.0,2024-08-12 00:00:00,Scott Brown For Arapahoe County,Aurora,CO,80013,Contributions,Offset Due To Deletion Of Filed Item - Contribution For 2024 General Election
BROTHERHOOD OF LOCOMOTIVE ENGINEERS AND TRAINMEN PAC FUND,Political Committee,-200.0,2024-08-12 00:00:00,Gretchen For Colorado,Redacted By Sos,CO,99999,Contributions,Offset Due To Deletion Of Filed Item - Contribution For General Election
COLORADO CREDIT UNION POLITICAL ACTION COMMITTEE,Political Committee,450.0,2025-08-12 00:00:00,Michael J Carter,Redacted By Sos,CO,99999,Contributions,
COLORADO FORWARD PARTY COMMITTEE,Political Party Committee,18.4,2025-08-12 00:00:00,Zoom Corporation,San Jose,CA,95113,Office Equipment & Supplies,Monthly Zoom Subscription
GRISWOLD LEADERSHIP PAC,Political Committee,124.68,2025-08-12 00:00:00,1-800 Flowers,Jericho,NY,11753,Gifts,
GRISWOLD LEADERSHIP PAC,Political Committee,2.0,2025-08-12 00:00:00,,,,,Bank Fees,
LIBERTARIAN PARTY OF COLORADO (LPCO),Political Party Committee,64.95,2025-08-12 00:00:00,Clover App,Sunnyvale,CA,94085,Bank Fees,Service Fees
LIBERTARIAN PARTY OF COLORADO (LPCO),Political Party Committee,30.45,2025-08-12 00:00:00,Fdms,Greenwood Village,CO,80111,Bank Fees,Service Fees
LIBERTARIAN PARTY OF COLORADO (LPCO),Political Party Committee,50.0,2025-08-12 00:00:00,Tmobile,Albuquerque,NM,87176,Telephone,Internet Hot Spot
MANNY RUTINEL LEADERSHIP FUND,Political Committee,9.99,2025-08-12 00:00:00,Mailmeteor,Paris,FR,75013,Office Equipment & Supplies,Software
NABIP COLORADO POLITICAL ACTION COMMITTEE,Political Committee,0.92,2025-08-12 00:00:00,Paypal,San Jose,CA,95131,Bank Fees,
BIPAC (BLACK INDIGENOUS LEADERSHIP PAC),Political Committee,400.0,2025-08-13 00:00:00,Alli  Jackson,Aurora,CO,80010,Contributions,Contribution To Alli Jackson For Aurora
COLORADO DEMOCRATIC PARTY,Political Party Committee,44.44,2025-08-13 00:00:00,Amazon,Seattle,WA,98108,Office Equipment & Supplies,Cleaning Supplies
COLORADO DEMOCRATIC PARTY,Political Party Committee,37.09,2025-08-13 00:00:00,Zoom,San Jose,CA,95113,Other,Web Conferencing Services
COPIC SMALL DONOR COMMITTEE,Small Donor Committee,-2000.0,2025-08-13 00:00:00,Armagost For Hd64,Redacted By Sos,CO,99999,Returned Expenditure,"Check Never Sent, Candidate No Longer Running For Office"
EDIE HOOTON LEADERSHIP FUND,Political Committee,12.25,2025-08-13 00:00:00,Firstbank,Boulder,CO,80301,Bank Fees,
ESGAR LEADERSHIP FUND,Political Committee,1450.0,2025-08-13 00:00:00,Bennet For Governor,Superior,CO,80027,Contributions,
KAREN FOR CO LEADERSHIP PAC,Political Committee,200.0,2025-08-13 00:00:00,Jack For Westminster,Westminster,CO,80031,Contributions,
KAREN FOR CO LEADERSHIP PAC,Political Committee,450.0,2025-08-13 00:00:00,Jillaire For Hd19,Redacted By Sos,CO,99999,Contributions,
LIBERTARIAN PARTY OF COLORADO (LPCO),Political Party Committee,1.05,2025-08-13 00:00:00,Stripe.Com,South San Francisco,CA,94080,Bank Fees,Credit Card Fees
METRO HOUSING COALITION (MHC),Political Committee,450.0,2025-08-13 00:00:00,Marsha 4 City Council,Aurora,CO,80047,Contributions,Municipal Candidate Contribution
METRO HOUSING COALITION (MHC),Political Committee,450.0,2025-08-13 00:00:00,Steve Sundberg For Aurora Ward Ii,Aurora,CO,80018,Contributions,Municipal Candidate Contribution
METRO HOUSING COALITION (MHC),Political Committee,400.0,2025-08-13 00:00:00,Gregory Mills For Mayor,Brighton,CO,80601,Contributions,Municipal Candidate Contribution
METRO HOUSING COALITION (MHC),Political Committee,1500.0,2025-08-13 00:00:00,Guyleen For Broomfield Mayor,Broomfield,CO,80023,Contributions,Municipal Candidate Contribution
METRO HOUSING COALITION (MHC),Political Committee,750.0,2025-08-13 00:00:00,Friends Of Robyn Carnes,Centennial,CO,80112,Contributions,Municipal Candidate Contribution
METRO HOUSING COALITION (MHC),Political Committee,400.0,2025-08-13 00:00:00,Jeslin 4 Lakewood,Lakewood,CO,80226,Contributions,Municipal Candidate Contribution
METRO HOUSING COALITION (MHC),Political Committee,400.0,2025-08-13 00:00:00,Bill Furman 4 Lakewood,Lakewood,CO,80226,Contributions,Municipal Candidate Contribution
METRO HOUSING COALITION (MHC),Political Committee,400.0,2025-08-13 00:00:00,Sarah Nurmela For Westminster City Council,Westminster,CO,80234,Contributions,Municipal Candidate Contribution
THE COLEMAN LEADERSHIP FUND,Political Committee,3.95,2025-08-13 00:00:00,Actblue,Somerville,MA,02144,Bank Fees,
EDIE HOOTON LEADERSHIP FUND,Political Committee,11.84,2024-08-14 00:00:00,Firstbank,Boulder,CO,80301,Bank Fees,
COLIN PAC,Political Committee,450.0,2025-08-14 00:00:00,Dana Charles For Colorado,Pueblo West,CO,81007,Contributions,
COLORADO DEMOCRATIC PARTY,Political Party Committee,82.93,2025-08-14 00:00:00,Amazon,Seattle,WA,98108,Office Equipment & Supplies,"Labels, Envelopes"
COLORADO DEMOCRATIC PARTY,Political Party Committee,120.0,2025-08-14 00:00:00,Erie Community Center,Erie,CO,80516,Other,Room Rental Fee
COLORADO INDEPENDENTS PAC (COINPAC),Political Committee,-625.0,2025-08-14 00:00:00,Ricks Pac,Aurora,CO,80015,Returned Expenditure,Contribution Not Received. Mailed Via Usps.
COLORADO INDEPENDENTS PAC (COINPAC),Political Committee,-450.0,2025-08-14 00:00:00,Ricks For Colorado,Aurora,CO,80015,Returned Expenditure,Contribution Not Delivered By Usps To Candidate
COLORADO INDEPENDENTS PAC (COINPAC),Political Committee,625.0,2025-08-14 00:00:00,Ricks For Colorado,Aurora,CO,80015,Contributions,Contribution
COLORADO INDEPENDENTS PAC (COINPAC),Political Committee,450.0,2025-08-14 00:00:00,Ricks For Colorado,Aurora,CO,80015,Contributions,Replace Contribution That Not Received By Candidate. Original Contribution Mailed Via Usps.
DEMOCRATIC PARTY CONGRESSIONAL DISTRICT 4 COLORADO,Political Party Committee,27.4,2025-08-14 00:00:00,Intuit Quickbooks,Mountain View,CA,94043,Fundraising Expenses,Accounting Sw
DEMOCRATIC PARTY CONGRESSIONAL DISTRICT 4 COLORADO,Political Party Committee,10.23,2025-08-14 00:00:00,Us Bank,Parker,CO,80134,Bank Fees,Processing Fee
LIBERTARIAN PARTY OF COLORADO (LPCO),Political Party Committee,1.62,2025-08-14 00:00:00,Stripe.Com,South San Francisco,CA,94080,Bank Fees,Credit Card Fees
MANNY RUTINEL LEADERSHIP FUND,Political Committee,25.21,2025-08-14 00:00:00,Ny Times,New York,NY,10018,Other,Research
MESA VALLEY EDUCATION ASSOCIATION SDC,Small Donor Committee,5000.0,2025-08-14 00:00:00,Vicki Woods For D51 School Board,Grand Junction,CO,81504,Contributions,Contribution To Candidate
MESA VALLEY EDUCATION ASSOCIATION SDC,Small Donor Committee,5000.0,2025-08-14 00:00:00,Mike Rathbone For D51,Grand Junction,CO,81501,Contributions,Contribution To Candidate
PUBLIC EDUCATION COMMITTEE,Small Donor Committee,2000.0,2025-08-14 00:00:00,Monica For Denver,Redacted By Sos,CO,99999,Contributions,Candidate Contribution
PUBLIC EDUCATION COMMITTEE,Small Donor Committee,2000.0,2025-08-14 00:00:00,Charles 4 D11,Colorado Springs,CO,80910,Contributions,Candidate Contribution
PUBLIC EDUCATION COMMITTEE,Small Donor Committee,1250.0,2025-08-14 00:00:00,Leann 4 D11,Colorado Springs,CO,80903,Contributions,Candidate Contribution
PUBLIC EDUCATION COMMITTEE,Small Donor Committee,1250.0,2025-08-14 00:00:00,Elect Michael Carsten,Redacted By Sos,CO,99999,Contributions,Candidate Contribution
PUBLIC EDUCATION COMMITTEE,Small Donor Committee,833.33,2025-08-14 00:00:00,Vicki Woods For D51 School Board,Grand Junction,CO,81504,Contributions,Candidate Contribution
PUBLIC EDUCATION COMMITTEE,Small Donor Committee,833.33,2025-08-14 00:00:00,Mike Rathbone For D51,Grand Junction,CO,81501,Contributions,Candidate Contribution
PUBLIC EDUCATION COMMITTEE,Small Donor Committee,1250.0,2025-08-14 00:00:00,Mark Emery For D70 School Board,Pueblo,CO,81006,Contributions,Candidate Contribution
PUBLIC EDUCATION COMMITTEE,Small Donor Committee,1250.0,2025-08-14 00:00:00,Michelle Erickson For Pueblo,Pueblo,CO,81007,Contributions,Candidate Contribution
PUBLIC EDUCATION COMMITTEE,Small Donor Committee,500.0,2025-08-14 00:00:00,Michelle For Wsd3 School Board,Fountain,CO,80817,Contributions,Candidate Contribution
PUBLIC EDUCATION COMMITTEE,Small Donor Committee,500.0,2025-08-14 00:00:00,Dolphin For Colorado,Colorado Springs,CO,80911,Contributions,Candidate Contribution
PUBLIC EDUCATION COMMITTEE,Small Donor Committee,500.0,2025-08-14 00:00:00,H Withers Campaign,Colorado Springs,CO,80922-1616,Contributions,Candidate Contribution
PUBLIC EDUCATION COMMITTEE,Small Donor Committee,500.0,2025-08-14 00:00:00,Chris Harrell For D49,Colorado Springs,CO,80922,Contributions,Candidate Contribution
PUBLIC EDUCATION COMMITTEE,Small Donor Committee,1250.0,2025-08-14 00:00:00,Tommy Farrell For Pueblo D60 School Board,Pueblo,CO,81003,Contributions,Candidate Contributions
PUBLIC EDUCATION COMMITTEE,Small Donor Committee,1250.0,2025-08-14 00:00:00,Committee To Elect Rae Carnevale For D60 School Board,Pueblo,CO,81004,Donation for Independent Expenditures,Candidate Contribution
PUBLIC EDUCATION COMMITTEE,Small Donor Committee,1125.0,2025-08-14 00:00:00,Ramon Alvarado For 27J,Commerce City,CO,80022,Contributions,Candidate Contributions
PUBLIC EDUCATION COMMITTEE,Small Donor Committee,1125.0,2025-08-14 00:00:00,Together With Tracie,Thornton,CO,80602,Contributions,Candidate Contribution
PUBLIC EDUCATION COMMITTEE,Small Donor Committee,2166.66,2025-08-14 00:00:00,Michael For Jeffco Schools,Redacted By Sos,CO,99999,Contributions,Candidate Contribution
PUBLIC EDUCATION COMMITTEE,Small Donor Committee,2250.0,2025-08-14 00:00:00,Ike For Adams 12 School Board,Redacted By Sos,CO,99999,Contributions,Candidate Contribution
PUBLIC EDUCATION COMMITTEE,Small Donor Committee,2250.0,2025-08-14 00:00:00,Amira Assad-Lucas For Adams 12 School Board,Thornton,CO,80229,Contributions,Candidate Contribution
PUBLIC EDUCATION COMMITTEE,Small Donor Committee,1000.0,2025-08-14 00:00:00,Jackie Burhans For D38 School Board,Monument,CO,80132,Contributions,Candidate Contribution
PUBLIC EDUCATION COMMITTEE,Small Donor Committee,333.34,2025-08-14 00:00:00,Committee To Elect Brandon Clark,Colorado Springs,CO,80908,Contributions,Candidate Contribution
PUBLIC EDUCATION COMMITTEE,Small Donor Committee,333.33,2025-08-14 00:00:00,Committee To Elect Ren…E Ludlam To D20,Colorado Springs,CO,80919,Contributions,Candidate Contribution
PUBLIC EDUCATION COMMITTEE,Small Donor Committee,333.33,2025-08-14 00:00:00,Elect Jenna Stites,Colorado Springs,CO,80924,Donation for Independent Expenditures,Candidate Contribution
PUBLIC EDUCATION COMMITTEE,Small Donor Committee,833.34,2025-08-14 00:00:00,Dmitri Atrash,Loveland,CO,80538,Contributions,Candidate Contribution
PUBLIC EDUCATION COMMITTEE,Small Donor Committee,833.33,2025-08-14 00:00:00,Alexandra Lessem For Thompson School Board,Loveland,CO,80537,Contributions,Candidate Contribution
PUBLIC EDUCATION COMMITTEE,Small Donor Committee,833.33,2025-08-14 00:00:00,Scholl For Thompson School District,Loveland,CO,80538,Contributions,Candidate Contribution
PUBLIC EDUCATION COMMITTEE,Small Donor Committee,483.33,2025-08-14 00:00:00,Dmitri Atrash,Loveland,CO,80538,Other,Video/Photo Production
PUBLIC EDUCATION COMMITTEE,Small Donor Committee,483.33,2025-08-14 00:00:00,Alexandra Lessem For Thompson School Board,Loveland,CO,80537,Other,Video/Photo Production
PUBLIC EDUCATION COMMITTEE,Small Donor Committee,483.33,2025-08-14 00:00:00,Scholl For Thompson School District,Loveland,CO,80538,Other,Video/Photo Production
PUBLIC EDUCATION COMMITTEE,Small Donor Committee,483.33,2025-08-14 00:00:00,Committee To Elect Brandon Clark,Colorado Springs,CO,80908,Other,Video/Photo Production
PUBLIC EDUCATION COMMITTEE,Small Donor Committee,483.33,2025-08-14 00:00:00,Committee To Elect Ren…E Ludlam To D20,Colorado Springs,CO,80919,Other,Video/Photo Production
PUBLIC EDUCATION COMMITTEE,Small Donor Committee,483.33,2025-08-14 00:00:00,Elect Jenna Stites,Colorado Springs,CO,80924,Other,Video/Photo Production
PUBLIC EDUCATION COMMITTEE,Small Donor Committee,483.33,2025-08-14 00:00:00,Committee To Elect Kenneth Todd Albrecht To Canon City Schools Board Of Education,Canon City,CO,81212,Other,Video/Photo Production
PUBLIC EDUCATION COMMITTEE,Small Donor Committee,483.33,2025-08-14 00:00:00,Carla Braddy For Canon City School Board,Canon City,CO,81212,Other,Video/Photo Production
PUBLIC EDUCATION COMMITTEE,Small Donor Committee,483.33,2025-08-14 00:00:00,Charles 4 D11,Colorado Springs,CO,80910,Other,Video/Photo Production
PUBLIC EDUCATION COMMITTEE,Small Donor Committee,483.33,2025-08-14 00:00:00,Elect Michael Carsten,Redacted By Sos,CO,99999,Other,Video/Photo Production
PUBLIC EDUCATION COMMITTEE,Small Donor Committee,483.33,2025-08-14 00:00:00,Leann 4 D11,Colorado Springs,CO,80903,Other,Video/Photo Production
PUBLIC EDUCATION COMMITTEE,Small Donor Committee,483.33,2025-08-14 00:00:00,Dj For Denver,Denver,CO,80224,Other,Video/Photo Production
PUBLIC EDUCATION COMMITTEE,Small Donor Committee,483.33,2025-08-14 00:00:00,Amy Klein Molk Political Campaign,Denver,CO,80220,Other,Dj For Denver
PUBLIC EDUCATION COMMITTEE,Small Donor Committee,483.33,2025-08-14 00:00:00,Monica For Denver,Redacted By Sos,CO,99999,Other,Dj For Denver
PUBLIC EDUCATION COMMITTEE,Small Donor Committee,483.33,2025-08-14 00:00:00,H Withers Campaign,Colorado Springs,CO,80922-1616,Other,Video/Photo Production
PUBLIC EDUCATION COMMITTEE,Small Donor Committee,483.33,2025-08-14 00:00:00,Chris Harrell For D49,Colorado Springs,CO,80922,Other,Video/Photo Production
PUBLIC EDUCATION COMMITTEE,Small Donor Committee,483.33,2025-08-14 00:00:00,Tommy Farrell For Pueblo D60 School Board,Pueblo,CO,81003,Other,Video/Photo Production
PUBLIC EDUCATION COMMITTEE,Small Donor Committee,483.33,2025-08-14 00:00:00,Committee To Elect Rae Carnevale For D60 School Board,Pueblo,CO,81004,Other,Video/Photo Production
PUBLIC EDUCATION COMMITTEE,Small Donor Committee,483.33,2025-08-14 00:00:00,Mark Emery For D70 School Board,Pueblo,CO,81006,Other,Video/Photo Production
PUBLIC EDUCATION COMMITTEE,Small Donor Committee,483.33,2025-08-14 00:00:00,Michelle Erickson For Pueblo,Pueblo,CO,81007,Other,Video/Photo Production
PUBLIC EDUCATION COMMITTEE,Small Donor Committee,483.33,2025-08-14 00:00:00,Michelle For Wsd3 School Board,Fountain,CO,80817,Other,Video/Photo Production
PUBLIC EDUCATION COMMITTEE,Small Donor Committee,483.33,2025-08-14 00:00:00,Dolphin For Colorado,Colorado Springs,CO,80911,Other,Video/Photo Production
PUBLIC EDUCATION COMMITTEE,Small Donor Committee,130.98,2025-08-14 00:00:00,Michelle Erickson For Pueblo,Pueblo,CO,81007,Other,Printing Services
PUBLIC EDUCATION COMMITTEE,Small Donor Committee,367.0,2025-08-14 00:00:00,Committee To Elect Brandon Clark,Colorado Springs,CO,80908,Other,Polling
PUBLIC EDUCATION COMMITTEE,Small Donor Committee,367.0,2025-08-14 00:00:00,Committee To Elect Ren…E Ludlam To D20,Colorado Springs,CO,80919,Other,Polling
PUBLIC EDUCATION COMMITTEE,Small Donor Committee,367.0,2025-08-14 00:00:00,Elect Jenna Stites,Colorado Springs,CO,80924,Other,Polling
PUBLIC EDUCATION COMMITTEE,Small Donor Committee,367.0,2025-08-14 00:00:00,Charles 4 D11,Colorado Springs,CO,80910,Other,Polling
PUBLIC EDUCATION COMMITTEE,Small Donor Committee,367.0,2025-08-14 00:00:00,Elect Michael Carsten,Redacted By Sos,CO,99999,Other,Polling
PUBLIC EDUCATION COMMITTEE,Small Donor Committee,367.0,2025-08-14 00:00:00,Leann 4 D11,Colorado Springs,CO,80903,Other,Polling
PUBLIC EDUCATION COMMITTEE,Small Donor Committee,367.0,2025-08-14 00:00:00,H Withers Campaign,Colorado Springs,CO,80922-1616,Other,Polling
PUBLIC EDUCATION COMMITTEE,Small Donor Committee,367.0,2025-08-14 00:00:00,Chris Harrell For D49,Colorado Springs,CO,80922,Other,Polling
PUBLIC EDUCATION COMMITTEE,Small Donor Committee,367.0,2025-08-14 00:00:00,Michelle For Wsd3 School Board,Fountain,CO,80817,Other,Polling
PUBLIC EDUCATION COMMITTEE,Small Donor Committee,367.0,2025-08-14 00:00:00,Dolphin For Colorado,Colorado Springs,CO,80911,Other,Polling
PUBLIC EDUCATION COMMITTEE,Small Donor Committee,1295.0,2025-08-14 00:00:00,Mark Emery For D70 School Board,Pueblo,CO,81006,Other,Polling
PUBLIC EDUCATION COMMITTEE,Small Donor Committee,1295.0,2025-08-14 00:00:00,Michelle Erickson For Pueblo,Pueblo,CO,81007,Other,Polling
PUBLIC EDUCATION COMMITTEE,Small Donor Committee,1295.0,2025-08-14 00:00:00,Tommy Farrell For Pueblo D60 School Board,Pueblo,CO,81003,Other,Polling
PUBLIC EDUCATION COMMITTEE,Small Donor Committee,1295.0,2025-08-14 00:00:00,Committee To Elect Rae Carnevale For D60 School Board,Pueblo,CO,81004,Other,Polling
PUBLIC EDUCATION COMMITTEE,Small Donor Committee,2590.0,2025-08-14 00:00:00,Ike For Adams 12 School Board,Redacted By Sos,CO,99999,Other,Polling
PUBLIC EDUCATION COMMITTEE,Small Donor Committee,2590.0,2025-08-14 00:00:00,Amira Assad-Lucas For Adams 12 School Board,Thornton,CO,80229,Other,Polling
RYDIN WITH GRETCHEN,Political Committee,76.37,2025-08-14 00:00:00,Gretchen J Rydin,Redacted By Sos,CO,99999,Fundraising Expenses,Note Cards
SEIU LOCAL 105 SMALL DONOR COMMITTEE FOR WORKING FAMILIES,Small Donor Committee,7500.0,2025-08-14 00:00:00,Colorado Democratic Party,Denver,CO,80203,Contributions,Obama Gala
THE COLEMAN LEADERSHIP FUND,Political Committee,450.0,2025-08-14 00:00:00,Monica I Duran,Wheat Ridge,CO,80033,Contributions,
THE COLEMAN LEADERSHIP FUND,Political Committee,450.0,2025-08-14 00:00:00,Jamie  Jackson,Redacted By Sos,CO,99999,Contributions,
THE JCEA SMALL DONOR COMMITTEE (JEFFERSON COUNTY EDUCATION ASSN.),Small Donor Committee,1750.0,2025-08-14 00:00:00,Jefferson County Democratic Party,Lakewood,CO,80226,Contributions,
US ANESTHESIA PARTNERS COLORADO STATE COMMITTEE,Political Committee,68.61,2025-08-14 00:00:00,Bok Financial,Denver,CO,80217,Bank Fees,Bank Fees
BALL FOR ALL LEADERSHIP FUND,Political Committee,104.3,2025-08-15 00:00:00,Denver Democratic Central Committee,Denver,CO,80205,Miscellaneous,Century Club Donation
BALL FOR ALL LEADERSHIP FUND,Political Committee,4.21,2025-08-15 00:00:00,Corvus Coffee Roasters,Denver,CO,80203,"Food, Beverages and Meals",Coffee Meeting
COLORADO CENTER PARTY CENTRAL COMMITTEE,Political Party Committee,3.38,2025-08-15 00:00:00,Paypal Inc.,San Jose,CA,95131,Bank Fees,
COLORADO DEMOCRATIC PARTY,Political Party Committee,98.01,2025-08-15 00:00:00,Copy Copy,Avon,CO,81620,Office Equipment & Supplies,Copying Services
COLORADO DEMOCRATIC PARTY,Political Party Committee,532.7,2025-08-15 00:00:00,Expedia,Bellevue,WA,98004,Travel & Lodging,Air Fare
COLORADO DEMOCRATIC PARTY,Political Party Committee,45.0,2025-08-15 00:00:00,The Action Network,New York,NY,10016,Office Equipment & Supplies,Subscription
COLORADO RADIOLOGICAL SOCIETY POLITICAL COMMITTEE,Political Committee,6.5,2025-08-15 00:00:00,,,,,Bank Fees,
COMMITTEE FOR PHYSICIAN ANESTHESIA CARE,Political Committee,30.0,2025-08-15 00:00:00,,,,,Bank Fees,
JESSIE DANIELSON PAC,Political Committee,150.0,2025-08-15 00:00:00,Colorado Democratic Party,Denver,CO,80203,Contributions,
LIBERTARIAN PARTY OF COLORADO (LPCO),Political Party Committee,151.2,2025-08-15 00:00:00,Microsoft,Redmond,WA,98052,Office Equipment & Supplies,Ms 365
LIBERTARIAN PARTY OF COLORADO (LPCO),Political Party Committee,0.6,2025-08-15 00:00:00,Stripe.Com,South San Francisco,CA,94080,Bank Fees,Credit Card Fees
PUBLIC EDUCATION COMMITTEE,Small Donor Committee,400.0,2025-08-15 00:00:00,Committee To Elect Brandon Clark,Colorado Springs,CO,80908,Other,Voter File Access
PUBLIC EDUCATION COMMITTEE,Small Donor Committee,400.0,2025-08-15 00:00:00,Committee To Elect Ren…E Ludlam To D20,Colorado Springs,CO,80919,Other,Voter File Access
PUBLIC EDUCATION COMMITTEE,Small Donor Committee,400.0,2025-08-15 00:00:00,Elect Jenna Stites,Colorado Springs,CO,80924,Other,Voter File Access
THE COLEMAN LEADERSHIP FUND,Political Committee,450.0,2025-08-15 00:00:00,Jennifer  Bacon,Denver,CO,80239,Contributions,
THE COLEMAN LEADERSHIP FUND,Political Committee,450.0,2025-08-15 00:00:00,Michael J Carter,Redacted By Sos,CO,99999,Contributions,
THE COLEMAN LEADERSHIP FUND,Political Committee,450.0,2025-08-15 00:00:00,Naquetta O Ricks,Aurora,CO,80015,Contributions,
TWO RIVERS LEADERSHIP PAC,Political Committee,400.0,2025-08-15 00:00:00,Strategic Compliance Llc,Denver,CO,80205,Consultant & Professional Services,
COLORADO CENTER PARTY CENTRAL COMMITTEE,Political Party Committee,35.38,2025-08-16 00:00:00,Hover.Com,Toronto,ON,M6K 3MA,Miscellaneous,
HARTSOOK LEADERSHIP PAC,Political Committee,200.0,2025-08-16 00:00:00,Committee To Re-Elect Darren Weekly For Sheriff,Parker,CO,80000,Contributions,
PUBLIC EDUCATION COMMITTEE,Small Donor Committee,-400.0,2025-08-16 00:00:00,Elect Jenna Stites,Colorado Springs,CO,80924,Returned Expenditure,Used Other Services For Voter File Access
PUBLIC EDUCATION COMMITTEE,Small Donor Committee,-400.0,2025-08-16 00:00:00,Committee To Elect Ren…E Ludlam To D20,Colorado Springs,CO,80919,Returned Expenditure,Used Other Services For Voter File Access
PUBLIC EDUCATION COMMITTEE,Small Donor Committee,-400.0,2025-08-16 00:00:00,Committee To Elect Brandon Clark,Colorado Springs,CO,80908,Returned Expenditure,Used Other Services For Voter File Access
GRISWOLD LEADERSHIP PAC,Political Committee,28.64,2025-08-17 00:00:00,Actblue,West Somerville,MA,02144-0031,Fundraising Expenses,Credit Card Processing Fee
LESLIE HEROD'S BOLDLY FORWARD PAC,Political Committee,30.19,2025-08-17 00:00:00,Act Blue,Somerville,MA,02144,Fundraising Expenses,
NABIP COLORADO POLITICAL ACTION COMMITTEE,Political Committee,0.91,2025-08-17 00:00:00,Quickbooks Payments,Woodland Hills,CA,91367,Bank Fees,
UNITED COLORADO COMMITTEE,Political Party Committee,179.88,2025-08-17 00:00:00,Hosting.Com,Ann Arbor,MI,48106,Office Equipment & Supplies,Web Hosting Unityparty.Us
BUILDING BRIDGES FOR COLORADO,Political Committee,2.0,2025-08-18 00:00:00,1St Bank,Lakewood,CO,80215,Bank Fees,
COLORADO CENTER PARTY CENTRAL COMMITTEE,Political Party Committee,3.38,2025-08-18 00:00:00,Paypal Inc.,San Jose,CA,95131,Bank Fees,
COLORADO DEMOCRATIC PARTY,Political Party Committee,154.5,2025-08-18 00:00:00,City Of Longmont Parks And Recreation,Longmont,CO,80501,Other,Venue Rental Fee
COLORADO DEMOCRATIC PARTY,Political Party Committee,2561.16,2025-08-18 00:00:00,Hotel Colorado,Glenwood Springs,CO,81601,Other,Room Rental Fee
COLORADO DEMOCRATIC PARTY,Political Party Committee,8.83,2025-08-18 00:00:00,Squarespace,New York,NY,10014,Office Equipment & Supplies,Website Hosting Fee
GREEN PARTY OF COLORADO,Political Party Committee,0.95,2025-08-18 00:00:00,Paypal,San Jose,CA,95131,Bank Fees,
LIBERTARIAN PARTY OF COLORADO (LPCO),Political Party Committee,67.0,2025-08-18 00:00:00,Smart Space,Lakewood,CO,80215,Rent & Utilities,Storage Space
PUBLIC EDUCATION COMMITTEE,Small Donor Committee,400.0,2025-08-18 00:00:00,Ramon Alvarado For 27J,Commerce City,CO,80022,Other,Voter File Access
PUBLIC EDUCATION COMMITTEE,Small Donor Committee,400.0,2025-08-18 00:00:00,Together With Tracie,Thornton,CO,80602,Other,Voter File Access
PUBLIC EDUCATION COMMITTEE,Small Donor Committee,483.33,2025-08-18 00:00:00,Together With Tracie,Thornton,CO,80602,Other,Video/Photo Production
PUBLIC EDUCATION COMMITTEE,Small Donor Committee,483.33,2025-08-18 00:00:00,Ramon Alvarado For 27J,Commerce City,CO,80022,Other,Video/Photo Production
PUBLIC EDUCATION COMMITTEE,Small Donor Committee,400.0,2025-08-18 00:00:00,Mark Emery For D70 School Board,Pueblo,CO,81006,Other,Voter File Access
PUBLIC EDUCATION COMMITTEE,Small Donor Committee,400.0,2025-08-18 00:00:00,Michelle Erickson For Pueblo,Pueblo,CO,81007,Other,Voter File Access
PUBLIC EDUCATION COMMITTEE,Small Donor Committee,400.0,2025-08-18 00:00:00,Tommy Farrell For Pueblo D60 School Board,Pueblo,CO,81003,Other,Voter File Access
PUBLIC EDUCATION COMMITTEE,Small Donor Committee,400.0,2025-08-18 00:00:00,Committee To Elect Rae Carnevale For D60 School Board,Pueblo,CO,81004,Other,Voter File Access
PUBLIC EDUCATION COMMITTEE,Small Donor Committee,400.0,2025-08-18 00:00:00,Vicki Woods For D51 School Board,Grand Junction,CO,81504,Other,Voter File Access
PUBLIC EDUCATION COMMITTEE,Small Donor Committee,400.0,2025-08-18 00:00:00,Starr For Students,Henderson,CO,80640-9360,Other,Voter File Access
PUBLIC EDUCATION COMMITTEE,Small Donor Committee,400.0,2025-08-18 00:00:00,Ashley Conn For 27J,Commerce City,CO,80022,Other,Voter File Access
PUBLIC EDUCATION COMMITTEE,Small Donor Committee,483.33,2025-08-18 00:00:00,Ashley Conn For 27J,Commerce City,CO,80022,Other,Video/Photo Production
PUBLIC EDUCATION COMMITTEE,Small Donor Committee,483.33,2025-08-18 00:00:00,Starr For Students,Henderson,CO,80640-9360,Other,Video/Photo Production
"AMERICAN FEDERATION OF STATE, COUNTY AND MUNICIPAL EMPLOYEES",Small Donor Committee,3300.0,2025-08-19 00:00:00,House Majority Project,Denver,CO,80203,Contributions,
"AMERICAN FEDERATION OF STATE, COUNTY AND MUNICIPAL EMPLOYEES",Small Donor Committee,1700.0,2025-08-19 00:00:00,Democratic Senate Campaign Fund,Denver,CO,80203,Contributions,
ANDREW FOR COLORADO LEADERSHIP FUND,Political Committee,250.0,2025-08-19 00:00:00,Jillaire For Hd19,Redacted By Sos,CO,99999,Contributions,
ANDREW FOR COLORADO LEADERSHIP FUND,Political Committee,250.0,2025-08-19 00:00:00,Rein For Colorado,Littleton,CO,80162,Contributions,
ANDREW FOR COLORADO LEADERSHIP FUND,Political Committee,3000.0,2025-08-19 00:00:00,Colorado Democratic Party,Denver,CO,80203,Contributions,
ANDREW FOR COLORADO LEADERSHIP FUND,Political Committee,450.0,2025-08-19 00:00:00,Gena Ozols For Hd3,Redacted By Sos,CO,99999,Contributions,
ANDREW FOR COLORADO LEADERSHIP FUND,Political Committee,250.0,2025-08-19 00:00:00,Varda For Colorado,Arvada,CO,80005,Contributions,
ANDREW FOR COLORADO LEADERSHIP FUND,Political Committee,200.0,2025-08-19 00:00:00,Emily Sirota For Colorado,Redacted By Sos,CO,99999,Contributions,
ANDREW FOR COLORADO LEADERSHIP FUND,Political Committee,200.0,2025-08-19 00:00:00,Friends Of Jacque Phillips,Redacted By Sos,CO,99999,Contributions,
COLORADO DEMOCRATIC PARTY,Political Party Committee,206.0,2025-08-19 00:00:00,City Of Longmont Parks And Recreation,Longmont,CO,80501,Other,Venue Rental Fee And Deposit
COLORADO DEMOCRATIC PARTY,Political Party Committee,2814.66,2025-08-19 00:00:00,Nicholas  Paprocki,Thornton,CO,80229,Employee Services,Salary
COLORADO DEMOCRATIC PARTY,Political Party Committee,1209.82,2025-08-19 00:00:00,Paychex,Norristown,PA,19403,Employee Services,Payroll Taxes
COLORADO DEMOCRATIC PARTY,Political Party Committee,1324.41,2025-08-19 00:00:00,Paychex,Norristown,PA,19403,Employee Services,Payroll Taxes
COLORADO DEMOCRATIC PARTY,Political Party Committee,2678.05,2025-08-19 00:00:00,Chris P Rork,Denver,CO,80222,Employee Services,Salary
COLORADO INDEPENDENT AUTO DEALERS POLITICAL COMMITTEE,Political Committee,10000.0,2025-08-19 00:00:00,All Together Colorado,Denver,CO,80206,Contributions,
HARTSOOK LEADERSHIP PAC,Political Committee,200.0,2025-08-19 00:00:00,Vail For Dcsd,Parker,CO,80134,Contributions,
HARTSOOK LEADERSHIP PAC,Political Committee,200.0,2025-08-19 00:00:00,Gambill For Dcsd,Castle Rock,CO,80104,Contributions,
HARTSOOK LEADERSHIP PAC,Political Committee,200.0,2025-08-19 00:00:00,Smith For Dcsd,Castle Rock,CO,80109,Contributions,
LIBERTARIAN PARTY OF COLORADO (LPCO),Political Party Committee,1.65,2025-08-19 00:00:00,Stripe.Com,South San Francisco,CA,94080,Bank Fees,Credit Card Fees
MANNY RUTINEL LEADERSHIP FUND,Political Committee,63.08,2025-08-19 00:00:00,Adobe,San Jose,CA,95110,Office Equipment & Supplies,Software
NABIP COLORADO POLITICAL ACTION COMMITTEE,Political Committee,3.38,2025-08-19 00:00:00,Paypal,San Jose,CA,95131,Bank Fees,
NABIP COLORADO POLITICAL ACTION COMMITTEE,Political Committee,3.38,2025-08-19 00:00:00,Paypal,San Jose,CA,95131,Bank Fees,
RURAL VALUES PAC,Political Committee,1119.21,2025-08-19 00:00:00,Morgan County Fair,Brush,CO,80723,Advertising,Advertising Expense At The Mc Fair
SERVICE FIRST PAC (CO),Political Committee,3500.0,2025-08-19 00:00:00,Arapahoe County Democratic Party,Aurora,CO,80014,Contributions,Contribution
WARRIOR PAC,Political Committee,250.0,2025-08-19 00:00:00,African Leadership Group,Aurora,CO,80014,Contributions,
COLORADO BANKERS ASSOCIATION STATE PAC,Political Committee,-1000.0,2024-08-20 00:00:00,Colorado Way Forward,Denver,CO,80206,Contributions,Offset Due To Deletion Of Filed Item - Donation
ACCESS TO PEDIATRIC BEHAVIORAL THERAPY FOR COLORADO CHILDREN,Political Committee,9.88,2025-08-20 00:00:00,Actblue Technical Serivces,Boston,MA,02196,Fundraising Expenses,Credit Card Processing Fee
BLACK JACK PAC,Political Committee,200.0,2025-08-20 00:00:00,Friends Of Junie Joseph,Boulder,CO,80303,Contributions,
CLEAN ENERGY CAUCUS SMALL DONOR COMMITTEE,Small Donor Committee,200.0,2025-08-20 00:00:00,Bacon For Colorado Leadership Fund,Denver,CO,80239,Contributions,
COLORADO DEMOCRATIC PARTY,Political Party Committee,157.89,2025-08-20 00:00:00,Hotel Colorado,Glenwood Springs,CO,81601,Travel & Lodging,Lodging
COLORADO DEMOCRATIC PARTY,Political Party Committee,2.71,2025-08-20 00:00:00,,,,,Miscellaneous,Beverage
COPIC SMALL DONOR COMMITTEE,Small Donor Committee,2000.0,2025-08-20 00:00:00,Matt  Ball,Denver,CO,80203,Contributions,Misc Campaign Contribution
COPIC SMALL DONOR COMMITTEE,Small Donor Committee,2000.0,2025-08-20 00:00:00,Janice M Marchman,Loveland,CO,80538,Contributions,Misc Campaign Contribution
GRISWOLD LEADERSHIP PAC,Political Committee,175.0,2025-08-20 00:00:00,Jefferson County Democratic Party,Lakewood,CO,80226,Contributions,
JUDY AMABILE LEADERSHIP FUND,Political Committee,200.0,2025-08-20 00:00:00,Jillaire For Hd19,Redacted By Sos,CO,99999,Contributions,
LIBERTARIAN PARTY OF COLORADO (LPCO),Political Party Committee,9.63,2025-08-20 00:00:00,Stripe.Com,South San Francisco,CA,94080,Bank Fees,Credit Card Fees
NABIP COLORADO POLITICAL ACTION COMMITTEE,Political Committee,1.07,2025-08-20 00:00:00,Paypal,San Jose,CA,95131,Bank Fees,
NABIP COLORADO POLITICAL ACTION COMMITTEE,Political Committee,6.57,2025-08-20 00:00:00,Quickbooks Payments,Woodland Hills,CA,91367,Bank Fees,
ZENPAC,Political Committee,50.0,2025-08-20 00:00:00,Michael Griffith,Arvada,CO,80003,Contributions,Michael Griffith For Arvada City Council
COLORADO ASSOCIATION OF WHEAT GROWERS STATE POLITICAL COMMITTEE,Political Committee,200.0,2025-08-21 00:00:00,Dana Charles For Colorado,Pueblo West,CO,81007,Contributions,Campaign Contribution
COLORADO ASSOCIATION OF WHEAT GROWERS STATE POLITICAL COMMITTEE,Political Committee,200.0,2025-08-21 00:00:00,Dylan Roberts For Colorado,Redacted By Sos,CO,99999,Contributions,Campaign Contribution
COLORADO ASSOCIATION OF WHEAT GROWERS STATE POLITICAL COMMITTEE,Political Committee,200.0,2025-08-21 00:00:00,Karen For Co,Redacted By Sos,CO,99999,Contributions,Campaign Contribution
COLORADO ASSOCIATION OF WHEAT GROWERS STATE POLITICAL COMMITTEE,Political Committee,200.0,2025-08-21 00:00:00,Pelton For State Senate,Sterling,CO,80751,Contributions,Campaign Contribution
COLORADO ASSOCIATION OF WHEAT GROWERS STATE POLITICAL COMMITTEE,Political Committee,200.0,2025-08-21 00:00:00,Rodriguez Leadership Fund,Denver,CO,80222,Contributions,Campaign Contribution
COLORADO ASSOCIATION OF WHEAT GROWERS STATE POLITICAL COMMITTEE,Political Committee,200.0,2025-08-21 00:00:00,Rural Colorado Matters Pac,Cheyenne Wells,CO,80810,Contributions,Campaign Contribution
COLORADO ASSOCIATION OF WHEAT GROWERS STATE POLITICAL COMMITTEE,Political Committee,200.0,2025-08-21 00:00:00,Take Colo Back Political Comm,Redacted By Sos,CO,99999,Contributions,Campaign Contribution
COLORADO DEMOCRATIC PARTY,Political Party Committee,69.01,2025-08-21 00:00:00,Aloy Thai - Capitol Hill,Denver,CO,80203,"Food, Beverages and Meals","Food, Beverage For Staff"
COLORADO DEMOCRATIC PARTY,Political Party Committee,210.0,2025-08-21 00:00:00,Colorado State Fair,Pueblo,CO,81004,Other,Booth Rental Fee
COLORADO DEMOCRATIC PARTY,Political Party Committee,8.81,2025-08-21 00:00:00,Fedex Office Print And Ship Center - Highlands Ranch,Highlands Ranch,CO,80129,Office Equipment & Supplies,Printing And Copying Services
COLORADO MEDICAL PAC (COMPAC),Political Committee,-450.0,2025-08-21 00:00:00,Bird For Colorado,Redacted By Sos,CO,99999,Returned Expenditure,Candidate Committee Returned Contribution
LIBERTARIAN PARTY OF COLORADO (LPCO),Political Party Committee,4.6,2025-08-21 00:00:00,Anedot,New Orleans,LA,70112,Bank Fees,Credit Cards Fees
LUNDEEN LEADERSHIP FUND,Political Committee,450.0,2025-08-21 00:00:00,Carson For State Senate,Highlands Ranch,CO,80130-9998,Other,8200 ∑ Candidate Support
STRENGTHENING OPPORTUNITIES FOR COLORADANS (SOCO) PAC,Political Committee,64.0,2025-08-21 00:00:00,Irish Rover,Denver,CO,80209,"Food, Beverages and Meals",Food For Guests During Special Session
ZENPAC,Political Committee,100.0,2025-08-21 00:00:00,Nicole Hensel For Colorado,Redacted By Sos,CO,99999,Contributions,Nicole Hensel For Jeffco Clerk & Recorder
COLORADO DEMOCRATIC PARTY,Political Party Committee,3.97,2025-08-22 00:00:00,Fedex Office Print And Ship Center - Highlands Ranch,Highlands Ranch,CO,80129,Office Equipment & Supplies,Printing And Copying Services
COLORADO DEMOCRATIC PARTY,Political Party Committee,20.0,2025-08-22 00:00:00,La Plata County Democratic Party,Durango,CO,81302,Other,Unlimited Transfer To Affiliated Committee
COLORADO MEDICAL SOCIETY SMALL DONOR COMMITTEE,Small Donor Committee,-6200.0,2025-08-22 00:00:00,Bird For Colorado,Redacted By Sos,CO,99999,Returned Expenditure,Candidate Returned Funds To Us
GREEN PARTY OF COLORADO,Political Party Committee,102.4,2025-08-22 00:00:00,Your Office Usa,Denver,CO,80202,Rent & Utilities,
PUEBLO COUNTY EDUCATION ASSOCIATION SMALL DONOR COMMITTEE (PCEA SDC),Small Donor Committee,3000.0,2025-08-22 00:00:00,Mark Emery For D70 School Board,Pueblo,CO,81006,Contributions,"Campaign Contribution For Mark Emery For D70 School Board, Check # 1106"
PUEBLO COUNTY EDUCATION ASSOCIATION SMALL DONOR COMMITTEE (PCEA SDC),Small Donor Committee,3000.0,2025-08-22 00:00:00,Michelle Erickson For Pueblo,Pueblo,CO,81007,Contributions,"Candidate Committee Contribution For Michelle Erickson
Check # 1107"
VALDEZ FOR COLORADO RAINBOW FUND,Political Committee,84.12,2025-08-22 00:00:00,Mailchimp,Atlanta,GA,30308,Office Equipment & Supplies,
LIBERTARIAN PARTY OF COLORADO (LPCO),Political Party Committee,604.0,2025-08-23 00:00:00,A Casino Event Denver,Arvada,CO,80002,Entertainment,
LIBERTARIAN PARTY OF COLORADO (LPCO),Political Party Committee,609.88,2025-08-23 00:00:00,Bevy'S Liquor World,Parker,CO,80134,Entertainment,Drinks
LIBERTARIAN PARTY OF COLORADO (LPCO),Political Party Committee,1.6,2025-08-23 00:00:00,Staples,Framingham,MA,01702,Office Equipment & Supplies,Copies
LIBERTARIAN PARTY OF COLORADO (LPCO),Political Party Committee,319.47,2025-08-23 00:00:00,Wall Mart,Bentonville,AR,72716,"Food, Beverages and Meals",
BALL FOR ALL LEADERSHIP FUND,Political Committee,450.0,2025-08-24 00:00:00,Sullivan For Colorado,Centennial,CO,80015,Contributions,Contribution To Candidate Committee
BALL FOR ALL LEADERSHIP FUND,Political Committee,450.0,2025-08-24 00:00:00,Camacho For Colorado,Redacted By Sos,CO,99999,Contributions,
CAMACHO LEADERSHIP FUND,Political Committee,7.9,2025-08-24 00:00:00,Actblue Technical Services,Somerville,MA,02144,Fundraising Expenses,
COLORADO CENTER PARTY CENTRAL COMMITTEE,Political Party Committee,2.08,2025-08-24 00:00:00,Google Ads,Mountain View,CA,94043,Miscellaneous,
DEMOCRATIC PARTY CONGRESSIONAL DISTRICT 4 COLORADO,Political Party Committee,0.2,2025-08-24 00:00:00,Actblue Technical Services,Somerville,MA,02144,Other,Cc Processing Fee
GREEN PARTY OF COLORADO,Political Party Committee,22.77,2025-08-24 00:00:00,Godaddy Inc,Tempe,AZ,85281,Other,Web Hosting
LESLIE HEROD'S BOLDLY FORWARD PAC,Political Committee,3.95,2025-08-24 00:00:00,Act Blue,Somerville,MA,02144,Fundraising Expenses,
LIBERTARIAN PARTY OF COLORADO (LPCO),Political Party Committee,16.17,2025-08-24 00:00:00,Bevy'S Liquor World,Parker,CO,80134,Entertainment,Drinks
MONICA PAC,Political Committee,0.2,2025-08-24 00:00:00,Actblue,West Somerville,MA,02144,Fundraising Expenses,
COLORADO CENTER PARTY CENTRAL COMMITTEE,Political Party Committee,10.0,2025-08-25 00:00:00,Co Secretary Of State,Denver,CO,80290,Miscellaneous,
ELI LILLY AND COMPANY POLITICAL ACTION COMMITTEE - COLORADO,Political Committee,8000.0,2025-08-25 00:00:00,All Together Colorado,Denver,CO,80206,Contributions,Contribution To 527 Political Organization
ELI LILLY AND COMPANY POLITICAL ACTION COMMITTEE - COLORADO,Political Committee,2500.0,2025-08-25 00:00:00,Colorado Way Forward,Denver,CO,80206,Contributions,Contribution To 527 Political Organization
ELI LILLY AND COMPANY POLITICAL ACTION COMMITTEE - COLORADO,Political Committee,1500.0,2025-08-25 00:00:00,New Day Colorado Fund,Fort Lupton,CO,80621,Contributions,Contribution To 527 Political Organization
ELI LILLY AND COMPANY POLITICAL ACTION COMMITTEE - COLORADO,Political Committee,6500.0,2025-08-25 00:00:00,Senate Majority Fund,Denver,CO,80205,Contributions,Contribution To 527 Political Organization
GREEN PARTY OF COLORADO,Political Party Committee,0.58,2025-08-25 00:00:00,Paypal,San Jose,CA,95131,Bank Fees,
JESSIE DANIELSON PAC,Political Committee,125.0,2025-08-25 00:00:00,Adams County Democratic Party,Denver,CO,80220,Contributions,
LIBERTARIAN PARTY OF COLORADO (LPCO),Political Party Committee,4.3,2025-08-25 00:00:00,Anedot,New Orleans,LA,70112,Bank Fees,Credit Cards Fees
LIBERTARIAN PARTY OF COLORADO (LPCO),Political Party Committee,39.7,2025-08-25 00:00:00,Anedot,New Orleans,LA,70112,Bank Fees,Credit Cards Fees
MANNY RUTINEL LEADERSHIP FUND,Political Committee,500.0,2025-08-25 00:00:00,Gissel  Delgadillo,Thornton,CO,80241,Miscellaneous,Intern Stipend
SAINT VRAIN VALLEY EDUCATION ASSOCIATION (SVVEA) FUND-SMALL DONOR COMMITTEE (SVVEA FUND-SMALL DONOR,Small Donor Committee,2500.0,2025-08-25 00:00:00,Hadley For St Vrain,Niwot,CO,80503,Contributions,Hadley For St Vrain
THE BOEING COMPANY POLITICAL ACTION COMMITTEE,Political Committee,725.0,2025-08-25 00:00:00,Colorado Chamber Political Action Committee,Denver,CO,80290,Contributions,Contribution To Committee
VALDEZ FOR COLORADO RAINBOW FUND,Political Committee,21.03,2025-08-25 00:00:00,Zoho,Pleasantville,CA,94588,Office Equipment & Supplies,
COLORADO OPTOMETRIC ASSOCIATION SMALL DONOR COMMITTEE,Small Donor Committee,-300.0,2024-08-26 00:00:00,Taggart For House District 55,Grand Junction,CO,81507,Contributions,Offset Due To Deletion Of Filed Item
BLACK JACK PAC,Political Committee,170.8,2025-08-26 00:00:00,Harland Clarke Check,San Antonio,TX,,Other,Checks
COLORADO DEMOCRATIC PARTY,Political Party Committee,536.55,2025-08-26 00:00:00,Corazon Printing,Broomfield,CO,80020,Miscellaneous,"T-Shirts, Set-Up Fee"
COLORADO DEMOCRATIC PARTY,Political Party Committee,40.0,2025-08-26 00:00:00,Minnesota State Fair,Saint Paul,MN,55108,Other,Entrance Fee
COLORADO RADIOLOGICAL SOCIETY POLITICAL COMMITTEE,Political Committee,-200.0,2025-08-26 00:00:00,Bird For Colorado,Redacted By Sos,CO,99999,Returned Expenditure,No Reason Given
COLORADO STATE REPRESENTATIVE DISTRICT 24 REPUBLICAN CENTRAL COMMITTEE,Political Party Committee,0.01,2025-08-26 00:00:00,,,,,Miscellaneous,
COLORADO STATE REPRESENTATIVE DISTRICT 30 REPUBLICAN CENTRAL COMMITTEE,Political Party Committee,400.0,2025-08-26 00:00:00,White Knight Security Traning And Consulting,Littleton,CO,80128,Consultant & Professional Services,Security For Hd30 Now Or Never Event
COLORADO STATE REPRESENTATIVE DISTRICT 30 REPUBLICAN CENTRAL COMMITTEE,Political Party Committee,350.0,2025-08-26 00:00:00,"Ty Simmons, Llc",Littleton,CO,80127,Entertainment,Musical Entertainment For Now Or Never Event
COLORADO STATE REPRESENTATIVE DISTRICT 30 REPUBLICAN CENTRAL COMMITTEE,Political Party Committee,1961.11,2025-08-26 00:00:00,Foothills Restaurant,Littleton,CO,80123,Other,Rental Expense For Venue Which Hosted The Now Or Never Event On August 26Th. Venue Is  Owned And Managed By Foothills Parks And Recreation District
COMCAST CORPORATION & NBCUNIVERSAL POLITICAL ACTION COMMITTEE - FEDERAL,Political Committee,725.0,2025-08-26 00:00:00,6512 Leadership Fund,Redacted By Sos,CO,99999,Contributions,2025 Contribution
COMCAST CORPORATION & NBCUNIVERSAL POLITICAL ACTION COMMITTEE - FEDERAL,Political Committee,725.0,2025-08-26 00:00:00,Agriculture Pac,Fort Lupton,CO,80621,Contributions,2025 Contribution
COMCAST CORPORATION & NBCUNIVERSAL POLITICAL ACTION COMMITTEE - FEDERAL,Political Committee,450.0,2025-08-26 00:00:00,Andrew For Colorado,Redacted By Sos,CO,99999,Contributions,$225 For 2026 Primary & $225 For 2026 General
COMCAST CORPORATION & NBCUNIVERSAL POLITICAL ACTION COMMITTEE - FEDERAL,Political Committee,725.0,2025-08-26 00:00:00,Ball For All Leadership Fund,Denver,CO,80203,Contributions,2025 Contribution
COMCAST CORPORATION & NBCUNIVERSAL POLITICAL ACTION COMMITTEE - FEDERAL,Political Committee,725.0,2025-08-26 00:00:00,Cme Win Leadership Fund,Denver,CO,80212,Contributions,2025 Contribution
COMCAST CORPORATION & NBCUNIVERSAL POLITICAL ACTION COMMITTEE - FEDERAL,Political Committee,450.0,2025-08-26 00:00:00,Committee To Elect Amy Paschal,Redacted By Sos,CO,99999,Contributions,$225 For 2026 Primary & $225 For 2026 General
COMCAST CORPORATION & NBCUNIVERSAL POLITICAL ACTION COMMITTEE - FEDERAL,Political Committee,450.0,2025-08-26 00:00:00,Duran For Colorado,Denver,CO,80221,Contributions,$225 For 2026 Primary & $225 For 2026 General
COMCAST CORPORATION & NBCUNIVERSAL POLITICAL ACTION COMMITTEE - FEDERAL,Political Committee,725.0,2025-08-26 00:00:00,Iman For Colorado Leadership Fund,Aurora,CO,80012,Contributions,2025 Contribution
COMCAST CORPORATION & NBCUNIVERSAL POLITICAL ACTION COMMITTEE - FEDERAL,Political Committee,725.0,2025-08-26 00:00:00,Lindstedt Leadership Fund,Redacted By Sos,CO,99999,Contributions,2025 Contribution
COMCAST CORPORATION & NBCUNIVERSAL POLITICAL ACTION COMMITTEE - FEDERAL,Political Committee,725.0,2025-08-26 00:00:00,Rydin With Gretchen,Redacted By Sos,CO,99999,Contributions,2025 Contribution
COMCAST CORPORATION & NBCUNIVERSAL POLITICAL ACTION COMMITTEE - FEDERAL,Political Committee,725.0,2025-08-26 00:00:00,The Bright Pac,Platteville,CO,80651,Contributions,2025 Contribution
COMCAST CORPORATION & NBCUNIVERSAL POLITICAL ACTION COMMITTEE - FEDERAL,Political Committee,725.0,2025-08-26 00:00:00,The Murse Pac,Thornton,CO,80602,Contributions,2025 Contribution
COMCAST CORPORATION & NBCUNIVERSAL POLITICAL ACTION COMMITTEE - FEDERAL,Political Committee,725.0,2025-08-26 00:00:00,Max Pac,Redacted By Sos,CO,99999,Contributions,2025 Contribution
COMCAST CORPORATION & NBCUNIVERSAL POLITICAL ACTION COMMITTEE - FEDERAL,Political Committee,725.0,2025-08-26 00:00:00,Caldwell Leadership Pac,Colorado Springs,CO,80908,Contributions,2025 Contribution
COMCAST CORPORATION & NBCUNIVERSAL POLITICAL ACTION COMMITTEE - FEDERAL,Political Committee,725.0,2025-08-26 00:00:00,Carter Pac,Redacted By Sos,CO,99999,Contributions,2025 Contribution
JUDY AMABILE LEADERSHIP FUND,Political Committee,225.0,2025-08-26 00:00:00,Katie Wallace For Colorado,Redacted By Sos,CO,99999,Contributions,
LIBERTARIAN PARTY OF COLORADO (LPCO),Political Party Committee,125.33,2025-08-26 00:00:00,X (Twitter),San Francisco,CA,94103,Advertising,Social Media Ads
PUBLIC EDUCATION COMMITTEE,Small Donor Committee,400.0,2025-08-26 00:00:00,Dolphin For Colorado,Colorado Springs,CO,80911,Other,Voter File Access
PUBLIC EDUCATION COMMITTEE,Small Donor Committee,400.0,2025-08-26 00:00:00,Michelle For Wsd3 School Board,Fountain,CO,80817,Other,Voter File Access
SAINT VRAIN VALLEY EDUCATION ASSOCIATION (SVVEA) FUND-SMALL DONOR COMMITTEE (SVVEA FUND-SMALL DONOR,Small Donor Committee,310.0,2025-08-26 00:00:00,Jake Marsing,Longmont,CO,80504,Contributions,Municipal Candidate: Marsing For Longmont. Registered Sdc Accordingly With The City Of Longmont Clerk.
SAINT VRAIN VALLEY EDUCATION ASSOCIATION (SVVEA) FUND-SMALL DONOR COMMITTEE (SVVEA FUND-SMALL DONOR,Small Donor Committee,310.0,2025-08-26 00:00:00,Susie Hidalgo-Fahring,Longmont,CO,80503,Contributions,Municipal Candidate: Susie For Longmont. Registered Sdc Accordingly With The City Of Longmont Clerk.
SNYDER FOR COLORADO LEADERSHIP FUND,Political Committee,200.0,2025-08-26 00:00:00,Charles  Johnson,Colorado Springs,CO,80910,Contributions,
THE CIGNA GROUP EMPLOYEE POLITICAL ACTION COMMITTEE,Political Committee,450.0,2025-08-26 00:00:00,Andrew For Colorado,Redacted By Sos,CO,99999,Contributions,2026 Primary & General
THE CIGNA GROUP EMPLOYEE POLITICAL ACTION COMMITTEE,Political Committee,450.0,2025-08-26 00:00:00,Bob 4 Colorado,Highlands Ranch,CO,80126,Contributions,2026 Primary & General
THE CIGNA GROUP EMPLOYEE POLITICAL ACTION COMMITTEE,Political Committee,450.0,2025-08-26 00:00:00,Brandi Bradley For Colorado House District 39,Littleton,CO,80125,Contributions,2026 Primary & General
THE CIGNA GROUP EMPLOYEE POLITICAL ACTION COMMITTEE,Political Committee,450.0,2025-08-26 00:00:00,Camacho For Colorado,Redacted By Sos,CO,99999,Contributions,2026 Primary & General
THE CIGNA GROUP EMPLOYEE POLITICAL ACTION COMMITTEE,Political Committee,725.0,2025-08-26 00:00:00,Camacho Leadership Fund,Denver,CO,80230,Contributions,2025 Contribution
THE CIGNA GROUP EMPLOYEE POLITICAL ACTION COMMITTEE,Political Committee,450.0,2025-08-26 00:00:00,Carson For State Senate,Highlands Ranch,CO,80130-9998,Contributions,2026 Primary & General
THE CIGNA GROUP EMPLOYEE POLITICAL ACTION COMMITTEE,Political Committee,400.0,2025-08-26 00:00:00,Catlin Pac,Montrose,CO,81403,Contributions,2025 Contribution
THE CIGNA GROUP EMPLOYEE POLITICAL ACTION COMMITTEE,Political Committee,450.0,2025-08-26 00:00:00,Cecelia4Colorado,Denver,CO,80212,Contributions,2026 Primary & General
THE CIGNA GROUP EMPLOYEE POLITICAL ACTION COMMITTEE,Political Committee,1000.0,2025-08-26 00:00:00,Colorado Way Forward,Denver,CO,80206,Contributions,2025 Contribution
THE CIGNA GROUP EMPLOYEE POLITICAL ACTION COMMITTEE,Political Committee,450.0,2025-08-26 00:00:00,Committee To Elect Keltie,Redacted By Sos,CO,99999,Contributions,2026 Primary & General
THE CIGNA GROUP EMPLOYEE POLITICAL ACTION COMMITTEE,Political Committee,450.0,2025-08-26 00:00:00,Committee To Elect Mary Bradfield,Colorado Springs,CO,80911,Contributions,2026 Primary & General
THE CIGNA GROUP EMPLOYEE POLITICAL ACTION COMMITTEE,Political Committee,450.0,2025-08-26 00:00:00,Committee To Elect Richardson For House District 56,Elizabeth,CO,80107,Contributions,2026 Primary & General
THE CIGNA GROUP EMPLOYEE POLITICAL ACTION COMMITTEE,Political Committee,450.0,2025-08-26 00:00:00,Committee To Elect Rod Pelton,Cheyenne Wells,CO,80810,Contributions,2026 Primary & General
THE CIGNA GROUP EMPLOYEE POLITICAL ACTION COMMITTEE,Political Committee,725.0,2025-08-26 00:00:00,Dafna For Colorado Leadership Fund,Commerce City,CO,80022,Contributions,2025 Contribution
THE CIGNA GROUP EMPLOYEE POLITICAL ACTION COMMITTEE,Political Committee,450.0,2025-08-26 00:00:00,Elect Jarvis Caldwell,Colorado Springs,CO,80908,Contributions,2026 Primary & General
THE CIGNA GROUP EMPLOYEE POLITICAL ACTION COMMITTEE,Political Committee,450.0,2025-08-26 00:00:00,To Elect Michael Carter To Colorado State House District 36,Redacted By Sos,CO,99999,Contributions,2026 Primary & General
THE CIGNA GROUP EMPLOYEE POLITICAL ACTION COMMITTEE,Political Committee,450.0,2025-08-26 00:00:00,Tisha Mauro,Pueblo,CO,81006,Contributions,2026 Primary & General
THE CIGNA GROUP EMPLOYEE POLITICAL ACTION COMMITTEE,Political Committee,450.0,2025-08-26 00:00:00,Friends Of Matthew Martinez,Monte Vista,CO,81144,Contributions,2026 Primary & General
THE CIGNA GROUP EMPLOYEE POLITICAL ACTION COMMITTEE,Political Committee,400.0,2025-08-26 00:00:00,Frizell Leadership Pac,Redacted By Sos,CO,99999,Contributions,2025 Contribution
THE CIGNA GROUP EMPLOYEE POLITICAL ACTION COMMITTEE,Political Committee,225.0,2025-08-26 00:00:00,Gilchrist For Colorado,Redacted By Sos,CO,99999,Contributions,2026 Primary
THE CIGNA GROUP EMPLOYEE POLITICAL ACTION COMMITTEE,Political Committee,450.0,2025-08-26 00:00:00,Gonzalez For 50,Greeley,CO,80634,Contributions,2026 Primary & General
THE CIGNA GROUP EMPLOYEE POLITICAL ACTION COMMITTEE,Political Committee,450.0,2025-08-26 00:00:00,Gretchen For Colorado,Redacted By Sos,CO,99999,Contributions,2026 Primary & General
THE CIGNA GROUP EMPLOYEE POLITICAL ACTION COMMITTEE,Political Committee,450.0,2025-08-26 00:00:00,Hartsook For House,Redacted By Sos,CO,99999,Contributions,2026 Primary & General
THE CIGNA GROUP EMPLOYEE POLITICAL ACTION COMMITTEE,Political Committee,450.0,2025-08-26 00:00:00,Katie For Colorado,Redacted By Sos,CO,99999,Contributions,2026 Primary & General
THE CIGNA GROUP EMPLOYEE POLITICAL ACTION COMMITTEE,Political Committee,450.0,2025-08-26 00:00:00,Katie Wallace For Colorado,Redacted By Sos,CO,99999,Contributions,2026 Primary & General
THE CIGNA GROUP EMPLOYEE POLITICAL ACTION COMMITTEE,Political Committee,450.0,2025-08-26 00:00:00,Kyle Mullica For Sd 24,Thornton,CO,80602,Contributions,2026 Primary & General
THE CIGNA GROUP EMPLOYEE POLITICAL ACTION COMMITTEE,Political Committee,725.0,2025-08-26 00:00:00,Lindsey For Colorado Leadership Fund,Arvada,CO,80004,Contributions,2025 Contribution
THE CIGNA GROUP EMPLOYEE POLITICAL ACTION COMMITTEE,Political Committee,725.0,2025-08-26 00:00:00,Lindstedt Leadership Fund,Redacted By Sos,CO,99999,Contributions,2025 Contribution
THE CIGNA GROUP EMPLOYEE POLITICAL ACTION COMMITTEE,Political Committee,225.0,2025-08-26 00:00:00,Lisa For Colorado,Redacted By Sos,CO,99999,Contributions,2026 Primary
THE CIGNA GROUP EMPLOYEE POLITICAL ACTION COMMITTEE,Political Committee,450.0,2025-08-26 00:00:00,Matt Ball For Colorado,Denver,CO,80203,Contributions,2026 Primary & General
THE CIGNA GROUP EMPLOYEE POLITICAL ACTION COMMITTEE,Political Committee,450.0,2025-08-26 00:00:00,Max Brooks For Colorado Committee,Redacted By Sos,CO,99999,Contributions,2026 Primary & General
THE CIGNA GROUP EMPLOYEE POLITICAL ACTION COMMITTEE,Political Committee,725.0,2025-08-26 00:00:00,Meghan Lukens For Co Leadership Pac,Redacted By Sos,CO,99999,Contributions,2025 Contribution
THE CIGNA GROUP EMPLOYEE POLITICAL ACTION COMMITTEE,Political Committee,450.0,2025-08-26 00:00:00,Meghan Lukens For Colorado,Redacted By Sos,CO,99999,Contributions,2026 Primary & General
THE CIGNA GROUP EMPLOYEE POLITICAL ACTION COMMITTEE,Political Committee,1500.0,2025-08-26 00:00:00,New Day Colorado Fund,Fort Lupton,CO,80621,Contributions,2025 Contribution
THE CIGNA GROUP EMPLOYEE POLITICAL ACTION COMMITTEE,Political Committee,725.0,2025-08-26 00:00:00,Putting Colorado First,Brighton,CO,80603,Contributions,2025 Contribution
THE CIGNA GROUP EMPLOYEE POLITICAL ACTION COMMITTEE,Political Committee,450.0,2025-08-26 00:00:00,Rebekah Stewart For Colorado,Redacted By Sos,CO,99999,Contributions,2026 Primary & General
THE CIGNA GROUP EMPLOYEE POLITICAL ACTION COMMITTEE,Political Committee,450.0,2025-08-26 00:00:00,Rose For Colorado,Redacted By Sos,CO,99999,Contributions,2026 Primary & General
THE CIGNA GROUP EMPLOYEE POLITICAL ACTION COMMITTEE,Political Committee,725.0,2025-08-26 00:00:00,Rural Liberty Political Action Committee,Denver,CO,80205,Contributions,2025 Contribution
THE CIGNA GROUP EMPLOYEE POLITICAL ACTION COMMITTEE,Political Committee,725.0,2025-08-26 00:00:00,Rydin With Gretchen,Redacted By Sos,CO,99999,Contributions,2025 Contribution
THE CIGNA GROUP EMPLOYEE POLITICAL ACTION COMMITTEE,Political Committee,2500.0,2025-08-26 00:00:00,Senate Majority Fund,Denver,CO,80205,Contributions,2025 Contribution
THE CIGNA GROUP EMPLOYEE POLITICAL ACTION COMMITTEE,Political Committee,725.0,2025-08-26 00:00:00,Snyder For Colorado Leadership Fund,Colorado Springs,CO,80904,Contributions,2025 Contribution
THE CIGNA GROUP EMPLOYEE POLITICAL ACTION COMMITTEE,Political Committee,400.0,2025-08-26 00:00:00,The Bright Pac,Platteville,CO,80651,Contributions,2025 Contribution
THE CIGNA GROUP EMPLOYEE POLITICAL ACTION COMMITTEE,Political Committee,725.0,2025-08-26 00:00:00,The Murse Pac,Thornton,CO,80602,Contributions,2025 Contribution
THE CIGNA GROUP EMPLOYEE POLITICAL ACTION COMMITTEE,Political Committee,450.0,2025-08-26 00:00:00,William For Colorado,Redacted By Sos,CO,99999,Contributions,2026 Primary & General
UNITED MINE WORKERS OF AMERICA,Political Committee,500.0,2025-08-26 00:00:00,,,,,Contributions,Contributions To Non Co Candidates
UNITEDHEALTH GROUP INCORPORATED PAC (UNITEDHEALTH GROUP PAC),Political Committee,725.0,2025-08-26 00:00:00,Agriculture Pac,Fort Lupton,CO,80621,Contributions,Contribution
UNITEDHEALTH GROUP INCORPORATED PAC (UNITEDHEALTH GROUP PAC),Political Committee,500.0,2025-08-26 00:00:00,Andrew For Colorado Leadership Fund,Redacted By Sos,CO,99999,Contributions,Contribution
UNITEDHEALTH GROUP INCORPORATED PAC (UNITEDHEALTH GROUP PAC),Political Committee,225.0,2025-08-26 00:00:00,Matt Ball For Colorado,Denver,CO,80203,Contributions,Contribution
UNITEDHEALTH GROUP INCORPORATED PAC (UNITEDHEALTH GROUP PAC),Political Committee,225.0,2025-08-26 00:00:00,Andrew For Colorado,Redacted By Sos,CO,99999,Contributions,Contribution
UNITEDHEALTH GROUP INCORPORATED PAC (UNITEDHEALTH GROUP PAC),Political Committee,225.0,2025-08-26 00:00:00,Andrew For Colorado,Redacted By Sos,CO,99999,Contributions,Contribution
UNITEDHEALTH GROUP INCORPORATED PAC (UNITEDHEALTH GROUP PAC),Political Committee,225.0,2025-08-26 00:00:00,Scott Bright For Senate,Platteville,CO,80651,Contributions,Contribution
UNITEDHEALTH GROUP INCORPORATED PAC (UNITEDHEALTH GROUP PAC),Political Committee,450.0,2025-08-26 00:00:00,Caldwell Leadership Pac,Colorado Springs,CO,80908,Contributions,Contribution
UNITEDHEALTH GROUP INCORPORATED PAC (UNITEDHEALTH GROUP PAC),Political Committee,225.0,2025-08-26 00:00:00,Elect Jarvis Caldwell,Colorado Springs,CO,80908,Contributions,Contribution
UNITEDHEALTH GROUP INCORPORATED PAC (UNITEDHEALTH GROUP PAC),Political Committee,225.0,2025-08-26 00:00:00,Elect Jarvis Caldwell,Colorado Springs,CO,80908,Contributions,Contribution
UNITEDHEALTH GROUP INCORPORATED PAC (UNITEDHEALTH GROUP PAC),Political Committee,725.0,2025-08-26 00:00:00,Camacho Leadership Fund,Denver,CO,80230,Contributions,Contribution
UNITEDHEALTH GROUP INCORPORATED PAC (UNITEDHEALTH GROUP PAC),Political Committee,225.0,2025-08-26 00:00:00,Camacho For Colorado,Redacted By Sos,CO,99999,Contributions,Contribution
UNITEDHEALTH GROUP INCORPORATED PAC (UNITEDHEALTH GROUP PAC),Political Committee,225.0,2025-08-26 00:00:00,Camacho For Colorado,Redacted By Sos,CO,99999,Contributions,Contribution
UNITEDHEALTH GROUP INCORPORATED PAC (UNITEDHEALTH GROUP PAC),Political Committee,225.0,2025-08-26 00:00:00,Carrera For Colorado,Redacted By Sos,CO,99999,Contributions,Contribution
UNITEDHEALTH GROUP INCORPORATED PAC (UNITEDHEALTH GROUP PAC),Political Committee,225.0,2025-08-26 00:00:00,Carver For Colorado,Redacted By Sos,CO,99999,Contributions,Contribution
UNITEDHEALTH GROUP INCORPORATED PAC (UNITEDHEALTH GROUP PAC),Political Committee,225.0,2025-08-26 00:00:00,Coleman For Colorado,Denver,CO,80249,Contributions,Contribution
UNITEDHEALTH GROUP INCORPORATED PAC (UNITEDHEALTH GROUP PAC),Political Committee,225.0,2025-08-26 00:00:00,Coleman For Colorado,Denver,CO,80249,Contributions,Contribution
UNITEDHEALTH GROUP INCORPORATED PAC (UNITEDHEALTH GROUP PAC),Political Committee,725.0,2025-08-26 00:00:00,Dafna For Colorado Leadership Fund,Commerce City,CO,80022,Contributions,Contribution
UNITEDHEALTH GROUP INCORPORATED PAC (UNITEDHEALTH GROUP PAC),Political Committee,225.0,2025-08-26 00:00:00,Duran For Colorado,Superior,CO,80027,Contributions,Contribution
UNITEDHEALTH GROUP INCORPORATED PAC (UNITEDHEALTH GROUP PAC),Political Committee,225.0,2025-08-26 00:00:00,Duran For Colorado,Superior,CO,80027,Contributions,Contribution
UNITEDHEALTH GROUP INCORPORATED PAC (UNITEDHEALTH GROUP PAC),Political Committee,500.0,2025-08-26 00:00:00,Frizell Leadership Pac,Redacted By Sos,CO,99999,Contributions,Contribution
UNITEDHEALTH GROUP INCORPORATED PAC (UNITEDHEALTH GROUP PAC),Political Committee,225.0,2025-08-26 00:00:00,Lori Garcia Sander For Hd 65,Redacted By Sos,CO,99999,Contributions,Contribution
UNITEDHEALTH GROUP INCORPORATED PAC (UNITEDHEALTH GROUP PAC),Political Committee,225.0,2025-08-26 00:00:00,Gonzalez For 50,Greeley,CO,80634,Contributions,Contribution
UNITEDHEALTH GROUP INCORPORATED PAC (UNITEDHEALTH GROUP PAC),Political Committee,500.0,2025-08-26 00:00:00,Hartsook Leadership Pac,Redacted By Sos,CO,99999,Contributions,Contribution
UNITEDHEALTH GROUP INCORPORATED PAC (UNITEDHEALTH GROUP PAC),Political Committee,225.0,2025-08-26 00:00:00,Hartsook For House,Redacted By Sos,CO,99999,Contributions,Contribution
UNITEDHEALTH GROUP INCORPORATED PAC (UNITEDHEALTH GROUP PAC),Political Committee,225.0,2025-08-26 00:00:00,Hartsook For House,Redacted By Sos,CO,99999,Contributions,Contribution
UNITEDHEALTH GROUP INCORPORATED PAC (UNITEDHEALTH GROUP PAC),Political Committee,225.0,2025-08-26 00:00:00,William For Colorado,Redacted By Sos,CO,99999,Contributions,Contribution
UNITEDHEALTH GROUP INCORPORATED PAC (UNITEDHEALTH GROUP PAC),Political Committee,225.0,2025-08-26 00:00:00,William For Colorado,Redacted By Sos,CO,99999,Contributions,Contribution
UNITEDHEALTH GROUP INCORPORATED PAC (UNITEDHEALTH GROUP PAC),Political Committee,225.0,2025-08-26 00:00:00,Friends Of Matthew Martinez,Monte Vista,CO,81144,Contributions,Contribution
UNITEDHEALTH GROUP INCORPORATED PAC (UNITEDHEALTH GROUP PAC),Political Committee,500.0,2025-08-26 00:00:00,Meghan Lukens For Co Leadership Pac,Redacted By Sos,CO,99999,Contributions,Contribution
UNITEDHEALTH GROUP INCORPORATED PAC (UNITEDHEALTH GROUP PAC),Political Committee,225.0,2025-08-26 00:00:00,Rose For Colorado,Redacted By Sos,CO,99999,Contributions,Contribution
UNITEDHEALTH GROUP INCORPORATED PAC (UNITEDHEALTH GROUP PAC),Political Committee,225.0,2025-08-26 00:00:00,Rose For Colorado,Redacted By Sos,CO,99999,Contributions,Contribution
UNITEDHEALTH GROUP INCORPORATED PAC (UNITEDHEALTH GROUP PAC),Political Committee,725.0,2025-08-26 00:00:00,Putting Colorado First,Brighton,CO,80603,Contributions,Contribution
UNITEDHEALTH GROUP INCORPORATED PAC (UNITEDHEALTH GROUP PAC),Political Committee,225.0,2025-08-26 00:00:00,Committee To Elect Richardson For House District 56,Elizabeth,CO,80107,Contributions,Contribution
UNITEDHEALTH GROUP INCORPORATED PAC (UNITEDHEALTH GROUP PAC),Political Committee,225.0,2025-08-26 00:00:00,Committee To Elect Richardson For House District 56,Elizabeth,CO,80107,Contributions,Contribution
UNITEDHEALTH GROUP INCORPORATED PAC (UNITEDHEALTH GROUP PAC),Political Committee,725.0,2025-08-26 00:00:00,Rural Liberty Political Action Committee,Denver,CO,80205,Contributions,Contribution
UNITEDHEALTH GROUP INCORPORATED PAC (UNITEDHEALTH GROUP PAC),Political Committee,225.0,2025-08-26 00:00:00,Gretchen For Colorado,Redacted By Sos,CO,99999,Contributions,Contribution
UNITEDHEALTH GROUP INCORPORATED PAC (UNITEDHEALTH GROUP PAC),Political Committee,225.0,2025-08-26 00:00:00,Gretchen For Colorado,Redacted By Sos,CO,99999,Contributions,Contribution
UNITEDHEALTH GROUP INCORPORATED PAC (UNITEDHEALTH GROUP PAC),Political Committee,225.0,2025-08-26 00:00:00,Lesley For Colorado,Redacted By Sos,CO,99999,Contributions,Contribution
UNITEDHEALTH GROUP INCORPORATED PAC (UNITEDHEALTH GROUP PAC),Political Committee,225.0,2025-08-26 00:00:00,Katie For Colorado,Redacted By Sos,CO,99999,Contributions,Contribution
UNITEDHEALTH GROUP INCORPORATED PAC (UNITEDHEALTH GROUP PAC),Political Committee,225.0,2025-08-26 00:00:00,Rebekah Stewart For Colorado,Redacted By Sos,CO,99999,Contributions,Contribution
UNITEDHEALTH GROUP INCORPORATED PAC (UNITEDHEALTH GROUP PAC),Political Committee,225.0,2025-08-26 00:00:00,Taggart For House District 55,Grand Junction,CO,81507,Contributions,Contribution
UNITEDHEALTH GROUP INCORPORATED PAC (UNITEDHEALTH GROUP PAC),Political Committee,175.0,2025-08-26 00:00:00,Taggart For House District 55,Grand Junction,CO,81507,Contributions,Contribution
UNITEDHEALTH GROUP INCORPORATED PAC (UNITEDHEALTH GROUP PAC),Political Committee,725.0,2025-08-26 00:00:00,The Coleman Leadership Fund,Denver,CO,80249,Contributions,Contribution
UNITEDHEALTH GROUP INCORPORATED PAC (UNITEDHEALTH GROUP PAC),Political Committee,725.0,2025-08-26 00:00:00,The Murse Pac,Thornton,CO,80602,Contributions,Contribution
UNITEDHEALTH GROUP INCORPORATED PAC (UNITEDHEALTH GROUP PAC),Political Committee,725.0,2025-08-26 00:00:00,Two Rivers Leadership Pac,Denver,CO,80205,Contributions,Contribution
UNITEDHEALTH GROUP INCORPORATED PAC (UNITEDHEALTH GROUP PAC),Political Committee,225.0,2025-08-26 00:00:00,Woog For House District 19,Frederick,CO,80530,Contributions,Contribution
UNITEDHEALTH GROUP INCORPORATED PAC (UNITEDHEALTH GROUP PAC),Political Committee,175.0,2025-08-26 00:00:00,Woog For House District 19,Frederick,CO,80530,Contributions,Contribution
COLORADO DEMOCRATIC PARTY,Political Party Committee,60.0,2025-08-27 00:00:00,Denver Public Parking,Aurora,CO,80019,Travel & Lodging,Parking Fee
COLORADO DEMOCRATIC PARTY,Political Party Committee,482.08,2025-08-27 00:00:00,Hilton,Mclean,VA,22102,Travel & Lodging,Lodging
COLORADO INTELLECTUAL AND DEVELOPMENTAL DISABILITY ALLIANCE,Political Committee,725.0,2025-08-27 00:00:00,Bridges For Colorado Treasurer,Redacted By Sos,CO,99999,Contributions,2026 Election
GILCHRIST FOR COLORADO LEADERSHIP PAC,Political Committee,19.76,2025-08-27 00:00:00,Actblue,Sommerville,MA,02144,Bank Fees,
LIBERTARIAN PARTY OF COLORADO (LPCO),Political Party Committee,2.68,2025-08-27 00:00:00,Stripe.Com,South San Francisco,CA,94080,Bank Fees,Credit Card Fees
PUBLIC EDUCATION COMMITTEE,Small Donor Committee,8000.0,2025-08-27 00:00:00,Amy Klein Molk Political Campaign,Denver,CO,80220,Contributions,Candidate Contribution
PUBLIC EDUCATION COMMITTEE,Small Donor Committee,3500.0,2025-08-27 00:00:00,Dj For Denver,Denver,CO,80224,Contributions,Candidate Contribution
PUBLIC EDUCATION COMMITTEE,Small Donor Committee,3000.0,2025-08-27 00:00:00,Monica For Denver,Redacted By Sos,CO,99999,Contributions,Candidate Contribution
PUBLIC EDUCATION COMMITTEE,Small Donor Committee,483.33,2025-08-27 00:00:00,Charrier,Aurora,CO,80018,Other,Video/Photo Production
PUBLIC EDUCATION COMMITTEE,Small Donor Committee,483.33,2025-08-27 00:00:00,Tramaine Duncan For School Board,Aurora,CO,80010,Other,Video/Photo Production
PUBLIC EDUCATION COMMITTEE,Small Donor Committee,483.33,2025-08-27 00:00:00,Anne Keke For Kids,Aurora,CO,80017,Other,Video/Photo Production
PUBLIC EDUCATION COMMITTEE,Small Donor Committee,483.33,2025-08-27 00:00:00,Kristin For Aps,Aurora,CO,80017,Other,Video/Photo Production
UNITED MINE WORKERS OF AMERICA,Political Committee,1000.0,2025-08-27 00:00:00,,,,,Contributions,Contributions To Non Co Candidates
UNITEDHEALTH GROUP INCORPORATED PAC (UNITEDHEALTH GROUP PAC),Political Committee,725.0,2025-08-27 00:00:00,Lindsey For Colorado Leadership Fund,Arvada,CO,80004,Contributions,Contribution
JAVIER'S ECONOMIC JUSTICE FUND,Political Committee,500.0,2023-08-28 00:00:00,Juan Marcano For Aurora,Aurora,CO,80014,Contributions,
ADVANCED ENERGY ACTION,Political Committee,26.0,2025-08-28 00:00:00,Amalgamated Bank,Washington,DC,20006,Bank Fees,Bank Fees
BRIANNA TITONE'S 439 FUND,Political Committee,1000.0,2025-08-28 00:00:00,Colorado Democratic Party,Denver,CO,80203,Contributions,Hmp Contribution
BRIANNA TITONE'S 439 FUND,Political Committee,1000.0,2025-08-28 00:00:00,House Majority Project (Fka) State Democratic House Campaign Fund,Denver,CO,80204,Contributions,
CAMACHO LEADERSHIP FUND,Political Committee,450.0,2025-08-28 00:00:00,Matt Ball For Colorado,Denver,CO,80203,Contributions,
COLORADANS FOR WESTERN VALUES LEADERSHIP PAC,Political Committee,29.3,2025-08-28 00:00:00,Anedot,Baton Rouge,LA,70884,Bank Fees,
COLORADO INTELLECTUAL AND DEVELOPMENTAL DISABILITY ALLIANCE,Political Committee,34.86,2025-08-28 00:00:00,Paypal,San Jose,CA,95131,Bank Fees,"Paypal Fees For Erin, Katrina, Erica, John And Brian."
DCTA FUND (FORMERLY POLITICAL ACTION COMMITTEE),Small Donor Committee,7002.0,2025-08-28 00:00:00,Brian  Courtney,Denver,CO,80246,Consultant & Professional Services,Campaign Management
DCTA FUND (FORMERLY POLITICAL ACTION COMMITTEE),Small Donor Committee,2000.0,2025-08-28 00:00:00,Monica For Denver,Redacted By Sos,CO,99999,Contributions,Contribution
DCTA FUND (FORMERLY POLITICAL ACTION COMMITTEE),Small Donor Committee,2000.0,2025-08-28 00:00:00,Dj For Denver,Denver,CO,80224,Contributions,Contribution
DCTA FUND (FORMERLY POLITICAL ACTION COMMITTEE),Small Donor Committee,2000.0,2025-08-28 00:00:00,Amy Klein Molk Political Campaign,Denver,CO,80220,Contributions,Contribution
DCTA FUND (FORMERLY POLITICAL ACTION COMMITTEE),Small Donor Committee,-7002.0,2025-08-28 00:00:00,Brian  Courtney,Denver,CO,80246,Consultant & Professional Services,Offset Due To Deletion Of Filed Item - Campaign Management
DCTA FUND (FORMERLY POLITICAL ACTION COMMITTEE),Small Donor Committee,2334.0,2025-08-28 00:00:00,Amy 4 Denver,Denver,CO,80220,Consultant & Professional Services,In-Kinding Of Campaign Management Services
DCTA FUND (FORMERLY POLITICAL ACTION COMMITTEE),Small Donor Committee,2334.0,2025-08-28 00:00:00,Dj For Denver,Denver,CO,80224,Consultant & Professional Services,In-Kinding Of Campaign Management Services
DCTA FUND (FORMERLY POLITICAL ACTION COMMITTEE),Small Donor Committee,2334.0,2025-08-28 00:00:00,Southwest For Sochi,Redacted By Sos,CO,99999,Consultant & Professional Services,In-Kinding Of Campaign Management Services
DCTA FUND (FORMERLY POLITICAL ACTION COMMITTEE),Small Donor Committee,-2334.0,2025-08-28 00:00:00,Southwest For Sochi,Redacted By Sos,CO,99999,Consultant & Professional Services,Offset Due To Deletion Of Filed Item - In-Kinding Of Campaign Management Services
DLCC COLORADO (DEMOCRATIC LEGISLATIVE CAMPAIGN COMMITTEE COLORADO),Small Donor Committee,14.0,2025-08-28 00:00:00,Amalgamated Bank,New York,NY,10001,Bank Fees,Bank Fee
EMILY'S LIST COLORADO SMALL DONOR COMMITTEE,Small Donor Committee,90.88,2025-08-28 00:00:00,Amalgamated Bank,Washington,DC,20006,Bank Fees,Bank Fee
FRIENDS OF JUNIE JOSEPH LEADERSHIP FUND,Political Committee,24.3,2025-08-28 00:00:00,First Bank,Boulder,CO,80303,Bank Fees,
JAVIER'S ECONOMIC JUSTICE FUND,Political Committee,2.0,2025-08-28 00:00:00,First Bank,Lakewood,CO,80235,Bank Fees,
LIBERTARIAN PARTY OF COLORADO (LPCO),Political Party Committee,300.0,2025-08-28 00:00:00,Cory  Blair,Broomfield,CO,80021,Consultant & Professional Services,
LIBERTARIAN PARTY OF COLORADO (LPCO),Political Party Committee,2.34,2025-08-28 00:00:00,Stripe.Com,South San Francisco,CA,94080,Bank Fees,Credit Card Fees
PUEBLO EDUCATION ASSOCIATION SMALL DONOR COMMITTEE (PEA-SDC),Small Donor Committee,2500.0,2025-08-28 00:00:00,Tommy Farrell For Pueblo D60 School Board,Pueblo,CO,81003,Contributions,
PUEBLO EDUCATION ASSOCIATION SMALL DONOR COMMITTEE (PEA-SDC),Small Donor Committee,2500.0,2025-08-28 00:00:00,Committee To Elect Rae Carnevale For D60 School Board,Pueblo,CO,81004,Contributions,
SMART-TRANSPORTATION DIVISION SDC,Small Donor Committee,2500.0,2025-08-28 00:00:00,Jessie Danielson For Colorado,Wheat Ridge,CO,80033,Contributions,
SMART-TRANSPORTATION DIVISION SDC,Small Donor Committee,3000.0,2025-08-28 00:00:00,Lieder For Colorado,Redacted By Sos,CO,99999,Contributions,
SMART-TRANSPORTATION DIVISION SDC,Small Donor Committee,2250.0,2025-08-28 00:00:00,Javier For Colorado,Denver,CO,80219-5033,Contributions,
SMART-TRANSPORTATION DIVISION SDC,Small Donor Committee,750.0,2025-08-28 00:00:00,Javier'S Economic Justice Fund,Denver,CO,90219,Contributions,
SMART-TRANSPORTATION DIVISION SDC,Small Donor Committee,2000.0,2025-08-28 00:00:00,Winter For Hd47,Redacted By Sos,CO,99999,Contributions,
SMART-TRANSPORTATION DIVISION SDC,Small Donor Committee,500.0,2025-08-28 00:00:00,Committee To Elect Charles Perko,Pueblo,CO,81005,Contributions,
SMART-TRANSPORTATION DIVISION SDC,Small Donor Committee,500.0,2025-08-28 00:00:00,Chris For Colorado,Commerce City,CO,80022,Contributions,
SMART-TRANSPORTATION DIVISION SDC,Small Donor Committee,250.0,2025-08-28 00:00:00,Committee To Elect Pat Quinn Wheat Ridge Dis 3,Wheat Ridge,CO,80033,Contributions,
SMART-TRANSPORTATION DIVISION SDC,Small Donor Committee,1000.0,2025-08-28 00:00:00,Emily Sirota For Colorado,Redacted By Sos,CO,99999,Contributions,
SMART-TRANSPORTATION DIVISION SDC,Small Donor Committee,1000.0,2025-08-28 00:00:00,Colorado Democratic Party,Denver,CO,80203,Contributions,
SMART-TRANSPORTATION DIVISION SDC,Small Donor Committee,2500.0,2025-08-28 00:00:00,Tom  Sullivan,Centennial,CO,80015,Contributions,
SMART-TRANSPORTATION DIVISION SDC,Small Donor Committee,3000.0,2025-08-28 00:00:00,Elizabeth  Velasco,Redacted By Sos,CO,99999,Contributions,
VALDEZ FOR COLORADO RAINBOW FUND,Political Committee,2.0,2025-08-28 00:00:00,First Bank,Lakewood,CO,80215,Bank Fees,
WEST METRO FIRE FIGHTERS SMALL DONOR COMMITTEE,Small Donor Committee,1500.0,2025-08-28 00:00:00,Chris For Colorado,Commerce City,CO,80022,Contributions,Chris For Colorado Campaign Contribution
WEST METRO FIRE FIGHTERS SMALL DONOR COMMITTEE,Small Donor Committee,1500.0,2025-08-28 00:00:00,Lieder For Colorado,Redacted By Sos,CO,99999,Contributions,Lieder For Colorado Campaign Contribution
ACCESS TO PEDIATRIC BEHAVIORAL THERAPY FOR COLORADO CHILDREN,Political Committee,12.0,2025-08-29 00:00:00,First Bank,Lakewood,CO,80215,Bank Fees,
CERTIFIED PUBLIC ACCOUNTANTS PAC,Political Committee,5.0,2025-08-29 00:00:00,,,,,Bank Fees,Bank Fee
COLORADO CENTER PARTY CENTRAL COMMITTEE,Political Party Committee,3.38,2025-08-29 00:00:00,Paypal Inc.,San Jose,CA,95131,Bank Fees,
COLORADO DEMOCRATIC PARTY,Political Party Committee,8.0,2025-08-29 00:00:00,Firstbank,Lakewood,CO,80215,Bank Fees,Bank Fees
COLORADO DEMOCRATIC PARTY,Political Party Committee,2.0,2025-08-29 00:00:00,Firstbank,Lakewood,CO,80215,Bank Fees,Bank Fees
COLORADO DEMOCRATIC PARTY,Political Party Committee,2.0,2025-08-29 00:00:00,Firstbank,Lakewood,CO,80215,Bank Fees,Bank Fees
COLORADO DEMOCRATIC PARTY,Political Party Committee,686.7,2025-08-29 00:00:00,Hilton,Mclean,VA,22102,Travel & Lodging,Lodging
COLORADO DEMOCRATIC PARTY,Political Party Committee,200.0,2025-08-29 00:00:00,"The Village Work, Wellness, & Event Center",Centennial,CO,80112,Other,Room Rental Fee
COLORADO DENTAL HYGIENISTS PAC,Political Committee,15.0,2025-08-29 00:00:00,Jpmorgan Chase Bank,Columbus,OH,43218-2051,Bank Fees,
COLORADO LEAGUE OF CHARTER SCHOOLS ACTION SMALL DONOR COMMITTEE (CLCS ACTION SDC),Small Donor Committee,12.0,2025-08-29 00:00:00,Firstbank,Denver,CO,80203,Bank Fees,Bank Fees
COLORADO SKI COUNTRY USA PAC,Political Committee,5.0,2025-08-29 00:00:00,,,,,Bank Fees,Bank Service Charge
COLORADO STATE FRATERNAL ORDER OF POLICE SMALL DONOR COMMITTEE (FOP),Small Donor Committee,250.0,2025-08-29 00:00:00,Westminster 4 Demott,Westminster,CO,80031,Contributions,
EQUAL ACCESS FOR COLORADO AUTISM PATIENTS,Political Committee,12.0,2025-08-29 00:00:00,First Bank,Lakewood,CO,80215,Bank Fees,
FUERZA,Small Donor Committee,10.0,2025-08-29 00:00:00,Firstbank,Denver,CO,80211,Bank Fees,
JESSIE DANIELSON GRASSROOTS FUND,Small Donor Committee,15.0,2025-08-29 00:00:00,,,,,Bank Fees,
JESSIE DANIELSON PAC,Political Committee,15.0,2025-08-29 00:00:00,,,,,Bank Fees,
LESLIE HEROD'S BOLDLY FORWARD PAC,Political Committee,520.8,2025-08-29 00:00:00,Valerie  Nosler Beck,Wheat Ridge,CO,80033,Other,Reimbursement
LIBERTARIAN PARTY OF COLORADO (LPCO),Political Party Committee,2500.0,2025-08-29 00:00:00,Gary Fielder,Denver,CO,80221,Consultant & Professional Services,Legal Transcripts
MAX PAC,Political Committee,2.0,2025-08-29 00:00:00,South State Bank,Castle Rock,CO,80104,Bank Fees,Paper Statement Fee
MONICA PAC,Political Committee,2.0,2025-08-29 00:00:00,,,,,Bank Fees,
ODOPAC,Political Committee,2.0,2025-08-29 00:00:00,First Bank,Thornton,CO,80233,Bank Fees,
ORALE FUND,Political Committee,2.0,2025-08-29 00:00:00,Firstbank,Denver,CO,80203,Bank Fees,
PAC (POLITICAL ACTION COMMITTEE) TO THE FUTURE,Political Committee,100.0,2025-08-29 00:00:00,Katie Wallace For Colorado,Redacted By Sos,CO,99999,Contributions,
PAC (POLITICAL ACTION COMMITTEE) TO THE FUTURE,Political Committee,2.0,2025-08-29 00:00:00,Firstbank,Lakewood,CO,80215,Bank Fees,
PUEBLO COUNTY EDUCATION ASSOCIATION SMALL DONOR COMMITTEE (PCEA SDC),Small Donor Committee,6.0,2025-08-29 00:00:00,Wendy  Goins,Pueblo,CO,81005,Other,"Emo Refund 25-26
Check # 1108"
RODRIGUEZ LEADERSHIP FUND,Political Committee,2.0,2025-08-29 00:00:00,First Bank,Lakewood,CO,80215,Bank Fees,
SHEILA FOR COLORADO LEADERSHIP FUND,Political Committee,2.0,2025-08-29 00:00:00,First Bank,Lakewood,CO,80232,Bank Fees,Card Fee
SNYDER FOR COLORADO LEADERSHIP FUND,Political Committee,2.0,2025-08-29 00:00:00,First Bank,Lakewood,CO,80215,Bank Fees,
THE COLEMAN LEADERSHIP FUND,Political Committee,4.0,2025-08-29 00:00:00,1St Bank,Denver,CO,80249,Bank Fees,
CATLIN PAC,Political Committee,12.0,2025-08-30 00:00:00,First Bank,Denver,CO,80203,Bank Fees,
NURSES FOR POLITCAL ACTION IN COLORADO (N-PAC),Political Committee,10.0,2025-08-30 00:00:00,Umb Bank,Denver,CO,80218,Bank Fees,
SULLY'S LEADERSHIP FUND,Political Committee,450.0,2025-08-30 00:00:00,Matt  Ball,Denver,CO,80203,Contributions,
WILEY WILL PAC,Political Committee,12.0,2025-08-30 00:00:00,First Bank,Denver,CO,80203,Bank Fees,
WOODROW LEADERSHIP PAC,Political Committee,14.0,2025-08-30 00:00:00,,,,,Bank Fees,
18TH JD CRIMINAL JUSTICE FUND,Small Donor Committee,11.88,2025-08-31 00:00:00,Actblue,Sommerville,MA,02144,Bank Fees,
ADAMS EDUCATORS FOR PUBLIC EDUCATION,Small Donor Committee,5.0,2025-08-31 00:00:00,,,,,Bank Fees,
AGRICULTURE PAC,Political Committee,2.0,2025-08-31 00:00:00,Firstbank North,Arvada,CO,80006,Bank Fees,
"AGRICULTURE STRONG, COLORADO UNITED",Small Donor Committee,10.0,2025-08-31 00:00:00,First Bank North,Brighton,CO,80601,Bank Fees,
BUCKLE UP PAC,Political Committee,2.0,2025-08-31 00:00:00,Firstbank North,Arvada,CO,80003,Bank Fees,
CARE SMALL DONOR COMMITTEE,Small Donor Committee,330.0,2025-08-31 00:00:00,Colorado Country Life,Denver,CO,80216,Office Equipment & Supplies,Ccl Dept Billing For Care Literature
CATHY KIPP FOR COLORADO LEADERSHIP FUND,Political Committee,52.54,2025-08-31 00:00:00,Act Blue Technical Services,Somerville,MA,02144-3132,Other,Service Fees
COLORADO COMMITTEE OF AUTO RETAILERS (COLO C.A.R.),Political Committee,3.0,2025-08-31 00:00:00,,,,,Bank Fees,Bank Fees
COLORADO PSYCHOLOGICAL ASSOCIATION,Political Committee,25.0,2025-08-31 00:00:00,Keybank National Association,Greenwood Village,CO,80111,Bank Fees,
COLORADO STRONG SMALL DONOR COMMITTEE,Small Donor Committee,2.0,2025-08-31 00:00:00,First Bank,Brighton,CO,80601,Bank Fees,
COLORADO WORKING FAMILIES PARTY SMALL DONOR COMMITTEE,Small Donor Committee,0.17,2025-08-31 00:00:00,Actblue Technical Services,Somerville,MA,02144,Fundraising Expenses,
DEMOCRATIC PARTY CONGRESSIONAL DISTRICT 4 COLORADO,Political Party Committee,0.6,2025-08-31 00:00:00,Actblue Technical Services,Somerville,MA,02144,Other,Cc Processing Fee
FAMILIES FOR RESPONSIBLE GOVERNMENT,Political Committee,2.0,2025-08-31 00:00:00,Firstbank,Brighton,CO,80601,Bank Fees,
GREATER DOUGLAS COUNTY,Political Committee,5.0,2025-08-31 00:00:00,Banc Of California,Carlsbad,CA,92013,Bank Fees,Bank Fee
GRISWOLD LEADERSHIP PAC,Political Committee,19.75,2025-08-31 00:00:00,Actblue,West Somerville,MA,02144-0031,Fundraising Expenses,Credit Card Processing Fee
HOME CARE PAC,Political Committee,3.0,2025-08-31 00:00:00,Keybank,Cleveland,OH,44101,Bank Fees,
LAND TITLE ASSOC OF CO PAC  (LTAC PAC),Political Committee,40.0,2025-08-31 00:00:00,32 Auctions,Madison,WI,53705,Fundraising Expenses,Software Expense
LAND TITLE ASSOC OF CO PAC  (LTAC PAC),Political Committee,289.77,2025-08-31 00:00:00,Mnp Management,Centennial,CO,80122,Fundraising Expenses,Silent Auction Supplies
NAIOP COLORADO PAC,Political Committee,15.0,2025-08-31 00:00:00,1Stbank Of Denver,Denver,CO,80202,Bank Fees,
NAIOP COLORADO SMALL DONOR COMMITTEE,Small Donor Committee,15.0,2025-08-31 00:00:00,1Stbank Of Denver,Denver,CO,80202,Bank Fees,
PFIZER INC PAC,Political Committee,-200.0,2025-08-31 00:00:00,Committee To Elect Matt Soper,Redacted By Sos,CO,99999,Returned Expenditure,Voided 08/23/23 Disbursement
PFIZER INC PAC,Political Committee,-400.0,2025-08-31 00:00:00,Elect Mandy Lindsay,Aurora,CO,80010,Returned Expenditure,Voided 09/26/23 Disbursement
PFIZER INC PAC,Political Committee,-200.0,2025-08-31 00:00:00,Weinberg For Colorado,Loveland,CO,80538,Returned Expenditure,Voided 09/26/23 Disbursement
REALTOR CANDIDATE POLITICAL ACTION COMMITTEE (RCPAC) - FKA: COLORADO ASSOCIATION OF REALTORS PAC (CO,Political Committee,25.0,2025-08-31 00:00:00,Firstbank,Lakewood,CO,80215,Bank Fees,Bank Fee
REALTOR SMALL DONOR COMMITTEE (RSDC),Small Donor Committee,25.0,2025-08-31 00:00:00,Firstbank,Lakewood,CO,80215,Bank Fees,Bank Fee
TAKE COLO BACK POLITICAL COMM,Political Committee,2.0,2025-08-31 00:00:00,First Bank,Brighton,CO,80601,Bank Fees,
VOICES FOR CHOICE SMALL DONOR COMMITTEE,Small Donor Committee,2.0,2025-08-31 00:00:00,,,,,Bank Fees,Bank Fees
WOOG PAC,Political Committee,2.0,2025-08-31 00:00:00,First Bank North,Arvada,CO,80006,Bank Fees,
JAVIER'S ECONOMIC JUSTICE FUND,Political Committee,250.0,2023-09-01 00:00:00,Alison Coombs For Aurora,Aurora,CO,80015,Contributions,
COLORADANS FOR WESTERN VALUES LEADERSHIP PAC,Political Committee,450.0,2025-09-01 00:00:00,Carver For Colorado,Redacted By Sos,CO,99999,Contributions,
COLORADO CENTER PARTY CENTRAL COMMITTEE,Political Party Committee,12.52,2025-09-01 00:00:00,Digital Ocean,New York,NY,10013,Miscellaneous,
FENBERG LEADERSHIP FUND,Political Committee,59.64,2025-09-01 00:00:00,Google,Mountain View,CA,94035,Other,Email Services
GREEN PARTY OF COLORADO,Political Party Committee,0.84,2025-09-01 00:00:00,Paypal,San Jose,CA,95131,Bank Fees,
ROCKY MOUNTAIN HOME ASSOCIATION PAC (CMHA PAC FUND),Political Committee,12.0,2025-09-01 00:00:00,Pnc Bank,Pittsburg,PA,15222,Bank Fees,
BUILDING OWNERS AND MANAGERS ASSOCIATION POLITICAL COMMITTEE (BOMA),Political Committee,20.0,2025-09-02 00:00:00,Denver Metro Boma,Denver,CO,80202,Bank Fees,
COLORADO BIOSCIENCE PAC,Political Committee,20.0,2025-09-02 00:00:00,Wells Fargo Bank,Denver,CO,80203,Bank Fees,
COLORADO DEMOCRATIC PARTY,Political Party Committee,37.5,2025-09-02 00:00:00,Firstbank,Lakewood,CO,80215,Bank Fees,Bank Fees
COLORADO DEMOCRATIC PARTY,Political Party Committee,450.0,2025-09-02 00:00:00,Numero,Irvine,CA,92618,Other,Software License Fee
CONSERVATION COLORADO ACTION FUND (CCVAF),Political Committee,183.25,2025-09-02 00:00:00,Conservation Colorado,Denver,CO,80203,Employee Services,Staff Hours
DUSTY TRAIL PAC,Political Committee,32.0,2025-09-02 00:00:00,Bank Of Colorado,Fort Morgan,CO,80701,Bank Fees,Service Charges
HOST-PAC (COLORADO RESTAURANT ASSOCIATION),Political Committee,281.4,2025-09-02 00:00:00,Heartland Payment Systems,Princeton,NJ,08542,Bank Fees,
HOST-PAC (COLORADO RESTAURANT ASSOCIATION),Political Committee,10.25,2025-09-02 00:00:00,Authorize.Net,American Forks,UT,84003,Bank Fees,
MAKE GREAT CHOICES PAC,Political Committee,725.0,2025-09-02 00:00:00,Jena For Colorado,Redacted By Sos,CO,99999,Contributions,
REGINA ENGLISH FOR COLORADO LEADERSHIP PAC,Political Committee,100.0,2025-09-02 00:00:00,Regina R English,Colorado Springs,CO,80901,Contributions,Donation To John Mikos On Actblue
ROBERTS LEADERSHIP FUND,Political Committee,50.0,2025-09-02 00:00:00,Joel For Littleton,Littleton,CO,80120,Contributions,
THE COLEMAN LEADERSHIP FUND,Political Committee,450.0,2025-09-02 00:00:00,Tom  Sullivan,Centennial,CO,80015,Contributions,
THE COLEMAN LEADERSHIP FUND,Political Committee,1.03,2025-09-02 00:00:00,Patreon,Pali Alto,CA,94306,Other,Monthly Subscription
VALDEZ FOR COLORADO RAINBOW FUND,Political Committee,17.67,2025-09-02 00:00:00,Google Suite,Mountain View,CA,94043,Office Equipment & Supplies,
WARRIOR PAC,Political Committee,26.85,2025-09-02 00:00:00,Google,Mountain View,CA,94043,Office Equipment & Supplies,
THE MURSE PAC,Political Committee,-450.0,2024-09-03 00:00:00,Meghan Lukens For Colorado,Redacted By Sos,CO,99999,Contributions,Offset Due To Deletion Of Filed Item
THE MURSE PAC,Political Committee,-450.0,2024-09-03 00:00:00,Kiel For Colorado,Denver,CO,80203,Contributions,Offset Due To Deletion Of Filed Item
THE MURSE PAC,Political Committee,-450.0,2024-09-03 00:00:00,Committee To Elect Marc Snyder,Manitou Springs,CO,80829,Contributions,Offset Due To Deletion Of Filed Item
BLACK JACK PAC,Political Committee,400.0,2025-09-03 00:00:00,Tricia For Fort Collins,Ft. Collins,CO,80528,Contributions,
CHRIS KOLKER GRASSROOTS FUND,Small Donor Committee,900.0,2025-09-03 00:00:00,Janice Marchman For Colorado,Loveland,CO,80538,Contributions,For State Senate Re-Election
COLORADO CEASEFIRE PAC,Political Committee,312.0,2025-09-03 00:00:00,Postmaster,Denver,CO,80207,Fundraising Expenses,Stamps
COLORADO DAIRY FARMERS POLITICAL COMMITTEE,Political Committee,450.0,2025-09-03 00:00:00,Woog For House District 19,Frederick,CO,80530,Contributions,
COLORADO DAIRY FARMERS POLITICAL COMMITTEE,Political Committee,450.0,2025-09-03 00:00:00,Gonzalez For 50,Greeley,CO,80634,Contributions,
COLORADO DAIRY FARMERS POLITICAL COMMITTEE,Political Committee,450.0,2025-09-03 00:00:00,Dusty For Colorado,Redacted By Sos,CO,99999,Contributions,
COLORADO DAIRY FARMERS POLITICAL COMMITTEE,Political Committee,450.0,2025-09-03 00:00:00,Katie For Colorado,Redacted By Sos,CO,99999,Contributions,
COLORADO DAIRY FARMERS POLITICAL COMMITTEE,Political Committee,450.0,2025-09-03 00:00:00,Winter For Hd47,Redacted By Sos,CO,99999,Contributions,
COLORADO DAIRY FARMERS POLITICAL COMMITTEE,Political Committee,450.0,2025-09-03 00:00:00,Friends Of Matthew Martinez,Monte Vista,CO,81144,Contributions,
COLORADO DAIRY FARMERS POLITICAL COMMITTEE,Political Committee,450.0,2025-09-03 00:00:00,Karen For Co,Redacted By Sos,CO,99999,Contributions,
COLORADO DAIRY FARMERS POLITICAL COMMITTEE,Political Committee,450.0,2025-09-03 00:00:00,Meghan Lukens For Colorado,Redacted By Sos,CO,99999,Contributions,
COLORADO DAIRY FARMERS POLITICAL COMMITTEE,Political Committee,450.0,2025-09-03 00:00:00,Pelton For State Senate,Sterling,CO,80751,Contributions,
COLORADO DAIRY FARMERS POLITICAL COMMITTEE,Political Committee,450.0,2025-09-03 00:00:00,Matt Ball For Colorado,Denver,CO,80203,Contributions,
COLORADO DAIRY FARMERS POLITICAL COMMITTEE,Political Committee,450.0,2025-09-03 00:00:00,Carlos For Hd 48,Fort Lupton,CO,80621,Contributions,
COLORADO DAIRY FARMERS POLITICAL COMMITTEE,Political Committee,450.0,2025-09-03 00:00:00,Coloradans For Western Values Leadership Pac,Colo. Springs,CO,80918,Contributions,
COLORADO DEMOCRATIC PARTY,Political Party Committee,30.85,2025-09-03 00:00:00,Firstbank,Lakewood,CO,80215,Bank Fees,Bank Fees
COLORADO DEMOCRATIC PARTY,Political Party Committee,53.83,2025-09-03 00:00:00,Firstbank,Lakewood,CO,80215,Bank Fees,Bank Fees
COLORADO DEMOCRATIC PARTY,Political Party Committee,0.28,2025-09-03 00:00:00,Firstbank,Lakewood,CO,80215,Bank Fees,Bank Fees
COLORADO DEMOCRATIC PARTY,Political Party Committee,175.0,2025-09-03 00:00:00,Jefferson County Democratic Party,Lakewood,CO,80226,Other,Unlimited Transfer To Affiliated Committee
COLORADO DEMOCRATIC PARTY,Political Party Committee,50.0,2025-09-03 00:00:00,Jefferson County Democratic Party,Lakewood,CO,80226,Other,Unlimited Transfer To Affiliated Committee
COLORADO DEMOCRATIC PARTY,Political Party Committee,3.42,2025-09-03 00:00:00,Squarespace,New York,NY,10014,Office Equipment & Supplies,Website Hosting Fee
COLORADO DEMOCRATIC PARTY,Political Party Committee,3.42,2025-09-03 00:00:00,Squarespace,New York,NY,10014,Office Equipment & Supplies,Website Hosting Fee
COLORADO LIBRARY POLITICAL ACTION COMMITTEE (CLPAC),Political Committee,1.07,2025-09-03 00:00:00,Paypal,San Jose,CA,95131,Other,Paypal Fee
COLORADO LIBRARY POLITICAL ACTION COMMITTEE (CLPAC),Political Committee,0.78,2025-09-03 00:00:00,Paypal,San Jose,CA,95131,Other,Paypal Fee
COLORADO LIBRARY POLITICAL ACTION COMMITTEE (CLPAC),Political Committee,0.78,2025-09-03 00:00:00,Paypal,San Jose,CA,95131,Other,Paypal Fee
COLORADO LIBRARY POLITICAL ACTION COMMITTEE (CLPAC),Political Committee,1.36,2025-09-03 00:00:00,Paypal,San Jose,CA,95131,Other,Paypal Fee
COLORADO LIBRARY POLITICAL ACTION COMMITTEE (CLPAC),Political Committee,0.63,2025-09-03 00:00:00,Paypal,San Jose,CA,95131,Other,Paypal Fee
COLORADO LIBRARY POLITICAL ACTION COMMITTEE (CLPAC),Political Committee,1.21,2025-09-03 00:00:00,Paypal,San Jose,CA,95131,Other,Paypal Fee
COLORADO LIBRARY POLITICAL ACTION COMMITTEE (CLPAC),Political Committee,0.78,2025-09-03 00:00:00,Paypal,San Jose,CA,95131,Other,Paypal Fee
COLORADO LIBRARY POLITICAL ACTION COMMITTEE (CLPAC),Political Committee,9.16,2025-09-03 00:00:00,Paypal,San Jose,CA,95131,Other,Paypal Fee
COLORADO LIBRARY POLITICAL ACTION COMMITTEE (CLPAC),Political Committee,1.21,2025-09-03 00:00:00,Paypal,San Jose,CA,95131,Other,Paypal Fee
COLORADO LIBRARY POLITICAL ACTION COMMITTEE (CLPAC),Political Committee,1.07,2025-09-03 00:00:00,Paypal,San Jose,CA,95131,Other,Paypal Fee
DEMOCRATIC PARTY CONGRESSIONAL DISTRICT 4 COLORADO,Political Party Committee,271.8,2025-09-03 00:00:00,Godaddy.Com,Scottsdale,AZ,85260-6947,Advertising,Website/Domain
LIBERTARIAN PARTY OF COLORADO (LPCO),Political Party Committee,129.0,2025-09-03 00:00:00,Civicrm,San Francisco,CA,94116,Fundraising Expenses,
LIBERTARIAN PARTY OF COLORADO (LPCO),Political Party Committee,135.0,2025-09-03 00:00:00,Jonathan M Jacobs,Philadelphia,PA,19151,Consultant & Professional Services,Parliamentary Consultant
LIBERTARIAN PARTY OF COLORADO (LPCO),Political Party Committee,64.95,2025-09-03 00:00:00,Merch Bnkcd Sd Fee,Thousand Oaks,CA,91361,Bank Fees,Bank Fees
LIBERTARIAN PARTY OF COLORADO (LPCO),Political Party Committee,1470.0,2025-09-03 00:00:00,Something Amazing Event Planning Llc,Aurora,CO,80011,Fundraising Expenses,
LIBERTARIAN PARTY OF COLORADO (LPCO),Political Party Committee,1.03,2025-09-03 00:00:00,Stripe.Com,South San Francisco,CA,94080,Bank Fees,Credit Card Fees
RURAL COLORADO MATTERS PAC,Political Committee,1000.0,2025-09-03 00:00:00,Kirkmeyer For Colorado,Brighton,CO,80603,Contributions,Campaign Contributions
"COLORADO CHIROPRACTIC PAC (CCA, CC-PAC)",Political Committee,15.35,2025-09-04 00:00:00,8Am Affinipay,Austin,TX,78746,Bank Fees,
COLORADO DEMOCRATIC PARTY,Political Party Committee,2808.92,2025-09-04 00:00:00,Nicholas  Paprocki,Thornton,CO,80229,Employee Services,Salary
COLORADO DEMOCRATIC PARTY,Political Party Committee,1187.21,2025-09-04 00:00:00,Paychex,Norristown,PA,19403,Employee Services,Payroll Taxes
COLORADO DEMOCRATIC PARTY,Political Party Committee,1304.53,2025-09-04 00:00:00,Paychex,Norristown,PA,19403,Employee Services,Payroll Taxes
COLORADO DEMOCRATIC PARTY,Political Party Committee,5.75,2025-09-04 00:00:00,Paychex,Norristown,PA,19403,Employee Services,Payroll Taxes
COLORADO DEMOCRATIC PARTY,Political Party Committee,2594.41,2025-09-04 00:00:00,Chris P Rork,Denver,CO,80222,Employee Services,Salary
COLORADO LIBRARY POLITICAL ACTION COMMITTEE (CLPAC),Political Committee,0.78,2025-09-04 00:00:00,Paypal,San Jose,CA,95131,Other,Paypal Fee
CONSERVATION COLORADO ACTION FUND (CCVAF),Political Committee,28.64,2025-09-04 00:00:00,Act Blue,,CO,,Bank Fees,Act Blue Fees
DEMOCRATIC PARTY CONGRESSIONAL DISTRICT 4 COLORADO,Political Party Committee,34.0,2025-09-04 00:00:00,Atlassian (Jira),Mountain View,CA,94041,Advertising,Advertising
DEMOCRATIC PARTY CONGRESSIONAL DISTRICT 4 COLORADO,Political Party Committee,1.02,2025-09-04 00:00:00,Us Bank,Parker,CO,80134,Bank Fees,Cc Processing Fee
EDUCATORS FOR PUBLIC EDUCATION,Political Committee,1000.0,2025-09-04 00:00:00,Colorado Democratic Party,Denver,CO,80203,Contributions,Political Party Contribution
END CITIZENS UNITED,Political Committee,1450.0,2025-09-04 00:00:00,Jena For Colorado,Redacted,CO,00000,Contributions,Contribution
INVESTHER,Political Committee,26.5,2025-09-04 00:00:00,Squarespace Inc.,New York,NY,10014,Other,Website & Email
KAREN FOR CO LEADERSHIP PAC,Political Committee,1000.0,2025-09-04 00:00:00,House Majority Project,Denver,CO,80203,Other,Contribution To The House Majority Project To Support The Election Of Candidates Fighting To Save Democracy
LIBERTARIAN PARTY OF COLORADO (LPCO),Political Party Committee,1925.0,2025-09-04 00:00:00,Something Amazing Event Planning Llc,Aurora,CO,80011,Fundraising Expenses,
LIBERTARIAN PARTY OF COLORADO (LPCO),Political Party Committee,0.81,2025-09-04 00:00:00,Stripe.Com,South San Francisco,CA,94080,Bank Fees,Credit Card Fees
LIBERTARIAN PARTY OF COLORADO (LPCO),Political Party Committee,232.38,2025-09-04 00:00:00,Vistaprint,Waltham,MA,02451,Office Equipment & Supplies,Postcard - Call To Convention
PUBLIC EDUCATION COMMITTEE,Small Donor Committee,1125.0,2025-09-04 00:00:00,Charrier,Aurora,CO,80018,Contributions,Candidate Contribution
PUBLIC EDUCATION COMMITTEE,Small Donor Committee,1125.0,2025-09-04 00:00:00,Tramaine Duncan For School Board,Aurora,CO,80010,Contributions,Candidate Contribution
PUBLIC EDUCATION COMMITTEE,Small Donor Committee,1125.0,2025-09-04 00:00:00,Kristin For Aps,Aurora,CO,80017,Contributions,Candidate Contribution
PUBLIC EDUCATION COMMITTEE,Small Donor Committee,1125.0,2025-09-04 00:00:00,Anne Keke For Kids,Aurora,CO,80017,Contributions,Candidate Contribution
PUBLIC EDUCATION COMMITTEE,Small Donor Committee,1125.0,2025-09-04 00:00:00,Starr For Students,Henderson,CO,80640-9360,Contributions,Candidate Contribution
PUBLIC EDUCATION COMMITTEE,Small Donor Committee,1125.0,2025-09-04 00:00:00,Ashley Conn For 27J,Commerce City,CO,80022,Contributions,Candidate Contribution
PUBLIC EDUCATION COMMITTEE,Small Donor Committee,3250.0,2025-09-04 00:00:00,Terry Bates For Cherry Creek Schools,Denver,CO,80206,Contributions,Candidate Contribution
PUBLIC EDUCATION COMMITTEE,Small Donor Committee,3250.0,2025-09-04 00:00:00,Mike Hamrick For Ccsd,Centennial,CO,80016,Contributions,Candidate Contribution
PUBLIC EDUCATION COMMITTEE,Small Donor Committee,2250.0,2025-09-04 00:00:00,Ana With Colorado,Broomfield,CO,80020,Contributions,Candidate Contribution
PUBLIC EDUCATION COMMITTEE,Small Donor Committee,1100.0,2025-09-04 00:00:00,Hadley For St Vrain,Niwot,CO,80503,Contributions,Candidate Contributions
PUBLIC EDUCATION COMMITTEE,Small Donor Committee,1000.0,2025-09-04 00:00:00,Colorado Democratic Party,Denver,CO,80203,Contributions,Political Party Contribution
PUBLIC EDUCATION COMMITTEE,Small Donor Committee,1250.0,2025-09-04 00:00:00,Tommy Farrell For Pueblo D60 School Board,Pueblo,CO,81003,Other,Campaign Management
PUBLIC EDUCATION COMMITTEE,Small Donor Committee,1250.0,2025-09-04 00:00:00,Committee To Elect Rae Carnevale For D60 School Board,Pueblo,CO,81004,Other,Campaign Management
PUBLIC EDUCATION COMMITTEE,Small Donor Committee,1250.0,2025-09-04 00:00:00,Mark Emery For D70 School Board,Pueblo,CO,81006,Other,Campaign Management
PUBLIC EDUCATION COMMITTEE,Small Donor Committee,1250.0,2025-09-04 00:00:00,Michelle Erickson For Pueblo,Pueblo,CO,81007,Other,Campaign Management
PUBLIC EDUCATION COMMITTEE,Small Donor Committee,2000.0,2025-09-04 00:00:00,Charles 4 D11,Colorado Springs,CO,80910,Other,Campaign Management
PUBLIC EDUCATION COMMITTEE,Small Donor Committee,2000.0,2025-09-04 00:00:00,Elect Michael Carsten,Redacted By Sos,CO,99999,Other,Campaign Management
PUBLIC EDUCATION COMMITTEE,Small Donor Committee,2000.0,2025-09-04 00:00:00,Leann 4 D11,Colorado Springs,CO,80903,Other,Campaign Management
PUBLIC EDUCATION COMMITTEE,Small Donor Committee,1000.0,2025-09-04 00:00:00,Starr For Students,Henderson,CO,80640-9360,Other,Campaign Management
PUBLIC EDUCATION COMMITTEE,Small Donor Committee,1000.0,2025-09-04 00:00:00,Ashley Conn For 27J,Commerce City,CO,80022,Other,Campaign Management
PUBLIC EDUCATION COMMITTEE,Small Donor Committee,1000.0,2025-09-04 00:00:00,Ramon Alvarado For 27J,Commerce City,CO,80022,Other,Campaign Management
PUBLIC EDUCATION COMMITTEE,Small Donor Committee,1000.0,2025-09-04 00:00:00,Together With Tracie,Thornton,CO,80602,Other,Campaign Management
THE COLEMAN LEADERSHIP FUND,Political Committee,450.0,2025-09-04 00:00:00,Lisa A Carnesciali-Jacoby,Brighton,CO,80603,Contributions,
WILLFORD LEADERSHIP FUND,Political Committee,103.18,2025-09-04 00:00:00,Colorado Statewide Parent Coaltion,Denver,CO,80211,Contributions,
ADAMS EDUCATORS FOR PUBLIC EDUCATION,Small Donor Committee,77.89,2025-09-05 00:00:00,,,,,Other,Intuit
AT&T COLORADO EMPLOYEE POLITICAL ACTION COMMITTEE,Political Committee,-725.0,2025-09-05 00:00:00,Orale Fund,Denver,CO,80211,Returned Expenditure,Void - Orale Fund
AT&T COLORADO EMPLOYEE POLITICAL ACTION COMMITTEE,Political Committee,-450.0,2025-09-05 00:00:00,Monica Duran For State Rep.,Wheat Ridge,CO,80033,Returned Expenditure,Void - Monica Duran For State Rep
COLORADO DEMOCRATIC PARTY,Political Party Committee,88.33,2025-09-05 00:00:00,Google,Mountain View,CA,94043,Office Equipment & Supplies,Software Subscription
COLORADO DEMOCRATIC PARTY,Political Party Committee,130.64,2025-09-05 00:00:00,Google,Mountain View,CA,94043,Office Equipment & Supplies,Software Subscription
COLORADO FORWARD PARTY COMMITTEE,Political Party Committee,130.58,2025-09-05 00:00:00,Meta Corporation,Menlo Park,CA,94025,Advertising,Meta Platfom Party Advertisments
JESSIE DANIELSON PAC,Political Committee,150.0,2025-09-05 00:00:00,Eagle County Democrats,Basalt,CO,81621,Contributions,
LIBERTARIAN PARTY OF COLORADO (LPCO),Political Party Committee,0.6,2025-09-05 00:00:00,Stripe.Com,South San Francisco,CA,94080,Bank Fees,Credit Card Fees
MANNY RUTINEL LEADERSHIP FUND,Political Committee,200.0,2025-09-05 00:00:00,House Majority Fund Pac,Denver,CO,80203,Contributions,
PIKES PEAK SMALL DONOR COMMITTEE (PPSDC),Small Donor Committee,700.0,2025-09-05 00:00:00,Carol Greenstreet For Boe,Woodland Park,CO,80863,Contributions,
PIKES PEAK SMALL DONOR COMMITTEE (PPSDC),Small Donor Committee,700.0,2025-09-05 00:00:00,Kassidi Gilgenast For Wpsd,Woodland Park,CO,80863,Contributions,
PIKES PEAK SMALL DONOR COMMITTEE (PPSDC),Small Donor Committee,700.0,2025-09-05 00:00:00,Laura Gordon For Wpsd School Board,Woodland Park,CO,80863,Contributions,
COLORADO OPTOMETRIC ASSOCIATION SMALL DONOR COMMITTEE,Small Donor Committee,-300.0,2024-09-06 00:00:00,Julie For Colorado,Denver,CO,80211,Contributions,Offset Due To Deletion Of Filed Item
COLORADO OPTOMETRIC ASSOCIATION SMALL DONOR COMMITTEE,Small Donor Committee,-300.0,2024-09-06 00:00:00,Dylan Roberts For Colorado,Redacted By Sos,CO,99999,Contributions,Offset Due To Deletion Of Filed Item
MAKE GREAT CHOICES PAC,Political Committee,125.0,2024-09-06 00:00:00,Town Wellington,Wellington,CO,80549,Fundraising Expenses,Facilities Rental
COLORADO CENTER PARTY CENTRAL COMMITTEE,Political Party Committee,36.27,2025-09-06 00:00:00,Twilio,San Francisco,CA,94105,Miscellaneous,
FRIENDS OF JUNIE JOSEPH LEADERSHIP FUND,Political Committee,450.0,2025-09-06 00:00:00,Anil For Hd19,Erie,CO,80516,Contributions,
18TH JD CRIMINAL JUSTICE FUND,Small Donor Committee,18.81,2025-09-07 00:00:00,Actblue,Sommerville,MA,02144,Bank Fees,
CHRIS KOLKER LEADERSHIP FUND,Political Committee,300.0,2025-09-07 00:00:00,Mike Hamrick For Ccsd,Centennial,CO,80016,Contributions,
COLORADO CENTER PARTY CENTRAL COMMITTEE,Political Party Committee,130.38,2025-09-07 00:00:00,Hover.Com,Toronto,ON,M6K 3MA,Miscellaneous,
COLORADO WORKING FAMILIES PARTY SMALL DONOR COMMITTEE,Small Donor Committee,0.6,2025-09-07 00:00:00,Actblue Technical Services,Somerville,MA,02144,Fundraising Expenses,
DEMOCRATIC PARTY CONGRESSIONAL DISTRICT 4 COLORADO,Political Party Committee,1.19,2025-09-07 00:00:00,Actblue Technical Services,Somerville,MA,02144,Other,Cc Processing Fee
LESLIE HEROD'S BOLDLY FORWARD PAC,Political Committee,3.17,2025-09-07 00:00:00,Act Blue,Somerville,MA,02144,Fundraising Expenses,
LIBERTARIAN PARTY OF COLORADO (LPCO),Political Party Committee,125.0,2025-09-07 00:00:00,City And County Of Denver,Denver,CO,80203,Fundraising Expenses,License / Permit Fee
UNITED COLORADO COMMITTEE,Political Party Committee,29.94,2025-09-07 00:00:00,Hosting.Com,Ann Arbor,MI,48106,Office Equipment & Supplies,
WILLFORD LEADERSHIP FUND,Political Committee,41.49,2025-09-07 00:00:00,Actblue Technical Services,Somerville,MA,02144-3132,Fundraising Expenses,
"COLORADO CHIROPRACTIC ASSN. SMALL DONOR COMMITTEE (CCA, CC-SDC)",Small Donor Committee,2500.0,2025-09-08 00:00:00,Kirkmeyer For Colorado,Brighton,CO,80603,Contributions,
COLORADO MEDICAL PAC (COMPAC),Political Committee,450.0,2025-09-08 00:00:00,To Elect Michael Carter To Colorado State House District 36,Redacted By Sos,CO,99999,Contributions,
COLORADO MEDICAL SOCIETY SMALL DONOR COMMITTEE,Small Donor Committee,3000.0,2025-09-08 00:00:00,To Elect Michael Carter To Colorado State House District 36,Redacted By Sos,CO,99999,Contributions,
JAVIER'S ECONOMIC JUSTICE FUND,Political Committee,225.0,2025-09-08 00:00:00,Gena Ozols For Hd3,Redacted By Sos,CO,99999,Contributions,
JAVIER'S ECONOMIC JUSTICE FUND,Political Committee,450.0,2025-09-08 00:00:00,Gabriel For Colorado,Eastlake,CO,80614,Contributions,
JAVIER'S ECONOMIC JUSTICE FUND,Political Committee,450.0,2025-09-08 00:00:00,Committee To Elect Stephanie Vigil,Redacted By Sos,CO,99999,Contributions,
JAVIER'S ECONOMIC JUSTICE FUND,Political Committee,150.0,2025-09-08 00:00:00,Matt Ball For Colorado,Denver,CO,80203,Contributions,
JAVIER'S ECONOMIC JUSTICE FUND,Political Committee,300.0,2025-09-08 00:00:00,Katie Wallace For Colorado,Redacted By Sos,CO,99999,Contributions,
JAVIER'S ECONOMIC JUSTICE FUND,Political Committee,500.0,2025-09-08 00:00:00,Seligman For Ag,Redacted By Sos,CO,99999,Contributions,
JAVIER'S ECONOMIC JUSTICE FUND,Political Committee,450.0,2025-09-08 00:00:00,Committee To Elect Amy Paschal,Redacted By Sos,CO,99999,Contributions,
JAVIER'S ECONOMIC JUSTICE FUND,Political Committee,450.0,2025-09-08 00:00:00,Katie For Colorado,Redacted By Sos,CO,99999,Contributions,
JRICH POLITICAL ACTION COMMITTEE,Political Committee,400.0,2025-09-08 00:00:00,Elect Nina,Grand Junction,CO,81504,Contributions,
JRICH POLITICAL ACTION COMMITTEE,Political Committee,400.0,2025-09-08 00:00:00,Carver For Colorado,Redacted By Sos,CO,99999,Contributions,
LIBERTARIAN PARTY OF COLORADO (LPCO),Political Party Committee,1.75,2025-09-08 00:00:00,Stripe.Com,South San Francisco,CA,94080,Bank Fees,Credit Card Fees
LINDSEY FOR COLORADO LEADERSHIP FUND,Political Committee,450.0,2025-09-08 00:00:00,Friends Of Jacque Phillips,Redacted By Sos,CO,99999,Contributions,
LINDSTEDT LEADERSHIP FUND,Political Committee,450.0,2025-09-08 00:00:00,Friends Of Jacque Phillips,Redacted By Sos,CO,99999,Contributions,
ZENPAC,Political Committee,100.0,2025-09-08 00:00:00,Randy Moorman,Arvada,CO,80005,Contributions,Randy Moorman For Arvada City Council
FRIENDS OF JUNIE JOSEPH LEADERSHIP FUND,Political Committee,100.0,2024-09-09 00:00:00,Tisha Mauro,Pueblo,CO,81006,Contributions,
AGRICULTURE PAC,Political Committee,200.0,2025-09-09 00:00:00,Kirkmeyer For Colorado,Brighton,CO,80603,Contributions,
COLIN PAC,Political Committee,500.0,2025-09-09 00:00:00,Kirkmeyer For Colorado,Brighton,CO,80603,Contributions,
COLORADO DEMOCRATIC PARTY,Political Party Committee,800.0,2025-09-09 00:00:00,Emily R Hiltz,Denver,CO,80203,Consultant & Professional Services,Social Media Services
COLORADO DEMOCRATIC PARTY,Political Party Committee,199.51,2025-09-09 00:00:00,La Quinta Inn & Suites Wyndham Grand Junction,Grand Junction,CO,81506,Travel & Lodging,Lodging
COLORADO DEMOCRATIC PARTY,Political Party Committee,201.89,2025-09-09 00:00:00,Squarespace,New York,NY,10014,Office Equipment & Supplies,Website Hosting Fee
COLORADO INDEPENDENT AUTO DEALERS POLITICAL COMMITTEE,Political Committee,1450.0,2025-09-09 00:00:00,Kirkmeyer For Colorado,Brighton,CO,80603,Contributions,
COLORADO MEDICAL PAC (COMPAC),Political Committee,450.0,2025-09-09 00:00:00,Lieder For Colorado,Redacted By Sos,CO,99999,Contributions,
COLORADO MEDICAL SOCIETY SMALL DONOR COMMITTEE,Small Donor Committee,6200.0,2025-09-09 00:00:00,Lieder For Colorado,Redacted By Sos,CO,99999,Contributions,
COLORADO REPUBLICAN LEADERSHIP FUND,Political Committee,1000.0,2025-09-09 00:00:00,Kirkmeyer For Colorado,Brighton,CO,80603,Contributions,
GREEN PARTY OF COLORADO,Political Party Committee,51.2,2025-09-09 00:00:00,Your Office Usa,Denver,CO,80202,Rent & Utilities,
HANSEN LEADERSHIP FUND,Political Committee,500.0,2025-09-09 00:00:00,Matthew C Ladd,Denver,CO,80246,Consultant & Professional Services,Designated Filing Agent Services
HANSEN LEADERSHIP FUND,Political Committee,450.0,2025-09-09 00:00:00,Emily Sirota For Colorado,Redacted By Sos,CO,99999,Contributions,
HARTSOOK LEADERSHIP PAC,Political Committee,200.0,2025-09-09 00:00:00,Kirkmeyer For Colorado,Brighton,CO,80603,Contributions,
HOOD LEADERSHIP PAC,Political Committee,500.0,2025-09-09 00:00:00,Shannon  Bird,Redacted By Sos,CO,99999,Contributions,
HOOD LEADERSHIP PAC,Political Committee,100.0,2025-09-09 00:00:00,Jeff  Bridges,Redacted By Sos,CO,99999,Contributions,
JAVIER'S ECONOMIC JUSTICE FUND,Political Committee,250.0,2025-09-09 00:00:00,Duran For Colorado,Superior,CO,80027,Contributions,
LIBERTARIAN PARTY OF COLORADO (LPCO),Political Party Committee,50.0,2025-09-09 00:00:00,Tmobile,Albuquerque,NM,87176,Telephone,Internet Hot Spot
LUNDEEN LEADERSHIP FUND,Political Committee,1450.0,2025-09-09 00:00:00,Kirkmeyer For Colorado,Brighton,CO,80603,Other,8200 ∑ Candidate Support
MAKE GREAT CHOICES PAC,Political Committee,50.0,2025-09-09 00:00:00,Katie Wallace For Colorado,Redacted By Sos,CO,99999,Contributions,
MANNY RUTINEL LEADERSHIP FUND,Political Committee,15.0,2025-09-09 00:00:00,State Of Colorado,Denver,CO,80203,Other,Capitol Gym
MCCLUSKIE FOR COLORADO LEADERSHIP FUND,Political Committee,450.0,2025-09-09 00:00:00,Friends Of Jacque Phillips,Redacted By Sos,CO,99999,Contributions,
PUTTING COLORADO FIRST,Political Committee,1450.0,2025-09-09 00:00:00,Kirkmeyer For Colorado,Brighton,CO,80603,Contributions,
ROSE PAC,Political Committee,1450.0,2025-09-09 00:00:00,Kirkmeyer For Colorado,Brighton,CO,80603,Other,8103 ∑ Candidate Support
RURAL LIBERTY POLITICAL ACTION COMMITTEE,Political Committee,1450.0,2025-09-09 00:00:00,Kirkmeyer For Colorado,Brighton,CO,80603,Contributions,
THE BRIGHT PAC,Political Committee,1450.0,2025-09-09 00:00:00,Kirkmeyer For Colorado,Brighton,CO,80603,Contributions,
THE JCEA SMALL DONOR COMMITTEE (JEFFERSON COUNTY EDUCATION ASSN.),Small Donor Committee,8000.0,2025-09-09 00:00:00,Peter For Jeffco Schools,Redacted By Sos,CO,99999,Contributions,
THE JCEA SMALL DONOR COMMITTEE (JEFFERSON COUNTY EDUCATION ASSN.),Small Donor Committee,8000.0,2025-09-09 00:00:00,Tina For Jeffco Schools,Redacted By Sos,CO,99999,Contributions,
THE JCEA SMALL DONOR COMMITTEE (JEFFERSON COUNTY EDUCATION ASSN.),Small Donor Committee,8000.0,2025-09-09 00:00:00,Michael For Jeffco Schools,Redacted By Sos,CO,99999,Contributions,
TWO RIVERS LEADERSHIP PAC,Political Committee,1450.0,2025-09-09 00:00:00,Kirkmeyer For Colorado,Brighton,CO,80603,Contributions,
BACON FOR COLORADO LEADERSHIP FUND,Political Committee,1000.0,2025-09-10 00:00:00,Colorado Democratic Party,Denver,CO,80203,Contributions,
COLORADO ENERGY FUTURE POLITICAL ACTION COMMITTEE,Political Committee,725.0,2025-09-10 00:00:00,Barron Leadership Pac,Fort Lupton,CO,80621,Other,Contribution To State Committee
COLORADO ENERGY FUTURE POLITICAL ACTION COMMITTEE,Political Committee,450.0,2025-09-10 00:00:00,Carlos For Hd 48,Fort Lupton,CO,80621,Other,Contribution To State Committee
COLORADO ENERGY FUTURE POLITICAL ACTION COMMITTEE,Political Committee,450.0,2025-09-10 00:00:00,To Elect Michael Carter To Colorado State House District 36,Redacted By Sos,CO,99999,Other,Contribution To State Committee
COLORADO ENERGY FUTURE POLITICAL ACTION COMMITTEE,Political Committee,450.0,2025-09-10 00:00:00,Jamie For Colorado,Aurora,CO,80014,Other,Contribution To State Committee
COLORADO ENERGY FUTURE POLITICAL ACTION COMMITTEE,Political Committee,450.0,2025-09-10 00:00:00,Cecelia4Colorado,Denver,CO,80212,Other,Contribution To State Committee
FRIZELL LEADERSHIP PAC,Political Committee,750.0,2025-09-10 00:00:00,Kirkmeyer For Colorado,Brighton,CO,80603,Contributions,Candidate Dontation
GRISWOLD LEADERSHIP PAC,Political Committee,2.0,2025-09-10 00:00:00,,,,,Bank Fees,
HANSEN LEADERSHIP FUND,Political Committee,500.0,2025-09-10 00:00:00,Shannon Bird For Congress,Westminster,CO,80035,Contributions,
KAREN FOR CO LEADERSHIP PAC,Political Committee,225.0,2025-09-10 00:00:00,Emily Sirota For Colorado,Redacted By Sos,CO,99999,Contributions,
KAREN FOR CO LEADERSHIP PAC,Political Committee,225.0,2025-09-10 00:00:00,Friends Of Jacque Phillips,Redacted By Sos,CO,99999,Contributions,
LIBERTARIAN PARTY OF COLORADO (LPCO),Political Party Committee,30.45,2025-09-10 00:00:00,Fdms,Greenwood Village,CO,80111,Bank Fees,Service Fees
MEGHAN LUKENS FOR CO LEADERSHIP PAC,Political Committee,150.0,2025-09-10 00:00:00,Eagle County Democrats,Basalt,CO,81621,Gifts,
RISING TIDES PAC,Political Committee,50.0,2025-09-10 00:00:00,Polifi Llc,Fort Lupton,CO,80621,Consultant & Professional Services,
WOOG PAC,Political Committee,1450.0,2025-09-10 00:00:00,Kirkmeyer For Colorado,Brighton,CO,80603,Contributions,
COLORADO OPTOMETRIC ASSOCIATION SMALL DONOR COMMITTEE,Small Donor Committee,-300.0,2024-09-11 00:00:00,Mary Young For Colorado,Greeley,CO,80631,Contributions,Offset Due To Deletion Of Filed Item
ANDREW FOR COLORADO LEADERSHIP FUND,Political Committee,250.0,2025-09-11 00:00:00,Lori For Colorado,Westminster,CO,80031,Contributions,
BLUE LINE ADVOCATES PAC,Political Committee,300.0,2025-09-11 00:00:00,Sarah B Jack & Associates,Colorado Springs,CO,80906,Consultant & Professional Services,
BOULDER VALLEY EDUCATION ASSOCIATION SMALL DONOR COMMITTEE,Small Donor Committee,2000.0,2025-09-11 00:00:00,,,,,Other,Deann Bucher For Bvsd
BRIGHTON EDUCATION ASSOCIATION PAC,Political Committee,2500.0,2025-09-11 00:00:00,Together With Tracie,Thornton,CO,80602,Contributions,
BRIGHTON EDUCATION ASSOCIATION PAC,Political Committee,400.0,2025-09-11 00:00:00,Carbajal For Council,Brighton,CO,80601,Contributions,Contribution
COLORADO DEMOCRATIC PARTY,Political Party Committee,27.86,2025-09-11 00:00:00,Mailchimp,Atlanta,GA,30308,Other,Subscription Fee
COLORADO DEMOCRATIC PARTY,Political Party Committee,1031.1,2025-09-11 00:00:00,Chris P Rork,Denver,CO,80222,Travel & Lodging,Mileage Reimbursement
COLORADO MEDICAL SOCIETY SMALL DONOR COMMITTEE,Small Donor Committee,82.2,2025-09-11 00:00:00,Wells Fargo Bank,Portland,OR,97228,Bank Fees,
COLORADO MEDICAL SOCIETY SMALL DONOR COMMITTEE,Small Donor Committee,81.7,2025-09-11 00:00:00,Wells Fargo Bank,Portland,OR,97228,Bank Fees,
DOCTORS COMPANY COLORADO PAC (COLORADO DOCPAC),Political Committee,80.41,2025-09-11 00:00:00,Wells Fargo,Santa Rosa,CA,95401,Bank Fees,Monthly Bank Fee	
FRIENDS OF COLORADO HOSPITALS (F/K/A HOSPITALS EXPRESS LEGISLATIVE PREFERENCE),Political Committee,107.92,2025-09-11 00:00:00,,,,,Bank Fees,Sept Bank Fee
LIBERTARIAN PARTY OF COLORADO (LPCO),Political Party Committee,64.95,2025-09-11 00:00:00,Clover App,Sunnyvale,CA,94085,Bank Fees,Service Fees
LIBERTARIAN PARTY OF COLORADO (LPCO),Political Party Committee,151.2,2025-09-11 00:00:00,Microsoft,Redmond,WA,98052,Office Equipment & Supplies,Ms 365
LINDSTEDT LEADERSHIP FUND,Political Committee,500.0,2025-09-11 00:00:00,Guyleen For Broomfield Mayor,Broomfield,CO,80038,Other,Local Contribution
LINDSTEDT LEADERSHIP FUND,Political Committee,250.0,2025-09-11 00:00:00,Cohen For Council,Broomfield,CO,80020,Contributions,
MANNY RUTINEL LEADERSHIP FUND,Political Committee,25.21,2025-09-11 00:00:00,Ny Times,New York,NY,10018,Other,Research
PUBLIC EDUCATION COMMITTEE,Small Donor Committee,10433.0,2025-09-11 00:00:00,Vicki Woods For D51 School Board,Grand Junction,CO,81504,Contributions,Candidate Contribution
PUBLIC EDUCATION COMMITTEE,Small Donor Committee,7567.0,2025-09-11 00:00:00,Kaci Cole For D51 School Board,Grand Junction,CO,81504,Contributions,Candidate Contribution
PUBLIC EDUCATION COMMITTEE,Small Donor Committee,2250.0,2025-09-11 00:00:00,Deann Bucher For Boulder Valley School Board Committee,Louisville,CO,80027,Contributions,Candidate Contribution
PUBLIC EDUCATION COMMITTEE,Small Donor Committee,2000.0,2025-09-11 00:00:00,Southwest For Sochi,Redacted By Sos,CO,99999,Contributions,Candidate Contribution
PUBLIC EDUCATION COMMITTEE,Small Donor Committee,500.0,2025-09-11 00:00:00,Committee To Elect Whitney Horner For Summit County School Board,Dillon,CO,80435,Contributions,Candidate Contribution
PUBLIC EDUCATION COMMITTEE,Small Donor Committee,500.0,2025-09-11 00:00:00,Evans For Re2 School Board,Rifle,CO,81650,Contributions,Candidate Contribution
PUBLIC EDUCATION COMMITTEE,Small Donor Committee,500.0,2025-09-11 00:00:00,Steve B For Re2,New Castle,CO,81647,Contributions,Candidate Contribution
PUBLIC EDUCATION COMMITTEE,Small Donor Committee,500.0,2025-09-11 00:00:00,Kim Lemmer For School Board,Steamboat Springs,CO,80487,Contributions,Candidate Contribution
PUBLIC EDUCATION COMMITTEE,Small Donor Committee,500.0,2025-09-11 00:00:00,Jane4Schoolboard,Steamboat Springs,CO,80487,Contributions,Candidate Contribution
PUBLIC EDUCATION COMMITTEE,Small Donor Committee,500.0,2025-09-11 00:00:00,Committee To Elect Kim Dyer For Summit County School Board,Frisco,CO,80443,Contributions,Candidate Contribution
PUBLIC EDUCATION COMMITTEE,Small Donor Committee,3000.0,2025-09-11 00:00:00,Laura For Re-1,Lewis,CO,81327,Contributions,Candidate Contribution
PUBLIC EDUCATION COMMITTEE,Small Donor Committee,3000.0,2025-09-11 00:00:00,Lara Blair For Re-1 School Board,Cortez,CO,81321,Contributions,Candidate Contribution
PUTTING COLORADO FIRST,Political Committee,450.0,2025-09-11 00:00:00,Carlos For Hd 48,Fort Lupton,CO,80621,Contributions,
PUTTING COLORADO FIRST,Political Committee,500.0,2025-09-11 00:00:00,Turner For Sheriff,Redacted By Sos,CO,99999,Contributions,
PUTTING COLORADO FIRST,Political Committee,450.0,2025-09-11 00:00:00,Woog For House District 19,Frederick,CO,80530,Contributions,
PUTTING COLORADO FIRST,Political Committee,450.0,2025-09-11 00:00:00,Gonzalez For 50,Greeley,CO,80634,Contributions,
PUTTING COLORADO FIRST,Political Committee,450.0,2025-09-11 00:00:00,Lori Garcia Sander For Hd 65,Redacted By Sos,CO,99999,Contributions,
PUTTING COLORADO FIRST,Political Committee,450.0,2025-09-11 00:00:00,Pelton For State Senate,Sterling,CO,80751,Contributions,
VALDEZ FOR COLORADO RAINBOW FUND,Political Committee,602.58,2025-09-11 00:00:00,Alex  Valdez,Denver,CO,80201,Travel & Lodging,For Travel Costs Incurred While Promoting The Pac.
CHERRY CREEK REPUBLICAN WOMEN SMALL DONOR COMMITTEE,Small Donor Committee,-450.0,2024-09-12 00:00:00,Kristi Burton Brown For State Board Of Education,Denver,CO,80237,Contributions,Offset Due To Deletion Of Filed Item
EDIE HOOTON LEADERSHIP FUND,Political Committee,11.85,2024-09-12 00:00:00,Firstbank,Boulder,CO,80301,Bank Fees,
COLORADO FORWARD PARTY COMMITTEE,Political Party Committee,18.4,2025-09-12 00:00:00,Zoom Corporation,San Jose,CA,95113,Office Equipment & Supplies,Zoom Subscription
DCTA FUND (FORMERLY POLITICAL ACTION COMMITTEE),Small Donor Committee,4334.0,2025-09-12 00:00:00,Southwest For Sochi,Redacted By Sos,CO,99999,Contributions,Contribution
LINDSTEDT LEADERSHIP FUND,Political Committee,250.0,2025-09-12 00:00:00,Sarah Braun Victory Committee,Broomfiueld,CO,80020,Contributions,
LINDSTEDT LEADERSHIP FUND,Political Committee,250.0,2025-09-12 00:00:00,Sean For Broomfield,Broomfield,CO,80023,Contributions,
LINDSTEDT LEADERSHIP FUND,Political Committee,250.0,2025-09-12 00:00:00,Ward For Broomfield,Broomfield,CO,80021,Contributions,
LINDSTEDT LEADERSHIP FUND,Political Committee,250.0,2025-09-12 00:00:00,Twiss For Broomfield,Broomfield,CO,80020,Contributions,
MANNY RUTINEL LEADERSHIP FUND,Political Committee,9.99,2025-09-12 00:00:00,Mailmeteor,Paris,FR,75013,Office Equipment & Supplies,Software
MEGHAN LUKENS FOR CO LEADERSHIP PAC,Political Committee,52.81,2025-09-12 00:00:00,Maverik #5148,Kremmling,CO,80459,Travel & Lodging,
NABIP COLORADO POLITICAL ACTION COMMITTEE,Political Committee,0.92,2025-09-12 00:00:00,Paypal,San Jose,CA,95131,Bank Fees,
COLORADANS FOR CHANGE,Small Donor Committee,-50.0,2024-09-13 00:00:00,Sws Polifi Llc,Fort Lupton,CO,80621,Consultant & Professional Services,Offset Due To Deletion Of Filed Item
COLORADANS FOR CHANGE,Small Donor Committee,50.0,2024-09-13 00:00:00,Sws Polifi Llc,Fort Lupton,CO,80621,Consultant & Professional Services,
COLORADO CENTER PARTY CENTRAL COMMITTEE,Political Party Committee,8.0,2025-09-13 00:00:00,Meta,Menlo Park,CA,94025,Miscellaneous,
COLORADO CENTER PARTY CENTRAL COMMITTEE,Political Party Committee,9.0,2025-09-13 00:00:00,Meta,Menlo Park,CA,94025,Miscellaneous,
EDIE HOOTON LEADERSHIP FUND,Political Committee,12.25,2025-09-13 00:00:00,Firstbank,Boulder,CO,80301,Bank Fees,
EDIE HOOTON LEADERSHIP FUND,Political Committee,21.62,2025-09-13 00:00:00,Office Depot,Boulder,CO,80301,Office Equipment & Supplies,
EDIE HOOTON LEADERSHIP FUND,Political Committee,215.0,2025-09-13 00:00:00,Us Postal Service,Boulder,CO,80302,Office Equipment & Supplies,
IAFF #3 SMALL DONOR ACCOUNT,Small Donor Committee,2500.0,2022-09-14 00:00:00,,,,,Contributions,Pueblo Public Safety Tax Municipal Campaign Donation
18TH JD CRIMINAL JUSTICE FUND,Small Donor Committee,0.52,2025-09-14 00:00:00,Actblue,Sommerville,MA,02144,Bank Fees,
18TH JD DEMOCRATIC SDC,Small Donor Committee,0.52,2025-09-14 00:00:00,,,,,Bank Fees,
BIRD FOR COLORADO LEADERSHIP FUND,Political Committee,250.0,2025-09-14 00:00:00,Chris Floyd For Colorado,Redacted By Sos,CO,99999,Contributions,
BIRD FOR COLORADO LEADERSHIP FUND,Political Committee,250.0,2025-09-14 00:00:00,Alexis For Colorado,Redacted By Sos,CO,99999,Contributions,
BIRD FOR COLORADO LEADERSHIP FUND,Political Committee,250.0,2025-09-14 00:00:00,Guyleen For Broomfield Mayor,Broomfield,CO,80023,Contributions,
BIRD FOR COLORADO LEADERSHIP FUND,Political Committee,250.0,2025-09-14 00:00:00,Coloradans For Karla Esser,Lakewood,CO,80228,Contributions,
BIRD FOR COLORADO LEADERSHIP FUND,Political Committee,300.0,2025-09-14 00:00:00,Sarah Nurmela For Westminster City Council,Westminster,CO,80234,Contributions,
BLACK WOMEN FOR CRIMINAL JUSTICE REFORM,Small Donor Committee,0.52,2025-09-14 00:00:00,,,,,Bank Fees,
COLORADO CENTER PARTY CENTRAL COMMITTEE,Political Party Committee,10.0,2025-09-14 00:00:00,Meta,Menlo Park,CA,94025,Miscellaneous,
GRISWOLD LEADERSHIP PAC,Political Committee,57.28,2025-09-14 00:00:00,Actblue,West Somerville,MA,02144-0031,"Food, Beverages and Meals",Credit Card Processing Fee
LESLIE HEROD'S BOLDLY FORWARD PAC,Political Committee,0.2,2025-09-14 00:00:00,Act Blue,Somerville,MA,02144,Fundraising Expenses,
PADDEN PAC - SMALL DONOR COMMITTEE,Small Donor Committee,0.52,2025-09-14 00:00:00,,,,,Bank Fees,
WILLFORD LEADERSHIP FUND,Political Committee,34.57,2025-09-14 00:00:00,Actblue Technical Services,Somerville,MA,02144-3132,Fundraising Expenses,
MAKE GREAT CHOICES PAC,Political Committee,2.76,2024-09-15 00:00:00,Actblue,Somerville,MA,02144,Fundraising Expenses,
"AFT COLORADO FEDERATION OF TEACHERS, SCHOOL, HEALTH AND PUBLIC EMPLOYEES (SDC)",Small Donor Committee,2500.0,2025-09-15 00:00:00,Amy 4 Denver,Denver,CO,80220,Contributions,Contribution
"AFT COLORADO FEDERATION OF TEACHERS, SCHOOL, HEALTH AND PUBLIC EMPLOYEES (SDC)",Small Donor Committee,2500.0,2025-09-15 00:00:00,Kyrzia  Parker,Castle Rock,CO,80109,Contributions,Contribution
"AFT COLORADO FEDERATION OF TEACHERS, SCHOOL, HEALTH AND PUBLIC EMPLOYEES (SDC)",Small Donor Committee,2500.0,2025-09-15 00:00:00,Tonyryan4Dcsd,Castle Rock,CO,80108,Contributions,Contribution
"AFT COLORADO FEDERATION OF TEACHERS, SCHOOL, HEALTH AND PUBLIC EMPLOYEES (SDC)",Small Donor Committee,2500.0,2025-09-15 00:00:00,Clark Callahan For Dcsd,Castle Pines,CO,80108,Contributions,Contribution
"AFT COLORADO FEDERATION OF TEACHERS, SCHOOL, HEALTH AND PUBLIC EMPLOYEES (SDC)",Small Donor Committee,2500.0,2025-09-15 00:00:00,Kelly Denzler For Dcsd,Parker,CO,80134,Contributions,Contribution
"AFT COLORADO FEDERATION OF TEACHERS, SCHOOL, HEALTH AND PUBLIC EMPLOYEES (SDC)",Small Donor Committee,2500.0,2025-09-15 00:00:00,Dj For Denver,Denver,CO,80224,Contributions,Contribution
"AFT COLORADO FEDERATION OF TEACHERS, SCHOOL, HEALTH AND PUBLIC EMPLOYEES (SDC)",Small Donor Committee,2500.0,2025-09-15 00:00:00,Monica For Denver,Redacted By Sos,CO,99999,Contributions,Contribution
BOULDER VALLEY EDUCATION ASSOCIATION SMALL DONOR COMMITTEE,Small Donor Committee,750.0,2025-09-15 00:00:00,,,,,Other,Dmitri Atrash
BOULDER VALLEY EDUCATION ASSOCIATION SMALL DONOR COMMITTEE,Small Donor Committee,750.0,2025-09-15 00:00:00,,,,,Other,Alexandra Lessen For Thompson School Board
BOULDER VALLEY EDUCATION ASSOCIATION SMALL DONOR COMMITTEE,Small Donor Committee,750.0,2025-09-15 00:00:00,,,,,Other,Scholl For Thompson School District
CAMACHO LEADERSHIP FUND,Political Committee,450.0,2025-09-15 00:00:00,Gena Ozols For Hd3,Redacted By Sos,CO,99999,Contributions,
COLORADO CENTER PARTY CENTRAL COMMITTEE,Political Party Committee,11.0,2025-09-15 00:00:00,Meta,Menlo Park,CA,94025,Miscellaneous,
COLORADO DEMOCRATIC PARTY,Political Party Committee,53.9,2025-09-15 00:00:00,Books On Main,Fort Morgan,CO,80701,"Food, Beverages and Meals",Food And Beverage For Meeting
COLORADO DEMOCRATIC PARTY,Political Party Committee,214.99,2025-09-15 00:00:00,Denver Democratic Central Committee,Denver,CO,80205,Other,Unlimited Transfer To Affiliated Committee
COLORADO DEMOCRATIC PARTY,Political Party Committee,43.75,2025-09-15 00:00:00,The Action Network,New York,NY,10016,Office Equipment & Supplies,Subscription
COLORADO DEMOCRATIC PARTY,Political Party Committee,37.09,2025-09-15 00:00:00,Zoom,San Jose,CA,95113,Other,Web Conferencing Services
COLORADO ENERGY EDUCATION PAC (CEEPAC),Political Committee,200.0,2025-09-15 00:00:00,Carlos For Colorado,,CO,,Contributions,
COLORADO ENERGY EDUCATION PAC (CEEPAC),Political Committee,200.0,2025-09-15 00:00:00,Gonzalez For 50,Greeley,CO,80634,Contributions,
COLORADO ENERGY EDUCATION PAC (CEEPAC),Political Committee,200.0,2025-09-15 00:00:00,Byron Pelton For State Senate,,CO,,Contributions,
COLORADO ENERGY EDUCATION PAC (CEEPAC),Political Committee,200.0,2025-09-15 00:00:00,Lori Garcia Sander For Hd65,,CO,,Contributions,
COLORADO ENERGY EDUCATION PAC (CEEPAC),Political Committee,200.0,2025-09-15 00:00:00,Woog For Hd 19,,CO,,Contributions,
COLORADO RADIOLOGICAL SOCIETY POLITICAL COMMITTEE,Political Committee,6.5,2025-09-15 00:00:00,,,,,Bank Fees,
COLORADO SOCIETY OF ANESTHESIOLOGISTS SMALL DONOR COMMITTEE,Small Donor Committee,2.24,2025-09-15 00:00:00,,,,,Bank Fees,Paypal Fee
COMMITTEE FOR PHYSICIAN ANESTHESIA CARE,Political Committee,20.69,2025-09-15 00:00:00,,,,,Bank Fees,Paypal Fee
COMMITTEE FOR PHYSICIAN ANESTHESIA CARE,Political Committee,30.0,2025-09-15 00:00:00,,,,,Bank Fees,
DEMOCRATIC PARTY CONGRESSIONAL DISTRICT 4 COLORADO,Political Party Committee,27.4,2025-09-15 00:00:00,Intuit Quickbooks,Mountain View,CA,94043,Fundraising Expenses,Accounting Sw
GREEN PARTY OF COLORADO,Political Party Committee,0.58,2025-09-15 00:00:00,Paypal,San Jose,CA,95131,Bank Fees,
LIBERTARIAN PARTY OF COLORADO (LPCO),Political Party Committee,3.11,2025-09-15 00:00:00,Stripe.Com,South San Francisco,CA,94080,Bank Fees,Credit Card Fees
NAIOP COLORADO PAC,Political Committee,400.0,2025-09-15 00:00:00,Carlos For Hd 48,Fort Lupton,CO,80621,Contributions,
NAIOP COLORADO PAC,Political Committee,400.0,2025-09-15 00:00:00,Gonzalez For 50,Greeley,CO,80634,Contributions,
NAIOP COLORADO PAC,Political Committee,400.0,2025-09-15 00:00:00,Woog For House District 19,Frederick,CO,80530,Contributions,
NAIOP COLORADO PAC,Political Committee,400.0,2025-09-15 00:00:00,Lori Garcia Sander For Hd 65,Redacted By Sos,CO,99999,Contributions,
NAIOP COLORADO PAC,Political Committee,400.0,2025-09-15 00:00:00,Pelton For State Senate,Sterling,CO,80751,Contributions,
THE COLEMAN LEADERSHIP FUND,Political Committee,100.0,2025-09-15 00:00:00,Nicole  Speer,Boulder,CO,80309,Contributions,
US ANESTHESIA PARTNERS COLORADO STATE COMMITTEE,Political Committee,68.6,2025-09-15 00:00:00,Bok Financial,Denver,CO,80217,Bank Fees,Bank Fees
WOODROW LEADERSHIP PAC,Political Committee,150.0,2025-09-15 00:00:00,Dave Young For Congress,Greeley,CO,80632,Contributions,
ANDREW FOR COLORADO LEADERSHIP FUND,Political Committee,450.0,2025-09-16 00:00:00,Chris For Colorado,Commerce City,CO,80022,Contributions,
ANDREW FOR COLORADO LEADERSHIP FUND,Political Committee,200.0,2025-09-16 00:00:00,Jillaire For Hd19,Redacted By Sos,CO,99999,Contributions,
ANDREW FOR COLORADO LEADERSHIP FUND,Political Committee,250.0,2025-09-16 00:00:00,Alexis For Colorado,Redacted By Sos,CO,99999,Contributions,
AURORA COUNCIL FOR TEACHERS & STUDENTS (ACTS),Small Donor Committee,79.0,2025-09-16 00:00:00,Anne Keke For Kids,Aurora,CO,80017,Other,In Kind Of Printing Materials
AURORA COUNCIL FOR TEACHERS & STUDENTS (ACTS),Small Donor Committee,79.0,2025-09-16 00:00:00,Kristin For Aps,Aurora,CO,80017,Other,In Kind Of Printed Materials
AURORA COUNCIL FOR TEACHERS & STUDENTS (ACTS),Small Donor Committee,79.0,2025-09-16 00:00:00,Charrier,Aurora,CO,80018,Other,In Kind Of Printed Materials
AURORA COUNCIL FOR TEACHERS & STUDENTS (ACTS),Small Donor Committee,79.0,2025-09-16 00:00:00,Tramaine Duncan For School Board,Aurora,CO,80010,Other,In Kind Of Printed Materials
AURORA COUNCIL FOR TEACHERS & STUDENTS (ACTS),Small Donor Committee,117.25,2025-09-16 00:00:00,Charrier,Aurora,CO,80018,Other,In Kind Of Printed Materials
AURORA COUNCIL FOR TEACHERS & STUDENTS (ACTS),Small Donor Committee,117.25,2025-09-16 00:00:00,Anne Keke For Kids,Aurora,CO,80017,Other,In Kind Printed Materials
AURORA COUNCIL FOR TEACHERS & STUDENTS (ACTS),Small Donor Committee,117.25,2025-09-16 00:00:00,Kristin For Aps,Aurora,CO,80017,Other,In Kind  Printed Materials
AURORA COUNCIL FOR TEACHERS & STUDENTS (ACTS),Small Donor Committee,117.25,2025-09-16 00:00:00,Tramaine Duncan For School Board,Aurora,CO,80010,Other,In Kind Printed Materials
AURORA COUNCIL FOR TEACHERS & STUDENTS (ACTS),Small Donor Committee,699.58,2025-09-16 00:00:00,Anne Keke For Kids,Aurora,CO,80017,Other,In Kind Printed Materials
AURORA COUNCIL FOR TEACHERS & STUDENTS (ACTS),Small Donor Committee,699.58,2025-09-16 00:00:00,Charrier,Aurora,CO,80018,Other,In Kind Printed Materials
AURORA COUNCIL FOR TEACHERS & STUDENTS (ACTS),Small Donor Committee,699.58,2025-09-16 00:00:00,Kristin For Aps,Aurora,CO,80017,Other,In Kind Printed Materials
AURORA COUNCIL FOR TEACHERS & STUDENTS (ACTS),Small Donor Committee,699.58,2025-09-16 00:00:00,Tramaine Duncan For School Board,Aurora,CO,80010,Other,In Kind Printed Materials
BUILDING BRIDGES FOR COLORADO,Political Committee,2.0,2025-09-16 00:00:00,1St Bank,Lakewood,CO,80215,Bank Fees,
COLORADO CENTER PARTY CENTRAL COMMITTEE,Political Party Committee,13.0,2025-09-16 00:00:00,Meta,Menlo Park,CA,94025,Miscellaneous,
COLORADO DEMOCRATIC PARTY,Political Party Committee,26.5,2025-09-16 00:00:00,Squarespace,New York,NY,10014,Office Equipment & Supplies,Website Hosting Fee
COPIC SMALL DONOR COMMITTEE,Small Donor Committee,4000.0,2025-09-16 00:00:00,Varda For Colorado,Arvada,CO,80005,Contributions,Misc Campaign Contribution
LIBERTARIAN PARTY OF COLORADO (LPCO),Political Party Committee,1.3,2025-09-16 00:00:00,Anedot,New Orleans,LA,70112,Bank Fees,Credit Cards Fees
LIBERTARIAN PARTY OF COLORADO (LPCO),Political Party Committee,1.62,2025-09-16 00:00:00,Stripe.Com,South San Francisco,CA,94080,Bank Fees,Credit Card Fees
LIGHT OVER PEAKS PAC,Political Committee,22.3,2025-09-16 00:00:00,First Bank,Broomfield,CO,80023,Bank Fees,Fee To Order Checks
THE HOME DEPOT INC. POLITICAL ACTION COMMITTEE,Political Committee,725.0,2025-09-16 00:00:00,The Murse Pac,Thornton,CO,80602,Contributions,Direct Contribution
VIVAGE BEECAN SMALL DONOR COMMITTEE,Small Donor Committee,450.0,2025-09-16 00:00:00,Lori For Colorado,Westminster,CO,80031,Contributions,
COLORADO CENTER PARTY CENTRAL COMMITTEE,Political Party Committee,15.0,2025-09-17 00:00:00,Meta,Menlo Park,CA,94025,Miscellaneous,
COLORADO DEMOCRATIC PARTY,Political Party Committee,103.3,2025-09-17 00:00:00,El Paso County Democratic Party,Colorado Springs,CO,80909,Other,Unlimited Transfer To Affiliated Committee
COLORADO STRONG POLITICAL COMMITTEE,Political Committee,500.0,2025-09-17 00:00:00,Kirkmeyer For Colorado,Brighton,CO,80603,Contributions,
LIBERTARIAN PARTY OF COLORADO (LPCO),Political Party Committee,1.2,2025-09-17 00:00:00,Stripe.Com,South San Francisco,CA,94080,Bank Fees,Credit Card Fees
LIGHT OVER PEAKS PAC,Political Committee,50.0,2025-09-17 00:00:00,Cecelia4Colorado,Denver,CO,80212,Contributions,
LIGHT OVER PEAKS PAC,Political Committee,50.0,2025-09-17 00:00:00,To Elect Michael Carter To Colorado State House District 36,Redacted By Sos,CO,99999,Contributions,
MANNY RUTINEL LEADERSHIP FUND,Political Committee,200.0,2025-09-17 00:00:00,We Win Leadership Pac,Englewood,CO,80150,Contributions,
NABIP COLORADO POLITICAL ACTION COMMITTEE,Political Committee,0.91,2025-09-17 00:00:00,Quickbooks Payments,Woodland Hills,CA,91367,Bank Fees,
PIPEFITTERS LOCAL 208 POLITICAL EDUCATION COMMITTEE,Small Donor Committee,300.0,2025-09-17 00:00:00,Danielle For Aurora,Aurora,CO,80014,Contributions,Danielle For Aurora
PIPEFITTERS LOCAL 208 POLITICAL EDUCATION COMMITTEE,Small Donor Committee,300.0,2025-09-17 00:00:00,Steve Sundberg,Aurora,CO,80018,Contributions,Steve Sundberg For Aurora Ward Ii
PIPEFITTERS LOCAL 208 POLITICAL EDUCATION COMMITTEE,Small Donor Committee,300.0,2025-09-17 00:00:00,Marsha Berzins,Aurora,CO,80047,Contributions,Marsha 4 City Council
PIPEFITTERS LOCAL 208 POLITICAL EDUCATION COMMITTEE,Small Donor Committee,300.0,2025-09-17 00:00:00,Committee To Elect Cherish Salazar,Thornton,CO,80260,Contributions,Committee To Elect Cherish Salazar
PIPEFITTERS LOCAL 208 POLITICAL EDUCATION COMMITTEE,Small Donor Committee,300.0,2025-09-17 00:00:00,Jeslin Shahrezaei For Lakewood,Lakewood,CO,80226,Contributions,Jeslin Shahrezaei For Lakewood
PIPEFITTERS LOCAL 208 POLITICAL EDUCATION COMMITTEE,Small Donor Committee,1000.0,2025-09-17 00:00:00,Christopher  Vandijk,Commerce City,CO,80022,Contributions,Christopher Vandijk
PIPEFITTERS LOCAL 208 POLITICAL EDUCATION COMMITTEE,Small Donor Committee,1000.0,2025-09-17 00:00:00,Ryan  Gonzalez,Greeley,CO,80634,Contributions,Ryan Gonzalez
PIPEFITTERS LOCAL 208 POLITICAL EDUCATION COMMITTEE,Small Donor Committee,1000.0,2025-09-17 00:00:00,Jacqueline  Phillips,Redacted By Sos,CO,99999,Contributions,Jacque Phillips For Co House Dist. 31
PIPEFITTERS LOCAL 208 POLITICAL EDUCATION COMMITTEE,Small Donor Committee,300.0,2025-09-17 00:00:00,Committee To Elect Pat Quinn,Wheat Ridge,CO,80033,Contributions,Committee To Elect Pat Quinn
PIPEFITTERS LOCAL 208 POLITICAL EDUCATION COMMITTEE,Small Donor Committee,1000.0,2025-09-17 00:00:00,Duran For Colorado,Superior,CO,80027,Contributions,Duran For Colorado
REBEKAH STEWART FOR COLORADO,Political Committee,100.0,2025-09-17 00:00:00,Heidi Henkel For Colorado,Broomfield,CO,80023,Contributions,
ROSE PAC,Political Committee,450.0,2025-09-17 00:00:00,Carlos For Hd 48,Fort Lupton,CO,80621,Other,8103 ∑ Candidate Support
ROSE PAC,Political Committee,450.0,2025-09-17 00:00:00,Committee To Elect Larry Don Suckla,Cortez,CO,81321,Other,8103 ∑ Candidate Support
ROSE PAC,Political Committee,450.0,2025-09-17 00:00:00,Committee To Elect Larry Don Suckla,Cortez,CO,81321,Other,8103 ∑ Candidate Support
ROSE PAC,Political Committee,450.0,2025-09-17 00:00:00,Elect Jarvis Caldwell,Colorado Springs,CO,80908,Other,8103 ∑ Candidate Support
ROSE PAC,Political Committee,450.0,2025-09-17 00:00:00,Elect Nina,Grand Junction,CO,81504,Other,8103 ∑ Candidate Support
ROSE PAC,Political Committee,450.0,2025-09-17 00:00:00,Gonzalez For 50,Greeley,CO,80634,Other,8103 ∑ Candidate Support
ROSE PAC,Political Committee,450.0,2025-09-17 00:00:00,Hartsook For House,Redacted By Sos,CO,99999,Other,8103 ∑ Candidate Support
ROSE PAC,Political Committee,450.0,2025-09-17 00:00:00,Post For Colorado,Pueblo,CO,81006,Other,8103 ∑ Candidate Support
ROSE PAC,Political Committee,450.0,2025-09-17 00:00:00,Riess For Colorado,Durango,CO,81303,Other,8103 ∑ Candidate Support
ROSE PAC,Political Committee,450.0,2025-09-17 00:00:00,Taggart For House District 55,Grand Junction,CO,81507,Other,8103 ∑ Candidate Support
ROSE PAC,Political Committee,450.0,2025-09-17 00:00:00,Winter For Hd47,Redacted By Sos,CO,99999,Other,8103 ∑ Candidate Support
ROSE PAC,Political Committee,450.0,2025-09-17 00:00:00,Woog For House District 19,Frederick,CO,80530,Other,8103 ∑ Candidate Support
ROSE PAC,Political Committee,450.0,2025-09-17 00:00:00,Lori Garcia Sander For Hd 65,Redacted By Sos,CO,99999,Contributions,
"RX PHARMACIES PLUS, INC - POLITICAL ACTION COMMITTEE",Political Committee,555.0,2025-09-17 00:00:00,Colorado Secretary Of State,Denver,CO,80290,Miscellaneous,Pentalty Imposed Per Settlement Agreement 2025 Aho 27/Ed 2025-25
THE HOME DEPOT INC. POLITICAL ACTION COMMITTEE,Political Committee,725.0,2025-09-17 00:00:00,Rebekah Stewart For Colorado,Redacted By Sos,CO,99999,Contributions,Direct Contribution
DEMOCRATIC WOMEN OF BOULDER COUNTY-SMALL DONOR COMMITTEE (DWBC-SDC),Small Donor Committee,250.0,2024-09-18 00:00:00,Caraveo For Colorado,Thornton,CO,80241,Contributions,
CARSON LEADERSHIP PAC,Political Committee,450.0,2025-09-18 00:00:00,Carson For State Senate,Highlands Ranch,CO,80130-9998,Contributions,
COLORADO CENTER PARTY CENTRAL COMMITTEE,Political Party Committee,17.0,2025-09-18 00:00:00,Meta,Menlo Park,CA,94025,Miscellaneous,
COLORADO DEMOCRATIC PARTY,Political Party Committee,2814.66,2025-09-18 00:00:00,Nicholas  Paprocki,Thornton,CO,80229,Employee Services,Salary
COLORADO DEMOCRATIC PARTY,Political Party Committee,1181.46,2025-09-18 00:00:00,Paychex,Norristown,PA,19403,Employee Services,Payroll Taxes
COLORADO DEMOCRATIC PARTY,Political Party Committee,1301.91,2025-09-18 00:00:00,Paychex,Norristown,PA,19403,Employee Services,Payroll Taxes
COLORADO DEMOCRATIC PARTY,Political Party Committee,2600.16,2025-09-18 00:00:00,Chris P Rork,Denver,CO,80222,Employee Services,Salary
DUSTY TRAIL PAC,Political Committee,100.0,2025-09-18 00:00:00,Polifi Llc,Fort Lupton,CO,80621,Consultant & Professional Services,
GREEN PARTY OF COLORADO,Political Party Committee,0.95,2025-09-18 00:00:00,Paypal,San Jose,CA,95131,Bank Fees,
LIBERTARIAN PARTY OF COLORADO (LPCO),Political Party Committee,4.65,2025-09-18 00:00:00,Stripe.Com,South San Francisco,CA,94080,Bank Fees,Credit Card Fees
LITTLETON FUND FOR CHILDREN AND PUBLIC EDUCATION (L.F.C.P.E.),Small Donor Committee,3500.0,2025-09-18 00:00:00,Anderssen 4 Lps School Board Alps,Centennial,CO,80121,Contributions,Candidate Committee  Contribution
LITTLETON FUND FOR CHILDREN AND PUBLIC EDUCATION (L.F.C.P.E.),Small Donor Committee,7000.0,2025-09-18 00:00:00,Friends Of Oshea For Lps,Centennial,CO,80122,Contributions,Campaign Contribution
SMART-TRANSPORTATION DIVISION SDC,Small Donor Committee,250.0,2025-09-18 00:00:00,Friendds Of John Alge,Thornton,CO,80229,Contributions,
SNYDER FOR COLORADO LEADERSHIP FUND,Political Committee,514.25,2025-09-18 00:00:00,Sonnenalp Vail,Vail,CO,81657,Travel & Lodging,
THE COLEMAN LEADERSHIP FUND,Political Committee,17.78,2025-09-18 00:00:00,Actblue,Somerville,MA,02144,Bank Fees,
THE COLEMAN LEADERSHIP FUND,Political Committee,31.88,2025-09-18 00:00:00,Alpen Rose,Vail,CO,81657,"Food, Beverages and Meals",
BALL FOR ALL LEADERSHIP FUND,Political Committee,7.78,2025-09-19 00:00:00,Corvus Coffee Roasters,Denver,CO,80203,"Food, Beverages and Meals",Coffee Meeting
COLORADANS FOR COMMON SENSE - SMALL DONOR CMTE,Small Donor Committee,500.0,2025-09-19 00:00:00,Kevin Grantham For Treasurer,Denver,CO,80205,Contributions,
COLORADO STRONG POLITICAL COMMITTEE,Political Committee,450.0,2025-09-19 00:00:00,Scott For Hd 64,Johnstown,CO,80534,Contributions,
ELECTING WOMEN BAY AREA PAC,Political Committee,1000.0,2025-09-19 00:00:00,Jena For Colorado,Redacted By Sos,CO,99999,Contributions,Contribution
FOOTHILLS REPUBLICANS SMALL DONOR COMMITTEE,Small Donor Committee,23.73,2025-09-19 00:00:00,Colorado Republican Committee,Colorado Springs,CO,80907,Contributions,Contribution To Colorado Republican Committee
FRIZELL LEADERSHIP PAC,Political Committee,200.0,2025-09-19 00:00:00,Vail For Dcsd,Parker,CO,80134,Contributions,Candidate Dontation
INVESTHER,Political Committee,20.0,2025-09-19 00:00:00,Squarespace Inc.,New York,NY,10014,Other,Annual Domain Registration
LIBERTARIAN PARTY OF COLORADO (LPCO),Political Party Committee,3.65,2025-09-19 00:00:00,Stripe.Com,South San Francisco,CA,94080,Bank Fees,Credit Card Fees
MANNY RUTINEL LEADERSHIP FUND,Political Committee,63.08,2025-09-19 00:00:00,Adobe,San Jose,CA,95110,Office Equipment & Supplies,Software
DEMOCRATIC WOMEN OF BOULDER COUNTY-SMALL DONOR COMMITTEE (DWBC-SDC),Small Donor Committee,500.0,2024-09-20 00:00:00,Curry For Colorado,Gunnison,CO,81230,Contributions,
COLORADO CENTER PARTY CENTRAL COMMITTEE,Political Party Committee,19.0,2025-09-20 00:00:00,Meta,Menlo Park,CA,94025,Miscellaneous,
FOOTHILLS REPUBLICANS,Political Committee,385.4,2025-09-20 00:00:00,Colorado Republican Committee,Colorado Springs,CO,80907,Contributions,2025 Contribution
GILCHRIST FOR COLORADO LEADERSHIP PAC,Political Committee,450.0,2025-09-20 00:00:00,Emily  Sirota,Redacted By Sos,CO,99999,Contributions,
LIBERTARIAN PARTY OF COLORADO (LPCO),Political Party Committee,55.76,2025-09-20 00:00:00,Office Depot,Delray Beach,FL,33445,Office Equipment & Supplies,
LIBERTARIAN PARTY OF COLORADO (LPCO),Political Party Committee,528.0,2025-09-20 00:00:00,Secura Insurance,Neenah,WI,54956,Consultant & Professional Services,Event Insurance
LIBERTARIAN PARTY OF COLORADO (LPCO),Political Party Committee,67.0,2025-09-20 00:00:00,Smart Space,Lakewood,CO,80215,Rent & Utilities,Storage Space
NABIP COLORADO POLITICAL ACTION COMMITTEE,Political Committee,1.07,2025-09-20 00:00:00,Paypal,San Jose,CA,95131,Bank Fees,
ORTIZ CAVPAC,Political Committee,1037.14,2025-09-20 00:00:00,Colorado Democratic Party,Denver,CO,80203,Contributions,
PUTTING COLORADO FIRST,Political Committee,200.0,2025-09-20 00:00:00,Luis Ybarra Jr. For Wsd3 School Board Director,Colorado Springs,CO,80911,Contributions,
PUTTING COLORADO FIRST,Political Committee,450.0,2025-09-20 00:00:00,Danielle For Sd 27,Aurora,CO,80016,Contributions,
PUTTING COLORADO FIRST,Political Committee,450.0,2025-09-20 00:00:00,Gray For Hd 60,Pueblo West,CO,81007,Contributions,
PUTTING COLORADO FIRST,Political Committee,1450.0,2025-09-20 00:00:00,Kevin Grantham For Treasurer,Denver,CO,80205,Contributions,
18TH JD CRIMINAL JUSTICE FUND,Small Donor Committee,11.13,2025-09-21 00:00:00,Actblue,Sommerville,MA,02144,Bank Fees,
18TH JD DEMOCRATIC SDC,Small Donor Committee,13.11,2025-09-21 00:00:00,,,,,Bank Fees,
ACCESS TO PEDIATRIC BEHAVIORAL THERAPY FOR COLORADO CHILDREN,Political Committee,28.64,2025-09-21 00:00:00,Actblue Technical Serivces,Boston,MA,02196,Fundraising Expenses,Credit Card Processing Fee
BLACK WOMEN FOR CRIMINAL JUSTICE REFORM,Small Donor Committee,13.11,2025-09-21 00:00:00,,,,,Bank Fees,
EQUAL ACCESS FOR COLORADO AUTISM PATIENTS,Political Committee,28.64,2025-09-21 00:00:00,Actblue Technical Services,Boston,MA,02196,Fundraising Expenses,
LESLIE HEROD'S BOLDLY FORWARD PAC,Political Committee,0.36,2025-09-21 00:00:00,Act Blue,Somerville,MA,02144,Fundraising Expenses,
MANNY RUTINEL LEADERSHIP FUND,Political Committee,118.51,2025-09-21 00:00:00,Actblue Technical Services,Somerville,MA,02144,Fundraising Expenses,Fundraising Transaction Fees
MONICA PAC,Political Committee,0.2,2025-09-21 00:00:00,Actblue,West Somerville,MA,02144,Fundraising Expenses,
NABIP COLORADO POLITICAL ACTION COMMITTEE,Political Committee,6.57,2025-09-21 00:00:00,Quickbooks Payments,Woodland Hills,CA,91367,Bank Fees,
PADDEN PAC - SMALL DONOR COMMITTEE,Small Donor Committee,13.11,2025-09-21 00:00:00,,,,,Bank Fees,
WILLFORD LEADERSHIP FUND,Political Committee,15.8,2025-09-21 00:00:00,Actblue Technical Services,Somerville,MA,02144-3132,Fundraising Expenses,
AURORA COUNCIL FOR TEACHERS & STUDENTS (ACTS),Small Donor Committee,116.25,2025-09-22 00:00:00,Charrier,Aurora,CO,80018,Other,In Kind Printed Materials
AURORA COUNCIL FOR TEACHERS & STUDENTS (ACTS),Small Donor Committee,116.25,2025-09-22 00:00:00,Anne Keke For Kids,Aurora,CO,80017,Other,In Kind Printed Materials
AURORA COUNCIL FOR TEACHERS & STUDENTS (ACTS),Small Donor Committee,116.25,2025-09-22 00:00:00,Kristin For Aps,Aurora,CO,80017,Other,In Kind Printed Materials
AURORA COUNCIL FOR TEACHERS & STUDENTS (ACTS),Small Donor Committee,116.25,2025-09-22 00:00:00,Tramaine Duncan For School Board,Aurora,CO,80010,Other,In Kind Printed Materials
AURORA COUNCIL FOR TEACHERS & STUDENTS (ACTS),Small Donor Committee,300.0,2025-09-22 00:00:00,Anne Keke For Kids,Aurora,CO,80017,Consultant & Professional Services,In Kind Consulting Fees
AURORA COUNCIL FOR TEACHERS & STUDENTS (ACTS),Small Donor Committee,300.0,2025-09-22 00:00:00,Charrier,Aurora,CO,80018,Consultant & Professional Services,In Kind Consulting Fees
AURORA COUNCIL FOR TEACHERS & STUDENTS (ACTS),Small Donor Committee,300.0,2025-09-22 00:00:00,Kristin For Aps,Aurora,CO,80017,Consultant & Professional Services,In Kind Consulting Fees
AURORA COUNCIL FOR TEACHERS & STUDENTS (ACTS),Small Donor Committee,300.0,2025-09-22 00:00:00,Tramaine Duncan For School Board,Aurora,CO,80010,Consultant & Professional Services,In Kind Consulting  Fees
AURORA COUNCIL FOR TEACHERS & STUDENTS (ACTS),Small Donor Committee,550.0,2025-09-22 00:00:00,Tramaine Duncan For School Board,Aurora,CO,80010,Other,In Kind Voter File Access
AURORA COUNCIL FOR TEACHERS & STUDENTS (ACTS),Small Donor Committee,550.0,2025-09-22 00:00:00,Charrier,Aurora,CO,80018,Other,In Kind Voter File Access
BALL FOR ALL LEADERSHIP FUND,Political Committee,220.0,2025-09-22 00:00:00,Pinnacol Assurancce,Denver,CO,80230,Employee Services,Workers Comp Insurance
BRIGHTON EDUCATION ASSOCIATION PAC,Political Committee,2500.0,2025-09-22 00:00:00,Ashley  Conn,Commerce City,CO,80022,Contributions,Contribution
BRIGHTON EDUCATION ASSOCIATION PAC,Political Committee,2500.0,2025-09-22 00:00:00,Ramon  Alvarado,Commerce City,CO,80022,Contributions,Contribution
BRIGHTON EDUCATION ASSOCIATION PAC,Political Committee,2500.0,2025-09-22 00:00:00,Starr S Trujillo,Henderson,CO,80640-9360,Contributions,Contribution
COLORADO COMMITTEE OF AUTO RETAILERS (COLO C.A.R.),Political Committee,725.0,2025-09-22 00:00:00,The Coleman Leadership Fund,Denver,CO,80249,Contributions,Coleman Leadership Fund
COLORADO DEMOCRATIC PARTY,Political Party Committee,123.53,2025-09-22 00:00:00,Amazon,Seattle,WA,98108,Miscellaneous,Cleaning Supplies For River Cleanup
COLORADO DEMOCRATIC PARTY,Political Party Committee,51.8,2025-09-22 00:00:00,Sophia  Johnson,Fort Collins,CO,80521,Miscellaneous,Reimbursement For Printing Materials
COLORADO SOCIETY OF ANESTHESIOLOGISTS SMALL DONOR COMMITTEE,Small Donor Committee,22.4,2025-09-22 00:00:00,,,,,Bank Fees,Paypal Fees
CREATING LEADERS PAC,Political Committee,450.0,2025-09-22 00:00:00,Chad For Colorado,Redacted By Sos,CO,99999,Contributions,
"ELEVANCE HEALTH, INC. POLITICAL ACTION COMMITTEE (ELEVANCE HEALTH PAC)",Political Committee,225.0,2025-09-22 00:00:00,Pelton For State Senate,Sterling,CO,80751,Contributions,
LESLEY FOR COLORADO DATA FIRST FUND,Political Committee,250.0,2025-09-22 00:00:00,Shannon  Bird,Redacted By Sos,CO,99999,Contributions,
LIBERTARIAN PARTY OF COLORADO (LPCO),Political Party Committee,2.07,2025-09-22 00:00:00,Amazon Web Services,Seattle,WA,98109,Office Equipment & Supplies,
LIBERTARIAN PARTY OF COLORADO (LPCO),Political Party Committee,1.3,2025-09-22 00:00:00,Anedot,New Orleans,LA,70112,Bank Fees,Credit Cards Fees
LIBERTARIAN PARTY OF COLORADO (LPCO),Political Party Committee,0.74,2025-09-22 00:00:00,Stripe.Com,South San Francisco,CA,94080,Bank Fees,Credit Card Fees
MANNY RUTINEL LEADERSHIP FUND,Political Committee,200.0,2025-09-22 00:00:00,Vote Obi For Westminster,Westminster,CO,80021,Contributions,
MEGHAN LUKENS FOR CO LEADERSHIP PAC,Political Committee,61.41,2025-09-22 00:00:00,Shell Service Station,Meeker,CO,81641,Travel & Lodging,
REALTOR CANDIDATE POLITICAL ACTION COMMITTEE (RCPAC) - FKA: COLORADO ASSOCIATION OF REALTORS PAC (CO,Political Committee,1000.0,2025-09-22 00:00:00,Carrie Penaloza Campaign,Centennial,CO,80112,Contributions,Contribution
REALTOR CANDIDATE POLITICAL ACTION COMMITTEE (RCPAC) - FKA: COLORADO ASSOCIATION OF REALTORS PAC (CO,Political Committee,2000.0,2025-09-22 00:00:00,Don For Cenntenial,Centennial,CO,80015,Contributions,Contribution
REALTOR CANDIDATE POLITICAL ACTION COMMITTEE (RCPAC) - FKA: COLORADO ASSOCIATION OF REALTORS PAC (CO,Political Committee,1000.0,2025-09-22 00:00:00,Friends Of Robyn Carnes,Centennial,CO,80122,Contributions,Contribution
REALTOR SMALL DONOR COMMITTEE (RSDC),Small Donor Committee,1000.0,2025-09-22 00:00:00,Curt For Littleton,Littleton,CO,80120,Contributions,Contribution
REALTOR SMALL DONOR COMMITTEE (RSDC),Small Donor Committee,1500.0,2025-09-22 00:00:00,Joel For Littleton,Littleton,CO,80120,Contributions,Contribution
REALTOR SMALL DONOR COMMITTEE (RSDC),Small Donor Committee,1000.0,2025-09-22 00:00:00,Stillwell4Littleton,Littleton,CO,80123,Contributions,Contribution
VALDEZ FOR COLORADO RAINBOW FUND,Political Committee,84.12,2025-09-22 00:00:00,Mailchimp,Atlanta,GA,30308,Office Equipment & Supplies,
AURORA COUNCIL FOR TEACHERS & STUDENTS (ACTS),Small Donor Committee,300.0,2025-09-23 00:00:00,Anne Keke For Kids,Aurora,CO,80017,Other,In Kind Consulting Fees
AURORA COUNCIL FOR TEACHERS & STUDENTS (ACTS),Small Donor Committee,300.0,2025-09-23 00:00:00,Charrier,Aurora,CO,80018,Other,In Kind Consulting Fee
AURORA COUNCIL FOR TEACHERS & STUDENTS (ACTS),Small Donor Committee,300.0,2025-09-23 00:00:00,Kristin For Aps,Aurora,CO,80017,Other,In Kind Consulting  Fees
AURORA COUNCIL FOR TEACHERS & STUDENTS (ACTS),Small Donor Committee,300.0,2025-09-23 00:00:00,Tramaine Duncan For School Board,Aurora,CO,80010,Other,In Kind Consulting Fees
BIRD FOR COLORADO LEADERSHIP FUND,Political Committee,200.0,2025-09-23 00:00:00,Chris Floyd For Colorado,Redacted By Sos,CO,99999,Contributions,
BIRD FOR COLORADO LEADERSHIP FUND,Political Committee,250.0,2025-09-23 00:00:00,Carrera For Colorado,Redacted By Sos,CO,99999,Contributions,
COLORADO CENTER PARTY CENTRAL COMMITTEE,Political Party Committee,21.0,2025-09-23 00:00:00,Meta,Menlo Park,CA,94025,Miscellaneous,
COLORADO DEMOCRATIC PARTY,Political Party Committee,138.56,2025-09-23 00:00:00,Corazon Printing,Broomfield,CO,80020,Miscellaneous,"Vinyl Banner, Set-Up Fee"
JUDY AMABILE LEADERSHIP FUND,Political Committee,450.0,2025-09-23 00:00:00,Dylan Roberts For Colorado,Redacted By Sos,CO,99999,Contributions,
LIGHT OVER PEAKS PAC,Political Committee,100.0,2025-09-23 00:00:00,Shannon Bird For Congress,Westminster,CO,80035,Contributions,
LIGHT OVER PEAKS PAC,Political Committee,50.0,2025-09-23 00:00:00,Alexis For Colorado,Redacted By Sos,CO,99999,Contributions,
LIGHT OVER PEAKS PAC,Political Committee,75.0,2025-09-23 00:00:00,The Coleman Leadership Fund,Denver,CO,80249,Contributions,
MCCLUSKIE FOR COLORADO LEADERSHIP FUND,Political Committee,250.0,2025-09-23 00:00:00,Shannon Bird For Congress,Westminster,CO,80035,Contributions,
PFIZER INC PAC,Political Committee,200.0,2025-09-23 00:00:00,6512 Leadership Fund,Redacted By Sos,CO,99999,Contributions,2025 Contribution
PFIZER INC PAC,Political Committee,200.0,2025-09-23 00:00:00,Carson Leadership Pac,Highlands Ranch,CO,80130-9998,Contributions,2025 Contribution
PFIZER INC PAC,Political Committee,200.0,2025-09-23 00:00:00,Dusty Trail Pac,Redacted By Sos,CO,99999,Contributions,2025 Contribution
PFIZER INC PAC,Political Committee,400.0,2025-09-23 00:00:00,Frizell Leadership Pac,Redacted By Sos,CO,99999,Contributions,2025 Contribution
PFIZER INC PAC,Political Committee,200.0,2025-09-23 00:00:00,Gilchrist For Colorado,Redacted By Sos,CO,99999,Contributions,2026 Primary
PFIZER INC PAC,Political Committee,300.0,2025-09-23 00:00:00,Judy Amabile Leadership Fund,Boulder,CO,80302,Contributions,2025 Contribution
PFIZER INC PAC,Political Committee,200.0,2025-09-23 00:00:00,Lieder For Colorado,Redacted By Sos,CO,99999,Contributions,2026 Primary
PFIZER INC PAC,Political Committee,200.0,2025-09-23 00:00:00,Lisa For Colorado,Redacted By Sos,CO,99999,Contributions,2026 Primary
PFIZER INC PAC,Political Committee,200.0,2025-09-23 00:00:00,Duran For Colorado,Superior,CO,80027,Contributions,2026 Primary
PFIZER INC PAC,Political Committee,200.0,2025-09-23 00:00:00,The Murse Pac,Thornton,CO,80602,Contributions,2025 Contribution
PFIZER INC PAC,Political Committee,200.0,2025-09-23 00:00:00,Rising Tides Pac,Redacted By Sos,CO,99999,Contributions,2025 Contribution
PFIZER INC PAC,Political Committee,200.0,2025-09-23 00:00:00,Rural Liberty Political Action Committee,Denver,CO,80205,Contributions,2025 Contribution
PFIZER INC PAC,Political Committee,200.0,2025-09-23 00:00:00,The Bright Pac,Platteville,CO,80651,Contributions,2025 Contribution
PFIZER INC PAC,Political Committee,200.0,2025-09-23 00:00:00,Two Rivers Leadership Pac,Denver,CO,80205,Contributions,2025 Contribution
PUTTING COLORADO FIRST,Political Committee,450.0,2025-09-23 00:00:00,Woodward For Colorado,Redacted By Sos,CO,99999,Contributions,
ROBERTS LEADERSHIP FUND,Political Committee,450.0,2025-09-23 00:00:00,Gilchrist For Colorado,Redacted By Sos,CO,99999,Contributions,
ROBERTS LEADERSHIP FUND,Political Committee,450.0,2025-09-23 00:00:00,Camacho For Colorado,Redacted By Sos,CO,99999,Contributions,
ROBERTS LEADERSHIP FUND,Political Committee,450.0,2025-09-23 00:00:00,Rebekah Stewart For Colorado,Redacted By Sos,CO,99999,Contributions,
THE PASCHAL PAC,Political Committee,24.3,2025-09-23 00:00:00,First Bank,Colorado Springs,CO,80907,Bank Fees,Check Printing
VALDEZ FOR COLORADO RAINBOW FUND,Political Committee,21.03,2025-09-23 00:00:00,Zoho,Pleasantville,CA,94588,Office Equipment & Supplies,
WOODROW LEADERSHIP PAC,Political Committee,250.0,2025-09-23 00:00:00,Emily Sirota For Colorado,Redacted By Sos,CO,99999,Contributions,
COANA PAC (COLORADO ASSOCIATION OF NURSE ANESTHETISTS POLITICAL ACTION COMMITTEE),Political Committee,400.0,2024-09-24 00:00:00,Bird For Colorado,Redacted By Sos,CO,99999,Contributions,
COANA PAC (COLORADO ASSOCIATION OF NURSE ANESTHETISTS POLITICAL ACTION COMMITTEE),Political Committee,300.0,2024-09-24 00:00:00,Hansen For Colorado,Denver,CO,80220,Contributions,
COANA PAC (COLORADO ASSOCIATION OF NURSE ANESTHETISTS POLITICAL ACTION COMMITTEE),Political Committee,200.0,2024-09-24 00:00:00,Lieder For Colorado,Redacted By Sos,CO,99999,Contributions,
COANA PAC (COLORADO ASSOCIATION OF NURSE ANESTHETISTS POLITICAL ACTION COMMITTEE),Political Committee,200.0,2024-09-24 00:00:00,Lindsey For Colorado,Arvada,CO,80004,Contributions,
COANA PAC (COLORADO ASSOCIATION OF NURSE ANESTHETISTS POLITICAL ACTION COMMITTEE),Political Committee,200.0,2024-09-24 00:00:00,Mary Young For Colorado,Greeley,CO,80631,Contributions,
COANA PAC (COLORADO ASSOCIATION OF NURSE ANESTHETISTS POLITICAL ACTION COMMITTEE),Political Committee,200.0,2024-09-24 00:00:00,Kyle For Colorado,Louisville,CO,80027,Contributions,
COANA PAC (COLORADO ASSOCIATION OF NURSE ANESTHETISTS POLITICAL ACTION COMMITTEE),Political Committee,400.0,2024-09-24 00:00:00,Committee To Elect Barbara Kirkmeyer To State Senate,Brighton,CO,80603,Contributions,
COANA PAC (COLORADO ASSOCIATION OF NURSE ANESTHETISTS POLITICAL ACTION COMMITTEE),Political Committee,311.33,2024-09-24 00:00:00,Bradeberry Mckenna Public Affairs,Denver,CO,80203,Miscellaneous,
COANA PAC (COLORADO ASSOCIATION OF NURSE ANESTHETISTS POLITICAL ACTION COMMITTEE),Political Committee,400.0,2024-09-24 00:00:00,Taggart For House District 55,Grand Junction,CO,81507,Contributions,
COANA PAC (COLORADO ASSOCIATION OF NURSE ANESTHETISTS POLITICAL ACTION COMMITTEE),Political Committee,400.0,2024-09-24 00:00:00,Julie For Colorado,Denver,CO,80211,Contributions,
COANA PAC (COLORADO ASSOCIATION OF NURSE ANESTHETISTS POLITICAL ACTION COMMITTEE),Political Committee,250.0,2024-09-24 00:00:00,Dusty For Colorado,Redacted By Sos,CO,99999,Contributions,
COANA PAC (COLORADO ASSOCIATION OF NURSE ANESTHETISTS POLITICAL ACTION COMMITTEE),Political Committee,200.0,2024-09-24 00:00:00,Elect Jarvis Caldwell,Colorado Springs,CO,80908,Contributions,
DEMOCRATIC WOMEN OF BOULDER COUNTY-SMALL DONOR COMMITTEE (DWBC-SDC),Small Donor Committee,500.0,2024-09-24 00:00:00,Katie For Colorado,Redacted By Sos,CO,99999,Contributions,
ANDREW FOR COLORADO LEADERSHIP FUND,Political Committee,450.0,2025-09-24 00:00:00,Chris Floyd For Colorado,Redacted By Sos,CO,99999,Contributions,
CME WIN LEADERSHIP FUND,Political Committee,15.8,2025-09-24 00:00:00,Actblue Technical Services,Somerville,MA,02144,Fundraising Expenses,
COLORADO CENTER PARTY CENTRAL COMMITTEE,Political Party Committee,2.08,2025-09-24 00:00:00,Google Ads,Mountain View,CA,94043,Miscellaneous,
COLORADO CHAMBER POLITICAL ACTION COMMITTEE,Political Committee,500.0,2025-09-24 00:00:00,The Coleman Leadership Fund,Denver,CO,80249,Contributions,Contribution
COLORADO DEMOCRATIC PARTY,Political Party Committee,120.66,2025-09-24 00:00:00,Mailchimp,Atlanta,GA,30308,Other,Subscription Fee
FENBERG LEADERSHIP FUND,Political Committee,450.0,2025-09-24 00:00:00,Dylan Roberts For Colorado,Redacted By Sos,CO,99999,Contributions,
GREEN PARTY OF COLORADO,Political Party Committee,22.77,2025-09-24 00:00:00,Godaddy Inc,Tempe,AZ,85281,Other,Web Hosting
HOOD LEADERSHIP PAC,Political Committee,250.0,2025-09-24 00:00:00,Jillaire  Mcmillan,Redacted By Sos,CO,99999,Contributions,
LIBERTARIAN PARTY OF COLORADO (LPCO),Political Party Committee,40.6,2025-09-24 00:00:00,Anedot,New Orleans,LA,70112,Bank Fees,Credit Cards Fees
NATIONAL FEDERATION OF INDEPENDENT BUSINESS COLORADO POLITICAL ACTION COMMITTEE,Political Committee,250.0,2025-09-24 00:00:00,Senate Majority Fund,Littleton,CO,80120,Contributions,2025 Contribution
REBEKAH STEWART FOR COLORADO,Political Committee,50.0,2025-09-24 00:00:00,Jack For Westminster,Westminster,CO,80031,Contributions,
SAINT VRAIN VALLEY EDUCATION ASSOCIATION (SVVEA) FUND-SMALL DONOR COMMITTEE (SVVEA FUND-SMALL DONOR,Small Donor Committee,2500.0,2025-09-24 00:00:00,Hadley For St Vrain,Niwot,CO,80503,Contributions,Hadley For St Vrain
TEAMSTERS LOCAL UNION NO. 455 SMALL DONOR FUND,Small Donor Committee,3750.0,2025-09-24 00:00:00,Jena For Colorado,Redacted By Sos,CO,99999,Contributions,2026 A/G Race Primary
WEST END DEMOCRATS OF SAN MIGUEL AND MONTROSE COUNTIES,Political Committee,114.08,2025-09-24 00:00:00,Hnh Sign,Nucla,CO,81424,Advertising,Banner For Float In Parade
CAMACHO LEADERSHIP FUND,Political Committee,450.0,2025-09-25 00:00:00,Jillaire For Hd19,Redacted By Sos,CO,99999,Contributions,
"CIVITAS RESOURCES, INC. POLITICAL ACTION COMMITTEE (CIVIPAC)",Political Committee,725.0,2025-09-25 00:00:00,Kirkmeyer For Colorado,Brighton,CO,80603,Contributions,Contribution To Committee
"CIVITAS RESOURCES, INC. POLITICAL ACTION COMMITTEE (CIVIPAC)",Political Committee,275.0,2025-09-25 00:00:00,Kirkmeyer For Colorado,Brighton,CO,80603,Contributions,Contribution To Committee
COLORADANS FOR WESTERN VALUES LEADERSHIP PAC,Political Committee,1000.0,2025-09-25 00:00:00,Foundation For A Conservative Colorado,Colorado Springs,CO,80921,Contributions,
COLORADO CENTER PARTY CENTRAL COMMITTEE,Political Party Committee,25.0,2025-09-25 00:00:00,Co Secretary Of State,Denver,CO,80290,Miscellaneous,
COLORADO DEMOCRATIC PARTY,Political Party Committee,154.5,2025-09-25 00:00:00,Spotlight Colorado,Denver,CO,80220,Other,Dinner Tickets
COLORADO STATE REPRESENTATIVE DISTRICT 30 REPUBLICAN CENTRAL COMMITTEE,Political Party Committee,26.39,2025-09-25 00:00:00,Amazon,Seattle,WA,98109,Office Equipment & Supplies,Clipboards Purchased For Hd30
COLORADO WINS SDC,Small Donor Committee,1000.0,2025-09-25 00:00:00,Gianina For Aurora,Aurora,CO,80010,Contributions,
CONSERVATION COLORADO ACTION FUND (CCVAF),Political Committee,1.2,2025-09-25 00:00:00,,,,,Bank Fees,Act Blue Fees
FRIZELL LEADERSHIP PAC,Political Committee,200.0,2025-09-25 00:00:00,Gambill For Dcsd,Castle Rock,CO,80104,Contributions,Candidate Dontation
FRIZELL LEADERSHIP PAC,Political Committee,200.0,2025-09-25 00:00:00,Smith For Dcsd,Castle Rock,CO,80109,Contributions,Candidate Dontation
FRIZELL LEADERSHIP PAC,Political Committee,200.0,2025-09-25 00:00:00,Roger  Hudson,Castle Pines,CO,80108,Contributions,Candidate Dontation
GRISWOLD LEADERSHIP PAC,Political Committee,268.29,2025-09-25 00:00:00,Denver Democratic Central Committee,Denver,CO,80205,Contributions,
LIBERTARIAN PARTY OF COLORADO (LPCO),Political Party Committee,1.33,2025-09-25 00:00:00,Stripe.Com,South San Francisco,CA,94080,Bank Fees,Credit Card Fees
PUBLIC EDUCATION COMMITTEE,Small Donor Committee,3400.0,2025-09-25 00:00:00,Hadley For St Vrain,Niwot,CO,80503,Contributions,Candidate Contribution
COMMITTEE FOR PHYSICIAN ANESTHESIA CARE,Political Committee,-100.0,2024-09-26 00:00:00,Friends Of Junie Joseph,Boulder,CO,80303,Contributions,Offset Due To Deletion Of Filed Item
COMMITTEE FOR PHYSICIAN ANESTHESIA CARE,Political Committee,-200.0,2024-09-26 00:00:00,Brianna For Colorado,Redacted By Sos,CO,99999,Contributions,Offset Due To Deletion Of Filed Item
COMMITTEE FOR PHYSICIAN ANESTHESIA CARE,Political Committee,-200.0,2024-09-26 00:00:00,Andrew For Colorado,Redacted By Sos,CO,99999,Contributions,Offset Due To Deletion Of Filed Item
COMMITTEE FOR PHYSICIAN ANESTHESIA CARE,Political Committee,-450.0,2024-09-26 00:00:00,Lisa For Colorado Committee,Redacted By Sos,CO,99999,Contributions,Offset Due To Deletion Of Filed Item
ADAMS EDUCATORS FOR PUBLIC EDUCATION,Small Donor Committee,2.0,2025-09-26 00:00:00,,,,,Bank Fees,Starter Checks
ADVANCED ENERGY ACTION,Political Committee,26.0,2025-09-26 00:00:00,Amalgamated Bank,Washington,DC,20006,Bank Fees,Bank Fees
"AMERICAN FEDERATION OF STATE, COUNTY AND MUNICIPAL EMPLOYEES",Small Donor Committee,725.0,2025-09-26 00:00:00,Bacon For Colorado Leadership Fund,Denver,CO,80239,Contributions,
"AMERICAN FEDERATION OF STATE, COUNTY AND MUNICIPAL EMPLOYEES",Small Donor Committee,725.0,2025-09-26 00:00:00,Andrew For Colorado Leadership Fund,Redacted By Sos,CO,99999,Contributions,
"AMERICAN FEDERATION OF STATE, COUNTY AND MUNICIPAL EMPLOYEES",Small Donor Committee,725.0,2025-09-26 00:00:00,Lorena For Colorado Leadership Fund Committee,Redacted By Sos,CO,99999,Contributions,
"AMERICAN FEDERATION OF STATE, COUNTY AND MUNICIPAL EMPLOYEES",Small Donor Committee,500.0,2025-09-26 00:00:00,Jamie Jackson Leadership,Aurora,CO,80044,Contributions,
"AMERICAN FEDERATION OF STATE, COUNTY AND MUNICIPAL EMPLOYEES",Small Donor Committee,725.0,2025-09-26 00:00:00,Javier'S Economic Justice Fund,Denver,CO,90219,Contributions,
"AMERICAN FEDERATION OF STATE, COUNTY AND MUNICIPAL EMPLOYEES",Small Donor Committee,500.0,2025-09-26 00:00:00,Velasco Leadership Fund,Redacted By Sos,CO,99999,Contributions,
"AMERICAN FEDERATION OF STATE, COUNTY AND MUNICIPAL EMPLOYEES",Small Donor Committee,500.0,2025-09-26 00:00:00,Weissman Leadership Fund,Aurora,CO,80011,Contributions,
CATHY KIPP FOR COLORADO LEADERSHIP FUND,Political Committee,1300.0,2025-09-26 00:00:00,Colorado Democratic Party,Denver,CO,80203,Contributions,
COLORADO CEASEFIRE PAC,Political Committee,37.2,2025-09-26 00:00:00,Bellco Creidt Union,Dallas,TX,75267,Bank Fees,Checks
COLORADO CENTER PARTY CENTRAL COMMITTEE,Political Party Committee,23.0,2025-09-26 00:00:00,Meta,Menlo Park,CA,94025,Miscellaneous,
COLORADO CREDIT UNION POLITICAL ACTION COMMITTEE,Political Committee,-54.95,2025-09-26 00:00:00,Forte Payment Systems,Allen,TX,75013,Returned Expenditure,Vendor Refund
COLORADO CREDIT UNION POLITICAL ACTION COMMITTEE,Political Committee,-54.95,2025-09-26 00:00:00,Forte Payment Systems,Allen,TX,75013,Returned Expenditure,Vendor Refund
COLORADO CREDIT UNION POLITICAL ACTION COMMITTEE,Political Committee,-54.95,2025-09-26 00:00:00,Forte Payment Systems,Allen,TX,75013,Returned Expenditure,Vendor Refund
COLORADO CREDIT UNION POLITICAL ACTION COMMITTEE,Political Committee,-54.95,2025-09-26 00:00:00,Forte Payment Systems,Allen,TX,75013,Returned Expenditure,Vendor Refund
COLORADO CREDIT UNION POLITICAL ACTION COMMITTEE,Political Committee,-54.95,2025-09-26 00:00:00,Forte Payment Systems,Allen,TX,75013,Returned Expenditure,Vendor Refund
COLORADO CREDIT UNION POLITICAL ACTION COMMITTEE,Political Committee,-54.95,2025-09-26 00:00:00,Forte Payment Systems,Allen,TX,75013,Returned Expenditure,Vendor Refund
COLORADO CREDIT UNION POLITICAL ACTION COMMITTEE,Political Committee,-54.95,2025-09-26 00:00:00,Forte Payment Systems,Allen,TX,75013,Returned Expenditure,Vendor Refund
DLCC COLORADO (DEMOCRATIC LEGISLATIVE CAMPAIGN COMMITTEE COLORADO),Small Donor Committee,14.0,2025-09-26 00:00:00,Amalgamated Bank,New York,NY,10001,Bank Fees,Bank Fee
"PEDIATRIX MEDICAL GROUP, INC. POLITICAL ACTION COMMITTEE (PEDIATRIX PAC)",Political Committee,725.0,2025-09-26 00:00:00,Kirkmeyer For Colorado,Brighton,CO,80603,Contributions,General 2026
"PEDIATRIX MEDICAL GROUP, INC. POLITICAL ACTION COMMITTEE (PEDIATRIX PAC)",Political Committee,725.0,2025-09-26 00:00:00,Bridges For Colorado Treasurer,Redacted By Sos,CO,99999,Contributions,General 2026
"PEDIATRIX MEDICAL GROUP, INC. POLITICAL ACTION COMMITTEE (PEDIATRIX PAC)",Political Committee,725.0,2025-09-26 00:00:00,Bridges For Colorado Treasurer,Redacted By Sos,CO,99999,Contributions,Primary 2026
"PEDIATRIX MEDICAL GROUP, INC. POLITICAL ACTION COMMITTEE (PEDIATRIX PAC)",Political Committee,725.0,2025-09-26 00:00:00,Kirkmeyer For Colorado,Brighton,CO,80603,Contributions,Primary 2026
VALDEZ FOR COLORADO RAINBOW FUND,Political Committee,2.0,2025-09-26 00:00:00,First Bank,Lakewood,CO,80215,Bank Fees,
WARRIOR PAC,Political Committee,150.0,2025-09-26 00:00:00,Spotlight Colorado,Denver,CO,80204,Contributions,
COLORADANS FOR WESTERN VALUES LEADERSHIP PAC,Political Committee,450.0,2025-09-27 00:00:00,Carson For State Senate,Highlands Ranch,CO,80130-9998,Contributions,
BLACK WOMEN FOR CRIMINAL JUSTICE REFORM,Small Donor Committee,0.72,2025-09-28 00:00:00,,,,,Bank Fees,
CAMACHO LEADERSHIP FUND,Political Committee,32.59,2025-09-28 00:00:00,Actblue Technical Services,Somerville,MA,02144,Fundraising Expenses,
COLORADO WORKING FAMILIES PARTY SMALL DONOR COMMITTEE,Small Donor Committee,0.17,2025-09-28 00:00:00,Actblue Technical Services,Somerville,MA,02144,Fundraising Expenses,
DEMOCRATIC PARTY CONGRESSIONAL DISTRICT 4 COLORADO,Political Party Committee,0.8,2025-09-28 00:00:00,Actblue Technical Services,Somerville,MA,02144,Other,Cc Processing Fee
GRISWOLD LEADERSHIP PAC,Political Committee,57.28,2025-09-28 00:00:00,Actblue,West Somerville,MA,02144-0031,Fundraising Expenses,Credit Card Processing Fee
JAVIER'S ECONOMIC JUSTICE FUND,Political Committee,2.0,2025-09-28 00:00:00,First Bank,Lakewood,CO,80235,Bank Fees,
JAVIER'S ECONOMIC JUSTICE FUND,Political Committee,2.0,2025-09-28 00:00:00,First Bank,Lakewood,CO,80235,Bank Fees,
LESLIE HEROD'S BOLDLY FORWARD PAC,Political Committee,2.77,2025-09-28 00:00:00,Act Blue,Somerville,MA,02144,Fundraising Expenses,
AURORA COUNCIL FOR TEACHERS & STUDENTS (ACTS),Small Donor Committee,16.74,2025-09-29 00:00:00,Charrier,Aurora,CO,80018,Other,In Kind Voter File Access
AURORA COUNCIL FOR TEACHERS & STUDENTS (ACTS),Small Donor Committee,16.74,2025-09-29 00:00:00,Tramaine Duncan For School Board,Aurora,CO,80010,Other,In Kind Voter File Access
BLACK JACK PAC,Political Committee,400.0,2025-09-29 00:00:00,Kyle For Colorado,Louisville,CO,80027,Contributions,
BLACK JACK PAC,Political Committee,400.0,2025-09-29 00:00:00,To Elect Michael Carter To Colorado State House District 36,Redacted By Sos,CO,99999,Contributions,
CHERRY CREEK REPUBLICAN WOMEN SMALL DONOR COMMITTEE,Small Donor Committee,200.0,2025-09-29 00:00:00,Marsha 4 City Council,Aurora,CO,80047,Other,Donation
CHERRY CREEK REPUBLICAN WOMEN SMALL DONOR COMMITTEE,Small Donor Committee,200.0,2025-09-29 00:00:00,Kassaw For Aurora,Aurora,CO,80046,Other,Donation
CHERRY CREEK REPUBLICAN WOMEN SMALL DONOR COMMITTEE,Small Donor Committee,200.0,2025-09-29 00:00:00,Danielle For Aurora,Aurora,CO,80014,Other,Donation
CHERRY CREEK REPUBLICAN WOMEN SMALL DONOR COMMITTEE,Small Donor Committee,200.0,2025-09-29 00:00:00,Nino Pepper For Aps Board,Aurora,CO,80047,Other,Donation
CHERRY CREEK REPUBLICAN WOMEN SMALL DONOR COMMITTEE,Small Donor Committee,200.0,2025-09-29 00:00:00,Don Sheehan For Centennial,Centennial,CO,80015,Other,Donation
CHERRY CREEK REPUBLICAN WOMEN SMALL DONOR COMMITTEE,Small Donor Committee,200.0,2025-09-29 00:00:00,Friends Of Robyn Carnes,Centennial,CO,80122,Other,Donation
CHERRY CREEK REPUBLICAN WOMEN SMALL DONOR COMMITTEE,Small Donor Committee,200.0,2025-09-29 00:00:00,Carrie For Centenial,Centennial,CO,80112,Other,Donation
CHERRY CREEK REPUBLICAN WOMEN SMALL DONOR COMMITTEE,Small Donor Committee,200.0,2025-09-29 00:00:00,Patty Mckernan For Centennial,Centennial,CO,80112,Other,Donation
CHERRY CREEK REPUBLICAN WOMEN SMALL DONOR COMMITTEE,Small Donor Committee,200.0,2025-09-29 00:00:00,Jeffrey Gilliam For Centennial,Centennial,CO,80015,Other,Donation
CHERRY CREEK REPUBLICAN WOMEN SMALL DONOR COMMITTEE,Small Donor Committee,200.0,2025-09-29 00:00:00,Committee To Elect Rita Russell,Englewood,CO,80113,Other,Donation
CHERRY CREEK REPUBLICAN WOMEN SMALL DONOR COMMITTEE,Small Donor Committee,200.0,2025-09-29 00:00:00,Committee To Elect Kim Wright,Englewood,CO,80110,Other,Donations
CHERRY CREEK REPUBLICAN WOMEN SMALL DONOR COMMITTEE,Small Donor Committee,200.0,2025-09-29 00:00:00,Driscoll For Littleton Mayor,Littleton,CO,80123,Other,Donation
CHERRY CREEK REPUBLICAN WOMEN SMALL DONOR COMMITTEE,Small Donor Committee,200.0,2025-09-29 00:00:00,Curt For Littleton,Littleton,CO,80120,Other,Donation
CHERRY CREEK REPUBLICAN WOMEN SMALL DONOR COMMITTEE,Small Donor Committee,200.0,2025-09-29 00:00:00,Amanda Thayer For Cherry Creek,Aurora,CO,80016,Other,Donation
CHERRY CREEK REPUBLICAN WOMEN SMALL DONOR COMMITTEE,Small Donor Committee,200.0,2025-09-29 00:00:00,Jack Coffey For City Council,Greenwood Village,CO,80111,Other,Donation
CHERRY CREEK REPUBLICAN WOMEN SMALL DONOR COMMITTEE,Small Donor Committee,200.0,2025-09-29 00:00:00,Tom Stahl For Greenwood Village,Greenwood Village,CO,80111,Other,Donation
COLORADO CREDIT UNION POLITICAL ACTION COMMITTEE,Political Committee,395.0,2025-09-29 00:00:00,Jose Guardiola For Commerce City,Comerce City,CO,80640,Contributions,
COLORADO STATE REPRESENTATIVE DISTRICT 30 REPUBLICAN CENTRAL COMMITTEE,Political Party Committee,25.75,2025-09-29 00:00:00,Squarespace Inc,New York,NY,10014,Other,Renewal Of Monthly Squarespace Subscription
COLORADO WINS SDC,Small Donor Committee,25.0,2025-09-29 00:00:00,Colorado Secretary Of State,Denver,CO,80290,Other,Periodic Fee
COPIC SMALL DONOR COMMITTEE,Small Donor Committee,2000.0,2025-09-29 00:00:00,Jacqueline  Phillips,Redacted By Sos,CO,99999,Contributions,Misc Campaign Contribution
DCTA FUND (FORMERLY POLITICAL ACTION COMMITTEE),Small Donor Committee,9100.0,2025-09-29 00:00:00,Southwest For Sochi,Redacted By Sos,CO,99999,Contributions,Contribution
DCTA FUND (FORMERLY POLITICAL ACTION COMMITTEE),Small Donor Committee,750.0,2025-09-29 00:00:00,Southwest For Sochi,Redacted By Sos,CO,99999,Contributions,In Kinding Of Campaign Management Services
FRIENDS OF COLORADO HOSPITALS (F/K/A HOSPITALS EXPRESS LEGISLATIVE PREFERENCE),Political Committee,450.0,2025-09-29 00:00:00,William For Colorado,Redacted By Sos,CO,99999,Contributions,
FRIENDS OF COLORADO HOSPITALS (F/K/A HOSPITALS EXPRESS LEGISLATIVE PREFERENCE),Political Committee,450.0,2025-09-29 00:00:00,Friends Of Jacque Phillips,Redacted By Sos,CO,99999,Contributions,
GILCHRIST FOR COLORADO LEADERSHIP PAC,Political Committee,40.49,2025-09-29 00:00:00,Actblue,Sommerville,MA,02144,Bank Fees,
GRISWOLD LEADERSHIP PAC,Political Committee,-100.0,2025-09-29 00:00:00,Larimer County Democrats,Fort Collins,CO,80524,Returned Expenditure,Refunded
HANSEN LEADERSHIP FUND,Political Committee,450.0,2025-09-29 00:00:00,Dylan Roberts For Colorado,Redacted By Sos,CO,99999,Contributions,
LIBERTARIAN PARTY OF COLORADO (LPCO),Political Party Committee,1.35,2025-09-29 00:00:00,Stripe.Com,South San Francisco,CA,94080,Bank Fees,Credit Card Fees
LIGHT OVER PEAKS PAC,Political Committee,50.0,2025-09-29 00:00:00,Friends Of Jacque Phillips,Redacted By Sos,CO,99999,Contributions,
MAKE GREAT CHOICES PAC,Political Committee,46.97,2025-09-29 00:00:00,Safeway,Loveland,CO,80537,"Food, Beverages and Meals",
MANNY RUTINEL LEADERSHIP FUND,Political Committee,21.9,2025-09-29 00:00:00,First Bank,Commerce City,CO,80022,Bank Fees,Bank Fees
MANNY RUTINEL LEADERSHIP FUND,Political Committee,139.0,2025-09-29 00:00:00,Speechify,St. Petersburg,FL,33702,Office Equipment & Supplies,Software
ODOPAC,Political Committee,50.0,2025-09-29 00:00:00,Anne Keke For Kids,Aurora,CO,80017,Contributions,
SHEET METAL WORKERS' SMALL DONOR COMMITTEE,Small Donor Committee,2000.0,2025-09-29 00:00:00,Jena For Colorado,Redacted By Sos,CO,99999,Contributions,
STRENGTHENING OPPORTUNITIES FOR COLORADANS (SOCO) PAC,Political Committee,250.0,2025-09-29 00:00:00,Gena L Ozols,Redacted By Sos,CO,99999,Contributions,
SULLY'S ACTION FUND,Small Donor Committee,22.67,2025-09-29 00:00:00,Act Blue,Somerville,MA,02138,Fundraising Expenses,Act Blue Expenses
SULLY'S LEADERSHIP FUND,Political Committee,5.97,2025-09-29 00:00:00,Act Blue,Somerville,MA,02144,Fundraising Expenses,Act Blue Expenses
THE CIGNA GROUP EMPLOYEE POLITICAL ACTION COMMITTEE,Political Committee,725.0,2025-09-29 00:00:00,Colorado Association Of Health Plans Political Action Committee,Denver,CO,80203,Contributions,2025 Contribution
THE COLEMAN LEADERSHIP FUND,Political Committee,100.0,2025-09-29 00:00:00,Marlo  Alston,Centennal,CO,80015,Contributions,
VELASCO LEADERSHIP FUND,Political Committee,100.0,2025-09-29 00:00:00,Xochitl  Gaytan,Redacted By Sos,CO,99999,Contributions,
WARRIOR PAC,Political Committee,189.0,2025-09-29 00:00:00,Colorado Politics,Colorado Springs,CO,80903,Office Equipment & Supplies,
IAFF #3 SMALL DONOR ACCOUNT,Small Donor Committee,5000.0,2023-09-30 00:00:00,,,,,Contributions,Gradisar For Mayor Municipal Election Donation
IAFF #3 SMALL DONOR ACCOUNT,Small Donor Committee,9000.0,2023-09-30 00:00:00,,,,,Other,Fraudulent Transfer
IAFF #3 SMALL DONOR ACCOUNT,Small Donor Committee,240.0,2023-09-30 00:00:00,,,,,Entertainment,Pueblo Legislative Bbq Event
COLORADO CLEANTECH PAC,Political Committee,10.0,2024-09-30 00:00:00,Wells Fargo,Denver,CO,80202,Bank Fees,Bank Fees
GREENCO PC,Political Committee,-275.0,2024-09-30 00:00:00,Timberline Landscaping,Colorado Springs,CO,80939,Other,Offset Due To Deletion Of Filed Item - Refund - Exceeded Contribution Limits
GREENCO PC,Political Committee,5.0,2024-09-30 00:00:00,Firstbank,Glendale,CO,80246,Bank Fees,Bank Fees - Entered Late Because They Said They Weren'T Going To Charge Us For Them.
18TH JD CRIMINAL JUSTICE FUND,Small Donor Committee,838.54,2025-09-30 00:00:00,Amy Padden For District Attorney,Redacted By Sos,CO,80013,Contributions,
18TH JD CRIMINAL JUSTICE FUND,Small Donor Committee,0.99,2025-09-30 00:00:00,Actblue,Sommerville,MA,02144,Bank Fees,
18TH JD DEMOCRATIC SDC,Small Donor Committee,0.99,2025-09-30 00:00:00,,,,,Bank Fees,
ACCESS TO PEDIATRIC BEHAVIORAL THERAPY FOR COLORADO CHILDREN,Political Committee,12.0,2025-09-30 00:00:00,First Bank,Lakewood,CO,80215,Bank Fees,
ADAMS EDUCATORS FOR PUBLIC EDUCATION,Small Donor Committee,5.0,2025-09-30 00:00:00,,,,,Bank Fees,Bank Fee
AGRICULTURE PAC,Political Committee,2.0,2025-09-30 00:00:00,Firstbank North,Arvada,CO,80006,Bank Fees,
"AGRICULTURE STRONG, COLORADO UNITED",Small Donor Committee,10.0,2025-09-30 00:00:00,First Bank North,Brighton,CO,80601,Bank Fees,
ASTELLAS US LLC POLITICAL ACTION COMMITTEE (ASTELLAS PAC),Political Committee,1273.16,2025-09-30 00:00:00,Astellas Us Llc Political Action Committee (Astellas Pac),Northbrook,IL,60062,Other,Transfer Balance Of Funds - Colorado Termination.
BACON FOR COLORADO LEADERSHIP FUND,Political Committee,16.0,2025-09-30 00:00:00,,,,,Bank Fees,
BACON FOR COLORADO LEADERSHIP FUND,Political Committee,90.86,2025-09-30 00:00:00,Actblue,Cambridge,MA,02138,Bank Fees,
BIPAC (BLACK INDIGENOUS LEADERSHIP PAC),Political Committee,4.17,2025-09-30 00:00:00,Actblue,Somerville,MA,02144,Fundraising Expenses,Actblue Fees
BIRD FOR COLORADO LEADERSHIP FUND,Political Committee,450.0,2025-09-30 00:00:00,Dylan Roberts For Colorado,Redacted By Sos,CO,99999,Contributions,
BLACK JACK PAC,Political Committee,200.0,2025-09-30 00:00:00,Max Brooks For Colorado Committee,Redacted By Sos,CO,99999,Contributions,
BLACK JACK PAC,Political Committee,200.0,2025-09-30 00:00:00,Carson For State Senate,Highlands Ranch,CO,80130-9998,Contributions,
BLACK JACK PAC,Political Committee,200.0,2025-09-30 00:00:00,Woog For House District 19,Frederick,CO,80530,Contributions,
BLACK JACK PAC,Political Committee,200.0,2025-09-30 00:00:00,Carlos For Hd 48,Fort Lupton,CO,80621,Contributions,
BLACK JACK PAC,Political Committee,400.0,2025-09-30 00:00:00,Gonzalez For 50,Greeley,CO,80634,Contributions,
BLACK JACK PAC,Political Committee,200.0,2025-09-30 00:00:00,Lori Garcia Sander For Hd 65,Redacted By Sos,CO,99999,Contributions,
BLACK JACK PAC,Political Committee,300.0,2025-09-30 00:00:00,Committee To Elect Richardson For House District 56,Elizabeth,CO,80107,Contributions,
BLACK WOMEN FOR CRIMINAL JUSTICE REFORM,Small Donor Committee,0.99,2025-09-30 00:00:00,,,,,Bank Fees,
BUCKLE UP PAC,Political Committee,2.0,2025-09-30 00:00:00,Firstbank North,Arvada,CO,80003,Bank Fees,
CAMACHO LEADERSHIP FUND,Political Committee,45.44,2025-09-30 00:00:00,Actblue Technical Services,Somerville,MA,02144,Fundraising Expenses,
CAMACHO LEADERSHIP FUND,Political Committee,250.0,2025-09-30 00:00:00,Shannon Bird For Congress,Westminister,CO,80035,Contributions,
CATHY KIPP FOR COLORADO LEADERSHIP FUND,Political Committee,5.93,2025-09-30 00:00:00,Act Blue Technical Services,Somerville,MA,02144-3132,Other,Service Fees
CATLIN PAC,Political Committee,12.0,2025-09-30 00:00:00,First Bank,Denver,CO,80203,Bank Fees,
CERTIFIED PUBLIC ACCOUNTANTS PAC,Political Committee,5.0,2025-09-30 00:00:00,,,,,Bank Fees,Bank Fee
CLEAN ENERGY CAUCUS SMALL DONOR COMMITTEE,Small Donor Committee,195.0,2025-09-30 00:00:00,Bank,Lakewood,CO,80232,Bank Fees,Accumulated Bank Fees
COLIN PAC,Political Committee,450.0,2025-09-30 00:00:00,Carson For State Senate,Highlands Ranch,CO,80130-9998,Contributions,
COLORADO BIOSCIENCE PAC,Political Committee,56.01,2025-09-30 00:00:00,Wells Fargo Bank,Denver,CO,80203,Other,Balance Adjustment To Achieve Alignment
COLORADO CATTLEMENS ASSOCIATION,Political Committee,-225.0,2025-09-30 00:00:00,Woog For House District 19,Frederick,CO,80530,Returned Expenditure,Check Never Cashed
COLORADO COMMITTEE OF AUTO RETAILERS (COLO C.A.R.),Political Committee,3.0,2025-09-30 00:00:00,,,,,Bank Fees,Bank Fees
COLORADO DEMOCRATIC PARTY,Political Party Committee,2.0,2025-09-30 00:00:00,Firstbank,Lakewood,CO,80215,Bank Fees,Bank Fees
COLORADO DEMOCRATIC PARTY,Political Party Committee,2.0,2025-09-30 00:00:00,Firstbank,Lakewood,CO,80215,Bank Fees,Bank Fees
COLORADO DEMOCRATIC PARTY,Political Party Committee,8.0,2025-09-30 00:00:00,Firstbank,Lakewood,CO,80215,Bank Fees,Bank Fees
COLORADO DENTAL HYGIENISTS PAC,Political Committee,15.0,2025-09-30 00:00:00,Jpmorgan Chase Bank,Columbus,OH,43218-2051,Bank Fees,
COLORADO EYEPAC,Political Committee,25.0,2025-09-30 00:00:00,Colorado Medical Society,Denver,CO,80230,Other,Sos Periodic Fee
COLORADO LEAGUE OF CHARTER SCHOOLS ACTION SMALL DONOR COMMITTEE (CLCS ACTION SDC),Small Donor Committee,12.0,2025-09-30 00:00:00,Firstbank,Denver,CO,80203,Bank Fees,Bank Fees
COLORADO PSYCHOLOGICAL ASSOCIATION,Political Committee,25.0,2025-09-30 00:00:00,Keybank National Association,Greenwood Village,CO,80111,Bank Fees,
COLORADO SKI COUNTRY USA PAC,Political Committee,5.0,2025-09-30 00:00:00,,,,,Bank Fees,Bank Service Charge
COLORADO SPRINGS HOUSING AND BUILDERS ASSOCIATION POLITICAL FUNDING COMMITTEE (CSHBA POLITICAL FUNDI,Political Committee,15000.0,2025-09-30 00:00:00,Colorado Dawn,Colorado Springs,CO,80903,Contributions,Noncommittee Contribution
COLORADO SPRINGS HOUSING AND BUILDERS ASSOCIATION POLITICAL FUNDING COMMITTEE (CSHBA POLITICAL FUNDI,Political Committee,2500.0,2025-09-30 00:00:00,Lori Thompson 4 School Board,Colorado Springs,CO,80922,Contributions,
COLORADO SPRINGS HOUSING AND BUILDERS ASSOCIATION POLITICAL FUNDING COMMITTEE (CSHBA POLITICAL FUNDI,Political Committee,2500.0,2025-09-30 00:00:00,Elect Jamilynn D'Avola,Colorado Springs,CO,80923,Contributions,
COLORADO SPRINGS HOUSING AND BUILDERS ASSOCIATION POLITICAL FUNDING COMMITTEE (CSHBA POLITICAL FUNDI,Political Committee,1425.0,2025-09-30 00:00:00,Elect Lauren Nelson,Colorado Springs,CO,80918,Contributions,
COLORADO STATE REPRESENTATIVE DISTRICT 30 REPUBLICAN CENTRAL COMMITTEE,Political Party Committee,211.79,2025-09-30 00:00:00,Anedot,New Orleans,LA,70112,Other,Fee For On-Line Electronic Payment System
COLORADO STATE REPRESENTATIVE DISTRICT 30 REPUBLICAN CENTRAL COMMITTEE,Political Party Committee,425.1,2025-09-30 00:00:00,Red Horse Strategies,Centennial,CO,80112,Fundraising Expenses,Text Message Service For Now Or Never Event
COLORADO STRONG POLITICAL COMMITTEE,Political Committee,2.0,2025-09-30 00:00:00,Firstbank North,Arvada,CO,80006,Bank Fees,
COLORADO STRONG SMALL DONOR COMMITTEE,Small Donor Committee,4.0,2025-09-30 00:00:00,First Bank,Brighton,CO,80601,Bank Fees,
DCTA FUND (FORMERLY POLITICAL ACTION COMMITTEE),Small Donor Committee,2334.0,2025-09-30 00:00:00,Monica For Denver,Redacted By Sos,CO,99999,Consultant & Professional Services,In-Kinding Of Campaign Management Services
DCTA FUND (FORMERLY POLITICAL ACTION COMMITTEE),Small Donor Committee,2334.0,2025-09-30 00:00:00,Dj For Denver,Denver,CO,80224,Consultant & Professional Services,In-Kinding Of Campaign Management Services
DCTA FUND (FORMERLY POLITICAL ACTION COMMITTEE),Small Donor Committee,2334.0,2025-09-30 00:00:00,Amy 4 Denver,Denver,CO,80220,Consultant & Professional Services,In-Kinding Of Campaign Management Services
EMILY'S LIST COLORADO SMALL DONOR COMMITTEE,Small Donor Committee,90.88,2025-09-30 00:00:00,Amalgamated Bank,Washington,DC,20006,Bank Fees,Bank Fee
EQUAL ACCESS FOR COLORADO AUTISM PATIENTS,Political Committee,12.0,2025-09-30 00:00:00,First Bank,Lakewood,CO,80215,Bank Fees,
FAMILIES FOR RESPONSIBLE GOVERNMENT,Political Committee,2.0,2025-09-30 00:00:00,Firstbank,Brighton,CO,80601,Bank Fees,
FRIENDS OF JUNIE JOSEPH LEADERSHIP FUND,Political Committee,46.62,2025-09-30 00:00:00,Actblue,Sommerville,MA,02144-3132,Bank Fees,Expenses For Donations 7/1/2025-9/30/2025
FUERZA,Small Donor Committee,10.0,2025-09-30 00:00:00,Firstbank,Denver,CO,80211,Bank Fees,
GREATER DOUGLAS COUNTY,Political Committee,5.0,2025-09-30 00:00:00,Banc Of California,Carlsbad,CA,92013,Bank Fees,Bank Fee
GRISWOLD LEADERSHIP PAC,Political Committee,28.64,2025-09-30 00:00:00,Actblue,West Somerville,MA,02144-0031,Fundraising Expenses,Credit Card Processing Fee
HOME CARE PAC,Political Committee,3.0,2025-09-30 00:00:00,Keybank,Cleveland,OH,44101,Bank Fees,
JANE FONDA CLIMATE PAC,Small Donor Committee,4000.0,2025-09-30 00:00:00,"Committee To Elect Jennifer Allen-Thomas, Adams County Commissioner-District 2",Commerce City,CO,80022,Contributions,
JESSIE DANIELSON GRASSROOTS FUND,Small Donor Committee,15.0,2025-09-30 00:00:00,,,,,Bank Fees,
JESSIE DANIELSON PAC,Political Committee,15.0,2025-09-30 00:00:00,,,,,Bank Fees,
LIBERTARIAN PARTY OF COLORADO (LPCO),Political Party Committee,0.59,2025-09-30 00:00:00,Stripe.Com,South San Francisco,CA,94080,Bank Fees,Credit Card Fees
LIBERTY LEADERSHIP POLITICAL ACTION COMMITTEE,Political Committee,2900.0,2025-09-30 00:00:00,Kevin Grantham For Treasurer,Denver,CO,80205,Contributions,
LORENA FOR COLORADO LEADERSHIP FUND COMMITTEE,Political Committee,2.0,2025-09-30 00:00:00,First Bank,Denver,CO,80211,Bank Fees,
MAKE GREAT CHOICES PAC,Political Committee,1.0,2025-09-30 00:00:00,Actblue,Somerville,MA,02144,Fundraising Expenses,
MAKE GREAT CHOICES PAC,Political Committee,350.0,2025-09-30 00:00:00,Jessie Danielson For Colorado,Wheat Ridge,CO,80033,Contributions,
MAX PAC,Political Committee,2.0,2025-09-30 00:00:00,South State Bank,Castle Rock,CO,80104,Bank Fees,Paper Statement Fee
METRO HOUSING COALITION (MHC),Political Committee,750.0,2025-09-30 00:00:00,Michael For Arvada,Arvada,CO,80003,Contributions,Local Candidate Contribution
METRO HOUSING COALITION (MHC),Political Committee,450.0,2025-09-30 00:00:00,Reid For Ward 1,Aurora,CO,80015,Contributions,Local Candidate Contribution
METRO HOUSING COALITION (MHC),Political Committee,450.0,2025-09-30 00:00:00,Stephen Elkins For Ward 1,Aurora,CO,80011,Contributions,Local Candidate Contribution
METRO HOUSING COALITION (MHC),Political Committee,1000.0,2025-09-30 00:00:00,Committee To Elect Amsalu Kassaw,Aurora,CO,80046,Contributions,Local Candidate Contribution
METRO HOUSING COALITION (MHC),Political Committee,1000.0,2025-09-30 00:00:00,Danielle For Aurora,Aurora,CO,80014,Contributions,Local Candidate Contribution
METRO HOUSING COALITION (MHC),Political Committee,1000.0,2025-09-30 00:00:00,Andrews For Aurora,Aurora,CO,80011,Contributions,Local Candidate Contribution
METRO HOUSING COALITION (MHC),Political Committee,1160.0,2025-09-30 00:00:00,Guyleen For Broomfield Mayor,Broomfield,CO,80023,Contributions,Local Candidate Contribution
METRO HOUSING COALITION (MHC),Political Committee,750.0,2025-09-30 00:00:00,Twiss For Broomfield,Broomfield,CO,80020,Contributions,Local Candidate Contribution
METRO HOUSING COALITION (MHC),Political Committee,750.0,2025-09-30 00:00:00,Colin For Council,Broomfield,CO,80021,Contributions,Local Candidate Contribution
METRO HOUSING COALITION (MHC),Political Committee,750.0,2025-09-30 00:00:00,Crouse For Broomfield,Broomfield,CO,80020,Contributions,Local Candidate Contribution
METRO HOUSING COALITION (MHC),Political Committee,750.0,2025-09-30 00:00:00,Cohen For Council,Broomfield,CO,80020,Contributions,Local Candidate Contribution
METRO HOUSING COALITION (MHC),Political Committee,750.0,2025-09-30 00:00:00,Sean For Broomfield,Broomfield,CO,80023,Contributions,Local Candidate Contribution
METRO HOUSING COALITION (MHC),Political Committee,400.0,2025-09-30 00:00:00,Engerman 4 Mayor,Castle Pines,CO,80108,Contributions,Local Candidate Contribution
METRO HOUSING COALITION (MHC),Political Committee,1000.0,2025-09-30 00:00:00,Sweetland For Centennial,Centennial,CO,80161,Contributions,Local Candidate Contribution
METRO HOUSING COALITION (MHC),Political Committee,1000.0,2025-09-30 00:00:00,Don Sheehan For Centennial,Centennial,CO,80015,Contributions,Local Candidate Contribution
METRO HOUSING COALITION (MHC),Political Committee,750.0,2025-09-30 00:00:00,Ryan Dwiggins For Centennial,Centennial,CO,80112,Contributions,Local Candidate Contribution
METRO HOUSING COALITION (MHC),Political Committee,750.0,2025-09-30 00:00:00,Middleton 4Da,Centennial,CO,80015,Contributions,Local Candidate Contribution
METRO HOUSING COALITION (MHC),Political Committee,750.0,2025-09-30 00:00:00,Carrie For Centennial,Centennial,CO,80112,Contributions,Local Candidate Contribution
METRO HOUSING COALITION (MHC),Political Committee,375.0,2025-09-30 00:00:00,The Committee To Elect Jose Guardiola,Commerce City,CO,80640,Contributions,Local Candidate Contribution
METRO HOUSING COALITION (MHC),Political Committee,375.0,2025-09-30 00:00:00,Committee To Elect Joanna Sandoval,Commerce City,CO,80022,Contributions,Local Candidate Contribution
METRO HOUSING COALITION (MHC),Political Committee,375.0,2025-09-30 00:00:00,Lori For Commerce City,Commerce City,CO,80022,Contributions,Local Candidate Contribution
METRO HOUSING COALITION (MHC),Political Committee,375.0,2025-09-30 00:00:00,Stefanie Trujillo For Commerce City,Commerce City,CO,80037,Contributions,Local Candidate Contribution
METRO HOUSING COALITION (MHC),Political Committee,400.0,2025-09-30 00:00:00,Kyle For Littleton,Littleton,CO,80120,Contributions,Local Candidate Contribution
METRO HOUSING COALITION (MHC),Political Committee,400.0,2025-09-30 00:00:00,Joel For Littleton,Littleton,CO,80120,Contributions,Local Candidate Contribution
METRO HOUSING COALITION (MHC),Political Committee,400.0,2025-09-30 00:00:00,Stillwell 4 Littleton,Littleton,CO,80123,Contributions,Local Candidate Contribution
METRO HOUSING COALITION (MHC),Political Committee,400.0,2025-09-30 00:00:00,Amanda Henderson For Littleton,Littleton,CO,80120,Contributions,Local Candidate Contribution
METRO HOUSING COALITION (MHC),Political Committee,310.0,2025-09-30 00:00:00,Shakeel For Longmont,Longmont,CO,80501,Contributions,Local Candidate Contribution
METRO HOUSING COALITION (MHC),Political Committee,310.0,2025-09-30 00:00:00,Alex For Longmont,Longmont,CO,80501,Contributions,Local Candidate Contribution
METRO HOUSING COALITION (MHC),Political Committee,400.0,2025-09-30 00:00:00,Friends Of Eric Montoya,Thornton,CO,80229,Contributions,Local Candidate Contribution
METRO HOUSING COALITION (MHC),Political Committee,400.0,2025-09-30 00:00:00,Sam For Thornton,Thornton,CO,80241,Contributions,Local Candidate Contribution
METRO HOUSING COALITION (MHC),Political Committee,400.0,2025-09-30 00:00:00,Jason For Thornton,Thornton,CO,80241,Contributions,Local Candidate Contribution
METRO HOUSING COALITION (MHC),Political Committee,400.0,2025-09-30 00:00:00,Westminster4Demott,Westminster,CO,80021,Contributions,Local Candidate Contribution
METRO HOUSING COALITION (MHC),Political Committee,400.0,2025-09-30 00:00:00,Claire Carmelia For Westminster City Council,Westminster,CO,80031,Contributions,Local Candidate Contribution
METRO HOUSING COALITION (MHC),Political Committee,400.0,2025-09-30 00:00:00,Vote Obi For Westminster,Westminster,CO,80021,Contributions,Local Candidate Contribution
METRO HOUSING COALITION (MHC),Political Committee,400.0,2025-09-30 00:00:00,Jack For Westminster,Westminster,CO,80031,Contributions,Local Candidate Contribution
METRO HOUSING COALITION (MHC),Political Committee,400.0,2025-09-30 00:00:00,Committee To Elect Patrick Quinn,Wheat Ridge,CO,80033,Contributions,Local Candidate Contribution
MONICA PAC,Political Committee,2.0,2025-09-30 00:00:00,,,,,Bank Fees,
NAIOP COLORADO PAC,Political Committee,15.0,2025-09-30 00:00:00,1Stbank Of Denver,Denver,CO,80202,Bank Fees,
NAIOP COLORADO SMALL DONOR COMMITTEE,Small Donor Committee,15.0,2025-09-30 00:00:00,1Stbank Of Denver,Denver,CO,80202,Bank Fees,
NURSES FOR POLITCAL ACTION IN COLORADO (N-PAC),Political Committee,10.0,2025-09-30 00:00:00,Umb Bank,Denver,CO,80218,Bank Fees,
ODOPAC,Political Committee,50.0,2025-09-30 00:00:00,Heidi Henkel For Colorado,Broomfield,CO,80023,Contributions,
ODOPAC,Political Committee,100.0,2025-09-30 00:00:00,To Elect Michael Carter To Colorado State House District 36,Redacted By Sos,CO,99999,Contributions,
ODOPAC,Political Committee,50.0,2025-09-30 00:00:00,Gena Ozols For Hd3,Redacted By Sos,CO,99999,Contributions,
ODOPAC,Political Committee,50.0,2025-09-30 00:00:00,Citizens For Rich Kondo,Northglenn,CO,80233,Contributions,
ODOPAC,Political Committee,50.0,2025-09-30 00:00:00,Committee To Elect Joanna Sandoval,Commerce City,CO,80022,Contributions,
ODOPAC,Political Committee,50.0,2025-09-30 00:00:00,Lori For Commerce City,Commerce City,CO,80022,Contributions,
ODOPAC,Political Committee,50.0,2025-09-30 00:00:00,The Committee To Elect Jose Guardiola,Commerce City,CO,80216,Contributions,
ODOPAC,Political Committee,2.0,2025-09-30 00:00:00,First Bank,Thornton,CO,80233,Bank Fees,
ODOPAC,Political Committee,50.0,2025-09-30 00:00:00,Stefanie Trujillo For Commerce City,Commerce City,CO,80037,Contributions,
ORALE FUND,Political Committee,2.0,2025-09-30 00:00:00,Firstbank,Denver,CO,80203,Bank Fees,
ORALE FUND,Political Committee,450.0,2025-09-30 00:00:00,Gabriel For Colorado,Eastlake,CO,80614,Contributions,
PAC (POLITICAL ACTION COMMITTEE) TO THE FUTURE,Political Committee,2.0,2025-09-30 00:00:00,Firstbank,Lakewood,CO,80215,Bank Fees,
PADDEN PAC - SMALL DONOR COMMITTEE,Small Donor Committee,0.99,2025-09-30 00:00:00,,,,,Bank Fees,
PUBLIC EDUCATION COMMITTEE,Small Donor Committee,3000.0,2025-09-30 00:00:00,Justine For School Board,Mancos,CO,81328,Contributions,Candidate Contribution
REALTOR CANDIDATE POLITICAL ACTION COMMITTEE (RCPAC) - FKA: COLORADO ASSOCIATION OF REALTORS PAC (CO,Political Committee,25.0,2025-09-30 00:00:00,Firstbank,Lakewood,CO,80215,Bank Fees,Bank Fee
REALTOR SMALL DONOR COMMITTEE (RSDC),Small Donor Committee,25.0,2025-09-30 00:00:00,Firstbank,Lakewood,CO,80215,Bank Fees,Bank Fee
REBEKAH STEWART FOR COLORADO,Political Committee,2.7,2025-09-30 00:00:00,Actblue,Sommerville,MA,02144,Fundraising Expenses,Actblue Fees
RODRIGUEZ LEADERSHIP FUND,Political Committee,2.0,2025-09-30 00:00:00,First Bank,Lakewood,CO,80215,Bank Fees,
RODRIGUEZ LEADERSHIP FUND,Political Committee,450.0,2025-09-30 00:00:00,Dylan Roberts For Colorado,Redacted By Sos,CO,99999,Contributions,
RODRIGUEZ LEADERSHIP FUND,Political Committee,450.0,2025-09-30 00:00:00,Emily Sirota For Colorado,Redacted By Sos,CO,99999,Contributions,
RODRIGUEZ LEADERSHIP FUND,Political Committee,450.0,2025-09-30 00:00:00,Sullivan For Colorado,Centennial,CO,80015,Contributions,
RURAL LEADERSHIP POLITICAL ACTION COMMITTEE,Political Committee,2814.0,2025-09-30 00:00:00,Kevin Grantham For Treasurer,Denver,CO,80205,Contributions,
RURAL LIBERTY POLITICAL ACTION COMMITTEE,Political Committee,450.0,2025-09-30 00:00:00,Woodward For Colorado,Redacted By Sos,CO,99999,Contributions,
RURAL LIBERTY POLITICAL ACTION COMMITTEE,Political Committee,450.0,2025-09-30 00:00:00,Danielle For Sd 27,Aurora,CO,80016,Contributions,
RURAL LIBERTY POLITICAL ACTION COMMITTEE,Political Committee,450.0,2025-09-30 00:00:00,Carson For State Senate,Highlands Ranch,CO,80130-9998,Contributions,
SHEILA FOR COLORADO LEADERSHIP FUND,Political Committee,2.0,2025-09-30 00:00:00,First Bank,Lakewood,CO,80232,Bank Fees,Card Fee
SNYDER FOR COLORADO LEADERSHIP FUND,Political Committee,2.0,2025-09-30 00:00:00,First Bank,Lakewood,CO,80215,Bank Fees,
TAKE COLO BACK POLITICAL COMM,Political Committee,2.0,2025-09-30 00:00:00,First Bank,Brighton,CO,80601,Bank Fees,
TAMMY STORY LEADERSHIP FUND,Political Committee,200.0,2025-09-30 00:00:00,Friends To Elect Ilana Spiegel,Aurora,CO,80013,Contributions,
TAMMY STORY LEADERSHIP FUND,Political Committee,200.0,2025-09-30 00:00:00,Jessie  Danielson,Redacted By Sos,CO,99999,Contributions,
TAMMY STORY LEADERSHIP FUND,Political Committee,200.0,2025-09-30 00:00:00,Karla  Esser,Lakewood,CO,80228,Contributions,
TAMMY STORY LEADERSHIP FUND,Political Committee,100.0,2025-09-30 00:00:00,Gabriel  Cervantes,Thornton,CO,80241,Contributions,
TAMMY STORY LEADERSHIP FUND,Political Committee,200.0,2025-09-30 00:00:00,Michael  Dougherty,Boulder,CO,80302,Contributions,
TAMMY STORY LEADERSHIP FUND,Political Committee,250.0,2025-09-30 00:00:00,Philip  Weiser,Redacted By Sos,CO,99999,Contributions,
TAMMY STORY LEADERSHIP FUND,Political Committee,-100.0,2025-09-30 00:00:00,Gabriel  Cervantes,Thornton,CO,80241,Contributions,Offset Due To Update Of Filed Item
TAMMY STORY LEADERSHIP FUND,Political Committee,100.0,2025-09-30 00:00:00,Gabriel For Colorado,Eastlake,CO,80614,Contributions,
TAMMY STORY LEADERSHIP FUND,Political Committee,-200.0,2025-09-30 00:00:00,Michael  Dougherty,Boulder,CO,80302,Contributions,Offset Due To Update Of Filed Item
TAMMY STORY LEADERSHIP FUND,Political Committee,200.0,2025-09-30 00:00:00,Michael For Attorney General,Boulder,CO,80302,Contributions,
TAMMY STORY LEADERSHIP FUND,Political Committee,-250.0,2025-09-30 00:00:00,Philip  Weiser,Redacted By Sos,CO,99999,Contributions,Offset Due To Deletion Of Filed Item
TAMMY STORY LEADERSHIP FUND,Political Committee,250.0,2025-09-30 00:00:00,Phil Weiser For Colorado,Redacted By Sos,CO,99999,Contributions,
TAMMY STORY LEADERSHIP FUND,Political Committee,-200.0,2025-09-30 00:00:00,Karla  Esser,Lakewood,CO,80228,Contributions,Offset Due To Deletion Of Filed Item
TAMMY STORY LEADERSHIP FUND,Political Committee,200.0,2025-09-30 00:00:00,Coloradans For Karla Esser,Lakewood,CO,80228,Contributions,
TAMMY STORY LEADERSHIP FUND,Political Committee,-200.0,2025-09-30 00:00:00,Jessie  Danielson,Redacted By Sos,CO,99999,Contributions,Offset Due To Deletion Of Filed Item
TAMMY STORY LEADERSHIP FUND,Political Committee,200.0,2025-09-30 00:00:00,Jessie Danielson For Colorado,Wheat Ridge,CO,80033,Contributions,
THE COLEMAN LEADERSHIP FUND,Political Committee,4.0,2025-09-30 00:00:00,1St Bank,Denver,CO,80249,Bank Fees,
TWO RIVERS LEADERSHIP PAC,Political Committee,12.0,2025-09-30 00:00:00,,,,,Bank Fees,
VOICES FOR CHOICE SMALL DONOR COMMITTEE,Small Donor Committee,2.0,2025-09-30 00:00:00,,,,,Bank Fees,Bank Fees
WARRIOR PAC,Political Committee,17.25,2025-09-30 00:00:00,Actblue Technical Services,Somerville,MA,02144,Fundraising Expenses,
WE WIN LEADERSHIP PAC,Political Committee,200.53,2025-09-30 00:00:00,Actblue,Cambridge,MA,02138,Bank Fees,
WILEY WILL PAC,Political Committee,12.0,2025-09-30 00:00:00,First Bank,Denver,CO,80203,Bank Fees,
WOODROW LEADERSHIP PAC,Political Committee,14.0,2025-09-30 00:00:00,,,,,Bank Fees,
WOOG PAC,Political Committee,2.0,2025-09-30 00:00:00,First Bank North,Arvada,CO,80006,Bank Fees,
ZENPAC,Political Committee,50.0,2025-09-30 00:00:00,Austin Ward,Broomfield,CO,80021,Contributions,Austin Ward Broomfield City Council
ZENPAC,Political Committee,100.0,2025-09-30 00:00:00,Obi Ezeadi,Westminster,CO,80031,Contributions,Obi Ezeadi Westminster City Council
ZENPAC,Political Committee,50.0,2025-09-30 00:00:00,Heidi Henkel For Colorado,Broomfield,CO,80023,Contributions,
CITIZENS FOR SAFER SCHOOLS PAC,Political Committee,42.0,2025-10-01 00:00:00,"Wix, Inc",San Francisco,CA,94158,Consultant & Professional Services,Email
CITIZENS FOR SAFER SCHOOLS PAC,Political Committee,204.0,2025-10-01 00:00:00,"Out Of The Box Performance, Llc",Monument,CO,80132,Advertising,Website
COLORADO DEMOCRATIC PARTY,Political Party Committee,450.0,2025-10-01 00:00:00,Numero,Irvine,CA,92618,Other,Software License Fee
COLORADO BIOSCIENCE PAC,Political Committee,20.0,2024-10-02 00:00:00,Wells Fargo Bank,Denver,CO,80203,Bank Fees,
COLORADO DEMOCRATIC PARTY,Political Party Committee,94.11,2025-10-02 00:00:00,Domino'S Pizza,Denver,CO,80203,"Food, Beverages and Meals",Pizza For Meeting
COLORADO DEMOCRATIC PARTY,Political Party Committee,132.25,2025-10-02 00:00:00,Firstbank,Lakewood,CO,80215,Bank Fees,Bank Fees
COLORADO DEMOCRATIC PARTY,Political Party Committee,2808.92,2025-10-02 00:00:00,Nicholas  Paprocki,Thornton,CO,80229,Employee Services,Salary
COLORADO DEMOCRATIC PARTY,Political Party Committee,1132.63,2025-10-02 00:00:00,Paychex,Norristown,PA,19403,Employee Services,Payroll Taxes
COLORADO DEMOCRATIC PARTY,Political Party Committee,1307.65,2025-10-02 00:00:00,Paychex,Norristown,PA,19403,Employee Services,Payroll Taxes
COLORADO DEMOCRATIC PARTY,Political Party Committee,2549.41,2025-10-02 00:00:00,Chris P Rork,Denver,CO,80222,Employee Services,Salary
COLORADO DEMOCRATIC PARTY,Political Party Committee,2375.0,2025-10-02 00:00:00,Megghan  Stevens,Wheat Ridge,CO,80033,Consultant & Professional Services,Professional Services
COLORADO DEMOCRATIC PARTY,Political Party Committee,16.2,2025-10-02 00:00:00,,,,,Miscellaneous,Food And Beverage For Staff
COLORADO DEMOCRATIC PARTY,Political Party Committee,289.85,2025-10-03 00:00:00,Firstbank,Lakewood,CO,80215,Bank Fees,Bank Fees
COLORADO DEMOCRATIC PARTY,Political Party Committee,53.83,2025-10-03 00:00:00,Firstbank,Lakewood,CO,80215,Bank Fees,Bank Fees
COLORADO DEMOCRATIC PARTY,Political Party Committee,0.28,2025-10-03 00:00:00,Firstbank,Lakewood,CO,80215,Bank Fees,Bank Fees
PUBLIC EDUCATION COMMITTEE,Small Donor Committee,620.0,2025-10-03 00:00:00,,,,,Contributions,Contributions To Local Candidates In Longmont. (Jake Marsing And Susie Hidalgo-Fahring). Registered This Sdc W/ The City Of Longmont And Reported The Contributions Through Their System. Reporting Here So Balances Reconcile.
PUBLIC EDUCATION COMMITTEE,Small Donor Committee,1250.0,2025-10-03 00:00:00,Tommy Farrell For Pueblo D60 School Board,Pueblo,CO,81003,Other,In-Kind Of Campaign Management Services
PUBLIC EDUCATION COMMITTEE,Small Donor Committee,1250.0,2025-10-03 00:00:00,Committee To Elect Rae Carnevale For D60 School Board,Pueblo,CO,81004,Other,In-Kind Of Campaign Management Services
PUBLIC EDUCATION COMMITTEE,Small Donor Committee,1250.0,2025-10-03 00:00:00,Mark Emery For D70 School Board,Pueblo,CO,81006,Other,In-Kind Of Campaign Management Services
PUBLIC EDUCATION COMMITTEE,Small Donor Committee,1250.0,2025-10-03 00:00:00,Michelle Erickson For Pueblo,Pueblo,CO,81007,Other,In-Kind Of Campaign Management Services
PUBLIC EDUCATION COMMITTEE,Small Donor Committee,2000.0,2025-10-03 00:00:00,Charles 4 D11,Colorado Springs,CO,80910,Other,In-Kind Of Campaign Management Services
PUBLIC EDUCATION COMMITTEE,Small Donor Committee,2000.0,2025-10-03 00:00:00,Elect Michael Carsten,Redacted By Sos,CO,99999,Other,In-Kind Of Campaign Management Services
PUBLIC EDUCATION COMMITTEE,Small Donor Committee,2000.0,2025-10-03 00:00:00,Leann 4 D11,Colorado Springs,CO,80903,Other,In-Kind Of Campaign Management Services
PUBLIC EDUCATION COMMITTEE,Small Donor Committee,1000.0,2025-10-03 00:00:00,Starr For Students,Henderson,CO,80640-9360,Other,In-Kind Of Campaign Management Services
PUBLIC EDUCATION COMMITTEE,Small Donor Committee,1000.0,2025-10-03 00:00:00,Ashley Conn For 27J,Commerce City,CO,80022,Other,In-Kind Of Campaign Management Services
PUBLIC EDUCATION COMMITTEE,Small Donor Committee,1000.0,2025-10-03 00:00:00,Ramon Alvarado For 27J,Commerce City,CO,80022,Other,In-Kind Of Campaign Management Services
PUBLIC EDUCATION COMMITTEE,Small Donor Committee,1000.0,2025-10-03 00:00:00,Together With Tracie,Thornton,CO,80602,Other,In-Kind Of Campaign Management Services
AGRICULTURE PAC,Political Committee,-350.0,2023-10-04 00:00:00,Committee To Elect Barbara Kirkmeyer To State Senate,Brighton,CO,80603,Contributions,Offset Due To Deletion Of Filed Item
DEMOCRATIC PARTY CONGRESSIONAL DISTRICT 4 COLORADO,Political Party Committee,0.4,2025-10-05 00:00:00,Actblue Technical Services,Somerville,MA,02144,Other,Cc Processing Fee
ADAMS EDUCATORS FOR PUBLIC EDUCATION,Small Donor Committee,77.89,2025-10-06 00:00:00,,,,,Other,Intuit
COLORADO DEMOCRATIC PARTY,Political Party Committee,88.33,2025-10-06 00:00:00,Google,Mountain View,CA,94043,Miscellaneous,Software License Fee
COLORADO DEMOCRATIC PARTY,Political Party Committee,130.53,2025-10-06 00:00:00,Google,Mountain View,CA,94043,Office Equipment & Supplies,Software Subscription
DEMOCRATIC PARTY CONGRESSIONAL DISTRICT 4 COLORADO,Political Party Committee,34.0,2025-10-06 00:00:00,Atlassian (Jira),Mountain View,CA,94041,Advertising,Jira S/W Support
DEMOCRATIC PARTY CONGRESSIONAL DISTRICT 4 COLORADO,Political Party Committee,1.02,2025-10-06 00:00:00,Us Bank,Parker,CO,80134,Other,Cc Processing Fee
ODOPAC,Political Committee,50.0,2025-10-06 00:00:00,Sarah Nurmela For Westminster City Council,Westminster,CO,80031,Contributions,
ODOPAC,Political Committee,50.0,2025-10-06 00:00:00,Jack For Westminster,Westminster,CO,80031,Contributions,
ODOPAC,Political Committee,100.0,2025-10-06 00:00:00,Sarah Nurmela For Westminster City Council,Westminster,CO,80031,Contributions,
ADAMS EDUCATORS FOR PUBLIC EDUCATION,Small Donor Committee,2500.0,2025-10-07 00:00:00,Tracy  Alvarado,Thornton,CO,80602,Contributions,
ADAMS EDUCATORS FOR PUBLIC EDUCATION,Small Donor Committee,34.01,2025-10-08 00:00:00,,,,,Bank Fees,Check Order
CITIZENS FOR SAFER SCHOOLS PAC,Political Committee,291.0,2025-10-08 00:00:00,"Out Of The Box Performance, Llc",Monument,CO,80132,Advertising,Youtube Advertising
CITIZENS FOR SAFER SCHOOLS PAC,Political Committee,20.3,2025-10-08 00:00:00,"Anedot, Inc.",Dallas,TX,75206,Bank Fees,Cc Transaction Fee
PUBLIC EDUCATION COMMITTEE,Small Donor Committee,500.0,2025-10-09 00:00:00,Tammy For Re1 School Board,Carbondale,CO,81623,Contributions,Candidate Contribution
PUBLIC EDUCATION COMMITTEE,Small Donor Committee,500.0,2025-10-09 00:00:00,Kuhlenberg For Rfsd 2025,Basalt,CO,81621,Contributions,Candidate Contribution
PUBLIC EDUCATION COMMITTEE,Small Donor Committee,3333.34,2025-10-09 00:00:00,Supporters Of Andrea For Durango 9-R,Durango,CO,81301,Contributions,Candidate Contribution
PUBLIC EDUCATION COMMITTEE,Small Donor Committee,3333.33,2025-10-09 00:00:00,Citizens For Erika Brown,Durango,CO,81301,Contributions,Candidate Contribution
PUBLIC EDUCATION COMMITTEE,Small Donor Committee,3333.33,2025-10-09 00:00:00,Rick Petersen For 9R School Board,Durango,CO,81301,Contributions,Candidate Contribution
PUBLIC EDUCATION COMMITTEE,Small Donor Committee,2500.0,2025-10-09 00:00:00,Anderssen 4 Lps School Board Alps,Centennial,CO,80121,Contributions,Candidate Contribution
PUBLIC EDUCATION COMMITTEE,Small Donor Committee,625.0,2025-10-09 00:00:00,Robyn Roggy For School Board,Greeley,CO,80634,Contributions,Candidate Contribution
PUBLIC EDUCATION COMMITTEE,Small Donor Committee,625.0,2025-10-09 00:00:00,Committee To Elect Weston Edmunds,Greeley,CO,80634,Contributions,Candidate Contribution
PUBLIC EDUCATION COMMITTEE,Small Donor Committee,625.0,2025-10-09 00:00:00,Committee To Elect Deana Lemos-Garcia,Greeley,CO,80634,Contributions,Candidate Contribution
MAXIM HEALTHCARE SERVICES INC POLITICAL ACTION COMMITTEE (MAXIM HEALTHCARE PAC),Political Committee,-450.0,2024-10-10 00:00:00,Julie For Colorado,Denver,CO,80211,Contributions,Offset Due To Update Of Filed Item - Political Contribution
MAXIM HEALTHCARE SERVICES INC POLITICAL ACTION COMMITTEE (MAXIM HEALTHCARE PAC),Political Committee,450.0,2024-10-10 00:00:00,Mccluskie For Colorado,Redacted By Sos,CO,99999,Contributions,Political Contribution
MEGHAN LUKENS FOR CO LEADERSHIP PAC,Political Committee,450.0,2024-10-10 00:00:00,Tisha Mauro,Pueblo,CO,81006,Contributions,Committee To Electtisha Mauro For State House District 46
COLORADO WINS SDC,Small Donor Committee,-725.0,2024-10-11 00:00:00,Dafna Michaelson Jenet For Sd21,Commerce City,CO,80022,Returned Expenditure,Data Entry Error Duplicate Entry
PIPEFITTERS LOCAL 208 POLITICAL EDUCATION COMMITTEE,Small Donor Committee,-500.0,2024-10-11 00:00:00,Jeff Bridges For Colorado,Greenwood Village,CO,80111,Contributions,Offset Due To Deletion Of Filed Item - Jeff Bridges For Colorado
THE JCEA SMALL DONOR COMMITTEE (JEFFERSON COUNTY EDUCATION ASSN.),Small Donor Committee,8000.0,2025-10-11 00:00:00,Tina For Jeffco Schools,Redacted By Sos,CO,99999,Contributions,
THE JCEA SMALL DONOR COMMITTEE (JEFFERSON COUNTY EDUCATION ASSN.),Small Donor Committee,8000.0,2025-10-11 00:00:00,Peter For Jeffco Schools,Redacted By Sos,CO,99999,Contributions,
PUEBLO COUNTY EDUCATION ASSOCIATION SMALL DONOR COMMITTEE (PCEA SDC),Small Donor Committee,-1000.0,2022-10-12 00:00:00,Tisha Mauro,Pueblo,CO,81006,Contributions,Offset Due To Update Of Filed Item - Campaign Contribution To Tisha Mauro.
PUEBLO COUNTY EDUCATION ASSOCIATION SMALL DONOR COMMITTEE (PCEA SDC),Small Donor Committee,1000.0,2022-10-12 00:00:00,Tisha Mauro,Pueblo,CO,81006,Contributions,Campaign Contribution To Tisha Mauro.
DEMOCRATIC PARTY CONGRESSIONAL DISTRICT 4 COLORADO,Political Party Committee,1.19,2025-10-12 00:00:00,Actblue Technical Services,Somerville,MA,02144,Other,Cc Processing Fee
DEMOCRATIC PARTY CONGRESSIONAL DISTRICT 4 COLORADO,Political Party Committee,33.56,2024-10-13 00:00:00,Actblue Technical Services,Somerville,MA,02144,Other,Cc Processing Fee
CITIZENS FOR SAFER SCHOOLS PAC,Political Committee,480.0,2025-10-14 00:00:00,"Out Of The Box Performance, Llc",Monument,CO,80132,Advertising,"Digital Advertising, Youtube, Display"
COLORADO DEMOCRATIC PARTY,Political Party Committee,40.65,2025-10-14 00:00:00,Amazon,Seattle,WA,98108,Miscellaneous,Cleaning Supplies For River Cleanup
COLORADO DEMOCRATIC PARTY,Political Party Committee,26.5,2025-10-14 00:00:00,Mailchimp,Atlanta,GA,30308,Other,Subscription Fee
COLORADO DEMOCRATIC PARTY,Political Party Committee,37.09,2025-10-14 00:00:00,Zoom,San Jose,CA,95113,Other,Web Conferencing Services
DCTA FUND (FORMERLY POLITICAL ACTION COMMITTEE),Small Donor Committee,2000.0,2025-10-14 00:00:00,Ike For Adams 12 School Board,Redacted By Sos,CO,99999,Contributions,Contribution
DCTA FUND (FORMERLY POLITICAL ACTION COMMITTEE),Small Donor Committee,2000.0,2025-10-14 00:00:00,Amira Assad-Lucas For Adams 12 School Board,Thornton,CO,80229,Contributions,Contribution
DCTA FUND (FORMERLY POLITICAL ACTION COMMITTEE),Small Donor Committee,4000.0,2025-10-14 00:00:00,Tina For Jeffco Schools,Redacted By Sos,CO,99999,Contributions,Contribution
DCTA FUND (FORMERLY POLITICAL ACTION COMMITTEE),Small Donor Committee,4000.0,2025-10-14 00:00:00,Peter For Jeffco Schools,Redacted By Sos,CO,99999,Contributions,Contribution
DEMOCRATIC PARTY CONGRESSIONAL DISTRICT 4 COLORADO,Political Party Committee,27.4,2025-10-14 00:00:00,Intuit Quickbooks,Mountain View,CA,94043,Fundraising Expenses,Monthly Fee
PUBLIC EDUCATION COMMITTEE,Small Donor Committee,750.0,2025-10-14 00:00:00,Starr For Students,Henderson,CO,80640-9360,Contributions,Digital Production In-Kind
PUBLIC EDUCATION COMMITTEE,Small Donor Committee,750.0,2025-10-14 00:00:00,Ashley Conn For 27J,Commerce City,CO,80022,Contributions,Digital Production In-Kind
PUBLIC EDUCATION COMMITTEE,Small Donor Committee,750.0,2025-10-14 00:00:00,Ramon Alvarado For 27J,Commerce City,CO,80022,Contributions,Digital Production In-Kind
PUBLIC EDUCATION COMMITTEE,Small Donor Committee,2250.0,2025-10-14 00:00:00,Michelle For Wsd3 School Board,Fountain,CO,80817,Contributions,Digital Ads And Production In-Kind
PUBLIC EDUCATION COMMITTEE,Small Donor Committee,2250.0,2025-10-14 00:00:00,Dolphin For Colorado,Colorado Springs,CO,80911,Contributions,Digital Ads And Production In-Kind
PUBLIC EDUCATION COMMITTEE,Small Donor Committee,5750.0,2025-10-14 00:00:00,Michelle Erickson For Pueblo,Pueblo,CO,81007,Contributions,Digital Ads And Production In-Kind
PUBLIC EDUCATION COMMITTEE,Small Donor Committee,5750.0,2025-10-14 00:00:00,Mark Emery For D70 School Board,Pueblo,CO,81006,Contributions,Digital Ads And Production In-Kind
PUBLIC EDUCATION COMMITTEE,Small Donor Committee,5750.0,2025-10-14 00:00:00,Committee To Elect Rae Carnevale For D60 School Board,Pueblo,CO,81004,Contributions,Digital Ads And Production In-Kind
PUBLIC EDUCATION COMMITTEE,Small Donor Committee,5750.0,2025-10-14 00:00:00,Tommy Farrell For Pueblo D60 School Board,Pueblo,CO,81003,Contributions,Digital Ads And Production In-Kind
PUBLIC EDUCATION COMMITTEE,Small Donor Committee,750.0,2025-10-14 00:00:00,Vicki Woods For D51 School Board,Grand Junction,CO,81504,Contributions,Digital Production In-Kind
PUBLIC EDUCATION COMMITTEE,Small Donor Committee,750.0,2025-10-14 00:00:00,Kaci Cole For D51 School Board,Grand Junction,CO,81504,Contributions,Digital Production In-Kind
PUBLIC EDUCATION COMMITTEE,Small Donor Committee,750.0,2025-10-14 00:00:00,Southwest For Sochi,Redacted By Sos,CO,99999,Contributions,Digital Production In-Kind
PUBLIC EDUCATION COMMITTEE,Small Donor Committee,750.0,2025-10-14 00:00:00,Monica For Denver,Redacted By Sos,CO,99999,Contributions,Digital Production In-Kind
PUBLIC EDUCATION COMMITTEE,Small Donor Committee,750.0,2025-10-14 00:00:00,Amy 4 Denver,Denver,CO,80220,Contributions,Digital Production In-Kind
PUBLIC EDUCATION COMMITTEE,Small Donor Committee,750.0,2025-10-14 00:00:00,Dj For Denver,Denver,CO,80224,Contributions,Digital Production In-Kind
PUBLIC EDUCATION COMMITTEE,Small Donor Committee,6750.0,2025-10-14 00:00:00,Leann 4 D11,Colorado Springs,CO,80903,Contributions,Digital Ads And Production In-Kind
PUBLIC EDUCATION COMMITTEE,Small Donor Committee,6750.0,2025-10-14 00:00:00,Elect Michael Carsten,Redacted By Sos,CO,99999,Contributions,Digital Ads And Production In-Kind
PUBLIC EDUCATION COMMITTEE,Small Donor Committee,6750.0,2025-10-14 00:00:00,Charles 4 D11,Colorado Springs,CO,80910,Contributions,Digital Ads And Production In-Kind
PUBLIC EDUCATION COMMITTEE,Small Donor Committee,750.0,2025-10-14 00:00:00,Carla Braddy For Canon City School Board,Canon City,CO,81212,Contributions,Digital Production In-Kind
PUBLIC EDUCATION COMMITTEE,Small Donor Committee,750.0,2025-10-14 00:00:00,Committee To Elect Kenneth Todd Albrecht To Canon City Schools Board Of Education,Canon City,CO,81212,Contributions,Digital Production In-Kind
PUBLIC EDUCATION COMMITTEE,Small Donor Committee,2416.67,2025-10-14 00:00:00,Elect Jenna Stites,Colorado Springs,CO,80924,Contributions,Digital Ads And Production In-Kind
PUBLIC EDUCATION COMMITTEE,Small Donor Committee,2416.67,2025-10-14 00:00:00,Committee To Elect Ren…E Ludlam To D20,Colorado Springs,CO,80919,Contributions,Digital Ads And Production In-Kind
PUBLIC EDUCATION COMMITTEE,Small Donor Committee,2416.66,2025-10-14 00:00:00,Committee To Elect Brandon Clark,Colorado Springs,CO,80908,Contributions,Digital Ads And Production In-Kind
PUBLIC EDUCATION COMMITTEE,Small Donor Committee,4083.34,2025-10-14 00:00:00,Scholl For Thompson School District,Loveland,CO,80538,Contributions,Digital Ads And Production In-Kind
PUBLIC EDUCATION COMMITTEE,Small Donor Committee,4083.33,2025-10-14 00:00:00,Alexandra Lessem For Thompson School Board,Loveland,CO,80537,Contributions,Digital Ads And Production In-Kind
PUBLIC EDUCATION COMMITTEE,Small Donor Committee,4083.33,2025-10-14 00:00:00,Dmitri Atrash,Loveland,CO,80538,Contributions,Digital Ads And Production In-Kind
PUBLIC EDUCATION COMMITTEE,Small Donor Committee,3250.0,2025-10-14 00:00:00,Together With Tracie,Thornton,CO,80602,Contributions,Digital Ads And Production In-Kind
PUBLIC EDUCATION COMMITTEE,Small Donor Committee,400.0,2025-10-14 00:00:00,Kuhlenberg For Rfsd 2025,Basalt,CO,81621,Other,Voter File Access
PUBLIC EDUCATION COMMITTEE,Small Donor Committee,400.0,2025-10-14 00:00:00,Tammy For Re1 School Board,Carbondale,CO,81623,Other,Voter File Access
THE JCEA SMALL DONOR COMMITTEE (JEFFERSON COUNTY EDUCATION ASSN.),Small Donor Committee,2000.0,2025-10-14 00:00:00,Dj For Denver,Denver,CO,80224,Contributions,
THE JCEA SMALL DONOR COMMITTEE (JEFFERSON COUNTY EDUCATION ASSN.),Small Donor Committee,2000.0,2025-10-14 00:00:00,Monica For Denver,Redacted By Sos,CO,99999,Contributions,
THE JCEA SMALL DONOR COMMITTEE (JEFFERSON COUNTY EDUCATION ASSN.),Small Donor Committee,2000.0,2025-10-14 00:00:00,Amy 4 Denver,Denver,CO,80220,Contributions,
THE JCEA SMALL DONOR COMMITTEE (JEFFERSON COUNTY EDUCATION ASSN.),Small Donor Committee,2000.0,2025-10-14 00:00:00,Southwest For Sochi,Redacted By Sos,CO,99999,Contributions,
EDIE HOOTON LEADERSHIP FUND,Political Committee,11.83,2024-10-15 00:00:00,Firstbank,Boulder,CO,80301,Bank Fees,
ADAMS EDUCATORS FOR PUBLIC EDUCATION,Small Donor Committee,6250.0,2025-10-15 00:00:00,Ike For Adams 12 School Board,Redacted By Sos,CO,99999,Contributions,In Kind Donation
ADAMS EDUCATORS FOR PUBLIC EDUCATION,Small Donor Committee,6250.0,2025-10-15 00:00:00,Amira Assad-Lucas For Adams 12 School Board,Thornton,CO,80229,Contributions,In-Kind Donation
DISTRICT TWELVE EDUCATORS ASSOCIATION POLITICA ACTION COMMITTEE FOR EDUCATION,Political Committee,2500.0,2025-10-15 00:00:00,Ike For Adams 12 School Board,Redacted By Sos,CO,99999,Contributions,In-Kind Donation
DISTRICT TWELVE EDUCATORS ASSOCIATION POLITICA ACTION COMMITTEE FOR EDUCATION,Political Committee,2500.0,2025-10-15 00:00:00,Amira Assad-Lucas For Adams 12 School Board,Thornton,CO,80229,Contributions,In-Kind Donation
DISTRICT TWELVE EDUCATORS ASSOCIATION POLITICA ACTION COMMITTEE FOR EDUCATION,Political Committee,2000.0,2025-10-15 00:00:00,Dj For Denver,Denver,CO,80224,Contributions,
DISTRICT TWELVE EDUCATORS ASSOCIATION POLITICA ACTION COMMITTEE FOR EDUCATION,Political Committee,2000.0,2025-10-15 00:00:00,Monica For Denver,Redacted By Sos,CO,99999,Contributions,
DISTRICT TWELVE EDUCATORS ASSOCIATION POLITICA ACTION COMMITTEE FOR EDUCATION,Political Committee,2000.0,2025-10-15 00:00:00,Amy 4 Denver,Denver,CO,80220,Contributions,
DISTRICT TWELVE EDUCATORS ASSOCIATION POLITICA ACTION COMMITTEE FOR EDUCATION,Political Committee,2000.0,2025-10-15 00:00:00,Southwest For Sochi,Redacted By Sos,CO,99999,Contributions,
IAFF #3 SMALL DONOR ACCOUNT,Small Donor Committee,400.0,2023-10-16 00:00:00,,,,,Entertainment,Pueblo Latino Chamber Dinner
AURORA COUNCIL FOR TEACHERS & STUDENTS (ACTS),Small Donor Committee,5909.0,2025-10-16 00:00:00,Tramaine Duncan For School Board,Aurora,CO,80010,Other,In Kind Mailers
AURORA COUNCIL FOR TEACHERS & STUDENTS (ACTS),Small Donor Committee,5909.0,2025-10-16 00:00:00,Charrier,Aurora,CO,80018,Other,In Kind Mailers
AURORA COUNCIL FOR TEACHERS & STUDENTS (ACTS),Small Donor Committee,5909.0,2025-10-16 00:00:00,Anne Keke For Kids,Aurora,CO,80017,Other,In Kind Mailers
AURORA COUNCIL FOR TEACHERS & STUDENTS (ACTS),Small Donor Committee,5909.0,2025-10-16 00:00:00,Kristin For Aps,Aurora,CO,80017,Other,In Kind Mailers
COLORADO DEMOCRATIC PARTY,Political Party Committee,22.25,2025-10-16 00:00:00,Express Toll,Aurora,CO,80018,Travel & Lodging,Toll
COLORADO DEMOCRATIC PARTY,Political Party Committee,26.5,2025-10-16 00:00:00,Squarespace,New York,NY,10014,Office Equipment & Supplies,Website Hosting Fee
COMMUNICATIONS WORKERS OF AMERICA COMMITTEE ON POLITICAL EDUCATION - POLITICAL CONTRIBUTIONS COMMITT,Political Committee,1000.0,2025-10-16 00:00:00,Southwest For Sochi,Redacted By Sos,CO,99999,Contributions,
COMMUNICATIONS WORKERS OF AMERICA COMMITTEE ON POLITICAL EDUCATION - POLITICAL CONTRIBUTIONS COMMITT,Political Committee,400.0,2025-10-16 00:00:00,Committee To Elect Randy Moorman,Arvada,CO,80005,Contributions,
COMMUNICATIONS WORKERS OF AMERICA COMMITTEE ON POLITICAL EDUCATION - POLITICAL CONTRIBUTIONS COMMITT,Political Committee,400.0,2025-10-16 00:00:00,Gianina For Aurora,Aurora,CO,80010,Contributions,
COMMUNICATIONS WORKERS OF AMERICA COMMITTEE ON POLITICAL EDUCATION - POLITICAL CONTRIBUTIONS COMMITT,Political Committee,400.0,2025-10-16 00:00:00,Amy For Aurora,Aurora,CO,80018,Contributions,
COMMUNICATIONS WORKERS OF AMERICA COMMITTEE ON POLITICAL EDUCATION - POLITICAL CONTRIBUTIONS COMMITT,Political Committee,400.0,2025-10-16 00:00:00,Committee To Elect Cherish Salazar,Thornton,CO,80260,Contributions,
COMMUNICATIONS WORKERS OF AMERICA COMMITTEE ON POLITICAL EDUCATION - POLITICAL CONTRIBUTIONS COMMITT,Political Committee,400.0,2025-10-16 00:00:00,Friends Of John Alge,Thornton,CO,80229,Contributions,
COMMUNICATIONS WORKERS OF AMERICA COMMITTEE ON POLITICAL EDUCATION - POLITICAL CONTRIBUTIONS COMMITT,Political Committee,500.0,2025-10-16 00:00:00,Charrier,Aurora,CO,80018,Contributions,
COMMUNICATIONS WORKERS OF AMERICA COMMITTEE ON POLITICAL EDUCATION - POLITICAL CONTRIBUTIONS COMMITT,Political Committee,500.0,2025-10-16 00:00:00,Kristin For Aps,Aurora,CO,80017,Contributions,
COMMUNICATIONS WORKERS OF AMERICA COMMITTEE ON POLITICAL EDUCATION - POLITICAL CONTRIBUTIONS COMMITT,Political Committee,500.0,2025-10-16 00:00:00,Tramaine Duncan For School Board,Aurora,CO,80010,Contributions,
COMMUNICATIONS WORKERS OF AMERICA COMMITTEE ON POLITICAL EDUCATION - POLITICAL CONTRIBUTIONS COMMITT,Political Committee,1000.0,2025-10-16 00:00:00,Dj For Denver,Denver,CO,80224,Contributions,
PUBLIC EDUCATION COMMITTEE,Small Donor Committee,21609.5,2025-10-16 00:00:00,Tina For Jeffco Schools,Redacted By Sos,CO,99999,Contributions,Digital Ads In-Kind
PUBLIC EDUCATION COMMITTEE,Small Donor Committee,21609.5,2025-10-16 00:00:00,Peter For Jeffco Schools,Redacted By Sos,CO,99999,Contributions,Digital Ads In-Kind
COLORADO DEMOCRATIC PARTY,Political Party Committee,2814.66,2025-10-17 00:00:00,Nicholas  Paprocki,Thornton,CO,80229,Employee Services,Salary
COLORADO DEMOCRATIC PARTY,Political Party Committee,1122.12,2025-10-17 00:00:00,Paychex,Norristown,PA,19403,Employee Services,Payroll Taxes
COLORADO DEMOCRATIC PARTY,Political Party Committee,1301.91,2025-10-17 00:00:00,Paychex,Norristown,PA,19403,Employee Services,Payroll Taxes
COLORADO DEMOCRATIC PARTY,Political Party Committee,2600.17,2025-10-17 00:00:00,Chris P Rork,Denver,CO,80222,Employee Services,Salary
DCTA FUND (FORMERLY POLITICAL ACTION COMMITTEE),Small Donor Committee,10665.85,2025-10-17 00:00:00,Southwest For Sochi,Redacted By Sos,CO,99999,Contributions,Contribution
DCTA FUND (FORMERLY POLITICAL ACTION COMMITTEE),Small Donor Committee,14680.85,2025-10-17 00:00:00,Amy 4 Denver,Denver,CO,80220,Contributions,Contribution
DCTA FUND (FORMERLY POLITICAL ACTION COMMITTEE),Small Donor Committee,14680.85,2025-10-17 00:00:00,Dj For Denver,Denver,CO,80224,Contributions,Contribution
DCTA FUND (FORMERLY POLITICAL ACTION COMMITTEE),Small Donor Committee,14680.85,2025-10-17 00:00:00,Monica For Denver,Redacted By Sos,CO,99999,Contributions,Contribution
SAINT VRAIN VALLEY EDUCATION ASSOCIATION (SVVEA) FUND-SMALL DONOR COMMITTEE (SVVEA FUND-SMALL DONOR,Small Donor Committee,10.0,2025-10-17 00:00:00,,,,,Other,Every Member Option Refund
COLORADO CLEANTECH PAC,Political Committee,200.0,2022-10-18 00:00:00,Lynch For Colorado,Wellington,CO,80549,Contributions,
FOOTHILLS REPUBLICANS,Political Committee,682.0,2023-10-18 00:00:00,Jayson C Leyh,Denver,CO,80247,Other,Reimburse Jayson C. Leyh For October Meeting Expenses
CHEYENNE MOUNTAIN REPUBLICAN FORUM POLITICAL COMMITTEE,Political Committee,200.0,2025-10-18 00:00:00,Committee To Elect Janna Blanter,Colorado Springs,CO,80906,Contributions,Campaign Donation
MAKE GREAT CHOICES PAC,Political Committee,10.08,2024-10-20 00:00:00,Actblue,Somerville,MA,02144,Fundraising Expenses,
TAMMY STORY LEADERSHIP FUND,Political Committee,38.52,2024-10-20 00:00:00,Actblue,Sommerville,MA,02144,Fundraising Expenses,
COLORADO DEMOCRATIC PARTY,Political Party Committee,15.0,2025-10-20 00:00:00,,,,,Miscellaneous,Subscription
DCTA FUND (FORMERLY POLITICAL ACTION COMMITTEE),Small Donor Committee,2500.0,2025-10-20 00:00:00,Terry Bates For Cherry Creek Schools,Denver,CO,80206,Contributions,Contribution
DCTA FUND (FORMERLY POLITICAL ACTION COMMITTEE),Small Donor Committee,2500.0,2025-10-20 00:00:00,Mike Hamrick For Ccsd,Centennial,CO,80016,Contributions,Contribution
DCTA FUND (FORMERLY POLITICAL ACTION COMMITTEE),Small Donor Committee,400.0,2025-10-20 00:00:00,Committee To Elect Rae Carnevale For D60 School Board,Pueblo,CO,81004,Contributions,Contribution
DCTA FUND (FORMERLY POLITICAL ACTION COMMITTEE),Small Donor Committee,400.0,2025-10-20 00:00:00,Tommy Farrell For Pueblo D60 School Board,Pueblo,CO,81003,Contributions,Contribution
LITTLETON FUND FOR CHILDREN AND PUBLIC EDUCATION (L.F.C.P.E.),Small Donor Committee,2000.0,2025-10-20 00:00:00,Monica For Denver,Redacted By Sos,CO,99999,Contributions,Candidate Contribution
PUEBLO EDUCATION ASSOCIATION SMALL DONOR COMMITTEE (PEA-SDC),Small Donor Committee,100.0,2025-10-20 00:00:00,,,,,Other,Payment For Late Filing Fee For 9/29/25
SAINT VRAIN VALLEY EDUCATION ASSOCIATION (SVVEA) FUND-SMALL DONOR COMMITTEE (SVVEA FUND-SMALL DONOR,Small Donor Committee,500.0,2025-10-20 00:00:00,Dj For Denver,Denver,CO,80224,Contributions,Dr. Dj Torres For Denver
SAINT VRAIN VALLEY EDUCATION ASSOCIATION (SVVEA) FUND-SMALL DONOR COMMITTEE (SVVEA FUND-SMALL DONOR,Small Donor Committee,500.0,2025-10-20 00:00:00,Monica For Denver,Redacted By Sos,CO,99999,Contributions,Monica For Denver
SAINT VRAIN VALLEY EDUCATION ASSOCIATION (SVVEA) FUND-SMALL DONOR COMMITTEE (SVVEA FUND-SMALL DONOR,Small Donor Committee,500.0,2025-10-20 00:00:00,Amy 4 Denver,Denver,CO,80220,Contributions,Amy For Denver
SAINT VRAIN VALLEY EDUCATION ASSOCIATION (SVVEA) FUND-SMALL DONOR COMMITTEE (SVVEA FUND-SMALL DONOR,Small Donor Committee,500.0,2025-10-20 00:00:00,Southwest For Sochi,Redacted By Sos,CO,99999,Contributions,Southwest For Sochi
AURORA COUNCIL FOR TEACHERS & STUDENTS (ACTS),Small Donor Committee,300.0,2025-10-21 00:00:00,Anne Keke For Kids,Aurora,CO,80017,Other,In Kind Consulting Services
AURORA COUNCIL FOR TEACHERS & STUDENTS (ACTS),Small Donor Committee,300.0,2025-10-21 00:00:00,Charrier,Aurora,CO,80018,Other,In Kind For Consulting Services
AURORA COUNCIL FOR TEACHERS & STUDENTS (ACTS),Small Donor Committee,300.0,2025-10-21 00:00:00,Kristin For Aps,Aurora,CO,80017,Other,In Kind For Consulting Services
AURORA COUNCIL FOR TEACHERS & STUDENTS (ACTS),Small Donor Committee,300.0,2025-10-21 00:00:00,Tramaine Duncan For School Board,Aurora,CO,80010,Other,In Kind For Consulting Fees
AURORA COUNCIL FOR TEACHERS & STUDENTS (ACTS),Small Donor Committee,2500.0,2025-10-21 00:00:00,Anne Keke For Kids,Aurora,CO,80017,Other,In Kind For Consulting Fees
AURORA COUNCIL FOR TEACHERS & STUDENTS (ACTS),Small Donor Committee,2500.0,2025-10-21 00:00:00,Charrier,Aurora,CO,80018,Other,In Kind For Consulting Fees
AURORA COUNCIL FOR TEACHERS & STUDENTS (ACTS),Small Donor Committee,2500.0,2025-10-21 00:00:00,Kristin For Aps,Aurora,CO,80017,Other,In Kind Consulting Fees
AURORA COUNCIL FOR TEACHERS & STUDENTS (ACTS),Small Donor Committee,2500.0,2025-10-21 00:00:00,Tramaine Duncan For School Board,Aurora,CO,80010,Other,In Kind Consulting Fees
BRIGHTON EDUCATION ASSOCIATION PAC,Political Committee,250.0,2025-10-21 00:00:00,Monica For Denver,Redacted By Sos,CO,99999,Contributions,
BRIGHTON EDUCATION ASSOCIATION PAC,Political Committee,250.0,2025-10-21 00:00:00,Amy 4 Denver,Denver,CO,80220,Contributions,
COMMUNICATIONS WORKERS OF AMERICA COMMITTEE ON POLITICAL EDUCATION - POLITICAL CONTRIBUTIONS COMMITT,Political Committee,400.0,2025-10-21 00:00:00,Pat Quinn For Wheat Ridge District 3,Wheat Ridge,CO,80033,Contributions,
DCTA FUND (FORMERLY POLITICAL ACTION COMMITTEE),Small Donor Committee,107.5,2025-10-21 00:00:00,Amy 4 Denver,Denver,CO,80220,Contributions,In-Kinding For Campaign Management Services
DCTA FUND (FORMERLY POLITICAL ACTION COMMITTEE),Small Donor Committee,107.05,2025-10-21 00:00:00,Dj For Denver,Denver,CO,80224,Contributions,In-Kinding For Campaign Management Services
DCTA FUND (FORMERLY POLITICAL ACTION COMMITTEE),Small Donor Committee,107.05,2025-10-21 00:00:00,Monica For Denver,Redacted By Sos,CO,99999,Contributions,In-Kinding For Campaign Management Service
DCTA FUND (FORMERLY POLITICAL ACTION COMMITTEE),Small Donor Committee,107.05,2025-10-21 00:00:00,Southwest For Sochi,Redacted By Sos,CO,99999,Contributions,In-Kinding For Campaign Management Services
DCTA FUND (FORMERLY POLITICAL ACTION COMMITTEE),Small Donor Committee,43.1,2025-10-21 00:00:00,Dj For Denver,Denver,CO,80224,Contributions,In-Kinding For Campaign Management Services
DCTA FUND (FORMERLY POLITICAL ACTION COMMITTEE),Small Donor Committee,43.1,2025-10-21 00:00:00,Amy 4 Denver,Denver,CO,80220,Contributions,In-Kinding For Campaign Management Services
DCTA FUND (FORMERLY POLITICAL ACTION COMMITTEE),Small Donor Committee,43.1,2025-10-21 00:00:00,Monica For Denver,Redacted By Sos,CO,99999,Contributions,In-Kinding For Campaign Management Services
DCTA FUND (FORMERLY POLITICAL ACTION COMMITTEE),Small Donor Committee,43.1,2025-10-21 00:00:00,Southwest For Sochi,Redacted By Sos,CO,99999,Contributions,In-Kinding For Campaign Management Services
DCTA FUND (FORMERLY POLITICAL ACTION COMMITTEE),Small Donor Committee,2000.0,2025-10-21 00:00:00,Anderssen 4 Lps School Board Alps,Centennial,CO,80121,Contributions,Contribution
DCTA FUND (FORMERLY POLITICAL ACTION COMMITTEE),Small Donor Committee,1000.0,2025-10-21 00:00:00,Together With Tracie,Thornton,CO,80602,Contributions,Contribution
PUBLIC EDUCATION COMMITTEE,Small Donor Committee,3499.67,2025-10-21 00:00:00,Michelle For Wsd3 School Board,Fountain,CO,80817,Contributions,Mail Program In-Kind
PUBLIC EDUCATION COMMITTEE,Small Donor Committee,3499.67,2025-10-21 00:00:00,Dolphin For Colorado,Colorado Springs,CO,80911,Contributions,Mail Program In-Kind
PUBLIC EDUCATION COMMITTEE,Small Donor Committee,10953.83,2025-10-21 00:00:00,Michelle Erickson For Pueblo,Pueblo,CO,81007,Contributions,Mail Program In-Kind
PUBLIC EDUCATION COMMITTEE,Small Donor Committee,10953.83,2025-10-21 00:00:00,Mark Emery For D70 School Board,Pueblo,CO,81006,Contributions,Mail Program In-Kind
PUBLIC EDUCATION COMMITTEE,Small Donor Committee,11019.17,2025-10-21 00:00:00,Committee To Elect Rae Carnevale For D60 School Board,Pueblo,CO,81004,Contributions,Mail Program In-Kind
PUBLIC EDUCATION COMMITTEE,Small Donor Committee,11019.17,2025-10-21 00:00:00,Tommy Farrell For Pueblo D60 School Board,Pueblo,CO,81003,Contributions,Mail Program In-Kind
PUBLIC EDUCATION COMMITTEE,Small Donor Committee,8299.67,2025-10-21 00:00:00,Leann 4 D11,Colorado Springs,CO,80903,Contributions,Mail Program In-Kind
PUBLIC EDUCATION COMMITTEE,Small Donor Committee,8299.67,2025-10-21 00:00:00,Elect Michael Carsten,Redacted By Sos,CO,99999,Contributions,Mail Program In-Kind
PUBLIC EDUCATION COMMITTEE,Small Donor Committee,8299.67,2025-10-21 00:00:00,Charles 4 D11,Colorado Springs,CO,80910,Contributions,Mail Program In-Kind
PUBLIC EDUCATION COMMITTEE,Small Donor Committee,3999.67,2025-10-21 00:00:00,Elect Jenna Stites,Colorado Springs,CO,80924,Contributions,Mail Program In-Kind
PUBLIC EDUCATION COMMITTEE,Small Donor Committee,3999.67,2025-10-21 00:00:00,Committee To Elect Ren…E Ludlam To D20,Colorado Springs,CO,80919,Contributions,Mail Program In-Kind
PUBLIC EDUCATION COMMITTEE,Small Donor Committee,3999.67,2025-10-21 00:00:00,Committee To Elect Brandon Clark,Colorado Springs,CO,80908,Contributions,Mail Program In-Kind
PUBLIC EDUCATION COMMITTEE,Small Donor Committee,12583.33,2025-10-21 00:00:00,Vicki Woods For D51 School Board,Grand Junction,CO,81504,Contributions,Mail Program In-Kind
PUBLIC EDUCATION COMMITTEE,Small Donor Committee,12583.33,2025-10-21 00:00:00,Kaci Cole For D51 School Board,Grand Junction,CO,81504,Contributions,Mail Program In-Kind
PUBLIC EDUCATION COMMITTEE,Small Donor Committee,18767.0,2025-10-21 00:00:00,Monica For Denver,Redacted By Sos,CO,99999,Contributions,Mail Program In-Kind
PUBLIC EDUCATION COMMITTEE,Small Donor Committee,11366.0,2025-10-21 00:00:00,Amy 4 Denver,Denver,CO,80220,Contributions,Mail Program In-Kind
PUBLIC EDUCATION COMMITTEE,Small Donor Committee,16367.0,2025-10-21 00:00:00,Dj For Denver,Denver,CO,80224,Contributions,Mail Program In-Kind
PUBLIC EDUCATION COMMITTEE,Small Donor Committee,22250.0,2025-10-21 00:00:00,Southwest For Sochi,Redacted By Sos,CO,99999,Contributions,Mail Program In-Kind
PUBLIC EDUCATION COMMITTEE,Small Donor Committee,5000.0,2025-10-21 00:00:00,Amira Assad-Lucas For Adams 12 School Board,Thornton,CO,80229,Contributions,Mail Program In-Kind
PUBLIC EDUCATION COMMITTEE,Small Donor Committee,5000.0,2025-10-21 00:00:00,Ike For Adams 12 School Board,Redacted By Sos,CO,99999,Contributions,Mail Program In-Kind
PUBLIC EDUCATION COMMITTEE,Small Donor Committee,16741.67,2025-10-21 00:00:00,Together With Tracie,Thornton,CO,80602,Contributions,Mail Program In-Kind
PUBLIC EDUCATION COMMITTEE,Small Donor Committee,-12583.33,2025-10-21 00:00:00,Kaci Cole For D51 School Board,Grand Junction,CO,81504,Contributions,Offset Due To Update Of Filed Item - Mail Program In-Kind
PUBLIC EDUCATION COMMITTEE,Small Donor Committee,12583.0,2025-10-21 00:00:00,Kaci Cole For D51 School Board,Grand Junction,CO,81504,Contributions,Mail Program In-Kind
PUBLIC EDUCATION COMMITTEE,Small Donor Committee,-16367.0,2025-10-21 00:00:00,Dj For Denver,Denver,CO,80224,Contributions,Offset Due To Update Of Filed Item - Mail Program In-Kind
PUBLIC EDUCATION COMMITTEE,Small Donor Committee,16366.67,2025-10-21 00:00:00,Dj For Denver,Denver,CO,80224,Contributions,Mail Program In-Kind
ONE COLORADO PAC,Political Committee,1200.0,2024-10-22 00:00:00,Committee To Elect Daneya Esgar,Pueblo,CO,81004,Donation for Independent Expenditures,
COLORADO DEMOCRATIC PARTY,Political Party Committee,1125.0,2025-10-22 00:00:00,Megghan  Stevens,Wheat Ridge,CO,80033,Consultant & Professional Services,Professional Services
MESA VALLEY EDUCATION ASSOCIATION SDC,Small Donor Committee,29.0,2025-10-22 00:00:00,Mike Rathbone For D51,Grand Junction,CO,81501,Advertising,Creation Of Campaign Flyers
MESA VALLEY EDUCATION ASSOCIATION SDC,Small Donor Committee,161.8,2025-10-22 00:00:00,Mike Rathbone For D51,Grand Junction,CO,81501,Advertising,Postage
MESA VALLEY EDUCATION ASSOCIATION SDC,Small Donor Committee,29.0,2025-10-22 00:00:00,Kaci Cole For D51 School Board,Grand Junction,CO,81504,Advertising,Creation Of Campaign Flyers
MESA VALLEY EDUCATION ASSOCIATION SDC,Small Donor Committee,161.8,2025-10-22 00:00:00,Kaci Cole For D51 School Board,Grand Junction,CO,81504,Advertising,Postage
MESA VALLEY EDUCATION ASSOCIATION SDC,Small Donor Committee,29.0,2025-10-22 00:00:00,Vicki Woods For D51 School Board,Grand Junction,CO,81504,Advertising,Creation Of Campaign Flyers
MESA VALLEY EDUCATION ASSOCIATION SDC,Small Donor Committee,161.8,2025-10-22 00:00:00,Vicki Woods For D51 School Board,Grand Junction,CO,81504,Advertising,Postage
PIKES PEAK SMALL DONOR COMMITTEE (PPSDC),Small Donor Committee,2000.0,2025-10-22 00:00:00,Superior Blue,Woodbridge,VA,22192,Consultant & Professional Services,"Mail, Postage"
PIKES PEAK SMALL DONOR COMMITTEE (PPSDC),Small Donor Committee,1000.0,2025-10-22 00:00:00,Michelle For Wsd3 School Board,Fountain,CO,80817,Advertising,Print/Postage
PIKES PEAK SMALL DONOR COMMITTEE (PPSDC),Small Donor Committee,1000.0,2025-10-22 00:00:00,Dolphin For Colorado,Colorado Springs,CO,80911,Other,"Print, Postage"
PUEBLO EDUCATION ASSOCIATION SMALL DONOR COMMITTEE (PEA-SDC),Small Donor Committee,2000.0,2025-10-22 00:00:00,Tommy Farrell For Pueblo D60 School Board,Pueblo,CO,81003,Contributions,
PUEBLO EDUCATION ASSOCIATION SMALL DONOR COMMITTEE (PEA-SDC),Small Donor Committee,2000.0,2025-10-22 00:00:00,Committee To Elect Rae Carnevale For D60 School Board,Pueblo,CO,81004,Contributions,
PUEBLO EDUCATION ASSOCIATION SMALL DONOR COMMITTEE (PEA-SDC),Small Donor Committee,200.0,2025-10-22 00:00:00,Dj For Denver,Denver,CO,80224,Contributions,
PUEBLO EDUCATION ASSOCIATION SMALL DONOR COMMITTEE (PEA-SDC),Small Donor Committee,200.0,2025-10-22 00:00:00,Monica For Denver,Redacted By Sos,CO,99999,Contributions,
PUEBLO EDUCATION ASSOCIATION SMALL DONOR COMMITTEE (PEA-SDC),Small Donor Committee,200.0,2025-10-22 00:00:00,Amy 4 Denver,Denver,CO,80220,Contributions,
PUEBLO EDUCATION ASSOCIATION SMALL DONOR COMMITTEE (PEA-SDC),Small Donor Committee,200.0,2025-10-22 00:00:00,Southwest For Sochi,Redacted By Sos,CO,99999,Contributions,
THE JCEA SMALL DONOR COMMITTEE (JEFFERSON COUNTY EDUCATION ASSN.),Small Donor Committee,9000.0,2025-10-22 00:00:00,Tina For Jeffco Schools,Redacted By Sos,CO,99999,Contributions,
THE JCEA SMALL DONOR COMMITTEE (JEFFERSON COUNTY EDUCATION ASSN.),Small Donor Committee,9000.0,2025-10-22 00:00:00,Peter For Jeffco Schools,Redacted By Sos,CO,99999,Contributions,
"AMERICAN FEDERATION OF STATE, COUNTY AND MUNICIPAL EMPLOYEES",Small Donor Committee,725.0,2025-10-23 00:00:00,Exum Leadership Fund,Redacted By Sos,CO,99999,Contributions,
"AMERICAN FEDERATION OF STATE, COUNTY AND MUNICIPAL EMPLOYEES",Small Donor Committee,725.0,2025-10-23 00:00:00,Cathy Kipp For Colorado Leadership Fund,Fort Collins,CO,80525,Contributions,
"AMERICAN FEDERATION OF STATE, COUNTY AND MUNICIPAL EMPLOYEES",Small Donor Committee,500.0,2025-10-23 00:00:00,Ball For All Leadership Fund,Denver,CO,80203,Contributions,
"AMERICAN FEDERATION OF STATE, COUNTY AND MUNICIPAL EMPLOYEES",Small Donor Committee,725.0,2025-10-23 00:00:00,The Coleman Leadership Fund,Denver,CO,80249,Contributions,
"AMERICAN FEDERATION OF STATE, COUNTY AND MUNICIPAL EMPLOYEES",Small Donor Committee,500.0,2025-10-23 00:00:00,Katie Pac,Redacted By Sos,CO,99999,Contributions,
"AMERICAN FEDERATION OF STATE, COUNTY AND MUNICIPAL EMPLOYEES",Small Donor Committee,500.0,2025-10-23 00:00:00,Iman For Colorado Leadership Fund,Aurora,CO,80012,Contributions,
"AMERICAN FEDERATION OF STATE, COUNTY AND MUNICIPAL EMPLOYEES",Small Donor Committee,500.0,2025-10-23 00:00:00,Sullivan For Colorado,Centennial,CO,80015,Contributions,
"AMERICAN FEDERATION OF STATE, COUNTY AND MUNICIPAL EMPLOYEES",Small Donor Committee,725.0,2025-10-23 00:00:00,Chris Kolker Leadership Fund,Centennial,CO,80122,Contributions,
"AMERICAN FEDERATION OF STATE, COUNTY AND MUNICIPAL EMPLOYEES",Small Donor Committee,725.0,2025-10-23 00:00:00,Tammy Story Leadership Fund,Evergreen,CO,80439,Contributions,
"AMERICAN FEDERATION OF STATE, COUNTY AND MUNICIPAL EMPLOYEES",Small Donor Committee,500.0,2025-10-23 00:00:00,Mauro Leadership Fund,Pueblo,CO,81006,Contributions,
"AMERICAN FEDERATION OF STATE, COUNTY AND MUNICIPAL EMPLOYEES",Small Donor Committee,500.0,2025-10-23 00:00:00,Yara Leadership Fund,Fort Collins,CO,80528,Contributions,
"AMERICAN FEDERATION OF STATE, COUNTY AND MUNICIPAL EMPLOYEES",Small Donor Committee,725.0,2025-10-23 00:00:00,Hamrick Leadership Fund,Centennial,CO,80016,Contributions,
AURORA COUNCIL FOR TEACHERS & STUDENTS (ACTS),Small Donor Committee,300.0,2025-10-23 00:00:00,Anne Keke For Kids,Aurora,CO,80017,Other,In Kind Consulting
AURORA COUNCIL FOR TEACHERS & STUDENTS (ACTS),Small Donor Committee,300.0,2025-10-23 00:00:00,Charrier,Aurora,CO,80018,Other,In Kind Consultng
AURORA COUNCIL FOR TEACHERS & STUDENTS (ACTS),Small Donor Committee,300.0,2025-10-23 00:00:00,Kristin For Aps,Aurora,CO,80017,Other,In Kind Consulting
AURORA COUNCIL FOR TEACHERS & STUDENTS (ACTS),Small Donor Committee,300.0,2025-10-23 00:00:00,Tramaine Duncan For School Board,Aurora,CO,80010,Other,In Kind Consulting
DCTA FUND (FORMERLY POLITICAL ACTION COMMITTEE),Small Donor Committee,2000.0,2025-10-23 00:00:00,Deann Bucher For Boulder Valley School Board Committee,Louisville,CO,80027,Contributions,Campaign Support
PIKES PEAK SMALL DONOR COMMITTEE (PPSDC),Small Donor Committee,1000.0,2025-10-23 00:00:00,Chris Harrell For D49,Colorado Springs,CO,80922,Contributions,
PIKES PEAK SMALL DONOR COMMITTEE (PPSDC),Small Donor Committee,1000.0,2025-10-23 00:00:00,H Withers Campaign,Colorado Springs,CO,80922-1616,Contributions,
PIKES PEAK SMALL DONOR COMMITTEE (PPSDC),Small Donor Committee,1000.0,2025-10-23 00:00:00,Jackie Burhans For D38 School Board,Monument,CO,80132,Contributions,
PUBLIC EDUCATION COMMITTEE,Small Donor Committee,1000.0,2025-10-23 00:00:00,Michelle For Wsd3 School Board,Fountain,CO,80817,Contributions,Candidate Contribution
PUBLIC EDUCATION COMMITTEE,Small Donor Committee,900.0,2025-10-23 00:00:00,H Withers Campaign,Colorado Springs,CO,80922-1616,Other,In-Kind For Digital Ads
COLORADO DEMOCRATIC PARTY,Political Party Committee,120.66,2025-10-24 00:00:00,Mailchimp,Atlanta,GA,30308,Other,Subscription Fee
350 COLORADO ACTION PAC,Political Committee,-225.0,2024-10-25 00:00:00,Jenny Willford For Colorado,Northglenn,CO,80234,Contributions,Offset Due To Update Of Filed Item
YARA LEADERSHIP FUND,Political Committee,250.0,2024-10-25 00:00:00,Committee To Elect Gordon Mclaughlin,Redacted By Sos,CO,80000,Contributions,
DEMOCRATIC PARTY CONGRESSIONAL DISTRICT 4 COLORADO,Political Party Committee,4.15,2025-10-26 00:00:00,Actblue Technical Services,Somerville,MA,02144,Other,Cc Processing Fees
"AMERICAN FEDERATION OF STATE, COUNTY AND MUNICIPAL EMPLOYEES",Small Donor Committee,500.0,2025-10-27 00:00:00,Boston At Large,Pueblo,CO,81008,Contributions,
"AMERICAN FEDERATION OF STATE, COUNTY AND MUNICIPAL EMPLOYEES",Small Donor Committee,500.0,2025-10-27 00:00:00,Tommy Farrell For Pueblo D60 School Board,Pueblo,CO,81003,Contributions,
"AMERICAN FEDERATION OF STATE, COUNTY AND MUNICIPAL EMPLOYEES",Small Donor Committee,500.0,2025-10-27 00:00:00,Harper For Pueblo,Pueblo,CO,81004,Contributions,
"AMERICAN FEDERATION OF STATE, COUNTY AND MUNICIPAL EMPLOYEES",Small Donor Committee,500.0,2025-10-27 00:00:00,Estrada For Effective Change,Pueblo,CO,81008,Contributions,
"AMERICAN FEDERATION OF STATE, COUNTY AND MUNICIPAL EMPLOYEES",Small Donor Committee,500.0,2025-10-27 00:00:00,Vote Obi For Westminster,Westminster,CO,80021,Contributions,
"AMERICAN FEDERATION OF STATE, COUNTY AND MUNICIPAL EMPLOYEES",Small Donor Committee,400.0,2025-10-27 00:00:00,Patrick Quinn For Wheat Ridge District 3,Wheat Ridge,CO,80033,Contributions,
"AMERICAN FEDERATION OF STATE, COUNTY AND MUNICIPAL EMPLOYEES",Small Donor Committee,500.0,2025-10-27 00:00:00,Committee To Elect Rae Carnevale For D60 School Board,Pueblo,CO,81004,Contributions,
SAINT VRAIN VALLEY EDUCATION ASSOCIATION (SVVEA) FUND-SMALL DONOR COMMITTEE (SVVEA FUND-SMALL DONOR,Small Donor Committee,400.0,2025-10-27 00:00:00,Hadley For St Vrain,Niwot,CO,80503,Contributions,Voter File Access For The Entire Election Cycle.
FRIENDS OF JUNIE JOSEPH LEADERSHIP FUND,Political Committee,-19.8,2024-10-28 00:00:00,First Bank,Boulder,CO,80303,Bank Fees,Offset Due To Update Of Filed Item
JUDY AMABILE LEADERSHIP FUND,Political Committee,450.0,2024-10-28 00:00:00,Vote Vivian,Durango,CO,81301,Contributions,
JUDY AMABILE LEADERSHIP FUND,Political Committee,200.0,2024-10-28 00:00:00,Committee To Elect Gordon Mclaughlin,Redacted By Sos,CO,80000,Contributions,
JUDY AMABILE LEADERSHIP FUND,Political Committee,200.0,2024-10-28 00:00:00,Bob 4 Colorado,Highlands Ranch,CO,80126,Contributions,
JUDY AMABILE LEADERSHIP FUND,Political Committee,200.0,2024-10-28 00:00:00,The Committee To Elect Matt Johnston,Brighton,CO,80601,Contributions,
APARTMENT ASSOCIATION OF METRO DENVER POLITICAL COMMITTEE,Political Committee,450.0,2025-10-28 00:00:00,Stephen Elkin For Ward 1,Aurora,CO,80111,Contributions,Municipal Candidate Contiribution
APARTMENT ASSOCIATION OF METRO DENVER POLITICAL COMMITTEE,Political Committee,450.0,2025-10-28 00:00:00,Reid For Ward 1,Aurora,CO,80018,Contributions,Municipal Candidate Contiribution
APARTMENT ASSOCIATION OF METRO DENVER POLITICAL COMMITTEE,Political Committee,450.0,2025-10-28 00:00:00,Steve Sundberg For Aurora Ward Ii,Aurora,CO,80018,Contributions,Municipal Candidate Contiribution
APARTMENT ASSOCIATION OF METRO DENVER POLITICAL COMMITTEE,Political Committee,450.0,2025-10-28 00:00:00,Marsha 4 City Council,Aurora,CO,80047,Contributions,Municipal Candidate Contiribution
APARTMENT ASSOCIATION OF METRO DENVER POLITICAL COMMITTEE,Political Committee,450.0,2025-10-28 00:00:00,Committee To Elect Amsalu Kassaw,Aurora,CO,80046,Contributions,Municipal Candidate Contiribution
APARTMENT ASSOCIATION OF METRO DENVER POLITICAL COMMITTEE,Political Committee,450.0,2025-10-28 00:00:00,Danielle For Aurora,Aurora,CO,80014,Contributions,Municipal Candidate Contiribution
APARTMENT ASSOCIATION OF METRO DENVER POLITICAL COMMITTEE,Political Committee,400.0,2025-10-28 00:00:00,Gregory Mills For Mayor,Brighton,CO,80601,Contributions,Municipal Candidate Contiribution
APARTMENT ASSOCIATION OF METRO DENVER POLITICAL COMMITTEE,Political Committee,1000.0,2025-10-28 00:00:00,Guyleen For Broomfield Mayor,Broomfield,CO,80023,Contributions,Municipal Candidate Contiribution
APARTMENT ASSOCIATION OF METRO DENVER POLITICAL COMMITTEE,Political Committee,1000.0,2025-10-28 00:00:00,Don Sheehan For Centennial,Centennial,CO,80015,Contributions,Municipal Candidate Contiribution
APARTMENT ASSOCIATION OF METRO DENVER POLITICAL COMMITTEE,Political Committee,1000.0,2025-10-28 00:00:00,Sweetland For Centennial,Centennial,CO,80161,Contributions,Municipal Candidate Contiribution
APARTMENT ASSOCIATION OF METRO DENVER POLITICAL COMMITTEE,Political Committee,500.0,2025-10-28 00:00:00,Friends Of Robyn Carnes,Centennial,CO,80112,Contributions,Municipal Candidate Contribution
APARTMENT ASSOCIATION OF METRO DENVER POLITICAL COMMITTEE,Political Committee,500.0,2025-10-28 00:00:00,Carrie For Centennial,Centennial,CO,80112,Contributions,Municipal Candidate Contribution
APARTMENT ASSOCIATION OF METRO DENVER POLITICAL COMMITTEE,Political Committee,500.0,2025-10-28 00:00:00,Middleton 4D4,Centennial,CO,80015,Contributions,Municipal Candidate Contribution
APARTMENT ASSOCIATION OF METRO DENVER POLITICAL COMMITTEE,Political Committee,400.0,2025-10-28 00:00:00,The Committee To Elect Jose Guardiola,Commerce City,CO,80022,Contributions,Municipal Candidate Contribution
APARTMENT ASSOCIATION OF METRO DENVER POLITICAL COMMITTEE,Political Committee,400.0,2025-10-28 00:00:00,Committtee To Elect Joanna Sandoval,Commerce City,CO,80022,Contributions,Municipal Candidate Contribution
APARTMENT ASSOCIATION OF METRO DENVER POLITICAL COMMITTEE,Political Committee,400.0,2025-10-28 00:00:00,Lori For Commerce City,Commerce City,CO,80022,Contributions,Municipal Candidate Contribution
APARTMENT ASSOCIATION OF METRO DENVER POLITICAL COMMITTEE,Political Committee,400.0,2025-10-28 00:00:00,Stefanie Trujillo For Commerce City,Commerce City,CO,80037,Contributions,Municipal Candidate Contribution
APARTMENT ASSOCIATION OF METRO DENVER POLITICAL COMMITTEE,Political Committee,400.0,2025-10-28 00:00:00,Friends Of Eric Montoya,Thornton,CO,80229,Contributions,Municipal Candidate Contribution
APARTMENT ASSOCIATION OF METRO DENVER POLITICAL COMMITTEE,Political Committee,400.0,2025-10-28 00:00:00,Samforthornton,Thornton,CO,80241,Contributions,Municipal Candidate Contribution
APARTMENT ASSOCIATION OF METRO DENVER POLITICAL COMMITTEE,Political Committee,400.0,2025-10-28 00:00:00,Jason For Thornton,Thornton,CO,80241,Contributions,Municipal Candidate Contribution
APARTMENT ASSOCIATION OF METRO DENVER POLITICAL COMMITTEE,Political Committee,400.0,2025-10-28 00:00:00,Westminster4Demott,Westminster,CO,80021,Contributions,Municipal Candidate Contribution
"EVERYTOWN FOR GUN SAFETY ACTION FUND, INC. PAC (EVERYTOWN PAC)",Political Committee,500.0,2025-10-28 00:00:00,Anne Keke For Kids,Aurora,CO,80017,Contributions,Contribution
"EVERYTOWN FOR GUN SAFETY ACTION FUND, INC. PAC (EVERYTOWN PAC)",Political Committee,500.0,2025-10-28 00:00:00,Guyleen For Broomfield Mayor,Broomfield,CO,80020,Contributions,Contribution
PUBLIC EDUCATION COMMITTEE,Small Donor Committee,2000.0,2025-10-28 00:00:00,Chris Harrell For D49,Colorado Springs,CO,80922,Other,In-Kind For Digital Ads
MAKE GREAT CHOICES PAC,Political Committee,300.0,2024-10-29 00:00:00,Committee To Elect Marc Snyder,Manitou Springs,CO,80829,Contributions,
SAINT VRAIN VALLEY EDUCATION ASSOCIATION (SVVEA) FUND-SMALL DONOR COMMITTEE (SVVEA FUND-SMALL DONOR,Small Donor Committee,40.45,2025-10-29 00:00:00,,,,,Office Equipment & Supplies,Purchase Of Paper Checks
YARA LEADERSHIP FUND,Political Committee,150.0,2024-10-30 00:00:00,Meghan Lukens For Colorado,Redacted By Sos,CO,99999,Contributions,
COLORADO LEAGUE OF CHARTER SCHOOLS ACTION SMALL DONOR COMMITTEE (CLCS ACTION SDC),Small Donor Committee,-10.0,2025-10-30 00:00:00,Firstbank,Denver,CO,80203,Returned Expenditure,Partial Refund Of Service Charge
COMMUNICATIONS WORKERS OF AMERICA COMMITTEE ON POLITICAL EDUCATION - POLITICAL CONTRIBUTIONS COMMITT,Political Committee,400.0,2025-10-30 00:00:00,Durrell For Centennial City Council,Centennial,CO,80015,Contributions,Contribution
COMMUNICATIONS WORKERS OF AMERICA COMMITTEE ON POLITICAL EDUCATION - POLITICAL CONTRIBUTIONS COMMITT,Political Committee,400.0,2025-10-30 00:00:00,Ashish  Vaidya,Redacted By Sos,CO,99999,Contributions,Contribution
COMMUNICATIONS WORKERS OF AMERICA COMMITTEE ON POLITICAL EDUCATION - POLITICAL CONTRIBUTIONS COMMITT,Political Committee,400.0,2025-10-30 00:00:00,Cindy Sandhu For Centennial City Council,Centennial,CO,80121,Contributions,Contribution
COMMUNICATIONS WORKERS OF AMERICA COMMITTEE ON POLITICAL EDUCATION - POLITICAL CONTRIBUTIONS COMMITT,Political Committee,400.0,2025-10-30 00:00:00,Sweetland For Centennial,Centennial,CO,80161,Contributions,Contribution
DCTA FUND (FORMERLY POLITICAL ACTION COMMITTEE),Small Donor Committee,2334.0,2025-10-30 00:00:00,Monica For Denver,Redacted By Sos,CO,99999,Contributions,In Kinding For Campaign Management Services
DCTA FUND (FORMERLY POLITICAL ACTION COMMITTEE),Small Donor Committee,2334.0,2025-10-30 00:00:00,Amy 4 Denver,Denver,CO,80220,Contributions,Inkinding For Campaign Management Services
DCTA FUND (FORMERLY POLITICAL ACTION COMMITTEE),Small Donor Committee,2334.0,2025-10-30 00:00:00,Dj For Denver,Denver,CO,80224,Contributions,Inkinding For Campaign Management Services
DCTA FUND (FORMERLY POLITICAL ACTION COMMITTEE),Small Donor Committee,7002.0,2025-10-30 00:00:00,Brian  Courtney,Denver,CO,80246,Consultant & Professional Services,Campaign Management
"EVERYTOWN FOR GUN SAFETY ACTION FUND, INC. PAC (EVERYTOWN PAC)",Political Committee,250.0,2025-10-30 00:00:00,Deann Bucher For Boulder Valley School Board Committee,Louisville,CO,80027,Contributions,Contribution
POUDRE EDUCATION ASSOCIATION FOR CHILDREN AND PUBLIC EDUCATION,Small Donor Committee,3300.0,2025-10-30 00:00:00,Jonah  Salehi,Fort Collins,CO,80521,Employee Services,Campaign Manager
PUBLIC EDUCATION COMMITTEE,Small Donor Committee,1700.0,2025-10-30 00:00:00,Charles 4 D11,Colorado Springs,CO,80910,Other,In-Kind For Digital Ads
PUBLIC EDUCATION COMMITTEE,Small Donor Committee,1700.0,2025-10-30 00:00:00,Elect Michael Carsten,Redacted By Sos,CO,99999,Other,In-Kind For Digital Ads
PUBLIC EDUCATION COMMITTEE,Small Donor Committee,1700.0,2025-10-30 00:00:00,Leann 4 D11,Colorado Springs,CO,80903,Other,In-Kind For Digital Ads
PUBLIC EDUCATION COMMITTEE,Small Donor Committee,1000.0,2025-10-30 00:00:00,Charles 4 D11,Colorado Springs,CO,80910,Other,In-Kind For Campaign Management
PUBLIC EDUCATION COMMITTEE,Small Donor Committee,1000.0,2025-10-30 00:00:00,Leann 4 D11,Colorado Springs,CO,80903,Other,In-Kind For Campaign Management
PUBLIC EDUCATION COMMITTEE,Small Donor Committee,1000.0,2025-10-30 00:00:00,Elect Michael Carsten,Redacted By Sos,CO,99999,Other,In-Kind For Campaign Management
PROGRESSIVE VALUES SDC,Small Donor Committee,8.0,2020-10-31 00:00:00,First Bank,Denver,CO,80222,Bank Fees,Bank Fees For July-October 2020
COLORADO CLEANTECH PAC,Political Committee,10.0,2024-10-31 00:00:00,Wells Fargo,Denver,CO,80202,Bank Fees,Bank Fees
GREENCO PC,Political Committee,5.0,2024-10-31 00:00:00,Firstbank,Glendale,CO,80246,Bank Fees,Entered Late Because The Bank Said They Weren'T Going To Charge Us And Then Did.
MAKE GREAT CHOICES PAC,Political Committee,450.0,2024-10-31 00:00:00,Kolker For Colorado,Centennial,CO,80122,Contributions,
MAKE GREAT CHOICES PAC,Political Committee,450.0,2024-10-31 00:00:00,Coloradans For Cole Buerger,Glenwood Springs,CO,81601,Contributions,
ADAMS EDUCATORS FOR PUBLIC EDUCATION,Small Donor Committee,5.0,2025-10-31 00:00:00,,,,,Bank Fees,Bank Fee
COLORADO DEMOCRATIC PARTY,Political Party Committee,2.0,2025-10-31 00:00:00,Firstbank,Lakewood,CO,80215,Bank Fees,Bank Fees
COLORADO DEMOCRATIC PARTY,Political Party Committee,8.0,2025-10-31 00:00:00,Firstbank,Lakewood,CO,80215,Bank Fees,Bank Fees
COLORADO DEMOCRATIC PARTY,Political Party Committee,2.0,2025-10-31 00:00:00,Firstbank,Lakewood,CO,80215,Bank Fees,Bank Fees
ODOPAC,Political Committee,2.0,2025-10-31 00:00:00,First Bank,Thornton,CO,80233,Bank Fees,
MAKE GREAT CHOICES PAC,Political Committee,200.0,2024-11-01 00:00:00,Jody For Larimer County Commissioner,Loveland,CO,80537,Contributions,
WEST METRO FIRE FIGHTERS SMALL DONOR COMMITTEE,Small Donor Committee,1500.0,2025-11-01 00:00:00,Duran For Colorado,Superior,CO,80027,Contributions,Campaign Contribution
YARA LEADERSHIP FUND,Political Committee,50.22,2024-11-02 00:00:00,Actblue,Somerville,MA,02144,Fundraising Expenses,
DEMOCRATIC PARTY CONGRESSIONAL DISTRICT 4 COLORADO,Political Party Committee,1.0,2025-11-02 00:00:00,Actblue Technical Services,Somerville,MA,02144,Other,Cc Processing Fee
COLORADO DEMOCRATIC PARTY,Political Party Committee,30.85,2025-11-03 00:00:00,Firstbank,Lakewood,CO,80215,Bank Fees,Bank Fees
COLORADO DEMOCRATIC PARTY,Political Party Committee,53.83,2025-11-03 00:00:00,Firstbank,Lakewood,CO,80215,Bank Fees,Bank Fees
COLORADO DEMOCRATIC PARTY,Political Party Committee,0.28,2025-11-03 00:00:00,Firstbank,Lakewood,CO,80215,Bank Fees,Bank Fees
COLORADO DEMOCRATIC PARTY,Political Party Committee,37.5,2025-11-03 00:00:00,Firstbank,Lakewood,CO,80215,Bank Fees,Bank Fees
COLORADO DEMOCRATIC PARTY,Political Party Committee,450.0,2025-11-03 00:00:00,Numero,Irvine,CA,92618,Other,Software License Fee
DEMOCRATIC PARTY CONGRESSIONAL DISTRICT 4 COLORADO,Political Party Committee,36.6,2025-11-03 00:00:00,Atlassian (Jira),Mountain View,CA,94041,Advertising,Jira S/W Monthly Fee
DEMOCRATIC PARTY CONGRESSIONAL DISTRICT 4 COLORADO,Political Party Committee,1.09,2025-11-03 00:00:00,Us Bank,Parker,CO,80134,Other,Cc Processing Fee
COLORADO BIOSCIENCE PAC,Political Committee,20.0,2024-11-04 00:00:00,Wells Fargo Bank,Denver,CO,80203,Bank Fees,
LESLIE HEROD'S BOLDLY FORWARD PAC,Political Committee,75.46,2024-11-04 00:00:00,Google,Mountain View,CA,94043,Office Equipment & Supplies,
LESLIE HEROD'S BOLDLY FORWARD PAC,Political Committee,30.0,2024-11-04 00:00:00,Firstbank,Denver,CO,80203,Bank Fees,
MAKE GREAT CHOICES PAC,Political Committee,200.0,2024-11-04 00:00:00,Wyatt For Larimer,Wellington,CO,80549,Contributions,
MAKE GREAT CHOICES PAC,Political Committee,450.0,2024-11-04 00:00:00,Mckeen For Colorado,Loveland,CO,80538,Contributions,
MESA VALLEY EDUCATION ASSOCIATION SDC,Small Donor Committee,485.4,2025-11-04 00:00:00,Chesca  Smotherman,Carbondale,CO,81623,Other,"Reimbursement For In Kind For Donation For Vicki Woods For D51 School Board, Kaci Cole For D51 School Board, And Mike Rathbone For D51.  The Payee Paid For Postage And Flyers For These Candidates And This Is Documenting The Reimbursement To Her."
COLORADO CLEANTECH PAC,Political Committee,200.0,2024-11-05 00:00:00,Jenny Willford For Colorado,Northglenn,CO,80234,Contributions,Jenny Wilford Campaign
FRIENDS OF JUNIE JOSEPH LEADERSHIP FUND,Political Committee,19.8,2024-11-05 00:00:00,First Bank,Boulder,CO,80303,Bank Fees,
MAKE GREAT CHOICES PAC,Political Committee,200.0,2024-11-05 00:00:00,Committee To Elect Gordon Mclaughlin,Redacted By Sos,CO,80000,Contributions,
ADAMS EDUCATORS FOR PUBLIC EDUCATION,Small Donor Committee,77.89,2025-11-05 00:00:00,,,,,Other,Intuit
COLORADO DEMOCRATIC PARTY,Political Party Committee,88.33,2025-11-05 00:00:00,Google,Mountain View,CA,94043,Miscellaneous,Software License Fee
COLORADO DEMOCRATIC PARTY,Political Party Committee,131.27,2025-11-05 00:00:00,Google,Mountain View,CA,94043,Miscellaneous,Software License Fee
COLORADO DEMOCRATIC PARTY,Political Party Committee,2726.17,2025-11-05 00:00:00,Nicholas  Paprocki,Thornton,CO,80229,Employee Services,Salary
COLORADO DEMOCRATIC PARTY,Political Party Committee,1127.88,2025-11-05 00:00:00,Paychex,Norristown,PA,19403,Employee Services,Payroll Taxes
COLORADO DEMOCRATIC PARTY,Political Party Committee,1277.9,2025-11-05 00:00:00,Paychex,Norristown,PA,19403,Employee Services,Payroll Taxes
COLORADO DEMOCRATIC PARTY,Political Party Committee,2594.41,2025-11-05 00:00:00,Chris P Rork,Denver,CO,80222,Employee Services,Salary
DCTA FUND (FORMERLY POLITICAL ACTION COMMITTEE),Small Donor Committee,1167.0,2025-11-05 00:00:00,Monica For Denver,Redacted By Sos,CO,99999,Contributions,Inkinding For Campaign Management Services
DCTA FUND (FORMERLY POLITICAL ACTION COMMITTEE),Small Donor Committee,1167.0,2025-11-05 00:00:00,Amy 4 Denver,Denver,CO,80220,Contributions,Inkinding For Campaign Management Services
DCTA FUND (FORMERLY POLITICAL ACTION COMMITTEE),Small Donor Committee,1167.0,2025-11-05 00:00:00,Dj For Denver,Denver,CO,80224,Contributions,Inkinding For Campaign Management Services
COLORADO DEMOCRATIC PARTY,Political Party Committee,240.0,2025-11-06 00:00:00,Rocky Mountain Wild,Denver,CO,80202,Entertainment,Event Tickets
COLORADO DEMOCRATIC PARTY,Political Party Committee,15.0,2025-11-06 00:00:00,Rocky Mountain Wild,Denver,CO,80202,Entertainment,Event Ticket
DCTA FUND (FORMERLY POLITICAL ACTION COMMITTEE),Small Donor Committee,3501.0,2025-11-06 00:00:00,Brian  Courtney,Denver,CO,80246,Consultant & Professional Services,Campaign Management
PUBLIC EDUCATION COMMITTEE,Small Donor Committee,1250.0,2025-11-06 00:00:00,Tommy Farrell For Pueblo D60 School Board,Pueblo,CO,81003,Other,In-Kind For Campaign Management
PUBLIC EDUCATION COMMITTEE,Small Donor Committee,1250.0,2025-11-06 00:00:00,Committee To Elect Rae Carnevale For D60 School Board,Pueblo,CO,81004,Other,In-Kind For Campaign Management
PUBLIC EDUCATION COMMITTEE,Small Donor Committee,1250.0,2025-11-06 00:00:00,Mark Emery For D70 School Board,Pueblo,CO,81006,Other,In-Kind For Campaign Management
PUBLIC EDUCATION COMMITTEE,Small Donor Committee,1250.0,2025-11-06 00:00:00,Michelle Erickson For Pueblo,Pueblo,CO,81007,Other,In-Kind For Campaign Management
PUBLIC EDUCATION COMMITTEE,Small Donor Committee,1000.0,2025-11-06 00:00:00,Starr For Students,Henderson,CO,80640-9360,Other,In-Kind For Campaign Management
PUBLIC EDUCATION COMMITTEE,Small Donor Committee,1000.0,2025-11-06 00:00:00,Ashley Conn For 27J,Commerce City,CO,80022,Other,In-Kind For Campaign Management
PUBLIC EDUCATION COMMITTEE,Small Donor Committee,1000.0,2025-11-06 00:00:00,Ramon Alvarado For 27J,Commerce City,CO,80022,Other,In-Kind For Campaign Management
PUBLIC EDUCATION COMMITTEE,Small Donor Committee,1000.0,2025-11-06 00:00:00,Together With Tracie,Thornton,CO,80602,Other,In-Kind For Campaign Management
APPLE ORCHARD LEADERSHIP,Political Committee,278.55,2025-11-07 00:00:00,Galt Strategies,Grand Prairie,TX,75050,Consultant & Professional Services,Consulting And Strategic Services
COLORADO DEMOCRATIC PARTY,Political Party Committee,116.61,2025-11-07 00:00:00,Acova,Denver,CO,80211,"Food, Beverages and Meals",Food And Beverage
LESLIE HEROD'S BOLDLY FORWARD PAC,Political Committee,30.0,2024-11-08 00:00:00,Canva,Austin,TX,78702,Office Equipment & Supplies,
LESLIE HEROD'S BOLDLY FORWARD PAC,Political Committee,30.0,2024-11-08 00:00:00,Firstbank,Denver,CO,80203,Bank Fees,
APPLE ORCHARD LEADERSHIP,Political Committee,100.0,2025-11-08 00:00:00,Alec J Wright,Colorado Springs,CO,80918,Consultant & Professional Services,Administrative Services
DEMOCRATIC PARTY CONGRESSIONAL DISTRICT 4 COLORADO,Political Party Committee,0.79,2025-11-09 00:00:00,Actblue Technical Services,Somerville,MA,02144,Other,Cc Processing Fees
ADAMS EDUCATORS FOR PUBLIC EDUCATION,Small Donor Committee,10000.0,2025-11-10 00:00:00,Ike For Adams 12 School Board,Redacted By Sos,CO,99999,Consultant & Professional Services,In-Kind Donation
ADAMS EDUCATORS FOR PUBLIC EDUCATION,Small Donor Committee,10000.0,2025-11-10 00:00:00,Amira Assad-Lucas For Adams 12 School Board,Thornton,CO,80229,Consultant & Professional Services,In Kind Donation
APPLE ORCHARD LEADERSHIP,Political Committee,100.0,2025-11-10 00:00:00,Garrett D Smith,Colorado Springs,CO,80917,Consultant & Professional Services,Administrative Services
EDIE HOOTON LEADERSHIP FUND,Political Committee,11.85,2024-11-12 00:00:00,Firstbank,Boulder,CO,80301,Bank Fees,
NURSES FOR POLITCAL ACTION IN COLORADO (N-PAC),Political Committee,100.0,2024-11-12 00:00:00,Iman  Jodeh,Redacted By Sos,CO,99999,Contributions,
COLORADO DEMOCRATIC PARTY,Political Party Committee,27.86,2025-11-12 00:00:00,Mailchimp,Atlanta,GA,30308,Other,Subscription Fee
MAKE GREAT CHOICES PAC,Political Committee,450.0,2024-11-13 00:00:00,Vote Vivian,Durango,CO,81301,Contributions,
MAKE GREAT CHOICES PAC,Political Committee,200.0,2024-11-13 00:00:00,Kristin For Larimer,Fort Collins,CO,80526,Contributions,
COLORADO DEMOCRATIC PARTY,Political Party Committee,37.09,2025-11-13 00:00:00,Zoom,San Jose,CA,95113,Other,Web Conferencing Services
PIKES PEAK SMALL DONOR COMMITTEE (PPSDC),Small Donor Committee,1000.0,2025-11-13 00:00:00,Scale To Win,San Francisco,CA,94105-2448,Consultant & Professional Services,Text
PIKES PEAK SMALL DONOR COMMITTEE (PPSDC),Small Donor Committee,166.67,2025-11-13 00:00:00,Elect Michael Carsten,Redacted By Sos,CO,99999,Consultant & Professional Services,
PIKES PEAK SMALL DONOR COMMITTEE (PPSDC),Small Donor Committee,166.67,2025-11-13 00:00:00,Leann 4 D11,Colorado Springs,CO,80903,Consultant & Professional Services,
PIKES PEAK SMALL DONOR COMMITTEE (PPSDC),Small Donor Committee,166.67,2025-11-13 00:00:00,Charles 4 D11,Colorado Springs,CO,80910,Consultant & Professional Services,
PIKES PEAK SMALL DONOR COMMITTEE (PPSDC),Small Donor Committee,166.67,2025-11-13 00:00:00,Elect Jenna Stites,Colorado Springs,CO,80924,Consultant & Professional Services,
PIKES PEAK SMALL DONOR COMMITTEE (PPSDC),Small Donor Committee,166.67,2025-11-13 00:00:00,Committee To Elect Ren…E Ludlam To D20,Colorado Springs,CO,80919,Consultant & Professional Services,
PIKES PEAK SMALL DONOR COMMITTEE (PPSDC),Small Donor Committee,166.67,2025-11-13 00:00:00,Committee To Elect Brandon Clark,Colorado Springs,CO,80908,Consultant & Professional Services,
PUBLIC EDUCATION COMMITTEE,Small Donor Committee,500.0,2025-11-13 00:00:00,Charles 4 D11,Colorado Springs,CO,80910,Other,In-Kind For Walk Piece
PUBLIC EDUCATION COMMITTEE,Small Donor Committee,500.0,2025-11-13 00:00:00,Leann 4 D11,Colorado Springs,CO,80903,Other,In-Kind For Walk Piece
PUBLIC EDUCATION COMMITTEE,Small Donor Committee,500.0,2025-11-13 00:00:00,Elect Michael Carsten,Redacted By Sos,CO,99999,Other,In-Kind For Walk Piece
COLORADO DEMOCRATIC PARTY,Political Party Committee,40.0,2025-11-14 00:00:00,Jefferson County Democratic Party,Lakewood,CO,80226,Other,Unlimited Transfer To Affiliated Committee
DEMOCRATIC PARTY CONGRESSIONAL DISTRICT 4 COLORADO,Political Party Committee,27.4,2025-11-14 00:00:00,Intuit Quickbooks,Mountain View,CA,94043,Fundraising Expenses,Monthly Fee
FOOTHILLS REPUBLICANS,Political Committee,550.0,2023-11-15 00:00:00,Jayson C Leyh,Denver,CO,80247,Other,Reimburse Jayson C. Leyh For November Meeting Expenses
APPROVAL VOTING PARTY,Political Party Committee,85.5,2024-11-16 00:00:00,Frank  Atwood,Littleton,CO,80120,"Food, Beverages and Meals",In Kind Donation
COLORADO DEMOCRATIC PARTY,Political Party Committee,26.5,2025-11-17 00:00:00,Squarespace,New York,NY,10014,Office Equipment & Supplies,Website Hosting Fee
COLORADO DEMOCRATIC PARTY,Political Party Committee,15.0,2025-11-17 00:00:00,,,,,Miscellaneous,Subscription
COLORADO DEMOCRATIC PARTY,Political Party Committee,2731.91,2025-11-19 00:00:00,Nicholas  Paprocki,Thornton,CO,80229,Employee Services,Salary
COLORADO DEMOCRATIC PARTY,Political Party Committee,1122.13,2025-11-19 00:00:00,Paychex,Norristown,PA,19403,Employee Services,Payroll Taxes
COLORADO DEMOCRATIC PARTY,Political Party Committee,1240.96,2025-11-19 00:00:00,Paychex,Norristown,PA,19403,Employee Services,Payroll Taxes
COLORADO DEMOCRATIC PARTY,Political Party Committee,2600.16,2025-11-19 00:00:00,Chris P Rork,Denver,CO,80222,Employee Services,Salary
SAINT VRAIN VALLEY EDUCATION ASSOCIATION (SVVEA) FUND-SMALL DONOR COMMITTEE (SVVEA FUND-SMALL DONOR,Small Donor Committee,10.0,2025-11-19 00:00:00,,,,,Other,Every Member Option Refund
AURORA COUNCIL FOR TEACHERS & STUDENTS (ACTS),Small Donor Committee,2875.0,2025-11-20 00:00:00,Anne Keke For Kids,Aurora,CO,80017,Other,In Kind Consulting
AURORA COUNCIL FOR TEACHERS & STUDENTS (ACTS),Small Donor Committee,2875.0,2025-11-20 00:00:00,Charrier,Aurora,CO,80018,Other,In Kind Consulting
AURORA COUNCIL FOR TEACHERS & STUDENTS (ACTS),Small Donor Committee,2875.0,2025-11-20 00:00:00,Kristin For Aps,Aurora,CO,80017,Other,In Kind Consulting
AURORA COUNCIL FOR TEACHERS & STUDENTS (ACTS),Small Donor Committee,2875.0,2025-11-20 00:00:00,Tramaine Duncan For School Board,Aurora,CO,80010,Other,In Kind Consulting
COLORADO DEMOCRATIC PARTY,Political Party Committee,63.9,2025-11-20 00:00:00,Aloy Thai - Capitol Hill,Denver,CO,80203,"Food, Beverages and Meals","Food, Beverage For Staff"
SAINT VRAIN VALLEY EDUCATION ASSOCIATION (SVVEA) FUND-SMALL DONOR COMMITTEE (SVVEA FUND-SMALL DONOR,Small Donor Committee,10.0,2025-11-20 00:00:00,,,,,Other,Every Member Option Refund
FRIENDS OF COLORADO HOSPITALS (F/K/A HOSPITALS EXPRESS LEGISLATIVE PREFERENCE),Political Committee,-450.0,2024-11-21 00:00:00,Kyle Mullica For Sd 24,Thornton,CO,80602,Contributions,Offset Due To Deletion Of Filed Item
SAINT VRAIN VALLEY EDUCATION ASSOCIATION (SVVEA) FUND-SMALL DONOR COMMITTEE (SVVEA FUND-SMALL DONOR,Small Donor Committee,20.0,2025-11-21 00:00:00,,,,,Other,Every Member Option Refund To Two Members
SAINT VRAIN VALLEY EDUCATION ASSOCIATION (SVVEA) FUND-SMALL DONOR COMMITTEE (SVVEA FUND-SMALL DONOR,Small Donor Committee,70.0,2025-11-21 00:00:00,,,,,Other,Every Member Option Refund To Seven Members
SAINT VRAIN VALLEY EDUCATION ASSOCIATION (SVVEA) FUND-SMALL DONOR COMMITTEE (SVVEA FUND-SMALL DONOR,Small Donor Committee,-160.0,2024-11-22 00:00:00,,,,,Other,Offset Due To Update Of Filed Item - Every Member Option Refunded To Sixteen Members
SAINT VRAIN VALLEY EDUCATION ASSOCIATION (SVVEA) FUND-SMALL DONOR COMMITTEE (SVVEA FUND-SMALL DONOR,Small Donor Committee,150.0,2024-11-22 00:00:00,,,,,Other,Every Member Option Refunded To Fifteen Members
YARA LEADERSHIP FUND,Political Committee,9.69,2024-11-24 00:00:00,Actblue,Somerville,MA,02144,Fundraising Expenses,
COLORADO DEMOCRATIC PARTY,Political Party Committee,120.66,2025-11-24 00:00:00,Mailchimp,Atlanta,GA,30308,Other,Subscription Fee
FIELDS FOR COLORADO LEADERSHIP FUND,Political Committee,0.99,2024-11-27 00:00:00,Actblue,Somerville,CO,02144,Fundraising Expenses,
LUNDEEN LEADERSHIP FUND,Political Committee,23.21,2024-11-27 00:00:00,Cardmember Services,Carol Stream,IL,60197,Miscellaneous,Payment To Credit Card
PRIDE ACTION COMMITTEE,Small Donor Committee,12.56,2025-11-27 00:00:00,Namecheap,Phoenix,AZ,85034,Office Equipment & Supplies,Webhosting
COLORADO DEMOCRATIC PARTY,Political Party Committee,2.0,2025-11-28 00:00:00,Firstbank,Lakewood,CO,80215,Bank Fees,Bank Fees
COLORADO DEMOCRATIC PARTY,Political Party Committee,8.0,2025-11-28 00:00:00,Firstbank,Lakewood,CO,80215,Bank Fees,Bank Fees
COLORADO DEMOCRATIC PARTY,Political Party Committee,2.0,2025-11-28 00:00:00,Firstbank,Lakewood,CO,80215,Bank Fees,Bank Fees
COLORADO LEAGUE OF CHARTER SCHOOLS ACTION SMALL DONOR COMMITTEE (CLCS ACTION SDC),Small Donor Committee,12.0,2025-11-28 00:00:00,Firstbank,Denver,CO,80203,Bank Fees,Bank Fees
ODOPAC,Political Committee,2.0,2025-11-28 00:00:00,First Bank,Thornton,CO,80233,Bank Fees,
COLORADO CLEANTECH PAC,Political Committee,10.0,2024-11-29 00:00:00,Wells Fargo,Denver,CO,80202,Bank Fees,Bank Fees
GREENCO PC,Political Committee,5.0,2024-11-30 00:00:00,Firstbank,Glendale,CO,80246,Bank Fees,
DEMOCRATIC PARTY CONGRESSIONAL DISTRICT 4 COLORADO,Political Party Committee,0.8,2025-11-30 00:00:00,Actblue Technical Services,Somerville,MA,02144,Other,Cc Processing Fees
COLORADO CENTER PARTY CENTRAL COMMITTEE,Political Party Committee,12.52,2024-12-01 00:00:00,Digital Ocean,New York,NY,10013,Miscellaneous,
COLORADO DEMOCRATIC PARTY,Political Party Committee,37.5,2025-12-01 00:00:00,Firstbank,Lakewood,CO,80215,Bank Fees,Bank Fees
COLORADO DEMOCRATIC PARTY,Political Party Committee,450.0,2025-12-01 00:00:00,Numero,Irvine,CA,92618,Other,Software License Fee
COLORADO BIOSCIENCE PAC,Political Committee,20.0,2024-12-02 00:00:00,Wells Fargo Bank,Denver,CO,80203,Bank Fees,
LESLIE HEROD'S BOLDLY FORWARD PAC,Political Committee,87.46,2024-12-02 00:00:00,Google,Mountain View,CA,94043,Consultant & Professional Services,
MEGHAN LUKENS FOR CO LEADERSHIP PAC,Political Committee,-2500.0,2024-12-03 00:00:00,Colorado Democratic Party,Denver,CO,80203,Contributions,Offset Due To Update Of Filed Item - House Dems Petty Cash Fund Dues
MEGHAN LUKENS FOR CO LEADERSHIP PAC,Political Committee,2500.0,2024-12-03 00:00:00,House Dems Petty Cash Fund,Denver,CO,80203,Other,Caucus Dues - House Dems Petty Cash Fund .
COLORADO DEMOCRATIC PARTY,Political Party Committee,30.85,2025-12-03 00:00:00,Firstbank,Lakewood,CO,80215,Bank Fees,Bank Fees
COLORADO DEMOCRATIC PARTY,Political Party Committee,53.83,2025-12-03 00:00:00,Firstbank,Lakewood,CO,80215,Bank Fees,Bank Fees
COLORADO DEMOCRATIC PARTY,Political Party Committee,0.28,2025-12-03 00:00:00,Firstbank,Lakewood,CO,80215,Bank Fees,Bank Fees
COLORADO DEMOCRATIC PARTY,Political Party Committee,398.96,2025-12-03 00:00:00,"United Airlines, Inc.",Chicago,IL,60666,Travel & Lodging,Airfare
COLORADO DEMOCRATIC PARTY,Political Party Committee,19.34,2025-12-03 00:00:00,"United Airlines, Inc.",Chicago,IL,60666,Travel & Lodging,Airfare
COLORADO DEMOCRATIC PARTY,Political Party Committee,24.71,2025-12-03 00:00:00,"United Airlines, Inc.",Chicago,IL,60666,Travel & Lodging,Airfare
COLORADO CHAMBER SMALL DONOR COMMITTEE,Small Donor Committee,-450.0,2024-12-04 00:00:00,Kyle Mullica For Sd 24,Thornton,CO,80602,Contributions,Offset Due To Deletion Of Filed Item
DEMOCRATIC PARTY CONGRESSIONAL DISTRICT 4 COLORADO,Political Party Committee,-34.0,2024-12-04 00:00:00,Atlassian (Jira),Mountain View,CA,94041,Advertising,Offset Due To Update Of Filed Item - Jira Web Service
DEMOCRATIC PARTY CONGRESSIONAL DISTRICT 4 COLORADO,Political Party Committee,34.0,2024-12-04 00:00:00,Atlassian (Jira),Mountain View,CA,94041,Advertising,Jira Web Service
COLORADO DEMOCRATIC PARTY,Political Party Committee,2726.17,2025-12-04 00:00:00,Nicholas  Paprocki,Thornton,CO,80229,Employee Services,Salary
COLORADO DEMOCRATIC PARTY,Political Party Committee,1127.87,2025-12-04 00:00:00,Paychex,Norristown,PA,19403,Employee Services,Payroll Taxes
COLORADO DEMOCRATIC PARTY,Political Party Committee,1209.34,2025-12-04 00:00:00,Paychex,Norristown,PA,19403,Employee Services,Payroll Taxes
COLORADO DEMOCRATIC PARTY,Political Party Committee,5.75,2025-12-04 00:00:00,Paychex,Norristown,PA,19403,Employee Services,Payroll Taxes
COLORADO DEMOCRATIC PARTY,Political Party Committee,2594.42,2025-12-04 00:00:00,Chris P Rork,Denver,CO,80222,Employee Services,Salary
DEMOCRATIC PARTY CONGRESSIONAL DISTRICT 4 COLORADO,Political Party Committee,36.6,2025-12-04 00:00:00,Atlassian (Jira),Mountain View,CA,94041,Advertising,Jira S/W Monthly Fee
DEMOCRATIC PARTY CONGRESSIONAL DISTRICT 4 COLORADO,Political Party Committee,1.09,2025-12-04 00:00:00,Us Bank,Parker,CO,80134,Other,Cc Processing Fee
18TH JD CRIMINAL JUSTICE FUND,Small Donor Committee,-300.0,2024-12-05 00:00:00,Amy Padden For District Attorney,Redacted By Sos,CO,80013,Contributions,Offset Due To Deletion Of Filed Item
"COLORADO CHIROPRACTIC PAC (CCA, CC-PAC)",Political Committee,193.65,2024-12-05 00:00:00,Affinipay,Austin,TX,78746,Bank Fees,
CENTENNIAL STATE PROSPERITY SMALL DONOR COMMITTEE,Small Donor Committee,-1000.0,2024-12-06 00:00:00,Committee To Elect Stephanie Vigil,Redacted By Sos,CO,99999,Returned Expenditure,Uncashed Check
COLORADO CENTER PARTY CENTRAL COMMITTEE,Political Party Committee,33.81,2024-12-06 00:00:00,Twilio,San Francisco,CA,94105,Telephone,
FOOTHILLS REPUBLICANS,Political Committee,182.0,2024-12-06 00:00:00,Mary  Everson,Littleton,CO,80127,Other,Reimburse Mary Everson For Po Box Renewal
LESLIE HEROD'S BOLDLY FORWARD PAC,Political Committee,145.87,2024-12-06 00:00:00,United Airlines,Chicago,IL,60606,Travel & Lodging,
LIBERTARIAN PARTY OF COLORADO (LPCO),Political Party Committee,3.99,2024-12-06 00:00:00,Stripe.Com,South San Francisco,CA,94080,Bank Fees,Credit Card Fees
LUNDEEN LEADERSHIP FUND,Political Committee,2167.58,2024-12-06 00:00:00,Costco,Lone Tree,CO,80124,Other,7214 ∑ Office Supplies
REPUBLIC SERVICES INC. EMPLOYEES FOR BETTER GOVERNMENT PAC,Political Committee,-400.0,2024-12-06 00:00:00,Scott Bright For Senate,Platteville,CO,80651,Returned Expenditure,Check Voided: Original Issue Date 10/24/2024
REPUBLIC SERVICES INC. EMPLOYEES FOR BETTER GOVERNMENT PAC,Political Committee,-400.0,2024-12-06 00:00:00,Committee To Elect Barbara Kirkmeyer To State Senate,Brighton,CO,80603,Returned Expenditure,Check Voided: Original Issue Date 10/24/2024
REPUBLIC SERVICES INC. EMPLOYEES FOR BETTER GOVERNMENT PAC,Political Committee,-400.0,2024-12-06 00:00:00,Woog For House District 19,Frederick,CO,80530,Returned Expenditure,Check Voided: Original Issue Date 10/24/2024
REPUBLIC SERVICES INC. EMPLOYEES FOR BETTER GOVERNMENT PAC,Political Committee,-400.0,2024-12-06 00:00:00,Rose For Colorado,Redacted By Sos,CO,99999,Returned Expenditure,Check Voided: Original Issue Date 10/24/2024
LUNDEEN LEADERSHIP FUND,Political Committee,21.6,2024-12-07 00:00:00,Google,Moutain Views,CA,94043,Other,6410 ∑ Registration & Hosting
DEMOCRATIC PARTY CONGRESSIONAL DISTRICT 4 COLORADO,Political Party Committee,1.19,2025-12-07 00:00:00,Actblue Technical Services,Somerville,MA,02144,Other,Cc Processing Fee
IAFF #3 SMALL DONOR ACCOUNT,Small Donor Committee,10000.0,2022-12-08 00:00:00,,,,,Other,Campaign Donation To Municipal Candidate.
DEMOCRATIC PARTY CONGRESSIONAL DISTRICT 4 COLORADO,Political Party Committee,1.78,2024-12-08 00:00:00,Actblue Technical Services,Somerville,MA,02144,Other,Cc Processing Fee
IAFF #3 SMALL DONOR ACCOUNT,Small Donor Committee,10000.0,2024-12-08 00:00:00,,,,,Other,Campaign Donation To Municipal Candidate.
IAFF #3 SMALL DONOR ACCOUNT,Small Donor Committee,-10000.0,2024-12-08 00:00:00,,,,,Other,Offset Due To Update Of Filed Item - Campaign Donation To Municipal Candidate.
MANNY RUTINEL LEADERSHIP FUND,Political Committee,7.97,2024-12-08 00:00:00,Actblue Technical Services,Somerville,MA,02144,Fundraising Expenses,Actblue Cc Processing Fees
VELASCO LEADERSHIP FUND,Political Committee,0.79,2024-12-08 00:00:00,Actblue,Somerville,MA,02144,Consultant & Professional Services,
350 COLORADO ACTION PAC,Political Committee,616.0,2024-12-09 00:00:00,Jared  Bynum,Aurora,CO,80012,Consultant & Professional Services,
COLORADO INTELLECTUAL AND DEVELOPMENTAL DISABILITY ALLIANCE,Political Committee,450.0,2024-12-09 00:00:00,Jenny Willford For Colorado,Northglenn,CO,80234,Contributions,Donation To Jenny Willford
INVESTHER,Political Committee,615.52,2024-12-09 00:00:00,Corazon Printing,Broomfield,CO,80020,Fundraising Expenses,Reimbursement Of Expenses For Election Season Events
LESLIE HEROD'S BOLDLY FORWARD PAC,Political Committee,97.88,2024-12-09 00:00:00,United Airlines,Chicago,IL,60606,Travel & Lodging,
LESLIE HEROD'S BOLDLY FORWARD PAC,Political Committee,30.0,2024-12-09 00:00:00,Canva,Austin,TX,78702,Office Equipment & Supplies,
LESLIE HEROD'S BOLDLY FORWARD PAC,Political Committee,90.0,2024-12-09 00:00:00,Den Public Parking,Denver,CO,80249,Travel & Lodging,
LESLIE HEROD'S BOLDLY FORWARD PAC,Political Committee,30.0,2024-12-09 00:00:00,Firstbank,Denver,CO,80203,Bank Fees,
LIBERTARIAN PARTY OF COLORADO (LPCO),Political Party Committee,3.13,2024-12-09 00:00:00,Stripe.Com,South San Francisco,CA,94080,Bank Fees,Credit Card Fees
MANNY RUTINEL LEADERSHIP FUND,Political Committee,60.0,2024-12-09 00:00:00,State Of Colorado,Denver,CO,80203,Other,Capitol Gym
REPUBLIC SERVICES INC. EMPLOYEES FOR BETTER GOVERNMENT PAC,Political Committee,-225.0,2024-12-09 00:00:00,Hartsook For House,Redacted By Sos,CO,99999,Returned Expenditure,Check Voided: Original Issue Date 10/24/2024
ZENPAC,Political Committee,250.0,2024-12-09 00:00:00,Elijah For Golden,Golden,CO,80401,Contributions,
IAFF #3 SMALL DONOR ACCOUNT,Small Donor Committee,-10000.0,2022-12-10 00:00:00,,,,,Other,Offset Due To Update Of Filed Item - Campaign Donation To Municipal Candidate.
CHRIS KOLKER LEADERSHIP FUND,Political Committee,0.99,2024-12-10 00:00:00,Actblue,Somervile,MA,02144,Fundraising Expenses,
COLORADO CREDIT UNION POLITICAL ACTION COMMITTEE,Political Committee,54.95,2024-12-10 00:00:00,Forte Payment Systems,Allen,TX,75013,Bank Fees,
COMMITTEE FOR PHYSICIAN ANESTHESIA CARE,Political Committee,300.0,2024-12-10 00:00:00,Coloradans For Western Values Leadership Pac,Colo. Springs,CO,80918,Contributions,
GRISWOLD LEADERSHIP PAC,Political Committee,2.0,2024-12-10 00:00:00,,,,,Bank Fees,
LIBERTARIAN PARTY OF COLORADO (LPCO),Political Party Committee,2.55,2024-12-10 00:00:00,Stripe.Com,South San Francisco,CA,94080,Bank Fees,Credit Card Fees
MAKE GREAT CHOICES PAC,Political Committee,1.64,2024-12-10 00:00:00,Actblue,Somerville,MA,02144,Fundraising Expenses,
THE COLEMAN LEADERSHIP FUND,Political Committee,300.0,2024-12-10 00:00:00,Michael  Williams,Lafayette,CO,80026,Other,Opening Day Music
UNITED COLORADO COMMITTEE,Political Party Committee,20.68,2024-12-10 00:00:00,Google,Mountain View,CO,94043,Office Equipment & Supplies,Off Month Web Video Conferencing
COLORADO MEDICAL SOCIETY SMALL DONOR COMMITTEE,Small Donor Committee,15.71,2024-12-11 00:00:00,Wells Fargo Bank,Portland,OR,97228,Bank Fees,
COPIC POLITICAL COMMITTEE,Political Committee,-550.0,2024-12-11 00:00:00,Bacon For Colorado Leadership Fund,Denver,CO,80239,Returned Expenditure,Return Of Misc Campaign Contribution
DOCTORS COMPANY COLORADO PAC (COLORADO DOCPAC),Political Committee,45.05,2024-12-11 00:00:00,Wells Fargo Bank,Santa Rosa,CA,95401,Bank Fees,Monthly Bank Fee
EDIE HOOTON LEADERSHIP FUND,Political Committee,11.85,2024-12-11 00:00:00,Firstbank,Boulder,CO,80301,Bank Fees,
FRIENDS OF COLORADO HOSPITALS (F/K/A HOSPITALS EXPRESS LEGISLATIVE PREFERENCE),Political Committee,87.52,2024-12-11 00:00:00,,,,,Bank Fees,Dec Bank Service Charge
LIBERTARIAN PARTY OF COLORADO (LPCO),Political Party Committee,49.95,2024-12-11 00:00:00,Clover App,Sunnyvale,CA,94085,Bank Fees,Service Fees
LIBERTARIAN PARTY OF COLORADO (LPCO),Political Party Committee,0.92,2024-12-11 00:00:00,Microsoft,Redmond,WA,98052,Office Equipment & Supplies,Ms 365
LIBERTARIAN PARTY OF COLORADO (LPCO),Political Party Committee,4.14,2024-12-11 00:00:00,Stripe.Com,South San Francisco,CA,94080,Bank Fees,Credit Card Fees
LUNDEEN LEADERSHIP FUND,Political Committee,29.48,2024-12-11 00:00:00,Torchys,Denver,CO,80203,Other,6890 ∑ Other Meeting Expense
RED WELD PAC,Political Committee,17.8,2024-12-11 00:00:00,Firstbank North,Brighton,CO,80601,Office Equipment & Supplies,
WORKERS COMPENSATION EDUCATION ASSOCIATION PAC (WCEA PAC),Political Committee,450.0,2024-12-11 00:00:00,Jenny Willford For Colorado,Northglenn,CO,80234,Contributions,Chk#2082
WORKERS COMPENSATION EDUCATION ASSOCIATION PAC (WCEA PAC),Political Committee,200.0,2024-12-11 00:00:00,Javier For Colorado,Denver,CO,80219-5033,Contributions,Chk#2100
COLORADO BANKERS ASSOCIATION STATE PAC,Political Committee,1500.0,2024-12-12 00:00:00,New Day Colorado Fund,Fort Lupton,CO,80621,Contributions,Donation
LESLIE HEROD'S BOLDLY FORWARD PAC,Political Committee,105.75,2024-12-12 00:00:00,Uber,San Francisco,CA,94158,Travel & Lodging,
LESLIE HEROD'S BOLDLY FORWARD PAC,Political Committee,30.0,2024-12-12 00:00:00,Firstbank,Denver,CO,80203,Bank Fees,
LUNDEEN LEADERSHIP FUND,Political Committee,22.82,2024-12-12 00:00:00,Olive And Finch,Denver,CO,80218,Other,7640 ∑ Meals
MANNY RUTINEL LEADERSHIP FUND,Political Committee,3840.11,2024-12-12 00:00:00,Logan  Souder,Commerce City,CO,80022,Employee Services,Payroll
MANNY RUTINEL LEADERSHIP FUND,Political Committee,39.96,2024-12-12 00:00:00,Mailmeteor,Paris,FR,75013,Office Equipment & Supplies,Software
SAINT VRAIN VALLEY EDUCATION ASSOCIATION (SVVEA) FUND-SMALL DONOR COMMITTEE (SVVEA FUND-SMALL DONOR,Small Donor Committee,10.0,2025-12-12 00:00:00,,,,,Other,Every Member Option Refund
COLORADO AMERICAN FEDERATION OF LABOR & CONGRESS OF INDUSTRIAL ORGANIZATIONS NONPARTISAN SMALL DONOR,Small Donor Committee,2000.0,2024-12-13 00:00:00,Bob 4 Colorado,Highlands Ranch,CO,80126,Contributions,2024 Election Contribution
COLORADO DEMOCRATIC PARTY,Political Party Committee,34.8,2024-12-13 00:00:00,Zoom,San Jose,CA,95113,Other,Web Conferencing Services
COLORADO RADIOLOGICAL SOCIETY POLITICAL COMMITTEE,Political Committee,6.0,2024-12-13 00:00:00,,,,,Bank Fees,
COLORADO STRONG POLITICAL COMMITTEE,Political Committee,1000.0,2024-12-13 00:00:00,Alon  Weinberg,Loveland,CO,80538,Consultant & Professional Services,Production And Design
COMCAST CORPORATION & NBCUNIVERSAL POLITICAL ACTION COMMITTEE - FEDERAL,Political Committee,-450.0,2024-12-13 00:00:00,Rodriguez For Colorado,Denver,CO,80222,Returned Expenditure,$225 For 2026 Primary & $225 For 2026 General
COMCAST CORPORATION & NBCUNIVERSAL POLITICAL ACTION COMMITTEE - FEDERAL,Political Committee,-725.0,2024-12-13 00:00:00,Rodriguez Leadership Fund,Denver,CO,80222,Returned Expenditure,2024 Contribution
COMCAST CORPORATION & NBCUNIVERSAL POLITICAL ACTION COMMITTEE - FEDERAL,Political Committee,-225.0,2024-12-13 00:00:00,Winter For Hd47,Redacted By Sos,CO,99999,Returned Expenditure,2024 General Contribution
COMCAST CORPORATION & NBCUNIVERSAL POLITICAL ACTION COMMITTEE - FEDERAL,Political Committee,-725.0,2024-12-13 00:00:00,Take Colo Back Political Comm,Redacted By Sos,CO,99999,Returned Expenditure,2024 Contribution
COMMITTEE FOR PHYSICIAN ANESTHESIA CARE,Political Committee,30.0,2024-12-13 00:00:00,,,,,Bank Fees,
HOOD LEADERSHIP PAC,Political Committee,750.0,2024-12-13 00:00:00,Anna  Wert,Boulder,CO,80302,Consultant & Professional Services,Salary
LESLIE HEROD'S BOLDLY FORWARD PAC,Political Committee,20.54,2024-12-13 00:00:00,Uber,San Francisco,CA,94158,Travel & Lodging,
LESLIE HEROD'S BOLDLY FORWARD PAC,Political Committee,30.0,2024-12-13 00:00:00,Firstbank,Denver,CO,80203,Bank Fees,
LIBERTARIAN PARTY OF COLORADO (LPCO),Political Party Committee,2.53,2024-12-13 00:00:00,Stripe.Com,South San Francisco,CA,94080,Bank Fees,Credit Card Fees
US ANESTHESIA PARTNERS COLORADO STATE COMMITTEE,Political Committee,66.68,2024-12-13 00:00:00,Bok Financial,Denver,CO,80217,Bank Fees,
VELASCO LEADERSHIP FUND,Political Committee,5.83,2024-12-13 00:00:00,Alpine Bank,Grand Junction,CO,81501,Bank Fees,Account Activity Fee
CONSTRUCTION COOPERATIVE COUNCIL,Political Committee,-450.0,2024-12-15 00:00:00,Meghan Lukens For Colorado,Redacted By Sos,CO,99999,Returned Expenditure,Sent A Refund Check For Contribution
DEMOCRATIC PARTY CONGRESSIONAL DISTRICT 4 COLORADO,Political Party Committee,27.4,2025-12-15 00:00:00,Intuit Quickbooks,Mountain View,CA,94043,Fundraising Expenses,Monthly Fee
SAINT VRAIN VALLEY EDUCATION ASSOCIATION (SVVEA) FUND-SMALL DONOR COMMITTEE (SVVEA FUND-SMALL DONOR,Small Donor Committee,10.0,2025-12-15 00:00:00,,,,,Other,Every Member Option Refund
BUILDING BRIDGES FOR COLORADO,Political Committee,2.0,2024-12-16 00:00:00,1St Bank,Lakewood,CO,80215,Bank Fees,
COLORADO WINS SDC,Small Donor Committee,-25.0,2024-12-16 00:00:00,Chase Bank,Lakewood,CO,80228,Returned Expenditure,Bank Refund Of Fees
DEMOCRATIC PARTY CONGRESSIONAL DISTRICT 4 COLORADO,Political Party Committee,25.24,2024-12-16 00:00:00,Intuit Quickbooks,Mountain View,CA,94043,Fundraising Expenses,Bookkeeping App
GREENCO PC,Political Committee,50.0,2024-12-16 00:00:00,Colorado Secretary Of State,Denver,CO,80290,Other,Secretary Of State - Fine For Late Filing
INVESTHER,Political Committee,50.0,2024-12-16 00:00:00,Colorado Secretary Of State,Denver,CO,80290,Other,Late Filing Fee
LESLIE HEROD'S BOLDLY FORWARD PAC,Political Committee,59.1,2024-12-16 00:00:00,Lyft,San Francisco,CA,94107,Travel & Lodging,
LESLIE HEROD'S BOLDLY FORWARD PAC,Political Committee,30.0,2024-12-16 00:00:00,Firstbank,Denver,CO,80203,Bank Fees,
LESLIE HEROD'S BOLDLY FORWARD PAC,Political Committee,90.0,2024-12-16 00:00:00,Den Public Parking,Denver,CO,80249,Travel & Lodging,
LESLIE HEROD'S BOLDLY FORWARD PAC,Political Committee,30.0,2024-12-16 00:00:00,Firstbank,Denver,CO,80203,Bank Fees,
LIBERTARIAN PARTY OF COLORADO (LPCO),Political Party Committee,3.72,2024-12-16 00:00:00,Stripe.Com,South San Francisco,CA,94080,Bank Fees,Credit Card Fees
ODOPAC,Political Committee,100.0,2024-12-16 00:00:00,Colorado Secretary Of State,Denver,CO,80290,Other,Late Filing Fine.
PUEBLO COUNTY EDUCATION ASSOCIATION SMALL DONOR COMMITTEE (PCEA SDC),Small Donor Committee,6.0,2024-12-16 00:00:00,Amanda  Lay,Pueblo,CO,81008,Other,"Emo Refund 2024
Check # 1104"
COLORADO COMMITTEE OF AUTO RETAILERS (COLO C.A.R.),Political Committee,5000.0,2024-12-17 00:00:00,All Together Colorado,Denver,CO,80206,Contributions,Event Sponsor
COLORADO COMMITTEE OF AUTO RETAILERS (COLO C.A.R.),Political Committee,2500.0,2024-12-17 00:00:00,New Day Colorado Fund,Fort Lupton,CO,80621,Contributions,Event Sponsor
COLORADO COMMITTEE OF AUTO RETAILERS (COLO C.A.R.),Political Committee,2500.0,2024-12-17 00:00:00,Senate Majority Fund,Denver,CO,80205,Contributions,Event Sponsor
LIBERTARIAN PARTY OF COLORADO (LPCO),Political Party Committee,2.53,2024-12-17 00:00:00,Stripe.Com,South San Francisco,CA,94080,Bank Fees,Credit Card Fees
NABIP COLORADO POLITICAL ACTION COMMITTEE,Political Committee,0.91,2024-12-17 00:00:00,Quickbooks Payments,Woodland Hills,CA,91367,Bank Fees,
COMCAST CORPORATION & NBCUNIVERSAL POLITICAL ACTION COMMITTEE - FEDERAL,Political Committee,225.0,2024-12-18 00:00:00,Winter For Hd47,Redacted By Sos,CO,99999,Contributions,2026 Primary Contribution
COMCAST CORPORATION & NBCUNIVERSAL POLITICAL ACTION COMMITTEE - FEDERAL,Political Committee,725.0,2024-12-18 00:00:00,Take Colo Back Political Comm,Redacted By Sos,CO,99999,Contributions,2024 Contribution
LIBERTARIAN PARTY OF COLORADO (LPCO),Political Party Committee,67.0,2024-12-18 00:00:00,Smart Space,Lakewood,CO,80215,Rent & Utilities,Storage Space
LIBERTARIAN PARTY OF COLORADO (LPCO),Political Party Committee,6.89,2024-12-18 00:00:00,Stripe.Com,South San Francisco,CA,94080,Bank Fees,Credit Card Fees
NAIOP COLORADO PAC,Political Committee,1098.75,2024-12-18 00:00:00,Naiop Colorado,Denver,CO,80204,Consultant & Professional Services,
NAIOP COLORADO SMALL DONOR COMMITTEE,Small Donor Committee,3296.25,2024-12-18 00:00:00,Naiop Colorado,Denver,CO,80204,Consultant & Professional Services,
THE COLEMAN LEADERSHIP FUND,Political Committee,35.0,2024-12-18 00:00:00,Hyatt Regency Denver,Denver,CO,80202,Other,Parking For Event
COLORADO DEMOCRATIC PARTY,Political Party Committee,2238.76,2024-12-19 00:00:00,Michael S Merrifield,Arvada,CO,80005,Employee Services,Payroll
COLORADO DEMOCRATIC PARTY,Political Party Committee,1.18,2024-12-19 00:00:00,Paychex,Norristown,PA,19403,Employee Services,Hr Services
COLORADO DEMOCRATIC PARTY,Political Party Committee,1140.59,2024-12-19 00:00:00,Paychex,Norristown,PA,19403,Employee Services,Payroll Taxes
COLORADO DEMOCRATIC PARTY,Political Party Committee,914.24,2024-12-19 00:00:00,Paychex,Norristown,PA,19403,Employee Services,Payroll Taxes
COLORADO DEMOCRATIC PARTY,Political Party Committee,2580.52,2024-12-19 00:00:00,Marykate  Wallace,Lafayette,CO,80026,Employee Services,Payroll
COLORADO DEMOCRATIC PARTY,Political Party Committee,2572.23,2024-12-19 00:00:00,Madeline R Zann,Denver,CO,80206,Employee Services,Payroll
LIBERTARIAN PARTY OF COLORADO (LPCO),Political Party Committee,6.8,2024-12-19 00:00:00,Stripe.Com,South San Francisco,CA,94080,Bank Fees,Credit Card Fees
LUNDEEN LEADERSHIP FUND,Political Committee,19.99,2024-12-19 00:00:00,Google,Moutain Views,CA,94043,Other,6410 ∑ Registration & Hosting
LUNDEEN LEADERSHIP FUND,Political Committee,187.15,2024-12-19 00:00:00,Nordvpn.Com,Panama City,PA,0801,Other,7460 ∑ Computer Consultants
MANNY RUTINEL LEADERSHIP FUND,Political Committee,252.12,2024-12-19 00:00:00,Adobe,San Jose,CA,95110,Office Equipment & Supplies,Software
STATE FARM FEDERAL PAC,Political Committee,-225.0,2024-12-19 00:00:00,Lindsey For Colorado,Arvada,CO,80004,Returned Expenditure,Check Lost/Uncashed
STATE FARM FEDERAL PAC,Political Committee,-225.0,2024-12-19 00:00:00,Lindsey For Colorado,Arvada,CO,80004,Returned Expenditure,Check Lost/Uncashed
COLORADO DEMOCRATIC PARTY,Political Party Committee,4500.0,2024-12-20 00:00:00,"Irn, Inc.",Denver,CO,80201,Consultant & Professional Services,Research Fee
CONSULTING ENGINEERS PAC,Political Committee,200.0,2024-12-20 00:00:00,Coloradans For Western Values Leadership Pac,Colo. Springs,CO,80918,Contributions,
DELOITTE POLITICAL ACTION COMMITTEE,Political Committee,225.0,2024-12-20 00:00:00,Coleman For Colorado,Denver,CO,80249,Contributions,Contribution For 2028 Primary
DELOITTE POLITICAL ACTION COMMITTEE,Political Committee,225.0,2024-12-20 00:00:00,Coleman For Colorado,Denver,CO,80249,Contributions,Contribution For 2028 General
DELOITTE POLITICAL ACTION COMMITTEE,Political Committee,225.0,2024-12-20 00:00:00,Rodriguez For Colorado,Denver,CO,80222,Contributions,Contribution For 2026 Primary
DELOITTE POLITICAL ACTION COMMITTEE,Political Committee,225.0,2024-12-20 00:00:00,Rodriguez For Colorado,Denver,CO,80222,Contributions,Contribution For 2026 General
DELOITTE POLITICAL ACTION COMMITTEE,Political Committee,225.0,2024-12-20 00:00:00,Mccluskie For Colorado,Redacted By Sos,CO,99999,Contributions,Contribution For 2026 Primary
DELOITTE POLITICAL ACTION COMMITTEE,Political Committee,225.0,2024-12-20 00:00:00,Mccluskie For Colorado,Redacted By Sos,CO,99999,Contributions,Contribution For 2026 General
DELOITTE POLITICAL ACTION COMMITTEE,Political Committee,225.0,2024-12-20 00:00:00,Monica Duran For State Rep.,Wheat Ridge,CO,80033,Contributions,Contribution For 2026 Primary
DELOITTE POLITICAL ACTION COMMITTEE,Political Committee,225.0,2024-12-20 00:00:00,Monica Duran For State Rep.,Wheat Ridge,CO,80033,Contributions,Contribution For 2026 General
DELOITTE POLITICAL ACTION COMMITTEE,Political Committee,225.0,2024-12-20 00:00:00,Rose For Colorado,Redacted By Sos,CO,99999,Contributions,Contribution For 2026 Primary
DELOITTE POLITICAL ACTION COMMITTEE,Political Committee,225.0,2024-12-20 00:00:00,Rose For Colorado,Redacted By Sos,CO,99999,Contributions,Contribution For 2026 General
DELOITTE POLITICAL ACTION COMMITTEE,Political Committee,225.0,2024-12-20 00:00:00,Brianna For Colorado,Redacted By Sos,CO,99999,Contributions,Contribution For 2026 Primary
DELOITTE POLITICAL ACTION COMMITTEE,Political Committee,225.0,2024-12-20 00:00:00,Brianna For Colorado,Redacted By Sos,CO,99999,Contributions,Contribution For 2026 General
DELOITTE POLITICAL ACTION COMMITTEE,Political Committee,225.0,2024-12-20 00:00:00,Bridges For Colorado,Redacted By Sos,CO,99999,Contributions,Contribution For 2028 Primary
DELOITTE POLITICAL ACTION COMMITTEE,Political Committee,225.0,2024-12-20 00:00:00,Bridges For Colorado,Redacted By Sos,CO,99999,Contributions,Contribution For 2028 General
DELOITTE POLITICAL ACTION COMMITTEE,Political Committee,225.0,2024-12-20 00:00:00,Bird For Colorado,Redacted By Sos,CO,99999,Contributions,Contribution For 2026 Primary
DELOITTE POLITICAL ACTION COMMITTEE,Political Committee,225.0,2024-12-20 00:00:00,Bird For Colorado,Redacted By Sos,CO,99999,Contributions,Contribution For 2026 General
DELOITTE POLITICAL ACTION COMMITTEE,Political Committee,225.0,2024-12-20 00:00:00,Elect Judy Amabile Sd-18,Boulder,CO,80302,Contributions,Contribution For 2028 Primary
DELOITTE POLITICAL ACTION COMMITTEE,Political Committee,225.0,2024-12-20 00:00:00,Elect Judy Amabile Sd-18,Boulder,CO,80302,Contributions,Contribution For 2028 General
DELOITTE POLITICAL ACTION COMMITTEE,Political Committee,225.0,2024-12-20 00:00:00,Committee To Elect Barbara Kirkmeyer To State Senate,Brighton,CO,80603,Contributions,Contribution For 2028 Primary
DELOITTE POLITICAL ACTION COMMITTEE,Political Committee,225.0,2024-12-20 00:00:00,Committee To Elect Barbara Kirkmeyer To State Senate,Brighton,CO,80603,Contributions,Contribution For 2028 General
DELOITTE POLITICAL ACTION COMMITTEE,Political Committee,1000.0,2024-12-20 00:00:00,All Together Colorado,Denver,CO,80206,Contributions,2024 Contribution
DELOITTE POLITICAL ACTION COMMITTEE,Political Committee,1000.0,2024-12-20 00:00:00,Colorado Way Forward,Denver,CO,80206,Contributions,2024 Contribution
DELOITTE POLITICAL ACTION COMMITTEE,Political Committee,1000.0,2024-12-20 00:00:00,Senate Majority Fund,Denver,CO,80205,Contributions,2024 Contribution
DELOITTE POLITICAL ACTION COMMITTEE,Political Committee,1000.0,2024-12-20 00:00:00,New Day Colorado Fund,Fort Lupton,CO,80621,Contributions,2024 Contribution
DEMOCRATIC PARTY CONGRESSIONAL DISTRICT 4 COLORADO,Political Party Committee,132.52,2024-12-20 00:00:00,Crown Awards,Hawthorne,NY,10532,Miscellaneous,Awards
LIBERTARIAN PARTY OF COLORADO (LPCO),Political Party Committee,1.77,2024-12-20 00:00:00,Stripe.Com,South San Francisco,CA,94080,Bank Fees,Credit Card Fees
NABIP COLORADO POLITICAL ACTION COMMITTEE,Political Committee,7.03,2024-12-20 00:00:00,Quickbooks Payments,Woodland Hills,CA,91367,Bank Fees,
DEMOCRATIC PARTY CONGRESSIONAL DISTRICT 4 COLORADO,Political Party Committee,0.99,2024-12-22 00:00:00,Actblue Technical Services,Somerville,MA,02144,Other,Cc Processing Fee
MONICA PAC,Political Committee,0.2,2024-12-22 00:00:00,Actblue,West Somerville,MA,02144,Fundraising Expenses,
APARTMENT ASSOCIATION OF METRO DENVER SMALL DONOR COMMITTEE,Small Donor Committee,-5350.0,2024-12-23 00:00:00,Vote Perry Will,New Castle,CO,81647,Returned Expenditure,Return Of Contribution
COLORADO APARTMENT ASSOCIATION SMALL DONOR COMMITTEE,Small Donor Committee,-5350.0,2024-12-23 00:00:00,Vote Perry Will,New Castle,CO,81647,Returned Expenditure,Return Of Contribution
LIBERTARIAN PARTY OF COLORADO (LPCO),Political Party Committee,2.1,2024-12-23 00:00:00,Stripe.Com,South San Francisco,CA,94080,Bank Fees,Credit Card Fees
"RX PHARMACIES PLUS, INC - POLITICAL ACTION COMMITTEE",Political Committee,450.0,2024-12-23 00:00:00,Karen A Mccormick,Redacted By Sos,CO,99999,Contributions,
"RX PHARMACIES PLUS, INC - POLITICAL ACTION COMMITTEE",Political Committee,450.0,2024-12-23 00:00:00,Kyle M Brown,Louisville,CO,80027,Contributions,
"RX PHARMACIES PLUS, INC - POLITICAL ACTION COMMITTEE",Political Committee,225.0,2024-12-23 00:00:00,Committee To Elect Marc Snyder,Manitou Springs,CO,80829,Contributions,
"RX PHARMACIES PLUS, INC - POLITICAL ACTION COMMITTEE",Political Committee,225.0,2024-12-23 00:00:00,Meghan L Lukens,Redacted By Sos,CO,99999,Contributions,
"RX PHARMACIES PLUS, INC - POLITICAL ACTION COMMITTEE",Political Committee,225.0,2024-12-23 00:00:00,Dylan  Roberts,Redacted By Sos,CO,99999,Contributions,
"RX PHARMACIES PLUS, INC - POLITICAL ACTION COMMITTEE",Political Committee,225.0,2024-12-23 00:00:00,Kyle  Mullica,Thornton,CO,80602,Contributions,
VALDEZ FOR COLORADO RAINBOW FUND,Political Committee,83.85,2024-12-23 00:00:00,Mailchimp,Atlanta,GA,30308,Office Equipment & Supplies,
VALDEZ FOR COLORADO RAINBOW FUND,Political Committee,20.96,2024-12-23 00:00:00,Zoho,Pleasantville,CA,94588,Office Equipment & Supplies,
COLORADO CENTER PARTY CENTRAL COMMITTEE,Political Party Committee,2.08,2024-12-24 00:00:00,Google Ads,Mountain View,CA,94043,Miscellaneous,
EQUAL ACCESS FOR COLORADO AUTISM PATIENTS,Political Committee,22.0,2024-12-24 00:00:00,First Bank,Lakewood,CO,80215,Bank Fees,
JAVIER'S ECONOMIC JUSTICE FUND,Political Committee,5.0,2024-12-24 00:00:00,First Bank,Lakewood,CO,80235,Bank Fees,
LIBERTARIAN PARTY OF COLORADO (LPCO),Political Party Committee,144.0,2024-12-24 00:00:00,Microsoft,Redmond,WA,98052,Office Equipment & Supplies,Ms 365
LIBERTARIAN PARTY OF COLORADO (LPCO),Political Party Committee,11.94,2024-12-24 00:00:00,Stripe.Com,South San Francisco,CA,94080,Bank Fees,Credit Card Fees
AGRICULTURE PAC,Political Committee,50.0,2024-12-26 00:00:00,Polifi Llc,Fort Lupton,CO,80621,Consultant & Professional Services,
BUCKLE UP PAC,Political Committee,50.0,2024-12-26 00:00:00,Polifi Llc,Fort Lupton,CO,80621,Consultant & Professional Services,
COLORADO ASSOCIATION OF NATUROPATHIC DOCTORS SMALL DONOR COMMITTEE (COANDSDC),Small Donor Committee,200.0,2024-12-26 00:00:00,Lorena For Colorado,Redacted By Sos,CO,99999,Contributions,
COLORADO ASSOCIATION OF NATUROPATHIC DOCTORS SMALL DONOR COMMITTEE (COANDSDC),Small Donor Committee,200.0,2024-12-26 00:00:00,Kyle For Colorado,Louisville,CO,80027,Contributions,
COLORADO ASSOCIATION OF NATUROPATHIC DOCTORS SMALL DONOR COMMITTEE (COANDSDC),Small Donor Committee,200.0,2024-12-26 00:00:00,Ricks For Colorado,Aurora,CO,80015,Contributions,
COLORADO ASSOCIATION OF NATUROPATHIC DOCTORS SMALL DONOR COMMITTEE (COANDSDC),Small Donor Committee,200.0,2024-12-26 00:00:00,Iman For Colorado,Aurora,CO,80012,Contributions,
COLORADO ASSOCIATION OF NATUROPATHIC DOCTORS SMALL DONOR COMMITTEE (COANDSDC),Small Donor Committee,200.0,2024-12-26 00:00:00,Andrew For Colorado,Redacted By Sos,CO,99999,Contributions,
COLORADO ASSOCIATION OF NATUROPATHIC DOCTORS SMALL DONOR COMMITTEE (COANDSDC),Small Donor Committee,150.0,2024-12-26 00:00:00,Committee To Re-Elect Nick Hinrichsen,Denver,CO,80210,Contributions,
COLORADO ASSOCIATION OF NATUROPATHIC DOCTORS SMALL DONOR COMMITTEE (COANDSDC),Small Donor Committee,150.0,2024-12-26 00:00:00,Mark Baisley For Colorado,Woodland Park,CO,80863,Contributions,
COLORADO ASSOCIATION OF NATUROPATHIC DOCTORS SMALL DONOR COMMITTEE (COANDSDC),Small Donor Committee,200.0,2024-12-26 00:00:00,Dylan Roberts For Colorado,Redacted By Sos,CO,99999,Contributions,
COLORADO ASSOCIATION OF NATUROPATHIC DOCTORS SMALL DONOR COMMITTEE (COANDSDC),Small Donor Committee,150.0,2024-12-26 00:00:00,Elect Thomas Tony Exum,Redacted By Sos,CO,99999,Contributions,
COLORADO ASSOCIATION OF NATUROPATHIC DOCTORS SMALL DONOR COMMITTEE (COANDSDC),Small Donor Committee,150.0,2024-12-26 00:00:00,Cutter For Colorado,Redacted By Sos,CO,99999,Contributions,
COLORADO ASSOCIATION OF NATUROPATHIC DOCTORS SMALL DONOR COMMITTEE (COANDSDC),Small Donor Committee,150.0,2024-12-26 00:00:00,Jessie Danielson For Colorado,Redacted By Sos,CO,99999,Contributions,
COLORADO ASSOCIATION OF NATUROPATHIC DOCTORS SMALL DONOR COMMITTEE (COANDSDC),Small Donor Committee,150.0,2024-12-26 00:00:00,Committee To Elect Barbara Kirkmeyer To State Senate,Brighton,CO,80603,Contributions,
COLORADO ASSOCIATION OF NATUROPATHIC DOCTORS SMALL DONOR COMMITTEE (COANDSDC),Small Donor Committee,150.0,2024-12-26 00:00:00,Bridges For Colorado,Redacted By Sos,CO,99999,Contributions,
COLORADO ASSOCIATION OF NATUROPATHIC DOCTORS SMALL DONOR COMMITTEE (COANDSDC),Small Donor Committee,200.0,2024-12-26 00:00:00,Committee To Elect Rod Pelton,Cheyenne Wells,CO,80810,Contributions,
COLORADO SPRINGS AUTOMOBILE DEALERS ASSOCIATION PAC,Political Committee,387.38,2024-12-26 00:00:00,5 Star Bank,Colorado Springs,CO,80914,Bank Fees,Bank Checks
FENBERG LEADERSHIP FUND,Political Committee,137.1,2024-12-26 00:00:00,Mailchimp,Atlanta,GA,30308,Miscellaneous,Email Service
LIBERTARIAN PARTY OF COLORADO (LPCO),Political Party Committee,723.5,2024-12-26 00:00:00,Patriot Software Payroll,Canton,OH,44718,Employee Services,Payroll
LIBERTARIAN PARTY OF COLORADO (LPCO),Political Party Committee,19.97,2024-12-26 00:00:00,Stripe.Com,South San Francisco,CA,94080,Bank Fees,Credit Card Fees
LUNDEEN LEADERSHIP FUND,Political Committee,50.0,2024-12-26 00:00:00,"Sws Polifi, Llc",Lafayette,CO,80026,Other,7520 ∑ Accounting Fees
MAJORITIES MATTER!PAC,Political Committee,50.0,2024-12-26 00:00:00,Sws Polifi Llc,Fort Lupton,CO,80621,Consultant & Professional Services,
WORKERS COMPENSATION EDUCATION ASSOCIATION PAC (WCEA PAC),Political Committee,200.0,2024-12-26 00:00:00,Woodrow Leadership Pac,Redacted By Sos,CO,99999,Contributions,Chk#2101
COLORADO FORWARD PARTY COMMITTEE,Political Party Committee,29.0,2024-12-27 00:00:00,Printify,Wilmington,DE,9801,Office Equipment & Supplies,Printify Merchandise Store Fee
COLORADO STRONG POLITICAL COMMITTEE,Political Committee,50.0,2024-12-27 00:00:00,Polifi Llc,Fort Lupton,CO,80621,Consultant & Professional Services,
CONSTITUTIONAL CONSERVATIVE PAC,Political Committee,50.0,2024-12-27 00:00:00,Polifi Llc,Fort Lupton,CO,80621,Consultant & Professional Services,
HARTSOOK LEADERSHIP PAC,Political Committee,50.0,2024-12-27 00:00:00,Polifi Llc,Fort Lupton,CO,80621,Consultant & Professional Services,
LIBERTARIAN PARTY OF COLORADO (LPCO),Political Party Committee,6.22,2024-12-27 00:00:00,Stripe.Com,South San Francisco,CA,94080,Bank Fees,Credit Card Fees
MANNY RUTINEL LEADERSHIP FUND,Political Committee,24.2,2024-12-27 00:00:00,First Bank,Commerce City,CO,80022,Bank Fees,Bank Fees
RISING TIDES PAC,Political Committee,31.2,2024-12-27 00:00:00,Bank Of Colorado,Fort Lupton,CO,80621,Bank Fees,
ROSE PAC,Political Committee,50.0,2024-12-27 00:00:00,Polifi Llc,Fort Lupton,CO,80621,Consultant & Professional Services,
TAKE COLO BACK POLITICAL COMM,Political Committee,50.0,2024-12-27 00:00:00,Polifi Llc,Fort Lupton,CO,80621,Consultant & Professional Services,
UNITED COLORADO COMMITTEE,Political Party Committee,12.0,2024-12-27 00:00:00,Constant Contact,Waltham,MA,02451,Office Equipment & Supplies,Constant Contact Email
DEMOCRATIC PARTY CONGRESSIONAL DISTRICT 4 COLORADO,Political Party Committee,0.6,2025-12-28 00:00:00,Actblue Technical Services,Somerville,MA,02144,Other,Cc Processing Fee
FOOTHILLS REPUBLICANS,Political Committee,70.0,2023-12-29 00:00:00,Denise  Mund,Arvada,CO,80004,Other,December Meeting Refund
FOOTHILLS REPUBLICANS,Political Committee,35.0,2023-12-29 00:00:00,Michael  Paro,Arvada,CO,80004,Other,December Meeting Refund
DEMOCRATIC PARTY CONGRESSIONAL DISTRICT 4 COLORADO,Political Party Committee,1.2,2024-12-29 00:00:00,Actblue Technical Services,Somerville,MA,02144,Other,Cc Processing Fee
DEMOCRATIC PARTY CONGRESSIONAL DISTRICT 4 COLORADO,Political Party Committee,468.0,2025-12-29 00:00:00,"Jotform, Inc",San Francisco,CA,94111,Advertising,Advertising Support
ODOPAC,Political Committee,400.0,2025-12-29 00:00:00,Karen For Adams County Commissioner,Arvada,CO,80003,Contributions,
FUERZA,Small Donor Committee,2.0,2022-12-30 00:00:00,Firstbank,Denver,CO,80211,Bank Fees,
ADVANCED ENERGY ACTION,Political Committee,24.0,2024-12-30 00:00:00,Amalgamated Bank,Washington,DC,20006,Bank Fees,Bank Fees
CONSTRUCTION COOPERATIVE COUNCIL,Political Committee,-450.0,2024-12-30 00:00:00,Janet Buckner For Colorado,Aurora,CO,80014,Returned Expenditure,Resigned From Race - Returned Check Uncashed
DEMOCRATIC PARTY CONGRESSIONAL DISTRICT 4 COLORADO,Political Party Committee,468.0,2024-12-30 00:00:00,"Jotform, Inc",San Francisco,CA,94111,Other,Administration App
DLCC COLORADO (DEMOCRATIC LEGISLATIVE CAMPAIGN COMMITTEE COLORADO),Small Donor Committee,12.0,2024-12-30 00:00:00,Amalgamated Bank,New York,NY,10001,Bank Fees,
EMILY'S LIST COLORADO SMALL DONOR COMMITTEE,Small Donor Committee,92.91,2024-12-30 00:00:00,Amalgamated Bank,Washington,DC,20006,Bank Fees,Bank Fees
LEADERSHIP FOR EDUCATIONAL EQUITY - COLORADO PAC,Political Committee,0.25,2024-12-30 00:00:00,,,,,Advertising,
LIBERTARIAN PARTY OF COLORADO (LPCO),Political Party Committee,168.49,2024-12-30 00:00:00,Patriot Software Taxes,Canton,OH,44718,Employee Services,Payroll Taxes
LIBERTARIAN PARTY OF COLORADO (LPCO),Political Party Committee,4.32,2024-12-30 00:00:00,Stripe.Com,South San Francisco,CA,94080,Bank Fees,Credit Card Fees
SNYDER FOR COLORADO LEADERSHIP FUND,Political Committee,500.0,2024-12-30 00:00:00,Committee To Elect Chauncy Johnson,Colorado Springs,CO,80910,Contributions,
VALDEZ FOR COLORADO RAINBOW FUND,Political Committee,2.0,2024-12-30 00:00:00,First Bank,Lakewood,CO,80215,Bank Fees,
FOOTHILLS REPUBLICANS,Political Committee,176.0,2023-12-31 00:00:00,Mary  Everson,Littleton,CO,80127,Other,Reimburse Mary Everson For Po Box Renewal
IAFF #3 SMALL DONOR ACCOUNT,Small Donor Committee,56.0,2023-12-31 00:00:00,,,,,Entertainment,Pueblo Latino Chamber Candidate Breakfast Event
IAFF #3 SMALL DONOR ACCOUNT,Small Donor Committee,3000.0,2023-12-31 00:00:00,,,,,Contributions,.
IAFF #3 SMALL DONOR ACCOUNT,Small Donor Committee,2000.0,2023-12-31 00:00:00,,,,,Other,Fraudulent Transfer
350 COLORADO ACTION PAC,Political Committee,3.0,2024-12-31 00:00:00,Elevations Credit Union,Boulder,CO,80302,Bank Fees,
ADAMS EDUCATORS FOR PUBLIC EDUCATION,Small Donor Committee,5.0,2024-12-31 00:00:00,,,,,Bank Fees,Bank Fee
"AGRICULTURE STRONG, COLORADO UNITED",Small Donor Committee,10.0,2024-12-31 00:00:00,First Bank North,Brighton,CO,80601,Bank Fees,
CERTIFIED PUBLIC ACCOUNTANTS PAC,Political Committee,5.0,2024-12-31 00:00:00,,,,,Bank Fees,Bank Fee
COLORADO CLEANTECH PAC,Political Committee,10.0,2024-12-31 00:00:00,Wells Fargo,Denver,CO,80202,Bank Fees,Bank Fees
COLORADO COMMITTEE OF AUTO RETAILERS (COLO C.A.R.),Political Committee,-450.0,2024-12-31 00:00:00,Monica Duran For State Rep.,Wheat Ridge,CO,80033,Returned Expenditure,Original Check Created But Never Given To Candidate/Committee.
COLORADO COMMITTEE OF AUTO RETAILERS (COLO C.A.R.),Political Committee,-450.0,2024-12-31 00:00:00,Winter For Hd47,Redacted By Sos,CO,99999,Returned Expenditure,Original Check Created But Never Given To Candidate/Committee.
COLORADO COMMITTEE OF AUTO RETAILERS (COLO C.A.R.),Political Committee,-450.0,2024-12-31 00:00:00,Committee To Elect Matt Soper,Redacted By Sos,CO,99999,Returned Expenditure,Original Check Created But Never Given To Candidate/Committee.
COLORADO COMMITTEE OF AUTO RETAILERS (COLO C.A.R.),Political Committee,-450.0,2024-12-31 00:00:00,Dylan Roberts For Colorado,Redacted By Sos,CO,99999,Returned Expenditure,Original Check Created But Never Given To Candidate/Committee.
COLORADO COMMITTEE OF AUTO RETAILERS (COLO C.A.R.),Political Committee,-450.0,2024-12-31 00:00:00,Committee To Elect Mary Bradfield,Colorado Springs,CO,80911,Returned Expenditure,Original Check Created But Never Given To Candidate/Committee.
COLORADO COMMITTEE OF AUTO RETAILERS (COLO C.A.R.),Political Committee,3.0,2024-12-31 00:00:00,,,,,Bank Fees,Bank Fees
COLORADO DEMOCRATIC PARTY,Political Party Committee,17.0,2024-12-31 00:00:00,Firstbank,Lakewood,CO,80215,Bank Fees,Bank Fees
COLORADO DEMOCRATIC PARTY,Political Party Committee,8.0,2024-12-31 00:00:00,Firstbank,Lakewood,CO,80215,Bank Fees,Bank Fees
COLORADO DEMOCRATIC PARTY,Political Party Committee,2.0,2024-12-31 00:00:00,Firstbank,Lakewood,CO,80215,Bank Fees,Bank Fees
COLORADO DENTAL HYGIENISTS PAC,Political Committee,15.0,2024-12-31 00:00:00,Jpmorgan Chase Bank,Columbus,OH,43218-2051,Bank Fees,
COLORADO LEAGUE OF CHARTER SCHOOLS ACTION SMALL DONOR COMMITTEE (CLCS ACTION SDC),Small Donor Committee,12.0,2024-12-31 00:00:00,Firstbank,Denver,CO,80203,Bank Fees,Bank Fees
COLORADO PSYCHOLOGICAL ASSOCIATION,Political Committee,25.0,2024-12-31 00:00:00,Keybank National Association,Greenwood Village,CO,80111,Bank Fees,
COLORADO RADIOLOGICAL SOCIETY POLITICAL COMMITTEE,Political Committee,-200.0,2024-12-31 00:00:00,Camacho For Colorado,Redacted By Sos,CO,99999,Returned Expenditure,Received Too Late
COLORADO RADIOLOGICAL SOCIETY POLITICAL COMMITTEE,Political Committee,-100.0,2024-12-31 00:00:00,Brianna For Colorado,Redacted By Sos,CO,99999,Returned Expenditure,Did Not Receive In Time
COLORADO SKI COUNTRY USA PAC,Political Committee,5.0,2024-12-31 00:00:00,,,,,Bank Fees,Bank Service Charge
CONSERVATION COLORADO ACTION FUND (SDC) (CCAF SDC),Small Donor Committee,4.85,2024-12-31 00:00:00,,,,,Miscellaneous,Certified Mail Fee
CONSERVATION COLORADO ACTION FUND (SDC) (CCAF SDC),Small Donor Committee,5.0,2024-12-31 00:00:00,,,,,Miscellaneous,Sos Filing Fee
CONSERVATION COLORADO ACTION FUND (SDC) (CCAF SDC),Small Donor Committee,1158.94,2024-12-31 00:00:00,Conservation Colorado,Denver,CO,80203,Employee Services,Staff Hours
CONSTRUCTION COOPERATIVE COUNCIL,Political Committee,-450.0,2024-12-31 00:00:00,Mandy For Colorado,Aurora,CO,80010,Returned Expenditure,Returned Check Uncashed
CONSTRUCTION COOPERATIVE COUNCIL,Political Committee,-450.0,2024-12-31 00:00:00,Friends Of Robyn Carnes,Centennial,CO,80122,Returned Expenditure,Returned Check Uncashed
"ELEVANCE HEALTH, INC. POLITICAL ACTION COMMITTEE (ELEVANCE HEALTH PAC)",Political Committee,-225.0,2024-12-31 00:00:00,Matt Burcham For Colorado,Highlands Ranch,CO,80130,Returned Expenditure,Lost Contribution
FAMILIES FOR RESPONSIBLE GOVERNMENT,Political Committee,2.0,2024-12-31 00:00:00,Firstbank,Brighton,CO,80601,Bank Fees,
FENBERG LEADERSHIP FUND,Political Committee,9.0,2024-12-31 00:00:00,,,,,Bank Fees,Bank Fee
FUERZA,Small Donor Committee,2.0,2024-12-31 00:00:00,Firstbank,Denver,CO,80211,Bank Fees,
GREENCO PC,Political Committee,5.0,2024-12-31 00:00:00,Firstbank,Glendale,CO,80246,Bank Fees,Entered Late Because The Bank Said They Weren'T Going To Charge Us And Then Did.
HOME CARE PAC,Political Committee,3.0,2024-12-31 00:00:00,Keybank,Cleveland,OH,44101,Bank Fees,
JESSIE DANIELSON GRASSROOTS FUND,Small Donor Committee,15.0,2024-12-31 00:00:00,Chase Bank,Wheat Ridge,CO,80033,Bank Fees,
JESSIE DANIELSON PAC,Political Committee,15.09,2024-12-31 00:00:00,Chase Bank,Wheat Ridge,CO,80033,Bank Fees,
KAREN FOR CO LEADERSHIP PAC,Political Committee,6.0,2024-12-31 00:00:00,Vectra Bank Colorado,Longmont,CO,80501,Bank Fees,Monthly Service Charge
LIBERTARIAN PARTY OF COLORADO (LPCO),Political Party Committee,0.6,2024-12-31 00:00:00,Staples,Framingham,MA,01702,Office Equipment & Supplies,Copies
LIBERTARIAN PARTY OF COLORADO (LPCO),Political Party Committee,1.05,2024-12-31 00:00:00,Stripe.Com,South San Francisco,CA,94080,Bank Fees,Credit Card Fees
MANNY RUTINEL LEADERSHIP FUND,Political Committee,623.81,2024-12-31 00:00:00,Notion Labs,San Francisco,CA,94110,Office Equipment & Supplies,Software
MAX PAC,Political Committee,2.0,2024-12-31 00:00:00,Independent Financial,Castle Rock,CO,80104,Bank Fees,Monthly Bank Fee
MONICA PAC,Political Committee,0.83,2024-12-31 00:00:00,Actblue,West Somerville,MA,02144,Fundraising Expenses,
MONICA PAC,Political Committee,2.0,2024-12-31 00:00:00,,,,,Bank Fees,
NAIOP COLORADO PAC,Political Committee,15.0,2024-12-31 00:00:00,1Stbank Of Denver,Denver,CO,80202,Bank Fees,
NAIOP COLORADO SMALL DONOR COMMITTEE,Small Donor Committee,27.0,2024-12-31 00:00:00,1Stbank Of Denver,Denver,CO,80202,Bank Fees,
NURSES FOR POLITCAL ACTION IN COLORADO (N-PAC),Political Committee,10.0,2024-12-31 00:00:00,Umb Bank,Denver,CO,80218,Bank Fees,
ODOPAC,Political Committee,2.0,2024-12-31 00:00:00,First Bank,Thornton,CO,80233,Bank Fees,
ORALE FUND,Political Committee,2.0,2024-12-31 00:00:00,Firstbank,Denver,CO,80203,Bank Fees,
REALTOR CANDIDATE POLITICAL ACTION COMMITTEE (RCPAC) - FKA: COLORADO ASSOCIATION OF REALTORS PAC (CO,Political Committee,25.0,2024-12-31 00:00:00,Firstbank,Lakewood,CO,80215,Bank Fees,Bank Fees
REALTOR SMALL DONOR COMMITTEE (RSDC),Small Donor Committee,25.0,2024-12-31 00:00:00,Firstbank,Lakewood,CO,80215,Bank Fees,Bank Fee
REPUBLIC SERVICES INC. EMPLOYEES FOR BETTER GOVERNMENT PAC,Political Committee,-400.0,2024-12-31 00:00:00,Lindsey For Colorado,Arvada,CO,80004,Returned Expenditure,Check Voided: Original Issue Date 10/24/2024
REPUBLIC SERVICES INC. EMPLOYEES FOR BETTER GOVERNMENT PAC,Political Committee,-400.0,2024-12-31 00:00:00,Coleman For Colorado,Denver,CO,80249,Returned Expenditure,Check Voided: Original Issue Date 10/24/2024
REPUBLIC SERVICES INC. EMPLOYEES FOR BETTER GOVERNMENT PAC,Political Committee,-400.0,2024-12-31 00:00:00,Kyle For Colorado,Louisville,CO,80027,Returned Expenditure,Check Voided: Original Issue Date 10/24/2024
SHEILA FOR COLORADO LEADERSHIP FUND,Political Committee,2.0,2024-12-31 00:00:00,First Bank,Lakewood,CO,80232,Bank Fees,Bank Card
SNYDER FOR COLORADO LEADERSHIP FUND,Political Committee,2.0,2024-12-31 00:00:00,First Bank,Lakewood,CO,80215,Bank Fees,
TAKE COLO BACK POLITICAL COMM,Political Committee,2.0,2024-12-31 00:00:00,First Bank,Brighton,CO,80601,Bank Fees,
THE COLEMAN LEADERSHIP FUND,Political Committee,4.0,2024-12-31 00:00:00,1St Bank,Denver,CO,80249,Bank Fees,
VOICES FOR CHOICE SMALL DONOR COMMITTEE,Small Donor Committee,2.0,2024-12-31 00:00:00,,,,,Bank Fees,Bank Fees
DEMOCRATIC PARTY CONGRESSIONAL DISTRICT 4 COLORADO,Political Party Committee,17.38,2025-12-31 00:00:00,Unknown,Parker,CO,80138,Fundraising Expenses,Unknown Expense
CONSERVATIVE ACTION COMMITTEE,Political Committee,18.75,2025-01-05 00:00:00,"Sks Solutions, Llc",Colorado Springs,CO,80921,Consultant & Professional Services,Consulting Services
"AGRICULTURE STRONG, COLORADO UNITED",Small Donor Committee,820.4,2026-01-20 00:00:00,Kirkmeyer For Colorado,Brighton,CO,80603,Contributions,
KEVIN'S POLITICAL ACTION COMMITTEE OR KPAC,Political Committee,60.0,2026-01-28 00:00:00,Key Bank,Cleveland,OH,44101,Bank Fees,
KEVIN'S POLITICAL ACTION COMMITTEE OR KPAC,Political Committee,181.0,2026-01-28 00:00:00,Senate Democrats Causus Fund,Denver,CO,,Miscellaneous,
KEVIN'S POLITICAL ACTION COMMITTEE OR KPAC,Political Committee,850.0,2026-01-28 00:00:00,Senate Democrats Causus Fund,Denver,CO,,"Food, Beverages and Meals",
KEVIN'S POLITICAL ACTION COMMITTEE OR KPAC,Political Committee,400.0,2026-01-28 00:00:00,Elect Thomas Tony Exum,Redacted By Sos,CO,99999,Contributions,
KEVIN'S POLITICAL ACTION COMMITTEE OR KPAC,Political Committee,150.0,2026-01-28 00:00:00,Co Sec Of State,Denver,CO,,Other,Fine For Late Filing
KEVIN'S POLITICAL ACTION COMMITTEE OR KPAC,Political Committee,240.0,2026-01-28 00:00:00,Sober Af Entertainment,Longmont,CO,80501,Gifts,
KEVIN'S POLITICAL ACTION COMMITTEE OR KPAC,Political Committee,50.0,2026-01-28 00:00:00,Butler For Greeley,,CO,,Contributions,
KEVIN'S POLITICAL ACTION COMMITTEE OR KPAC,Political Committee,250.0,2026-01-28 00:00:00,Caraveo For Colorado,Thornton,CO,80241,Contributions,
KEVIN'S POLITICAL ACTION COMMITTEE OR KPAC,Political Committee,350.0,2026-01-28 00:00:00,Senate Democrats Causus Fund,Denver,CO,,"Food, Beverages and Meals",
KEVIN'S POLITICAL ACTION COMMITTEE OR KPAC,Political Committee,100.0,2026-01-28 00:00:00,Kyra For Colorado,Redacted By Sos,CO,99999,Contributions,
KEVIN'S POLITICAL ACTION COMMITTEE OR KPAC,Political Committee,100.0,2026-01-28 00:00:00,Sonya For Colorado,Longmont,CO,80504,Contributions,
KEVIN'S POLITICAL ACTION COMMITTEE OR KPAC,Political Committee,100.0,2026-01-28 00:00:00,The Committee To Elect Matt Johnston,Brighton,CO,80601,Contributions,
KEVIN'S POLITICAL ACTION COMMITTEE OR KPAC,Political Committee,100.0,2026-01-28 00:00:00,Hansen For Colorado,Durango,CO,81301,Contributions,
KEVIN'S POLITICAL ACTION COMMITTEE OR KPAC,Political Committee,100.0,2026-01-28 00:00:00,Coleman For Colorado,Denver,CO,80249,Contributions,
KEVIN'S POLITICAL ACTION COMMITTEE OR KPAC,Political Committee,100.0,2026-01-28 00:00:00,Elect Judy Amabile Sd-18,Boulder,CO,80302,Contributions,
KEVIN'S POLITICAL ACTION COMMITTEE OR KPAC,Political Committee,100.0,2026-01-28 00:00:00,Rhonda Fields For Commissioner,Aurora,CO,80011,Contributions,
KEVIN'S POLITICAL ACTION COMMITTEE OR KPAC,Political Committee,50.0,2026-01-28 00:00:00,Kathy Henson For Adams County,,CO,,Contributions,
KEVIN'S POLITICAL ACTION COMMITTEE OR KPAC,Political Committee,225.0,2026-01-28 00:00:00,Adams County Democratic Party (A.C.D.C.C),Westminster,CO,80031,Contributions,
KEVIN'S POLITICAL ACTION COMMITTEE OR KPAC,Political Committee,200.0,2026-01-28 00:00:00,Adams County Democratic Party (A.C.D.C.C),Westminster,CO,80031,Contributions,
KEVIN'S POLITICAL ACTION COMMITTEE OR KPAC,Political Committee,200.0,2026-01-28 00:00:00,Elect Elisabeth Epps,Denver,CO,80206,Contributions,
KEVIN'S POLITICAL ACTION COMMITTEE OR KPAC,Political Committee,200.0,2026-01-28 00:00:00,The Committee To Elect Matt Johnston,Brighton,CO,80601,Contributions,
KEVIN'S POLITICAL ACTION COMMITTEE OR KPAC,Political Committee,200.0,2026-01-28 00:00:00,Adams County Democratic Party (A.C.D.C.C),Westminster,CO,80031,Contributions,
KEVIN'S POLITICAL ACTION COMMITTEE OR KPAC,Political Committee,200.0,2026-01-28 00:00:00,Committee To Elect Julie Duran Mullica,Thornton,CO,80602,Contributions,
KEVIN'S POLITICAL ACTION COMMITTEE OR KPAC,Political Committee,200.0,2026-01-28 00:00:00,Lynn For Adams County,Brighton,CO,80601,Contributions,
KEVIN'S POLITICAL ACTION COMMITTEE OR KPAC,Political Committee,200.0,2026-01-28 00:00:00,Kathy Henson For Adams County,,CO,,Contributions,
KEVIN'S POLITICAL ACTION COMMITTEE OR KPAC,Political Committee,100.0,2026-01-28 00:00:00,Committee To Elect Stephanie Vigil,Redacted By Sos,CO,99999,Contributions,
KEVIN'S POLITICAL ACTION COMMITTEE OR KPAC,Political Committee,100.0,2026-01-28 00:00:00,Hood For Colorado,Redacted By Sos,CO,99999,Contributions,
KEVIN'S POLITICAL ACTION COMMITTEE OR KPAC,Political Committee,50.0,2026-01-28 00:00:00,Co Sec Of State,Denver,CO,,Other,Late File Fee
KEVIN'S POLITICAL ACTION COMMITTEE OR KPAC,Political Committee,127.74,2026-01-28 00:00:00,Network Solutions,Herndon,VA,20171,Advertising,
KEVIN'S POLITICAL ACTION COMMITTEE OR KPAC,Political Committee,47.97,2026-01-28 00:00:00,Key Bank,Cleveland,OH,44101,Bank Fees,
KEVIN'S POLITICAL ACTION COMMITTEE OR KPAC,Political Committee,243.71,2026-01-28 00:00:00,Network Solutions,Herndon,VA,20171,Advertising,
KEVIN'S POLITICAL ACTION COMMITTEE OR KPAC,Political Committee,199.0,2026-01-28 00:00:00,Drop Box,San Francisco,CA,94158,Office Equipment & Supplies,
KEVIN'S POLITICAL ACTION COMMITTEE OR KPAC,Political Committee,308.91,2026-01-28 00:00:00,Network Solutions,Herndon,VA,20171,Advertising,
KEVIN'S POLITICAL ACTION COMMITTEE OR KPAC,Political Committee,753.6,2026-01-28 00:00:00,Constant Contact,Waltham,MA,02451,Office Equipment & Supplies,
KEVIN'S POLITICAL ACTION COMMITTEE OR KPAC,Political Committee,31.88,2026-01-28 00:00:00,Network Solutions,Herndon,VA,20171,Advertising,
KEVIN'S POLITICAL ACTION COMMITTEE OR KPAC,Political Committee,157.0,2026-01-28 00:00:00,Constant Contact,Waltham,MA,02451,Office Equipment & Supplies,
KEVIN'S POLITICAL ACTION COMMITTEE OR KPAC,Political Committee,41.88,2026-01-28 00:00:00,Network Solutions,Herndon,VA,20171,Advertising,
KEVIN'S POLITICAL ACTION COMMITTEE OR KPAC,Political Committee,145.0,2026-01-28 00:00:00,Constant Contact,Waltham,MA,02451,Office Equipment & Supplies,
KEVIN'S POLITICAL ACTION COMMITTEE OR KPAC,Political Committee,214.81,2026-01-28 00:00:00,Network Solutions,Herndon,VA,20171,Advertising,
KEVIN'S POLITICAL ACTION COMMITTEE OR KPAC,Political Committee,145.0,2026-01-28 00:00:00,Constant Contact,Waltham,MA,02451,Office Equipment & Supplies,
KEVIN'S POLITICAL ACTION COMMITTEE OR KPAC,Political Committee,31.88,2026-01-28 00:00:00,Network Solutions,Herndon,VA,20171,Advertising,
KEVIN'S POLITICAL ACTION COMMITTEE OR KPAC,Political Committee,145.0,2026-01-28 00:00:00,Constant Contact,Waltham,MA,02451,Office Equipment & Supplies,
KEVIN'S POLITICAL ACTION COMMITTEE OR KPAC,Political Committee,31.88,2026-01-28 00:00:00,Network Solutions,Herndon,VA,20171,Advertising,
KEVIN'S POLITICAL ACTION COMMITTEE OR KPAC,Political Committee,145.0,2026-01-28 00:00:00,Constant Contact,Waltham,MA,02451,Office Equipment & Supplies,
KEVIN'S POLITICAL ACTION COMMITTEE OR KPAC,Political Committee,31.88,2026-01-28 00:00:00,Network Solutions,Herndon,VA,20171,Advertising,
KEVIN'S POLITICAL ACTION COMMITTEE OR KPAC,Political Committee,145.0,2026-01-28 00:00:00,Constant Contact,Waltham,MA,02451,Office Equipment & Supplies,
KEVIN'S POLITICAL ACTION COMMITTEE OR KPAC,Political Committee,41.83,2026-01-28 00:00:00,Network Solutions,Herndon,VA,20171,Advertising,
KEVIN'S POLITICAL ACTION COMMITTEE OR KPAC,Political Committee,145.0,2026-01-28 00:00:00,Constant Contact,Waltham,MA,02451,Office Equipment & Supplies,
KEVIN'S POLITICAL ACTION COMMITTEE OR KPAC,Political Committee,127.74,2026-01-28 00:00:00,Network Solutions,Herndon,VA,20171,Advertising,
KEVIN'S POLITICAL ACTION COMMITTEE OR KPAC,Political Committee,145.0,2026-01-28 00:00:00,Constant Contact,Waltham,MA,02451,Office Equipment & Supplies,
KEVIN'S POLITICAL ACTION COMMITTEE OR KPAC,Political Committee,41.83,2026-01-28 00:00:00,Network Solutions,Herndon,VA,20171,Advertising,
KEVIN'S POLITICAL ACTION COMMITTEE OR KPAC,Political Committee,145.0,2026-01-28 00:00:00,Constant Contact,Waltham,MA,02451,Office Equipment & Supplies,
KEVIN'S POLITICAL ACTION COMMITTEE OR KPAC,Political Committee,145.0,2026-01-28 00:00:00,Constant Contact,Waltham,MA,02451,Office Equipment & Supplies,
KEVIN'S POLITICAL ACTION COMMITTEE OR KPAC,Political Committee,203.21,2026-01-28 00:00:00,Network Solutions,Herndon,VA,20171,Advertising,
KEVIN'S POLITICAL ACTION COMMITTEE OR KPAC,Political Committee,199.0,2026-01-28 00:00:00,Drop Box,San Francisco,CA,94158,Office Equipment & Supplies,
KEVIN'S POLITICAL ACTION COMMITTEE OR KPAC,Political Committee,268.73,2026-01-28 00:00:00,Network Solutions,Herndon,VA,20171,Office Equipment & Supplies,
KEVIN'S POLITICAL ACTION COMMITTEE OR KPAC,Political Committee,145.0,2026-01-28 00:00:00,Constant Contact,Waltham,MA,02451,Office Equipment & Supplies,
KEVIN'S POLITICAL ACTION COMMITTEE OR KPAC,Political Committee,31.88,2026-01-28 00:00:00,Network Solutions,Herndon,VA,20171,Advertising,
KEVIN'S POLITICAL ACTION COMMITTEE OR KPAC,Political Committee,145.0,2026-01-28 00:00:00,Constant Contact,Waltham,MA,02451,Office Equipment & Supplies,
KEVIN'S POLITICAL ACTION COMMITTEE OR KPAC,Political Committee,31.88,2026-01-28 00:00:00,Network Solutions,Herndon,VA,20171,Advertising,
KEVIN'S POLITICAL ACTION COMMITTEE OR KPAC,Political Committee,145.0,2026-01-28 00:00:00,Constant Contact,Waltham,MA,02451,Office Equipment & Supplies,
KEVIN'S POLITICAL ACTION COMMITTEE OR KPAC,Political Committee,41.88,2026-01-28 00:00:00,Network Solutions,Herndon,VA,20171,Advertising,
KEVIN'S POLITICAL ACTION COMMITTEE OR KPAC,Political Committee,206.81,2026-01-28 00:00:00,Network Solutions,Herndon,VA,20171,Office Equipment & Supplies,
KEVIN'S POLITICAL ACTION COMMITTEE OR KPAC,Political Committee,145.0,2026-01-28 00:00:00,Constant Contact,Waltham,MA,02451,Office Equipment & Supplies,
KEVIN'S POLITICAL ACTION COMMITTEE OR KPAC,Political Committee,31.88,2026-01-28 00:00:00,Network Solutions,Herndon,VA,20171,Advertising,
KEVIN'S POLITICAL ACTION COMMITTEE OR KPAC,Political Committee,125.0,2026-01-28 00:00:00,Constant Contact,Waltham,MA,02451,Office Equipment & Supplies,
KEVIN'S POLITICAL ACTION COMMITTEE OR KPAC,Political Committee,31.88,2026-01-28 00:00:00,Network Solutions,Herndon,VA,20171,Advertising,
KEVIN'S POLITICAL ACTION COMMITTEE OR KPAC,Political Committee,125.0,2026-01-28 00:00:00,Constant Contact,Waltham,MA,02451,Office Equipment & Supplies,
KEVIN'S POLITICAL ACTION COMMITTEE OR KPAC,Political Committee,41.83,2026-01-28 00:00:00,Network Solutions,Herndon,VA,20171,Advertising,
KEVIN'S POLITICAL ACTION COMMITTEE OR KPAC,Political Committee,390.0,2026-01-28 00:00:00,Colorado Democratic Party,Denver,CO,80203,Contributions,Act Blue Donationi
KEVIN'S POLITICAL ACTION COMMITTEE OR KPAC,Political Committee,125.0,2026-01-28 00:00:00,Constant Contact,Waltham,MA,02451,Consultant & Professional Services,
KEVIN'S POLITICAL ACTION COMMITTEE OR KPAC,Political Committee,31.88,2026-01-28 00:00:00,Network Solutions,Herndon,VA,20171,Advertising,
KEVIN'S POLITICAL ACTION COMMITTEE OR KPAC,Political Committee,125.0,2026-01-28 00:00:00,Constant Contact,Waltham,MA,02451,Office Equipment & Supplies,
KEVIN'S POLITICAL ACTION COMMITTEE OR KPAC,Political Committee,43.86,2026-01-28 00:00:00,Network Solutions,Herndon,VA,20171,Advertising,
KEVIN'S POLITICAL ACTION COMMITTEE OR KPAC,Political Committee,172.67,2026-01-28 00:00:00,Lifestyle Photography,Arvada,CO,80005,Advertising,
KEVIN'S POLITICAL ACTION COMMITTEE OR KPAC,Political Committee,43.86,2026-01-28 00:00:00,Network Solutions,Herndon,VA,20171,Advertising,
KEVIN'S POLITICAL ACTION COMMITTEE OR KPAC,Political Committee,25.0,2026-01-28 00:00:00,Starbucks,Seattle,WA,98134,"Food, Beverages and Meals",
KEVIN'S POLITICAL ACTION COMMITTEE OR KPAC,Political Committee,125.0,2026-01-28 00:00:00,Constant Contact,Waltham,MA,02451,Office Equipment & Supplies,
KEVIN'S POLITICAL ACTION COMMITTEE OR KPAC,Political Committee,40.83,2026-01-28 00:00:00,Network Solutions,Herndon,VA,20171,Advertising,
KEVIN'S POLITICAL ACTION COMMITTEE OR KPAC,Political Committee,240.0,2026-01-28 00:00:00,Usps,Washington,DC,20260,Advertising,
KEVIN'S POLITICAL ACTION COMMITTEE OR KPAC,Political Committee,125.0,2026-01-28 00:00:00,Constant Contact,Waltham,MA,02451,Office Equipment & Supplies,
KEVIN'S POLITICAL ACTION COMMITTEE OR KPAC,Political Committee,202.21,2026-01-28 00:00:00,Network Solutions,Herndon,VA,20171,Advertising,
KEVIN'S POLITICAL ACTION COMMITTEE OR KPAC,Political Committee,125.0,2026-01-28 00:00:00,Constant Contact,Waltham,MA,02451,Office Equipment & Supplies,
KEVIN'S POLITICAL ACTION COMMITTEE OR KPAC,Political Committee,109.79,2026-01-28 00:00:00,Monarch Resort,Reno,NV,89502,"Food, Beverages and Meals",
KEVIN'S POLITICAL ACTION COMMITTEE OR KPAC,Political Committee,90.0,2026-01-28 00:00:00,Meta,Menlo Park,CA,94025,Advertising,
KEVIN'S POLITICAL ACTION COMMITTEE OR KPAC,Political Committee,504.1,2026-01-28 00:00:00,Michelle  Priola,Henderson,CO,80640,Employee Services,Fundraising Help.
KEVIN'S POLITICAL ACTION COMMITTEE OR KPAC,Political Committee,857.0,2026-01-28 00:00:00,Michelle  Priola,Henderson,CO,80640,Employee Services,
KEVIN'S POLITICAL ACTION COMMITTEE OR KPAC,Political Committee,1250.0,2026-01-28 00:00:00,Michelle  Priola,Henderson,CO,80640,Employee Services,Fundraising Help
KEVIN'S POLITICAL ACTION COMMITTEE OR KPAC,Political Committee,500.0,2026-01-28 00:00:00,Friends Of Kevin Priola,Henderson,CO,80640,Contributions,
INVESTHER,Political Committee,725.0,2026-02-24 00:00:00,Brianna For Treasurer,Redacted By Sos,CO,99999,Contributions,Campaign Contribution
INVESTHER,Political Committee,725.0,2026-02-25 00:00:00,Jena For Colorado,Redacted By Sos,CO,99999,Contributions,Campaign Contribution
INVESTHER,Political Committee,63.55,2026-02-25 00:00:00,Jennifer  Benson,Denver,CO,80211,Consultant & Professional Services,Administrative Consulting Fee
PRINCIPLED LEADERSHIP COMMITTEE OF COLORADO,Political Committee,147.19,2026-02-25 00:00:00,"Strategic Compliance, Llc",Denver,CO,80205,Consultant & Professional Services,Compliance Consulting
BUCKLE UP PAC,Political Committee,-100.0,2023-05-08 00:00:00,Polifi Llc,Fort Lupton,CO,80621,Consultant & Professional Services,Offset Due To Deletion Of Filed Item
VELASCO LEADERSHIP FUND,Political Committee,0.79,2025-07-06 00:00:00,Actblue,Somerville,MA,02144,Consultant & Professional Services,
YARA LEADERSHIP FUND,Political Committee,125.0,2025-07-08 00:00:00,"Jonah Salehi, Consultant",Fort Collins,CO,80526,Consultant & Professional Services,
YARA LEADERSHIP FUND,Political Committee,125.0,2025-07-11 00:00:00,"Jonah Salehi, Consultant",Fort Collins,CO,80526,Consultant & Professional Services,
BUCKLE UP PAC,Political Committee,-100.0,2024-07-12 00:00:00,Polifi Llc,Fort Lupton,CO,80621,Consultant & Professional Services,Offset Due To Deletion Of Filed Item
YARA LEADERSHIP FUND,Political Committee,225.0,2025-07-17 00:00:00,"Jonah Salehi, Consultant",Fort Collins,CO,80526,Consultant & Professional Services,
COLORADANS FOR WESTERN VALUES LEADERSHIP PAC,Political Committee,4.3,2025-07-19 00:00:00,Anedot,Baton Rouge,LA,70884,Bank Fees,Anedot Charge For Kevin Neimond Contribution.
YARA LEADERSHIP FUND,Political Committee,240.0,2025-07-25 00:00:00,"Jonah Salehi, Consultant",Fort Collins,CO,80526,Consultant & Professional Services,
YARA LEADERSHIP FUND,Political Committee,246.2,2025-07-28 00:00:00,Casa Jalisco,Vail,CO,81657,"Food, Beverages and Meals",
YARA LEADERSHIP FUND,Political Committee,300.0,2025-08-04 00:00:00,"Jonah Salehi, Consultant",Fort Collins,CO,80526,Consultant & Professional Services,
VELASCO LEADERSHIP FUND,Political Committee,0.79,2025-08-10 00:00:00,Actblue,Somerville,MA,02144,Consultant & Professional Services,
ZENPAC,Political Committee,-100.0,2025-08-21 00:00:00,Nicole Hensel For Colorado,Redacted By Sos,CO,99999,Contributions,Offset Due To Update Of Filed Item - Nicole Hensel For Jeffco Clerk & Recorder
ZENPAC,Political Committee,100.0,2025-08-21 00:00:00,Nicole Hensel For Colorado,Redacted By Sos,CO,99999,Contributions,Nicole Hensel For Jeffco Clerk & Recorder
COLORADO ENERGY FUTURE POLITICAL ACTION COMMITTEE,Political Committee,4000.0,2025-09-03 00:00:00,All Together Colorado,Denver,CO,80206,Contributions,
VELASCO LEADERSHIP FUND,Political Committee,0.79,2025-09-07 00:00:00,Actblue,Somerville,MA,02144,Consultant & Professional Services,
COMMITTEE FOR PHYSICIAN ANESTHESIA CARE,Political Committee,1450.0,2025-09-18 00:00:00,Kirkmeyer For Colorado,Brighton,CO,80603,Contributions,
SNYDER FOR COLORADO LEADERSHIP FUND,Political Committee,-514.25,2025-09-18 00:00:00,Sonnenalp Vail,Vail,CO,81657,Travel & Lodging,Offset Due To Update Of Filed Item
SNYDER FOR COLORADO LEADERSHIP FUND,Political Committee,514.25,2025-09-18 00:00:00,Sonnenalp Vail,Vail,CO,81657,Travel & Lodging,Reimbursed 464.25; Remaining Amount Of $50 Was For Parking.
PUTTING COLORADO FIRST,Political Committee,450.0,2025-09-20 00:00:00,Elect Jarvis Caldwell,Colorado Springs,CO,80908,Contributions,
BLUEFLOWER FUND,Small Donor Committee,24.3,2025-09-23 00:00:00,First Bank,Lakewood,CO,80215,Other,Purchase Checks
COLORADO STATE REPRESENTATIVE DISTRICT 30 REPUBLICAN CENTRAL COMMITTEE,Political Party Committee,-425.1,2025-09-30 00:00:00,Red Horse Strategies,Centennial,CO,80112,Fundraising Expenses,Offset Due To Update Of Filed Item - Text Message Service For Now Or Never Event
COLORADO STATE REPRESENTATIVE DISTRICT 30 REPUBLICAN CENTRAL COMMITTEE,Political Party Committee,425.1,2025-09-30 00:00:00,Red Horse Strategies,Centennial,CO,80112,Fundraising Expenses,Text Message Service For Now Or Never Event
VELASCO LEADERSHIP FUND,Political Committee,450.0,2025-09-30 00:00:00,Chela For Colorado,Redacted By Sos,CO,99999,Contributions,
YARA LEADERSHIP FUND,Political Committee,23.76,2025-09-30 00:00:00,Actblue,Somerville,MA,02144,Fundraising Expenses,
YARA LEADERSHIP FUND,Political Committee,2.0,2025-09-30 00:00:00,Firstbank - Bank Fee,Lakewood,CO,80215,Bank Fees,
ASSOCIATED GENERAL CONTRACTORS (AGC) COLORADO CONSTRUCTION ACTION COMMITTEE,Political Committee,-725.0,2025-10-01 00:00:00,Friends Of Larry Liston For Senate,Colo. Springs,CO,80909,Returned Expenditure,Check Returned
"ASSOCIATIONS, INC. PAC / ASSOCIA PAC",Political Committee,250.0,2025-10-01 00:00:00,Carlos For Hd 48,Fort Lupton,CO,80621,Contributions,$125 - Primary/$125 - General
"ASSOCIATIONS, INC. PAC / ASSOCIA PAC",Political Committee,450.0,2025-10-01 00:00:00,To Elect Michael Carter To Colorado State House District 36,Redacted By Sos,CO,99999,Contributions,$225 - Primary/$225 - General
"ASSOCIATIONS, INC. PAC / ASSOCIA PAC",Political Committee,250.0,2025-10-01 00:00:00,Jamie For Colorado,Aurora,CO,80014,Contributions,$125 - Primary/$125 - General
"ASSOCIATIONS, INC. PAC / ASSOCIA PAC",Political Committee,450.0,2025-10-01 00:00:00,Committee To Elect Marc Snyder,Manitou Springs,CO,80829,Contributions,$225 - Primary/$225 - General
"ASSOCIATIONS, INC. PAC / ASSOCIA PAC",Political Committee,450.0,2025-10-01 00:00:00,Friends Of Jacque Phillips,Redacted By Sos,CO,99999,Contributions,$225 - Primary/$225 - General
"ASSOCIATIONS, INC. PAC / ASSOCIA PAC",Political Committee,250.0,2025-10-01 00:00:00,Committee To Elect Richardson For House District 56,Elizabeth,CO,80107,Contributions,$125 - Primary/$125 - General
"ASSOCIATIONS, INC. PAC / ASSOCIA PAC",Political Committee,250.0,2025-10-01 00:00:00,Rebekah Stewart For Colorado,Redacted By Sos,CO,99999,Contributions,$125 - Primary/$125 - General
"ASSOCIATIONS, INC. PAC / ASSOCIA PAC",Political Committee,250.0,2025-10-01 00:00:00,Elect Thomas Tony Exum,Redacted By Sos,CO,99999,Contributions,$125 - Primary/$125 - General
COLORADO BIOSCIENCE PAC,Political Committee,25.0,2025-10-01 00:00:00,Colorado Bioscience Association,Denver,CO,80203,Other,Pac Reimbursement To Colorado Bioscience Association For Pac Periodic Report Fee Of $25.00
COLORADO CENTER PARTY CENTRAL COMMITTEE,Political Party Committee,12.52,2025-10-01 00:00:00,Digital Ocean,New York,NY,10013,Miscellaneous,
COLORADO HEALTH CARE ASSOCIATION PC,Political Committee,5000.0,2025-10-01 00:00:00,Senate Majority Fund,Denver,CO,80205,Contributions,
COLORADO INDEPENDENT AUTO DEALERS POLITICAL COMMITTEE,Political Committee,10000.0,2025-10-01 00:00:00,Senate Majority Fund,Littleton,CO,80120,Contributions,
COLORADO STATE REPRESENTATIVE DISTRICT 30 REPUBLICAN CENTRAL COMMITTEE,Political Party Committee,21.5,2025-10-01 00:00:00,Amazon,Seattle,WA,98109,Office Equipment & Supplies,Reimburse Karen Lipfert For Office Supplies Purchased At Amazon
COMCAST CORPORATION & NBCUNIVERSAL POLITICAL ACTION COMMITTEE - FEDERAL,Political Committee,450.0,2025-10-01 00:00:00,Coleman For Colorado,Denver,CO,80218,Contributions,$225 For 2028 Primary & $225 For 2028 General
COMCAST CORPORATION & NBCUNIVERSAL POLITICAL ACTION COMMITTEE - FEDERAL,Political Committee,725.0,2025-10-01 00:00:00,Dafna For Colorado Leadership Fund,Commerce City,CO,80022,Contributions,2025 Contribution
COMCAST CORPORATION & NBCUNIVERSAL POLITICAL ACTION COMMITTEE - FEDERAL,Political Committee,450.0,2025-10-01 00:00:00,Elizabeth For Colorado,Redacted By Sos,CO,99999,Contributions,$225 For 2026 Primary & $225 For 2026 General
COMCAST CORPORATION & NBCUNIVERSAL POLITICAL ACTION COMMITTEE - FEDERAL,Political Committee,450.0,2025-10-01 00:00:00,Friends Of Jacque Phillips,Redacted By Sos,CO,99999,Contributions,$225 For 2026 Primary & $225 For 2026 General
COMCAST CORPORATION & NBCUNIVERSAL POLITICAL ACTION COMMITTEE - FEDERAL,Political Committee,725.0,2025-10-01 00:00:00,Judy Amabile Leadership Fund,Boulder,CO,80302,Contributions,2025 Contribution
COMCAST CORPORATION & NBCUNIVERSAL POLITICAL ACTION COMMITTEE - FEDERAL,Political Committee,725.0,2025-10-01 00:00:00,Karen For Co Leadership Pac,Redacted By Sos,CO,99999,Contributions,2025 Contribution
COMCAST CORPORATION & NBCUNIVERSAL POLITICAL ACTION COMMITTEE - FEDERAL,Political Committee,725.0,2025-10-01 00:00:00,Lindsey For Colorado Leadership Fund,Arvada,CO,80004,Contributions,2025 Contribution
COMCAST CORPORATION & NBCUNIVERSAL POLITICAL ACTION COMMITTEE - FEDERAL,Political Committee,725.0,2025-10-01 00:00:00,Make Great Choices Pac,Loveland,CO,80538,Contributions,2025 Contribution
COMCAST CORPORATION & NBCUNIVERSAL POLITICAL ACTION COMMITTEE - FEDERAL,Political Committee,450.0,2025-10-01 00:00:00,Meghan Lukens For Colorado,Redacted By Sos,CO,99999,Contributions,$225 For 2026 Primary & $225 For 2026 General
COMCAST CORPORATION & NBCUNIVERSAL POLITICAL ACTION COMMITTEE - FEDERAL,Political Committee,725.0,2025-10-01 00:00:00,Ricks Pac,Aurora,CO,80015,Contributions,2025 Contribution
COMCAST CORPORATION & NBCUNIVERSAL POLITICAL ACTION COMMITTEE - FEDERAL,Political Committee,725.0,2025-10-01 00:00:00,Roberts Leadership Fund,Frisco,CO,80443,Contributions,2025 Contribution
COMCAST CORPORATION & NBCUNIVERSAL POLITICAL ACTION COMMITTEE - FEDERAL,Political Committee,725.0,2025-10-01 00:00:00,Snyder For Colorado Leadership Fund,Manitou  Springs,CO,80829,Contributions,2025 Contribution
COMCAST CORPORATION & NBCUNIVERSAL POLITICAL ACTION COMMITTEE - FEDERAL,Political Committee,450.0,2025-10-01 00:00:00,Taggart For House District 55,Grand Junction,CO,81507,Contributions,$225 For 2026 Primary & $225 For 2026 General
COMCAST CORPORATION & NBCUNIVERSAL POLITICAL ACTION COMMITTEE - FEDERAL,Political Committee,725.0,2025-10-01 00:00:00,The Coleman Leadership Fund,Denver,CO,80249,Contributions,2025 Contribution
COMCAST CORPORATION & NBCUNIVERSAL POLITICAL ACTION COMMITTEE - FEDERAL,Political Committee,725.0,2025-10-01 00:00:00,Woodrow Leadership Pac,Redacted By Sos,CO,99999,Contributions,2025 Contribution
COMMITTEE FOR PHYSICIAN ANESTHESIA CARE,Political Committee,75.03,2025-10-01 00:00:00,,,,,Bank Fees,Paypal Fees
EMILY'S LIST COLORADO SMALL DONOR COMMITTEE,Small Donor Committee,90.89,2025-10-01 00:00:00,Amalgamated Bank,Washington,DC,20006,Bank Fees,Bank Fee
FENBERG LEADERSHIP FUND,Political Committee,59.64,2025-10-01 00:00:00,Google,Santa Clara,CA,94043,Office Equipment & Supplies,Google Drive Email System
GREEN PARTY OF COLORADO,Political Party Committee,0.84,2025-10-01 00:00:00,Paypal,San Jose,CA,95131,Bank Fees,
LIBERTARIAN PARTY OF COLORADO (LPCO),Political Party Committee,1500.0,2025-10-01 00:00:00,Stonegait Llc,Jefferson City,MO,65109,"Food, Beverages and Meals",
LIBERTARIAN PARTY OF COLORADO (LPCO),Political Party Committee,0.39,2025-10-01 00:00:00,Stripe.Com,South San Francisco,CA,94080,Bank Fees,
LIBERTARIAN PARTY OF COLORADO (LPCO),Political Party Committee,1.03,2025-10-01 00:00:00,Stripe.Com,South San Francisco,CA,94080,Bank Fees,
LIBERTARIAN PARTY OF COLORADO (LPCO),Political Party Committee,0.42,2025-10-01 00:00:00,Stripe.Com,South San Francisco,CA,94080,Bank Fees,
LIBERTARIAN PARTY OF COLORADO (LPCO),Political Party Committee,6.3,2025-10-01 00:00:00,Stripe.Com,New Orleans,LA,70112,Bank Fees,
LUNDEEN LEADERSHIP FUND,Political Committee,25.0,2025-10-01 00:00:00,Anedot,New Orleans,LA,70112,Other,6490 ∑ Other Website Expense
LUNDEEN LEADERSHIP FUND,Political Committee,19.5,2025-10-01 00:00:00,Google,Moutain Views,CA,94043,Other,6410 ∑ Registration & Hosting
MONICA PAC,Political Committee,450.0,2025-10-01 00:00:00,Friends Of Jacque Phillips,Redacted By Sos,CO,99999,Contributions,
ROCKY MOUNTAIN HOME ASSOCIATION PAC (CMHA PAC FUND),Political Committee,12.0,2025-10-01 00:00:00,Pnc Bank,Pittsburg,PA,15222,Bank Fees,
THE COLEMAN LEADERSHIP FUND,Political Committee,1.03,2025-10-01 00:00:00,Patreon,Pali Alto,CA,94306,Other,Monthly Subscription
THE MURSE PAC,Political Committee,400.0,2025-10-01 00:00:00,Jason Anaya-Ledeboer,Thornton,CO,80241,Contributions,
THE MURSE PAC,Political Committee,500.0,2025-10-01 00:00:00,Shannon Bird For Congress,Westminster,CO,80035,Contributions,
JAVIER'S ECONOMIC JUSTICE FUND,Political Committee,100.0,2023-10-02 00:00:00,Friends Of Junie Joseph,Boulder,CO,80303,Contributions,
JAVIER'S ECONOMIC JUSTICE FUND,Political Committee,200.0,2023-10-02 00:00:00,Parenti For Hd19,Erie,CO,80516,Contributions,
JAVIER'S ECONOMIC JUSTICE FUND,Political Committee,300.0,2023-10-02 00:00:00,Tim For Co,Denver,CO,80211,Contributions,
BALL FOR ALL LEADERSHIP FUND,Political Committee,10.0,2025-10-02 00:00:00,Que Bueno Suerte!,Denver,CO,80210,Entertainment,Political Event
BUILDING OWNERS AND MANAGERS ASSOCIATION POLITICAL COMMITTEE (BOMA),Political Committee,20.0,2025-10-02 00:00:00,Denver Metro Boma,Denver,CO,80202,Bank Fees,
COLORADO BIOSCIENCE PAC,Political Committee,20.0,2025-10-02 00:00:00,Wells Fargo Bank,Denver,CO,80203,Bank Fees,
COLORADO INDEPENDENT AUTO DEALERS POLITICAL COMMITTEE,Political Committee,725.0,2025-10-02 00:00:00,Coloradans For Western Values Leadership Pac,Colo. Springs,CO,80918,Contributions,
CONSERVATION COLORADO ACTION FUND (CCVAF),Political Committee,200.0,2025-10-02 00:00:00,Amy For Aurora,Aurora,CO,80018,Contributions,Municipal Candidate Contributions
CONSERVATION COLORADO ACTION FUND (CCVAF),Political Committee,200.0,2025-10-02 00:00:00,Gianina For Aurora,Aurora,CO,80010,Contributions,Municipal Candidate Contributions
CONSERVATION COLORADO ACTION FUND (CCVAF),Political Committee,200.0,2025-10-02 00:00:00,Committee To Elect Ruben Medina,Aurora,CO,80017,Contributions,Municipal Candidate Contributions
CONSERVATION COLORADO ACTION FUND (CCVAF),Political Committee,200.0,2025-10-02 00:00:00,Alli Jackson For Aurora City Council,Aurora,CO,80010,Contributions,Municipal Candidate Contributions
CONSERVATION COLORADO ACTION FUND (CCVAF),Political Committee,200.0,2025-10-02 00:00:00,Andrews For Aurora,Aurora,CO,80019,Contributions,Municipal Candidate Contributions
CONSERVATION COLORADO ACTION FUND (CCVAF),Political Committee,200.0,2025-10-02 00:00:00,Friends Of John Alge,Thornton,CO,80229,Contributions,Municipal Candidate Contributions
CONSERVATION COLORADO ACTION FUND (CCVAF),Political Committee,200.0,2025-10-02 00:00:00,Jason For Thornton,Thornton,CO,80241,Contributions,Municipal Candidate Contributions
GREEN PARTY OF COLORADO,Political Party Committee,22.77,2025-10-02 00:00:00,Your Office Usa,Denver,CO,80202,Rent & Utilities,
HOST-PAC (COLORADO RESTAURANT ASSOCIATION),Political Committee,305.85,2025-10-02 00:00:00,Heartland Payment Systems,Princeton,NJ,08542,Bank Fees,
HOST-PAC (COLORADO RESTAURANT ASSOCIATION),Political Committee,10.25,2025-10-02 00:00:00,Authorize.Net,American Forks,UT,84003,Bank Fees,
JAMIE JACKSON LEADERSHIP,Political Committee,100.0,2025-10-02 00:00:00,Rob Andrews For Aurora,Aurora,CO,80019,Contributions,
JAMIE JACKSON LEADERSHIP,Political Committee,100.0,2025-10-02 00:00:00,Alli Jackson For Aurora,Aurora,CO,80010,Contributions,
LIBERTARIAN PARTY OF COLORADO (LPCO),Political Party Committee,1.24,2025-10-02 00:00:00,Amazon Web Services,410 Terry Avenue North,WA,98109,Office Equipment & Supplies,
MAJORITIES MATTER!PAC,Political Committee,100.0,2025-10-02 00:00:00,Kirkmeyer For Colorado,Brighton,CO,80603,Contributions,
REALTOR CANDIDATE POLITICAL ACTION COMMITTEE (RCPAC) - FKA: COLORADO ASSOCIATION OF REALTORS PAC (CO,Political Committee,250.0,2025-10-02 00:00:00,Alex Gouldsmith For District Ii,Wheat Ridge,CO,80033,Contributions,Contribution
REALTOR CANDIDATE POLITICAL ACTION COMMITTEE (RCPAC) - FKA: COLORADO ASSOCIATION OF REALTORS PAC (CO,Political Committee,400.0,2025-10-02 00:00:00,Billfurman4Lakewood,Lakewood,CO,80226,Contributions,Contribution
REALTOR CANDIDATE POLITICAL ACTION COMMITTEE (RCPAC) - FKA: COLORADO ASSOCIATION OF REALTORS PAC (CO,Political Committee,450.0,2025-10-02 00:00:00,Bob 4 Colorado,Highlands Ranch,CO,80126,Contributions,Contribution
REALTOR CANDIDATE POLITICAL ACTION COMMITTEE (RCPAC) - FKA: COLORADO ASSOCIATION OF REALTORS PAC (CO,Political Committee,400.0,2025-10-02 00:00:00,Carbajal For Council,Brighton,CO,80601,Contributions,Contribution
REALTOR CANDIDATE POLITICAL ACTION COMMITTEE (RCPAC) - FKA: COLORADO ASSOCIATION OF REALTORS PAC (CO,Political Committee,400.0,2025-10-02 00:00:00,Collins For Brighton City Council,Brighton,CO,80601,Contributions,Contribution
REALTOR CANDIDATE POLITICAL ACTION COMMITTEE (RCPAC) - FKA: COLORADO ASSOCIATION OF REALTORS PAC (CO,Political Committee,395.0,2025-10-02 00:00:00,Committee To Elect Joanna Sandoval,Commerce City,CO,80022,Contributions,Contribution
REALTOR CANDIDATE POLITICAL ACTION COMMITTEE (RCPAC) - FKA: COLORADO ASSOCIATION OF REALTORS PAC (CO,Political Committee,500.0,2025-10-02 00:00:00,Committee To Elect Randy Moorman,Arvada,CO,80005,Contributions,Contribution
REALTOR CANDIDATE POLITICAL ACTION COMMITTEE (RCPAC) - FKA: COLORADO ASSOCIATION OF REALTORS PAC (CO,Political Committee,250.0,2025-10-02 00:00:00,Community To Reelect Scott Ohm,Wheat Ridge,CO,80034,Contributions,Contribution
REALTOR CANDIDATE POLITICAL ACTION COMMITTEE (RCPAC) - FKA: COLORADO ASSOCIATION OF REALTORS PAC (CO,Political Committee,400.0,2025-10-02 00:00:00,Cruz For Lakewood,Lakewood,CO,80232,Contributions,Contribution
REALTOR CANDIDATE POLITICAL ACTION COMMITTEE (RCPAC) - FKA: COLORADO ASSOCIATION OF REALTORS PAC (CO,Political Committee,1000.0,2025-10-02 00:00:00,Dr Jeffrey Gilliam For Centennial Council,Centennial,CO,80015,Contributions,Contribution
REALTOR CANDIDATE POLITICAL ACTION COMMITTEE (RCPAC) - FKA: COLORADO ASSOCIATION OF REALTORS PAC (CO,Political Committee,250.0,2025-10-02 00:00:00,Elect Drew Morris,Eastlake,CO,80614,Contributions,Contribution
REALTOR CANDIDATE POLITICAL ACTION COMMITTEE (RCPAC) - FKA: COLORADO ASSOCIATION OF REALTORS PAC (CO,Political Committee,7000.0,2025-10-02 00:00:00,Housing For Colorado,Centennial,CO,80112,Contributions,Contribution
REALTOR CANDIDATE POLITICAL ACTION COMMITTEE (RCPAC) - FKA: COLORADO ASSOCIATION OF REALTORS PAC (CO,Political Committee,400.0,2025-10-02 00:00:00,Jack For Westminster,Westminster,CO,80031,Contributions,Contribution
REALTOR CANDIDATE POLITICAL ACTION COMMITTEE (RCPAC) - FKA: COLORADO ASSOCIATION OF REALTORS PAC (CO,Political Committee,250.0,2025-10-02 00:00:00,Jason For Thornton,Thornton,CO,80241,Contributions,Contribution
REALTOR CANDIDATE POLITICAL ACTION COMMITTEE (RCPAC) - FKA: COLORADO ASSOCIATION OF REALTORS PAC (CO,Political Committee,400.0,2025-10-02 00:00:00,Jeslin Shahrezaei For Lakewood,Lakewood,CO,80226,Contributions,Contribution
REALTOR CANDIDATE POLITICAL ACTION COMMITTEE (RCPAC) - FKA: COLORADO ASSOCIATION OF REALTORS PAC (CO,Political Committee,395.0,2025-10-02 00:00:00,Lori For Commerce City,Commerce City,CO,80022,Contributions,Contribution
REALTOR CANDIDATE POLITICAL ACTION COMMITTEE (RCPAC) - FKA: COLORADO ASSOCIATION OF REALTORS PAC (CO,Political Committee,750.0,2025-10-02 00:00:00,Michael For Arvada,Arvada,CO,80003,Contributions,Contribution
REALTOR CANDIDATE POLITICAL ACTION COMMITTEE (RCPAC) - FKA: COLORADO ASSOCIATION OF REALTORS PAC (CO,Political Committee,400.0,2025-10-02 00:00:00,Phillip For Westminster,Westminster,CO,80031,Contributions,Contribution
REALTOR CANDIDATE POLITICAL ACTION COMMITTEE (RCPAC) - FKA: COLORADO ASSOCIATION OF REALTORS PAC (CO,Political Committee,250.0,2025-10-02 00:00:00,Samforthorton,Thorton,CO,80241,Contributions,Contribution
REALTOR CANDIDATE POLITICAL ACTION COMMITTEE (RCPAC) - FKA: COLORADO ASSOCIATION OF REALTORS PAC (CO,Political Committee,400.0,2025-10-02 00:00:00,Sarah Nurmela For Westminster,Westminster,CO,80234,Contributions,Contribution
REALTOR CANDIDATE POLITICAL ACTION COMMITTEE (RCPAC) - FKA: COLORADO ASSOCIATION OF REALTORS PAC (CO,Political Committee,395.0,2025-10-02 00:00:00,Stefanie Trujillo For Commerce City,Commerce City,CO,80037,Contributions,Contribution
REALTOR CANDIDATE POLITICAL ACTION COMMITTEE (RCPAC) - FKA: COLORADO ASSOCIATION OF REALTORS PAC (CO,Political Committee,395.0,2025-10-02 00:00:00,The Committee To Elect Jose Guardiola,Commerce City,CO,80640,Contributions,Contribution
REALTOR CANDIDATE POLITICAL ACTION COMMITTEE (RCPAC) - FKA: COLORADO ASSOCIATION OF REALTORS PAC (CO,Political Committee,400.0,2025-10-02 00:00:00,Westminster4Demott,Westminster,CO,80021,Contributions,Contribution
REALTOR SMALL DONOR COMMITTEE (RSDC),Small Donor Committee,1000.0,2025-10-02 00:00:00,Stephen Elkins For Ward 1,Aurora,CO,80011,Contributions,Contribution
REALTOR SMALL DONOR COMMITTEE (RSDC),Small Donor Committee,1000.0,2025-10-02 00:00:00,Sunberg For Aurora Ward Ii,Aurora,CO,80018,Contributions,Contribution
REALTOR SMALL DONOR COMMITTEE (RSDC),Small Donor Committee,1000.0,2025-10-02 00:00:00,Marsha 4 City Council,Aurora,CO,80012,Contributions,Contribution
REALTOR SMALL DONOR COMMITTEE (RSDC),Small Donor Committee,2000.0,2025-10-02 00:00:00,Danielle Jurinsky For Aurora,Aurora,CO,80014,Contributions,Contribution
REALTOR SMALL DONOR COMMITTEE (RSDC),Small Donor Committee,2000.0,2025-10-02 00:00:00,Committee To Elect Amsalu Kassaw,Aurora,CO,80046,Contributions,Contribution
REALTOR SMALL DONOR COMMITTEE (RSDC),Small Donor Committee,4650.0,2025-10-02 00:00:00,Bob 4 Colorado,Highlands Ranch,CO,80126,Contributions,Contribution
ROBERTS LEADERSHIP FUND,Political Committee,450.0,2025-10-02 00:00:00,Dylan Roberts For Colorado,Redacted By Sos,CO,99999,Contributions,
VALDEZ FOR COLORADO RAINBOW FUND,Political Committee,17.67,2025-10-02 00:00:00,Google Suite,Mountain View,CA,94043,Office Equipment & Supplies,
WINE AND SPIRITS WHOLESALERS OF COLORADO INC PAC,Political Committee,450.0,2025-10-02 00:00:00,Camacho For Colorado,Redacted By Sos,CO,99999,Contributions,
WOOG PAC,Political Committee,200.0,2025-10-02 00:00:00,Woodward For Colorado,Redacted By Sos,CO,99999,Contributions,
BOULDER VALLEY EDUCATION ASSOCIATION SMALL DONOR COMMITTEE,Small Donor Committee,1000.0,2025-10-03 00:00:00,,,,,Contributions,Hadley For St. Vrain Contribution
LIBERTARIAN PARTY OF COLORADO (LPCO),Political Party Committee,64.95,2025-10-03 00:00:00,Clover,Colorado Springs,CO,80919,Bank Fees,
LIBERTARIAN PARTY OF COLORADO (LPCO),Political Party Committee,0.6,2025-10-03 00:00:00,Stripe.Com,South San Francisco,CA,94080,Bank Fees,
COLORADO PROFESSIONAL FIRE FIGHTERS SMALL DONOR FUND,Small Donor Committee,3000.0,2025-10-04 00:00:00,Jena For Colorado,Redacted By Sos,CO,99999,Other,Campaign Donation
LIBERTARIAN PARTY OF COLORADO (LPCO),Political Party Committee,1.75,2025-10-04 00:00:00,Stripe.Com,South San Francisco,CA,94080,Bank Fees,
LIBERTARIAN PARTY OF COLORADO (LPCO),Political Party Committee,6.3,2025-10-04 00:00:00,Stripe.Com,New Orleans,LA,70112,Bank Fees,
LIBERTARIAN PARTY OF COLORADO (LPCO),Political Party Committee,46.3,2025-10-04 00:00:00,Stripe.Com,New Orleans,LA,70112,Bank Fees,
ACCESS TO PEDIATRIC BEHAVIORAL THERAPY FOR COLORADO CHILDREN,Political Committee,13.83,2025-10-05 00:00:00,Actblue Technical Serivces,Boston,MA,02196,Fundraising Expenses,
LESLIE HEROD'S BOLDLY FORWARD PAC,Political Committee,1.19,2025-10-05 00:00:00,Act Blue,Somerville,MA,02144,Fundraising Expenses,
LIBERTARIAN PARTY OF COLORADO (LPCO),Political Party Committee,4.3,2025-10-05 00:00:00,Stripe.Com,New Orleans,LA,70112,Bank Fees,
MCCLUSKIE FOR COLORADO LEADERSHIP FUND,Political Committee,450.0,2025-10-05 00:00:00,Emily Sirota For Colorado,Redacted By Sos,CO,99999,Contributions,
MCCLUSKIE FOR COLORADO LEADERSHIP FUND,Political Committee,450.0,2025-10-05 00:00:00,Dylan Roberts For Colorado,Redacted By Sos,CO,99999,Contributions,
SNYDER FOR COLORADO LEADERSHIP FUND,Political Committee,300.0,2025-10-05 00:00:00,Phil Weiser For Colorado,Redacted By Sos,CO,99999,Contributions,
VELASCO LEADERSHIP FUND,Political Committee,0.79,2025-10-05 00:00:00,Actblue,Somerville,MA,02144,Consultant & Professional Services,
"ASSOCIATIONS, INC. PAC / ASSOCIA PAC",Political Committee,250.0,2025-10-06 00:00:00,Camacho For Colorado,Redacted By Sos,CO,99999,Contributions,$125 - Primary/$125 - General
"ASSOCIATIONS, INC. PAC / ASSOCIA PAC",Political Committee,250.0,2025-10-06 00:00:00,Woog For House District 19,Frederick,CO,80530,Contributions,$125 - Primary/$125 - General
BLUE LINE ADVOCATES SDC,Small Donor Committee,3000.0,2025-10-06 00:00:00,Committee To Elect Ryan Graham,Monument,CO,80132,Contributions,
"COLORADO CHIROPRACTIC PAC (CCA, CC-PAC)",Political Committee,9.33,2025-10-06 00:00:00,8Am Affinipay,Austin,TX,78746,Bank Fees,
COLORADO FORWARD PARTY COMMITTEE,Political Party Committee,149.56,2025-10-06 00:00:00,Meta Platforms Inc,Menlo Park,CA,94025,Advertising,Meta Advertisments
COLORADO PHYSICIANS FOR MENTAL HEALTH,Political Committee,0.78,2025-10-06 00:00:00,Paypal,San Jose,CA,95131,Bank Fees,
INVESTHER,Political Committee,26.5,2025-10-06 00:00:00,Squarespace Inc.,New York,NY,10014,Other,Website & Email
INVESTHER,Political Committee,26.5,2025-10-06 00:00:00,Squarespace Inc.,New York,CO,10014,Other,Website & Google Workspace Monthly Fee
LIBERTARIAN PARTY OF COLORADO (LPCO),Political Party Committee,1.05,2025-10-06 00:00:00,Stripe.Com,South San Francisco,CA,94080,Bank Fees,
LIBERTARIAN PARTY OF COLORADO (LPCO),Political Party Committee,1.05,2025-10-06 00:00:00,Stripe.Com,South San Francisco,CA,94080,Bank Fees,
LIBERTARIAN PARTY OF COLORADO (LPCO),Political Party Committee,1.05,2025-10-06 00:00:00,Stripe.Com,South San Francisco,CA,94080,Bank Fees,
LIBERTARIAN PARTY OF COLORADO (LPCO),Political Party Committee,8.3,2025-10-06 00:00:00,Stripe.Com,New Orleans,LA,70112,Bank Fees,
LIBERTARIAN PARTY OF COLORADO (LPCO),Political Party Committee,6.3,2025-10-06 00:00:00,Stripe.Com,New Orleans,LA,70112,Bank Fees,
PUTTING COLORADO FIRST,Political Committee,500.0,2025-10-06 00:00:00,Reams For Commissioner,Gill,CO,80624,Other,8100 ∑ Candidate Support
THE COLEMAN LEADERSHIP FUND,Political Committee,23.7,2025-10-06 00:00:00,Actblue,Somerville,MA,02144,Bank Fees,
THE COLEMAN LEADERSHIP FUND,Political Committee,27.65,2025-10-06 00:00:00,Actblue,Somerville,MA,02144,Bank Fees,
AMALGAMATED TRANSIT UNION LOCAL #1001 SMALL DONOR COMMITTEE,Small Donor Committee,1000.0,2025-10-07 00:00:00,Austin T Ward,Broomfield,CO,80021,Miscellaneous,Campaign Contribution To Ward For Broomfield
ANDREW FOR COLORADO LEADERSHIP FUND,Political Committee,450.0,2025-10-07 00:00:00,Butler For Hd50,Greeley,CO,80631,Contributions,
COLORADO DAIRY FARMERS POLITICAL COMMITTEE,Political Committee,450.0,2025-10-07 00:00:00,Lori Garcia Sander For Hd 65,Redacted By Sos,CO,99999,Contributions,
HD43 VICTORY FUND,Political Party Committee,139.84,2025-10-07 00:00:00,Steve J Collier,Highlands Ranch,CO,80129,Fundraising Expenses,Expenses Associated With Victory Fund Event
JANE FONDA CLIMATE PAC,Small Donor Committee,4000.0,2025-10-07 00:00:00,Committee To Elect Kristi Douglas For City Council At Large,Commerce City,CO,80022,Contributions,Contribution
LIBERTARIAN PARTY OF COLORADO (LPCO),Political Party Committee,1767.57,2025-10-07 00:00:00,Argonaut Wine,Denver,CO,80203,"Food, Beverages and Meals",
LIBERTARIAN PARTY OF COLORADO (LPCO),Political Party Committee,4.3,2025-10-07 00:00:00,Stripe.Com,New Orleans,LA,70112,Bank Fees,
LIBERTARIAN PARTY OF COLORADO (LPCO),Political Party Committee,1.3,2025-10-07 00:00:00,Stripe.Com,New Orleans,LA,70112,Bank Fees,
ORALE FUND,Political Committee,3875.0,2025-10-07 00:00:00,Colorado Democratic Party,Denver,CO,80203,Contributions,
ROBERTS LEADERSHIP FUND,Political Committee,450.0,2025-10-07 00:00:00,Butler For Hd50,Greeley,CO,80631,Contributions,
ROBERTS LEADERSHIP FUND,Political Committee,450.0,2025-10-07 00:00:00,Carrera For Colorado,Redacted By Sos,CO,99999,Contributions,
TAKE COLO BACK POLITICAL COMM,Political Committee,200.0,2025-10-07 00:00:00,Pueblo County Republican Party,Pueblo,CO,81003,Consultant & Professional Services,Mailings
TAKE COLO BACK POLITICAL COMM,Political Committee,200.0,2025-10-07 00:00:00,Boswell For Bent,Las Animas,CO,81054,Contributions,
COLORADO CHAMBER POLITICAL ACTION COMMITTEE,Political Committee,500.0,2025-10-08 00:00:00,New Day Colorado Fund,Fort Lupton,CO,80621,Contributions,Contribution-Reception
FUND FOR EDUCATIONAL PROGRESS (FEP),Small Donor Committee,4000.0,2025-10-08 00:00:00,Terry Bates For Cherry Creek Schools,Denver,CO,80206,Contributions,
FUND FOR EDUCATIONAL PROGRESS (FEP),Small Donor Committee,4000.0,2025-10-08 00:00:00,Mike Hamrick For Ccsd,Centennial,CO,80016,Contributions,
LIBERTARIAN PARTY OF COLORADO (LPCO),Political Party Committee,1.03,2025-10-08 00:00:00,Stripe.Com,South San Francisco,CA,94080,Bank Fees,
LIBERTARIAN PARTY OF COLORADO (LPCO),Political Party Committee,2.3,2025-10-08 00:00:00,Stripe.Com,New Orleans,LA,70112,Bank Fees,
LIBERTARIAN PARTY OF COLORADO (LPCO),Political Party Committee,4.3,2025-10-08 00:00:00,Stripe.Com,New Orleans,LA,70112,Bank Fees,
STATE FARM FEDERAL PAC,Political Committee,225.0,2025-10-08 00:00:00,Andrew For Colorado,Redacted By Sos,CO,99999,Contributions,2026 Primary
STATE FARM FEDERAL PAC,Political Committee,225.0,2025-10-08 00:00:00,Andrew For Colorado,Redacted By Sos,CO,99999,Contributions,2026 General
STATE FARM FEDERAL PAC,Political Committee,225.0,2025-10-08 00:00:00,Carlos For Hd 48,Fort Lupton,CO,80621,Contributions,2026 Primary
STATE FARM FEDERAL PAC,Political Committee,225.0,2025-10-08 00:00:00,Committee To Elect Richardson For House District 56,Elizabeth,CO,80107,Contributions,2026 Primary
STATE FARM FEDERAL PAC,Political Committee,225.0,2025-10-08 00:00:00,Committee To Elect Richardson For House District 56,Elizabeth,CO,80107,Contributions,2026 General
STATE FARM FEDERAL PAC,Political Committee,225.0,2025-10-08 00:00:00,Dusty For Colorado,Redacted By Sos,CO,99999,Contributions,2026 General
STATE FARM FEDERAL PAC,Political Committee,225.0,2025-10-08 00:00:00,Dusty For Colorado,Redacted By Sos,CO,99999,Contributions,2026 Primary
STATE FARM FEDERAL PAC,Political Committee,225.0,2025-10-08 00:00:00,Dylan Roberts For Colorado,Redacted By Sos,CO,99999,Contributions,2026 General
STATE FARM FEDERAL PAC,Political Committee,225.0,2025-10-08 00:00:00,Dylan Roberts For Colorado,Redacted By Sos,CO,99999,Contributions,2026 Primary
STATE FARM FEDERAL PAC,Political Committee,225.0,2025-10-08 00:00:00,Friends Of Junie Joseph,Boulder,CO,80303,Contributions,2026 General
STATE FARM FEDERAL PAC,Political Committee,225.0,2025-10-08 00:00:00,Friends Of Junie Joseph,Boulder,CO,80303,Contributions,2026 Primary
STATE FARM FEDERAL PAC,Political Committee,225.0,2025-10-08 00:00:00,Gretchen For Colorado,Redacted By Sos,CO,99999,Contributions,2026 General
STATE FARM FEDERAL PAC,Political Committee,225.0,2025-10-08 00:00:00,Gretchen For Colorado,Redacted By Sos,CO,99999,Contributions,2026 Primary
STATE FARM FEDERAL PAC,Political Committee,225.0,2025-10-08 00:00:00,Hartsook For House,Redacted By Sos,CO,99999,Contributions,2026 Primary
STATE FARM FEDERAL PAC,Political Committee,225.0,2025-10-08 00:00:00,Hartsook For House,Redacted By Sos,CO,99999,Contributions,2026 General
TAYLOR MORRISON INC. BUILDING STRONG BUSINESS POLITICAL ACTION COMMITTEE,Political Committee,750.0,2025-10-08 00:00:00,Michael For Arvada,Arvada,CO,80003,Contributions,
VELASCO LEADERSHIP FUND,Political Committee,34.86,2025-10-08 00:00:00,Alpine Bank,Grand Junction,CO,81501,Bank Fees,Checks
BARRON LEADERSHIP PAC,Political Committee,50.0,2025-10-09 00:00:00,Polifi Llc,Fort Lupton,CO,80621,Consultant & Professional Services,
BUCKLE UP PAC,Political Committee,50.0,2025-10-09 00:00:00,Sws Polifi Llc,Fort Lupton,CO,80621,Consultant & Professional Services,
COLORADO SOCIETY OF ANESTHESIOLOGISTS SMALL DONOR COMMITTEE,Small Donor Committee,2.24,2025-10-09 00:00:00,,,,,Bank Fees,Paypal Fees
COLORADO SOCIETY OF ANESTHESIOLOGISTS SMALL DONOR COMMITTEE,Small Donor Committee,8.96,2025-10-09 00:00:00,,,,,Bank Fees,Paypal Fees
COMMITTEE FOR PHYSICIAN ANESTHESIA CARE,Political Committee,16.88,2025-10-09 00:00:00,,,,,Bank Fees,Paypal Fees
HARTSOOK LEADERSHIP PAC,Political Committee,50.0,2025-10-09 00:00:00,"Sws Polifi, Llc",Fort Lupton,CO,80621,Other,7520 ∑ Accounting Fees
JANE FONDA CLIMATE PAC,Small Donor Committee,3000.0,2025-10-09 00:00:00,Obi For Colorado,Westminster,CO,80021,Contributions,Contribution
LUNDEEN LEADERSHIP FUND,Political Committee,50.0,2025-10-09 00:00:00,"Sws Polifi, Llc",Lafayette,CO,80026,Other,7520 ∑ Accounting Fees
MAJORITIES MATTER!PAC,Political Committee,50.0,2025-10-09 00:00:00,Sws Polifi Llc,Fort Lupton,CO,80621,Consultant & Professional Services,
MANNY RUTINEL LEADERSHIP FUND,Political Committee,25.21,2025-10-09 00:00:00,Ny Times,New York,NY,10018,Other,Research
MANNY RUTINEL LEADERSHIP FUND,Political Committee,15.0,2025-10-09 00:00:00,State Of Colorado,Denver,CO,80203,Office Equipment & Supplies,Capitol Gym Access
MEGHAN LUKENS FOR CO LEADERSHIP PAC,Political Committee,450.0,2025-10-09 00:00:00,Rein For Colorado,Littleton,CO,80162,Contributions,
RED WELD PAC,Political Committee,50.0,2025-10-09 00:00:00,Polifi Llc,Fort Lupton,CO,80621,Consultant & Professional Services,
ROSE PAC,Political Committee,50.0,2025-10-09 00:00:00,Polifi Llc,Fort Lupton,CO,80621,Consultant & Professional Services,
SONYA FOR DEMS (DEMOCRATS),Political Committee,3000.0,2025-10-09 00:00:00,Colorado Pride Alliance,Aurora,CO,80010,Gifts,Donation
TAKE COLO BACK POLITICAL COMM,Political Committee,50.0,2025-10-09 00:00:00,Polifi Llc,Fort Lupton,CO,80621,Consultant & Professional Services,
WINE AND SPIRITS WHOLESALERS OF COLORADO INC PAC,Political Committee,450.0,2025-10-09 00:00:00,Ricks For Colorado,Aurora,CO,80015,Contributions,
ANDREW FOR COLORADO LEADERSHIP FUND,Political Committee,450.0,2025-10-10 00:00:00,Committee To Elect Amy Paschal,Redacted By Sos,CO,99999,Contributions,
ANDREW FOR COLORADO LEADERSHIP FUND,Political Committee,250.0,2025-10-10 00:00:00,Jamie For Colorado,Aurora,CO,80014,Contributions,
BALL FOR ALL LEADERSHIP FUND,Political Committee,16.79,2025-10-10 00:00:00,Ms. Marji'S,Denver,CO,80203,"Food, Beverages and Meals",Lunch Meeting
BLUE LINE ADVOCATES SDC,Small Donor Committee,4500.0,2025-10-10 00:00:00,Committee To Elect Lauren Nelson,Colorado Springs,CO,80918,Contributions,
COLORADO CREDIT UNION POLITICAL ACTION COMMITTEE,Political Committee,54.95,2025-10-10 00:00:00,Forte Payment Systems,Allen,TX,75013,Bank Fees,Forte Vendor Fee
COLORADO FORWARD PARTY COMMITTEE,Political Party Committee,500.0,2025-10-10 00:00:00,Andy  Young,Louisville,CO,80027,Rent & Utilities,Booth Fees/Rent For A Fair
COPIC SMALL DONOR COMMITTEE,Small Donor Committee,2000.0,2025-10-10 00:00:00,Christopher  Vandijk,Commerce City,CO,80022,Contributions,Misc Campaign Contribution
COPIC SMALL DONOR COMMITTEE,Small Donor Committee,2000.0,2025-10-10 00:00:00,David L Rein,Littleton,CO,80162,Contributions,Misc Campaign Contribution
COPIC SMALL DONOR COMMITTEE,Small Donor Committee,4000.0,2025-10-10 00:00:00,Terri  Carver,Colorado Springs,CO,80949,Contributions,Misc Campaign Contribution
JANE FONDA CLIMATE PAC,Small Donor Committee,4000.0,2025-10-10 00:00:00,Luz E Molina-Aguayo,Commerce City,CO,80022,Contributions,Contribution
LIBERTARIAN PARTY OF COLORADO (LPCO),Political Party Committee,30.45,2025-10-10 00:00:00,Fdms.Gov,Aurora,CO,20521,Bank Fees,
THE COLEMAN LEADERSHIP FUND,Political Committee,2500.0,2025-10-10 00:00:00,Democratic Party Of Denver,Denver,CO,80205,Other,Gala Sponser
WILLFORD LEADERSHIP FUND,Political Committee,1000.0,2025-10-10 00:00:00,Jena For Colorado,Redacted By Sos,CO,99999,Contributions,
LIBERTARIAN PARTY OF COLORADO (LPCO),Political Party Committee,1.05,2025-10-11 00:00:00,Stripe.Com,South San Francisco,CA,94080,Bank Fees,
LIBERTARIAN PARTY OF COLORADO (LPCO),Political Party Committee,2.3,2025-10-11 00:00:00,Stripe.Com,New Orleans,LA,70112,Bank Fees,
ACCESS TO PEDIATRIC BEHAVIORAL THERAPY FOR COLORADO CHILDREN,Political Committee,28.64,2025-10-12 00:00:00,Actblue Technical Serivces,Boston,MA,02196,Fundraising Expenses,
COLORADO CEASEFIRE PAC,Political Committee,78.0,2025-10-12 00:00:00,Eileen  Mccarron,Denver,CO,80207,Office Equipment & Supplies,Reimbursement For Stamps
COLORADO WORKING FAMILIES PARTY SMALL DONOR COMMITTEE,Small Donor Committee,0.2,2025-10-12 00:00:00,Actblue Technical Services,Somerville,MA,02144,Fundraising Expenses,
EQUAL ACCESS FOR COLORADO AUTISM PATIENTS,Political Committee,68.14,2025-10-12 00:00:00,Actblue Technical Services,Boston,MA,02196,Fundraising Expenses,
LESLIE HEROD'S BOLDLY FORWARD PAC,Political Committee,0.2,2025-10-12 00:00:00,Act Blue,Somerville,MA,02144,Fundraising Expenses,
LIBERTARIAN PARTY OF COLORADO (LPCO),Political Party Committee,0.59,2025-10-12 00:00:00,Stripe.Com,South San Francisco,CA,94080,Bank Fees,
LIBERTARIAN PARTY OF COLORADO (LPCO),Political Party Committee,1.03,2025-10-12 00:00:00,Stripe.Com,South San Francisco,CA,94080,Bank Fees,
LIBERTARIAN PARTY OF COLORADO (LPCO),Political Party Committee,2.3,2025-10-12 00:00:00,Stripe.Com,New Orleans,LA,70112,Bank Fees,
LIBERTARIAN PARTY OF COLORADO (LPCO),Political Party Committee,2.3,2025-10-12 00:00:00,Stripe.Com,New Orleans,LA,70112,Bank Fees,
LIBERTARIAN PARTY OF COLORADO (LPCO),Political Party Committee,4.3,2025-10-12 00:00:00,Stripe.Com,New Orleans,LA,70112,Bank Fees,
LIBERTARIAN PARTY OF COLORADO (LPCO),Political Party Committee,6.3,2025-10-12 00:00:00,Stripe.Com,New Orleans,LA,70112,Bank Fees,
MONICA PAC,Political Committee,17.78,2025-10-12 00:00:00,Actblue,West Somerville,MA,02144,Fundraising Expenses,
NABIP COLORADO POLITICAL ACTION COMMITTEE,Political Committee,0.92,2025-10-12 00:00:00,Paypal,San Jose,CA,95131,Bank Fees,
VELASCO LEADERSHIP FUND,Political Committee,0.99,2025-10-12 00:00:00,Actblue,Somerville,MA,02144,Consultant & Professional Services,
BACON FOR COLORADO LEADERSHIP FUND,Political Committee,100.0,2025-10-13 00:00:00,Gena Ozols For Hd3,Redacted By Sos,CO,99999,Contributions,
BACON FOR COLORADO LEADERSHIP FUND,Political Committee,100.0,2025-10-13 00:00:00,Rein For Colorado,Littleton,CO,80162,Contributions,
COLORADO HEALTH CARE ASSOCIATION PC,Political Committee,1250.0,2025-10-13 00:00:00,Senate Majority Fund,Denver,CO,80205,Contributions,
CONSTITUTIONAL COLORADO (CC),Political Committee,200.0,2025-10-13 00:00:00,Colorado Sos,Denver,CO,80290,Other,"Agent Paid Delinquent Filing Penalties, To Be Reimbursed, See Corresponding Contribution And Reimbursement Expense."
CONSTITUTIONAL COLORADO (CC),Political Committee,169.03,2025-10-13 00:00:00,Chris  Howes,Denver,CO,80203,Miscellaneous,"Agent Paid Delinquent Filing Penalties, Was Reimbursed Up To Remaining Dollars In Committee'S Bank Account."
LIBERTARIAN PARTY OF COLORADO (LPCO),Political Party Committee,0.6,2025-10-13 00:00:00,Stripe.Com,South San Francisco,CA,94080,Bank Fees,
LIBERTARIAN PARTY OF COLORADO (LPCO),Political Party Committee,2.3,2025-10-13 00:00:00,Stripe.Com,New Orleans,LA,70112,Bank Fees,
LIBERTARIAN PARTY OF COLORADO (LPCO),Political Party Committee,8.3,2025-10-13 00:00:00,Stripe.Com,New Orleans,LA,70112,Bank Fees,
LIBERTARIAN PARTY OF COLORADO (LPCO),Political Party Committee,8.3,2025-10-13 00:00:00,Stripe.Com,New Orleans,LA,70112,Bank Fees,
LIBERTARIAN PARTY OF COLORADO (LPCO),Political Party Committee,4.3,2025-10-13 00:00:00,Stripe.Com,New Orleans,LA,70112,Bank Fees,
LIBERTARIAN PARTY OF COLORADO (LPCO),Political Party Committee,0.7,2025-10-13 00:00:00,Stripe.Com,New Orleans,LA,70112,Bank Fees,
LIBERTARIAN PARTY OF COLORADO (LPCO),Political Party Committee,2.3,2025-10-13 00:00:00,Stripe.Com,New Orleans,LA,70112,Bank Fees,
LIBERTARIAN PARTY OF COLORADO (LPCO),Political Party Committee,2.3,2025-10-13 00:00:00,Stripe.Com,New Orleans,LA,70112,Bank Fees,
LIBERTARIAN PARTY OF COLORADO (LPCO),Political Party Committee,8.3,2025-10-13 00:00:00,Stripe.Com,New Orleans,LA,70112,Bank Fees,
18TH JD CRIMINAL JUSTICE FUND,Small Donor Committee,50.0,2025-10-14 00:00:00,Amy Padden For District Attorney,Redacted By Sos,CO,80013,Contributions,
BLUE LINE ADVOCATES PAC,Political Committee,300.0,2025-10-14 00:00:00,Sarah B Jack & Asspciates,Colorado Springs,CO,80906,Consultant & Professional Services,
COLORADO FARM BUREAU POLITICAL COMMITTEE,Political Committee,63.8,2025-10-14 00:00:00,Anedot Inc.,New Orleans,LA,70112,Other,Transaction Fees
COLORADO FARM BUREAU POLITICAL COMMITTEE,Political Committee,20.0,2025-10-14 00:00:00,Montrose Ouray San Miguel Farm Bureau,Montrose,CO,81401,Other,Refund For Going Over Max Donation
COLORADO FORWARD PARTY COMMITTEE,Political Party Committee,18.4,2025-10-14 00:00:00,Zoom Inc,San Jose,CA,95113,Other,Interstate Communication
COLORADO MEDICAL SOCIETY SMALL DONOR COMMITTEE,Small Donor Committee,82.2,2025-10-14 00:00:00,Wells Fargo Bank,Portland,OR,97228,Bank Fees,
CONSERVATION COLORADO ACTION FUND (CCVAF),Political Committee,200.0,2025-10-14 00:00:00,Committee To Elect Lucy Molina,Commerce City,CO,80022,Contributions,Municipal Candidate Contributions
CONSERVATION COLORADO ACTION FUND (CCVAF),Political Committee,200.0,2025-10-14 00:00:00,Renee Millard Chacon Committee,Henderson,CO,80640,Contributions,Municipal Candidate Contributions
CONSERVATION COLORADO ACTION FUND (CCVAF),Political Committee,200.0,2025-10-14 00:00:00,Committee To Elect Jennifer Allen-Thomas For City Council-At-Large,Commerce City,CO,80022,Contributions,Municipal Candidate Contributions
CONSERVATION COLORADO ACTION FUND (CCVAF),Political Committee,200.0,2025-10-14 00:00:00,Committee To Elect Kristi Douglas Commerce City Council At-Large,Commerce City,CO,80022,Contributions,Municipal Candidate Contributions
CONSERVATION COLORADO ACTION FUND (CCVAF),Political Committee,200.0,2025-10-14 00:00:00,Claire Carmelia For Westminster City Council,Westminster,CO,80031,Contributions,Municipal Candidate Contributions
CONSERVATION COLORADO ACTION FUND (CCVAF),Political Committee,200.0,2025-10-14 00:00:00,Jack For Westminster,Westminster,CO,80031,Contributions,Municipal Candidate Contributions
CONSERVATION COLORADO ACTION FUND (CCVAF),Political Committee,200.0,2025-10-14 00:00:00,Sarah Nurmela For Westminster City Council,Westminster,CO,80031,Contributions,Municipal Candidate Contributions
CONSERVATION COLORADO ACTION FUND (CCVAF),Political Committee,200.0,2025-10-14 00:00:00,Vote Obi For Westminster,Westminster,CO,80031,Contributions,Municipal Candidate Contributions
DOCTORS COMPANY COLORADO PAC (COLORADO DOCPAC),Political Committee,85.09,2025-10-14 00:00:00,Wells Fargo,Santa Rosa,CA,95401,Bank Fees,Monthly Bank Fee
FRIENDS OF COLORADO HOSPITALS (F/K/A HOSPITALS EXPRESS LEGISLATIVE PREFERENCE),Political Committee,125.8,2025-10-14 00:00:00,,,,,Bank Fees,Oct Bank Fee
FRIENDS OF COLORADO HOSPITALS (F/K/A HOSPITALS EXPRESS LEGISLATIVE PREFERENCE),Political Committee,450.0,2025-10-14 00:00:00,Gilchrist For Colorado,Redacted By Sos,CO,99999,Contributions,
JUDY AMABILE LEADERSHIP FUND,Political Committee,450.0,2025-10-14 00:00:00,Elect Thomas Tony Exum,Redacted By Sos,CO,99999,Contributions,
JUDY AMABILE LEADERSHIP FUND,Political Committee,450.0,2025-10-14 00:00:00,Friends Of Jacque Phillips,Redacted By Sos,CO,99999,Contributions,
LIBERTARIAN PARTY OF COLORADO (LPCO),Political Party Committee,64.95,2025-10-14 00:00:00,Clover,Colorado Springs,CO,80919,Bank Fees,
LIBERTARIAN PARTY OF COLORADO (LPCO),Political Party Committee,771.39,2025-10-14 00:00:00,"Expedia Group, Inc.",Seattle,WA,98119,Travel & Lodging,
LIBERTARIAN PARTY OF COLORADO (LPCO),Political Party Committee,617.7,2025-10-14 00:00:00,Hector  Ross,,,,Consultant & Professional Services,
LIBERTARIAN PARTY OF COLORADO (LPCO),Political Party Committee,6.3,2025-10-14 00:00:00,Stripe.Com,New Orleans,LA,70112,Bank Fees,
LIBERTARIAN PARTY OF COLORADO (LPCO),Political Party Committee,2.3,2025-10-14 00:00:00,Stripe.Com,New Orleans,LA,70112,Bank Fees,
LIBERTARIAN PARTY OF COLORADO (LPCO),Political Party Committee,6.3,2025-10-14 00:00:00,Stripe.Com,New Orleans,LA,70112,Bank Fees,
LIBERTARIAN PARTY OF COLORADO (LPCO),Political Party Committee,2.3,2025-10-14 00:00:00,Stripe.Com,New Orleans,LA,70112,Bank Fees,
LIBERTARIAN PARTY OF COLORADO (LPCO),Political Party Committee,6.3,2025-10-14 00:00:00,Stripe.Com,New Orleans,LA,70112,Bank Fees,
MANNY RUTINEL LEADERSHIP FUND,Political Committee,9.99,2025-10-14 00:00:00,Mailmeteor,Paris,FR,75013,Office Equipment & Supplies,Software
MANNY RUTINEL LEADERSHIP FUND,Political Committee,100.0,2025-10-14 00:00:00,Michael For Rtd,Commerce City,CO,80022,Contributions,Contribution
PAC (POLITICAL ACTION COMMITTEE) TO THE FUTURE,Political Committee,50.0,2025-10-14 00:00:00,Jack Johnson For Westminster,Westminster,CO,REDACTED,Contributions,
PADDEN PAC - SMALL DONOR COMMITTEE,Small Donor Committee,50.0,2025-10-14 00:00:00,Amy Padden For District Attorney,Redacted By Sos,CO,80013,Contributions,
VALDEZ FOR COLORADO RAINBOW FUND,Political Committee,200.71,2025-10-14 00:00:00,Zoom,San Jose,CA,95113,Office Equipment & Supplies,
AGRICULTURE PAC,Political Committee,362.5,2025-10-15 00:00:00,Dana Charles For Colorado,Pueblo West,CO,81007,Other,2031 ∑ Candidate Support
AGRICULTURE PAC,Political Committee,362.5,2025-10-15 00:00:00,Woodward For Colorado,Redacted By Sos,CO,99999,Other,2031 ∑ Candidate Support
BALL FOR ALL LEADERSHIP FUND,Political Committee,15.0,2025-10-15 00:00:00,Milwaukee Street Tavern,Denver,CO,80206,Entertainment,Political Event
COLORADO INDEPENDENTS PAC (COINPAC),Political Committee,450.0,2025-10-15 00:00:00,Friends Of Jacque Phillips,Redacted By Sos,CO,99999,Contributions,Contribution
COLORADO INDEPENDENTS PAC (COINPAC),Political Committee,450.0,2025-10-15 00:00:00,Dylan Roberts For Colorado,Redacted By Sos,CO,99999,Contributions,Contribution
COLORADO INDEPENDENTS PAC (COINPAC),Political Committee,450.0,2025-10-15 00:00:00,Carlos For Hd 48,Fort Lupton,CO,80621,Contributions,Contribution
COLORADO INDEPENDENTS PAC (COINPAC),Political Committee,450.0,2025-10-15 00:00:00,Taggart For House District 55,Grand Junction,CO,81507,Contributions,Contribution
COLORADO INDEPENDENTS PAC (COINPAC),Political Committee,2000.0,2025-10-15 00:00:00,Colorado Democratic Latino Caucus,Denver,CO,80222,Contributions,Contribution
COLORADO RADIOLOGICAL SOCIETY POLITICAL COMMITTEE,Political Committee,6.5,2025-10-15 00:00:00,,,,,Bank Fees,
COLORADO REPUBLICAN COMMITTEE SMALL DONOR COMMITTEE,Small Donor Committee,3.94,2025-10-15 00:00:00,Winred Technical Services Llc,Arlington,VA,22219,Other,Merchant Fees
COLORADO STATE CONFERENCE OF ELECTRICAL WORKERS SMALL DONOR COMMITTEE (CSCEW),Small Donor Committee,2000.0,2025-10-15 00:00:00,Patrick A Quinn,Broomfield,CO,80020,Contributions,P. Quinn Contribution Check 2365
COLORADO STATE CONFERENCE OF ELECTRICAL WORKERS SMALL DONOR COMMITTEE (CSCEW),Small Donor Committee,500.0,2025-10-15 00:00:00,Joseph  Perko,Denver,CO,80217-0429,Contributions,Check 2367
COLORADO STATE FRATERNAL ORDER OF POLICE SMALL DONOR COMMITTEE (FOP),Small Donor Committee,2500.0,2025-10-15 00:00:00,Senate Majority Fund,Denver,CO,80205,Contributions,
COMMITTEE FOR PHYSICIAN ANESTHESIA CARE,Political Committee,30.0,2025-10-15 00:00:00,,,,,Bank Fees,
CONSERVATION COLORADO ACTION FUND (CCVAF),Political Committee,48.99,2025-10-15 00:00:00,Committee To Elect Jennifer Allen-Thomas For City Council-At-Large,Commerce City,CO,80022,Contributions,Staff Hours
JANE FONDA CLIMATE PAC,Small Donor Committee,4000.0,2025-10-15 00:00:00,Renee Millard-Chacon Committee,Henderson,CO,80640,Contributions,Contribution
LIBERTARIAN PARTY OF COLORADO (LPCO),Political Party Committee,407.8,2025-10-15 00:00:00,"Colorado West Pro-Serve & Investigations, Llc",Aurora,CO,80014,Consultant & Professional Services,
LIBERTARIAN PARTY OF COLORADO (LPCO),Political Party Committee,374.7,2025-10-15 00:00:00,"Ramos Private Process Server & Notary, Llc",Colorado Springs,CO,80905,Consultant & Professional Services,
LIBERTARIAN PARTY OF COLORADO (LPCO),Political Party Committee,680.0,2025-10-15 00:00:00,Something Amazing Event Planning Llc,Aurora,CO,80011,Consultant & Professional Services,
LIBERTARIAN PARTY OF COLORADO (LPCO),Political Party Committee,0.6,2025-10-15 00:00:00,Stripe.Com,South San Francisco,CA,94080,Bank Fees,
LIBERTARIAN PARTY OF COLORADO (LPCO),Political Party Committee,1.03,2025-10-15 00:00:00,Stripe.Com,South San Francisco,CA,94080,Bank Fees,
LIBERTARIAN PARTY OF COLORADO (LPCO),Political Party Committee,2.3,2025-10-15 00:00:00,Stripe.Com,New Orleans,LA,70112,Bank Fees,
LIBERTARIAN PARTY OF COLORADO (LPCO),Political Party Committee,2.3,2025-10-15 00:00:00,Stripe.Com,New Orleans,LA,70112,Bank Fees,
LUNDEEN LEADERSHIP FUND,Political Committee,100.0,2025-10-15 00:00:00,The Committee To Elect Ginger For D38 School Board,Monument,CO,80132,Other,8200 ∑ Candidate Support
MCCLUSKIE FOR COLORADO LEADERSHIP FUND,Political Committee,450.0,2025-10-15 00:00:00,Jamie For Colorado,Aurora,CO,80014,Contributions,
RURAL ROOTS LEADERSHIP PAC,Political Committee,24.3,2025-10-15 00:00:00,Deluxe Checks,Shoreview,MN,55126,Office Equipment & Supplies,
SERVICE FIRST PAC (CO),Political Committee,1000.0,2025-10-15 00:00:00,Andrews For Aurora,Aurora,CO,80011,Contributions,Contribution
SERVICE FIRST PAC (CO),Political Committee,1000.0,2025-10-15 00:00:00,Alli Jackson For Aurora,Aurora,CO,80010,Contributions,Contribution
SERVICE FIRST PAC (CO),Political Committee,1000.0,2025-10-15 00:00:00,Sweetland For Centennial,Centennial,CO,80122,Contributions,Contribution
SERVICE FIRST PAC (CO),Political Committee,500.0,2025-10-15 00:00:00,Gianina For Aurora,Aurora,CO,80010,Contributions,Contribution
SERVICE FIRST PAC (CO),Political Committee,500.0,2025-10-15 00:00:00,Amy For Aurora,Aurora,CO,80018,Contributions,Contribution
SERVICE FIRST PAC (CO),Political Committee,500.0,2025-10-15 00:00:00,Committee To Elect Ruben Medina,Aurora,CO,80017,Contributions,Contribution
SERVICE FIRST PAC (CO),Political Committee,500.0,2025-10-15 00:00:00,Ryan Dwiggins For Centennial City Council,Centennial,CO,80112,Contributions,Contribution
SERVICE FIRST PAC (CO),Political Committee,500.0,2025-10-15 00:00:00,Cindy For Centennial,Centennial,CO,80121,Contributions,Contribution
SERVICE FIRST PAC (CO),Political Committee,500.0,2025-10-15 00:00:00,Middleton 4D4,Centennial,CO,80014,Contributions,Contribution
SERVICE FIRST PAC (CO),Political Committee,500.0,2025-10-15 00:00:00,Ashish For Centennial,Centennial,CO,80111,Contributions,Contribution
STRENGTHENING OPPORTUNITIES FOR COLORADANS (SOCO) PAC,Political Committee,46.67,2025-10-15 00:00:00,Colorado Campfire,Denver,CO,80203,"Food, Beverages and Meals",
THE COLEMAN LEADERSHIP FUND,Political Committee,94.81,2025-10-15 00:00:00,Actblue,Somerville,MA,02144,Bank Fees,
UPSTREAM SDC,Small Donor Committee,2.0,2025-10-15 00:00:00,Firstbank,Wheat Ridge,CO,80033,Bank Fees,
US ANESTHESIA PARTNERS COLORADO STATE COMMITTEE,Political Committee,68.94,2025-10-15 00:00:00,Bok Financial,Denver,CO,80217,Bank Fees,Bank Fees
VELASCO LEADERSHIP FUND,Political Committee,7.13,2025-10-15 00:00:00,Alpine Bank,Grand Junction,CO,81501,Bank Fees,
WE WIN LEADERSHIP PAC,Political Committee,500.0,2025-10-15 00:00:00,Englewood Arts,Englewood,CO,80111,Fundraising Expenses,
BLACK JACK PAC,Political Committee,450.0,2025-10-16 00:00:00,Chris For Colorado,Commerce City,CO,80022,Contributions,
COLORADO BANKERS ASSOCIATION STATE PAC,Political Committee,225.0,2025-10-16 00:00:00,Lisa For Colorado,Redacted By Sos,CO,99999,Contributions,Donation
COLORADO BANKERS ASSOCIATION STATE PAC,Political Committee,225.0,2025-10-16 00:00:00,Meghan Lukens For Colorado,Redacted By Sos,CO,99999,Contributions,Donation
COLORADO BANKERS ASSOCIATION STATE PAC,Political Committee,225.0,2025-10-16 00:00:00,Friends Of Jacque Phillips,Redacted By Sos,CO,99999,Contributions,Donation
COLORADO BANKERS ASSOCIATION STATE PAC,Political Committee,225.0,2025-10-16 00:00:00,Hartsook For House,Redacted By Sos,CO,99999,Contributions,Donation
COLORADO BANKERS ASSOCIATION STATE PAC,Political Committee,225.0,2025-10-16 00:00:00,Carlos For Hd 48,Fort Lupton,CO,80621,Contributions,Donation
COLORADO BANKERS ASSOCIATION STATE PAC,Political Committee,225.0,2025-10-16 00:00:00,Committee To Elect Richardson For House District 56,Elizabeth,CO,80107,Contributions,Donation
COLORADO BANKERS ASSOCIATION STATE PAC,Political Committee,225.0,2025-10-16 00:00:00,Katie Wallace For Colorado,Redacted By Sos,CO,99999,Contributions,Donation
COLORADO BANKERS ASSOCIATION STATE PAC,Political Committee,225.0,2025-10-16 00:00:00,Lisa For Colorado Committee,Redacted By Sos,CO,99999,Contributions,Donation
COLORADO BANKERS ASSOCIATION STATE PAC,Political Committee,225.0,2025-10-16 00:00:00,Pelton For State Senate,Sterling,CO,80751,Contributions,Donation
COLORADO BANKERS ASSOCIATION STATE PAC,Political Committee,225.0,2025-10-16 00:00:00,Catlin For Colorado,Montrose,CO,81403,Contributions,Donation
COLORADO BANKERS ASSOCIATION STATE PAC,Political Committee,225.0,2025-10-16 00:00:00,Cathy Kipp For Colorado,Fort Collins,CO,80525,Contributions,Donation
COLORADO BANKERS ASSOCIATION STATE PAC,Political Committee,225.0,2025-10-16 00:00:00,Cecelia4Colorado,Denver,CO,80212,Contributions,Donation
COLORADO BANKERS ASSOCIATION STATE PAC,Political Committee,225.0,2025-10-16 00:00:00,Camacho For Colorado,Redacted By Sos,CO,99999,Contributions,Donation
COLORADO BANKERS ASSOCIATION STATE PAC,Political Committee,225.0,2025-10-16 00:00:00,Woog For House District 19,Frederick,CO,80530,Contributions,Donation
COLORADO BANKERS ASSOCIATION STATE PAC,Political Committee,225.0,2025-10-16 00:00:00,Elect Jarvis Caldwell,Colorado Springs,CO,80908,Contributions,Donation
COLORADO BANKERS ASSOCIATION STATE PAC,Political Committee,225.0,2025-10-16 00:00:00,Committee To Elect Marc Snyder,Manitou Springs,CO,80829,Contributions,Donation
COLORADO BANKERS ASSOCIATION STATE PAC,Political Committee,225.0,2025-10-16 00:00:00,Dafna Michaelson Jenet For Sd21,Commerce City,CO,80022,Contributions,Donation
COLORADO INDEPENDENT AUTO DEALERS POLITICAL COMMITTEE,Political Committee,725.0,2025-10-16 00:00:00,The Coleman Leadership Fund,Denver,CO,80249,Contributions,
COLORADO REPUBLICAN COMMITTEE SMALL DONOR COMMITTEE,Small Donor Committee,1.97,2025-10-16 00:00:00,Winred Technical Services Llc,Arlington,VA,22219,Other,Merchant Fees
COMCAST CORPORATION & NBCUNIVERSAL POLITICAL ACTION COMMITTEE - FEDERAL,Political Committee,300.0,2025-10-16 00:00:00,Danielle Jurinsky For Aurora,Aurora,CO,80014,Contributions,2025 General Contribution
COMCAST CORPORATION & NBCUNIVERSAL POLITICAL ACTION COMMITTEE - FEDERAL,Political Committee,300.0,2025-10-16 00:00:00,Friends Of Eric Montoya,Thornton,CO,80229,Contributions,2025 General Contribution
COMCAST CORPORATION & NBCUNIVERSAL POLITICAL ACTION COMMITTEE - FEDERAL,Political Committee,300.0,2025-10-16 00:00:00,Jason For Thornton,Thornton,CO,80241,Contributions,2025 General Contribution
COMCAST CORPORATION & NBCUNIVERSAL POLITICAL ACTION COMMITTEE - FEDERAL,Political Committee,300.0,2025-10-16 00:00:00,Steve Sundberg For Aurora Ward Ii,Aurora,CO,80018,Contributions,2025 General Contribution
DUSTY TRAIL PAC,Political Committee,50.0,2025-10-16 00:00:00,Polifi Llc,Fort Lupton,CO,80621,Consultant & Professional Services,
GIDDY UP PAC,Political Committee,450.0,2025-10-16 00:00:00,Story For Colorado House,Redacted By Sos,CO,00000,Contributions,
GIDDY UP PAC,Political Committee,450.0,2025-10-16 00:00:00,Meghan Lukens For Colorado,Redacted By Sos,CO,99999,Contributions,
GIDDY UP PAC,Political Committee,450.0,2025-10-16 00:00:00,Gretchen For Colorado,Redacted By Sos,CO,99999,Contributions,
GIDDY UP PAC,Political Committee,450.0,2025-10-16 00:00:00,Bob 4 Colorado,Highlands Ranch,CO,80126,Contributions,
GIDDY UP PAC,Political Committee,450.0,2025-10-16 00:00:00,Tisha Mauro,Pueblo,CO,81006,Contributions,
GIDDY UP PAC,Political Committee,450.0,2025-10-16 00:00:00,Katie For Colorado,Redacted By Sos,CO,99999,Contributions,
GIDDY UP PAC,Political Committee,450.0,2025-10-16 00:00:00,Eliza For Colorado,Centennial,CO,80016,Contributions,
LIBERTARIAN PARTY OF COLORADO (LPCO),Political Party Committee,151.2,2025-10-16 00:00:00,Microsoft Corporation,Redmond,WA,98052,Office Equipment & Supplies,
LIBERTARIAN PARTY OF COLORADO (LPCO),Political Party Committee,4.65,2025-10-16 00:00:00,Stripe.Com,South San Francisco,CA,94080,Bank Fees,
LIBERTARIAN PARTY OF COLORADO (LPCO),Political Party Committee,0.34,2025-10-16 00:00:00,Stripe.Com,New Orleans,LA,70112,Bank Fees,
LIBERTARIAN PARTY OF COLORADO (LPCO),Political Party Committee,4.3,2025-10-16 00:00:00,Stripe.Com,New Orleans,LA,70112,Bank Fees,
LIBERTARIAN PARTY OF COLORADO (LPCO),Political Party Committee,10.3,2025-10-16 00:00:00,Stripe.Com,New Orleans,LA,70112,Bank Fees,
STATE FARM FEDERAL PAC,Political Committee,225.0,2025-10-16 00:00:00,Camacho For Colorado,Redacted By Sos,CO,99999,Contributions,2026 Primary
STATE FARM FEDERAL PAC,Political Committee,225.0,2025-10-16 00:00:00,Camacho For Colorado,Redacted By Sos,CO,99999,Contributions,2026 General
STATE FARM FEDERAL PAC,Political Committee,225.0,2025-10-16 00:00:00,Carlos For Hd 48,Fort Lupton,CO,80621,Contributions,2026 General
UNITEDHEALTH GROUP INCORPORATED PAC (UNITEDHEALTH GROUP PAC),Political Committee,225.0,2025-10-16 00:00:00,Lisa For Colorado,Redacted By Sos,CO,99999,Contributions,Contribution
UNITEDHEALTH GROUP INCORPORATED PAC (UNITEDHEALTH GROUP PAC),Political Committee,200.0,2025-10-16 00:00:00,Committee To Elect Amy Paschal,Redacted By Sos,CO,99999,Contributions,Contribution
BUILDING BRIDGES FOR COLORADO,Political Committee,2.0,2025-10-17 00:00:00,1St Bank,Lakewood,CO,80215,Bank Fees,
COLORADO FORWARD PARTY COMMITTEE,Political Party Committee,197.0,2025-10-17 00:00:00,Meta Corporation,Menlo Park,CA,94025,Advertising,
LIBERTARIAN PARTY OF COLORADO (LPCO),Political Party Committee,800.0,2025-10-17 00:00:00,Park Hill Masonic Lodge,Denver,CO,80207,Rent & Utilities,
LIBERTARIAN PARTY OF COLORADO (LPCO),Political Party Committee,43.96,2025-10-17 00:00:00,Walmart Inc.,Bentonville,AR,72716,"Food, Beverages and Meals",
LIBERTARIAN PARTY OF COLORADO (LPCO),Political Party Committee,0.45,2025-10-17 00:00:00,Stripe.Com,South San Francisco,CA,94080,Bank Fees,
LIBERTARIAN PARTY OF COLORADO (LPCO),Political Party Committee,3.2,2025-10-17 00:00:00,Stripe.Com,South San Francisco,CA,94080,Bank Fees,
LIBERTARIAN PARTY OF COLORADO (LPCO),Political Party Committee,0.59,2025-10-17 00:00:00,Stripe.Com,South San Francisco,CA,94080,Bank Fees,
LIBERTARIAN PARTY OF COLORADO (LPCO),Political Party Committee,2.3,2025-10-17 00:00:00,Stripe.Com,New Orleans,LA,70112,Bank Fees,
LIBERTARIAN PARTY OF COLORADO (LPCO),Political Party Committee,1.3,2025-10-17 00:00:00,Stripe.Com,New Orleans,LA,70112,Bank Fees,
LIBERTARIAN PARTY OF COLORADO (LPCO),Political Party Committee,4.3,2025-10-17 00:00:00,Stripe.Com,New Orleans,LA,70112,Bank Fees,
LIBERTARIAN PARTY OF COLORADO (LPCO),Political Party Committee,2.3,2025-10-17 00:00:00,Stripe.Com,New Orleans,LA,70112,Bank Fees,
LIBERTARIAN PARTY OF COLORADO (LPCO),Political Party Committee,2.3,2025-10-17 00:00:00,Stripe.Com,New Orleans,LA,70112,Bank Fees,
MEGHAN LUKENS FOR CO LEADERSHIP PAC,Political Committee,450.0,2025-10-17 00:00:00,Jillaire For Hd19,Redacted By Sos,CO,99999,Contributions,
MEGHAN LUKENS FOR CO LEADERSHIP PAC,Political Committee,450.0,2025-10-17 00:00:00,Chris For Colorado,Commerce City,CO,80022,Contributions,
MEGHAN LUKENS FOR CO LEADERSHIP PAC,Political Committee,450.0,2025-10-17 00:00:00,Friends Of Jacque Phillips,Redacted By Sos,CO,99999,Contributions,
MEGHAN LUKENS FOR CO LEADERSHIP PAC,Political Committee,450.0,2025-10-17 00:00:00,Lori For Colorado,Westminster,CO,80031,Contributions,
NABIP COLORADO POLITICAL ACTION COMMITTEE,Political Committee,0.91,2025-10-17 00:00:00,Quickbooks Payments,Woodland Hills,CA,91367,Bank Fees,
PAC (POLITICAL ACTION COMMITTEE) TO THE FUTURE,Political Committee,100.0,2025-10-17 00:00:00,Jillaire For Hd19,Redacted By Sos,CO,99999,Contributions,
CONSERVATION COLORADO ACTION FUND (CCVAF),Political Committee,36.74,2025-10-18 00:00:00,Committee To Elect Ruben Medina,Aurora,CO,80017,Contributions,Staff Hours
GREEN PARTY OF COLORADO,Political Party Committee,0.95,2025-10-18 00:00:00,Paypal,San Jose,CA,95131,Bank Fees,
JUDY AMABILE LEADERSHIP FUND,Political Committee,450.0,2025-10-18 00:00:00,Lieder For Colorado,Redacted By Sos,CO,99999,Contributions,
LIBERTARIAN PARTY OF COLORADO (LPCO),Political Party Committee,0.81,2025-10-18 00:00:00,Stripe.Com,South San Francisco,CA,94080,Bank Fees,
LIBERTARIAN PARTY OF COLORADO (LPCO),Political Party Committee,0.57,2025-10-18 00:00:00,Stripe.Com,South San Francisco,CA,94080,Bank Fees,
LIBERTARIAN PARTY OF COLORADO (LPCO),Political Party Committee,0.74,2025-10-18 00:00:00,Stripe.Com,South San Francisco,CA,94080,Bank Fees,
LIBERTARIAN PARTY OF COLORADO (LPCO),Political Party Committee,0.64,2025-10-18 00:00:00,Stripe.Com,South San Francisco,CA,94080,Bank Fees,
LIBERTARIAN PARTY OF COLORADO (LPCO),Political Party Committee,0.64,2025-10-18 00:00:00,Stripe.Com,South San Francisco,CA,94080,Bank Fees,
LIBERTARIAN PARTY OF COLORADO (LPCO),Political Party Committee,0.74,2025-10-18 00:00:00,Stripe.Com,South San Francisco,CA,94080,Bank Fees,
LIBERTARIAN PARTY OF COLORADO (LPCO),Political Party Committee,0.57,2025-10-18 00:00:00,Stripe.Com,South San Francisco,CA,94080,Bank Fees,
LIBERTARIAN PARTY OF COLORADO (LPCO),Political Party Committee,0.74,2025-10-18 00:00:00,Stripe.Com,South San Francisco,CA,94080,Bank Fees,
LIBERTARIAN PARTY OF COLORADO (LPCO),Political Party Committee,8.3,2025-10-18 00:00:00,Stripe.Com,New Orleans,LA,70112,Bank Fees,
ACCESS TO PEDIATRIC BEHAVIORAL THERAPY FOR COLORADO CHILDREN,Political Committee,74.08,2025-10-19 00:00:00,Actblue Technical Serivces,Boston,MA,02196,Fundraising Expenses,
CATHY KIPP FOR COLORADO LEADERSHIP FUND,Political Committee,3.95,2025-10-19 00:00:00,Act Blue Technical Services,Somerville,MA,02144-3132,Other,Service Fees
EQUAL ACCESS FOR COLORADO AUTISM PATIENTS,Political Committee,92.84,2025-10-19 00:00:00,Actblue Technical Services,Boston,MA,02196,Fundraising Expenses,
LESLIE HEROD'S BOLDLY FORWARD PAC,Political Committee,1.35,2025-10-19 00:00:00,Act Blue,Somerville,MA,02144,Fundraising Expenses,
LIBERTARIAN PARTY OF COLORADO (LPCO),Political Party Committee,0.19,2025-10-19 00:00:00,Stripe.Com,South San Francisco,CA,94080,Bank Fees,
LIBERTARIAN PARTY OF COLORADO (LPCO),Political Party Committee,0.7,2025-10-19 00:00:00,Stripe.Com,South San Francisco,CA,94080,Bank Fees,
LIBERTARIAN PARTY OF COLORADO (LPCO),Political Party Committee,0.27,2025-10-19 00:00:00,Stripe.Com,South San Francisco,CA,94080,Bank Fees,
LIBERTARIAN PARTY OF COLORADO (LPCO),Political Party Committee,0.83,2025-10-19 00:00:00,Stripe.Com,South San Francisco,CA,94080,Bank Fees,
LIBERTARIAN PARTY OF COLORADO (LPCO),Political Party Committee,0.27,2025-10-19 00:00:00,Stripe.Com,South San Francisco,CA,94080,Bank Fees,
LIBERTARIAN PARTY OF COLORADO (LPCO),Political Party Committee,0.24,2025-10-19 00:00:00,Stripe.Com,South San Francisco,CA,94080,Bank Fees,
LIBERTARIAN PARTY OF COLORADO (LPCO),Political Party Committee,0.48,2025-10-19 00:00:00,Stripe.Com,South San Francisco,CA,94080,Bank Fees,
LIBERTARIAN PARTY OF COLORADO (LPCO),Political Party Committee,0.19,2025-10-19 00:00:00,Stripe.Com,South San Francisco,CA,94080,Bank Fees,
LIBERTARIAN PARTY OF COLORADO (LPCO),Political Party Committee,0.19,2025-10-19 00:00:00,Stripe.Com,South San Francisco,CA,94080,Bank Fees,
LIBERTARIAN PARTY OF COLORADO (LPCO),Political Party Committee,0.19,2025-10-19 00:00:00,Stripe.Com,South San Francisco,CA,94080,Bank Fees,
LIBERTARIAN PARTY OF COLORADO (LPCO),Political Party Committee,0.48,2025-10-19 00:00:00,Stripe.Com,South San Francisco,CA,94080,Bank Fees,
LIBERTARIAN PARTY OF COLORADO (LPCO),Political Party Committee,0.19,2025-10-19 00:00:00,Stripe.Com,South San Francisco,CA,94080,Bank Fees,
TAKE COLO BACK POLITICAL COMM,Political Committee,155.55,2025-10-19 00:00:00,Morrell Printing,Lafayette,CO,80026,Office Equipment & Supplies,Business Cards
VELASCO LEADERSHIP FUND,Political Committee,0.2,2025-10-19 00:00:00,Actblue,Somerville,MA,02144,Consultant & Professional Services,
COLORADO CREDIT UNION POLITICAL ACTION COMMITTEE,Political Committee,1450.0,2025-10-20 00:00:00,Bridges For Colorado Treasurer,Redacted By Sos,CO,99999,Contributions,
HOME CARE PAC,Political Committee,10.0,2025-10-20 00:00:00,Keybank,Cleveland,OH,44101,Bank Fees,Returned Statement Handling Charge
LIBERTARIAN PARTY OF COLORADO (LPCO),Political Party Committee,2500.0,2025-10-20 00:00:00,The Law Office Of Gary D. Fielder,Denver,CO,80221,Consultant & Professional Services,
LIBERTARIAN PARTY OF COLORADO (LPCO),Political Party Committee,46.61,2025-10-20 00:00:00,Golden Corral,Raleigh,NC,27607,"Food, Beverages and Meals",
LIBERTARIAN PARTY OF COLORADO (LPCO),Political Party Committee,21.92,2025-10-20 00:00:00,In-N-Out Burger,Irvine,CA,92612,"Food, Beverages and Meals",
LIBERTARIAN PARTY OF COLORADO (LPCO),Political Party Committee,67.0,2025-10-20 00:00:00,Smart Space Storage,Lakewood,CO,80215,Rent & Utilities,
LIBERTARIAN PARTY OF COLORADO (LPCO),Political Party Committee,1900.0,2025-10-20 00:00:00,Abrusci'S Fire & Vine,Lakewood,CO,80215,"Food, Beverages and Meals",
LIBERTARIAN PARTY OF COLORADO (LPCO),Political Party Committee,1600.0,2025-10-20 00:00:00,Brother'S Bbq,Denver,CO,80203,"Food, Beverages and Meals",
LIBERTARIAN PARTY OF COLORADO (LPCO),Political Party Committee,1500.0,2025-10-20 00:00:00,Stonegait Llc,Jefferson City,MO,65109,Consultant & Professional Services,
LUNDEEN LEADERSHIP FUND,Political Committee,11.48,2025-10-20 00:00:00,Google,Moutain Views,CA,94043,Other,6410 ∑ Registration & Hosting
LUNDEEN LEADERSHIP FUND,Political Committee,100.0,2025-10-20 00:00:00,Kevin Grantham For Treasurer,Denver,CO,80205,Other,8200 ∑ Candidate Support
MANNY RUTINEL LEADERSHIP FUND,Political Committee,63.08,2025-10-20 00:00:00,Adobe,San Jose,CA,95110,Office Equipment & Supplies,Software
NABIP COLORADO POLITICAL ACTION COMMITTEE,Political Committee,6.57,2025-10-20 00:00:00,Quickbooks Payments,Woodland Hills,CA,91367,Bank Fees,
NABIP COLORADO POLITICAL ACTION COMMITTEE,Political Committee,1.94,2025-10-20 00:00:00,Paypal,San Jose,CA,95131,Bank Fees,
NABIP COLORADO POLITICAL ACTION COMMITTEE,Political Committee,1.07,2025-10-20 00:00:00,Paypal,San Jose,CA,95131,Bank Fees,
THE COLEMAN LEADERSHIP FUND,Political Committee,-3875.0,2025-10-20 00:00:00,Democratic Senate Campaign Fund,Denver,CO,80204,Returned Expenditure,Contributed Double Then What Is Allowed.
COLORADO CEASEFIRE PAC,Political Committee,168.0,2024-10-21 00:00:00,Us Post Office,Denver,CO,80217,Office Equipment & Supplies,Samps
BOULDER VALLEY EDUCATION ASSOCIATION SMALL DONOR COMMITTEE,Small Donor Committee,3400.5,2025-10-21 00:00:00,,,,,Advertising,
CAMACHO LEADERSHIP FUND,Political Committee,450.0,2025-10-21 00:00:00,To Elect Michael Carter To Colorado State House District 36,Redacted By Sos,CO,99999,Contributions,
CONSERVATION COLORADO ACTION FUND (SDC) (CCAF SDC),Small Donor Committee,5.0,2025-10-21 00:00:00,Colorado Secretary Of State,Denver,CO,80290,Other,Sos Filing
GIDDY UP PAC,Political Committee,450.0,2025-10-21 00:00:00,Janice Marchman For Colorado,Loveland,CO,80538,Contributions,
GIDDY UP PAC,Political Committee,450.0,2025-10-21 00:00:00,Dylan Roberts For Colorado,Redacted By Sos,CO,99999,Contributions,
GIDDY UP PAC,Political Committee,450.0,2025-10-21 00:00:00,Sullivan For Colorado,Centennial,CO,80015,Contributions,
GIDDY UP PAC,Political Committee,450.0,2025-10-21 00:00:00,Elect Thomas Tony Exum,Redacted By Sos,CO,99999,Contributions,
GIDDY UP PAC,Political Committee,450.0,2025-10-21 00:00:00,Kyle Mullica For Sd 24,Thornton,CO,80602,Contributions,
JANE FONDA CLIMATE PAC,Small Donor Committee,4000.0,2025-10-21 00:00:00,Friends Of John Alge,Thornton,CO,80233,Contributions,Contribution
LIBERTARIAN PARTY OF COLORADO (LPCO),Political Party Committee,680.0,2025-10-21 00:00:00,Jonathan M Jacobs,Philadelphia,PA,19151,Consultant & Professional Services,
LIBERTARIAN PARTY OF COLORADO (LPCO),Political Party Committee,33.2,2025-10-21 00:00:00,Hilton Worldwide Holdings Inc.,Mclean,VA,22102,Travel & Lodging,
LIBERTARIAN PARTY OF COLORADO (LPCO),Political Party Committee,41.26,2025-10-21 00:00:00,Stripe.Com,New Orleans,LA,70112,Bank Fees,
RYDIN WITH GRETCHEN,Political Committee,200.0,2025-10-21 00:00:00,Kyle  Schlachter,Littleton,CO,80160,Donation for Independent Expenditures,Support Kyle Schlachter For Mayor Of Littleton
RYDIN WITH GRETCHEN,Political Committee,200.0,2025-10-21 00:00:00,Joel  Zink,Littleton,CO,80120,Donation for Independent Expenditures,Support For Joel Zink For Office
RYDIN WITH GRETCHEN,Political Committee,200.0,2025-10-21 00:00:00,Amanda  Henderson,Littleton,CO,80120,Donation for Independent Expenditures,Support Candidates With Democratic Values
RYDIN WITH GRETCHEN,Political Committee,200.0,2025-10-21 00:00:00,Cindy  Sandhu,Centennial,CO,80121,Donation for Independent Expenditures,Support Candidates With Democratic Value
RYDIN WITH GRETCHEN,Political Committee,200.0,2025-10-21 00:00:00,Christine  Sweetland,Centennial,CO,80161,Donation for Independent Expenditures,Support Candidates With Democratic Views
SMART-TRANSPORTATION DIVISION SDC,Small Donor Committee,1000.0,2025-10-21 00:00:00,Monica I Duran,Wheat Ridge,CO,80033,Contributions,
THE COLEMAN LEADERSHIP FUND,Political Committee,450.0,2025-10-21 00:00:00,Gena L Ozols,Redacted By Sos,CO,99999,Contributions,
BOULDER VALLEY EDUCATION ASSOCIATION SMALL DONOR COMMITTEE,Small Donor Committee,1000.0,2025-10-22 00:00:00,,,,,Contributions,Amy For Denver Contribution
CME WIN LEADERSHIP FUND,Political Committee,50.0,2025-10-22 00:00:00,Colorado Secretary Of State,Denver,CO,80290,Other,Late Filing Penalty For Previous Report
COLORADANS FOR WESTERN VALUES LEADERSHIP PAC,Political Committee,500.0,2025-10-22 00:00:00,Margerita  Osterman,Colorado Springs,CO,80907,"Food, Beverages and Meals",
COLORADANS FOR WESTERN VALUES LEADERSHIP PAC,Political Committee,450.0,2025-10-22 00:00:00,Danielle For Sd 27,Aurora,CO,80016,Contributions,
COLORADANS FOR WESTERN VALUES LEADERSHIP PAC,Political Committee,500.0,2025-10-22 00:00:00,Jody  Richie,Colorado Springs,CO,80918,Consultant & Professional Services,
COLORADO ENERGY FUTURE POLITICAL ACTION COMMITTEE,Political Committee,725.0,2025-10-22 00:00:00,Meghan Lukens For Co Leadership Pac,Redacted By Sos,CO,99999,Other,Contribution To State Committee
COLORADO ENERGY FUTURE POLITICAL ACTION COMMITTEE,Political Committee,450.0,2025-10-22 00:00:00,Andrew For Colorado,Redacted By Sos,CO,99999,Other,Contribution To State Committee
COLORADO ENERGY FUTURE POLITICAL ACTION COMMITTEE,Political Committee,450.0,2025-10-22 00:00:00,William For Colorado,Redacted By Sos,CO,99999,Other,Contribution To State Committee
COLORADO ENERGY FUTURE POLITICAL ACTION COMMITTEE,Political Committee,450.0,2025-10-22 00:00:00,Kyle Mullica For Sd 24,Thornton,CO,80602,Other,Contribution To State Committee
COLORADO ENERGY FUTURE POLITICAL ACTION COMMITTEE,Political Committee,450.0,2025-10-22 00:00:00,Winter For Hd47,Redacted By Sos,CO,99999,Other,Contribution To State Committee
COLORADO ENERGY FUTURE POLITICAL ACTION COMMITTEE,Political Committee,450.0,2025-10-22 00:00:00,Rebekah Stewart For Colorado,Redacted By Sos,CO,99999,Other,Contribution To State Committee
COLORADO ENERGY FUTURE POLITICAL ACTION COMMITTEE,Political Committee,725.0,2025-10-22 00:00:00,The Coleman Leadership Fund,Denver,CO,80249,Other,Contribution To State Committee
COLORADO ENERGY FUTURE POLITICAL ACTION COMMITTEE,Political Committee,450.0,2025-10-22 00:00:00,Dusty For Colorado,Redacted By Sos,CO,99999,Other,Contribution To State Committee
COLORADO ENERGY FUTURE POLITICAL ACTION COMMITTEE,Political Committee,450.0,2025-10-22 00:00:00,Lieder For Colorado,Redacted By Sos,CO,99999,Other,Contribution To State Committee
COLORADO ENERGY FUTURE POLITICAL ACTION COMMITTEE,Political Committee,450.0,2025-10-22 00:00:00,Lindsey For Colorado,Arvada,CO,80004,Other,Contribution To State Committee
COLORADO ENERGY FUTURE POLITICAL ACTION COMMITTEE,Political Committee,725.0,2025-10-22 00:00:00,The Murse Pac,Thornton,CO,80602,Other,Contribution To State Committee
COLORADO ENERGY FUTURE POLITICAL ACTION COMMITTEE,Political Committee,450.0,2025-10-22 00:00:00,Dafna Michaelson Jenet For Sd21,Commerce City,CO,80022,Other,Contribution To State Committee
COLORADO ENERGY FUTURE POLITICAL ACTION COMMITTEE,Political Committee,450.0,2025-10-22 00:00:00,Carson For State Senate,Highlands Ranch,CO,80130-9998,Other,Contribution To State Committee
COLORADO ENERGY FUTURE POLITICAL ACTION COMMITTEE,Political Committee,450.0,2025-10-22 00:00:00,Friends Of Matthew Martinez,Monte Vista,CO,81144,Other,Contribution To State Committee
COLORADO ENERGY FUTURE POLITICAL ACTION COMMITTEE,Political Committee,725.0,2025-10-22 00:00:00,Andrew For Colorado Leadership Fund,Redacted By Sos,CO,99999,Other,Contribution To State Committee
COLORADO ENERGY FUTURE POLITICAL ACTION COMMITTEE,Political Committee,725.0,2025-10-22 00:00:00,Dafna For Colorado Leadership Fund,Commerce City,CO,80022,Other,Contribution To State Committee
COLORADO ENERGY FUTURE POLITICAL ACTION COMMITTEE,Political Committee,450.0,2025-10-22 00:00:00,Meghan Lukens For Colorado,Redacted By Sos,CO,99999,Other,Contribution To State Committee
COLORADO ENERGY FUTURE POLITICAL ACTION COMMITTEE,Political Committee,450.0,2025-10-22 00:00:00,Coleman For Colorado,Denver,CO,80249,Other,Contribution To State Committee
COLORADO ENERGY FUTURE POLITICAL ACTION COMMITTEE,Political Committee,450.0,2025-10-22 00:00:00,Matt Ball For Colorado,Denver,CO,80203,Other,Contribution To State Committee
COLORADO ENERGY FUTURE POLITICAL ACTION COMMITTEE,Political Committee,450.0,2025-10-22 00:00:00,Friends Of Jacque Phillips,Redacted By Sos,CO,99999,Other,Contribution To State Committee
COLORADO ENERGY FUTURE POLITICAL ACTION COMMITTEE,Political Committee,450.0,2025-10-22 00:00:00,Elect Judy Amabile Sd-18,Boulder,CO,80302,Other,Contribution To State Committee
COLORADO ENERGY FUTURE POLITICAL ACTION COMMITTEE,Political Committee,725.0,2025-10-22 00:00:00,Sheila For Colorado Leadership Fund,Redacted By Sos,CO,99999,Other,Contribution To State Committee
COLORADO ENERGY FUTURE POLITICAL ACTION COMMITTEE,Political Committee,725.0,2025-10-22 00:00:00,Lindsey For Colorado Leadership Fund,Arvada,CO,80004,Other,Contribution To State Committee
COPIC SMALL DONOR COMMITTEE,Small Donor Committee,4000.0,2025-10-22 00:00:00,Dana  Charles,Pueblo West,CO,81007,Contributions,Misc Campaign Contribution
INDUSTRIAL PROPERTY RIGHTS PAC,Political Committee,300.0,2025-10-22 00:00:00,Committee To Elect Joanna Sandoval,Commerce City,CO,80022,Contributions,Local Candidate Contribution
INDUSTRIAL PROPERTY RIGHTS PAC,Political Committee,300.0,2025-10-22 00:00:00,Stefanie Trujillo For Commerce City,Commerce City,CO,80037,Contributions,Local Candidate Contribution
INDUSTRIAL PROPERTY RIGHTS PAC,Political Committee,300.0,2025-10-22 00:00:00,Lori For Commerce City,Commerce City,CO,80022,Contributions,Local Candidate Contribution
INDUSTRIAL PROPERTY RIGHTS PAC,Political Committee,300.0,2025-10-22 00:00:00,Committee To Elect Jose Guardiola,Commerce City,CO,80022,Contributions,Local Candidate Contribution
LIBERTARIAN PARTY OF COLORADO (LPCO),Political Party Committee,1.03,2025-10-22 00:00:00,Stripe.Com,South San Francisco,CA,94080,Bank Fees,
MONICA PAC,Political Committee,100.0,2025-10-22 00:00:00,Committee To Elect Ruben Medina,Aurora,CO,80017,Contributions,
REALTOR CANDIDATE POLITICAL ACTION COMMITTEE (RCPAC) - FKA: COLORADO ASSOCIATION OF REALTORS PAC (CO,Political Committee,500.0,2025-10-22 00:00:00,The Committee To Elect Dale Hall,Greeley,CO,80634,Contributions,Contribution
REALTOR CANDIDATE POLITICAL ACTION COMMITTEE (RCPAC) - FKA: COLORADO ASSOCIATION OF REALTORS PAC (CO,Political Committee,400.0,2025-10-22 00:00:00,Committee To Elect Patrick Quinn,Wheat Ridge,CO,80033,Contributions,Contribution
REALTOR CANDIDATE POLITICAL ACTION COMMITTEE (RCPAC) - FKA: COLORADO ASSOCIATION OF REALTORS PAC (CO,Political Committee,1000.0,2025-10-22 00:00:00,Olson For Greeley City Council,Greeley,CO,80634,Contributions,Contribution
REALTOR SMALL DONOR COMMITTEE (RSDC),Small Donor Committee,6200.0,2025-10-22 00:00:00,Friends Of Jacque Phillips,Redacted By Sos,CO,99999,Contributions,Contribution
REALTOR SMALL DONOR COMMITTEE (RSDC),Small Donor Committee,5000.0,2025-10-22 00:00:00,William For Colorado,Redacted By Sos,CO,99999,Contributions,Contribution
THE COLEMAN LEADERSHIP FUND,Political Committee,2.5,2025-10-22 00:00:00,Public Works Parking,Denver,CO,80202,Other,Parking
THE MURSE PAC,Political Committee,2.0,2025-10-22 00:00:00,First Bank,Thornton,CO,80233,Bank Fees,
VALDEZ FOR COLORADO RAINBOW FUND,Political Committee,77.81,2025-10-22 00:00:00,Mailchimp,Atlanta,GA,30308,Office Equipment & Supplies,
BOULDER VALLEY EDUCATION ASSOCIATION SMALL DONOR COMMITTEE,Small Donor Committee,706.31,2025-10-23 00:00:00,,,,,Advertising,
BOULDER VALLEY EDUCATION ASSOCIATION SMALL DONOR COMMITTEE,Small Donor Committee,1200.0,2025-10-23 00:00:00,,,,,Advertising,
BOULDER VALLEY EDUCATION ASSOCIATION SMALL DONOR COMMITTEE,Small Donor Committee,262.5,2025-10-23 00:00:00,,,,,Advertising,
BOULDER VALLEY EDUCATION ASSOCIATION SMALL DONOR COMMITTEE,Small Donor Committee,1000.0,2025-10-23 00:00:00,,,,,Contributions,Gaytan For Dps Contribution
CUTTER FOR COLORADO LEADERSHIP FUND,Political Committee,37.38,2025-10-23 00:00:00,Et Voila French Bakery,Golden,CO,80401,"Food, Beverages and Meals",
LIBERTARIAN PARTY OF COLORADO (LPCO),Political Party Committee,738.1,2025-10-23 00:00:00,Shaun  Kaufman,,,,Consultant & Professional Services,
LIBERTARIAN PARTY OF COLORADO (LPCO),Political Party Committee,0.45,2025-10-23 00:00:00,Stripe.Com,South San Francisco,CA,94080,Bank Fees,
LIBERTARIAN PARTY OF COLORADO (LPCO),Political Party Committee,0.88,2025-10-23 00:00:00,Stripe.Com,South San Francisco,CA,94080,Bank Fees,
LIBERTARIAN PARTY OF COLORADO (LPCO),Political Party Committee,-1055.16,2025-10-23 00:00:00,Argonaut Wine,Denver,CO,80203,Returned Expenditure,Refund For Unused Product
VALDEZ FOR COLORADO RAINBOW FUND,Political Committee,21.03,2025-10-23 00:00:00,Zoho,Pleasantville,CA,94588,Office Equipment & Supplies,
BLUEFLOWER FUND,Small Donor Committee,52.42,2025-10-24 00:00:00,Actblue,Somerville,MA,02144,Bank Fees,
BOULDER VALLEY EDUCATION ASSOCIATION SMALL DONOR COMMITTEE,Small Donor Committee,1000.0,2025-10-24 00:00:00,,,,,Contributions,Dj For Denver Contribution
BOULDER VALLEY EDUCATION ASSOCIATION SMALL DONOR COMMITTEE,Small Donor Committee,1000.0,2025-10-24 00:00:00,,,,,Contributions,Monica For Dps Contribution
COLORADO CENTER PARTY CENTRAL COMMITTEE,Political Party Committee,2.08,2025-10-24 00:00:00,Google Ads,Mountain View,CA,94043,Miscellaneous,
COLORADO FORWARD PARTY COMMITTEE,Political Party Committee,208.0,2025-10-24 00:00:00,Meta Corporation,Menlo Park,CA,94025,Advertising,
CONSERVATION COLORADO ACTION FUND (CCVAF),Political Committee,25.0,2025-10-24 00:00:00,Colorado Secretary Of State,Denver,CO,80290,Other,Sos Registration
CUTTER FOR COLORADO LEADERSHIP FUND,Political Committee,45.3,2025-10-24 00:00:00,Hungry Goat Scratch Kitchen And Wine Bar,Morrison,CO,80465,"Food, Beverages and Meals",
GIDDY UP PAC,Political Committee,1750.0,2025-10-24 00:00:00,Denver Democratic Central Committee,Denver,CO,80205,Contributions,
GREEN PARTY OF COLORADO,Political Party Committee,22.77,2025-10-24 00:00:00,Godaddy Inc,Tempe,AZ,85281,Office Equipment & Supplies,
GRISWOLD LEADERSHIP PAC,Political Committee,268.29,2025-10-24 00:00:00,Denver Democratic Central Committee,Denver,CO,80205,Contributions,
HANSEN LEADERSHIP FUND,Political Committee,450.0,2025-10-24 00:00:00,Coleman For Colorado,Denver,CO,80249,Contributions,
LIBERTARIAN PARTY OF COLORADO (LPCO),Political Party Committee,8.95,2025-10-24 00:00:00,Co Dept Of Revenue,Lakewood,CO,80214,Other,Co Dept Of Revenue Tax
MCCLUSKIE FOR COLORADO LEADERSHIP FUND,Political Committee,3000.0,2025-10-24 00:00:00,House Dems Petty Cash Fund,Denver,CO,80203,Contributions,
MCCLUSKIE FOR COLORADO LEADERSHIP FUND,Political Committee,450.0,2025-10-24 00:00:00,Elect Thomas Tony Exum,Redacted By Sos,CO,99999,Contributions,
ONEOK INC. EMPLOYEE POLITICAL ACTION COMMITTEE,Political Committee,225.0,2025-10-24 00:00:00,Lori Garcia Sander For Hd 65,Redacted By Sos,CO,99999,Contributions,
ONEOK INC. EMPLOYEE POLITICAL ACTION COMMITTEE,Political Committee,225.0,2025-10-24 00:00:00,Friends Of Jacque Phillips,Redacted By Sos,CO,99999,Contributions,
ONEOK INC. EMPLOYEE POLITICAL ACTION COMMITTEE,Political Committee,225.0,2025-10-24 00:00:00,Elect Jarvis Caldwell,Colorado Springs,CO,80908,Contributions,
ONEOK INC. EMPLOYEE POLITICAL ACTION COMMITTEE,Political Committee,225.0,2025-10-24 00:00:00,Committee To Elect Mary Bradfield,Colorado Springs,CO,80911,Contributions,
ONEOK INC. EMPLOYEE POLITICAL ACTION COMMITTEE,Political Committee,225.0,2025-10-24 00:00:00,Lieder For Colorado,Redacted By Sos,CO,99999,Contributions,
ONEOK INC. EMPLOYEE POLITICAL ACTION COMMITTEE,Political Committee,225.0,2025-10-24 00:00:00,Dusty For Colorado,Redacted By Sos,CO,99999,Contributions,
ONEOK INC. EMPLOYEE POLITICAL ACTION COMMITTEE,Political Committee,450.0,2025-10-24 00:00:00,Carlos For Hd 48,Fort Lupton,CO,80621,Contributions,
ONEOK INC. EMPLOYEE POLITICAL ACTION COMMITTEE,Political Committee,225.0,2025-10-24 00:00:00,Committee To Elect Richardson For House District 56,Elizabeth,CO,80107,Contributions,
ONEOK INC. EMPLOYEE POLITICAL ACTION COMMITTEE,Political Committee,450.0,2025-10-24 00:00:00,Winter For Hd47,Redacted By Sos,CO,99999,Contributions,
ONEOK INC. EMPLOYEE POLITICAL ACTION COMMITTEE,Political Committee,225.0,2025-10-24 00:00:00,To Elect Michael Carter To Colorado State House District 36,Redacted By Sos,CO,99999,Contributions,
ONEOK INC. EMPLOYEE POLITICAL ACTION COMMITTEE,Political Committee,225.0,2025-10-24 00:00:00,Varda For Colorado,Arvada,CO,80005,Contributions,
ONEOK INC. EMPLOYEE POLITICAL ACTION COMMITTEE,Political Committee,450.0,2025-10-24 00:00:00,Duran For Colorado,Superior,CO,80027,Contributions,
ONEOK INC. EMPLOYEE POLITICAL ACTION COMMITTEE,Political Committee,450.0,2025-10-24 00:00:00,Friends Of Larry Liston For Senate,Colo. Springs,CO,80909,Contributions,
ONEOK INC. EMPLOYEE POLITICAL ACTION COMMITTEE,Political Committee,450.0,2025-10-24 00:00:00,Pelton For State Senate,Sterling,CO,80751,Contributions,
ONEOK INC. EMPLOYEE POLITICAL ACTION COMMITTEE,Political Committee,450.0,2025-10-24 00:00:00,Committee To Elect Rod Pelton,Cheyenne Wells,CO,80810,Contributions,
ONEOK INC. EMPLOYEE POLITICAL ACTION COMMITTEE,Political Committee,450.0,2025-10-24 00:00:00,Coleman For Colorado,Denver,CO,80249,Contributions,
ONEOK INC. EMPLOYEE POLITICAL ACTION COMMITTEE,Political Committee,450.0,2025-10-24 00:00:00,Committee To Elect Cleave Simpson,Alamosa,CO,81101,Contributions,
REBEKAHPAC (REBEKAH STEWART FOR COLORADO),Political Committee,450.0,2025-10-24 00:00:00,To Elect Michael Carter To Colorado State House District 36,Redacted By Sos,CO,99999,Contributions,
REBEKAHPAC (REBEKAH STEWART FOR COLORADO),Political Committee,1000.0,2025-10-24 00:00:00,Colorado Democratic Party,Denver,CO,80203,Contributions,Hmp
TEAMSTERS LOCAL UNION NO. 455 SMALL DONOR FUND,Small Donor Committee,250.0,2025-10-24 00:00:00,Kristin For Aps,Aurora,CO,80017,Contributions,Candidate Contribution
TEAMSTERS LOCAL UNION NO. 455 SMALL DONOR FUND,Small Donor Committee,250.0,2025-10-24 00:00:00,Charrier,Aurora,CO,80018,Contributions,"Candidate Contribution
Check#1142"
TEAMSTERS LOCAL UNION NO. 455 SMALL DONOR FUND,Small Donor Committee,3750.0,2025-10-24 00:00:00,Jessie Danielson For Colorado,Wheat Ridge,CO,80033,Contributions,Candidate Contribution 2026
TEAMSTERS LOCAL UNION NO. 455 SMALL DONOR FUND,Small Donor Committee,1550.0,2025-10-24 00:00:00,Lieder For Colorado,Redacted By Sos,CO,99999,Contributions,Candidate Contribution 2026
GRISWOLD LEADERSHIP PAC,Political Committee,2.0,2025-10-25 00:00:00,,,,,Bank Fees,
LIBERTARIAN PARTY OF COLORADO (LPCO),Political Party Committee,0.6,2025-10-25 00:00:00,Stripe.Com,South San Francisco,CA,94080,Bank Fees,
LIBERTARIAN PARTY OF COLORADO (LPCO),Political Party Committee,1.05,2025-10-25 00:00:00,Stripe.Com,South San Francisco,CA,94080,Bank Fees,
LUNDEEN LEADERSHIP FUND,Political Committee,500.0,2025-10-25 00:00:00,Committee To Elect Ryan Graham,Monument,CO,80132,Other,8200 ∑ Candidate Support
RED WELD PAC,Political Committee,450.0,2025-10-25 00:00:00,Woog For House District 19,Frederick,CO,80530,Contributions,
WILLFORD LEADERSHIP FUND,Political Committee,8.45,2025-10-25 00:00:00,Culinary Dropout,Denver,CO,80220,"Food, Beverages and Meals",
ACCESS TO PEDIATRIC BEHAVIORAL THERAPY FOR COLORADO CHILDREN,Political Committee,0.99,2025-10-26 00:00:00,Actblue Technical Serivces,Boston,MA,02196,Fundraising Expenses,
CATHY KIPP FOR COLORADO LEADERSHIP FUND,Political Committee,1.32,2025-10-26 00:00:00,Act Blue Technical Services,Somerville,MA,02144-3132,Other,Service Fees
COLORADO WORKING FAMILIES PARTY SMALL DONOR COMMITTEE,Small Donor Committee,0.17,2025-10-26 00:00:00,Actblue Technical Services,Somerville,MA,02144,Fundraising Expenses,Fee
GRISWOLD LEADERSHIP PAC,Political Committee,28.64,2025-10-26 00:00:00,Actblue,West Somerville,MA,02144-0031,Fundraising Expenses,
LIBERTARIAN PARTY OF COLORADO (LPCO),Political Party Committee,0.59,2025-10-26 00:00:00,Stripe.Com,South San Francisco,CA,94080,Bank Fees,
MONICA PAC,Political Committee,0.2,2025-10-26 00:00:00,Actblue,West Somerville,MA,02144,Fundraising Expenses,
ADVANCED ENERGY ACTION,Political Committee,26.0,2025-10-27 00:00:00,Amalgamated Bank,Washington,DC,20006,Bank Fees,Bank Fees
ANDREW FOR COLORADO LEADERSHIP FUND,Political Committee,200.0,2025-10-27 00:00:00,Lori For Colorado,Westminster,CO,80031,Contributions,
ANDREW FOR COLORADO LEADERSHIP FUND,Political Committee,200.0,2025-10-27 00:00:00,Varda For Colorado,Arvada,CO,80005,Contributions,
APARTMENT ASSOCIATION OF METRO DENVER SMALL DONOR COMMITTEE,Small Donor Committee,3100.0,2025-10-27 00:00:00,Elect Jarvis Caldwell,Colorado Springs,CO,80908,Contributions,
APARTMENT ASSOCIATION OF METRO DENVER SMALL DONOR COMMITTEE,Small Donor Committee,3100.0,2025-10-27 00:00:00,Andrew For Colorado,Redacted By Sos,CO,99999,Contributions,
APARTMENT ASSOCIATION OF METRO DENVER SMALL DONOR COMMITTEE,Small Donor Committee,3100.0,2025-10-27 00:00:00,Bob 4 Colorado,Highlands Ranch,CO,80126,Contributions,
APARTMENT ASSOCIATION OF METRO DENVER SMALL DONOR COMMITTEE,Small Donor Committee,3100.0,2025-10-27 00:00:00,Camacho For Colorado,Redacted By Sos,CO,99999,Contributions,
APARTMENT ASSOCIATION OF METRO DENVER SMALL DONOR COMMITTEE,Small Donor Committee,3100.0,2025-10-27 00:00:00,Carlos For Hd 48,Fort Lupton,CO,80621,Contributions,
APARTMENT ASSOCIATION OF METRO DENVER SMALL DONOR COMMITTEE,Small Donor Committee,3100.0,2025-10-27 00:00:00,Carson For State Senate,Highlands Ranch,CO,80130-9998,Contributions,
APARTMENT ASSOCIATION OF METRO DENVER SMALL DONOR COMMITTEE,Small Donor Committee,3100.0,2025-10-27 00:00:00,Cecelia4Colorado,Denver,CO,80212,Contributions,
APARTMENT ASSOCIATION OF METRO DENVER SMALL DONOR COMMITTEE,Small Donor Committee,3100.0,2025-10-27 00:00:00,Citizens To Elect Janice Rich,Grand Junction,CO,81506,Contributions,
APARTMENT ASSOCIATION OF METRO DENVER SMALL DONOR COMMITTEE,Small Donor Committee,3100.0,2025-10-27 00:00:00,Coleman For Colorado,Denver,CO,80249,Contributions,
APARTMENT ASSOCIATION OF METRO DENVER SMALL DONOR COMMITTEE,Small Donor Committee,3100.0,2025-10-27 00:00:00,Committee To Elect Mary Bradfield,Colorado Springs,CO,80911,Contributions,
APARTMENT ASSOCIATION OF METRO DENVER SMALL DONOR COMMITTEE,Small Donor Committee,3100.0,2025-10-27 00:00:00,Committee To Elect Cleave Simpson,Alamosa,CO,81101,Contributions,
APARTMENT ASSOCIATION OF METRO DENVER SMALL DONOR COMMITTEE,Small Donor Committee,3100.0,2025-10-27 00:00:00,Committee To Elect Marc Snyder,Manitou Springs,CO,80829,Contributions,
APARTMENT ASSOCIATION OF METRO DENVER SMALL DONOR COMMITTEE,Small Donor Committee,3100.0,2025-10-27 00:00:00,Dafna Michaelson Jenet For Sd21,Commerce City,CO,80022,Contributions,
APARTMENT ASSOCIATION OF METRO DENVER SMALL DONOR COMMITTEE,Small Donor Committee,6200.0,2025-10-27 00:00:00,Dana Charles For Colorado,Pueblo West,CO,81007,Contributions,
APARTMENT ASSOCIATION OF METRO DENVER SMALL DONOR COMMITTEE,Small Donor Committee,3100.0,2025-10-27 00:00:00,Dylan Roberts For Colorado,Redacted By Sos,CO,99999,Contributions,
APARTMENT ASSOCIATION OF METRO DENVER SMALL DONOR COMMITTEE,Small Donor Committee,3100.0,2025-10-27 00:00:00,Elect Judy Amabile Sd-18,Boulder,CO,80302,Contributions,
APARTMENT ASSOCIATION OF METRO DENVER SMALL DONOR COMMITTEE,Small Donor Committee,6200.0,2025-10-27 00:00:00,Friends Of Jacque Phillips,Redacted By Sos,CO,99999,Contributions,
APARTMENT ASSOCIATION OF METRO DENVER SMALL DONOR COMMITTEE,Small Donor Committee,3100.0,2025-10-27 00:00:00,Gilchrist For Colorado,Redacted By Sos,CO,99999,Contributions,
APARTMENT ASSOCIATION OF METRO DENVER SMALL DONOR COMMITTEE,Small Donor Committee,6200.0,2025-10-27 00:00:00,Gonzalez For 50,Greeley,CO,80634,Contributions,
APARTMENT ASSOCIATION OF METRO DENVER SMALL DONOR COMMITTEE,Small Donor Committee,3100.0,2025-10-27 00:00:00,Hartsook For House,Redacted By Sos,CO,99999,Contributions,
APARTMENT ASSOCIATION OF METRO DENVER SMALL DONOR COMMITTEE,Small Donor Committee,3100.0,2025-10-27 00:00:00,Kyle For Colorado,Louisville,CO,80027,Contributions,
APARTMENT ASSOCIATION OF METRO DENVER SMALL DONOR COMMITTEE,Small Donor Committee,3100.0,2025-10-27 00:00:00,Kyle Mullica For Sd 24,Thornton,CO,80602,Contributions,
APARTMENT ASSOCIATION OF METRO DENVER SMALL DONOR COMMITTEE,Small Donor Committee,3100.0,2025-10-27 00:00:00,Lesley For Colorado,Redacted By Sos,CO,99999,Contributions,
APARTMENT ASSOCIATION OF METRO DENVER SMALL DONOR COMMITTEE,Small Donor Committee,3100.0,2025-10-27 00:00:00,Lindsey For Colorado,Arvada,CO,80004,Contributions,
APARTMENT ASSOCIATION OF METRO DENVER SMALL DONOR COMMITTEE,Small Donor Committee,3100.0,2025-10-27 00:00:00,Lisa For Colorado,Redacted By Sos,CO,99999,Contributions,
APARTMENT ASSOCIATION OF METRO DENVER SMALL DONOR COMMITTEE,Small Donor Committee,3100.0,2025-10-27 00:00:00,Lisa For Colorado Committee,Redacted By Sos,CO,99999,Contributions,
APARTMENT ASSOCIATION OF METRO DENVER SMALL DONOR COMMITTEE,Small Donor Committee,3100.0,2025-10-27 00:00:00,Lori Garcia Sander For Hd 65,Redacted By Sos,CO,99999,Contributions,
APARTMENT ASSOCIATION OF METRO DENVER SMALL DONOR COMMITTEE,Small Donor Committee,3100.0,2025-10-27 00:00:00,Meghan Lukens For Colorado,Redacted By Sos,CO,99999,Contributions,
APARTMENT ASSOCIATION OF METRO DENVER SMALL DONOR COMMITTEE,Small Donor Committee,3100.0,2025-10-27 00:00:00,Pelton For State Senate,Sterling,CO,80751,Contributions,
APARTMENT ASSOCIATION OF METRO DENVER SMALL DONOR COMMITTEE,Small Donor Committee,3100.0,2025-10-27 00:00:00,Rebekah Stewart For Colorado,Redacted By Sos,CO,99999,Contributions,
APARTMENT ASSOCIATION OF METRO DENVER SMALL DONOR COMMITTEE,Small Donor Committee,3100.0,2025-10-27 00:00:00,Scott For Hd 64,Johnstown,CO,80534,Contributions,
APARTMENT ASSOCIATION OF METRO DENVER SMALL DONOR COMMITTEE,Small Donor Committee,3100.0,2025-10-27 00:00:00,Sullivan For Colorado,Centennial,CO,80015,Contributions,
APARTMENT ASSOCIATION OF METRO DENVER SMALL DONOR COMMITTEE,Small Donor Committee,3100.0,2025-10-27 00:00:00,Taggart For House District 55,Grand Junction,CO,81507,Contributions,
APARTMENT ASSOCIATION OF METRO DENVER SMALL DONOR COMMITTEE,Small Donor Committee,6200.0,2025-10-27 00:00:00,To Elect Michael Carter To Colorado State House District 36,Redacted By Sos,CO,99999,Contributions,
APARTMENT ASSOCIATION OF METRO DENVER SMALL DONOR COMMITTEE,Small Donor Committee,3100.0,2025-10-27 00:00:00,William For Colorado,Redacted By Sos,CO,99999,Contributions,
APARTMENT ASSOCIATION OF METRO DENVER SMALL DONOR COMMITTEE,Small Donor Committee,6200.0,2025-10-27 00:00:00,Woodward For Colorado,Redacted By Sos,CO,99999,Contributions,
APARTMENT ASSOCIATION OF METRO DENVER SMALL DONOR COMMITTEE,Small Donor Committee,3100.0,2025-10-27 00:00:00,Zamora For Colorado,Redacted By Sos,CO,80000,Contributions,
APARTMENT ASSOCIATION OF METRO DENVER SMALL DONOR COMMITTEE,Small Donor Committee,6200.0,2025-10-27 00:00:00,Woog For House District 19,Frederick,CO,80530,Contributions,
BALL FOR ALL LEADERSHIP FUND,Political Committee,5.95,2025-10-27 00:00:00,Kochi Cafe,Denver,CO,80220,"Food, Beverages and Meals",Constituent Coffee
BOULDER VALLEY EDUCATION ASSOCIATION SMALL DONOR COMMITTEE,Small Donor Committee,1500.0,2025-10-27 00:00:00,,,,,Contributions,Tina For Jeffco Contribution
BOULDER VALLEY EDUCATION ASSOCIATION SMALL DONOR COMMITTEE,Small Donor Committee,1500.0,2025-10-27 00:00:00,,,,,Contributions,Peter For Jeffco Contribution
COLORADANS FOR WESTERN VALUES LEADERSHIP PAC,Political Committee,1450.0,2025-10-27 00:00:00,Kirkmeyer For Colorado,Brighton,CO,80603,Contributions,
COMCAST CORPORATION & NBCUNIVERSAL POLITICAL ACTION COMMITTEE - FEDERAL,Political Committee,200.0,2025-10-27 00:00:00,Don For Centennial,Centennial,CO,80015,Contributions,2025 General Contribution
COMCAST CORPORATION & NBCUNIVERSAL POLITICAL ACTION COMMITTEE - FEDERAL,Political Committee,200.0,2025-10-27 00:00:00,Engerman 4 Mayor,Castle Pines,CO,80108,Contributions,2025 General Contribution
COMCAST CORPORATION & NBCUNIVERSAL POLITICAL ACTION COMMITTEE - FEDERAL,Political Committee,200.0,2025-10-27 00:00:00,Friends Of Robyn Carnes,Centennial,CO,80122,Contributions,2025 General Contribution
COMCAST CORPORATION & NBCUNIVERSAL POLITICAL ACTION COMMITTEE - FEDERAL,Political Committee,400.0,2025-10-27 00:00:00,Kyle For Littleton,Littleton,CO,80120,Contributions,2025 General Contribution
COMCAST CORPORATION & NBCUNIVERSAL POLITICAL ACTION COMMITTEE - FEDERAL,Political Committee,200.0,2025-10-27 00:00:00,Roger For Castle Pines,Castle Pines,CO,80108,Contributions,2025 General Contribution
COMCAST CORPORATION & NBCUNIVERSAL POLITICAL ACTION COMMITTEE - FEDERAL,Political Committee,200.0,2025-10-27 00:00:00,Stillwell 4 Littleton,Littleton,CO,80123,Contributions,2025 General Contribution
COMCAST CORPORATION & NBCUNIVERSAL POLITICAL ACTION COMMITTEE - FEDERAL,Political Committee,200.0,2025-10-27 00:00:00,Sweetland For Centennial Mayor,Centennial,CO,80161,Contributions,2025 General Contribution
JAMIE JACKSON LEADERSHIP,Political Committee,50.0,2025-10-27 00:00:00,Reuben Medina For Aurora City Council,Aurora,CO,80017,Contributions,
LUMEN TECHNOLOGIES COLORADO EMPLOYEE POLITICAL ACTION COMMITTEE,Political Committee,225.0,2025-10-27 00:00:00,Camacho For Colorado,Redacted By Sos,CO,99999,Contributions,2026 General
LUMEN TECHNOLOGIES COLORADO EMPLOYEE POLITICAL ACTION COMMITTEE,Political Committee,225.0,2025-10-27 00:00:00,Camacho For Colorado,Redacted By Sos,CO,99999,Contributions,2026 Primary
LUMEN TECHNOLOGIES COLORADO EMPLOYEE POLITICAL ACTION COMMITTEE,Political Committee,225.0,2025-10-27 00:00:00,Carson For State Senate,Highlands Ranch,CO,80130-9998,Contributions,2026 Primary
LUMEN TECHNOLOGIES COLORADO EMPLOYEE POLITICAL ACTION COMMITTEE,Political Committee,225.0,2025-10-27 00:00:00,Carson For State Senate,Highlands Ranch,CO,80130-9998,Contributions,2026 General
LUMEN TECHNOLOGIES COLORADO EMPLOYEE POLITICAL ACTION COMMITTEE,Political Committee,725.0,2025-10-27 00:00:00,Carson Leadership Pac,Highlands Ranch,CO,80130-9998,Contributions,2025 Contribution
LUMEN TECHNOLOGIES COLORADO EMPLOYEE POLITICAL ACTION COMMITTEE,Political Committee,225.0,2025-10-27 00:00:00,Citizens To Elect Janice Rich,Grand Junction,CO,81506,Contributions,2026 Primary
LUMEN TECHNOLOGIES COLORADO EMPLOYEE POLITICAL ACTION COMMITTEE,Political Committee,225.0,2025-10-27 00:00:00,Citizens To Elect Janice Rich,Grand Junction,CO,81506,Contributions,2026 General
LUMEN TECHNOLOGIES COLORADO EMPLOYEE POLITICAL ACTION COMMITTEE,Political Committee,725.0,2025-10-27 00:00:00,Coloradans For Western Values Leadership Pac,Colo. Springs,CO,80918,Contributions,2025 Contribution
LUMEN TECHNOLOGIES COLORADO EMPLOYEE POLITICAL ACTION COMMITTEE,Political Committee,225.0,2025-10-27 00:00:00,Elect Jarvis Caldwell,Colorado Springs,CO,80908,Contributions,2026 Primary
LUMEN TECHNOLOGIES COLORADO EMPLOYEE POLITICAL ACTION COMMITTEE,Political Committee,225.0,2025-10-27 00:00:00,Elect Jarvis Caldwell,Colorado Springs,CO,80908,Contributions,2026 General
LUMEN TECHNOLOGIES COLORADO EMPLOYEE POLITICAL ACTION COMMITTEE,Political Committee,225.0,2025-10-27 00:00:00,To Elect Michael Carter To Colorado State House District 36,Redacted By Sos,CO,99999,Contributions,2026 Primary
LUMEN TECHNOLOGIES COLORADO EMPLOYEE POLITICAL ACTION COMMITTEE,Political Committee,225.0,2025-10-27 00:00:00,To Elect Michael Carter To Colorado State House District 36,Redacted By Sos,CO,99999,Contributions,2026 General
LUMEN TECHNOLOGIES COLORADO EMPLOYEE POLITICAL ACTION COMMITTEE,Political Committee,225.0,2025-10-27 00:00:00,Kyle Mullica For Sd 24,Thornton,CO,80602,Contributions,2026 General
LUMEN TECHNOLOGIES COLORADO EMPLOYEE POLITICAL ACTION COMMITTEE,Political Committee,225.0,2025-10-27 00:00:00,Kyle Mullica For Sd 24,Thornton,CO,80602,Contributions,2026 Primary
LUMEN TECHNOLOGIES COLORADO EMPLOYEE POLITICAL ACTION COMMITTEE,Political Committee,225.0,2025-10-27 00:00:00,Matt Ball For Colorado,Denver,CO,80203,Contributions,2026 General
LUMEN TECHNOLOGIES COLORADO EMPLOYEE POLITICAL ACTION COMMITTEE,Political Committee,225.0,2025-10-27 00:00:00,Matt Ball For Colorado,Denver,CO,80203,Contributions,2026 Primary
LUMEN TECHNOLOGIES COLORADO EMPLOYEE POLITICAL ACTION COMMITTEE,Political Committee,225.0,2025-10-27 00:00:00,Meghan Lukens For Colorado,Redacted By Sos,CO,99999,Contributions,2026 General
LUMEN TECHNOLOGIES COLORADO EMPLOYEE POLITICAL ACTION COMMITTEE,Political Committee,225.0,2025-10-27 00:00:00,Meghan Lukens For Colorado,Redacted By Sos,CO,99999,Contributions,2026 Primary
LUMEN TECHNOLOGIES COLORADO EMPLOYEE POLITICAL ACTION COMMITTEE,Political Committee,225.0,2025-10-27 00:00:00,William For Colorado,Redacted By Sos,CO,99999,Contributions,2026 Primary
LUMEN TECHNOLOGIES COLORADO EMPLOYEE POLITICAL ACTION COMMITTEE,Political Committee,225.0,2025-10-27 00:00:00,William For Colorado,Redacted By Sos,CO,99999,Contributions,2026 General
LUMEN TECHNOLOGIES COLORADO EMPLOYEE POLITICAL ACTION COMMITTEE,Political Committee,225.0,2025-10-27 00:00:00,Woog For House District 19,Frederick,CO,80530,Contributions,2026 Primary
LUMEN TECHNOLOGIES COLORADO EMPLOYEE POLITICAL ACTION COMMITTEE,Political Committee,225.0,2025-10-27 00:00:00,Woog For House District 19,Frederick,CO,80530,Contributions,2026 General
PLUMBERS LOCAL 3 SMALL DONOR COMMITTEE,Small Donor Committee,1500.0,2025-10-27 00:00:00,Bridges For Colorado Treasurer,Redacted By Sos,CO,99999,Contributions,Campaign Contribution
PLUMBERS LOCAL 3 SMALL DONOR COMMITTEE,Small Donor Committee,2000.0,2025-10-27 00:00:00,Jessie Danielson For Colorado,Wheat Ridge,CO,80033,Contributions,Campaign Contrubution
PLUMBERS LOCAL 3 SMALL DONOR COMMITTEE,Small Donor Committee,2500.0,2025-10-27 00:00:00,Carrera For Colorado,Redacted By Sos,CO,99999,Contributions,
PLUMBERS LOCAL 3 SMALL DONOR COMMITTEE,Small Donor Committee,1000.0,2025-10-27 00:00:00,Emily Sirota For Colorado,Redacted By Sos,CO,99999,Contributions,Campaign Contribution
PLUMBERS LOCAL 3 SMALL DONOR COMMITTEE,Small Donor Committee,500.0,2025-10-27 00:00:00,Nguyen For Colorado,Redacted By Sos,CO,99999,Contributions,Campaign Contribution
PLUMBERS LOCAL 3 SMALL DONOR COMMITTEE,Small Donor Committee,500.0,2025-10-27 00:00:00,Gena Ozols For Hd3,Redacted By Sos,CO,99999,Contributions,Campaign Contribution
PLUMBERS LOCAL 3 SMALL DONOR COMMITTEE,Small Donor Committee,2500.0,2025-10-27 00:00:00,Friends Of Jacque Phillips,Redacted By Sos,CO,99999,Contributions,Campaign Contribution
THE COLEMAN LEADERSHIP FUND,Political Committee,10.31,2025-10-27 00:00:00,Blue Sparrow Coffee,Denver,CO,80205,"Food, Beverages and Meals",
THE COLEMAN LEADERSHIP FUND,Political Committee,5.62,2025-10-27 00:00:00,Blue Sparrow Coffee,Denver,CO,80205,"Food, Beverages and Meals",
THE COLEMAN LEADERSHIP FUND,Political Committee,13.15,2025-10-27 00:00:00,Prodigy Coffee,Denver,CO,80205,"Food, Beverages and Meals",
THE COLEMAN LEADERSHIP FUND,Political Committee,11.04,2025-10-27 00:00:00,Blue Sparrow Coffee,Denver,CO,80205,"Food, Beverages and Meals",
APARTMENT ASSOCIATION OF METRO DENVER POLITICAL COMMITTEE,Political Committee,450.0,2025-10-28 00:00:00,Duran For Colorado,Superior,CO,80027,Contributions,
APARTMENT ASSOCIATION OF METRO DENVER POLITICAL COMMITTEE,Political Committee,450.0,2025-10-28 00:00:00,Andrew For Colorado,Redacted By Sos,CO,99999,Contributions,
APARTMENT ASSOCIATION OF METRO DENVER POLITICAL COMMITTEE,Political Committee,450.0,2025-10-28 00:00:00,Ava For Colorado,Redacted By Sos,CO,99999,Contributions,
APARTMENT ASSOCIATION OF METRO DENVER POLITICAL COMMITTEE,Political Committee,450.0,2025-10-28 00:00:00,Bob 4 Colorado,Highlands Ranch,CO,80126,Contributions,
APARTMENT ASSOCIATION OF METRO DENVER POLITICAL COMMITTEE,Political Committee,450.0,2025-10-28 00:00:00,Brandi Bradley For Colorado House District 39,Littleton,CO,80125,Contributions,
APARTMENT ASSOCIATION OF METRO DENVER POLITICAL COMMITTEE,Political Committee,450.0,2025-10-28 00:00:00,Camacho For Colorado,Redacted By Sos,CO,99999,Contributions,
APARTMENT ASSOCIATION OF METRO DENVER POLITICAL COMMITTEE,Political Committee,450.0,2025-10-28 00:00:00,Carlos For Hd 48,Fort Lupton,CO,80621,Contributions,
APARTMENT ASSOCIATION OF METRO DENVER POLITICAL COMMITTEE,Political Committee,450.0,2025-10-28 00:00:00,Cecelia4Colorado,Denver,CO,80212,Contributions,
APARTMENT ASSOCIATION OF METRO DENVER POLITICAL COMMITTEE,Political Committee,450.0,2025-10-28 00:00:00,Committee To Elect Mary Bradfield,Colorado Springs,CO,80911,Contributions,
APARTMENT ASSOCIATION OF METRO DENVER POLITICAL COMMITTEE,Political Committee,450.0,2025-10-28 00:00:00,Committee To Elect Amy Paschal,Redacted By Sos,CO,99999,Contributions,
APARTMENT ASSOCIATION OF METRO DENVER POLITICAL COMMITTEE,Political Committee,450.0,2025-10-28 00:00:00,Committee To Elect Larry Don Suckla,Cortez,CO,81321,Contributions,
APARTMENT ASSOCIATION OF METRO DENVER POLITICAL COMMITTEE,Political Committee,450.0,2025-10-28 00:00:00,Committee To Elect Richardson For House District 56,Elizabeth,CO,80107,Contributions,
APARTMENT ASSOCIATION OF METRO DENVER POLITICAL COMMITTEE,Political Committee,450.0,2025-10-28 00:00:00,Dusty For Colorado,Redacted By Sos,CO,99999,Contributions,
APARTMENT ASSOCIATION OF METRO DENVER POLITICAL COMMITTEE,Political Committee,450.0,2025-10-28 00:00:00,Elect Jarvis Caldwell,Colorado Springs,CO,80908,Contributions,
APARTMENT ASSOCIATION OF METRO DENVER POLITICAL COMMITTEE,Political Committee,450.0,2025-10-28 00:00:00,Friends Of Jacque Phillips,Redacted By Sos,CO,99999,Contributions,
APARTMENT ASSOCIATION OF METRO DENVER POLITICAL COMMITTEE,Political Committee,450.0,2025-10-28 00:00:00,Friends Of Matthew Martinez,Monte Vista,CO,81144,Contributions,
APARTMENT ASSOCIATION OF METRO DENVER POLITICAL COMMITTEE,Political Committee,450.0,2025-10-28 00:00:00,Gilchrist For Colorado,Redacted By Sos,CO,99999,Contributions,
APARTMENT ASSOCIATION OF METRO DENVER POLITICAL COMMITTEE,Political Committee,450.0,2025-10-28 00:00:00,Gonzalez For 50,Greeley,CO,80634,Contributions,
APARTMENT ASSOCIATION OF METRO DENVER POLITICAL COMMITTEE,Political Committee,450.0,2025-10-28 00:00:00,Gretchen For Colorado,Redacted By Sos,CO,99999,Contributions,
APARTMENT ASSOCIATION OF METRO DENVER POLITICAL COMMITTEE,Political Committee,450.0,2025-10-28 00:00:00,Hartsook For House,Redacted By Sos,CO,99999,Contributions,
APARTMENT ASSOCIATION OF METRO DENVER POLITICAL COMMITTEE,Political Committee,450.0,2025-10-28 00:00:00,Jeremiah Medina For Colorado,Lakewood,CO,80228,Contributions,
APARTMENT ASSOCIATION OF METRO DENVER POLITICAL COMMITTEE,Political Committee,450.0,2025-10-28 00:00:00,Katie For Colorado,Redacted By Sos,CO,99999,Contributions,
APARTMENT ASSOCIATION OF METRO DENVER POLITICAL COMMITTEE,Political Committee,450.0,2025-10-28 00:00:00,Degraaf4Colorado,Colorado Springs,CO,80918,Contributions,
APARTMENT ASSOCIATION OF METRO DENVER POLITICAL COMMITTEE,Political Committee,450.0,2025-10-28 00:00:00,Kyle For Colorado,Louisville,CO,80027,Contributions,
APARTMENT ASSOCIATION OF METRO DENVER POLITICAL COMMITTEE,Political Committee,450.0,2025-10-28 00:00:00,Lesley For Colorado,Redacted By Sos,CO,99999,Contributions,
APARTMENT ASSOCIATION OF METRO DENVER POLITICAL COMMITTEE,Political Committee,450.0,2025-10-28 00:00:00,Lisa For Colorado,Redacted By Sos,CO,99999,Contributions,
APARTMENT ASSOCIATION OF METRO DENVER POLITICAL COMMITTEE,Political Committee,450.0,2025-10-28 00:00:00,Lori Garcia Sander For Hd 65,Redacted By Sos,CO,99999,Contributions,
APARTMENT ASSOCIATION OF METRO DENVER POLITICAL COMMITTEE,Political Committee,450.0,2025-10-28 00:00:00,Max Brooks For Colorado Committee,Redacted By Sos,CO,99999,Contributions,
APARTMENT ASSOCIATION OF METRO DENVER POLITICAL COMMITTEE,Political Committee,450.0,2025-10-28 00:00:00,Meghan Lukens For Colorado,Redacted By Sos,CO,99999,Contributions,
APARTMENT ASSOCIATION OF METRO DENVER POLITICAL COMMITTEE,Political Committee,450.0,2025-10-28 00:00:00,Rebekah Stewart For Colorado,Redacted By Sos,CO,99999,Contributions,
APARTMENT ASSOCIATION OF METRO DENVER POLITICAL COMMITTEE,Political Committee,450.0,2025-10-28 00:00:00,Scott For Hd 64,Johnstown,CO,80534,Contributions,
APARTMENT ASSOCIATION OF METRO DENVER POLITICAL COMMITTEE,Political Committee,450.0,2025-10-28 00:00:00,Taggart For House District 55,Grand Junction,CO,81507,Contributions,
APARTMENT ASSOCIATION OF METRO DENVER POLITICAL COMMITTEE,Political Committee,450.0,2025-10-28 00:00:00,Tisha Mauro,Pueblo,CO,81006,Contributions,
APARTMENT ASSOCIATION OF METRO DENVER POLITICAL COMMITTEE,Political Committee,450.0,2025-10-28 00:00:00,To Elect Michael Carter To Colorado State House District 36,Redacted By Sos,CO,99999,Contributions,
APARTMENT ASSOCIATION OF METRO DENVER POLITICAL COMMITTEE,Political Committee,450.0,2025-10-28 00:00:00,Winter For Hd47,Redacted By Sos,CO,99999,Contributions,
APARTMENT ASSOCIATION OF METRO DENVER POLITICAL COMMITTEE,Political Committee,450.0,2025-10-28 00:00:00,Woog For House District 19,Frederick,CO,80530,Contributions,
APARTMENT ASSOCIATION OF METRO DENVER POLITICAL COMMITTEE,Political Committee,450.0,2025-10-28 00:00:00,Carson For State Senate,Highlands Ranch,CO,80130-9998,Contributions,
APARTMENT ASSOCIATION OF METRO DENVER POLITICAL COMMITTEE,Political Committee,450.0,2025-10-28 00:00:00,Citizens To Elect Janice Rich,Grand Junction,CO,81506,Contributions,
APARTMENT ASSOCIATION OF METRO DENVER POLITICAL COMMITTEE,Political Committee,450.0,2025-10-28 00:00:00,Coleman For Colorado,Denver,CO,80249,Contributions,
APARTMENT ASSOCIATION OF METRO DENVER POLITICAL COMMITTEE,Political Committee,450.0,2025-10-28 00:00:00,Committee To Elect Cleave Simpson,Alamosa,CO,81101,Contributions,
APARTMENT ASSOCIATION OF METRO DENVER POLITICAL COMMITTEE,Political Committee,450.0,2025-10-28 00:00:00,Committee To Elect Marc Snyder,Manitou Springs,CO,80829,Contributions,
APARTMENT ASSOCIATION OF METRO DENVER POLITICAL COMMITTEE,Political Committee,450.0,2025-10-28 00:00:00,Committee To Elect Rod Pelton,Cheyenne Wells,CO,80810,Contributions,
APARTMENT ASSOCIATION OF METRO DENVER POLITICAL COMMITTEE,Political Committee,450.0,2025-10-28 00:00:00,Dafna Michaelson Jenet For Sd21,Commerce City,CO,80022,Contributions,
APARTMENT ASSOCIATION OF METRO DENVER POLITICAL COMMITTEE,Political Committee,450.0,2025-10-28 00:00:00,Dana Charles For Colorado,Pueblo West,CO,81007,Contributions,
APARTMENT ASSOCIATION OF METRO DENVER POLITICAL COMMITTEE,Political Committee,450.0,2025-10-28 00:00:00,Dylan Roberts For Colorado,Redacted By Sos,CO,99999,Contributions,
APARTMENT ASSOCIATION OF METRO DENVER POLITICAL COMMITTEE,Political Committee,450.0,2025-10-28 00:00:00,Elect Judy Amabile Sd-18,Boulder,CO,80302,Contributions,
APARTMENT ASSOCIATION OF METRO DENVER POLITICAL COMMITTEE,Political Committee,450.0,2025-10-28 00:00:00,Friends Of Larry Liston For Senate,Colo. Springs,CO,80909,Contributions,
APARTMENT ASSOCIATION OF METRO DENVER POLITICAL COMMITTEE,Political Committee,450.0,2025-10-28 00:00:00,Janice Marchman For Colorado,Loveland,CO,80538,Contributions,
APARTMENT ASSOCIATION OF METRO DENVER POLITICAL COMMITTEE,Political Committee,450.0,2025-10-28 00:00:00,Kolker For Colorado,Centennial,CO,80122,Contributions,
APARTMENT ASSOCIATION OF METRO DENVER POLITICAL COMMITTEE,Political Committee,450.0,2025-10-28 00:00:00,Lindsey For Colorado,Arvada,CO,80004,Contributions,
APARTMENT ASSOCIATION OF METRO DENVER POLITICAL COMMITTEE,Political Committee,450.0,2025-10-28 00:00:00,Lisa For Colorado Committee,Redacted By Sos,CO,99999,Contributions,
APARTMENT ASSOCIATION OF METRO DENVER POLITICAL COMMITTEE,Political Committee,450.0,2025-10-28 00:00:00,Pelton For State Senate,Sterling,CO,80751,Contributions,
APARTMENT ASSOCIATION OF METRO DENVER POLITICAL COMMITTEE,Political Committee,50.0,2025-10-28 00:00:00,Sullivan For Colorado,Centennial,CO,80015,Contributions,
APARTMENT ASSOCIATION OF METRO DENVER POLITICAL COMMITTEE,Political Committee,450.0,2025-10-28 00:00:00,William For Colorado,Redacted By Sos,CO,99999,Contributions,
APARTMENT ASSOCIATION OF METRO DENVER POLITICAL COMMITTEE,Political Committee,450.0,2025-10-28 00:00:00,Woodward For Colorado,Redacted By Sos,CO,99999,Contributions,
APARTMENT ASSOCIATION OF METRO DENVER POLITICAL COMMITTEE,Political Committee,450.0,2025-10-28 00:00:00,Zamora For Colorado,Redacted By Sos,CO,80000,Contributions,
COLORADO STATE REPRESENTATIVE DISTRICT 30 REPUBLICAN CENTRAL COMMITTEE,Political Party Committee,6.21,2025-10-28 00:00:00,Anedot,New Orleans,LA,70112,Other,Fee For On-Line Electronic Payment System
COLORADO'S MOUNTAIN PAC,Political Committee,225.0,2025-10-28 00:00:00,Degraaf4Colorado,Colorado Springs,CO,80918,Contributions,Primary 2026 Contribution
COLORADO'S MOUNTAIN PAC,Political Committee,225.0,2025-10-28 00:00:00,Degraaf4Colorado,Colorado Springs,CO,80918,Contributions,General 2026 Contribution
CONSERVATION COLORADO ACTION FUND (CCVAF),Political Committee,61.23,2025-10-28 00:00:00,Gianina For Aurora,Aurora,CO,80010,Contributions,Staff Hours
CONSERVATION COLORADO ACTION FUND (CCVAF),Political Committee,61.23,2025-10-28 00:00:00,Amy For Aurora,Aurora,CO,80018,Contributions,Staff Hours
CONSERVATION COLORADO ACTION FUND (CCVAF),Political Committee,61.23,2025-10-28 00:00:00,Committee To Elect Ruben Medina,Aurora,CO,80017,Contributions,Staff Hours
CONSERVATION COLORADO ACTION FUND (CCVAF),Political Committee,110.22,2025-10-28 00:00:00,Alli Jackson For Aurora City Council,Aurora,CO,80010,Contributions,Staff Hours
HOMES FOR ALL COLORADOANS COMMITTEE,Small Donor Committee,2500.0,2025-10-28 00:00:00,Kirkmeyer For Colorado,Brighton,CO,80603,Contributions,
HOMES FOR ALL COLORADOANS COMMITTEE,Small Donor Committee,2500.0,2025-10-28 00:00:00,Bennet For Governor,Superior,CO,80027,Contributions,
JAVIER'S ECONOMIC JUSTICE FUND,Political Committee,2.0,2025-10-28 00:00:00,First Bank,Lakewood,CO,80235,Bank Fees,
JPMORGAN CHASE & CO. PAC,Political Committee,725.0,2025-10-28 00:00:00,Coloradans For Western Values Leadership Pac,Colo. Springs,CO,80918,Contributions,2025 Contribution
JPMORGAN CHASE & CO. PAC,Political Committee,-5000.0,2025-10-28 00:00:00,Senate Majority Fund,Denver,CO,80205,Returned Expenditure,Void 7/28/2025 Disbursement
LIBERTARIAN PARTY OF COLORADO (LPCO),Political Party Committee,112.25,2025-10-28 00:00:00,Justin  Savoy,Denver,CO,80210,Other,Storage Unit Lock Replacement
MANNY RUTINEL LEADERSHIP FUND,Political Committee,100.0,2025-10-28 00:00:00,Michael For Rtd,Commerce City,CO,80022,Contributions,Contribution
ROBERTS LEADERSHIP FUND,Political Committee,596.95,2025-10-28 00:00:00,United Airlines,Chicago,IL,60606,Travel & Lodging,
SNYDER FOR COLORADO LEADERSHIP FUND,Political Committee,150.0,2025-10-28 00:00:00,Yolanda L Avila For All,Colorado Springs,CO,80910,Contributions,
TEAM SOUTHERN COLORADO LEADERSHIP PAC,Political Committee,37.25,2025-10-28 00:00:00,San Luis Valley Federal,Alamosa,CO,81101,Bank Fees,Checks
THE HOME DEPOT INC. POLITICAL ACTION COMMITTEE,Political Committee,725.0,2025-10-28 00:00:00,Andrew For Colorado Leadership Fund,Redacted By Sos,CO,99999,Contributions,Direct Contribution
THE HOME DEPOT INC. POLITICAL ACTION COMMITTEE,Political Committee,725.0,2025-10-28 00:00:00,Camacho Leadership Fund,Denver,CO,80230,Contributions,Direct Contribution
THE HOME DEPOT INC. POLITICAL ACTION COMMITTEE,Political Committee,725.0,2025-10-28 00:00:00,Caldwell Leadership Pac,Colorado Springs,CO,80908,Contributions,Direct Contribution
THE HOME DEPOT INC. POLITICAL ACTION COMMITTEE,Political Committee,725.0,2025-10-28 00:00:00,Cme Win Leadership Fund,Denver,CO,80212,Contributions,Direct Contribution
THE HOME DEPOT INC. POLITICAL ACTION COMMITTEE,Political Committee,725.0,2025-10-28 00:00:00,Meghan Lukens For Co Leadership Pac,Redacted By Sos,CO,99999,Contributions,Direct Contribution
THE HOME DEPOT INC. POLITICAL ACTION COMMITTEE,Political Committee,725.0,2025-10-28 00:00:00,Weissman Leadership Fund,Aurora,CO,80011,Contributions,Direct Contribution
THE HOME DEPOT INC. POLITICAL ACTION COMMITTEE,Political Committee,225.0,2025-10-28 00:00:00,Katie  Stewart,Redacted By Sos,CO,99999,Contributions,Direct Contribution
THE HOME DEPOT INC. POLITICAL ACTION COMMITTEE,Political Committee,225.0,2025-10-28 00:00:00,Katie  Stewart,Redacted By Sos,CO,99999,Contributions,Direct Contribution - 2026 General
THE HOME DEPOT INC. POLITICAL ACTION COMMITTEE,Political Committee,225.0,2025-10-28 00:00:00,Jacque  Phillips,Redacted By Sos,CO,99999,Contributions,2026 Priimary
THE HOME DEPOT INC. POLITICAL ACTION COMMITTEE,Political Committee,225.0,2025-10-28 00:00:00,Jacque  Phillips,Redacted By Sos,CO,99999,Contributions,2026 General - Direct Contribution
THE HOME DEPOT INC. POLITICAL ACTION COMMITTEE,Political Committee,225.0,2025-10-28 00:00:00,Monica I Duran,Wheat Ridge,CO,80033,Contributions,2026 Primary - Direct Contribution
THE HOME DEPOT INC. POLITICAL ACTION COMMITTEE,Political Committee,225.0,2025-10-28 00:00:00,Monica I Duran,Wheat Ridge,CO,80033,Contributions,2026 General - Direct Contribution
BLUEFLOWER FUND,Small Donor Committee,500.0,2025-10-29 00:00:00,Kelly Denzler For Dcsd,Parker,CO,80134,Contributions,
BLUEFLOWER FUND,Small Donor Committee,500.0,2025-10-29 00:00:00,Kyrzia  Parker,Castle Rock,CO,80109,Contributions,
BLUEFLOWER FUND,Small Donor Committee,76.23,2025-10-29 00:00:00,Actblue,Somerville,MA,02144,Bank Fees,
COLORADO ADVOCATES FOR RURAL ELECTRIFICATION,Political Committee,1500.0,2025-10-29 00:00:00,All Together Colorado,Denver,CO,80206,Fundraising Expenses,
COLORADO ADVOCATES FOR RURAL ELECTRIFICATION,Political Committee,1500.0,2025-10-29 00:00:00,Colorado Way Forward,Denver,CO,80206,Fundraising Expenses,
COLORADO BANKERS ASSOCIATION STATE PAC,Political Committee,225.0,2025-10-29 00:00:00,Carson For State Senate,Highlands Ranch,CO,80130-9998,Contributions,Donation
COLORADO BANKERS ASSOCIATION STATE PAC,Political Committee,225.0,2025-10-29 00:00:00,Matt Ball For Colorado,Denver,CO,80203,Contributions,Donation
COLORADO STATE REPRESENTATIVE DISTRICT 30 REPUBLICAN CENTRAL COMMITTEE,Political Party Committee,25.75,2025-10-29 00:00:00,Squarespace Inc,New York,NY,10014,Miscellaneous,Squarespace Monthly Fee
COLORADO STATE REPRESENTATIVE DISTRICT 30 REPUBLICAN CENTRAL COMMITTEE,Political Party Committee,210.0,2025-10-29 00:00:00,Domino'S Pizza Inc.,Ann Arbor,MI,48105,"Food, Beverages and Meals",Pizza For Students At Monthly Hd Meeting
COLORADO STATE REPRESENTATIVE DISTRICT 30 REPUBLICAN CENTRAL COMMITTEE,Political Party Committee,31.46,2025-10-29 00:00:00,Red Horse Strategies,Centennial,CO,80112,Advertising,Texting Costs For October Hd Meeting With Ccu Students
COLORADO STATE REPRESENTATIVE DISTRICT 30 REPUBLICAN CENTRAL COMMITTEE,Political Party Committee,11.77,2025-10-29 00:00:00,Red Horse Strategies,Centennial,CO,80112,Advertising,Texting Fee For Hd Meeting With Ccu Students
CONSERVATION COLORADO ACTION FUND (CCVAF),Political Committee,61.23,2025-10-29 00:00:00,Claire Carmelia For Westminster City Council,Westminster,CO,80031,Contributions,Staff Hours
CONSERVATION COLORADO ACTION FUND (CCVAF),Political Committee,12.25,2025-10-29 00:00:00,Vote Obi For Westminster,Westminster,CO,80031,Contributions,Staff Hours
CONSERVATION COLORADO ACTION FUND (CCVAF),Political Committee,12.25,2025-10-29 00:00:00,Sarah Nurmela For Westminster City Council,Westminster,CO,80031,Contributions,Staff Hours
CONSERVATION COLORADO ACTION FUND (CCVAF),Political Committee,48.99,2025-10-29 00:00:00,Jack For Westminster,Westminster,CO,80031,Contributions,Staff Hours
DLCC COLORADO (DEMOCRATIC LEGISLATIVE CAMPAIGN COMMITTEE COLORADO),Small Donor Committee,14.0,2025-10-29 00:00:00,Amalgamated Bank,New York,NY,10001,Advertising,Bank Fee
LIBERTARIAN PARTY OF COLORADO (LPCO),Political Party Committee,1.2,2025-10-29 00:00:00,Stripe.Com,South San Francisco,CA,94080,Bank Fees,
RISING TIDES PAC,Political Committee,29.3,2025-10-29 00:00:00,Anedot,New Orleans,LA,70117,Bank Fees,
RYDIN WITH GRETCHEN,Political Committee,24.3,2025-10-29 00:00:00,First Bank,Lakewood,CO,80215,Bank Fees,Order Checks
SHEILA FOR COLORADO LEADERSHIP FUND,Political Committee,200.0,2025-10-29 00:00:00,Southwest For Sochi,Redacted By Sos,CO,99999,Contributions,
SHEILA FOR COLORADO LEADERSHIP FUND,Political Committee,400.0,2025-10-29 00:00:00,Pat For Wheat Ridge Candidate Committee,Wheat Ridge,CO,80033,Contributions,In Support Of Pat Quinn For What Ridge City Council
BLUEFLOWER FUND,Small Donor Committee,24.0,2025-10-30 00:00:00,First Bank,Lakewood,CO,80215,Bank Fees,Bank Fees For 2025
COLORADO ENERGY FUTURE POLITICAL ACTION COMMITTEE,Political Committee,725.0,2025-10-30 00:00:00,Take Colo Back Political Comm,Redacted By Sos,CO,99999,Other,Contribution To State Committee
HARTSOOK LEADERSHIP PAC,Political Committee,200.0,2025-10-30 00:00:00,Friends Of Robyn Carnes,Centennial,CO,80122,Other,8200 ∑ Candidate Support
LIBERTARIAN PARTY OF COLORADO (LPCO),Political Party Committee,1.3,2025-10-30 00:00:00,Stripe.Com,New Orleans,LA,70112,Bank Fees,
LIBERTARIAN PARTY OF COLORADO (LPCO),Political Party Committee,1.3,2025-10-30 00:00:00,Stripe.Com,New Orleans,LA,70112,Bank Fees,
SHEET METAL WORKERS' SMALL DONOR COMMITTEE,Small Donor Committee,200.0,2025-10-30 00:00:00,Committee To Elect Cherish Salazar,Thornton,CO,80260,Contributions,"Contribution To Municiple Campaign
Thornton"
SHEET METAL WORKERS' SMALL DONOR COMMITTEE,Small Donor Committee,200.0,2025-10-30 00:00:00,Friends Of John Alge,Thhornton,CO,80229,Contributions,"Municiple Campaign Contribution
Thornton"
SHEET METAL WORKERS' SMALL DONOR COMMITTEE,Small Donor Committee,200.0,2025-10-30 00:00:00,Committee To Elect Randy Moorman,Arvaada,CO,80005,Contributions,"Municiple Campaign Contribution
Arvada"
SHEET METAL WORKERS' SMALL DONOR COMMITTEE,Small Donor Committee,200.0,2025-10-30 00:00:00,Michael For Arvada,Arvada,CO,80003,Contributions,"Municiple Campaign Contribution
Arvada"
SHEET METAL WORKERS' SMALL DONOR COMMITTEE,Small Donor Committee,200.0,2025-10-30 00:00:00,Gianina For Aurora,Aurora,CO,80010,Contributions,"Municiple Campaign Contribution
Aurora"
SHEET METAL WORKERS' SMALL DONOR COMMITTEE,Small Donor Committee,200.0,2025-10-30 00:00:00,Amy For Aurora,Aurora,CO,80018,Contributions,"Municiple Campaign Contribution
Aurora"
SHEET METAL WORKERS' SMALL DONOR COMMITTEE,Small Donor Committee,200.0,2025-10-30 00:00:00,Alli Jackson For Aurora City Council,Aurora,CO,80010,Contributions,"Municiple Campaign Contribution
Aurora"
SHEET METAL WORKERS' SMALL DONOR COMMITTEE,Small Donor Committee,200.0,2025-10-30 00:00:00,Andrews For Aurora,Aurora,CO,80019,Contributions,"Municiple Campaign Contribution
Aurora"
SHEET METAL WORKERS' SMALL DONOR COMMITTEE,Small Donor Committee,300.0,2025-10-30 00:00:00,Sweetland For Centennial Mayor,Centennial,CO,80161,Contributions,"Municiple Campaign Contribution
Centennial"
SHEET METAL WORKERS' SMALL DONOR COMMITTEE,Small Donor Committee,200.0,2025-10-30 00:00:00,Cindy For Centennial City Council,Centennial,CO,80121,Contributions,"Municiple Campaign Contribution
Centennial"
SHEET METAL WORKERS' SMALL DONOR COMMITTEE,Small Donor Committee,200.0,2025-10-30 00:00:00,Ashish Vaidya,Centennial,CO,80111,Contributions,"Municiple Campaign Contribution
Centennial"
SHEET METAL WORKERS' SMALL DONOR COMMITTEE,Small Donor Committee,200.0,2025-10-30 00:00:00,Durrell Middleton,Centennial,CO,80015,Contributions,"Municiple Campaign Contribution
Centennial"
SHEET METAL WORKERS' SMALL DONOR COMMITTEE,Small Donor Committee,200.0,2025-10-30 00:00:00,Jose Guardiola,Commerce City,CO,80640,Contributions,"Municiple Campaign Contribution
Commerce City"
SHEET METAL WORKERS' SMALL DONOR COMMITTEE,Small Donor Committee,300.0,2025-10-30 00:00:00,Claire Carmelia,Westminster,CO,80031,Contributions,"Municiple Campaign Contribution
Westminster"
SHEET METAL WORKERS' SMALL DONOR COMMITTEE,Small Donor Committee,200.0,2025-10-30 00:00:00,Obi Ezeadi,Westminster,CO,80031,Contributions,"Municiple Campaign Contribution
Westminster"
SHEET METAL WORKERS' SMALL DONOR COMMITTEE,Small Donor Committee,250.0,2025-10-30 00:00:00,Pat Quinn,Wheat Ridge,CO,80033,Contributions,"Municiple Campaign Contribution
Wheat Ridge"
SHEET METAL WORKERS' SMALL DONOR COMMITTEE,Small Donor Committee,200.0,2025-10-30 00:00:00,Kristin For Aps,Aurora,CO,80017,Contributions,"School Board Contribution
Aurora Public Schools"
SHEET METAL WORKERS' SMALL DONOR COMMITTEE,Small Donor Committee,100.0,2025-10-30 00:00:00,Dj For Denver,Denver,CO,80224,Contributions,"School Board Contribution
Denver Public Schools Dist. 3"
SHEET METAL WORKERS' SMALL DONOR COMMITTEE,Small Donor Committee,100.0,2025-10-30 00:00:00,Monica For Denver,Redacted By Sos,CO,99999,Contributions,"Denver School Board Contribution
Dist. 4"
SHEET METAL WORKERS' SMALL DONOR COMMITTEE,Small Donor Committee,100.0,2025-10-30 00:00:00,Amy 4 Denver,Denver,CO,80220,Contributions,"Denver School Board Contribution
Dist. 4"
SHEET METAL WORKERS' SMALL DONOR COMMITTEE,Small Donor Committee,200.0,2025-10-30 00:00:00,Mike Hamrick For Ccsd,Centennial,CO,80016,Contributions,"School Board Contribution
Cherry Creek School Board Dist. E"
VALDEZ FOR COLORADO RAINBOW FUND,Political Committee,2.0,2025-10-30 00:00:00,First Bank,Lakewood,CO,80215,Bank Fees,
AGRICULTURE PAC,Political Committee,2.0,2025-10-31 00:00:00,Firstbank North,Arvada,CO,80006,Other,7810 ∑ Service Charges
"AGRICULTURE STRONG, COLORADO UNITED",Small Donor Committee,10.0,2025-10-31 00:00:00,First Bank North,Brighton,CO,80601,Bank Fees,
BLUEFLOWER FUND,Small Donor Committee,500.0,2025-10-31 00:00:00,Timiya  Jackson,Redacted By Sos,CO,99999,Contributions,
BLUEFLOWER FUND,Small Donor Committee,500.0,2025-10-31 00:00:00,Amy Wiles,Aurora,CO,80018,Contributions,
CATHY KIPP FOR COLORADO LEADERSHIP FUND,Political Committee,1375.0,2025-10-31 00:00:00,Colorado Democratic Party,Denver,CO,80203,Contributions,
CATLIN PAC,Political Committee,12.0,2025-10-31 00:00:00,First Bank,Denver,CO,80203,Bank Fees,
CERTIFIED PUBLIC ACCOUNTANTS PAC,Political Committee,5.0,2025-10-31 00:00:00,,,,,Bank Fees,Bank Fee
COLORADO AMERICAN FEDERATION OF LABOR & CONGRESS OF INDUSTRIAL ORGANIZATIONS NONPARTISAN SMALL DONOR,Small Donor Committee,2500.0,2025-10-31 00:00:00,Colorado Democratic Party,Denver,CO,80203,Donation for Independent Expenditures,Donation To Colorado Democratic Party
COLORADO COMMITTEE OF AUTO RETAILERS (COLO C.A.R.),Political Committee,3.0,2025-10-31 00:00:00,,,,,Bank Fees,Bank Fees
COLORADO DENTAL HYGIENISTS PAC,Political Committee,15.0,2025-10-31 00:00:00,Jpmorgan Chase Bank,Columbus,OH,43218-2051,Bank Fees,
COLORADO PSYCHOLOGICAL ASSOCIATION,Political Committee,25.0,2025-10-31 00:00:00,Keybank National Association,Greenwood Village,CO,80111,Bank Fees,
COLORADO REPUBLICAN COMMITTEE,Political Party Committee,500.0,2025-10-31 00:00:00,Routt County Republican Central Committee,Steamboat Springs,CO,80487,Contributions,Contribution
COLORADO SKI COUNTRY USA PAC,Political Committee,5.0,2025-10-31 00:00:00,,,,,Bank Fees,Bank Service Charge
CUTTER FOR COLORADO LEADERSHIP FUND,Political Committee,2.0,2025-10-31 00:00:00,,,,,Bank Fees,
FENBERG LEADERSHIP FUND,Political Committee,9.0,2025-10-31 00:00:00,First Bank,Lakewood,CO,80225,Bank Fees,Bank Fee
GREATER DOUGLAS COUNTY,Political Committee,5.0,2025-10-31 00:00:00,Banc Of California,Carlsbad,CA,92013,Bank Fees,Bank Fee
INDUSTRIAL PROPERTY RIGHTS PAC,Political Committee,12.0,2025-10-31 00:00:00,,,,,Bank Fees,
JESSIE DANIELSON PAC,Political Committee,15.0,2025-10-31 00:00:00,,,,,Bank Fees,
LIBERTARIAN PARTY OF COLORADO (LPCO),Political Party Committee,0.39,2025-10-31 00:00:00,Stripe.Com,South San Francisco,CA,94080,Bank Fees,
LORENA FOR COLORADO LEADERSHIP FUND COMMITTEE,Political Committee,2.0,2025-10-31 00:00:00,First Bank,Denver,CO,80221,Bank Fees,
MAX PAC,Political Committee,2.0,2025-10-31 00:00:00,South State Bank,Castle Rock,CO,80104,Bank Fees,Paper Statement Fee
MONICA PAC,Political Committee,2.0,2025-10-31 00:00:00,,,,,Bank Fees,
NAIOP COLORADO PAC,Political Committee,15.0,2025-10-31 00:00:00,1Stbank Of Denver,Denver,CO,80202,Bank Fees,
NAIOP COLORADO SMALL DONOR COMMITTEE,Small Donor Committee,15.0,2025-10-31 00:00:00,1Stbank Of Denver,Denver,CO,80202,Bank Fees,
NURSES FOR POLITCAL ACTION IN COLORADO (N-PAC),Political Committee,10.0,2025-10-31 00:00:00,Umb Bank,Denver,CO,80218,Bank Fees,
ORALE FUND,Political Committee,2.0,2025-10-31 00:00:00,Firstbank,Denver,CO,80203,Bank Fees,
ORALE FUND,Political Committee,450.0,2025-10-31 00:00:00,Elect Thomas Tony Exum,Redacted By Sos,CO,99999,Contributions,
PAC (POLITICAL ACTION COMMITTEE) TO THE FUTURE,Political Committee,2.0,2025-10-31 00:00:00,Firstbank,Lakewood,CO,80215,Bank Fees,
PROGRESSIVE VALUES SDC,Small Donor Committee,10.0,2025-10-31 00:00:00,First Bank,Denver,CO,80222,Bank Fees,Inactivity Fee
REALTOR CANDIDATE POLITICAL ACTION COMMITTEE (RCPAC) - FKA: COLORADO ASSOCIATION OF REALTORS PAC (CO,Political Committee,25.0,2025-10-31 00:00:00,Firstbank,Lakewood,CO,80215,Bank Fees,Bank Fee
REALTOR SMALL DONOR COMMITTEE (RSDC),Small Donor Committee,25.0,2025-10-31 00:00:00,Firstbank,Lakewood,CO,80215,Bank Fees,Bank Fee
RESILIENT COLORADO SDC,Small Donor Committee,2.0,2025-10-31 00:00:00,Firstbank,Lakewood,CO,80215,Bank Fees,
SHEILA FOR COLORADO LEADERSHIP FUND,Political Committee,2.0,2025-10-31 00:00:00,First Bank,Lakewood,CO,80232,Bank Fees,Bank Service Fees
SIROTA LEADERSHIP PAC,Political Committee,2.0,2025-10-31 00:00:00,First Bank,Denver,CO,80224,Bank Fees,Bank Fee
SNYDER FOR COLORADO LEADERSHIP FUND,Political Committee,2.0,2025-10-31 00:00:00,First Bank,Lakewood,CO,80215,Bank Fees,
THE CIGNA GROUP EMPLOYEE POLITICAL ACTION COMMITTEE,Political Committee,-450.0,2025-10-31 00:00:00,Rose For Colorado,Redacted By Sos,CO,99999,Returned Expenditure,Voided 8/26/25 Disbursement
THE COLEMAN LEADERSHIP FUND,Political Committee,39.68,2025-10-31 00:00:00,Ruby Good Shoes,Denver,CO,80207,"Food, Beverages and Meals",
THE COLEMAN LEADERSHIP FUND,Political Committee,4.0,2025-10-31 00:00:00,1St Bank,Denver,CO,80249,Bank Fees,
THE COLEMAN LEADERSHIP FUND,Political Committee,4.0,2025-10-31 00:00:00,1St Bank,Denver,CO,80249,Bank Fees,
VOICES FOR CHOICE SMALL DONOR COMMITTEE,Small Donor Committee,2.0,2025-10-31 00:00:00,,,,,Bank Fees,Bank Fees
WILEY WILL PAC,Political Committee,12.0,2025-10-31 00:00:00,First Bank,Denver,CO,80203,Bank Fees,
WILLFORD LEADERSHIP FUND,Political Committee,1500.0,2025-10-31 00:00:00,House Majority Project (Fka) State Democratic House Campaign Fund,Denver,CO,80204,Contributions,
YARA LEADERSHIP FUND,Political Committee,2.0,2025-10-31 00:00:00,Firstbank - Bank Fee,Lakewood,CO,80215,Bank Fees,
COLORADO CENTER PARTY CENTRAL COMMITTEE,Political Party Committee,12.52,2025-11-01 00:00:00,Digital Ocean,New York,NY,10013,Miscellaneous,
FENBERG LEADERSHIP FUND,Political Committee,59.64,2025-11-01 00:00:00,Google,Santa Clara,CA,94043,Office Equipment & Supplies,Google Drive And Email
GREEN PARTY OF COLORADO,Political Party Committee,0.84,2025-11-01 00:00:00,Paypal,San Jose,CA,95131,Bank Fees,
LIBERTARIAN PARTY OF COLORADO (LPCO),Political Party Committee,1.05,2025-11-01 00:00:00,Stripe.Com,South San Francisco,CA,94080,Bank Fees,
LIBERTARIAN PARTY OF COLORADO (LPCO),Political Party Committee,1.03,2025-11-01 00:00:00,Stripe.Com,South San Francisco,CA,94080,Bank Fees,
LIBERTARIAN PARTY OF COLORADO (LPCO),Political Party Committee,0.42,2025-11-01 00:00:00,Stripe.Com,South San Francisco,CA,94080,Bank Fees,
LIBERTARIAN PARTY OF COLORADO (LPCO),Political Party Committee,1.3,2025-11-01 00:00:00,Stripe.Com,New Orleans,LA,70112,Bank Fees,
LUNDEEN LEADERSHIP FUND,Political Committee,300.0,2025-11-01 00:00:00,The Committee To Elect Ginger For D38 School Board,Monument,CO,80132,Other,8200 ∑ Candidate Support
BUILDING OWNERS AND MANAGERS ASSOCIATION POLITICAL COMMITTEE (BOMA),Political Committee,20.0,2025-11-02 00:00:00,Denver Metro Boma,Denver,CO,80202,Bank Fees,
CATHY KIPP FOR COLORADO LEADERSHIP FUND,Political Committee,6.66,2025-11-02 00:00:00,Act Blue Technical Services,Somerville,MA,02144-3132,Other,Service Fees
COLORADO BIOSCIENCE PAC,Political Committee,20.0,2025-11-02 00:00:00,Wells Fargo Bank,Denver,CO,80203,Bank Fees,
GREEN PARTY OF COLORADO,Political Party Committee,51.2,2025-11-02 00:00:00,Your Office Usa,Denver,CO,80202,Rent & Utilities,
LESLIE HEROD'S BOLDLY FORWARD PAC,Political Committee,0.2,2025-11-02 00:00:00,Act Blue,Somerville,MA,02144,Fundraising Expenses,
LIBERTARIAN PARTY OF COLORADO (LPCO),Political Party Committee,1.03,2025-11-02 00:00:00,Stripe.Com,South San Francisco,CA,94080,Bank Fees,
BLACK JACK PAC,Political Committee,400.0,2025-11-03 00:00:00,Alexis For Colorado,Redacted By Sos,CO,99999,Contributions,
BLUEFLOWER FUND,Small Donor Committee,500.0,2025-11-03 00:00:00,Ali Jackson For Aurora City Council,Aurora,CO,80010,Contributions,
BUILDING A STRONGER COLORADO,Small Donor Committee,7825.0,2025-11-03 00:00:00,Jena For Colorado,Redacted,CO,00000,Contributions,
COLORADO FORWARD PARTY COMMITTEE,Political Party Committee,220.0,2025-11-03 00:00:00,Meta Corporation,Menlo Park,CA,94025,Advertising,
COPIC POLITICAL COMMITTEE,Political Committee,550.0,2025-11-03 00:00:00,The Coleman Leadership Fund,Denver,CO,80249,Contributions,Misc Campaign Contribution
HOST-PAC (COLORADO RESTAURANT ASSOCIATION),Political Committee,278.79,2025-11-03 00:00:00,Heartland Payment Systems,Princeton,NJ,08542,Bank Fees,
HOST-PAC (COLORADO RESTAURANT ASSOCIATION),Political Committee,10.25,2025-11-03 00:00:00,Authorize.Net,American Forks,UT,84003,Bank Fees,
JUDY AMABILE LEADERSHIP FUND,Political Committee,450.0,2025-11-03 00:00:00,To Elect Michael Carter To Colorado State House District 36,Redacted By Sos,CO,99999,Contributions,
LIBERTARIAN PARTY OF COLORADO (LPCO),Political Party Committee,670.0,2025-11-03 00:00:00,Jonathan M Jacobs,Philadelphia,PA,19151,Consultant & Professional Services,
LIBERTARIAN PARTY OF COLORADO (LPCO),Political Party Committee,64.95,2025-11-03 00:00:00,Clover,Colorado Springs,CO,80919,Bank Fees,
LIBERTARIAN PARTY OF COLORADO (LPCO),Political Party Committee,1.05,2025-11-03 00:00:00,Stripe.Com,South San Francisco,CA,94080,Bank Fees,
LIBERTARIAN PARTY OF COLORADO (LPCO),Political Party Committee,1.03,2025-11-03 00:00:00,Stripe.Com,South San Francisco,CA,94080,Bank Fees,
MAKE GREAT CHOICES PAC,Political Committee,125.0,2025-11-03 00:00:00,Troy  Daniels,Loveland,CO,80538,Contributions,Local Race For Loveland Mayor
ROCKY MOUNTAIN HOME ASSOCIATION PAC (CMHA PAC FUND),Political Committee,12.0,2025-11-03 00:00:00,Pnc Bank,Pittsburg,PA,15222,Bank Fees,
THE COLEMAN LEADERSHIP FUND,Political Committee,1.03,2025-11-03 00:00:00,Patreon,Pali Alto,CA,94306,Other,Monthly Subscription
VALDEZ FOR COLORADO RAINBOW FUND,Political Committee,17.67,2025-11-03 00:00:00,Google Suite,Mountain View,CA,94043,Office Equipment & Supplies,
BLUEFLOWER FUND,Small Donor Committee,500.0,2025-11-04 00:00:00,Tina  Moeinian,Redacted By Sos,CO,99999,Contributions,
COLIN PAC,Political Committee,450.0,2025-11-04 00:00:00,Woog For House District 19,Frederick,CO,80530,Contributions,
"COLORADO CHIROPRACTIC PAC (CCA, CC-PAC)",Political Committee,91.58,2025-11-04 00:00:00,Affinipay,Austin,TX,78746,Bank Fees,
COPIC POLITICAL COMMITTEE,Political Committee,550.0,2025-11-04 00:00:00,Snyder For Colorado Leadership Fund,Manitou  Springs,CO,80829,Contributions,Misc Campaign Contribution
COPIC POLITICAL COMMITTEE,Political Committee,550.0,2025-11-04 00:00:00,Judy Amabile Leadership Fund,Boulder,CO,80302,Contributions,Misc Campaign Contribution
COPIC POLITICAL COMMITTEE,Political Committee,550.0,2025-11-04 00:00:00,Dafna For Colorado Leadership Fund,Commerce City,CO,80022,Contributions,Misc Campaign Contribution
COPIC POLITICAL COMMITTEE,Political Committee,550.0,2025-11-04 00:00:00,Coloradans For Western Values Leadership Pac,Colo. Springs,CO,80918,Contributions,Misc Campaign Contribution
COPIC POLITICAL COMMITTEE,Political Committee,550.0,2025-11-04 00:00:00,Lindsey For Colorado Leadership Fund,Arvada,CO,80004,Contributions,Misc Campaign Contribution
COPIC SMALL DONOR COMMITTEE,Small Donor Committee,5000.0,2025-11-04 00:00:00,Barb  Kirkmeyer,Brighton,CO,80603,Contributions,Misc Campaign Contribution
COPIC SMALL DONOR COMMITTEE,Small Donor Committee,2000.0,2025-11-04 00:00:00,Committee To Elect Marc Snyder,Manitou Springs,CO,80829,Contributions,Misc Campaign Contribution
COPIC SMALL DONOR COMMITTEE,Small Donor Committee,2000.0,2025-11-04 00:00:00,Dafna Michaelson Jenet For Sd21,Commerce City,CO,80022,Contributions,Misc Campaign Contribution
COPIC SMALL DONOR COMMITTEE,Small Donor Committee,2000.0,2025-11-04 00:00:00,Elect Judy Amabile Sd-18,Boulder,CO,80302,Contributions,Misc Campaign Contribution
INVESTHER,Political Committee,26.5,2025-11-04 00:00:00,Squarespace Inc.,New York,CO,10014,Other,Website & Google Workspace Monthly Fee
LIBERTARIAN PARTY OF COLORADO (LPCO),Political Party Committee,1.03,2025-11-04 00:00:00,Stripe.Com,South San Francisco,CA,94080,Bank Fees,
LIBERTARIAN PARTY OF COLORADO (LPCO),Political Party Committee,1.75,2025-11-04 00:00:00,Stripe.Com,South San Francisco,CA,94080,Bank Fees,
LIBERTARIAN PARTY OF COLORADO (LPCO),Political Party Committee,1.05,2025-11-04 00:00:00,Stripe.Com,South San Francisco,CA,94080,Bank Fees,
MAKE GREAT CHOICES PAC,Political Committee,125.0,2025-11-04 00:00:00,Caitlin  Wyrick,Loveland,CO,80538,Contributions,Local Race For Loveland Ward 3
TERRI PAC,Political Committee,400.0,2025-11-04 00:00:00,Carver For Colorado,Redacted By Sos,CO,99999,Contributions,Donation
THE COLEMAN LEADERSHIP FUND,Political Committee,556.17,2025-11-04 00:00:00,Shutterfly,San Jose,CO,95113,Other,Holiday Cards
BLUEFLOWER FUND,Small Donor Committee,500.0,2025-11-05 00:00:00,Gianina For Aurora,Aurora,CO,80010,Contributions,
COLORADO APARTMENT ASSOCIATION SMALL DONOR COMMITTEE,Small Donor Committee,6200.0,2025-11-05 00:00:00,Camacho For Colorado,Redacted By Sos,CO,99999,Contributions,
COLORADO APARTMENT ASSOCIATION SMALL DONOR COMMITTEE,Small Donor Committee,6200.0,2025-11-05 00:00:00,Committee To Elect Marc Snyder,Manitou Springs,CO,80829,Contributions,
COLORADO APARTMENT ASSOCIATION SMALL DONOR COMMITTEE,Small Donor Committee,6200.0,2025-11-05 00:00:00,Dana Charles For Colorado,Pueblo West,CO,81007,Contributions,
COLORADO APARTMENT ASSOCIATION SMALL DONOR COMMITTEE,Small Donor Committee,6200.0,2025-11-05 00:00:00,Gonzalez For 50,Greeley,CO,80634,Contributions,
COLORADO APARTMENT ASSOCIATION SMALL DONOR COMMITTEE,Small Donor Committee,6200.0,2025-11-05 00:00:00,Kyle Mullica For Sd 24,Thornton,CO,80602,Contributions,
COLORADO APARTMENT ASSOCIATION SMALL DONOR COMMITTEE,Small Donor Committee,6200.0,2025-11-05 00:00:00,Matt Ball For Colorado,Denver,CO,80203,Contributions,
COLORADO APARTMENT ASSOCIATION SMALL DONOR COMMITTEE,Small Donor Committee,6200.0,2025-11-05 00:00:00,Woog For House District 19,Frederick,CO,80530,Contributions,
COLORADO FORWARD PARTY COMMITTEE,Political Party Committee,74.69,2025-11-05 00:00:00,Meta Platforms Inc,Menlo Park,CA,94025,Advertising,
COPIC POLITICAL COMMITTEE,Political Committee,550.0,2025-11-05 00:00:00,Rural Liberty Political Action Committee,Denver,CO,80205,Contributions,Misc Campaign Contribution
COPIC POLITICAL COMMITTEE,Political Committee,550.0,2025-11-05 00:00:00,Putting Colorado First,Brighton,CO,80603,Contributions,Misc Campaign Contribution
COPIC POLITICAL COMMITTEE,Political Committee,400.0,2025-11-05 00:00:00,Dylan Roberts For Colorado,Redacted By Sos,CO,99999,Contributions,Misc Campaign Contribution
COPIC SMALL DONOR COMMITTEE,Small Donor Committee,2000.0,2025-11-05 00:00:00,Lindsey For Colorado,Arvada,CO,80004,Contributions,Misc Campaign Contribution
COPIC SMALL DONOR COMMITTEE,Small Donor Committee,5000.0,2025-11-05 00:00:00,Jeff  Bridges,Redacted By Sos,CO,99999,Contributions,Misc Campaign Contribution
COPIC SMALL DONOR COMMITTEE,Small Donor Committee,4000.0,2025-11-05 00:00:00,Monica I Duran,Wheat Ridge,CO,80033,Contributions,Misc Campaign Contribution
LIBERTARIAN PARTY OF COLORADO (LPCO),Political Party Committee,1.3,2025-11-05 00:00:00,Stripe.Com,New Orleans,LA,70112,Bank Fees,
LIBERTARIAN PARTY OF COLORADO (LPCO),Political Party Committee,2.3,2025-11-05 00:00:00,Stripe.Com,New Orleans,LA,70112,Bank Fees,
MAJORITIES MATTER!PAC,Political Committee,100.0,2025-11-05 00:00:00,Dana Charles For Colorado,Pueblo West,CO,81007,Contributions,
UNITED MINE WORKERS OF AMERICA,Political Committee,400.0,2025-11-05 00:00:00,,,,,Contributions,Contributions To Non Co Candidates
COPIC POLITICAL COMMITTEE,Political Committee,550.0,2025-11-06 00:00:00,Feret Forward,Arvada,CO,80003,Contributions,Misc Campaign Contribution
COPIC POLITICAL COMMITTEE,Political Committee,550.0,2025-11-06 00:00:00,Yara Leadership Fund,Fort Collins,CO,80528,Contributions,Misc Campaign Contribution
COPIC POLITICAL COMMITTEE,Political Committee,550.0,2025-11-06 00:00:00,6512 Leadership Fund,Redacted By Sos,CO,99999,Contributions,Misc Campaign Contribution
COPIC POLITICAL COMMITTEE,Political Committee,550.0,2025-11-06 00:00:00,The Bright Pac,Platteville,CO,80651,Contributions,Misc Campaign Contribution
COPIC POLITICAL COMMITTEE,Political Committee,550.0,2025-11-06 00:00:00,Carson Leadership Pac,Highlands Ranch,CO,80130-9998,Contributions,Misc Campaign Contribution
COPIC POLITICAL COMMITTEE,Political Committee,550.0,2025-11-06 00:00:00,Carter Pac,Redacted By Sos,CO,99999,Contributions,Misc Campaign Contribution
COPIC POLITICAL COMMITTEE,Political Committee,550.0,2025-11-06 00:00:00,Cme Win Leadership Fund,Denver,CO,80212,Contributions,Misc Campaign Contribution
COPIC POLITICAL COMMITTEE,Political Committee,550.0,2025-11-06 00:00:00,Frizell Leadership Pac,Redacted By Sos,CO,99999,Contributions,Misc Campaign Contribution
COPIC POLITICAL COMMITTEE,Political Committee,550.0,2025-11-06 00:00:00,Gilchrist For Colorado Leadership Pac,Redacted By Sos,CO,99999,Contributions,Misc Campaign Contribution
COPIC POLITICAL COMMITTEE,Political Committee,550.0,2025-11-06 00:00:00,Hamrick Leadership Fund,Centennial,CO,80016,Contributions,Misc Campaign Contribution
COPIC POLITICAL COMMITTEE,Political Committee,550.0,2025-11-06 00:00:00,Jacque Of All Trades,Thornton,CO,80260,Contributions,Misc Campaign Contribution
COPIC POLITICAL COMMITTEE,Political Committee,550.0,2025-11-06 00:00:00,Jrich Political Action Committee,Grand Junction,CO,81506,Contributions,Misc Campaign Contribution
COPIC POLITICAL COMMITTEE,Political Committee,550.0,2025-11-06 00:00:00,Karen For Co Leadership Pac,Redacted By Sos,CO,99999,Contributions,Misc Campaign Contribution
COPIC POLITICAL COMMITTEE,Political Committee,550.0,2025-11-06 00:00:00,Mauro Leadership Fund,Pueblo,CO,81006,Contributions,Misc Campaign Contribution
COPIC POLITICAL COMMITTEE,Political Committee,550.0,2025-11-06 00:00:00,Duran For Colorado Leadership Fund,Denver,CO,80221,Contributions,Misc Campaign Contribution
COPIC POLITICAL COMMITTEE,Political Committee,550.0,2025-11-06 00:00:00,Agriculture Pac,Fort Lupton,CO,80621,Contributions,Misc Campaign Contribution
COPIC POLITICAL COMMITTEE,Political Committee,550.0,2025-11-06 00:00:00,Rebekahpac (Rebekah Stewart For Colorado),Redacted By Sos,CO,99999,Contributions,Misc Campaign Contribution
COPIC POLITICAL COMMITTEE,Political Committee,550.0,2025-11-06 00:00:00,Sheila For Colorado Leadership Fund,Redacted By Sos,CO,99999,Contributions,Misc Campaign Contribution
COPIC POLITICAL COMMITTEE,Political Committee,550.0,2025-11-06 00:00:00,The Paschal Pac,Colorado Springs,CO,80904,Contributions,Misc Campaign Contribution
LIBERTARIAN PARTY OF COLORADO (LPCO),Political Party Committee,1.03,2025-11-06 00:00:00,Stripe.Com,South San Francisco,CA,94080,Bank Fees,
LIBERTARIAN PARTY OF COLORADO (LPCO),Political Party Committee,1.3,2025-11-06 00:00:00,Stripe.Com,New Orleans,LA,70112,Bank Fees,
MANNY RUTINEL LEADERSHIP FUND,Political Committee,25.21,2025-11-06 00:00:00,Ny Times,New York,NY,10018,Other,Research
CALDWELL LEADERSHIP PAC,Political Committee,200.0,2025-11-07 00:00:00,Polifi Llc,Fort Lupton,CO,80621,Consultant & Professional Services,
COLORADO CREDIT UNION POLITICAL ACTION COMMITTEE,Political Committee,3.2,2025-11-07 00:00:00,Stripe,South San Francisco,CA,94080,Bank Fees,
COLORADO STRONG POLITICAL COMMITTEE,Political Committee,50.0,2025-11-07 00:00:00,Polifi Llc,Fort Lupton,CO,80621,Consultant & Professional Services,
COPIC POLITICAL COMMITTEE,Political Committee,550.0,2025-11-07 00:00:00,Ball For All Leadership Fund,Denver,CO,80203,Contributions,Misc Campaign Contribution
ELI LILLY AND COMPANY POLITICAL ACTION COMMITTEE - COLORADO,Political Committee,400.0,2025-11-07 00:00:00,Bridges For Colorado Treasurer,Redacted By Sos,CO,99999,Contributions,"Jeff Bridges, Treasurer  Co"
ELI LILLY AND COMPANY POLITICAL ACTION COMMITTEE - COLORADO,Political Committee,225.0,2025-11-07 00:00:00,Camacho For Colorado,Redacted By Sos,CO,99999,Contributions,"Sean Camacho, State House 6Th Co"
ELI LILLY AND COMPANY POLITICAL ACTION COMMITTEE - COLORADO,Political Committee,175.0,2025-11-07 00:00:00,Camacho For Colorado,Redacted By Sos,CO,99999,Contributions,"Sean Camacho, State House 6Th Co"
ELI LILLY AND COMPANY POLITICAL ACTION COMMITTEE - COLORADO,Political Committee,225.0,2025-11-07 00:00:00,Carson For State Senate,Highlands Ranch,CO,80130-9998,Contributions,"John Carson, State Senate 30Th Co"
ELI LILLY AND COMPANY POLITICAL ACTION COMMITTEE - COLORADO,Political Committee,175.0,2025-11-07 00:00:00,Carson For State Senate,Highlands Ranch,CO,80130-9998,Contributions,"John Carson, State Senate 30Th Co"
ELI LILLY AND COMPANY POLITICAL ACTION COMMITTEE - COLORADO,Political Committee,225.0,2025-11-07 00:00:00,To Elect Michael Carter To Colorado State House District 36,Redacted By Sos,CO,99999,Contributions,"Michael Carter, State House 36Th Co"
ELI LILLY AND COMPANY POLITICAL ACTION COMMITTEE - COLORADO,Political Committee,175.0,2025-11-07 00:00:00,To Elect Michael Carter To Colorado State House District 36,Redacted By Sos,CO,99999,Contributions,"Michael Carter, State House 36Th Co"
ELI LILLY AND COMPANY POLITICAL ACTION COMMITTEE - COLORADO,Political Committee,400.0,2025-11-07 00:00:00,Colorado Bioscience Pac,Denver,CO,80203,Contributions,Contribution
ELI LILLY AND COMPANY POLITICAL ACTION COMMITTEE - COLORADO,Political Committee,400.0,2025-11-07 00:00:00,Frizell Leadership Pac,Redacted By Sos,CO,99999,Contributions,Contribution
ELI LILLY AND COMPANY POLITICAL ACTION COMMITTEE - COLORADO,Political Committee,400.0,2025-11-07 00:00:00,Hartsook Leadership Pac,Redacted By Sos,CO,99999,Contributions,Contribution
ELI LILLY AND COMPANY POLITICAL ACTION COMMITTEE - COLORADO,Political Committee,400.0,2025-11-07 00:00:00,Kirkmeyer For Colorado,Brighton,CO,80603,Contributions,"Barb Kirkmeyer, Governor  Co"
ELI LILLY AND COMPANY POLITICAL ACTION COMMITTEE - COLORADO,Political Committee,225.0,2025-11-07 00:00:00,Lieder For Colorado,Redacted By Sos,CO,99999,Contributions,"Sheila Lieder, State Senate 20Th Co"
ELI LILLY AND COMPANY POLITICAL ACTION COMMITTEE - COLORADO,Political Committee,175.0,2025-11-07 00:00:00,Lieder For Colorado,Redacted By Sos,CO,99999,Contributions,"Sheila Lieder, State Senate 20Th Co"
ELI LILLY AND COMPANY POLITICAL ACTION COMMITTEE - COLORADO,Political Committee,225.0,2025-11-07 00:00:00,Dafna Michaelson Jenet For Sd21,Commerce City,CO,80022,Contributions,"Dafna Michaelson Jenet, State Senate 21St Co"
ELI LILLY AND COMPANY POLITICAL ACTION COMMITTEE - COLORADO,Political Committee,225.0,2025-11-07 00:00:00,Dafna Michaelson Jenet For Sd21,Commerce City,CO,80022,Contributions,"Dafna Michaelson Jenet, State Senate 21St Co"
ELI LILLY AND COMPANY POLITICAL ACTION COMMITTEE - COLORADO,Political Committee,225.0,2025-11-07 00:00:00,Committee To Elect Rod Pelton,Cheyenne Wells,CO,80810,Contributions,"Rod Pelton, State Senate 35Th Co"
ELI LILLY AND COMPANY POLITICAL ACTION COMMITTEE - COLORADO,Political Committee,175.0,2025-11-07 00:00:00,Committee To Elect Rod Pelton,Cheyenne Wells,CO,80810,Contributions,"Rod Pelton, State Senate 35Th Co"
ELI LILLY AND COMPANY POLITICAL ACTION COMMITTEE - COLORADO,Political Committee,225.0,2025-11-07 00:00:00,Friends Of Jacque Phillips,Redacted By Sos,CO,99999,Contributions,"Jacqueline Phillips, State House 31St Co"
ELI LILLY AND COMPANY POLITICAL ACTION COMMITTEE - COLORADO,Political Committee,175.0,2025-11-07 00:00:00,Friends Of Jacque Phillips,Redacted By Sos,CO,99999,Contributions,"Jacqueline Phillips, State House 31St Co"
ELI LILLY AND COMPANY POLITICAL ACTION COMMITTEE - COLORADO,Political Committee,400.0,2025-11-07 00:00:00,Rebekahpac (Rebekah Stewart For Colorado),Redacted By Sos,CO,99999,Contributions,Contribution
ELI LILLY AND COMPANY POLITICAL ACTION COMMITTEE - COLORADO,Political Committee,225.0,2025-11-07 00:00:00,Dylan Roberts For Colorado,Redacted By Sos,CO,99999,Contributions,"Dylan Roberts, State Senate 8Th Co"
ELI LILLY AND COMPANY POLITICAL ACTION COMMITTEE - COLORADO,Political Committee,175.0,2025-11-07 00:00:00,Dylan Roberts For Colorado,Redacted By Sos,CO,99999,Contributions,"Dylan Roberts, State Senate 8Th Co"
ELI LILLY AND COMPANY POLITICAL ACTION COMMITTEE - COLORADO,Political Committee,4000.0,2025-11-07 00:00:00,We Are Colorado Business Coalition,Wheat Ridge,CO,80033,Contributions,Contribution
LIBERTARIAN PARTY OF COLORADO (LPCO),Political Party Committee,1.3,2025-11-07 00:00:00,Stripe.Com,New Orleans,LA,70112,Bank Fees,
LIBERTARIAN PARTY OF COLORADO (LPCO),Political Party Committee,1.3,2025-11-07 00:00:00,Stripe.Com,New Orleans,LA,70112,Bank Fees,
THE BRIGHT PAC,Political Committee,50.0,2025-11-07 00:00:00,"Sws Polifi, Llc",Lafayette,CO,80026,Other,7520 ∑ Accounting Fees
AGRICULTURE PAC,Political Committee,50.0,2025-11-08 00:00:00,"Sws Polifi, Llc",Fort Lupton,CO,80621,Other,7520 ∑ Accounting Fees
LIBERTARIAN PARTY OF COLORADO (LPCO),Political Party Committee,2.3,2025-11-08 00:00:00,Stripe.Com,New Orleans,LA,70112,Bank Fees,
CATHY KIPP FOR COLORADO LEADERSHIP FUND,Political Committee,53.94,2025-11-09 00:00:00,Act Blue Technical Services,Somerville,MA,02144-3132,Other,Service Fees
COLORADO WORKING FAMILIES PARTY SMALL DONOR COMMITTEE,Small Donor Committee,2.18,2025-11-09 00:00:00,Actblue Technical Services,Somerville,MA,02144,Fundraising Expenses,Fee
GRISWOLD LEADERSHIP PAC,Political Committee,28.64,2025-11-09 00:00:00,Actblue,West Somerville,MA,02144-0031,Fundraising Expenses,
LESLIE HEROD'S BOLDLY FORWARD PAC,Political Committee,1.19,2025-11-09 00:00:00,Act Blue,Somerville,MA,02144,Fundraising Expenses,
LIBERTARIAN PARTY OF COLORADO (LPCO),Political Party Committee,1.05,2025-11-09 00:00:00,Stripe.Com,South San Francisco,CA,94080,Bank Fees,
LIBERTARIAN PARTY OF COLORADO (LPCO),Political Party Committee,1.03,2025-11-09 00:00:00,Stripe.Com,South San Francisco,CA,94080,Bank Fees,
VELASCO LEADERSHIP FUND,Political Committee,0.79,2025-11-09 00:00:00,Actblue,Somerville,MA,02144,Consultant & Professional Services,
COLORADO DENTAL PAC (CODPAC),Political Committee,725.0,2025-11-10 00:00:00,Bennet For Governor,Superior,CO,80027,Contributions,
COLORADO DENTAL PAC (CODPAC),Political Committee,725.0,2025-11-10 00:00:00,Bridges For Colorado Treasurer,Redacted By Sos,CO,99999,Contributions,
COLORADO DENTAL PAC (CODPAC),Political Committee,725.0,2025-11-10 00:00:00,Kirkmeyer For Colorado,Brighton,CO,80603,Contributions,
COLORADO DENTAL PAC (CODPAC),Political Committee,725.0,2025-11-10 00:00:00,Yara Leadership Fund,Fort Collins,CO,80528,Contributions,
COLORADO DENTAL SMALL DONOR COMMITTEE,Small Donor Committee,2275.0,2025-11-10 00:00:00,Bridges For Colorado Treasurer,Redacted By Sos,CO,99999,Contributions,
COLORADO DENTAL SMALL DONOR COMMITTEE,Small Donor Committee,2275.0,2025-11-10 00:00:00,Kirkmeyer For Colorado,Brighton,CO,80603,Contributions,
GRISWOLD LEADERSHIP PAC,Political Committee,2.0,2025-11-10 00:00:00,,,,,Bank Fees,
LIBERTARIAN PARTY OF COLORADO (LPCO),Political Party Committee,30.45,2025-11-10 00:00:00,Fdms.Gov,Aurora,CO,20521,Bank Fees,
LIBERTARIAN PARTY OF COLORADO (LPCO),Political Party Committee,1.3,2025-11-10 00:00:00,Stripe.Com,New Orleans,LA,70112,Bank Fees,
MANNY RUTINEL LEADERSHIP FUND,Political Committee,15.0,2025-11-10 00:00:00,State Of Colorado,Denver,CO,80203,Office Equipment & Supplies,Capitol Gym Access
UNITEDHEALTH GROUP INCORPORATED PAC (UNITEDHEALTH GROUP PAC),Political Committee,-225.0,2025-11-10 00:00:00,Rose For Colorado,Redacted By Sos,CO,99999,Returned Expenditure,Void - Rose For Colorado; Check Dated 08/26/2025
UNITEDHEALTH GROUP INCORPORATED PAC (UNITEDHEALTH GROUP PAC),Political Committee,-225.0,2025-11-10 00:00:00,Rose For Colorado,Redacted By Sos,CO,99999,Returned Expenditure,Void - Rose For Colorado; Check Dated 08/26/2025
BLACK JACK PAC,Political Committee,400.0,2025-11-11 00:00:00,Kyle For Colorado,Louisville,CO,80027,Contributions,
BLACK JACK PAC,Political Committee,400.0,2025-11-11 00:00:00,Karen For Colorado,Broomfield,CO,80020,Contributions,
BLACK JACK PAC,Political Committee,400.0,2025-11-11 00:00:00,Committee To Elect Marc Snyder,Manitou Springs,CO,80829,Contributions,
COLORADO MEDICAL PAC (COMPAC),Political Committee,450.0,2025-11-11 00:00:00,Alexis For Colorado,Redacted By Sos,CO,99999,Contributions,
COLORADO MEDICAL PAC (COMPAC),Political Committee,450.0,2025-11-11 00:00:00,Rein For Colorado,Littleton,CO,80162,Contributions,
COLORADO MEDICAL SOCIETY SMALL DONOR COMMITTEE,Small Donor Committee,3000.0,2025-11-11 00:00:00,Alexis For Colorado,Redacted By Sos,CO,99999,Contributions,
COLORADO MEDICAL SOCIETY SMALL DONOR COMMITTEE,Small Donor Committee,3000.0,2025-11-11 00:00:00,Rein For Colorado,Littleton,CO,80162,Contributions,
COMMITTEE FOR PHYSICIAN ANESTHESIA CARE,Political Committee,3.38,2025-11-11 00:00:00,,,,,Bank Fees,Paypal Fees
HARTSOOK LEADERSHIP PAC,Political Committee,450.0,2025-11-11 00:00:00,Woog For House District 19,Frederick,CO,80530,Other,8200 ∑ Candidate Support
LIBERTARIAN PARTY OF COLORADO (LPCO),Political Party Committee,1.03,2025-11-11 00:00:00,Stripe.Com,South San Francisco,CA,94080,Bank Fees,
LIBERTARIAN PARTY OF COLORADO (LPCO),Political Party Committee,1.05,2025-11-11 00:00:00,Stripe.Com,South San Francisco,CA,94080,Bank Fees,
BLACK JACK PAC,Political Committee,400.0,2025-11-12 00:00:00,Friends Of Jacque Phillips,Redacted By Sos,CO,99999,Contributions,
BLUE LINE ADVOCATES PAC,Political Committee,300.0,2025-11-12 00:00:00,Sarah B Jack & Asspciates,Colorado Springs,CO,80906,Consultant & Professional Services,
COLORADO CREDIT UNION POLITICAL ACTION COMMITTEE,Political Committee,54.95,2025-11-12 00:00:00,Forte Payment Systems,Allen,TX,75013,Bank Fees,Vendor Fee
COLORADO CREDIT UNION POLITICAL ACTION COMMITTEE,Political Committee,450.0,2025-11-12 00:00:00,Chris For Colorado,Commerce City,CO,80022,Contributions,
COLORADO CREDIT UNION POLITICAL ACTION COMMITTEE,Political Committee,450.0,2025-11-12 00:00:00,Camacho For Colorado,Redacted By Sos,CO,99999,Contributions,
COLORADO FORWARD PARTY COMMITTEE,Political Party Committee,18.4,2025-11-12 00:00:00,Zoom Inc,San Jose,CA,95113,Miscellaneous,Interstate Communication
COLORADO MEDICAL SOCIETY SMALL DONOR COMMITTEE,Small Donor Committee,78.54,2025-11-12 00:00:00,Wells Fargo Bank,Portland,OR,97228,Bank Fees,
COLORADO MEDICAL SOCIETY SMALL DONOR COMMITTEE,Small Donor Committee,3000.0,2025-11-12 00:00:00,Andrew For Colorado,Redacted By Sos,CO,99999,Contributions,
COLORADO MEDICAL SOCIETY SMALL DONOR COMMITTEE,Small Donor Committee,1500.0,2025-11-12 00:00:00,Bacon For Colorado,Denver,CO,80239,Contributions,
COLORADO MEDICAL SOCIETY SMALL DONOR COMMITTEE,Small Donor Committee,3000.0,2025-11-12 00:00:00,Camacho For Colorado,Denver,CO,80230,Contributions,
COLORADO MEDICAL SOCIETY SMALL DONOR COMMITTEE,Small Donor Committee,3000.0,2025-11-12 00:00:00,Carlos For Hd 48,Fort Lupton,CO,80621,Contributions,
COLORADO MEDICAL SOCIETY SMALL DONOR COMMITTEE,Small Donor Committee,6000.0,2025-11-12 00:00:00,Carson For State Senate,Highlands Ranch,CO,80130-9998,Contributions,
COLORADO MEDICAL SOCIETY SMALL DONOR COMMITTEE,Small Donor Committee,3000.0,2025-11-12 00:00:00,Dusty For Colorado,Redacted By Sos,CO,99999,Contributions,
COLORADO MEDICAL SOCIETY SMALL DONOR COMMITTEE,Small Donor Committee,6000.0,2025-11-12 00:00:00,Dylan Roberts For Colorado,Avon,CO,81620,Contributions,
COLORADO MEDICAL SOCIETY SMALL DONOR COMMITTEE,Small Donor Committee,3000.0,2025-11-12 00:00:00,Elect Jarvis Caldwell,Colorado Springs,CO,80908,Contributions,
COLORADO MEDICAL SOCIETY SMALL DONOR COMMITTEE,Small Donor Committee,3000.0,2025-11-12 00:00:00,Eliza For Colorado,Centennial,CO,80016,Contributions,
COLORADO MEDICAL SOCIETY SMALL DONOR COMMITTEE,Small Donor Committee,2000.0,2025-11-12 00:00:00,Emily Sirota For Colorado,Redacted By Sos,CO,99999,Contributions,
COLORADO MEDICAL SOCIETY SMALL DONOR COMMITTEE,Small Donor Committee,3000.0,2025-11-12 00:00:00,Friends Of Jacque Phillips,Redacted By Sos,CO,99999,Contributions,
COLORADO MEDICAL SOCIETY SMALL DONOR COMMITTEE,Small Donor Committee,3000.0,2025-11-12 00:00:00,Gilchrist For Colorado,Redacted By Sos,CO,99999,Contributions,
COLORADO MEDICAL SOCIETY SMALL DONOR COMMITTEE,Small Donor Committee,3000.0,2025-11-12 00:00:00,Gretchen For Colorado,Redacted By Sos,CO,99999,Contributions,
COLORADO MEDICAL SOCIETY SMALL DONOR COMMITTEE,Small Donor Committee,3000.0,2025-11-12 00:00:00,Hartsook For House,Redacted By Sos,CO,99999,Contributions,
COLORADO MEDICAL SOCIETY SMALL DONOR COMMITTEE,Small Donor Committee,3000.0,2025-11-12 00:00:00,Katie For Colorado,Redacted By Sos,CO,99999,Contributions,
COLORADO MEDICAL SOCIETY SMALL DONOR COMMITTEE,Small Donor Committee,2000.0,2025-11-12 00:00:00,Katie Wallace For Colorado,Redacted By Sos,CO,99999,Contributions,
COLORADO MEDICAL SOCIETY SMALL DONOR COMMITTEE,Small Donor Committee,6000.0,2025-11-12 00:00:00,Kyle Mullica For Sd 24,Thornton,CO,80602,Contributions,
COLORADO MEDICAL SOCIETY SMALL DONOR COMMITTEE,Small Donor Committee,3000.0,2025-11-12 00:00:00,Lisa For Colorado,Boulder,CO,80305,Contributions,
COLORADO MEDICAL SOCIETY SMALL DONOR COMMITTEE,Small Donor Committee,1500.0,2025-11-12 00:00:00,Lori Garcia Sander For Hd 65,Redacted By Sos,CO,99999,Contributions,
COLORADO MEDICAL SOCIETY SMALL DONOR COMMITTEE,Small Donor Committee,6000.0,2025-11-12 00:00:00,Matt Ball For Colorado,Denver,CO,80203,Contributions,
COLORADO MEDICAL SOCIETY SMALL DONOR COMMITTEE,Small Donor Committee,3000.0,2025-11-12 00:00:00,Meghan Lukens For Colorado,Redacted By Sos,CO,99999,Contributions,
COLORADO MEDICAL SOCIETY SMALL DONOR COMMITTEE,Small Donor Committee,3000.0,2025-11-12 00:00:00,Rebekah Stewart For Colorado,Redacted By Sos,CO,99999,Contributions,
COLORADO MEDICAL SOCIETY SMALL DONOR COMMITTEE,Small Donor Committee,1500.0,2025-11-12 00:00:00,Taggart For House District 55,Grand Junction,CO,81507,Contributions,
COLORADO MEDICAL SOCIETY SMALL DONOR COMMITTEE,Small Donor Committee,2000.0,2025-11-12 00:00:00,Committee To Elect Regina English For Colorado House,Redacted By Sos,CO,99999,Contributions,
DOCTORS COMPANY COLORADO PAC (COLORADO DOCPAC),Political Committee,82.76,2025-11-12 00:00:00,Wells Fargo,Santa Rosa,CA,95401,Bank Fees,Monthly Bank Fee
FRIENDS OF COLORADO HOSPITALS (F/K/A HOSPITALS EXPRESS LEGISLATIVE PREFERENCE),Political Committee,450.0,2025-11-12 00:00:00,Alexis For Colorado,Redacted By Sos,CO,99999,Contributions,
FRIENDS OF COLORADO HOSPITALS (F/K/A HOSPITALS EXPRESS LEGISLATIVE PREFERENCE),Political Committee,121.21,2025-11-12 00:00:00,,,,,Bank Fees,Nov Bank Fees
KAREN FOR CO LEADERSHIP PAC,Political Committee,1000.0,2025-11-12 00:00:00,Shannon Bird For Congress,Westminster,CO,80035,Contributions,"Fec Candidate Contribution Maximum $1000
Permissible Under Federal Law Per Calendar Year (I.E., Not From Corporations, Labor Organizations, Foreign Nationals Or Government 
Contractors)"
LIBERTARIAN PARTY OF COLORADO (LPCO),Political Party Committee,64.95,2025-11-12 00:00:00,Clover,Colorado Springs,CO,80919,Bank Fees,
LIBERTARIAN PARTY OF COLORADO (LPCO),Political Party Committee,0.59,2025-11-12 00:00:00,Stripe.Com,South San Francisco,CA,94080,Bank Fees,
LIBERTARIAN PARTY OF COLORADO (LPCO),Political Party Committee,1.03,2025-11-12 00:00:00,Stripe.Com,South San Francisco,CA,94080,Bank Fees,
MANNY RUTINEL LEADERSHIP FUND,Political Committee,9.99,2025-11-12 00:00:00,Mailmeteor,Paris,FR,75013,Office Equipment & Supplies,Software
ROCKY MOUNTAIN INSURANCE ASSOCIATION (RMIA) SDC,Small Donor Committee,1962.91,2025-11-12 00:00:00,La Loma,Parker,CO,80138,"Food, Beverages and Meals",Food And Beverage For An Outreach Event
THE COLEMAN LEADERSHIP FUND,Political Committee,21.73,2025-11-12 00:00:00,Actblue,Somerville,MA,02144,Bank Fees,
YARA LEADERSHIP FUND,Political Committee,1513.1,2025-11-12 00:00:00,American Furniture Warehouse,Firestone,CO,80504,Office Equipment & Supplies,
BALL FOR ALL LEADERSHIP FUND,Political Committee,6.79,2025-11-13 00:00:00,Blue Sparrow Coffee,Denver,CO,80203,"Food, Beverages and Meals",Constituent Coffee
COLORADO'S MOUNTAIN PAC,Political Committee,299.81,2025-11-13 00:00:00,El Paso County Republican Women,Colorado Springs,CO,80917,"Food, Beverages and Meals",
LEE - COLORADO PAC,Political Committee,36.81,2025-11-13 00:00:00,Democracy Engine,Washington,DC,20009,Bank Fees,Credit Card Processing Fees/Electronic Debit
LIBERTARIAN PARTY OF COLORADO (LPCO),Political Party Committee,1.3,2025-11-13 00:00:00,Stripe.Com,New Orleans,LA,70112,Bank Fees,
UPSTREAM SDC,Small Donor Committee,2.0,2025-11-13 00:00:00,Firstbank,Wheat Ridge,CO,80033,Bank Fees,
COLORADO HEALTH CARE ASSOCIATION - SMALL DONOR COMMITTEE - CHCA - SDC (CHCA - SDC),Small Donor Committee,2500.0,2025-11-14 00:00:00,Bridges For Colorado Treasurer,Redacted By Sos,CO,99999,Contributions,
COLORADO HEALTH CARE ASSOCIATION PC,Political Committee,1450.0,2025-11-14 00:00:00,Bridges For Colorado Treasurer,Redacted By Sos,CO,99999,Contributions,
COPIC POLITICAL COMMITTEE,Political Committee,550.0,2025-11-14 00:00:00,Andrew For Colorado Leadership Fund,Redacted By Sos,CO,99999,Contributions,Misc Campaign Contribution
COPIC POLITICAL COMMITTEE,Political Committee,550.0,2025-11-14 00:00:00,Lesley For Colorado Data First Fund,Redacted By Sos,CO,99999,Contributions,Misc Campaign Contribution
COPIC POLITICAL COMMITTEE,Political Committee,400.0,2025-11-14 00:00:00,Kyle  Mullica,Thornton,CO,80602,Contributions,Misc Campaign Contribution
LIBERTARIAN PARTY OF COLORADO (LPCO),Political Party Committee,1.03,2025-11-14 00:00:00,Stripe.Com,South San Francisco,CA,94080,Bank Fees,
LIBERTARIAN PARTY OF COLORADO (LPCO),Political Party Committee,1.3,2025-11-14 00:00:00,Stripe.Com,New Orleans,LA,70112,Bank Fees,
LIGHT OVER PEAKS PAC,Political Committee,100.0,2025-11-14 00:00:00,Ava For Colorado,Redacted By Sos,CO,99999,Contributions,
LIGHT OVER PEAKS PAC,Political Committee,100.0,2025-11-14 00:00:00,Elect Jarvis Caldwell,Colorado Springs,CO,80908,Contributions,
LIGHT OVER PEAKS PAC,Political Committee,50.0,2025-11-14 00:00:00,Woog For House District 19,Frederick,CO,80530,Contributions,
WEISSMAN LEADERSHIP FUND,Political Committee,1500.0,2025-11-14 00:00:00,Colorado Democratic Party,Denver,CO,80203,Contributions,
CAMACHO LEADERSHIP FUND,Political Committee,450.0,2025-11-15 00:00:00,Friends Of Junie Joseph,Boulder,CO,80303,Contributions,
COMMITTEE FOR PHYSICIAN ANESTHESIA CARE,Political Committee,30.0,2025-11-15 00:00:00,,,,,Bank Fees,
GREEN PARTY OF COLORADO,Political Party Committee,0.58,2025-11-15 00:00:00,Paypal,San Jose,CA,95131,Bank Fees,
CATHY KIPP FOR COLORADO LEADERSHIP FUND,Political Committee,3.95,2025-11-16 00:00:00,Act Blue Technical Services,Somerville,MA,02144-3132,Other,Service Fees
LESLIE HEROD'S BOLDLY FORWARD PAC,Political Committee,0.56,2025-11-16 00:00:00,Act Blue,Somerville,MA,02144,Fundraising Expenses,
LIBERTARIAN PARTY OF COLORADO (LPCO),Political Party Committee,4.65,2025-11-16 00:00:00,Stripe.Com,South San Francisco,CA,94080,Bank Fees,
NABIP COLORADO POLITICAL ACTION COMMITTEE,Political Committee,0.92,2025-11-16 00:00:00,Paypal,San Jose,CA,95131,Bank Fees,
SNYDER FOR COLORADO LEADERSHIP FUND,Political Committee,225.0,2025-11-16 00:00:00,Committee To Elect Amy Paschal,Redacted By Sos,CO,99999,Contributions,
BUILDING BRIDGES FOR COLORADO,Political Committee,2.0,2025-11-17 00:00:00,1St Bank,Lakewood,CO,80215,Bank Fees,
COLORADO FORWARD PARTY COMMITTEE,Political Party Committee,239.88,2025-11-17 00:00:00,Zapier Inc,San Francisco,CA,94104,Miscellaneous,Project Managment Platform
COLORADO RADIOLOGICAL SOCIETY POLITICAL COMMITTEE,Political Committee,6.5,2025-11-17 00:00:00,,,,,Bank Fees,
CUTTER FOR COLORADO LEADERSHIP FUND,Political Committee,11.14,2025-11-17 00:00:00,Consumer Cellular,Portland,OR,97223,Telephone,
"ELEVANCE HEALTH, INC. POLITICAL ACTION COMMITTEE (ELEVANCE HEALTH PAC)",Political Committee,-225.0,2025-11-17 00:00:00,Committee To Elect Keltie,Redacted By Sos,CO,99999,Returned Expenditure,2026 Uncashed Contribution
"ELEVANCE HEALTH, INC. POLITICAL ACTION COMMITTEE (ELEVANCE HEALTH PAC)",Political Committee,-225.0,2025-11-17 00:00:00,Weinberg For Colorado,Loveland,CO,80538,Returned Expenditure,2026 Uncashed Contribution
"ELEVANCE HEALTH, INC. POLITICAL ACTION COMMITTEE (ELEVANCE HEALTH PAC)",Political Committee,-225.0,2025-11-17 00:00:00,Weinberg For Colorado,Loveland,CO,80538,Returned Expenditure,2026 Uncashed Contribution
FAMILIES FOR RESPONSIBLE GOVERNMENT,Political Committee,50.0,2025-11-17 00:00:00,Polifi Llc,Fort Lupton,CO,80621,Consultant & Professional Services,
LIBERTARIAN PARTY OF COLORADO (LPCO),Political Party Committee,151.2,2025-11-17 00:00:00,Microsoft Corporation,Redmond,WA,98052,Office Equipment & Supplies,
LIBERTARIAN PARTY OF COLORADO (LPCO),Political Party Committee,0.45,2025-11-17 00:00:00,Stripe.Com,South San Francisco,CA,94080,Bank Fees,
LIBERTARIAN PARTY OF COLORADO (LPCO),Political Party Committee,3.2,2025-11-17 00:00:00,Stripe.Com,South San Francisco,CA,94080,Bank Fees,
LIBERTARIAN PARTY OF COLORADO (LPCO),Political Party Committee,1.03,2025-11-17 00:00:00,Stripe.Com,South San Francisco,CA,94080,Bank Fees,
MANNY RUTINEL LEADERSHIP FUND,Political Committee,450.0,2025-11-17 00:00:00,Bob 4 Colorado,Highlands Ranch,CO,80126,Contributions,Contribution
NABIP COLORADO POLITICAL ACTION COMMITTEE,Political Committee,0.91,2025-11-17 00:00:00,Quickbooks Payments,Woodland Hills,CA,91367,Bank Fees,
NABIP COLORADO POLITICAL ACTION COMMITTEE,Political Committee,1.24,2025-11-17 00:00:00,Paypal,San Jose,CA,95131,Bank Fees,
RISING TIDES PAC,Political Committee,50.0,2025-11-17 00:00:00,Polifi Llc,Fort Lupton,CO,80621,Consultant & Professional Services,
ROSE PAC,Political Committee,450.0,2025-11-17 00:00:00,Carver For Colorado,Redacted By Sos,CO,99999,Contributions,
ROSE PAC,Political Committee,450.0,2025-11-17 00:00:00,Gray For Hd 60,Pueblo West,CO,81007,Contributions,
RYDIN WITH GRETCHEN,Political Committee,450.0,2025-11-17 00:00:00,Jillaire  Mcmillan,Longmont,CO,80504,Donation for Independent Expenditures,Support Candidates With Democratic Values
RYDIN WITH GRETCHEN,Political Committee,450.0,2025-11-17 00:00:00,Alexis  Hoffkling,Wheat Ridge,CO,80214,Donation for Independent Expenditures,Support Candidates With Democratic Values
RYDIN WITH GRETCHEN,Political Committee,200.0,2025-11-17 00:00:00,Leslie  Summer,Denver,CO,80220,Donation for Independent Expenditures,Support Candidates With Democratic Values
SHEILA FOR COLORADO LEADERSHIP FUND,Political Committee,250.0,2025-11-17 00:00:00,Friends Of Junie Joseph,Boulder,CO,80303,Contributions,Contribution To Candidate Committee
THE COLEMAN LEADERSHIP FUND,Political Committee,4.0,2025-11-17 00:00:00,Public Works Parking,Denver,CO,80202,Other,Parking
THE COLEMAN LEADERSHIP FUND,Political Committee,11.6,2025-11-17 00:00:00,Blue Sparrow Coffee,Denver,CO,80205,"Food, Beverages and Meals",
THE COLEMAN LEADERSHIP FUND,Political Committee,109.2,2025-11-17 00:00:00,King Soopers,Denver,CO,80218,"Food, Beverages and Meals",
THE COLEMAN LEADERSHIP FUND,Political Committee,13.83,2025-11-17 00:00:00,Actblue,Somerville,MA,02144,Bank Fees,
US ANESTHESIA PARTNERS COLORADO STATE COMMITTEE,Political Committee,68.84,2025-11-17 00:00:00,Bok Financial,Denver,CO,80217,Bank Fees,Bank Fees
VELASCO LEADERSHIP FUND,Political Committee,6.62,2025-11-17 00:00:00,Alpine Bank,Grand Junction,CO,81501,Bank Fees,
BUCKLE UP PAC,Political Committee,-200.0,2022-11-18 00:00:00,Polifi Llc,Fort Lupton,CO,80621,Consultant & Professional Services,Offset Due To Deletion Of Filed Item
ANDREW FOR COLORADO LEADERSHIP FUND,Political Committee,450.0,2025-11-18 00:00:00,To Elect Michael Carter To Colorado State House District 36,Redacted By Sos,CO,99999,Contributions,
APARTMENT ASSOCIATION OF METRO DENVER POLITICAL COMMITTEE,Political Committee,400.0,2025-11-18 00:00:00,Ken Cruz For Lakewood,Lakewood,CO,80232,Contributions,Municipal Contribution
APARTMENT ASSOCIATION OF METRO DENVER POLITICAL COMMITTEE,Political Committee,500.0,2025-11-18 00:00:00,Ryan Dwiggins For Centennial,Centennial,CO,80112,Contributions,Municipal Contribution
BACON FOR COLORADO LEADERSHIP FUND,Political Committee,100.0,2025-11-18 00:00:00,Gena Ozols For Hd3,Redacted By Sos,CO,99999,Contributions,
BACON FOR COLORADO LEADERSHIP FUND,Political Committee,100.0,2025-11-18 00:00:00,Justine Sandoval For House District 5,Denver,CO,80205,Contributions,
CARTER PAC,Political Committee,552.19,2025-11-18 00:00:00,Aurora Public Schools,Aurora,CO,80011,Entertainment,Aps  Forum Sponsor
FRIENDS OF COLORADO HOSPITALS (F/K/A HOSPITALS EXPRESS LEGISLATIVE PREFERENCE),Political Committee,450.0,2025-11-18 00:00:00,Lisa For Colorado,Redacted By Sos,CO,99999,Contributions,
FRIENDS OF COLORADO HOSPITALS (F/K/A HOSPITALS EXPRESS LEGISLATIVE PREFERENCE),Political Committee,450.0,2025-11-18 00:00:00,Rebekah Stewart For Colorado,Redacted By Sos,CO,99999,Contributions,
FRIENDS OF COLORADO HOSPITALS (F/K/A HOSPITALS EXPRESS LEGISLATIVE PREFERENCE),Political Committee,450.0,2025-11-18 00:00:00,Mandy For Colorado,Aurora,CO,80010,Contributions,
FRIENDS OF COLORADO HOSPITALS (F/K/A HOSPITALS EXPRESS LEGISLATIVE PREFERENCE),Political Committee,450.0,2025-11-18 00:00:00,Hartsook For House,Redacted By Sos,CO,99999,Contributions,
FRIENDS OF COLORADO HOSPITALS (F/K/A HOSPITALS EXPRESS LEGISLATIVE PREFERENCE),Political Committee,450.0,2025-11-18 00:00:00,Max Brooks For Colorado Committee,Redacted By Sos,CO,99999,Contributions,
FRIENDS OF COLORADO HOSPITALS (F/K/A HOSPITALS EXPRESS LEGISLATIVE PREFERENCE),Political Committee,450.0,2025-11-18 00:00:00,Winter For Hd47,Redacted By Sos,CO,99999,Contributions,
FRIENDS OF COLORADO HOSPITALS (F/K/A HOSPITALS EXPRESS LEGISLATIVE PREFERENCE),Political Committee,450.0,2025-11-18 00:00:00,Andrew For Colorado,Redacted By Sos,CO,99999,Contributions,
FRIENDS OF COLORADO HOSPITALS (F/K/A HOSPITALS EXPRESS LEGISLATIVE PREFERENCE),Political Committee,450.0,2025-11-18 00:00:00,Taggart For House District 55,Grand Junction,CO,81507,Contributions,
FRIENDS OF COLORADO HOSPITALS (F/K/A HOSPITALS EXPRESS LEGISLATIVE PREFERENCE),Political Committee,450.0,2025-11-18 00:00:00,Katie For Colorado,Redacted By Sos,CO,99999,Contributions,
FRIENDS OF COLORADO HOSPITALS (F/K/A HOSPITALS EXPRESS LEGISLATIVE PREFERENCE),Political Committee,450.0,2025-11-18 00:00:00,Lori Garcia Sander For Hd 65,Redacted By Sos,CO,99999,Contributions,
FRIENDS OF COLORADO HOSPITALS (F/K/A HOSPITALS EXPRESS LEGISLATIVE PREFERENCE),Political Committee,450.0,2025-11-18 00:00:00,Andrew For Colorado Leadership Fund,Redacted By Sos,CO,99999,Contributions,
FRIENDS OF COLORADO HOSPITALS (F/K/A HOSPITALS EXPRESS LEGISLATIVE PREFERENCE),Political Committee,450.0,2025-11-18 00:00:00,Committee To Elect Rod Pelton,Cheyenne Wells,CO,80810,Contributions,
FRIENDS OF COLORADO HOSPITALS (F/K/A HOSPITALS EXPRESS LEGISLATIVE PREFERENCE),Political Committee,450.0,2025-11-18 00:00:00,Lesley For Colorado,Redacted By Sos,CO,99999,Contributions,
FRIENDS OF COLORADO HOSPITALS (F/K/A HOSPITALS EXPRESS LEGISLATIVE PREFERENCE),Political Committee,450.0,2025-11-18 00:00:00,Camacho Leadership Fund,Denver,CO,80230,Contributions,
FRIENDS OF COLORADO HOSPITALS (F/K/A HOSPITALS EXPRESS LEGISLATIVE PREFERENCE),Political Committee,450.0,2025-11-18 00:00:00,Matt Ball For Colorado,Denver,CO,80203,Contributions,
FRIENDS OF COLORADO HOSPITALS (F/K/A HOSPITALS EXPRESS LEGISLATIVE PREFERENCE),Political Committee,450.0,2025-11-18 00:00:00,Meghan Lukens For Colorado,Redacted By Sos,CO,99999,Contributions,
FRIENDS OF COLORADO HOSPITALS (F/K/A HOSPITALS EXPRESS LEGISLATIVE PREFERENCE),Political Committee,450.0,2025-11-18 00:00:00,Gretchen For Colorado,Redacted By Sos,CO,99999,Contributions,
FRIENDS OF COLORADO HOSPITALS (F/K/A HOSPITALS EXPRESS LEGISLATIVE PREFERENCE),Political Committee,450.0,2025-11-18 00:00:00,Dusty For Colorado,Redacted By Sos,CO,99999,Contributions,
FRIENDS OF COLORADO HOSPITALS (F/K/A HOSPITALS EXPRESS LEGISLATIVE PREFERENCE),Political Committee,450.0,2025-11-18 00:00:00,Roberts Leadership Fund,Frisco,CO,80443,Contributions,
FRIENDS OF COLORADO HOSPITALS (F/K/A HOSPITALS EXPRESS LEGISLATIVE PREFERENCE),Political Committee,450.0,2025-11-18 00:00:00,Dafna For Colorado Leadership Fund,Commerce City,CO,80022,Contributions,
FRIENDS OF COLORADO HOSPITALS (F/K/A HOSPITALS EXPRESS LEGISLATIVE PREFERENCE),Political Committee,450.0,2025-11-18 00:00:00,Cecelia4Colorado,Denver,CO,80212,Contributions,
FRIENDS OF COLORADO HOSPITALS (F/K/A HOSPITALS EXPRESS LEGISLATIVE PREFERENCE),Political Committee,450.0,2025-11-18 00:00:00,Kyle For Colorado,Louisville,CO,80027,Contributions,
FRIENDS OF COLORADO HOSPITALS (F/K/A HOSPITALS EXPRESS LEGISLATIVE PREFERENCE),Political Committee,450.0,2025-11-18 00:00:00,Friends Of Matthew Martinez,Monte Vista,CO,81144,Contributions,
FRIENDS OF COLORADO HOSPITALS (F/K/A HOSPITALS EXPRESS LEGISLATIVE PREFERENCE),Political Committee,450.0,2025-11-18 00:00:00,Take Colo Back Political Comm,Redacted By Sos,CO,99999,Contributions,
FRIENDS OF COLORADO HOSPITALS (F/K/A HOSPITALS EXPRESS LEGISLATIVE PREFERENCE),Political Committee,450.0,2025-11-18 00:00:00,Meghan Lukens For Co Leadership Pac,Redacted By Sos,CO,99999,Contributions,
FRIENDS OF COLORADO HOSPITALS (F/K/A HOSPITALS EXPRESS LEGISLATIVE PREFERENCE),Political Committee,450.0,2025-11-18 00:00:00,Camacho For Colorado,Redacted By Sos,CO,99999,Contributions,
FRIENDS OF COLORADO HOSPITALS (F/K/A HOSPITALS EXPRESS LEGISLATIVE PREFERENCE),Political Committee,450.0,2025-11-18 00:00:00,Iman For Colorado,Aurora,CO,80012,Contributions,
FRIENDS OF COLORADO HOSPITALS (F/K/A HOSPITALS EXPRESS LEGISLATIVE PREFERENCE),Political Committee,450.0,2025-11-18 00:00:00,Citizens To Elect Janice Rich,Grand Junction,CO,81506,Contributions,
FRIENDS OF COLORADO HOSPITALS (F/K/A HOSPITALS EXPRESS LEGISLATIVE PREFERENCE),Political Committee,450.0,2025-11-18 00:00:00,Dylan Roberts For Colorado,Redacted By Sos,CO,99999,Contributions,
FRIENDS OF COLORADO HOSPITALS (F/K/A HOSPITALS EXPRESS LEGISLATIVE PREFERENCE),Political Committee,450.0,2025-11-18 00:00:00,Woog For House District 19,Frederick,CO,80530,Contributions,
FRIENDS OF COLORADO HOSPITALS (F/K/A HOSPITALS EXPRESS LEGISLATIVE PREFERENCE),Political Committee,450.0,2025-11-18 00:00:00,Hartsook Leadership Pac,Redacted By Sos,CO,99999,Contributions,
FRIENDS OF COLORADO HOSPITALS (F/K/A HOSPITALS EXPRESS LEGISLATIVE PREFERENCE),Political Committee,450.0,2025-11-18 00:00:00,The Murse Pac,Thornton,CO,80602,Contributions,
FRIENDS OF COLORADO HOSPITALS (F/K/A HOSPITALS EXPRESS LEGISLATIVE PREFERENCE),Political Committee,450.0,2025-11-18 00:00:00,Pelton For State Senate,Sterling,CO,80751,Contributions,
FRIENDS OF COLORADO HOSPITALS (F/K/A HOSPITALS EXPRESS LEGISLATIVE PREFERENCE),Political Committee,450.0,2025-11-18 00:00:00,Duran For Colorado,Superior,CO,80027,Contributions,
GREEN PARTY OF COLORADO,Political Party Committee,0.95,2025-11-18 00:00:00,Paypal,San Jose,CA,95131,Bank Fees,
LIBERTARIAN PARTY OF COLORADO (LPCO),Political Party Committee,0.74,2025-11-18 00:00:00,Stripe.Com,South San Francisco,CA,94080,Bank Fees,
MAJORITIES MATTER!PAC,Political Committee,225.0,2025-11-18 00:00:00,Carver For Colorado,Redacted By Sos,CO,99999,Contributions,
MAJORITIES MATTER!PAC,Political Committee,225.0,2025-11-18 00:00:00,Weinberg For Colorado,Loveland,CO,80538,Contributions,
COLORADANS FOR WESTERN VALUES LEADERSHIP PAC,Political Committee,500.0,2025-11-19 00:00:00,Kelly Sloan & Assoc,Denver,CO,80202,Consultant & Professional Services,
COLORADO ENERGY FUTURE POLITICAL ACTION COMMITTEE,Political Committee,450.0,2025-11-19 00:00:00,Jessie Danielson For Colorado,Wheat Ridge,CO,80033,Other,Contribution To State Committee
COLORADO STATE REPRESENTATIVE DISTRICT 24 REPUBLICAN CENTRAL COMMITTEE,Political Party Committee,8.65,2025-11-19 00:00:00,Office Depot,Arvada,CO,80002,Miscellaneous,Printed Copies Of New Hd24 Republican Central Committee Bylaws To Be Distributed At The Next Meeting For Approval By The Members.
COPIC SMALL DONOR COMMITTEE,Small Donor Committee,4000.0,2025-11-19 00:00:00,Woog For House District 19,Frederick,CO,80530,Contributions,Misc Campaign Contribution
MANNY RUTINEL LEADERSHIP FUND,Political Committee,73.59,2025-11-19 00:00:00,Adobe,San Jose,CA,95110,Office Equipment & Supplies,Software
TAKE COLO BACK POLITICAL COMM,Political Committee,100.0,2025-11-19 00:00:00,Zach Swearingen For Pueblo County Commissioner,Pueblo West,CO,81007,Contributions,
THE COLEMAN LEADERSHIP FUND,Political Committee,5.04,2025-11-19 00:00:00,Blue Sparrow Coffee,Denver,CO,80205,"Food, Beverages and Meals",
COLIN PAC,Political Committee,450.0,2025-11-20 00:00:00,Carver For Colorado,Redacted By Sos,CO,99999,Contributions,
GRISWOLD LEADERSHIP PAC,Political Committee,250.0,2025-11-20 00:00:00,Boulder County Democratic Party,Lafayette,CO,80026,Contributions,
LIBERTARIAN PARTY OF COLORADO (LPCO),Political Party Committee,53.0,2025-11-20 00:00:00,Moellman Enterprises,Alexandria,KY,41001,Office Equipment & Supplies,
LINDSEY FOR COLORADO LEADERSHIP FUND,Political Committee,50.0,2025-11-20 00:00:00,Alexis For Colorado,Redacted By Sos,CO,99999,Contributions,
NABIP COLORADO POLITICAL ACTION COMMITTEE,Political Committee,6.57,2025-11-20 00:00:00,Quickbooks Payments,Woodland Hills,CA,91367,Bank Fees,
THE COLEMAN LEADERSHIP FUND,Political Committee,121.84,2025-11-20 00:00:00,Savinas Mexican Kitchen,Denver,CO,80202,"Food, Beverages and Meals",
THE HOME DEPOT INC. POLITICAL ACTION COMMITTEE,Political Committee,225.0,2025-11-20 00:00:00,Michael J Carter,Redacted By Sos,CO,99999,Contributions,2026 Primary - Direct Contribution
THE HOME DEPOT INC. POLITICAL ACTION COMMITTEE,Political Committee,225.0,2025-11-20 00:00:00,To Elect Michael Carter To Colorado State House District 36,Redacted By Sos,CO,99999,Contributions,2026 General - Direct Contribution
THE HOME DEPOT INC. POLITICAL ACTION COMMITTEE,Political Committee,225.0,2025-11-20 00:00:00,Committee To Elect Marc Snyder,Manitou Springs,CO,80829,Contributions,2026 Primary - Direct Contribution
THE HOME DEPOT INC. POLITICAL ACTION COMMITTEE,Political Committee,225.0,2025-11-20 00:00:00,Committee To Elect Marc Snyder,Manitou Springs,CO,80829,Contributions,2026 General - Direct Contribution
THE HOME DEPOT INC. POLITICAL ACTION COMMITTEE,Political Committee,225.0,2025-11-20 00:00:00,Karen For Co,Redacted By Sos,CO,99999,Contributions,2026 Priimary - Direct Contribution
THE HOME DEPOT INC. POLITICAL ACTION COMMITTEE,Political Committee,225.0,2025-11-20 00:00:00,Karen For Co,Redacted By Sos,CO,99999,Contributions,2026 General - Direct Contribution
THE HOME DEPOT INC. POLITICAL ACTION COMMITTEE,Political Committee,5000.0,2025-11-20 00:00:00,All Together Colorado,Denver,CO,80206,Contributions,Direct Contribution
THE HOME DEPOT INC. POLITICAL ACTION COMMITTEE,Political Committee,5000.0,2025-11-20 00:00:00,Colorado Way Forward,Denver,CO,80206,Contributions,Direct Contribution
THE HOME DEPOT INC. POLITICAL ACTION COMMITTEE,Political Committee,2500.0,2025-11-20 00:00:00,New Day Colorado Fund,Fort Lupton,CO,80621,Contributions,Direct Contribution
THE HOME DEPOT INC. POLITICAL ACTION COMMITTEE,Political Committee,2500.0,2025-11-20 00:00:00,Senate Majority Fund,Denver,CO,80205,Contributions,Direct Contribution
THE MURSE PAC,Political Committee,2.0,2025-11-20 00:00:00,First Bank,Thornton,CO,80233,Bank Fees,
WOOG PAC,Political Committee,200.0,2025-11-20 00:00:00,Carver For Colorado,Redacted By Sos,CO,99999,Contributions,
BUILDING A STRONGER COLORADO,Small Donor Committee,2500.0,2025-11-21 00:00:00,Seligman For Ag,Redacted By Sos,CO,99999,Contributions,
HD43 VICTORY FUND,Political Party Committee,235.5,2025-11-21 00:00:00,Ruth  Hansen,Highlands Ranch,CO,80129,Office Equipment & Supplies,Reimbursement For Alpha Graphics Thank You Card Printing
HUNTINGTON BANCSHARES INC. POLITICAL ACTION COMMITTEE (HBI-PAC),Political Committee,725.0,2025-11-21 00:00:00,Colorado Bankers Association State Pac,Denver,CO,80203,Contributions,2025 Contribution
KUTAK ROCK LIMITED LIABILITY PARTNERSHIP POLITICAL ACTION COMMITTEE,Political Committee,500.0,2025-11-21 00:00:00,Fighting For Colorado,Denver,CO,80206,Contributions,Political Contribution
LIBERTARIAN PARTY OF COLORADO (LPCO),Political Party Committee,10.2,2025-11-21 00:00:00,Fdms.Gov,Aurora,CO,20521,Bank Fees,
LIBERTARIAN PARTY OF COLORADO (LPCO),Political Party Committee,-200.0,2025-11-21 00:00:00,Jonathan M Jacobs,Philadelphia,PA,19151,Returned Expenditure,Refund For Convention Hours
ROBERTS LEADERSHIP FUND,Political Committee,970.5,2025-11-21 00:00:00,Hotel Washington,Washington,DC,20004,Travel & Lodging,
TEAMSTERS LOCAL UNION NO. 455 SMALL DONOR FUND,Small Donor Committee,906.49,2025-11-21 00:00:00,Charrier,Aurora,CO,80018,Contributions,"Lost Time Wages For Canvassing. 
Kevin Tone - 395.56
Eve Banuelos - $510.93
Total - $906.49"
COLORADANS FOR COMMON SENSE - SMALL DONOR CMTE,Small Donor Committee,400.0,2025-11-22 00:00:00,Nate For Colorado,Redacted By Sos,CO,99999,Contributions,
LIBERTARIAN PARTY OF COLORADO (LPCO),Political Party Committee,1.03,2025-11-22 00:00:00,Stripe.Com,South San Francisco,CA,94080,Bank Fees,
ACCESS TO PEDIATRIC BEHAVIORAL THERAPY FOR COLORADO CHILDREN,Political Committee,0.99,2025-11-23 00:00:00,Actblue Technical Serivces,Boston,MA,02196,Fundraising Expenses,
BALL FOR ALL LEADERSHIP FUND,Political Committee,3.95,2025-11-23 00:00:00,Actblue Technical Services,Somerville,MA,02144,Fundraising Expenses,Donor Processing Fees
LIBERTARIAN PARTY OF COLORADO (LPCO),Political Party Committee,0.45,2025-11-23 00:00:00,Stripe.Com,South San Francisco,CA,94080,Bank Fees,
LIBERTARIAN PARTY OF COLORADO (LPCO),Political Party Committee,0.88,2025-11-23 00:00:00,Stripe.Com,South San Francisco,CA,94080,Bank Fees,
MONICA PAC,Political Committee,0.2,2025-11-23 00:00:00,Actblue,West Somerville,MA,02144,Fundraising Expenses,
MONICA PAC,Political Committee,40.0,2025-11-23 00:00:00,Jefferson County Democratic Party,Lakewood,CO,80226,Contributions,
PAC (POLITICAL ACTION COMMITTEE) TO THE FUTURE,Political Committee,0.3,2025-11-23 00:00:00,Actblue,Somerville,MA,02144,Fundraising Expenses,
CARSON LEADERSHIP PAC,Political Committee,450.0,2025-11-24 00:00:00,Woog For House District 19,Frederick,CO,80530,Contributions,
CARSON LEADERSHIP PAC,Political Committee,450.0,2025-11-24 00:00:00,Woodward For Colorado,Redacted By Sos,CO,99999,Contributions,
COLIN PAC,Political Committee,400.0,2025-11-24 00:00:00,Nate For Colorado,Redacted By Sos,CO,99999,Contributions,
COLORADO CENTER PARTY CENTRAL COMMITTEE,Political Party Committee,2.08,2025-11-24 00:00:00,Google Ads,Mountain View,CA,94043,Miscellaneous,
GREEN PARTY OF COLORADO,Political Party Committee,22.77,2025-11-24 00:00:00,Godaddy Inc,Tempe,AZ,85281,Office Equipment & Supplies,
JPMORGAN CHASE & CO. PAC,Political Committee,225.0,2025-11-24 00:00:00,Cathy Kipp For Colorado,Fort Collins,CO,80525,Contributions,2028 General
JPMORGAN CHASE & CO. PAC,Political Committee,225.0,2025-11-24 00:00:00,Cathy Kipp For Colorado,Fort Collins,CO,80525,Contributions,2028 Primary
JPMORGAN CHASE & CO. PAC,Political Committee,225.0,2025-11-24 00:00:00,Coleman For Colorado,Denver,CO,80249,Contributions,2028 General
JPMORGAN CHASE & CO. PAC,Political Committee,225.0,2025-11-24 00:00:00,Coleman For Colorado,Denver,CO,80249,Contributions,2028 Primary
JPMORGAN CHASE & CO. PAC,Political Committee,5000.0,2025-11-24 00:00:00,Senate Majority Fund,Denver,CO,80205,Contributions,2025 Contribution
JPMORGAN CHASE & CO. PAC,Political Committee,725.0,2025-11-24 00:00:00,The Coleman Leadership Fund,Denver,CO,80249,Contributions,2025 Contribution
LIBERTARIAN PARTY OF COLORADO (LPCO),Political Party Committee,67.0,2025-11-24 00:00:00,Smart Space Storage,Lakewood,CO,80215,Rent & Utilities,
LINDSEY FOR COLORADO LEADERSHIP FUND,Political Committee,450.0,2025-11-24 00:00:00,Carrera For Colorado,Redacted By Sos,CO,99999,Contributions,
STRENGTHENING OPPORTUNITIES FOR COLORADANS (SOCO) PAC,Political Committee,100.0,2025-11-24 00:00:00,Politics Beer Barrel,Pueblo,CO,81004,"Food, Beverages and Meals",
THE COLEMAN LEADERSHIP FUND,Political Committee,1.0,2025-11-24 00:00:00,Public Works Parking,Denver,CO,80202,Other,Parking
THE COLEMAN LEADERSHIP FUND,Political Committee,23.91,2025-11-24 00:00:00,Uber,San Fransisco,CO,94158,Travel & Lodging,
THE COLEMAN LEADERSHIP FUND,Political Committee,21.91,2025-11-24 00:00:00,Uber,San Fransisco,CO,94158,Travel & Lodging,
THE COLEMAN LEADERSHIP FUND,Political Committee,2125.0,2025-11-24 00:00:00,Cornerstone Legacy Ventures Llc,Denver,CO,80203,Other,Compensation
VALDEZ FOR COLORADO RAINBOW FUND,Political Committee,77.81,2025-11-24 00:00:00,Mailchimp,Atlanta,GA,30308,Office Equipment & Supplies,
VALDEZ FOR COLORADO RAINBOW FUND,Political Committee,21.03,2025-11-24 00:00:00,Zoho,Pleasantville,CA,94588,Office Equipment & Supplies,
AVA PAC,Political Committee,21.25,2025-11-25 00:00:00,Deluxe Checks,Shoreview,MN,55126,Office Equipment & Supplies,
CHRIS KOLKER LEADERSHIP FUND,Political Committee,28.64,2025-11-25 00:00:00,Actblue,Somervile,MA,02144,Miscellaneous,Fundraising Fees
COLORADANS FOR WESTERN VALUES LEADERSHIP PAC,Political Committee,76.67,2025-11-25 00:00:00,Colorado Springs Country Club,Colorado Springs,CO,80907,"Food, Beverages and Meals",
FRIENDS OF COLORADO HOSPITALS (F/K/A HOSPITALS EXPRESS LEGISLATIVE PREFERENCE),Political Committee,150.95,2025-11-25 00:00:00,,,,,Office Equipment & Supplies,"Bank Supplies, Checks"
LIBERTARIAN PARTY OF COLORADO (LPCO),Political Party Committee,0.6,2025-11-25 00:00:00,Stripe.Com,South San Francisco,CA,94080,Bank Fees,
LUNDEEN LEADERSHIP FUND,Political Committee,16.8,2025-11-25 00:00:00,Google,Moutain Views,CA,94043,Other,6410 ∑ Registration & Hosting
MONICA PAC,Political Committee,450.0,2025-11-25 00:00:00,Jamie For Colorado,Aurora,CO,80014,Contributions,
ROBERTS LEADERSHIP FUND,Political Committee,450.0,2025-11-25 00:00:00,Committee To Elect Marc Snyder,Manitou Springs,CO,80829,Contributions,
ROBERTS LEADERSHIP FUND,Political Committee,450.0,2025-11-25 00:00:00,Friends Of Kubs Lalchandani,Boulder,CO,80302,Contributions,
SNYDER FOR COLORADO LEADERSHIP FUND,Political Committee,450.0,2025-11-25 00:00:00,Dylan Roberts For Colorado,Redacted By Sos,CO,99999,Contributions,
TAMMY STORY LEADERSHIP FUND,Political Committee,50.0,2025-11-25 00:00:00,Colorado Secretary Of State,Denver,CO,80290,Miscellaneous,
THE COLEMAN LEADERSHIP FUND,Political Committee,91.5,2025-11-25 00:00:00,Savinas Mexican Kitchen,Denver,CO,80202,"Food, Beverages and Meals",
THE COLEMAN LEADERSHIP FUND,Political Committee,450.0,2025-11-25 00:00:00,Richard S Atkinson,Fort Collins,CO,80525,Contributions,
THE COLEMAN LEADERSHIP FUND,Political Committee,2125.0,2025-11-25 00:00:00,Cornerstone Legacy Ventures Llc,Denver,CO,80203,Other,Compensation
THE COLEMAN LEADERSHIP FUND,Political Committee,500.0,2025-11-25 00:00:00,Justin Simmons Foundation,Denver,CO,80220,Contributions,
THE COLEMAN LEADERSHIP FUND,Political Committee,19.76,2025-11-25 00:00:00,Actblue,Somerville,MA,02144,Bank Fees,
DLCC COLORADO (DEMOCRATIC LEGISLATIVE CAMPAIGN COMMITTEE COLORADO),Small Donor Committee,14.0,2025-11-26 00:00:00,Amalgamated Bank,New York,NY,10001,Bank Fees,Bank Fee
JANE FONDA CLIMATE PAC,Small Donor Committee,36.25,2025-11-26 00:00:00,Amalgamated Bank,Washington,DC,20006,Bank Fees,Bank Fee
LIBERTARIAN PARTY OF COLORADO (LPCO),Political Party Committee,1.03,2025-11-26 00:00:00,Stripe.Com,South San Francisco,CA,94080,Bank Fees,
LIBERTARIAN PARTY OF COLORADO (LPCO),Political Party Committee,1.03,2025-11-26 00:00:00,Stripe.Com,South San Francisco,CA,94080,Bank Fees,
LIBERTARIAN PARTY OF COLORADO (LPCO),Political Party Committee,0.59,2025-11-26 00:00:00,Stripe.Com,South San Francisco,CA,94080,Bank Fees,
NABIP COLORADO POLITICAL ACTION COMMITTEE,Political Committee,1.07,2025-11-26 00:00:00,Paypal,San Jose,CA,95131,Bank Fees,
SNYDER FOR COLORADO LEADERSHIP FUND,Political Committee,980.0,2025-11-26 00:00:00,Colorado Opportunity Caucus,Arvada,CO,80002,Other,Membership Dues
THE COLEMAN LEADERSHIP FUND,Political Committee,23.84,2025-11-26 00:00:00,Corner Bakery,Denver,CO,80202,"Food, Beverages and Meals",
VALDEZ FOR COLORADO RAINBOW FUND,Political Committee,2.0,2025-11-26 00:00:00,First Bank,Lakewood,CO,80215,Bank Fees,
ADVANCED ENERGY ACTION,Political Committee,26.0,2025-11-27 00:00:00,Amalgamated Bank,Washington,DC,20006,Bank Fees,Bank Fees
LIBERTARIAN PARTY OF COLORADO (LPCO),Political Party Committee,1.05,2025-11-27 00:00:00,Stripe.Com,South San Francisco,CA,94080,Bank Fees,
LIBERTARIAN PARTY OF COLORADO (LPCO),Political Party Committee,1.03,2025-11-27 00:00:00,Stripe.Com,South San Francisco,CA,94080,Bank Fees,
NABIP COLORADO POLITICAL ACTION COMMITTEE,Political Committee,0.35,2025-11-27 00:00:00,Quickbooks Payments,Woodland Hills,CA,91367,Bank Fees,
6512 LEADERSHIP FUND,Political Committee,225.0,2025-11-28 00:00:00,Chauncy Johnson For Hd-17,Colorado Springs,CO,80910,Contributions,
6512 LEADERSHIP FUND,Political Committee,500.0,2025-11-28 00:00:00,Maggie  Mixer,Denver,CO,80218,Consultant & Professional Services,
AGRICULTURE PAC,Political Committee,2.0,2025-11-28 00:00:00,Firstbank North,Arvada,CO,80006,Other,7810 ∑ Service Charges
"AGRICULTURE STRONG, COLORADO UNITED",Small Donor Committee,10.0,2025-11-28 00:00:00,First Bank North,Brighton,CO,80601,Bank Fees,
BIRD FOR COLORADO LEADERSHIP FUND,Political Committee,450.0,2025-11-28 00:00:00,Rein For Colorado,Littleton,CO,80162,Contributions,
COLORADO BUSINESS INTEREST GROUP,Political Committee,10.0,2025-11-28 00:00:00,Firstbank,Lakewood,CO,80215-0097,Bank Fees,Bank Fees
COLORADO COMMITTEE OF AUTO RETAILERS (COLO C.A.R.),Political Committee,3.0,2025-11-28 00:00:00,,,,,Bank Fees,Bank Fees
COLORADO CREDIT UNION POLITICAL ACTION COMMITTEE,Political Committee,-54.95,2025-11-28 00:00:00,Forte Payment Systems,Allen,TX,75013,Returned Expenditure,Vendor Refund
COLORADO DENTAL HYGIENISTS PAC,Political Committee,15.0,2025-11-28 00:00:00,Jpmorgan Chase Bank,Columbus,OH,43218-2051,Bank Fees,
COLORADO SKI COUNTRY USA PAC,Political Committee,5.0,2025-11-28 00:00:00,,,,,Bank Fees,Bank Service Charge
COLORADO STATE REPRESENTATIVE DISTRICT 30 REPUBLICAN CENTRAL COMMITTEE,Political Party Committee,6.21,2025-11-28 00:00:00,Anedot,New Orleans,LA,70112,Other,Fee For On-Line Electronic Payment System
COLORADO STRONG SMALL DONOR COMMITTEE,Small Donor Committee,8.0,2025-11-28 00:00:00,First Bank,Brighton,CO,80601,Bank Fees,
CUTTER FOR COLORADO LEADERSHIP FUND,Political Committee,2.0,2025-11-28 00:00:00,,,,,Bank Fees,
FENBERG LEADERSHIP FUND,Political Committee,9.0,2025-11-28 00:00:00,First Bank,Lakewood,CO,80225,Bank Fees,Bank Fee
FRIENDS OF JUNIE JOSEPH LEADERSHIP FUND,Political Committee,450.0,2025-11-28 00:00:00,Coleman For Colorado,Denver,CO,80249,Contributions,
FRIENDS OF JUNIE JOSEPH LEADERSHIP FUND,Political Committee,225.0,2025-11-28 00:00:00,Elect Thomas Tony Exum,Redacted By Sos,CO,99999,Contributions,
JAVIER'S ECONOMIC JUSTICE FUND,Political Committee,2.0,2025-11-28 00:00:00,First Bank,Lakewood,CO,80235,Bank Fees,
JESSIE DANIELSON PAC,Political Committee,15.0,2025-11-28 00:00:00,,,,,Bank Fees,
LIBERTARIAN PARTY OF COLORADO (LPCO),Political Party Committee,1.03,2025-11-28 00:00:00,Stripe.Com,South San Francisco,CA,94080,Bank Fees,
LORENA FOR COLORADO LEADERSHIP FUND COMMITTEE,Political Committee,2.0,2025-11-28 00:00:00,First Bank,Denver,CO,80221,Bank Fees,
MAX PAC,Political Committee,2.0,2025-11-28 00:00:00,South State Bank,Castle Rock,CO,80104,Bank Fees,Paper Statement Fee
MONICA PAC,Political Committee,2.0,2025-11-28 00:00:00,,,,,Bank Fees,
NAIOP COLORADO PAC,Political Committee,15.0,2025-11-28 00:00:00,1Stbank Of Denver,Denver,CO,80202,Bank Fees,
NAIOP COLORADO SMALL DONOR COMMITTEE,Small Donor Committee,15.0,2025-11-28 00:00:00,1Stbank Of Denver,Denver,CO,80202,Bank Fees,
ORALE FUND,Political Committee,2.0,2025-11-28 00:00:00,Firstbank,Denver,CO,80203,Bank Fees,
PAC (POLITICAL ACTION COMMITTEE) TO THE FUTURE,Political Committee,2.0,2025-11-28 00:00:00,Firstbank,Lakewood,CO,80215,Bank Fees,
PROGRESSIVE VALUES SDC,Small Donor Committee,10.0,2025-11-28 00:00:00,First Bank,Denver,CO,80222,Bank Fees,Inactivity Fee
SHEILA FOR COLORADO LEADERSHIP FUND,Political Committee,2.0,2025-11-28 00:00:00,First Bank,Lakewood,CO,80232,Bank Fees,Bank Service Fees
SIROTA LEADERSHIP PAC,Political Committee,2.0,2025-11-28 00:00:00,First Bank,Denver,CO,80224,Bank Fees,Bank Fee
SNYDER FOR COLORADO LEADERSHIP FUND,Political Committee,450.0,2025-11-28 00:00:00,Kyle Mullica For Sd 24,Thornton,CO,80602,Contributions,
SNYDER FOR COLORADO LEADERSHIP FUND,Political Committee,2.0,2025-11-28 00:00:00,First Bank,Lakewood,CO,80215,Bank Fees,
THE BRIGHT PAC,Political Committee,2.0,2025-11-28 00:00:00,Firstbank North,Arvada,CO,80006,Other,7800 ∑ Banking Fees
THE COLEMAN LEADERSHIP FUND,Political Committee,4.0,2025-11-28 00:00:00,1St Bank,Denver,CO,80249,Bank Fees,
YARA LEADERSHIP FUND,Political Committee,2.0,2025-11-28 00:00:00,Firstbank - Bank Fee,Lakewood,CO,80215,Bank Fees,
LIBERTARIAN PARTY OF COLORADO (LPCO),Political Party Committee,1.05,2025-11-29 00:00:00,Stripe.Com,South San Francisco,CA,94080,Bank Fees,
LIBERTARIAN PARTY OF COLORADO (LPCO),Political Party Committee,1.03,2025-11-29 00:00:00,Stripe.Com,South San Francisco,CA,94080,Bank Fees,
WE WIN LEADERSHIP PAC,Political Committee,450.0,2025-11-29 00:00:00,Gabriel For Colorado,Eastlake,CO,80614,Contributions,
WE WIN LEADERSHIP PAC,Political Committee,450.0,2025-11-29 00:00:00,Chauncy Johnson For Hd-17,Colorado Springs,CO,80910,Contributions,
WE WIN LEADERSHIP PAC,Political Committee,450.0,2025-11-29 00:00:00,Gena Ozols For Hd3,Redacted By Sos,CO,99999,Contributions,
WE WIN LEADERSHIP PAC,Political Committee,450.0,2025-11-29 00:00:00,Justine Sandoval For House District 5,Denver,CO,80205,Contributions,
WE WIN LEADERSHIP PAC,Political Committee,450.0,2025-11-29 00:00:00,Committee To Elect Stephanie Vigil,Redacted By Sos,CO,99999,Contributions,
CATHY KIPP FOR COLORADO LEADERSHIP FUND,Political Committee,15.8,2025-11-30 00:00:00,Act Blue Technical Services,Somerville,MA,02144-3132,Other,Service Fees
CATLIN PAC,Political Committee,12.0,2025-11-30 00:00:00,First Bank,Denver,CO,80203,Bank Fees,
CERTIFIED PUBLIC ACCOUNTANTS PAC,Political Committee,5.0,2025-11-30 00:00:00,,,,,Bank Fees,Bank Fee
COLORADO WORKING FAMILIES PARTY SMALL DONOR COMMITTEE,Small Donor Committee,0.17,2025-11-30 00:00:00,Actblue Technical Services,Somerville,MA,02144,Fundraising Expenses,Fee
CONSERVATION COLORADO ACTION FUND (CCVAF),Political Committee,0.8,2025-11-30 00:00:00,,,,,Bank Fees,Act Blue Fees
EMILY'S LIST COLORADO SMALL DONOR COMMITTEE,Small Donor Committee,90.89,2025-11-30 00:00:00,Amalgamated Bank,Washington,DC,20006,Bank Fees,Bank Fee
GREATER DOUGLAS COUNTY,Political Committee,50.0,2025-11-30 00:00:00,Colorado Secretary Of State,Denver,CO,80290,Other,Tracer Late Filing Fee
GREATER DOUGLAS COUNTY,Political Committee,5.0,2025-11-30 00:00:00,Banc Of California,Carlsbad,CA,92013,Bank Fees,Bank Fee
LESLIE HEROD'S BOLDLY FORWARD PAC,Political Committee,0.2,2025-11-30 00:00:00,Act Blue,Somerville,MA,02144,Fundraising Expenses,
LIBERTARIAN PARTY OF COLORADO (LPCO),Political Party Committee,1.05,2025-11-30 00:00:00,Stripe.Com,South San Francisco,CA,94080,Bank Fees,
LIBERTARIAN PARTY OF COLORADO (LPCO),Political Party Committee,1.05,2025-11-30 00:00:00,Stripe.Com,South San Francisco,CA,94080,Bank Fees,
LIBERTARIAN PARTY OF COLORADO (LPCO),Political Party Committee,1.3,2025-11-30 00:00:00,Stripe.Com,New Orleans,LA,70112,Bank Fees,
LIBERTARIAN PARTY OF COLORADO (LPCO),Political Party Committee,1.3,2025-11-30 00:00:00,Stripe.Com,New Orleans,LA,70112,Bank Fees,
NURSES FOR POLITCAL ACTION IN COLORADO (N-PAC),Political Committee,10.0,2025-11-30 00:00:00,Umb Bank,Denver,CO,80218,Bank Fees,
PAC (POLITICAL ACTION COMMITTEE) TO THE FUTURE,Political Committee,2.0,2025-11-30 00:00:00,Firstbank,Lakewood,CO,80215,Bank Fees,
REALTOR CANDIDATE POLITICAL ACTION COMMITTEE (RCPAC) - FKA: COLORADO ASSOCIATION OF REALTORS PAC (CO,Political Committee,25.0,2025-11-30 00:00:00,Firstbank,Lakewood,CO,80215,Bank Fees,Bank Fee
REALTOR SMALL DONOR COMMITTEE (RSDC),Small Donor Committee,25.0,2025-11-30 00:00:00,Firstbank,Lakewood,CO,80215,Bank Fees,Bank Fee
RESILIENT COLORADO SDC,Small Donor Committee,2.0,2025-11-30 00:00:00,Firstbank,Lakewood,CO,80215,Bank Fees,
THE CIGNA GROUP EMPLOYEE POLITICAL ACTION COMMITTEE,Political Committee,-450.0,2025-11-30 00:00:00,Committee To Elect Keltie,Redacted By Sos,CO,99999,Returned Expenditure,Voided 8/26/25 Disbursement
VOICES FOR CHOICE SMALL DONOR COMMITTEE,Small Donor Committee,2.0,2025-11-30 00:00:00,,,,,Bank Fees,Bank Fees
WILEY WILL PAC,Political Committee,12.0,2025-11-30 00:00:00,First Bank,Denver,CO,80203,Bank Fees,
BUILDING OWNERS AND MANAGERS ASSOCIATION POLITICAL COMMITTEE (BOMA),Political Committee,20.0,2025-12-01 00:00:00,Denver Metro Boma,Denver,CO,80202,Bank Fees,
COLIN PAC,Political Committee,200.0,2025-12-01 00:00:00,Hartsook For House,Redacted By Sos,CO,99999,Contributions,
COLORADO AMERICAN FEDERATION OF LABOR & CONGRESS OF INDUSTRIAL ORGANIZATIONS NONPARTISAN SMALL DONOR,Small Donor Committee,725.0,2025-12-01 00:00:00,Bacon For Colorado Leadership Fund,Denver,CO,80239,Contributions,2025 Pac Contribution
COLORADO AMERICAN FEDERATION OF LABOR & CONGRESS OF INDUSTRIAL ORGANIZATIONS NONPARTISAN SMALL DONOR,Small Donor Committee,-725.0,2025-12-01 00:00:00,Willford Leadership Fund,Northglenn,CO,80234,Returned Expenditure,Check Was Not Deposited By Candidate And Was Void Due To Time Since Issue Of Check.
COLORADO AMERICAN FEDERATION OF LABOR & CONGRESS OF INDUSTRIAL ORGANIZATIONS NONPARTISAN SMALL DONOR,Small Donor Committee,-725.0,2025-12-01 00:00:00,Ricks Pac,Aurora,CO,80015,Returned Expenditure,Check Was Not Deposited By Candidate And Was Void Due To Time Since Issue Of Check.
COLORADO AMERICAN FEDERATION OF LABOR & CONGRESS OF INDUSTRIAL ORGANIZATIONS NONPARTISAN SMALL DONOR,Small Donor Committee,-725.0,2025-12-01 00:00:00,Iman For Colorado Leadership Fund,Aurora,CO,80012,Returned Expenditure,Check Was Not Deposited By Candidate And Was Void Due To Time Since Issue Of Check.
COLORADO AMERICAN FEDERATION OF LABOR & CONGRESS OF INDUSTRIAL ORGANIZATIONS NONPARTISAN SMALL DONOR,Small Donor Committee,-725.0,2025-12-01 00:00:00,Gotta Have Faith,Westminster,CO,80031,Returned Expenditure,Check Was Not Deposited By Candidate And Was Void Due To Time Since Issue Of Check.
COLORADO CENTER PARTY CENTRAL COMMITTEE,Political Party Committee,12.0,2025-12-01 00:00:00,Digital Ocean,New York,NY,10013,Miscellaneous,
COLORADO STATE REPRESENTATIVE DISTRICT 30 REPUBLICAN CENTRAL COMMITTEE,Political Party Committee,25.75,2025-12-01 00:00:00,Squarespace Inc,New York,NY,10014,Other,Squarespace Monthly Fee
DAFNA FOR COLORADO LEADERSHIP FUND,Political Committee,1000.0,2025-12-01 00:00:00,Shannon Bird For Congress,Westminster,CO,80035,Contributions,
DAFNA FOR COLORADO LEADERSHIP FUND,Political Committee,500.0,2025-12-01 00:00:00,Esther Panitch For Georgia,Decatur,GA,30030,Contributions,
GREEN PARTY OF COLORADO,Political Party Committee,0.84,2025-12-01 00:00:00,Paypal,San Jose,CA,95131,Bank Fees,
LARIMER REPUBLICAN WOMEN SMALL DONOR COMMITTEE (LRWSDC),Small Donor Committee,150.0,2025-12-01 00:00:00,Polifi Llc,Fort Lupton,CO,80621,Consultant & Professional Services,
LIBERTARIAN PARTY OF COLORADO (LPCO),Political Party Committee,0.39,2025-12-01 00:00:00,Stripe.Com,South San Francisco,CA,94080,Bank Fees,
MAJORITIES MATTER!PAC,Political Committee,450.0,2025-12-01 00:00:00,Carson For State Senate,Highlands Ranch,CO,80130-9998,Contributions,
MEGHAN LUKENS FOR CO LEADERSHIP PAC,Political Committee,1000.0,2025-12-01 00:00:00,Colorado Opportunity Caucus,Denver,CO,80203,Contributions,Colo House Democrats Campaign Support Group.
ROCKY MOUNTAIN HOME ASSOCIATION PAC (CMHA PAC FUND),Political Committee,12.0,2025-12-01 00:00:00,Pnc Bank,Pittsburg,PA,15222,Bank Fees,
SONYA FOR DEMS (DEMOCRATS),Political Committee,16.0,2025-12-01 00:00:00,World Wildlife Fund,Washington,DC,20037,Gifts,Donation
THE COLEMAN LEADERSHIP FUND,Political Committee,1.03,2025-12-01 00:00:00,Patreon,Pali Alto,CA,94306,Other,Monthly Subscription
THE COLEMAN LEADERSHIP FUND,Political Committee,3000.0,2025-12-01 00:00:00,Rebecca D Hatcher,Midlothian,CO,23112,Other,Compensation
AMERICAN FAMILY INSURANCE COLORADO POLITICAL ACTION COMMITTEE,Political Committee,5000.0,2025-12-02 00:00:00,Senate Majority Fund,Littleton,CO,80120,Other,Contribution To State Committee
AMERICAN FAMILY INSURANCE COLORADO POLITICAL ACTION COMMITTEE,Political Committee,5000.0,2025-12-02 00:00:00,New Day Colorado Fund,Fort Lupton,CO,80621,Contributions,
AMERICAN FAMILY INSURANCE COLORADO POLITICAL ACTION COMMITTEE,Political Committee,10000.0,2025-12-02 00:00:00,We Are Colorado Business Coalition,Wheat Ridge,CO,80033,Contributions,
ANDREW FOR COLORADO LEADERSHIP FUND,Political Committee,450.0,2025-12-02 00:00:00,Committee To Elect Katie Stewart,Redacted By Sos,CO,99999,Contributions,
ANDREW FOR COLORADO LEADERSHIP FUND,Political Committee,450.0,2025-12-02 00:00:00,Bob 4 Colorado,Highlands Ranch,CO,80126,Contributions,
ANDREW FOR COLORADO LEADERSHIP FUND,Political Committee,450.0,2025-12-02 00:00:00,Committee To Elect Stephanie Vigil,Redacted By Sos,CO,99999,Contributions,
ANDREW FOR COLORADO LEADERSHIP FUND,Political Committee,450.0,2025-12-02 00:00:00,Tisha Mauro,Pueblo,CO,81006,Contributions,
COLORADO BIOSCIENCE PAC,Political Committee,20.0,2025-12-02 00:00:00,Wells Fargo Bank,Denver,CO,80203,Bank Fees,
COLORADO BUSINESS INTEREST GROUP,Political Committee,450.0,2025-12-02 00:00:00,Janice M Marchman,Loveland,CO,80538,Contributions,Contribution
FENBERG LEADERSHIP FUND,Political Committee,59.64,2025-12-02 00:00:00,Google,Santa Clara,CA,94043,Office Equipment & Supplies,Google Drive And Email
FENBERG LEADERSHIP FUND,Political Committee,203.88,2025-12-02 00:00:00,Godaddy,Tempe,AZ,85284,Other,Domain And Hosting Renewal
HOST-PAC (COLORADO RESTAURANT ASSOCIATION),Political Committee,10.0,2025-12-02 00:00:00,Authorize.Net,American Forks,UT,84003,Bank Fees,
PUTTING COLORADO FIRST,Political Committee,550.0,2025-12-02 00:00:00,Katie  Pevler,Brighton,CO,80603,Other,7290 ∑ Other Office Expense
TECHNOLOGY NETWORK COLORADO PAC,Political Committee,500.0,2025-12-02 00:00:00,Bridges For Colorado Treasurer,Redacted By Sos,CO,99999,Contributions,
THE MURSE PAC,Political Committee,3875.0,2025-12-02 00:00:00,Colorado Democratic Party,Denver,CO,80203,Contributions,
VAIL RESORTS EMPLOYEE POLITICAL ACTION COMMITTEE,Political Committee,725.0,2025-12-02 00:00:00,Rural Liberty Political Action Committee,Denver,CO,80205,Contributions,
VAIL RESORTS EMPLOYEE POLITICAL ACTION COMMITTEE,Political Committee,725.0,2025-12-02 00:00:00,Judy Amabile Leadership Fund,Boulder,CO,80302,Contributions,
VAIL RESORTS EMPLOYEE POLITICAL ACTION COMMITTEE,Political Committee,725.0,2025-12-02 00:00:00,Roberts Leadership Fund,Frisco,CO,80443,Contributions,
VAIL RESORTS EMPLOYEE POLITICAL ACTION COMMITTEE,Political Committee,725.0,2025-12-02 00:00:00,Andrew For Colorado Leadership Fund,Redacted By Sos,CO,99999,Contributions,
VAIL RESORTS EMPLOYEE POLITICAL ACTION COMMITTEE,Political Committee,725.0,2025-12-02 00:00:00,Two Rivers Leadership Pac,Denver,CO,80205,Contributions,
VAIL RESORTS EMPLOYEE POLITICAL ACTION COMMITTEE,Political Committee,725.0,2025-12-02 00:00:00,Meghan Lukens For Co Leadership Pac,Redacted By Sos,CO,99999,Contributions,
VAIL RESORTS EMPLOYEE POLITICAL ACTION COMMITTEE,Political Committee,1000.0,2025-12-02 00:00:00,Colorado Way Forward,Denver,CO,80206,Contributions,
VAIL RESORTS EMPLOYEE POLITICAL ACTION COMMITTEE,Political Committee,1000.0,2025-12-02 00:00:00,All Together Colorado,Denver,CO,80206,Contributions,
VALDEZ FOR COLORADO RAINBOW FUND,Political Committee,17.67,2025-12-02 00:00:00,Google Suite,Mountain View,CA,94043,Office Equipment & Supplies,
ANDREW FOR COLORADO LEADERSHIP FUND,Political Committee,875.0,2025-12-03 00:00:00,Colorado Democratic Party,Denver,CO,80203,Contributions,
BUILDING BRIDGES FOR COLORADO,Political Committee,450.0,2025-12-03 00:00:00,Alexis For Colorado,Redacted By Sos,CO,99999,Contributions,
CAMACHO LEADERSHIP FUND,Political Committee,450.0,2025-12-03 00:00:00,Rebekah Stewart For Colorado,Redacted By Sos,CO,99999,Contributions,
COLORADANS FOR WESTERN VALUES LEADERSHIP PAC,Political Committee,225.04,2025-12-03 00:00:00,Colorado Canyon Signs,Colorado Springs,CO,80905,Office Equipment & Supplies,
"COLORADO CHIROPRACTIC PAC (CCA, CC-PAC)",Political Committee,284.28,2025-12-03 00:00:00,Affinipay,Austin,TX,78746,Bank Fees,
COLORADO COMMITTEE OF AUTO RETAILERS (COLO C.A.R.),Political Committee,5000.0,2025-12-03 00:00:00,Colorado Way Forward,Denver,CO,80206,Contributions,
COLORADO COMMITTEE OF AUTO RETAILERS (COLO C.A.R.),Political Committee,450.0,2025-12-03 00:00:00,Camacho For Colorado,Redacted By Sos,CO,99999,Contributions,
COPIC POLITICAL COMMITTEE,Political Committee,550.0,2025-12-03 00:00:00,Woog Pac,Erie,CO,80516,Contributions,Misc Campaign Contribution
COPIC POLITICAL COMMITTEE,Political Committee,400.0,2025-12-03 00:00:00,Woog For House District 19,Frederick,CO,80530,Contributions,Misc Campaign Contribution
GREEN PARTY OF COLORADO,Political Party Committee,51.2,2025-12-03 00:00:00,Your Office Usa,Denver,CO,80202,Rent & Utilities,
HANSEN LEADERSHIP FUND,Political Committee,450.0,2025-12-03 00:00:00,Katie For Colorado,Redacted By Sos,CO,99999,Contributions,
HARTSOOK LEADERSHIP PAC,Political Committee,300.0,2025-12-03 00:00:00,Committee To Re-Elect Darren Weekly For Sheriff,Parker,CO,80000,Other,8200 ∑ Candidate Support
LIBERTARIAN PARTY OF COLORADO (LPCO),Political Party Committee,64.95,2025-12-03 00:00:00,Clover,Colorado Springs,CO,80919,Bank Fees,
LINDSEY FOR COLORADO LEADERSHIP FUND,Political Committee,250.0,2025-12-03 00:00:00,Rein For Colorado,Littleton,CO,80162,Contributions,
THE COLEMAN LEADERSHIP FUND,Political Committee,19.66,2025-12-03 00:00:00,Coffee Houses By Cup,Commerce City,CO,80022,"Food, Beverages and Meals",
APARTMENT ASSOCIATION OF METRO DENVER POLITICAL COMMITTEE,Political Committee,1500.0,2025-12-04 00:00:00,Bridges For Colorado Treasurer,Redacted By Sos,CO,99999,Contributions,
CARSON LEADERSHIP PAC,Political Committee,450.0,2025-12-04 00:00:00,Nate For Colorado,Redacted By Sos,CO,99999,Contributions,
COLORADO CREDIT UNION POLITICAL ACTION COMMITTEE,Political Committee,450.0,2025-12-04 00:00:00,Carrera For Colorado,Redacted By Sos,CO,99999,Contributions,
COLORADO ENERGY FUTURE POLITICAL ACTION COMMITTEE,Political Committee,450.0,2025-12-04 00:00:00,Camacho For Colorado,Redacted By Sos,CO,99999,Other,Contribution To State Committee
LIBERTARIAN PARTY OF COLORADO (LPCO),Political Party Committee,1.75,2025-12-04 00:00:00,Stripe.Com,South San Francisco,CA,94080,Bank Fees,
LIBERTARIAN PARTY OF COLORADO (LPCO),Political Party Committee,1.05,2025-12-04 00:00:00,Stripe.Com,South San Francisco,CA,94080,Bank Fees,
MANNY RUTINEL LEADERSHIP FUND,Political Committee,25.21,2025-12-04 00:00:00,Ny Times,New York,NY,10018,Other,Research
OTSUKA AMERICA PHARMACEUTICAL INC. PAC,Political Committee,225.0,2025-12-04 00:00:00,Gilchrist For Colorado,Redacted By Sos,CO,99999,Contributions,Primary 2026
OTSUKA AMERICA PHARMACEUTICAL INC. PAC,Political Committee,25.0,2025-12-04 00:00:00,Gilchrist For Colorado,Redacted By Sos,CO,99999,Contributions,General 2026
OTSUKA AMERICA PHARMACEUTICAL INC. PAC,Political Committee,25.0,2025-12-04 00:00:00,Kyle Mullica For Sd 24,Thornton,CO,80602,Contributions,General 2026
OTSUKA AMERICA PHARMACEUTICAL INC. PAC,Political Committee,225.0,2025-12-04 00:00:00,Kyle Mullica For Sd 24,Thornton,CO,80602,Contributions,Primary 2026
OTSUKA AMERICA PHARMACEUTICAL INC. PAC,Political Committee,25.0,2025-12-04 00:00:00,Lisa For Colorado,Redacted By Sos,CO,99999,Contributions,General 2026
OTSUKA AMERICA PHARMACEUTICAL INC. PAC,Political Committee,225.0,2025-12-04 00:00:00,Lisa For Colorado,Redacted By Sos,CO,99999,Contributions,Primary 2026
OTSUKA AMERICA PHARMACEUTICAL INC. PAC,Political Committee,25.0,2025-12-04 00:00:00,Pelton For State Senate,Sterling,CO,80751,Contributions,General 2026
OTSUKA AMERICA PHARMACEUTICAL INC. PAC,Political Committee,225.0,2025-12-04 00:00:00,Pelton For State Senate,Sterling,CO,80751,Contributions,Primary 2026
PAC (POLITICAL ACTION COMMITTEE) TO THE FUTURE,Political Committee,150.0,2025-12-04 00:00:00,Alexis For Colorado,Redacted By Sos,CO,99999,Contributions,
COLORADO MEDICAL PAC (COMPAC),Political Committee,450.0,2025-12-05 00:00:00,Andrew For Colorado,Redacted By Sos,CO,99999,Contributions,
COLORADO MEDICAL PAC (COMPAC),Political Committee,450.0,2025-12-05 00:00:00,Bacon For Colorado,Denver,CO,80239,Contributions,
COLORADO MEDICAL PAC (COMPAC),Political Committee,450.0,2025-12-05 00:00:00,Camacho For Colorado,Denver,CO,80230,Contributions,
COLORADO MEDICAL PAC (COMPAC),Political Committee,450.0,2025-12-05 00:00:00,Carlos For Hd 48,Fort Lupton,CO,80621,Contributions,
COLORADO MEDICAL PAC (COMPAC),Political Committee,450.0,2025-12-05 00:00:00,Carson For State Senate,Highlands Ranch,CO,80130-9998,Contributions,
COLORADO MEDICAL PAC (COMPAC),Political Committee,450.0,2025-12-05 00:00:00,Dusty For Colorado,Redacted By Sos,CO,99999,Contributions,
COLORADO MEDICAL PAC (COMPAC),Political Committee,450.0,2025-12-05 00:00:00,Dylan Roberts For Colorado,Avon,CO,81620,Contributions,
COLORADO MEDICAL PAC (COMPAC),Political Committee,450.0,2025-12-05 00:00:00,Elect Jarvis Caldwell,Colorado Springs,CO,80908,Contributions,
COLORADO MEDICAL PAC (COMPAC),Political Committee,450.0,2025-12-05 00:00:00,Eliza For Colorado,Centennial,CO,80016,Contributions,
COLORADO MEDICAL PAC (COMPAC),Political Committee,450.0,2025-12-05 00:00:00,Emily Sirota For Colorado,Redacted By Sos,CO,99999,Contributions,
COLORADO MEDICAL PAC (COMPAC),Political Committee,450.0,2025-12-05 00:00:00,Friends Of Jacque Phillips,Redacted By Sos,CO,99999,Contributions,
COLORADO MEDICAL PAC (COMPAC),Political Committee,450.0,2025-12-05 00:00:00,Gilchrist For Colorado,Redacted By Sos,CO,99999,Contributions,
COLORADO MEDICAL PAC (COMPAC),Political Committee,450.0,2025-12-05 00:00:00,Gretchen For Colorado,Redacted By Sos,CO,99999,Contributions,
COLORADO MEDICAL PAC (COMPAC),Political Committee,450.0,2025-12-05 00:00:00,Hartsook For House,Redacted By Sos,CO,99999,Contributions,
COLORADO MEDICAL PAC (COMPAC),Political Committee,450.0,2025-12-05 00:00:00,Katie For Colorado,Redacted By Sos,CO,99999,Contributions,
COLORADO MEDICAL PAC (COMPAC),Political Committee,450.0,2025-12-05 00:00:00,Katie Wallace For Colorado,Redacted By Sos,CO,99999,Contributions,
COLORADO MEDICAL PAC (COMPAC),Political Committee,450.0,2025-12-05 00:00:00,Kyle Mullica For Sd 24,Thornton,CO,80602,Contributions,
COLORADO MEDICAL PAC (COMPAC),Political Committee,450.0,2025-12-05 00:00:00,Lisa For Colorado,Boulder,CO,80305,Contributions,
COLORADO MEDICAL PAC (COMPAC),Political Committee,450.0,2025-12-05 00:00:00,Lori Garcia Sander For Hd 65,Redacted By Sos,CO,99999,Contributions,
COLORADO MEDICAL PAC (COMPAC),Political Committee,450.0,2025-12-05 00:00:00,Matt Ball For Colorado,Denver,CO,80203,Contributions,
COLORADO MEDICAL PAC (COMPAC),Political Committee,450.0,2025-12-05 00:00:00,Meghan Lukens For Colorado,Redacted By Sos,CO,99999,Contributions,
COLORADO MEDICAL PAC (COMPAC),Political Committee,450.0,2025-12-05 00:00:00,Rebekah Stewart For Colorado,Redacted By Sos,CO,99999,Contributions,
COLORADO MEDICAL PAC (COMPAC),Political Committee,450.0,2025-12-05 00:00:00,Taggart For House District 55,Grand Junction,CO,81507,Contributions,
COLORADO MEDICAL PAC (COMPAC),Political Committee,450.0,2025-12-05 00:00:00,Committee To Elect Regina English For Colorado House,Redacted By Sos,CO,99999,Contributions,
COPIC SMALL DONOR COMMITTEE,Small Donor Committee,5000.0,2025-12-05 00:00:00,Phil Weiser For Colorado,Redacted By Sos,CO,99999,Contributions,Misc Campaign Contribution
GAINWELL HOLDING CORP. POLITICAL ACTION COMMITTEE (GAINWELL PAC),Political Committee,1450.0,2025-12-05 00:00:00,Rocky Mountain Way,Denver,CO,80207,Contributions,2025 Contribution
LIBERTARIAN PARTY OF COLORADO (LPCO),Political Party Committee,1.03,2025-12-05 00:00:00,Stripe.Com,South San Francisco,CA,94080,Bank Fees,
LIBERTARIAN PARTY OF COLORADO (LPCO),Political Party Committee,1.3,2025-12-05 00:00:00,Stripe.Com,New Orleans,LA,70112,Bank Fees,
LIBERTARIAN PARTY OF COLORADO (LPCO),Political Party Committee,2.3,2025-12-05 00:00:00,Stripe.Com,New Orleans,LA,70112,Bank Fees,
MONICA PAC,Political Committee,450.0,2025-12-05 00:00:00,To Elect Michael Carter To Colorado State House District 36,Redacted By Sos,CO,99999,Contributions,
PHILIPS NORTH AMERICA LLC POLITICAL ACTION COMMITTEE,Political Committee,725.0,2025-12-05 00:00:00,Colorado Bioscience Pac,Denver,CO,80203,Contributions,Pac Contribution
STRENGTHENING OPPORTUNITIES FOR COLORADANS (SOCO) PAC,Political Committee,32.97,2025-12-05 00:00:00,Pex Peppers,Pueblo,CO,81004,"Food, Beverages and Meals",
THE COLEMAN LEADERSHIP FUND,Political Committee,3.0,2025-12-05 00:00:00,Public Works Parking,Denver,CO,80202,Other,Parking
LIBERTARIAN PARTY OF COLORADO (LPCO),Political Party Committee,1.05,2025-12-06 00:00:00,Stripe.Com,South San Francisco,CA,94080,Bank Fees,
PAC (POLITICAL ACTION COMMITTEE) TO THE FUTURE,Political Committee,200.0,2025-12-06 00:00:00,Karen For Co,Redacted By Sos,CO,99999,Contributions,
REBEKAHPAC (REBEKAH STEWART FOR COLORADO),Political Committee,3.95,2025-12-06 00:00:00,Actblue,Somerville,MA,02144,Fundraising Expenses,Actblue Fees
CATHY KIPP FOR COLORADO LEADERSHIP FUND,Political Committee,11.85,2025-12-07 00:00:00,Act Blue Technical Services,Somerville,MA,02144-3132,Other,Service Fees
COLORADO WORKING FAMILIES PARTY SMALL DONOR COMMITTEE,Small Donor Committee,0.2,2025-12-07 00:00:00,Actblue Technical Services,Somerville,MA,02144,Fundraising Expenses,Fee
LESLIE HEROD'S BOLDLY FORWARD PAC,Political Committee,1.19,2025-12-07 00:00:00,Act Blue,Somerville,MA,02144,Fundraising Expenses,
LIBERTARIAN PARTY OF COLORADO (LPCO),Political Party Committee,1.03,2025-12-07 00:00:00,Stripe.Com,South San Francisco,CA,94080,Bank Fees,
LIBERTARIAN PARTY OF COLORADO (LPCO),Political Party Committee,1.03,2025-12-07 00:00:00,Stripe.Com,South San Francisco,CA,94080,Bank Fees,
VELASCO LEADERSHIP FUND,Political Committee,0.79,2025-12-07 00:00:00,Actblue,Somerville,MA,02144,Consultant & Professional Services,
18TH JD CRIMINAL JUSTICE FUND,Small Donor Committee,224.01,2025-12-08 00:00:00,Amy Padden For District Attorney,Redacted By Sos,CO,80013,Contributions,
CAMACHO LEADERSHIP FUND,Political Committee,450.0,2025-12-08 00:00:00,Karen For Colorado,Broomfield,CO,80020,Contributions,
CAMACHO LEADERSHIP FUND,Political Committee,450.0,2025-12-08 00:00:00,Katie For Colorado,Redacted By Sos,CO,99999,Contributions,
ELI LILLY AND COMPANY POLITICAL ACTION COMMITTEE - COLORADO,Political Committee,225.0,2025-12-08 00:00:00,Kyle For Colorado,Louisville,CO,80027,Contributions,"Kyle Brown, State House 12Th Co"
ELI LILLY AND COMPANY POLITICAL ACTION COMMITTEE - COLORADO,Political Committee,175.0,2025-12-08 00:00:00,Kyle For Colorado,Louisville,CO,80027,Contributions,"Kyle Brown, State House 12Th Co"
ELI LILLY AND COMPANY POLITICAL ACTION COMMITTEE - COLORADO,Political Committee,225.0,2025-12-08 00:00:00,Carver For Colorado,Redacted By Sos,CO,99999,Contributions,"Terri Carver, State Senate 9Th Co"
ELI LILLY AND COMPANY POLITICAL ACTION COMMITTEE - COLORADO,Political Committee,225.0,2025-12-08 00:00:00,Kyle Mullica For Sd 24,Thornton,CO,80602,Contributions,"Kyle Mullica, State Senate 24Th Co"
ELI LILLY AND COMPANY POLITICAL ACTION COMMITTEE - COLORADO,Political Committee,225.0,2025-12-08 00:00:00,Kyle Mullica For Sd 24,Thornton,CO,80602,Contributions,"Kyle Mullica, State Senate 24Th Co"
JUDY AMABILE LEADERSHIP FUND,Political Committee,450.0,2025-12-08 00:00:00,Karen For Co,Redacted By Sos,CO,99999,Contributions,
JUDY AMABILE LEADERSHIP FUND,Political Committee,450.0,2025-12-08 00:00:00,Janice Marchman For Colorado,Loveland,CO,80538,Contributions,
LINDSEY FOR COLORADO LEADERSHIP FUND,Political Committee,12.0,2025-12-08 00:00:00,First Bank,,CO,,Bank Fees,
STRENGTHENING OPPORTUNITIES FOR COLORADANS (SOCO) PAC,Political Committee,50.0,2025-12-08 00:00:00,Alexis  Hoffkling,Redacted By Sos,CO,99999,Contributions,
STRENGTHENING OPPORTUNITIES FOR COLORADANS (SOCO) PAC,Political Committee,50.0,2025-12-08 00:00:00,Jena  Griswold,Redacted By Sos,CO,99999,Contributions,
STRENGTHENING OPPORTUNITIES FOR COLORADANS (SOCO) PAC,Political Committee,50.0,2025-12-08 00:00:00,Chauncy  Johnson,Colorado Springs,CO,80910,Contributions,
THE COLEMAN LEADERSHIP FUND,Political Committee,12.86,2025-12-08 00:00:00,Blue Sparrow Coffee,Denver,CO,80205,"Food, Beverages and Meals",
COLORADO ENERGY FUTURE POLITICAL ACTION COMMITTEE,Political Committee,450.0,2025-12-09 00:00:00,Lori For Colorado,Westminster,CO,80031,Other,Contribution To State Committee
COLORADO ENERGY FUTURE POLITICAL ACTION COMMITTEE,Political Committee,450.0,2025-12-09 00:00:00,Pelton For State Senate,Sterling,CO,80751,Other,Contribution To State Committee
COLORADO ENERGY FUTURE POLITICAL ACTION COMMITTEE,Political Committee,450.0,2025-12-09 00:00:00,Dylan Roberts For Colorado,Redacted By Sos,CO,99999,Other,Contribution To State Committee
COLORADO ENERGY FUTURE POLITICAL ACTION COMMITTEE,Political Committee,450.0,2025-12-09 00:00:00,Katie For Colorado,Redacted By Sos,CO,99999,Other,Contribution To State Committee
COLORADO ENERGY FUTURE POLITICAL ACTION COMMITTEE,Political Committee,450.0,2025-12-09 00:00:00,Janice Marchman For Colorado,Loveland,CO,80538,Other,Contribution To State Committee
COLORADO ENERGY FUTURE POLITICAL ACTION COMMITTEE,Political Committee,725.0,2025-12-09 00:00:00,Monica Pac,Wheat Ridge,CO,80033,Other,Contribution To State Committee
COLORADO ENERGY FUTURE POLITICAL ACTION COMMITTEE,Political Committee,725.0,2025-12-09 00:00:00,Agriculture Pac,Fort Lupton,CO,80621,Other,Contribution To State Committee
COLORADO ENERGY FUTURE POLITICAL ACTION COMMITTEE,Political Committee,725.0,2025-12-09 00:00:00,Putting Colorado First,Brighton,CO,80603,Other,Contribution To State Committee
GRISWOLD LEADERSHIP PAC,Political Committee,2.0,2025-12-09 00:00:00,,,,,Bank Fees,
HARTSOOK LEADERSHIP PAC,Political Committee,450.0,2025-12-09 00:00:00,Gonzalez For 50,Greeley,CO,80634,Other,8200 ∑ Candidate Support
LIBERTARIAN PARTY OF COLORADO (LPCO),Political Party Committee,410.4,2025-12-09 00:00:00,Quickbooks Payments,Mountain View,CA,94043,Office Equipment & Supplies,
LIBERTARIAN PARTY OF COLORADO (LPCO),Political Party Committee,2.3,2025-12-09 00:00:00,Stripe.Com,New Orleans,LA,70112,Bank Fees,
LIBERTARIAN PARTY OF COLORADO (LPCO),Political Party Committee,1.3,2025-12-09 00:00:00,Stripe.Com,New Orleans,LA,70112,Bank Fees,
MANNY RUTINEL LEADERSHIP FUND,Political Committee,15.0,2025-12-09 00:00:00,State Of Colorado,Denver,CO,80203,Office Equipment & Supplies,Capitol Gym Access
ANDREW FOR COLORADO LEADERSHIP FUND,Political Committee,450.0,2025-12-10 00:00:00,Karen For Co,Redacted By Sos,CO,99999,Contributions,
BIPAC (BLACK INDIGENOUS LEADERSHIP PAC),Political Committee,450.0,2025-12-10 00:00:00,Friends Of Junie Joseph,Boulder,CO,80303,Contributions,
BIPAC (BLACK INDIGENOUS LEADERSHIP PAC),Political Committee,450.0,2025-12-10 00:00:00,Carrera For Colorado,Redacted By Sos,CO,99999,Contributions,
BLUE LINE ADVOCATES PAC,Political Committee,300.0,2025-12-10 00:00:00,Sarah B Jack & Asspciates,Colorado Springs,CO,80906,Consultant & Professional Services,
CHRIS KOLKER LEADERSHIP FUND,Political Committee,450.0,2025-12-10 00:00:00,Sullivan For Colorado,Centennial,CO,80015,Contributions,
CHRIS KOLKER LEADERSHIP FUND,Political Committee,450.0,2025-12-10 00:00:00,Janice Marchman For Colorado,Loveland,CO,80538,Contributions,
"COLORADO CHIROPRACTIC ASSN. SMALL DONOR COMMITTEE (CCA, CC-SDC)",Small Donor Committee,725.0,2025-12-10 00:00:00,Agriculture Pac,Fort Lupton,CO,80621,Contributions,
"COLORADO CHIROPRACTIC PAC (CCA, CC-PAC)",Political Committee,450.0,2025-12-10 00:00:00,Pelton For State Senate,Sterling,CO,80751,Contributions,
COLORADO CREDIT UNION POLITICAL ACTION COMMITTEE,Political Committee,54.95,2025-12-10 00:00:00,Forte Payment Systems,Allen,TX,75013,Bank Fees,Vendor Fee
COLORADO CREDIT UNION POLITICAL ACTION COMMITTEE,Political Committee,-54.95,2025-12-10 00:00:00,Forte Payment Systems,Allen,TX,75013,Returned Expenditure,Vendor Refund
COLORADO CREDIT UNION POLITICAL ACTION COMMITTEE,Political Committee,-54.95,2025-12-10 00:00:00,Forte Payment Systems,Allen,TX,75013,Returned Expenditure,54.95
COLORADO REPUBLICAN COMMITTEE,Political Party Committee,3000.0,2025-12-10 00:00:00,Vault Information Services,Colorado Springs,CO,80921,Other,It Services
LETíS GET REAL PEOPLE SMALL DONOR COMMITTEE,Small Donor Committee,400.0,2025-12-10 00:00:00,Gabriel For Colorado,Eastlake,CO,80614,Contributions,
LIBERTARIAN PARTY OF COLORADO (LPCO),Political Party Committee,30.45,2025-12-10 00:00:00,Fdms.Gov,Aurora,CO,20521,Bank Fees,
LIBERTARIAN PARTY OF COLORADO (LPCO),Political Party Committee,1.3,2025-12-10 00:00:00,Stripe.Com,New Orleans,LA,70112,Bank Fees,
MANNY RUTINEL LEADERSHIP FUND,Political Committee,100.0,2025-12-10 00:00:00,Jamie For Colorado,Aurora,CO,80014,Contributions,Contribution
MCCLUSKIE FOR COLORADO LEADERSHIP FUND,Political Committee,450.0,2025-12-10 00:00:00,Karen For Co,Redacted By Sos,CO,99999,Contributions,
MEGHAN LUKENS FOR CO LEADERSHIP PAC,Political Committee,59.81,2025-12-10 00:00:00,Altitude (Gas),Steamboat Springs,CO,80487,Travel & Lodging,
SHEILA FOR COLORADO LEADERSHIP FUND,Political Committee,445.0,2025-12-10 00:00:00,Alexis For Colorado,Redacted By Sos,CO,99999,Contributions,Contribution To Candidate Committee
SULLY'S LEADERSHIP FUND,Political Committee,450.0,2025-12-10 00:00:00,Janice Marchman For Colorado,Loveland,CO,80538,Contributions,
BROTHERHOOD OF LOCOMOTIVE ENGINEERS AND TRAINMEN PAC FUND,Political Committee,5283.56,2025-12-11 00:00:00,Brotherhood Of Locomotive Engineers And Trainmen,Independence,OH,44131,Other,Pac Pins For Members Contributing To Pac Fund
COLORADO AMERICAN FEDERATION OF LABOR & CONGRESS OF INDUSTRIAL ORGANIZATIONS NONPARTISAN SMALL DONOR,Small Donor Committee,725.0,2025-12-11 00:00:00,Andrew For Colorado Leadership Fund,Redacted By Sos,CO,99999,Contributions,2025 Pac Contribution
COLORADO AMERICAN FEDERATION OF LABOR & CONGRESS OF INDUSTRIAL ORGANIZATIONS NONPARTISAN SMALL DONOR,Small Donor Committee,725.0,2025-12-11 00:00:00,Lorena For Colorado Leadership Fund Committee,Redacted By Sos,CO,99999,Contributions,2025 Pac Contribution
COLORADO AMERICAN FEDERATION OF LABOR & CONGRESS OF INDUSTRIAL ORGANIZATIONS NONPARTISAN SMALL DONOR,Small Donor Committee,725.0,2025-12-11 00:00:00,Creating Leaders Pac,Redacted By Sos,CO,99999,Contributions,2025 Pac Contribution
COLORADO AMERICAN FEDERATION OF LABOR & CONGRESS OF INDUSTRIAL ORGANIZATIONS NONPARTISAN SMALL DONOR,Small Donor Committee,725.0,2025-12-11 00:00:00,Hamrick Leadership Fund,Centennial,CO,80016,Contributions,2025 Pac Contribution
COLORADO AMERICAN FEDERATION OF LABOR & CONGRESS OF INDUSTRIAL ORGANIZATIONS NONPARTISAN SMALL DONOR,Small Donor Committee,725.0,2025-12-11 00:00:00,Javier'S Economic Justice Fund,Denver,CO,90219,Contributions,2025 Pac Contribution
COLORADO AMERICAN FEDERATION OF LABOR & CONGRESS OF INDUSTRIAL ORGANIZATIONS NONPARTISAN SMALL DONOR,Small Donor Committee,725.0,2025-12-11 00:00:00,Yara Leadership Fund,Fort Collins,CO,80528,Contributions,2025 Pac Contribution
COLORADO AMERICAN FEDERATION OF LABOR & CONGRESS OF INDUSTRIAL ORGANIZATIONS NONPARTISAN SMALL DONOR,Small Donor Committee,725.0,2025-12-11 00:00:00,Rydin With Gretchen,Redacted By Sos,CO,99999,Contributions,2025 Pac Contribution
COLORADO AMERICAN FEDERATION OF LABOR & CONGRESS OF INDUSTRIAL ORGANIZATIONS NONPARTISAN SMALL DONOR,Small Donor Committee,725.0,2025-12-11 00:00:00,The Paschal Pac,Colorado Springs,CO,80904,Contributions,2025 Pac Contribution
COLORADO AMERICAN FEDERATION OF LABOR & CONGRESS OF INDUSTRIAL ORGANIZATIONS NONPARTISAN SMALL DONOR,Small Donor Committee,725.0,2025-12-11 00:00:00,Velasco Leadership Fund,Redacted By Sos,CO,99999,Contributions,2025 Pac Contribution
COLORADO AMERICAN FEDERATION OF LABOR & CONGRESS OF INDUSTRIAL ORGANIZATIONS NONPARTISAN SMALL DONOR,Small Donor Committee,725.0,2025-12-11 00:00:00,Sirota Leadership Pac,Redacted By Sos,CO,99999,Contributions,2025 Pac Contribution
COLORADO AMERICAN FEDERATION OF LABOR & CONGRESS OF INDUSTRIAL ORGANIZATIONS NONPARTISAN SMALL DONOR,Small Donor Committee,725.0,2025-12-11 00:00:00,Pac (Political Action Committee) To The Future,Louisville,CO,80027,Contributions,2025 Pac Contribution
COLORADO AMERICAN FEDERATION OF LABOR & CONGRESS OF INDUSTRIAL ORGANIZATIONS NONPARTISAN SMALL DONOR,Small Donor Committee,725.0,2025-12-11 00:00:00,Monica Pac,Wheat Ridge,CO,80033,Contributions,2025 Pac Contribution
COLORADO AMERICAN FEDERATION OF LABOR & CONGRESS OF INDUSTRIAL ORGANIZATIONS NONPARTISAN SMALL DONOR,Small Donor Committee,725.0,2025-12-11 00:00:00,Tammy Story Leadership Fund,Evergreen,CO,80439,Contributions,2025 Pac Contribution
COLORADO AMERICAN FEDERATION OF LABOR & CONGRESS OF INDUSTRIAL ORGANIZATIONS NONPARTISAN SMALL DONOR,Small Donor Committee,725.0,2025-12-11 00:00:00,Sheila For Colorado Leadership Fund,Redacted By Sos,CO,99999,Contributions,2025 Pac Contribution
COLORADO AMERICAN FEDERATION OF LABOR & CONGRESS OF INDUSTRIAL ORGANIZATIONS NONPARTISAN SMALL DONOR,Small Donor Committee,725.0,2025-12-11 00:00:00,Willford Leadership Fund,Northglenn,CO,80234,Contributions,2025 Pac Contribution
COLORADO AMERICAN FEDERATION OF LABOR & CONGRESS OF INDUSTRIAL ORGANIZATIONS NONPARTISAN SMALL DONOR,Small Donor Committee,725.0,2025-12-11 00:00:00,Jamie Jackson Leadership,Denver,CO,80212,Contributions,2025 Pac Contribution
COLORADO AMERICAN FEDERATION OF LABOR & CONGRESS OF INDUSTRIAL ORGANIZATIONS NONPARTISAN SMALL DONOR,Small Donor Committee,725.0,2025-12-11 00:00:00,Brianna Titone'S 439 Fund,Redacted By Sos,CO,99999,Contributions,2025 Pac Contribution
COLORADO AMERICAN FEDERATION OF LABOR & CONGRESS OF INDUSTRIAL ORGANIZATIONS NONPARTISAN SMALL DONOR,Small Donor Committee,725.0,2025-12-11 00:00:00,Gilchrist For Colorado Leadership Pac,Redacted By Sos,CO,99999,Contributions,2025 Pac Contribution
COLORADO AMERICAN FEDERATION OF LABOR & CONGRESS OF INDUSTRIAL ORGANIZATIONS NONPARTISAN SMALL DONOR,Small Donor Committee,725.0,2025-12-11 00:00:00,Jessie Danielson Pac,Wheat Ridge,CO,80034,Contributions,2025 Pac Contribution
COLORADO AMERICAN FEDERATION OF LABOR & CONGRESS OF INDUSTRIAL ORGANIZATIONS NONPARTISAN SMALL DONOR,Small Donor Committee,725.0,2025-12-11 00:00:00,Sully'S Leadership Fund,Centennial,CO,80015,Contributions,2025 Pac Contribution
COLORADO AMERICAN FEDERATION OF LABOR & CONGRESS OF INDUSTRIAL ORGANIZATIONS NONPARTISAN SMALL DONOR,Small Donor Committee,725.0,2025-12-11 00:00:00,Exum Leadership Fund,Redacted By Sos,CO,99999,Contributions,2025 Pac Contribution
COLORADO AMERICAN FEDERATION OF LABOR & CONGRESS OF INDUSTRIAL ORGANIZATIONS NONPARTISAN SMALL DONOR,Small Donor Committee,725.0,2025-12-11 00:00:00,Make Great Choices Pac,Loveland,CO,80538,Contributions,2025 Pac Contribution
COLORADO AMERICAN FEDERATION OF LABOR & CONGRESS OF INDUSTRIAL ORGANIZATIONS NONPARTISAN SMALL DONOR,Small Donor Committee,725.0,2025-12-11 00:00:00,Katie Pac,Redacted By Sos,CO,99999,Contributions,2025 Pac Contribution
COLORADO AMERICAN FEDERATION OF LABOR & CONGRESS OF INDUSTRIAL ORGANIZATIONS NONPARTISAN SMALL DONOR,Small Donor Committee,725.0,2025-12-11 00:00:00,Ball For All Leadership Fund,Denver,CO,80203,Contributions,2025 Pac Contribution
COLORADO AMERICAN FEDERATION OF LABOR & CONGRESS OF INDUSTRIAL ORGANIZATIONS NONPARTISAN SMALL DONOR,Small Donor Committee,725.0,2025-12-11 00:00:00,The Coleman Leadership Fund,Denver,CO,80249,Contributions,2025 Pac Contribution
COLORADO AMERICAN FEDERATION OF LABOR & CONGRESS OF INDUSTRIAL ORGANIZATIONS NONPARTISAN SMALL DONOR,Small Donor Committee,725.0,2025-12-11 00:00:00,Iman For Colorado Leadership Fund,Aurora,CO,80012,Contributions,2025 Pac Contribution
COLORADO AMERICAN FEDERATION OF LABOR & CONGRESS OF INDUSTRIAL ORGANIZATIONS NONPARTISAN SMALL DONOR,Small Donor Committee,725.0,2025-12-11 00:00:00,Cathy Kipp For Colorado Leadership Fund,Fort Collins,CO,80525,Contributions,2025 Pac Contribution
COLORADO AMERICAN FEDERATION OF LABOR & CONGRESS OF INDUSTRIAL ORGANIZATIONS NONPARTISAN SMALL DONOR,Small Donor Committee,725.0,2025-12-11 00:00:00,Rodriguez Leadership Fund,Denver,CO,80222,Contributions,2025 Pac Contribution
COLORADO AMERICAN FEDERATION OF LABOR & CONGRESS OF INDUSTRIAL ORGANIZATIONS NONPARTISAN SMALL DONOR,Small Donor Committee,725.0,2025-12-11 00:00:00,Weissman Leadership Fund,Aurora,CO,80011,Contributions,2025 Pac Contribution
COLORADO AMERICAN FEDERATION OF LABOR & CONGRESS OF INDUSTRIAL ORGANIZATIONS NONPARTISAN SMALL DONOR,Small Donor Committee,725.0,2025-12-11 00:00:00,Cutter For Colorado Leadership Fund,Redacted By Sos,CO,99999,Contributions,2025 Pac Contribution
COLORADO AMERICAN FEDERATION OF LABOR & CONGRESS OF INDUSTRIAL ORGANIZATIONS NONPARTISAN SMALL DONOR,Small Donor Committee,725.0,2025-12-11 00:00:00,Building Bridges For Colorado,Redacted By Sos,CO,99999,Contributions,2025 Pac Contribution
COLORADO AMERICAN FEDERATION OF LABOR & CONGRESS OF INDUSTRIAL ORGANIZATIONS NONPARTISAN SMALL DONOR,Small Donor Committee,384.15,2025-12-11 00:00:00,Chris Kolker Leadership Fund,Centennial,CO,80122,Contributions,2025 Pac Contribution
COLORADO COMMITTEE OF AUTO RETAILERS (COLO C.A.R.),Political Committee,1000.0,2025-12-11 00:00:00,Lynn Baca - Adams County Commissioner,Brighton,CO,80601,Contributions,Adams County Commissioner Campaign Contribution
COLORADO COMMITTEE OF AUTO RETAILERS (COLO C.A.R.),Political Committee,450.0,2025-12-11 00:00:00,Woodward For Colorado,Redacted By Sos,CO,99999,Contributions,
COLORADO COMMITTEE OF AUTO RETAILERS (COLO C.A.R.),Political Committee,450.0,2025-12-11 00:00:00,Max Brooks For Colorado Committee,Redacted By Sos,CO,99999,Contributions,
COLORADO COMMITTEE OF AUTO RETAILERS (COLO C.A.R.),Political Committee,450.0,2025-12-11 00:00:00,Hartsook For House,Redacted By Sos,CO,99999,Contributions,
COLORADO COMMITTEE OF AUTO RETAILERS (COLO C.A.R.),Political Committee,450.0,2025-12-11 00:00:00,To Elect Michael Carter To Colorado State House District 36,Redacted By Sos,CO,99999,Contributions,
COLORADO COMMITTEE OF AUTO RETAILERS (COLO C.A.R.),Political Committee,450.0,2025-12-11 00:00:00,Friends Of Jacque Phillips,Redacted By Sos,CO,99999,Contributions,
COLORADO COMMITTEE OF AUTO RETAILERS (COLO C.A.R.),Political Committee,450.0,2025-12-11 00:00:00,Ava For Colorado,Redacted By Sos,CO,99999,Contributions,
COLORADO COMMITTEE OF AUTO RETAILERS (COLO C.A.R.),Political Committee,450.0,2025-12-11 00:00:00,Carlos For Hd 48,Fort Lupton,CO,80621,Contributions,
COLORADO COMMITTEE OF AUTO RETAILERS (COLO C.A.R.),Political Committee,450.0,2025-12-11 00:00:00,Lori Garcia Sander For Hd 65,Redacted By Sos,CO,99999,Contributions,
COLORADO COMMITTEE OF AUTO RETAILERS (COLO C.A.R.),Political Committee,10000.0,2025-12-11 00:00:00,All Together Colorado,Denver,CO,80206,Contributions,
COLORADO MEDICAL SOCIETY SMALL DONOR COMMITTEE,Small Donor Committee,79.12,2025-12-11 00:00:00,Wells Fargo Bank,Portland,OR,97228,Bank Fees,
DOCTORS COMPANY COLORADO PAC (COLORADO DOCPAC),Political Committee,92.32,2025-12-11 00:00:00,Wells Fargo,Santa Rosa,CA,95401,Bank Fees,Monthly Bank Fee
FRIENDS OF COLORADO HOSPITALS (F/K/A HOSPITALS EXPRESS LEGISLATIVE PREFERENCE),Political Committee,137.29,2025-12-11 00:00:00,,,,,Bank Fees,Dec Bank Fee
LIBERTARIAN PARTY OF COLORADO (LPCO),Political Party Committee,64.95,2025-12-11 00:00:00,Clover,Colorado Springs,CO,80919,Bank Fees,
LIBERTARIAN PARTY OF COLORADO (LPCO),Political Party Committee,1.05,2025-12-11 00:00:00,Stripe.Com,South San Francisco,CA,94080,Bank Fees,
LIBERTARIAN PARTY OF COLORADO (LPCO),Political Party Committee,1.3,2025-12-11 00:00:00,Stripe.Com,New Orleans,LA,70112,Bank Fees,
PUTTING COLORADO FIRST,Political Committee,450.0,2025-12-11 00:00:00,Fred For Hd 32,Commerce City,CO,80022,Other,8100 ∑ Candidate Support
ROBERTS LEADERSHIP FUND,Political Committee,450.0,2025-12-11 00:00:00,Meghan Lukens For Colorado,Redacted By Sos,CO,99999,Contributions,
ROBERTS LEADERSHIP FUND,Political Committee,450.0,2025-12-11 00:00:00,Andrew For Colorado,Redacted By Sos,CO,99999,Contributions,
ROBERTS LEADERSHIP FUND,Political Committee,450.0,2025-12-11 00:00:00,Karen For Co,Redacted By Sos,CO,99999,Contributions,
ROBERTS LEADERSHIP FUND,Political Committee,450.0,2025-12-11 00:00:00,Kyle Mullica For Sd 24,Thornton,CO,80602,Contributions,
THE COLEMAN LEADERSHIP FUND,Political Committee,450.0,2025-12-11 00:00:00,Alexis  Hoffkling,Redacted By Sos,CO,99999,Contributions,
UNITED MINE WORKERS OF AMERICA,Political Committee,1000.0,2025-12-11 00:00:00,,,,,Contributions,Contributions To Non Co Candidates
ANDREW FOR COLORADO LEADERSHIP FUND,Political Committee,450.0,2025-12-12 00:00:00,Dylan Roberts For Colorado,Redacted By Sos,CO,99999,Contributions,
ANDREW FOR COLORADO LEADERSHIP FUND,Political Committee,450.0,2025-12-12 00:00:00,Meghan Lukens For Colorado,Redacted By Sos,CO,99999,Contributions,
CME WIN LEADERSHIP FUND,Political Committee,500.0,2025-12-12 00:00:00,Colorado Democratic Party,Denver,CO,80203,Contributions,Cod House Majority Project
COLORADO DAIRY FARMERS POLITICAL COMMITTEE,Political Committee,725.0,2025-12-12 00:00:00,Kirkmeyer For Colorado,Brighton,CO,80603,Contributions,
COLORADO FORWARD PARTY COMMITTEE,Political Party Committee,18.4,2025-12-12 00:00:00,Zoom Inc,San Jose,CA,95113,Miscellaneous,Interstate Communication
KAREN FOR CO LEADERSHIP PAC,Political Committee,225.0,2025-12-12 00:00:00,Alexis For Colorado,Redacted By Sos,CO,99999,Contributions,
KATIE PAC,Political Committee,150.0,2025-12-12 00:00:00,Janice Marchman For Colorado,Loveland,CO,80538,Contributions,
KATIE PAC,Political Committee,150.0,2025-12-12 00:00:00,Karen For Co,Redacted By Sos,CO,99999,Contributions,
LIBERTARIAN PARTY OF COLORADO (LPCO),Political Party Committee,0.59,2025-12-12 00:00:00,Stripe.Com,South San Francisco,CA,94080,Bank Fees,
LIBERTARIAN PARTY OF COLORADO (LPCO),Political Party Committee,1.03,2025-12-12 00:00:00,Stripe.Com,South San Francisco,CA,94080,Bank Fees,
LIBERTARIAN PARTY OF COLORADO (LPCO),Political Party Committee,1.05,2025-12-12 00:00:00,Stripe.Com,South San Francisco,CA,94080,Bank Fees,
LIBERTARIAN PARTY OF COLORADO (LPCO),Political Party Committee,1.05,2025-12-12 00:00:00,Stripe.Com,South San Francisco,CA,94080,Bank Fees,
MANNY RUTINEL LEADERSHIP FUND,Political Committee,9.99,2025-12-12 00:00:00,Mailmeteor,Paris,FR,75013,Office Equipment & Supplies,Software
NABIP COLORADO POLITICAL ACTION COMMITTEE,Political Committee,0.92,2025-12-12 00:00:00,Paypal,San Jose,CA,95131,Bank Fees,
SHEILA FOR COLORADO LEADERSHIP FUND,Political Committee,450.0,2025-12-12 00:00:00,Committee To Elect Stephanie Vigil,Redacted By Sos,CO,99999,Contributions,Contribution To Candidate Committee
SHEILA FOR COLORADO LEADERSHIP FUND,Political Committee,225.0,2025-12-12 00:00:00,Rein For Colorado,Littleton,CO,80162,Contributions,
US ANESTHESIA PARTNERS COLORADO STATE COMMITTEE,Political Committee,68.95,2025-12-12 00:00:00,Bok Financial,Denver,CO,80217,Bank Fees,Bank Fees
VELASCO LEADERSHIP FUND,Political Committee,6.28,2025-12-12 00:00:00,Alpine Bank,Grand Junction,CO,81501,Bank Fees,
LIBERTARIAN PARTY OF COLORADO (LPCO),Political Party Committee,1.3,2025-12-13 00:00:00,Stripe.Com,New Orleans,LA,70112,Bank Fees,
UPSTREAM SDC,Small Donor Committee,2.0,2025-12-13 00:00:00,Firstbank,Wheat Ridge,CO,80033,Bank Fees,
CATHY KIPP FOR COLORADO LEADERSHIP FUND,Political Committee,19.75,2025-12-14 00:00:00,Act Blue Technical Services,Somerville,MA,02144-3132,Other,Service Fees
GRISWOLD LEADERSHIP PAC,Political Committee,28.64,2025-12-14 00:00:00,Actblue,West Somerville,MA,02144-0031,Fundraising Expenses,
LESLIE HEROD'S BOLDLY FORWARD PAC,Political Committee,0.2,2025-12-14 00:00:00,Act Blue,Somerville,MA,02144,Fundraising Expenses,
LIBERTARIAN PARTY OF COLORADO (LPCO),Political Party Committee,1.3,2025-12-14 00:00:00,Stripe.Com,New Orleans,LA,70112,Bank Fees,
VELASCO LEADERSHIP FUND,Political Committee,28.64,2025-12-14 00:00:00,Actblue,Somerville,MA,02144,Consultant & Professional Services,
BUILDING BRIDGES FOR COLORADO,Political Committee,2.0,2025-12-15 00:00:00,1St Bank,Lakewood,CO,80215,Bank Fees,
CHRIS KOLKER LEADERSHIP FUND,Political Committee,250.0,2025-12-15 00:00:00,Chad For Colorado,Redacted By Sos,CO,99999,Contributions,
"COLORADO CHAPTER, AMERICAN COLLEGE OF EMERGENCY PHYSICIANS SMALL DONOR COMMITTEE",Small Donor Committee,1000.0,2025-12-15 00:00:00,Rebekah  Stewart,Redacted By Sos,CO,99999,Contributions,
"COLORADO CHAPTER, AMERICAN COLLEGE OF EMERGENCY PHYSICIANS SMALL DONOR COMMITTEE",Small Donor Committee,1000.0,2025-12-15 00:00:00,The Murse Pac,Thornton,CO,80602,Contributions,
COLORADO COMMITTEE OF AUTO RETAILERS (COLO C.A.R.),Political Committee,78.02,2025-12-15 00:00:00,,,,,Office Equipment & Supplies,Purchase Checks From Intuit - Office Supplies
COLORADO CREDIT UNION POLITICAL ACTION COMMITTEE,Political Committee,450.0,2025-12-15 00:00:00,Committee To Elect Tracy Winchester,Denver,CO,80250,Contributions,
COLORADO CREDIT UNION POLITICAL ACTION COMMITTEE,Political Committee,450.0,2025-12-15 00:00:00,Varda For Colorado,Arvada,CO,80005,Contributions,
COLORADO HEALTH CARE ASSOCIATION PC,Political Committee,450.0,2025-12-15 00:00:00,Carson For State Senate,Highlands Ranch,CO,80130-9998,Contributions,
COLORADO STATE REPRESENTATIVE DISTRICT 30 REPUBLICAN CENTRAL COMMITTEE,Political Party Committee,6.5,2025-12-15 00:00:00,Anedot,New Orleans,LA,70112,Other,Fee For Online Electronic Payment System
COLORADO TRIAL LAWYERS ASSOCIATION SMALL DONOR COMMITTEE (CTLA),Small Donor Committee,15650.0,2025-12-15 00:00:00,Bennet For Governor,Superior,CO,80027,Contributions,
COLORADO TRIAL LAWYERS ASSOCIATION SMALL DONOR COMMITTEE (CTLA),Small Donor Committee,2000.0,2025-12-15 00:00:00,Lieder For Colorado,Redacted By Sos,CO,99999,Contributions,
COLORADO TRIAL LAWYERS ASSOCIATION SMALL DONOR COMMITTEE (CTLA),Small Donor Committee,2000.0,2025-12-15 00:00:00,Duran For Colorado,Superior,CO,80027,Contributions,
COLORADO TRIAL LAWYERS ASSOCIATION SMALL DONOR COMMITTEE (CTLA),Small Donor Committee,2000.0,2025-12-15 00:00:00,Dylan Roberts For Colorado,Redacted By Sos,CO,99999,Contributions,
COLORADO TRIAL LAWYERS ASSOCIATION SMALL DONOR COMMITTEE (CTLA),Small Donor Committee,2000.0,2025-12-15 00:00:00,Katie Wallace For Colorado,Redacted By Sos,CO,99999,Contributions,
COLORADO TRIAL LAWYERS ASSOCIATION SMALL DONOR COMMITTEE (CTLA),Small Donor Committee,2000.0,2025-12-15 00:00:00,Jessie Danielson For Colorado,Wheat Ridge,CO,80033,Contributions,
COMMITTEE FOR PHYSICIAN ANESTHESIA CARE,Political Committee,30.0,2025-12-15 00:00:00,,,,,Bank Fees,
DELOITTE POLITICAL ACTION COMMITTEE,Political Committee,225.0,2025-12-15 00:00:00,Committee To Elect Cleave Simpson,Alamosa,CO,81101,Contributions,Contribution For Primary 2028
DELOITTE POLITICAL ACTION COMMITTEE,Political Committee,225.0,2025-12-15 00:00:00,Committee To Elect Cleave Simpson,Alamosa,CO,81101,Contributions,Contribution For General 2028
DELOITTE POLITICAL ACTION COMMITTEE,Political Committee,225.0,2025-12-15 00:00:00,Duran For Colorado,Superior,CO,80027,Contributions,Contribution For Primary 2026
DELOITTE POLITICAL ACTION COMMITTEE,Political Committee,225.0,2025-12-15 00:00:00,Duran For Colorado,Superior,CO,80027,Contributions,Contribution For General 2026
DELOITTE POLITICAL ACTION COMMITTEE,Political Committee,225.0,2025-12-15 00:00:00,Elect Jarvis Caldwell,Colorado Springs,CO,80908,Contributions,Contribution For Primary 2026
DELOITTE POLITICAL ACTION COMMITTEE,Political Committee,225.0,2025-12-15 00:00:00,Lisa For Colorado,Redacted By Sos,CO,99999,Contributions,Contribution For General 2026
DELOITTE POLITICAL ACTION COMMITTEE,Political Committee,225.0,2025-12-15 00:00:00,Elect Jarvis Caldwell,Colorado Springs,CO,80908,Contributions,Contribution For General 2026
DELOITTE POLITICAL ACTION COMMITTEE,Political Committee,225.0,2025-12-15 00:00:00,Lisa For Colorado,Redacted By Sos,CO,99999,Contributions,Contribution For Primary 2026
DELOITTE POLITICAL ACTION COMMITTEE,Political Committee,1800.0,2025-12-15 00:00:00,New Day Colorado Fund,Fort Lupton,CO,80621,Contributions,2025 Contribution
DELOITTE POLITICAL ACTION COMMITTEE,Political Committee,1800.0,2025-12-15 00:00:00,Senate Majority Fund,Denver,CO,80205,Contributions,2025 Contribution
DELOITTE POLITICAL ACTION COMMITTEE,Political Committee,1800.0,2025-12-15 00:00:00,Colorado Forward,Colorado Springs,CO,80920,Contributions,2025 Contribution
DELOITTE POLITICAL ACTION COMMITTEE,Political Committee,1800.0,2025-12-15 00:00:00,All Together Colorado,Denver,CO,80206,Contributions,2025 Contribution
MEGHAN LUKENS FOR CO LEADERSHIP PAC,Political Committee,59.31,2025-12-15 00:00:00,7-Eleven (Gas),Silverthrone,CO,80498,Travel & Lodging,
SONYA FOR DEMS (DEMOCRATS),Political Committee,50.0,2025-12-15 00:00:00,Bird Seed Collective,Denver,CO,80216,Contributions,
STRENGTHENING OPPORTUNITIES FOR COLORADANS (SOCO) PAC,Political Committee,105.0,2025-12-15 00:00:00,Jennifer  Bacon,Denver,CO,80239,Contributions,
THE COLEMAN LEADERSHIP FUND,Political Committee,1450.0,2025-12-15 00:00:00,Michael  Bennet,Superior,CO,80027,Contributions,
ANDREW FOR COLORADO LEADERSHIP FUND,Political Committee,250.0,2025-12-16 00:00:00,Shane For Larimer,Fort Collins,CO,80525,Contributions,
ANDREW FOR COLORADO LEADERSHIP FUND,Political Committee,250.0,2025-12-16 00:00:00,The Committee To Elect Conor Duffy,Timnath,CO,80547,Contributions,
ANDREW FOR COLORADO LEADERSHIP FUND,Political Committee,250.0,2025-12-16 00:00:00,Yara For Colorado,Fort Collins,CO,80528,Contributions,
ANDREW FOR COLORADO LEADERSHIP FUND,Political Committee,200.0,2025-12-16 00:00:00,Rein For Colorado,Littleton,CO,80162,Contributions,
BIRD FOR COLORADO LEADERSHIP FUND,Political Committee,450.0,2025-12-16 00:00:00,Karen For Co,Redacted By Sos,CO,99999,Contributions,
BIRD FOR COLORADO LEADERSHIP FUND,Political Committee,450.0,2025-12-16 00:00:00,Jack For Rtd,Louisville,CO,80027,Contributions,
BIRD FOR COLORADO LEADERSHIP FUND,Political Committee,450.0,2025-12-16 00:00:00,Committee To Elect Amy Paschal,Redacted By Sos,CO,99999,Contributions,
BUILDING BRIDGES FOR COLORADO,Political Committee,450.0,2025-12-16 00:00:00,Karen For Co,Redacted By Sos,CO,99999,Contributions,
BUILDING BRIDGES FOR COLORADO,Political Committee,450.0,2025-12-16 00:00:00,Janice Marchman For Colorado,Loveland,CO,80538,Contributions,
COLORADO AMERICAN FEDERATION OF LABOR & CONGRESS OF INDUSTRIAL ORGANIZATIONS NONPARTISAN SMALL DONOR,Small Donor Committee,725.0,2025-12-16 00:00:00,We Win Leadership Pac,Englewood,CO,80150,Contributions,2025 Pac Contribution
COLORADO INDEPENDENTS PAC (COINPAC),Political Committee,-450.0,2025-12-16 00:00:00,Dylan Roberts For Colorado,Redacted By Sos,CO,99999,Returned Expenditure,Over Contribution Limit
COLORADO STATE REPRESENTATIVE DISTRICT 24 REPUBLICAN CENTRAL COMMITTEE,Political Party Committee,93.19,2025-12-16 00:00:00,Randi'S Pizza,Arvada,CO,80004,"Food, Beverages and Meals",Food For Hd24 Central Committee Meeting
LIBERTARIAN PARTY OF COLORADO (LPCO),Political Party Committee,4.65,2025-12-16 00:00:00,Stripe.Com,South San Francisco,CA,94080,Bank Fees,
LIBERTARIAN PARTY OF COLORADO (LPCO),Political Party Committee,0.45,2025-12-16 00:00:00,Stripe.Com,South San Francisco,CA,94080,Bank Fees,
LIGHT OVER PEAKS PAC,Political Committee,50.0,2025-12-16 00:00:00,Hartsook For House,Redacted By Sos,CO,99999,Contributions,
LINDSTEDT LEADERSHIP FUND,Political Committee,1000.0,2025-12-16 00:00:00,Bridges For Colorado Treasurer,Redacted By Sos,CO,99999,Contributions,
MEGHAN LUKENS FOR CO LEADERSHIP PAC,Political Committee,450.0,2025-12-16 00:00:00,Dylan Roberts For Colorado,Redacted By Sos,CO,99999,Contributions,
MONICA PAC,Political Committee,450.0,2025-12-16 00:00:00,Karen For Colorado,Broomfield,CO,80020,Contributions,
ORALE FUND,Political Committee,450.0,2025-12-16 00:00:00,Sullivan For Colorado,Centennial,CO,80015,Contributions,
WOOG PAC,Political Committee,450.0,2025-12-16 00:00:00,Carson For State Senate,Highlands Ranch,CO,80130-9998,Consultant & Professional Services,
COLORADO STATE PIPE TRADES,Small Donor Committee,4000.0,2025-12-17 00:00:00,Rob Andrews (Andrews For Aurora),Aurora,CO,80011,Contributions,Campaign Contribution
FRIENDS OF JUNIE JOSEPH LEADERSHIP FUND,Political Committee,225.0,2025-12-17 00:00:00,Camacho For Colorado,Redacted By Sos,CO,99999,Contributions,
HARTSOOK LEADERSHIP PAC,Political Committee,450.0,2025-12-17 00:00:00,Carson For State Senate,Highlands Ranch,CO,80130-9998,Other,8200 ∑ Candidate Support
HARTSOOK LEADERSHIP PAC,Political Committee,101.06,2025-12-17 00:00:00,Wizbang,Commerce Citry,CO,80022,Other,6611 ∑ Letterhead & Envelopes
JAVIER'S ECONOMIC JUSTICE FUND,Political Committee,450.0,2025-12-17 00:00:00,Meghan Lukens For Colorado,Redacted By Sos,CO,99999,Contributions,
JAVIER'S ECONOMIC JUSTICE FUND,Political Committee,450.0,2025-12-17 00:00:00,Bob 4 Colorado,Highlands Ranch,CO,80126,Contributions,
JAVIER'S ECONOMIC JUSTICE FUND,Political Committee,450.0,2025-12-17 00:00:00,Friends Of Matthew Martinez,Monte Vista,CO,81144,Contributions,
KAREN FOR CO LEADERSHIP PAC,Political Committee,200.0,2025-12-17 00:00:00,Amanda For Colorado,Redacted By Sos,CO,99999,Contributions,
LIBERTARIAN PARTY OF COLORADO (LPCO),Political Party Committee,3.2,2025-12-17 00:00:00,Stripe.Com,South San Francisco,CA,94080,Bank Fees,
LIBERTARIAN PARTY OF COLORADO (LPCO),Political Party Committee,1.05,2025-12-17 00:00:00,Stripe.Com,South San Francisco,CA,94080,Bank Fees,
LIBERTARIAN PARTY OF COLORADO (LPCO),Political Party Committee,1.05,2025-12-17 00:00:00,Stripe.Com,South San Francisco,CA,94080,Bank Fees,
NABIP COLORADO POLITICAL ACTION COMMITTEE,Political Committee,0.91,2025-12-17 00:00:00,Quickbooks Payments,Woodland Hills,CA,91367,Bank Fees,
NABIP COLORADO POLITICAL ACTION COMMITTEE,Political Committee,1.24,2025-12-17 00:00:00,Paypal,San Jose,CA,95131,Bank Fees,
REALTOR CANDIDATE POLITICAL ACTION COMMITTEE (RCPAC) - FKA: COLORADO ASSOCIATION OF REALTORS PAC (CO,Political Committee,725.0,2025-12-17 00:00:00,Caldwell Leadership Pac,Colorado Springs,CO,80908,Contributions,Contribution
REALTOR CANDIDATE POLITICAL ACTION COMMITTEE (RCPAC) - FKA: COLORADO ASSOCIATION OF REALTORS PAC (CO,Political Committee,725.0,2025-12-17 00:00:00,Roberts Leadership Fund,Frisco,CO,80443,Contributions,Contribution
REALTOR CANDIDATE POLITICAL ACTION COMMITTEE (RCPAC) - FKA: COLORADO ASSOCIATION OF REALTORS PAC (CO,Political Committee,725.0,2025-12-17 00:00:00,The Coleman Leadership Fund,Denver,CO,80249,Contributions,Contribution
REALTOR CANDIDATE POLITICAL ACTION COMMITTEE (RCPAC) - FKA: COLORADO ASSOCIATION OF REALTORS PAC (CO,Political Committee,725.0,2025-12-17 00:00:00,Judy Amabile Leadership Fund,Boulder,CO,80302,Contributions,Contribution
REALTOR CANDIDATE POLITICAL ACTION COMMITTEE (RCPAC) - FKA: COLORADO ASSOCIATION OF REALTORS PAC (CO,Political Committee,725.0,2025-12-17 00:00:00,Snyder For Colorado Leadership Fund,Manitou  Springs,CO,80829,Contributions,Contribution
REALTOR CANDIDATE POLITICAL ACTION COMMITTEE (RCPAC) - FKA: COLORADO ASSOCIATION OF REALTORS PAC (CO,Political Committee,725.0,2025-12-17 00:00:00,Building Bridges For Colorado,Redacted By Sos,CO,99999,Contributions,Contribution
REALTOR CANDIDATE POLITICAL ACTION COMMITTEE (RCPAC) - FKA: COLORADO ASSOCIATION OF REALTORS PAC (CO,Political Committee,725.0,2025-12-17 00:00:00,Mccluskie For Colorado Leadership Fund,Redacted By Sos,CO,99999,Contributions,Contribution
REALTOR CANDIDATE POLITICAL ACTION COMMITTEE (RCPAC) - FKA: COLORADO ASSOCIATION OF REALTORS PAC (CO,Political Committee,725.0,2025-12-17 00:00:00,Meghan Lukens For Co Leadership Pac,Redacted By Sos,CO,99999,Contributions,Contribution
REALTOR CANDIDATE POLITICAL ACTION COMMITTEE (RCPAC) - FKA: COLORADO ASSOCIATION OF REALTORS PAC (CO,Political Committee,725.0,2025-12-17 00:00:00,Agriculture Pac,Fort Lupton,CO,80621,Contributions,Contribution
REALTOR CANDIDATE POLITICAL ACTION COMMITTEE (RCPAC) - FKA: COLORADO ASSOCIATION OF REALTORS PAC (CO,Political Committee,725.0,2025-12-17 00:00:00,Andrew For Colorado Leadership Fund,Redacted By Sos,CO,99999,Contributions,Contribution
REALTOR CANDIDATE POLITICAL ACTION COMMITTEE (RCPAC) - FKA: COLORADO ASSOCIATION OF REALTORS PAC (CO,Political Committee,725.0,2025-12-17 00:00:00,Frizell Leadership Pac,Redacted By Sos,CO,99999,Contributions,Contribution
REALTOR CANDIDATE POLITICAL ACTION COMMITTEE (RCPAC) - FKA: COLORADO ASSOCIATION OF REALTORS PAC (CO,Political Committee,725.0,2025-12-17 00:00:00,Lindsey For Colorado Leadership Fund,Arvada,CO,80004,Contributions,Contribution
REALTOR CANDIDATE POLITICAL ACTION COMMITTEE (RCPAC) - FKA: COLORADO ASSOCIATION OF REALTORS PAC (CO,Political Committee,725.0,2025-12-17 00:00:00,Rural Liberty Political Action Committee,Denver,CO,80205,Contributions,Contribution
REALTOR SMALL DONOR COMMITTEE (RSDC),Small Donor Committee,6200.0,2025-12-17 00:00:00,Kyle Mullica For Sd 24,Thornton,CO,80602,Contributions,Contribution
REALTOR SMALL DONOR COMMITTEE (RSDC),Small Donor Committee,3100.0,2025-12-17 00:00:00,Karen For Co,Redacted By Sos,CO,99999,Contributions,Contribution
REALTOR SMALL DONOR COMMITTEE (RSDC),Small Donor Committee,3100.0,2025-12-17 00:00:00,Woog For House District 19,Frederick,CO,80530,Contributions,Contribution
REALTOR SMALL DONOR COMMITTEE (RSDC),Small Donor Committee,2500.0,2025-12-17 00:00:00,Colorado Way Forward,Denver,CO,80206,Contributions,Contribution
REALTOR SMALL DONOR COMMITTEE (RSDC),Small Donor Committee,2500.0,2025-12-17 00:00:00,All Together Colorado,Denver,CO,80206,Contributions,Contribution
REALTOR SMALL DONOR COMMITTEE (RSDC),Small Donor Committee,6200.0,2025-12-17 00:00:00,To Elect Michael Carter To Colorado State House District 36,Redacted By Sos,CO,99999,Contributions,Contribution
REALTOR SMALL DONOR COMMITTEE (RSDC),Small Donor Committee,2500.0,2025-12-17 00:00:00,New Day Colorado Fund Iec,Fort Lupton,CO,80621,Contributions,Contribution
REALTOR SMALL DONOR COMMITTEE (RSDC),Small Donor Committee,2500.0,2025-12-17 00:00:00,Senate Majority Fund,Denver,CO,80205,Contributions,Contribution
THE COLEMAN LEADERSHIP FUND,Political Committee,4.0,2025-12-17 00:00:00,Public Works Parking,Denver,CO,80202,Other,Parking
VALERO ENERGY CORPORATION POLITICAL ACTION COMMITTEE,Political Committee,725.0,2025-12-17 00:00:00,Colorado Petroleum Pac,Denver,CO,80223,Contributions,2025 Contribution
WEISSMAN LEADERSHIP FUND,Political Committee,900.0,2025-12-17 00:00:00,Colorado Democratic Party,Denver,CO,80203,Contributions,
ATMOS ENERGY CORPORATION PAC,Political Committee,2500.0,2025-12-18 00:00:00,New Day Colorado Fund,Fort Lupton,CO,80621,Contributions,Political Contribution
ATMOS ENERGY CORPORATION PAC,Political Committee,2500.0,2025-12-18 00:00:00,Senate Majority Fund,Denver,CO,80205,Contributions,Political Contribution
ATMOS ENERGY CORPORATION PAC,Political Committee,2500.0,2025-12-18 00:00:00,One Main Street Colorado Iec,Denver,CO,80202,Contributions,Political Contribution
BALL FOR ALL LEADERSHIP FUND,Political Committee,6.29,2025-12-18 00:00:00,Ms. Marji'S,Denver,CO,80203,"Food, Beverages and Meals",Constituent Meeting
CARSON LEADERSHIP PAC,Political Committee,450.0,2025-12-18 00:00:00,Hartsook For House,Redacted By Sos,CO,99999,Contributions,
COLORADO COMMITTEE OF AUTO RETAILERS (COLO C.A.R.),Political Committee,450.0,2025-12-18 00:00:00,Scott For Hd 64,Johnstown,CO,80534,Contributions,
GREEN PARTY OF COLORADO,Political Party Committee,0.95,2025-12-18 00:00:00,Paypal,San Jose,CA,95131,Bank Fees,
HANSEN LEADERSHIP FUND,Political Committee,400.0,2025-12-18 00:00:00,Karen For Adams County Commissioner,Arvada,CO,80003,Contributions,
JRICH POLITICAL ACTION COMMITTEE,Political Committee,350.0,2025-12-18 00:00:00,Citizens To Elect Kevin Conrad,Frank Town,CO,80116,Contributions,
JRICH POLITICAL ACTION COMMITTEE,Political Committee,350.0,2025-12-18 00:00:00,Carson For State Senate,Highlands Ranch,CO,80130-9998,Contributions,
LIBERTARIAN PARTY OF COLORADO (LPCO),Political Party Committee,1.03,2025-12-18 00:00:00,Stripe.Com,South San Francisco,CA,94080,Bank Fees,
LIBERTARIAN PARTY OF COLORADO (LPCO),Political Party Committee,0.74,2025-12-18 00:00:00,Stripe.Com,South San Francisco,CA,94080,Bank Fees,
LINDSEY FOR COLORADO LEADERSHIP FUND,Political Committee,450.0,2025-12-18 00:00:00,Karen For Colorado,Broomfield,CO,80020,Contributions,
MEGHAN LUKENS FOR CO LEADERSHIP PAC,Political Committee,49.26,2025-12-18 00:00:00,Maverik #5148,Kremmling,CO,80459,Travel & Lodging,
REBEKAHPAC (REBEKAH STEWART FOR COLORADO),Political Committee,1000.0,2025-12-18 00:00:00,Colorado Democratic Party,Denver,CO,80203,Contributions,Hmp
REBEKAHPAC (REBEKAH STEWART FOR COLORADO),Political Committee,100.0,2025-12-18 00:00:00,Jamie For Colorado,Aurora,CO,80014,Contributions,
REBEKAHPAC (REBEKAH STEWART FOR COLORADO),Political Committee,100.0,2025-12-18 00:00:00,Yara For Colorado,Fort Collins,CO,80528,Contributions,
REBEKAHPAC (REBEKAH STEWART FOR COLORADO),Political Committee,100.0,2025-12-18 00:00:00,Friends Of Junie Joseph,Boulder,CO,80303,Contributions,
REBEKAHPAC (REBEKAH STEWART FOR COLORADO),Political Committee,100.0,2025-12-18 00:00:00,Alexis For Colorado,Redacted By Sos,CO,99999,Contributions,
REBEKAHPAC (REBEKAH STEWART FOR COLORADO),Political Committee,100.0,2025-12-18 00:00:00,Karen For Co,Redacted By Sos,CO,99999,Contributions,
REBEKAHPAC (REBEKAH STEWART FOR COLORADO),Political Committee,450.0,2025-12-18 00:00:00,Camacho For Colorado,Redacted By Sos,CO,99999,Contributions,
REBEKAHPAC (REBEKAH STEWART FOR COLORADO),Political Committee,100.0,2025-12-18 00:00:00,Friends Of Jacque Phillips,Redacted By Sos,CO,99999,Contributions,
SEIU COLORADO SMALL DONOR COMMITTEE,Small Donor Committee,5000.0,2025-12-18 00:00:00,Colorado Democratic Party,Denver,CO,80203,Contributions,
SPOKES PAC,Political Committee,198.0,2025-12-18 00:00:00,To Elect Michael Carter To Colorado State House District 36,Redacted By Sos,CO,99999,Contributions,
SPOKES PAC,Political Committee,200.0,2025-12-18 00:00:00,Friends Of Jacque Phillips,Redacted By Sos,CO,99999,Contributions,
SPOKES PAC,Political Committee,324.82,2025-12-18 00:00:00,Karen For Co,Redacted By Sos,CO,99999,Contributions,
THE COLEMAN LEADERSHIP FUND,Political Committee,4.0,2025-12-18 00:00:00,Public Works Parking,Denver,CO,80202,Other,Parking
THE COLEMAN LEADERSHIP FUND,Political Committee,725.0,2025-12-18 00:00:00,Jessie  Danielson,Redacted By Sos,CO,99999,Contributions,
THE COLEMAN LEADERSHIP FUND,Political Committee,45.43,2025-12-18 00:00:00,Actblue,Somerville,MA,02144,Bank Fees,
THE MURSE PAC,Political Committee,450.0,2025-12-18 00:00:00,Friends Of Jacque Phillips,Redacted By Sos,CO,99999,Contributions,
THE MURSE PAC,Political Committee,450.0,2025-12-18 00:00:00,Karen For Co,Redacted By Sos,CO,99999,Contributions,
THE MURSE PAC,Political Committee,450.0,2025-12-18 00:00:00,Lori For Colorado,Westminster,CO,80031,Contributions,
THE MURSE PAC,Political Committee,2.0,2025-12-18 00:00:00,First Bank,Thornton,CO,80233,Bank Fees,
WARRIOR PAC,Political Committee,450.0,2025-12-18 00:00:00,Sarah Woodson,Aurora,CO,80011,Contributions,
WARRIOR PAC,Political Committee,450.0,2025-12-18 00:00:00,Neal For Colorado,Redacted By Sos,CO,99999,Contributions,
ANDREW FOR COLORADO LEADERSHIP FUND,Political Committee,450.0,2025-12-19 00:00:00,Friends Of Junie Joseph,Boulder,CO,80303,Contributions,
APARTMENT ASSOCIATION OF METRO DENVER POLITICAL COMMITTEE,Political Committee,-400.0,2025-12-19 00:00:00,Gregory Mills For Mayor,Brighton,CO,80601,Returned Expenditure,Check Returned To The Committee
BLUE LINE ADVOCATES PAC,Political Committee,199.0,2025-12-19 00:00:00,Blue Line Advocates,Colorado Springs,CO,80918,Other,Subscription
COLORADANS FOR WESTERN VALUES LEADERSHIP PAC,Political Committee,450.0,2025-12-19 00:00:00,Woodward For Colorado,Redacted By Sos,CO,99999,Contributions,
COLORADO CREDIT UNION POLITICAL ACTION COMMITTEE,Political Committee,450.0,2025-12-19 00:00:00,Rein For Colorado,Littleton,CO,80162,Contributions,
COLORADO CREDIT UNION POLITICAL ACTION COMMITTEE,Political Committee,450.0,2025-12-19 00:00:00,Woodward For Colorado,Redacted By Sos,CO,99999,Contributions,
FRIENDS OF COLORADO HOSPITALS (F/K/A HOSPITALS EXPRESS LEGISLATIVE PREFERENCE),Political Committee,450.0,2025-12-19 00:00:00,Judy Amabile Leadership Fund,Boulder,CO,80302,Contributions,
FRIENDS OF COLORADO HOSPITALS (F/K/A HOSPITALS EXPRESS LEGISLATIVE PREFERENCE),Political Committee,450.0,2025-12-19 00:00:00,Rural Liberty Political Action Committee,Denver,CO,80205,Contributions,
FRIENDS OF COLORADO HOSPITALS (F/K/A HOSPITALS EXPRESS LEGISLATIVE PREFERENCE),Political Committee,450.0,2025-12-19 00:00:00,The Coleman Leadership Fund,Denver,CO,80249,Contributions,
FRIENDS OF COLORADO HOSPITALS (F/K/A HOSPITALS EXPRESS LEGISLATIVE PREFERENCE),Political Committee,450.0,2025-12-19 00:00:00,Two Rivers Leadership Pac,Denver,CO,80205,Contributions,
FRIENDS OF COLORADO HOSPITALS (F/K/A HOSPITALS EXPRESS LEGISLATIVE PREFERENCE),Political Committee,450.0,2025-12-19 00:00:00,Elect Judy Amabile Sd-18,Boulder,CO,80302,Contributions,
FRIENDS OF COLORADO HOSPITALS (F/K/A HOSPITALS EXPRESS LEGISLATIVE PREFERENCE),Political Committee,450.0,2025-12-19 00:00:00,Coleman For Colorado,Denver,CO,80249,Contributions,
FRIENDS OF COLORADO HOSPITALS (F/K/A HOSPITALS EXPRESS LEGISLATIVE PREFERENCE),Political Committee,450.0,2025-12-19 00:00:00,Kirkmeyer For Colorado,Brighton,CO,80603,Contributions,
FRIENDS OF COLORADO HOSPITALS (F/K/A HOSPITALS EXPRESS LEGISLATIVE PREFERENCE),Political Committee,450.0,2025-12-19 00:00:00,Bridges For Colorado Treasurer,Redacted By Sos,CO,99999,Contributions,
FRIENDS OF JUNIE JOSEPH LEADERSHIP FUND,Political Committee,200.25,2025-12-19 00:00:00,Bob 4 Colorado,Highlands Ranch,CO,80126,Contributions,
FRIENDS OF JUNIE JOSEPH LEADERSHIP FUND,Political Committee,25.0,2025-12-19 00:00:00,Rein For Colorado,Littleton,CO,80162,Contributions,
HARTSOOK LEADERSHIP PAC,Political Committee,450.0,2025-12-19 00:00:00,Ava For Colorado,Redacted By Sos,CO,99999,Other,8200 ∑ Candidate Support
KAREN FOR CO LEADERSHIP PAC,Political Committee,225.0,2025-12-19 00:00:00,Friends Of Jacque Phillips,Redacted By Sos,CO,99999,Contributions,
LIBERTARIAN PARTY OF COLORADO (LPCO),Political Party Committee,1.05,2025-12-19 00:00:00,Stripe.Com,South San Francisco,CA,94080,Bank Fees,
LIBERTARIAN PARTY OF COLORADO (LPCO),Political Party Committee,1.05,2025-12-19 00:00:00,Stripe.Com,South San Francisco,CA,94080,Bank Fees,
LIBERTARIAN PARTY OF COLORADO (LPCO),Political Party Committee,1.14,2025-12-19 00:00:00,Stripe.Com,New Orleans,LA,70112,Bank Fees,
MANNY RUTINEL LEADERSHIP FUND,Political Committee,73.59,2025-12-19 00:00:00,Adobe,San Jose,CA,95110,Office Equipment & Supplies,Software
MEGHAN LUKENS FOR CO LEADERSHIP PAC,Political Committee,450.0,2025-12-19 00:00:00,Tisha Mauro,Pueblo,CO,81006,Contributions,
ORALE FUND,Political Committee,450.0,2025-12-19 00:00:00,Janice Marchman For Colorado,Loveland,CO,80538,Contributions,
SHEILA FOR COLORADO LEADERSHIP FUND,Political Committee,500.0,2025-12-19 00:00:00,Nick  Buttrey,Denver,CO,80203,Consultant & Professional Services,Field Consulting
THE COLEMAN LEADERSHIP FUND,Political Committee,83.5,2025-12-19 00:00:00,Parkwell North Creek Parking,Denver,CO,80206,Other,Parking
GREEN PARTY OF COLORADO,Political Party Committee,0.58,2025-12-20 00:00:00,Paypal,San Jose,CA,95131,Bank Fees,
LIBERTARIAN PARTY OF COLORADO (LPCO),Political Party Committee,1.03,2025-12-20 00:00:00,Stripe.Com,South San Francisco,CA,94080,Bank Fees,
LIBERTARIAN PARTY OF COLORADO (LPCO),Political Party Committee,1.03,2025-12-20 00:00:00,Stripe.Com,South San Francisco,CA,94080,Bank Fees,
LIBERTARIAN PARTY OF COLORADO (LPCO),Political Party Committee,1.03,2025-12-20 00:00:00,Stripe.Com,South San Francisco,CA,94080,Bank Fees,
LIBERTARIAN PARTY OF COLORADO (LPCO),Political Party Committee,1.03,2025-12-20 00:00:00,Stripe.Com,South San Francisco,CA,94080,Bank Fees,
LIBERTARIAN PARTY OF COLORADO (LPCO),Political Party Committee,1.05,2025-12-20 00:00:00,Stripe.Com,South San Francisco,CA,94080,Bank Fees,
LIBERTARIAN PARTY OF COLORADO (LPCO),Political Party Committee,1.05,2025-12-20 00:00:00,Stripe.Com,South San Francisco,CA,94080,Bank Fees,
LIBERTARIAN PARTY OF COLORADO (LPCO),Political Party Committee,1.3,2025-12-20 00:00:00,Stripe.Com,New Orleans,LA,70112,Bank Fees,
LIBERTARIAN PARTY OF COLORADO (LPCO),Political Party Committee,2.3,2025-12-20 00:00:00,Stripe.Com,New Orleans,LA,70112,Bank Fees,
NABIP COLORADO POLITICAL ACTION COMMITTEE,Political Committee,1.07,2025-12-20 00:00:00,Paypal,San Jose,CA,95131,Bank Fees,
REBEKAHPAC (REBEKAH STEWART FOR COLORADO),Political Committee,100.0,2025-12-20 00:00:00,Gena Ozols For Hd3,Redacted By Sos,CO,99999,Contributions,
ACCESS TO PEDIATRIC BEHAVIORAL THERAPY FOR COLORADO CHILDREN,Political Committee,0.99,2025-12-21 00:00:00,Actblue Technical Serivces,Boston,MA,02196,Fundraising Expenses,
CAMACHO LEADERSHIP FUND,Political Committee,450.0,2025-12-21 00:00:00,Cecelia4Colorado,Denver,CO,80212,Contributions,
CAMACHO LEADERSHIP FUND,Political Committee,450.0,2025-12-21 00:00:00,Dylan Roberts For Colorado,Redacted By Sos,CO,99999,Contributions,
CAMACHO LEADERSHIP FUND,Political Committee,450.0,2025-12-21 00:00:00,Tisha Mauro,Pueblo,CO,81006,Contributions,
CAMACHO LEADERSHIP FUND,Political Committee,450.0,2025-12-21 00:00:00,Kyle Mullica For Sd 24,Thornton,CO,80602,Contributions,
CAMACHO LEADERSHIP FUND,Political Committee,450.0,2025-12-21 00:00:00,Lesley For Colorado,Redacted By Sos,CO,99999,Contributions,
CAMACHO LEADERSHIP FUND,Political Committee,450.0,2025-12-21 00:00:00,Meghan Lukens For Colorado,Redacted By Sos,CO,99999,Contributions,
COLORADO STATE REPRESENTATIVE DISTRICT 30 REPUBLICAN CENTRAL COMMITTEE,Political Party Committee,35.52,2025-12-21 00:00:00,Anedot,New Orleans,LA,70112,Other,Fee For On-Line Electronic Payment System
COLORADO WORKING FAMILIES PARTY SMALL DONOR COMMITTEE,Small Donor Committee,0.08,2025-12-21 00:00:00,Actblue Technical Services,Somerville,MA,02144,Fundraising Expenses,Fee
CREATING LEADERS PAC,Political Committee,0.99,2025-12-21 00:00:00,Act Blue Inc.,Somerville,MA,02144,Bank Fees,
JESSIE DANIELSON PAC,Political Committee,28.64,2025-12-21 00:00:00,Actblue Technical Services,Somerville,MA,02144,Bank Fees,
LESLIE HEROD'S BOLDLY FORWARD PAC,Political Committee,0.36,2025-12-21 00:00:00,Act Blue,Somerville,MA,02144,Fundraising Expenses,
LIBERTARIAN PARTY OF COLORADO (LPCO),Political Party Committee,1.03,2025-12-21 00:00:00,Stripe.Com,South San Francisco,CA,94080,Bank Fees,
LIBERTARIAN PARTY OF COLORADO (LPCO),Political Party Committee,1.03,2025-12-21 00:00:00,Stripe.Com,South San Francisco,CA,94080,Bank Fees,
LIBERTARIAN PARTY OF COLORADO (LPCO),Political Party Committee,1.03,2025-12-21 00:00:00,Stripe.Com,South San Francisco,CA,94080,Bank Fees,
LIBERTARIAN PARTY OF COLORADO (LPCO),Political Party Committee,1.03,2025-12-21 00:00:00,Stripe.Com,South San Francisco,CA,94080,Bank Fees,
LIBERTARIAN PARTY OF COLORADO (LPCO),Political Party Committee,1.05,2025-12-21 00:00:00,Stripe.Com,South San Francisco,CA,94080,Bank Fees,
LIBERTARIAN PARTY OF COLORADO (LPCO),Political Party Committee,1.03,2025-12-21 00:00:00,Stripe.Com,South San Francisco,CA,94080,Bank Fees,
LIBERTARIAN PARTY OF COLORADO (LPCO),Political Party Committee,1.3,2025-12-21 00:00:00,Stripe.Com,New Orleans,LA,70112,Bank Fees,
MONICA PAC,Political Committee,0.2,2025-12-21 00:00:00,Actblue,West Somerville,MA,02144,Fundraising Expenses,
NABIP COLORADO POLITICAL ACTION COMMITTEE,Political Committee,6.92,2025-12-21 00:00:00,Quickbooks Payments,Woodland Hills,CA,91367,Bank Fees,
PUTTING COLORADO FIRST,Political Committee,450.0,2025-12-21 00:00:00,Ava For Colorado,Redacted By Sos,CO,99999,Other,8100 ∑ Candidate Support
ANDREW FOR COLORADO LEADERSHIP FUND,Political Committee,200.0,2025-12-22 00:00:00,Alexis For Colorado,Redacted By Sos,CO,99999,Contributions,
ANDREW FOR COLORADO LEADERSHIP FUND,Political Committee,200.0,2025-12-22 00:00:00,Jamie For Colorado,Aurora,CO,80014,Contributions,
AURORA FIRE FIGHTERS LOCAL #1290 SMALL DONOR COMMITTEE,Small Donor Committee,6000.0,2025-12-22 00:00:00,Chris For Colorado,Commerce City,CO,80022,Contributions,
CAMACHO LEADERSHIP FUND,Political Committee,450.0,2025-12-22 00:00:00,Heidi Henkel For Colorado,Broomfield,CO,80023,Contributions,
COLORADO ACADEMY OF FAMILY PHYSICIANS SMALL DONOR COMMITTEE,Small Donor Committee,400.0,2025-12-22 00:00:00,,,,,Contributions,Karen For Co
COLORADO AMERICAN FEDERATION OF LABOR & CONGRESS OF INDUSTRIAL ORGANIZATIONS NONPARTISAN SMALL DONOR,Small Donor Committee,725.0,2025-12-22 00:00:00,Friends Of Junie Joseph Leadership Fund,Boulder,CO,80303,Contributions,2025 Pac Contribution
COMMITTEE FOR THE AMERICAN DREAM,Political Committee,450.0,2025-12-22 00:00:00,Chris For Colorado,Commerce City,CO,80022,Contributions,
COMMITTEE FOR THE AMERICAN DREAM,Political Committee,450.0,2025-12-22 00:00:00,Ava For Colorado,Redacted By Sos,CO,99999,Contributions,
COMMITTEE FOR THE AMERICAN DREAM,Political Committee,450.0,2025-12-22 00:00:00,Elect Nina,Grand Junction,CO,81504,Contributions,
COMMITTEE FOR THE AMERICAN DREAM,Political Committee,450.0,2025-12-22 00:00:00,Carver For Colorado,Redacted By Sos,CO,99999,Contributions,
COMMITTEE FOR THE AMERICAN DREAM,Political Committee,450.0,2025-12-22 00:00:00,Gray For Hd 60,Pueblo West,CO,81007,Contributions,
COMMITTEE FOR THE AMERICAN DREAM,Political Committee,450.0,2025-12-22 00:00:00,To Elect Michael Carter To Colorado State House District 36,Redacted By Sos,CO,99999,Contributions,
COMMITTEE FOR THE AMERICAN DREAM,Political Committee,450.0,2025-12-22 00:00:00,Friends Of Jacque Phillips,Redacted By Sos,CO,99999,Contributions,
COPIC SMALL DONOR COMMITTEE,Small Donor Committee,2000.0,2025-12-22 00:00:00,Woodward For Colorado,Redacted By Sos,CO,99999,Contributions,Misc Campaign Contribution
FENBERG LEADERSHIP FUND,Political Committee,27.42,2025-12-22 00:00:00,Mailchimp,Atlanta,GA,30308,Office Equipment & Supplies,Email Software
HOMES FOR ALL COLORADOANS COMMITTEE,Small Donor Committee,1000.0,2025-12-22 00:00:00,Carver For Colorado,Redacted By Sos,CO,99999,Contributions,
HOMES FOR ALL COLORADOANS COMMITTEE,Small Donor Committee,1000.0,2025-12-22 00:00:00,Carrera For Colorado,Redacted By Sos,CO,99999,Contributions,
HOMES FOR ALL COLORADOANS COMMITTEE,Small Donor Committee,1000.0,2025-12-22 00:00:00,Ava For Colorado,Redacted By Sos,CO,99999,Contributions,
HOMES FOR ALL COLORADOANS COMMITTEE,Small Donor Committee,1000.0,2025-12-22 00:00:00,Karen For Co,Redacted By Sos,CO,99999,Contributions,
HOMES FOR ALL COLORADOANS COMMITTEE,Small Donor Committee,-1000.0,2025-12-22 00:00:00,Karen For Co,Redacted By Sos,CO,99999,Contributions,Offset Due To Update Of Filed Item
HOMES FOR ALL COLORADOANS COMMITTEE,Small Donor Committee,500.0,2025-12-22 00:00:00,Karen For Co,Redacted By Sos,CO,99999,Contributions,
JUDY AMABILE LEADERSHIP FUND,Political Committee,450.0,2025-12-22 00:00:00,Kyle Mullica For Sd 24,Thornton,CO,80602,Contributions,
JUDY AMABILE LEADERSHIP FUND,Political Committee,450.0,2025-12-22 00:00:00,Committee To Elect Katie Stewart,Redacted By Sos,CO,99999,Contributions,
JUDY AMABILE LEADERSHIP FUND,Political Committee,450.0,2025-12-22 00:00:00,Jack For Rtd,Louisville,CO,80027,Contributions,
JUDY AMABILE LEADERSHIP FUND,Political Committee,450.0,2025-12-22 00:00:00,Carrera For Colorado,Redacted By Sos,CO,99999,Contributions,
LIBERTARIAN PARTY OF COLORADO (LPCO),Political Party Committee,1.05,2025-12-22 00:00:00,Stripe.Com,South San Francisco,CA,94080,Bank Fees,
LIBERTARIAN PARTY OF COLORADO (LPCO),Political Party Committee,1.03,2025-12-22 00:00:00,Stripe.Com,South San Francisco,CA,94080,Bank Fees,
LIBERTARIAN PARTY OF COLORADO (LPCO),Political Party Committee,1.03,2025-12-22 00:00:00,Stripe.Com,South San Francisco,CA,94080,Bank Fees,
LIBERTARIAN PARTY OF COLORADO (LPCO),Political Party Committee,1.03,2025-12-22 00:00:00,Stripe.Com,South San Francisco,CA,94080,Bank Fees,
LIBERTARIAN PARTY OF COLORADO (LPCO),Political Party Committee,1.3,2025-12-22 00:00:00,Stripe.Com,New Orleans,LA,70112,Bank Fees,
LIBERTARIAN PARTY OF COLORADO (LPCO),Political Party Committee,4.3,2025-12-22 00:00:00,Stripe.Com,New Orleans,LA,70112,Bank Fees,
LIBERTARIAN PARTY OF COLORADO (LPCO),Political Party Committee,1.3,2025-12-22 00:00:00,Stripe.Com,New Orleans,LA,70112,Bank Fees,
MEGHAN LUKENS FOR CO LEADERSHIP PAC,Political Committee,450.0,2025-12-22 00:00:00,Karen For Co,Redacted By Sos,CO,99999,Contributions,
MONICA PAC,Political Committee,450.0,2025-12-22 00:00:00,Dylan Roberts For Colorado,Redacted By Sos,CO,99999,Contributions,
ROBERTS LEADERSHIP FUND,Political Committee,450.0,2025-12-22 00:00:00,Tisha Mauro,Pueblo,CO,81006,Contributions,
ROBERTS LEADERSHIP FUND,Political Committee,450.0,2025-12-22 00:00:00,Lesley For Colorado,Redacted By Sos,CO,99999,Contributions,
ROBERTS LEADERSHIP FUND,Political Committee,450.0,2025-12-22 00:00:00,Cecelia4Colorado,Denver,CO,80212,Contributions,
ROBERTS LEADERSHIP FUND,Political Committee,450.0,2025-12-22 00:00:00,Elizabeth For Colorado,Redacted By Sos,CO,99999,Contributions,
ROBERTS LEADERSHIP FUND,Political Committee,450.0,2025-12-22 00:00:00,Friends Of Matthew Martinez,Monte Vista,CO,81144,Contributions,
ROBERTS LEADERSHIP FUND,Political Committee,450.0,2025-12-22 00:00:00,To Elect Michael Carter To Colorado State House District 36,Redacted By Sos,CO,99999,Contributions,
ROBERTS LEADERSHIP FUND,Political Committee,450.0,2025-12-22 00:00:00,Lori For Colorado,Westminster,CO,80031,Contributions,
ROBERTS LEADERSHIP FUND,Political Committee,450.0,2025-12-22 00:00:00,Chris For Colorado,Commerce City,CO,80022,Contributions,
ROBERTS LEADERSHIP FUND,Political Committee,450.0,2025-12-22 00:00:00,Dafna Michaelson Jenet For Sd21,Commerce City,CO,80022,Contributions,
ROBERTS LEADERSHIP FUND,Political Committee,450.0,2025-12-22 00:00:00,Rein For Colorado,Littleton,CO,80162,Contributions,
ROBERTS LEADERSHIP FUND,Political Committee,450.0,2025-12-22 00:00:00,Iman For Colorado,Aurora,CO,80012,Contributions,
ROBERTS LEADERSHIP FUND,Political Committee,450.0,2025-12-22 00:00:00,Cutter For Jeffco,Redacted By Sos,CO,99999,Contributions,
RYDIN WITH GRETCHEN,Political Committee,400.0,2025-12-22 00:00:00,Jessie  Danielson,Wheatridge,CO,80034,Donation for Independent Expenditures,
THE MURSE PAC,Political Committee,500.0,2025-12-22 00:00:00,Shannon Bird For Congress,Westminster,CO,80035,Contributions,
VALDEZ FOR COLORADO RAINBOW FUND,Political Committee,77.81,2025-12-22 00:00:00,Mailchimp,Atlanta,GA,30308,Office Equipment & Supplies,
GRISWOLD LEADERSHIP PAC,Political Committee,28.64,2025-12-23 00:00:00,Actblue,West Somerville,MA,02144-0031,Fundraising Expenses,
LIBERTARIAN PARTY OF COLORADO (LPCO),Political Party Committee,1.03,2025-12-23 00:00:00,Stripe.Com,South San Francisco,CA,94080,Bank Fees,
LIBERTARIAN PARTY OF COLORADO (LPCO),Political Party Committee,1.05,2025-12-23 00:00:00,Stripe.Com,South San Francisco,CA,94080,Bank Fees,
LIBERTARIAN PARTY OF COLORADO (LPCO),Political Party Committee,1.03,2025-12-23 00:00:00,Stripe.Com,South San Francisco,CA,94080,Bank Fees,
LIBERTARIAN PARTY OF COLORADO (LPCO),Political Party Committee,1.03,2025-12-23 00:00:00,Stripe.Com,South San Francisco,CA,94080,Bank Fees,
LIBERTARIAN PARTY OF COLORADO (LPCO),Political Party Committee,0.88,2025-12-23 00:00:00,Stripe.Com,South San Francisco,CA,94080,Bank Fees,
LIBERTARIAN PARTY OF COLORADO (LPCO),Political Party Committee,1.3,2025-12-23 00:00:00,Stripe.Com,New Orleans,LA,70112,Bank Fees,
SNYDER FOR COLORADO LEADERSHIP FUND,Political Committee,450.0,2025-12-23 00:00:00,Karen For Co,Redacted By Sos,CO,99999,Contributions,
SNYDER FOR COLORADO LEADERSHIP FUND,Political Committee,450.0,2025-12-23 00:00:00,To Elect Michael Carter To Colorado State House District 36,Redacted By Sos,CO,99999,Contributions,
SNYDER FOR COLORADO LEADERSHIP FUND,Political Committee,450.0,2025-12-23 00:00:00,Friends Of Jacque Phillips,Redacted By Sos,CO,99999,Contributions,
THE COLEMAN LEADERSHIP FUND,Political Committee,3125.0,2025-12-23 00:00:00,Cornerstone Legacy Ventures Llc,Denver,CO,80203,Other,Compensation
VALDEZ FOR COLORADO RAINBOW FUND,Political Committee,21.03,2025-12-23 00:00:00,Zoho,Pleasantville,CA,94588,Office Equipment & Supplies,
YARA LEADERSHIP FUND,Political Committee,500.0,2025-12-23 00:00:00,Seligman For Ag,Redacted By Sos,CO,99999,Contributions,
BIPAC (BLACK INDIGENOUS LEADERSHIP PAC),Political Committee,450.0,2025-12-24 00:00:00,To Elect Michael Carter To Colorado State House District 36,Redacted By Sos,CO,99999,Contributions,
COLORADO CENTER PARTY CENTRAL COMMITTEE,Political Party Committee,2.08,2025-12-24 00:00:00,Google Ads,Mountain View,CA,94043,Miscellaneous,
CPA 1904 SMALL DONOR COMMITTEE,Small Donor Committee,25.0,2025-12-24 00:00:00,Colorado Secretary Of State,Denver,CO,80290,Miscellaneous,Annual Business Filing
GREEN PARTY OF COLORADO,Political Party Committee,22.77,2025-12-24 00:00:00,Godaddy Inc,Tempe,AZ,85281,Office Equipment & Supplies,
LIBERTARIAN PARTY OF COLORADO (LPCO),Political Party Committee,1.05,2025-12-24 00:00:00,Stripe.Com,South San Francisco,CA,94080,Bank Fees,
LIBERTARIAN PARTY OF COLORADO (LPCO),Political Party Committee,1.05,2025-12-24 00:00:00,Stripe.Com,South San Francisco,CA,94080,Bank Fees,
LIBERTARIAN PARTY OF COLORADO (LPCO),Political Party Committee,1.03,2025-12-24 00:00:00,Stripe.Com,South San Francisco,CA,94080,Bank Fees,
LIBERTARIAN PARTY OF COLORADO (LPCO),Political Party Committee,1.03,2025-12-24 00:00:00,Stripe.Com,South San Francisco,CA,94080,Bank Fees,
LIBERTARIAN PARTY OF COLORADO (LPCO),Political Party Committee,1.03,2025-12-24 00:00:00,Stripe.Com,South San Francisco,CA,94080,Bank Fees,
LIBERTARIAN PARTY OF COLORADO (LPCO),Political Party Committee,1.03,2025-12-24 00:00:00,Stripe.Com,South San Francisco,CA,94080,Bank Fees,
LIBERTARIAN PARTY OF COLORADO (LPCO),Political Party Committee,1.3,2025-12-24 00:00:00,Stripe.Com,New Orleans,LA,70112,Bank Fees,
MANNY RUTINEL LEADERSHIP FUND,Political Committee,21.9,2025-12-24 00:00:00,First Bank,Commerce City,CO,80022,Bank Fees,Bank Fees
SHEILA FOR COLORADO LEADERSHIP FUND,Political Committee,19.99,2025-12-24 00:00:00,Adobe,San Jose,CA,95110,Office Equipment & Supplies,Adobe Subscription
LIBERTARIAN PARTY OF COLORADO (LPCO),Political Party Committee,0.6,2025-12-25 00:00:00,Stripe.Com,South San Francisco,CA,94080,Bank Fees,
6512 LEADERSHIP FUND,Political Committee,500.0,2025-12-26 00:00:00,Maggie  Mixer,Denver,CO,80218,Consultant & Professional Services,
COLORADO STATE REPRESENTATIVE DISTRICT 30 REPUBLICAN CENTRAL COMMITTEE,Political Party Committee,87.74,2025-12-26 00:00:00,Anedot,New Orleans,LA,70112,Other,Fee For On-Line Electronic Payment System
FENBERG LEADERSHIP FUND,Political Committee,137.1,2025-12-26 00:00:00,Mailchimp,Atlanta,GA,30308,Other,Email Software
LEE - COLORADO PAC,Political Committee,36.3,2025-12-26 00:00:00,Democracy Engine,Washington,DC,20009,Bank Fees,Credit Card Processing Fees/Electronic Debit
LIBERTARIAN PARTY OF COLORADO (LPCO),Political Party Committee,1.03,2025-12-26 00:00:00,Stripe.Com,South San Francisco,CA,94080,Bank Fees,
LIBERTARIAN PARTY OF COLORADO (LPCO),Political Party Committee,1.05,2025-12-26 00:00:00,Stripe.Com,South San Francisco,CA,94080,Bank Fees,
LIBERTARIAN PARTY OF COLORADO (LPCO),Political Party Committee,0.59,2025-12-26 00:00:00,Stripe.Com,South San Francisco,CA,94080,Bank Fees,
LIBERTARIAN PARTY OF COLORADO (LPCO),Political Party Committee,1.3,2025-12-26 00:00:00,Stripe.Com,New Orleans,LA,70112,Bank Fees,
LIBERTARIAN PARTY OF COLORADO (LPCO),Political Party Committee,4.3,2025-12-26 00:00:00,Stripe.Com,New Orleans,LA,70112,Bank Fees,
ADVANCED ENERGY ACTION,Political Committee,26.0,2025-12-27 00:00:00,Amalgamated Bank,Washington,DC,20006,Bank Fees,Bank Fees
COLORADANS FOR WESTERN VALUES LEADERSHIP PAC,Political Committee,450.0,2025-12-27 00:00:00,Ava For Colorado,Redacted By Sos,CO,99999,Contributions,
COLORADANS FOR WESTERN VALUES LEADERSHIP PAC,Political Committee,450.0,2025-12-27 00:00:00,Elect Jill Haffley,Colorado Springs,CO,80909,Contributions,
LIBERTARIAN PARTY OF COLORADO (LPCO),Political Party Committee,1.05,2025-12-27 00:00:00,Stripe.Com,South San Francisco,CA,94080,Bank Fees,
COLORADO WORKING FAMILIES PARTY SMALL DONOR COMMITTEE,Small Donor Committee,0.17,2025-12-28 00:00:00,Actblue Technical Services,Somerville,MA,02144,Fundraising Expenses,Fee
JAVIER'S ECONOMIC JUSTICE FUND,Political Committee,2.0,2025-12-28 00:00:00,First Bank,Lakewood,CO,80235,Bank Fees,
LESLIE HEROD'S BOLDLY FORWARD PAC,Political Committee,0.2,2025-12-28 00:00:00,Act Blue,Somerville,MA,02144,Fundraising Expenses,
LIBERTARIAN PARTY OF COLORADO (LPCO),Political Party Committee,1.3,2025-12-28 00:00:00,Stripe.Com,New Orleans,LA,70112,Bank Fees,
MANNY RUTINEL LEADERSHIP FUND,Political Committee,4.95,2025-12-28 00:00:00,Actblue Technical Services,Somerville,MA,02144,Fundraising Expenses,Payment Processing Fee
COLORADO STATE REPRESENTATIVE DISTRICT 30 REPUBLICAN CENTRAL COMMITTEE,Political Party Committee,25.75,2025-12-29 00:00:00,Squarespace Inc,New York,NY,10014,Other,Squarespace Monthly Fee
DEMOCRATIC WOMEN OF BOULDER COUNTY-SMALL DONOR COMMITTEE (DWBC-SDC),Small Donor Committee,250.0,2025-12-29 00:00:00,Brittany Pettersen For Colorado,Lakewood,CO,80215,Contributions,
DEMOCRATIC WOMEN OF BOULDER COUNTY-SMALL DONOR COMMITTEE (DWBC-SDC),Small Donor Committee,250.0,2025-12-29 00:00:00,Jason Crow For Congress,Greenwood Village,CO,80112,Contributions,
KAREN FOR CO LEADERSHIP PAC,Political Committee,450.0,2025-12-29 00:00:00,Dylan Roberts For Colorado,Redacted By Sos,CO,99999,Contributions,
KAREN FOR CO LEADERSHIP PAC,Political Committee,150.0,2025-12-29 00:00:00,Jack For Rtd,Louisville,CO,80027,Contributions,
LIBERTARIAN PARTY OF COLORADO (LPCO),Political Party Committee,1.03,2025-12-29 00:00:00,Stripe.Com,South San Francisco,CA,94080,Bank Fees,
MONICA PAC,Political Committee,450.0,2025-12-29 00:00:00,Jillaire For Hd19,Redacted By Sos,CO,99999,Contributions,
RISING TIDES PAC,Political Committee,1450.0,2025-12-29 00:00:00,Kirkmeyer For Colorado,Brighton,CO,80603,Contributions,
SNYDER FOR COLORADO LEADERSHIP FUND,Political Committee,450.0,2025-12-29 00:00:00,Committee To Elect Marc Snyder,Manitou Springs,CO,80829,Contributions,
TEAMSTERS LOCAL UNION NO. 455 SMALL DONOR FUND,Small Donor Committee,3750.0,2025-12-29 00:00:00,Jena For Colorado,Redacted By Sos,CO,99999,Contributions,2026 Attorney General Election
THE PASCHAL PAC,Political Committee,450.0,2025-12-29 00:00:00,Committee To Elect Amy Paschal,Redacted By Sos,CO,99999,Contributions,
THE PASCHAL PAC,Political Committee,450.0,2025-12-29 00:00:00,Pierson For Colorado,Colorado Springs,CO,80923,Contributions,
THE PASCHAL PAC,Political Committee,450.0,2025-12-29 00:00:00,Yolanda L Avila For All,Colorado Springs,CO,80910,Contributions,
THE PASCHAL PAC,Political Committee,450.0,2025-12-29 00:00:00,Elect Thomas Tony Exum,Redacted By Sos,CO,99999,Contributions,
THE PASCHAL PAC,Political Committee,450.0,2025-12-29 00:00:00,Committee To Elect Stephanie Vigil,Redacted By Sos,CO,99999,Contributions,
WEISSMAN LEADERSHIP FUND,Political Committee,350.0,2025-12-29 00:00:00,Colorado Democratic Party,Denver,CO,80203,Contributions,
BLACK JACK PAC,Political Committee,400.0,2025-12-30 00:00:00,Lori For Colorado,Westminster,CO,80031,Contributions,
CATHY KIPP FOR COLORADO LEADERSHIP FUND,Political Committee,450.0,2025-12-30 00:00:00,Janice M Marchman,Loveland,CO,80538,Contributions,Campaign Contribution
COLORADO DENTAL HYGIENISTS PAC,Political Committee,15.0,2025-12-30 00:00:00,Jpmorgan Chase Bank,Columbus,OH,43218-2051,Bank Fees,
COLORADO SKI COUNTRY USA PAC,Political Committee,5.0,2025-12-30 00:00:00,,,,,Bank Fees,Bank Service Charge
COLORADO SOCIETY OF ANESTHESIOLOGISTS SMALL DONOR COMMITTEE,Small Donor Committee,2.24,2025-12-30 00:00:00,,,,,Bank Fees,Paypal Fee
DLCC COLORADO (DEMOCRATIC LEGISLATIVE CAMPAIGN COMMITTEE COLORADO),Small Donor Committee,14.0,2025-12-30 00:00:00,Amalgamated Bank,New York,NY,10001,Bank Fees,Bank Fee
EMILY'S LIST COLORADO SMALL DONOR COMMITTEE,Small Donor Committee,90.89,2025-12-30 00:00:00,Amalgamated Bank,Washington,DC,20006,Bank Fees,Bank Fee
FARMERS UNION RURAL PAC,Political Committee,200.0,2025-12-30 00:00:00,Brianna For Treasurer,Redacted By Sos,CO,99999,Contributions,
FRIENDS OF JUNIE JOSEPH LEADERSHIP FUND,Political Committee,5.13,2025-12-30 00:00:00,Actblue,Sommerville,MA,02144-3132,Bank Fees,Actblue Payments Between 10/24/2025-12/30/2025
JANE FONDA CLIMATE PAC,Small Donor Committee,5000.0,2025-12-30 00:00:00,Jena For Colorado,Redacted By Sos,CO,99999,Contributions,Contribution
LIBERTARIAN PARTY OF COLORADO (LPCO),Political Party Committee,0.93,2025-12-30 00:00:00,Amazon Web Services,410 Terry Avenue North,WA,98109,Office Equipment & Supplies,
LINDSEY FOR COLORADO LEADERSHIP FUND,Political Committee,450.0,2025-12-30 00:00:00,Dylan Roberts For Colorado,Redacted By Sos,CO,99999,Contributions,
MANNY RUTINEL LEADERSHIP FUND,Political Committee,450.0,2025-12-30 00:00:00,Gabriel For Colorado,Eastlake,CO,80614,Contributions,Contribution
MANNY RUTINEL LEADERSHIP FUND,Political Committee,500.0,2025-12-30 00:00:00,Tyler Quick For Adams County,Westminster,CO,80030,Contributions,Contribution
MONICA PAC,Political Committee,200.0,2025-12-30 00:00:00,Jessie Danielson For Colorado,Wheat Ridge,CO,80033,Contributions,
MONICA PAC,Political Committee,200.0,2025-12-30 00:00:00,Jena For Colorado,Redacted By Sos,CO,99999,Contributions,
MONICA PAC,Political Committee,200.0,2025-12-30 00:00:00,Bennet For Governor,Superior,CO,80027,Contributions,
PAC (POLITICAL ACTION COMMITTEE) TO THE FUTURE,Political Committee,100.0,2025-12-30 00:00:00,Lesley For Colorado,Redacted By Sos,CO,99999,Contributions,
PAC (POLITICAL ACTION COMMITTEE) TO THE FUTURE,Political Committee,100.0,2025-12-30 00:00:00,Brianna For Treasurer,Redacted By Sos,CO,99999,Contributions,
PAC (POLITICAL ACTION COMMITTEE) TO THE FUTURE,Political Committee,100.0,2025-12-30 00:00:00,Friends Of Junie Joseph,Boulder,CO,80303,Contributions,
PAC (POLITICAL ACTION COMMITTEE) TO THE FUTURE,Political Committee,100.0,2025-12-30 00:00:00,Monica For Colorado,Redacted By Sos,CO,99999,Contributions,
REBEKAHPAC (REBEKAH STEWART FOR COLORADO),Political Committee,100.0,2025-12-30 00:00:00,Jena For Colorado,Redacted By Sos,CO,99999,Contributions,
REBEKAHPAC (REBEKAH STEWART FOR COLORADO),Political Committee,100.0,2025-12-30 00:00:00,Mandy For Colorado,Aurora,CO,80010,Contributions,
ROBERTS LEADERSHIP FUND,Political Committee,450.0,2025-12-30 00:00:00,Mandy For Colorado,Aurora,CO,80010,Contributions,
ROBERTS LEADERSHIP FUND,Political Committee,450.0,2025-12-30 00:00:00,Monica For Colorado,Redacted By Sos,CO,99999,Contributions,
ROBERTS LEADERSHIP FUND,Political Committee,450.0,2025-12-30 00:00:00,Kolker For Colorado,Centennial,CO,80122,Contributions,
ROCKY MOUNTAIN INSURANCE ASSOCIATION (RMIA) SDC,Small Donor Committee,750.0,2025-12-30 00:00:00,New Day Colorado Fund,Fort Lupton,CO,80621,Contributions,
ROCKY MOUNTAIN INSURANCE ASSOCIATION (RMIA) SDC,Small Donor Committee,750.0,2025-12-30 00:00:00,Senate Majority Fund,Denver,CO,80205,Contributions,
SNYDER FOR COLORADO LEADERSHIP FUND,Political Committee,200.0,2025-12-30 00:00:00,Shannon Bird For Congress,Westminster,CO,80035,Contributions,
VALDEZ FOR COLORADO RAINBOW FUND,Political Committee,2.0,2025-12-30 00:00:00,First Bank,Lakewood,CO,80215,Bank Fees,
WILLFORD LEADERSHIP FUND,Political Committee,1500.0,2025-12-30 00:00:00,House Majority Project (Fka) State Democratic House Campaign Fund,Denver,CO,80204,Contributions,
ADVANCED STATE LEADERS COMMITTEE,Political Committee,10.0,2025-12-31 00:00:00,Firstbank,Lakewood,CO,80215,Bank Fees,Inactivity Fee
AGRICULTURE PAC,Political Committee,2.0,2025-12-31 00:00:00,Firstbank North,Arvada,CO,80006,Other,7810 ∑ Service Charges
"AGRICULTURE STRONG, COLORADO UNITED",Small Donor Committee,10.0,2025-12-31 00:00:00,First Bank North,Brighton,CO,80601,Bank Fees,
ANDREW FOR COLORADO LEADERSHIP FUND,Political Committee,6.0,2025-12-31 00:00:00,,,,,Bank Fees,
ANDREW FOR COLORADO LEADERSHIP FUND,Political Committee,450.0,2025-12-31 00:00:00,Lindsey For Colorado,Arvada,CO,80004,Contributions,
ARCHITECTS OF COLORADO POLITICAL COMMITTEE (ARCPAC),Political Committee,19.79,2025-12-31 00:00:00,Square,San Francisco,CO,94130,Bank Fees,Combined Square Processing Fees For 10-1-25 Through 12-31-25 Contributions.
BACON FOR COLORADO LEADERSHIP FUND,Political Committee,235.42,2025-12-31 00:00:00,Actblue,Cambridge,MA,02138,Consultant & Professional Services,
BACON FOR COLORADO LEADERSHIP FUND,Political Committee,6.0,2025-12-31 00:00:00,,,,,Bank Fees,
BIPAC (BLACK INDIGENOUS LEADERSHIP PAC),Political Committee,36.98,2025-12-31 00:00:00,Actblue,Somerville,MA,02144,Fundraising Expenses,Actblue Fees
BUCKLE UP PAC,Political Committee,6.0,2025-12-31 00:00:00,Firstbank North,Arvada,CO,80003,Bank Fees,
CALDWELL LEADERSHIP PAC,Political Committee,8.0,2025-12-31 00:00:00,Firstbank,Brighton,CO,80601,Bank Fees,
CAMACHO LEADERSHIP FUND,Political Committee,3875.0,2025-12-31 00:00:00,Colorado House Majority Project,Denver,CO,80203,Contributions,
CATLIN PAC,Political Committee,12.0,2025-12-31 00:00:00,First Bank,Denver,CO,80203,Bank Fees,
CERTIFIED PUBLIC ACCOUNTANTS PAC,Political Committee,5.0,2025-12-31 00:00:00,,,,,Bank Fees,Bank Fee
CHINOOK POLITICAL COMMITTEE,Political Committee,122.0,2025-12-31 00:00:00,United States Postal Service - 81416,Delta,CO,81416,Other,1/2 Po Box Rental.
CHINOOK POLITICAL COMMITTEE,Political Committee,389.5,2025-12-31 00:00:00,Adobe,San Jose,CA,95110-2704,Office Equipment & Supplies,1/2 Adobe Software Suite
COANA PAC (COLORADO ASSOCIATION OF NURSE ANESTHETISTS POLITICAL ACTION COMMITTEE),Political Committee,200.0,2025-12-31 00:00:00,Mike Barlow-Roach For Colorado,Englewood,CO,80113,Contributions,
COLORADO ADVOCATES FOR RURAL ELECTRIFICATION,Political Committee,1432.48,2025-12-31 00:00:00,,,,,Other,Adjustment To Reconcile Tracer To Bank Account.  Letter To Follow
COLORADO COMMITTEE OF AUTO RETAILERS (COLO C.A.R.),Political Committee,3.0,2025-12-31 00:00:00,,,,,Bank Fees,Bank Fees
COLORADO INTELLECTUAL AND DEVELOPMENTAL DISABILITY ALLIANCE,Political Committee,400.0,2025-12-31 00:00:00,Rebekah Stewart For Colorado,Redacted By Sos,CO,99999,Contributions,2026 Campaign Donation
COLORADO PSYCHOLOGICAL ASSOCIATION,Political Committee,6.87,2025-12-31 00:00:00,Keybank National Association,Greenwood Village,CO,80111,Bank Fees,
COLORADO ROCK PAC,Political Committee,-250.0,2025-12-31 00:00:00,Friends Of Matthew Martinez,Monte Vista,CO,81144,Returned Expenditure,Check Was Never Cashed. Discovered At Ye Financials
COLORADO ROCK PAC,Political Committee,-100.0,2025-12-31 00:00:00,Committee To Elect Richardson For House District 56,Elizabeth,CO,80107,Returned Expenditure,Check Was Never Cashed. Discovered At Ye Financials
COLORADO STATE REPRESENTATIVE DISTRICT 30 REPUBLICAN CENTRAL COMMITTEE,Political Party Committee,32.59,2025-12-31 00:00:00,Anedot,New Orleans,LA,70112,Other,Fee For On-Line Electronic Payment System
COLORADO STRONG POLITICAL COMMITTEE,Political Committee,6.0,2025-12-31 00:00:00,Firstbank North,Arvada,CO,80006,Bank Fees,
COLORADO'S MOUNTAIN PAC,Political Committee,1901.73,2025-12-31 00:00:00,Colorado Conservative Victory Fund,Colorado Springs,CO,80920,Miscellaneous,Joint Fundraising Expenses
CONSERVATION COLORADO ACTION FUND (CCVAF),Political Committee,475.44,2025-12-31 00:00:00,Conservation Colorado,Denver,CO,80203,Employee Services,Staff Hours
EQUAL ACCESS FOR COLORADO AUTISM PATIENTS,Political Committee,2.0,2025-12-31 00:00:00,,,,,Bank Fees,
FAMILIES FOR RESPONSIBLE GOVERNMENT,Political Committee,6.0,2025-12-31 00:00:00,Firstbank,Brighton,CO,80601,Bank Fees,
FENBERG LEADERSHIP FUND,Political Committee,9.0,2025-12-31 00:00:00,First Bank,Lakewood,CO,80225,Bank Fees,Bank Fee
GREATER DOUGLAS COUNTY,Political Committee,5.0,2025-12-31 00:00:00,Banc Of California,Carlsbad,CA,92013,Bank Fees,Bank Fee
GRISWOLD LEADERSHIP PAC,Political Committee,150.0,2025-12-31 00:00:00,Colorado Democratic Party,Denver,CO,80203,Contributions,Young Democrats Initiatives
HOST-PAC (COLORADO RESTAURANT ASSOCIATION),Political Committee,766.14,2025-12-31 00:00:00,Colorado Restaurant Association,Denver,CO,80203,Office Equipment & Supplies,
JESSIE DANIELSON PAC,Political Committee,15.0,2025-12-31 00:00:00,,,,,Bank Fees,
KAREN FOR CO LEADERSHIP PAC,Political Committee,225.0,2025-12-31 00:00:00,Gena Ozols For Hd3,Redacted By Sos,CO,99999,Contributions,
KARL HANLON STATE PAC,Political Committee,700.0,2025-12-31 00:00:00,Garfield County Democratic Party,Glenwood Springs,CO,81601,Other,Donation To Garfield Dems
KARL HANLON STATE PAC,Political Committee,1950.32,2025-12-31 00:00:00,Clancy Consulting,Colorado Springs,CO,80910,Consultant & Professional Services,
LESLEY FOR COLORADO DATA FIRST FUND,Political Committee,19.75,2025-12-31 00:00:00,Actblue,Somerville,CA,02144,Fundraising Expenses,
LESLEY FOR COLORADO DATA FIRST FUND,Political Committee,450.0,2025-12-31 00:00:00,Dylan Roberts For Colorado,Redacted By Sos,CO,99999,Contributions,
LESLEY FOR COLORADO DATA FIRST FUND,Political Committee,225.0,2025-12-31 00:00:00,To Elect Michael Carter To Colorado State House District 36,Redacted By Sos,CO,99999,Contributions,
LINDSEY FOR COLORADO LEADERSHIP FUND,Political Committee,450.0,2025-12-31 00:00:00,Kyle Mullica For Sd 24,Thornton,CO,80602,Contributions,
LORENA FOR COLORADO LEADERSHIP FUND COMMITTEE,Political Committee,2.0,2025-12-31 00:00:00,First Bank,Denver,CO,80221,Bank Fees,
MAX PAC,Political Committee,2.0,2025-12-31 00:00:00,South State Bank,Castle Rock,CO,80104,Bank Fees,Statement Fee
MCKESSON CORPORATION EMPLOYEES POLITICAL FUND,Political Committee,-200.0,2025-12-31 00:00:00,Kyle Mullica For Sd 24,Thornton,CO,80602,Returned Expenditure,2026 Primary - Void Of 7/24/24 Contribution
MONICA PAC,Political Committee,125.0,2025-12-31 00:00:00,Colorado Democratic Party,Denver,CO,80203,Contributions,
MONICA PAC,Political Committee,2.0,2025-12-31 00:00:00,,,,,Bank Fees,
NAIOP COLORADO PAC,Political Committee,15.0,2025-12-31 00:00:00,1Stbank Of Denver,Denver,CO,80202,Bank Fees,
NAIOP COLORADO SMALL DONOR COMMITTEE,Small Donor Committee,15.0,2025-12-31 00:00:00,1Stbank Of Denver,Denver,CO,80202,Bank Fees,
NURSES FOR POLITCAL ACTION IN COLORADO (N-PAC),Political Committee,10.0,2025-12-31 00:00:00,Umb Bank,Denver,CO,80218,Bank Fees,
ORALE FUND,Political Committee,2.0,2025-12-31 00:00:00,Firstbank,Denver,CO,80203,Bank Fees,
PAC (POLITICAL ACTION COMMITTEE) TO THE FUTURE,Political Committee,2.0,2025-12-31 00:00:00,Firstbank,Lakewood,CO,80215,Bank Fees,
PROGRESSIVE VALUES SDC,Small Donor Committee,10.0,2025-12-31 00:00:00,First Bank,Denver,CO,80222,Bank Fees,Inactivity Fee
REALTOR CANDIDATE POLITICAL ACTION COMMITTEE (RCPAC) - FKA: COLORADO ASSOCIATION OF REALTORS PAC (CO,Political Committee,25.0,2025-12-31 00:00:00,Firstbank,Lakewood,CO,80215,Bank Fees,Bank Fee
REALTOR SMALL DONOR COMMITTEE (RSDC),Small Donor Committee,25.0,2025-12-31 00:00:00,Firstbank,Lakewood,CO,80215,Bank Fees,Bank Fee
REBEKAHPAC (REBEKAH STEWART FOR COLORADO),Political Committee,1000.0,2025-12-31 00:00:00,Colorado Democratic Party,Denver,CO,80203,Contributions,Hmp
RED WELD PAC,Political Committee,2.0,2025-12-31 00:00:00,Firstbank North,Brighton,CO,80601,Bank Fees,
ROBERTS LEADERSHIP FUND,Political Committee,6.0,2025-12-31 00:00:00,,,,,Bank Fees,
RYDIN WITH GRETCHEN,Political Committee,10.93,2025-12-31 00:00:00,Act Blue Ne,Summerville,MA,02144,Fundraising Expenses,Cost Of Donor Donations Through Act Blue
SHEILA FOR COLORADO LEADERSHIP FUND,Political Committee,2.0,2025-12-31 00:00:00,First Bank,Lakewood,CO,80232,Bank Fees,Bank Service Fees
SNYDER FOR COLORADO LEADERSHIP FUND,Political Committee,250.0,2025-12-31 00:00:00,Jena For Colorado,Redacted By Sos,CO,99999,Contributions,
SNYDER FOR COLORADO LEADERSHIP FUND,Political Committee,225.0,2025-12-31 00:00:00,Janice Marchman For Colorado,Loveland,CO,80538,Contributions,
SNYDER FOR COLORADO LEADERSHIP FUND,Political Committee,2.0,2025-12-31 00:00:00,First Bank,Lakewood,CO,80215,Bank Fees,
SONYA FOR DEMS (DEMOCRATS),Political Committee,50.0,2025-12-31 00:00:00,Rocky Mountain Equality Center,Boulder,CO,80301,Gifts,Donation
SPOKES PAC,Political Committee,4.0,2025-12-31 00:00:00,,,,,Bank Fees,
SULLY'S ACTION FUND,Small Donor Committee,6.0,2025-12-31 00:00:00,First Bank,Lakewood,CO,80215,Bank Fees,
SUNRISE SMALL DONOR COMMITTEE A/K/A SUNRISE SDC,Small Donor Committee,10.0,2025-12-31 00:00:00,First Bank,Lakewood,CO,80215,Bank Fees,Bank Fee
TAKE COLO BACK POLITICAL COMM,Political Committee,6.0,2025-12-31 00:00:00,First Bank,Brighton,CO,80601,Bank Fees,
THE COLEMAN LEADERSHIP FUND,Political Committee,4.0,2025-12-31 00:00:00,1St Bank,Denver,CO,80249,Bank Fees,
THE MURSE PAC,Political Committee,450.0,2025-12-31 00:00:00,Dylan Roberts For Colorado,Redacted By Sos,CO,99999,Contributions,
VELASCO LEADERSHIP FUND,Political Committee,3875.0,2025-12-31 00:00:00,Colorado Democratic Party,Denver,CO,80203,Contributions,
VOICES FOR CHOICE SMALL DONOR COMMITTEE,Small Donor Committee,-500.0,2025-12-31 00:00:00,Brianna For Colorado,Redacted By Sos,CO,99999,Returned Expenditure,"Contribution Never Received By Committee, Check Has Now Expired."
VOICES FOR CHOICE SMALL DONOR COMMITTEE,Small Donor Committee,-500.0,2025-12-31 00:00:00,Mary Young For Colorado,Greeley,CO,80631,Returned Expenditure,"Contribution Never Received By Committee, Check Has Now Expired."
VOICES FOR CHOICE SMALL DONOR COMMITTEE,Small Donor Committee,-500.0,2025-12-31 00:00:00,Tisha Mauro,Pueblo,CO,81006,Returned Expenditure,"Contribution Never Received By Committee, Check Has Now Expired."
VOICES FOR CHOICE SMALL DONOR COMMITTEE,Small Donor Committee,-500.0,2025-12-31 00:00:00,Monica Duran For State Rep.,Wheat Ridge,CO,80033,Returned Expenditure,"Contribution Never Received By Committee, Check Has Now Expired."
VOICES FOR CHOICE SMALL DONOR COMMITTEE,Small Donor Committee,2.0,2025-12-31 00:00:00,,,,,Bank Fees,Bank Fees
WALSH COLORADO LEADERSHIP FUND,Political Committee,137.0,2025-12-31 00:00:00,First Bank,Denver,CO,80215,Bank Fees,
WALSH CRIMINAL JUSTICE DONOR FUND,Small Donor Committee,338.66,2025-12-31 00:00:00,Firstbank,Lakewood,CO,80215,Bank Fees,
WE WIN LEADERSHIP PAC,Political Committee,151.71,2025-12-31 00:00:00,Actblue,Cambridge,MA,02138,Bank Fees,
WE WIN LEADERSHIP PAC,Political Committee,1500.0,2025-12-31 00:00:00,Colorado Democratic Party,Denver,CO,80203,Contributions,
WILEY WILL PAC,Political Committee,12.0,2025-12-31 00:00:00,First Bank,Denver,CO,80203,Bank Fees,
WOOG PAC,Political Committee,6.0,2025-12-31 00:00:00,First Bank North,Arvada,CO,80006,Bank Fees,
YARA LEADERSHIP FUND,Political Committee,115.55,2025-12-31 00:00:00,Actblue,Somerville,MA,02144,Fundraising Expenses,
YARA LEADERSHIP FUND,Political Committee,2.0,2025-12-31 00:00:00,Firstbank - Bank Fee,Lakewood,CO,80215,Bank Fees,
